A00405_539_HLLNCDSX3_4_2214_27434_30780_1_238_-_02586f3f6cd19c432ac8d02dc5b6f139,MEW6575432.1,94.937,79,4,0,1,237,8,86,4.05e-47,158,98.73,1,0
A00405_539_HLLNCDSX3_4_2214_27434_30780_1_238_-_02586f3f6cd19c432ac8d02dc5b6f139,WP_298603505.1,98.734,79,1,0,1,237,284,362,1.22e-45,162,98.73,1,0
A00405_539_HLLNCDSX3_4_2214_27434_30780_1_238_-_02586f3f6cd19c432ac8d02dc5b6f139,WP_425232019.1,75.949,79,19,0,1,237,284,362,1.13e-34,133,87.34,1,0
A00405_539_HLLNCDSX3_4_2214_27434_30780_1_238_-_02586f3f6cd19c432ac8d02dc5b6f139,MGH8335705.1,80.263,76,15,0,1,228,234,309,3.99e-34,129,86.84,1,0
A00405_539_HLLNCDSX3_4_2214_27434_30780_1_238_-_02586f3f6cd19c432ac8d02dc5b6f139,MFM6852787.1,76.623,77,18,0,1,231,233,309,4.86e-34,129,88.31,1,0
A00405_539_HLLNCDSX3_4_2214_27434_30780_1_238_-_02586f3f6cd19c432ac8d02dc5b6f139,MGB5076494.1,79.221,77,16,0,1,231,284,360,2.52e-33,128,85.71,1,0
A00405_539_HLLNCDSX3_4_2214_27434_30780_1_238_-_02586f3f6cd19c432ac8d02dc5b6f139,WP_482654957.1,76.623,77,18,0,1,231,284,360,3.08e-33,127,88.31,1,0
A00405_539_HLLNCDSX3_4_2214_27434_30780_1_238_-_02586f3f6cd19c432ac8d02dc5b6f139,MBJ7388533.1,75.325,77,19,0,1,231,58,134,5.04e-33,124,85.71,1,0
A00405_539_HLLNCDSX3_4_2214_27434_30780_1_238_-_02586f3f6cd19c432ac8d02dc5b6f139,WP_483003891.1,76.623,77,18,0,1,231,208,284,7.36e-33,127,88.31,1,0
A00405_539_HLLNCDSX3_4_2214_27434_30780_1_238_-_02586f3f6cd19c432ac8d02dc5b6f139,MEY3915219.1,75.325,77,19,0,1,231,99,175,8.65e-33,124,87.01,1,0
A00405_539_HLLNCDSX3_4_2214_27434_30780_1_238_-_02586f3f6cd19c432ac8d02dc5b6f139,MFZ1476419.1,72.727,77,21,0,1,231,165,241,1.33e-32,125,89.61,1,0
A00405_539_HLLNCDSX3_4_2214_27434_30780_1_238_-_02586f3f6cd19c432ac8d02dc5b6f139,WP_422250372.1,74.026,77,20,0,1,231,284,360,2.39e-32,127,89.61,1,0
A00405_539_HLLNCDSX3_4_2214_27434_30780_1_238_-_02586f3f6cd19c432ac8d02dc5b6f139,MEQ1540552.1,72.727,77,21,0,1,231,38,114,5.52e-32,120,84.42,1,0
A00405_539_HLLNCDSX3_4_2214_27434_30780_1_238_-_02586f3f6cd19c432ac8d02dc5b6f139,MID7898245.1,76.623,77,18,0,1,231,284,360,8.75e-32,125,85.71,1,0
A00405_539_HLLNCDSX3_4_2214_27434_30780_1_238_-_02586f3f6cd19c432ac8d02dc5b6f139,MEE9434497.1,72.727,77,21,0,1,231,284,360,1.44e-31,124,88.31,1,0
A00405_539_HLLNCDSX3_4_2214_27434_30780_1_238_-_02586f3f6cd19c432ac8d02dc5b6f139,WP_295443300.1,74.026,77,20,0,1,231,284,360,1.75e-31,124,87.01,1,0
A00405_539_HLLNCDSX3_4_2214_27434_30780_1_238_-_02586f3f6cd19c432ac8d02dc5b6f139,WP_160354371.1,76.623,77,18,0,1,231,284,360,2.05e-31,124,85.71,1,0
A00405_539_HLLNCDSX3_4_2214_27434_30780_1_238_-_02586f3f6cd19c432ac8d02dc5b6f139,MGL5837057.1,69.231,78,24,0,1,234,284,361,6.81e-30,120,83.33,1,0
A00405_539_HLLNCDSX3_4_2214_27434_30780_1_238_-_02586f3f6cd19c432ac8d02dc5b6f139,MHK3968160.1,65.823,79,27,0,1,237,42,120,1.85e-28,111,75.95,1,0
A00405_539_HLLNCDSX3_4_2214_27434_30780_1_238_-_02586f3f6cd19c432ac8d02dc5b6f139,MHS8107783.1,64.474,76,27,0,1,228,82,157,5.61e-28,111,81.58,1,0
A00405_539_HLLNCDSX3_4_2214_27434_30780_1_238_-_02586f3f6cd19c432ac8d02dc5b6f139,WP_373491599.1,67.105,76,25,0,1,228,292,367,5.80e-28,114,81.58,1,0
A00405_539_HLLNCDSX3_4_2214_27434_30780_1_238_-_02586f3f6cd19c432ac8d02dc5b6f139,WP_473698545.1,64.557,79,28,0,1,237,292,370,1.62e-27,114,78.48,1,0
A00405_539_HLLNCDSX3_4_2214_27434_30780_1_238_-_02586f3f6cd19c432ac8d02dc5b6f139,WP_056348894.1,63.291,79,29,0,1,237,292,370,1.97e-27,114,79.75,1,0
A00405_539_HLLNCDSX3_4_2214_27434_30780_1_238_-_02586f3f6cd19c432ac8d02dc5b6f139,MHR5197532.1,65.789,76,26,0,1,228,199,274,2.39e-27,112,81.58,1,0
A00405_539_HLLNCDSX3_4_2214_27434_30780_1_238_-_02586f3f6cd19c432ac8d02dc5b6f139,WP_184099534.1,62.025,79,30,0,1,237,292,370,2.46e-27,113,78.48,1,0
A00405_539_HLLNCDSX3_4_2214_27434_30780_1_238_-_02586f3f6cd19c432ac8d02dc5b6f139,WP_072560033.1,68.831,77,24,0,1,231,284,360,2.73e-27,113,80.52,1,0
A00405_539_HLLNCDSX3_4_2214_27434_30780_1_238_-_02586f3f6cd19c432ac8d02dc5b6f139,MBU7590908.1,62.025,79,30,0,1,237,292,370,5.54e-27,112,77.22,1,0
A00405_539_HLLNCDSX3_4_2214_27434_30780_1_238_-_02586f3f6cd19c432ac8d02dc5b6f139,WP_337829250.1,67.089,79,26,0,1,237,288,366,8.90e-27,112,78.48,1,0
A00405_539_HLLNCDSX3_4_2214_27434_30780_1_238_-_02586f3f6cd19c432ac8d02dc5b6f139,WP_260806999.1,62.338,77,29,0,1,231,292,368,1.02e-26,112,84.42,1,0
A00405_539_HLLNCDSX3_4_2214_27434_30780_1_238_-_02586f3f6cd19c432ac8d02dc5b6f139,WP_341680478.1,62.025,79,30,0,1,237,292,370,1.21e-26,111,77.22,1,0
A00405_539_HLLNCDSX3_4_2214_27434_30780_1_238_-_02586f3f6cd19c432ac8d02dc5b6f139,WP_317151393.1,62.025,79,30,0,1,237,292,370,1.37e-26,111,75.95,1,0
A00405_539_HLLNCDSX3_4_2214_27434_30780_1_238_-_02586f3f6cd19c432ac8d02dc5b6f139,WP_242769919.1,59.494,79,32,0,1,237,292,370,4.37e-26,110,78.48,1,0
A00405_539_HLLNCDSX3_4_2214_27434_30780_1_238_-_02586f3f6cd19c432ac8d02dc5b6f139,WP_294032378.1,55.696,79,35,0,1,237,92,170,4.51e-26,107,77.22,1,0
A00405_539_HLLNCDSX3_4_2214_27434_30780_1_238_-_02586f3f6cd19c432ac8d02dc5b6f139,WP_237837106.1,59.494,79,32,0,1,237,292,370,4.75e-26,110,77.22,1,0
A00405_539_HLLNCDSX3_4_2214_27434_30780_1_238_-_02586f3f6cd19c432ac8d02dc5b6f139,WP_074204161.1,62.338,77,29,0,1,231,296,372,8.98e-26,109,80.52,1,0
A00405_539_HLLNCDSX3_4_2214_27434_30780_1_238_-_02586f3f6cd19c432ac8d02dc5b6f139,WP_348015223.1,63.636,77,28,0,1,231,271,347,9.55e-26,108,79.22,1,0
A00405_539_HLLNCDSX3_4_2214_27434_30780_1_238_-_02586f3f6cd19c432ac8d02dc5b6f139,WP_222135605.1,62.025,79,30,0,1,237,292,370,9.69e-26,109,74.68,1,0
A00405_539_HLLNCDSX3_4_2214_27434_30780_1_238_-_02586f3f6cd19c432ac8d02dc5b6f139,WP_082737121.1,59.494,79,32,0,1,237,292,370,1.25e-25,108,75.95,1,0
A00405_539_HLLNCDSX3_4_2214_27434_30780_1_238_-_02586f3f6cd19c432ac8d02dc5b6f139,WP_339692149.1,64.474,76,27,0,1,228,292,367,1.31e-25,108,81.58,1,0
A00405_539_HLLNCDSX3_4_2214_27434_30780_1_238_-_02586f3f6cd19c432ac8d02dc5b6f139,WP_198093605.1,62.025,79,30,0,1,237,287,365,1.48e-25,108,75.95,1,0
A00405_539_HLLNCDSX3_4_2214_27434_30780_1_238_-_02586f3f6cd19c432ac8d02dc5b6f139,WP_088473165.1,59.494,79,32,0,1,237,292,370,1.49e-25,108,75.95,1,0
A00405_539_HLLNCDSX3_4_2214_27434_30780_1_238_-_02586f3f6cd19c432ac8d02dc5b6f139,WP_254054343.1,64.474,76,27,0,1,228,291,366,1.61e-25,108,78.95,1,0
A00405_539_HLLNCDSX3_4_2214_27434_30780_1_238_-_02586f3f6cd19c432ac8d02dc5b6f139,MHL5115955.1,60.759,79,31,0,1,237,290,368,2.27e-25,108,74.68,1,0
A00405_539_HLLNCDSX3_4_2214_27434_30780_1_238_-_02586f3f6cd19c432ac8d02dc5b6f139,WP_367003506.1,63.158,76,28,0,1,228,291,366,2.96e-25,107,78.95,1,0
A00405_539_HLLNCDSX3_4_2214_27434_30780_1_238_-_02586f3f6cd19c432ac8d02dc5b6f139,WP_033073788.1,56.962,79,34,0,1,237,292,370,3.03e-25,107,77.22,1,0
A00405_539_HLLNCDSX3_4_2214_27434_30780_1_238_-_02586f3f6cd19c432ac8d02dc5b6f139,WP_381423989.1,67.105,76,25,0,1,228,284,359,3.49e-25,107,78.95,1,0
A00405_539_HLLNCDSX3_4_2214_27434_30780_1_238_-_02586f3f6cd19c432ac8d02dc5b6f139,WP_227689343.1,59.494,79,32,0,1,237,299,377,3.54e-25,107,79.75,1,0
A00405_539_HLLNCDSX3_4_2214_27434_30780_1_238_-_02586f3f6cd19c432ac8d02dc5b6f139,WP_147121444.1,62.025,79,30,0,1,237,289,367,3.78e-25,107,75.95,1,0
A00405_539_HLLNCDSX3_4_2214_27434_30780_1_238_-_02586f3f6cd19c432ac8d02dc5b6f139,WP_188237552.1,58.228,79,33,0,1,237,297,375,3.83e-25,107,75.95,1,0
A00405_539_HLLNCDSX3_4_2214_27434_30780_1_238_-_02586f3f6cd19c432ac8d02dc5b6f139,WP_332041797.1,61.842,76,29,0,1,228,291,366,4.01e-25,107,80.26,1,0
A00405_539_HLLNCDSX3_4_2214_27434_30780_1_238_-_02586f3f6cd19c432ac8d02dc5b6f139,WP_194955078.1,56.962,79,34,0,1,237,292,370,4.78e-25,107,77.22,1,0
A00405_539_HLLNCDSX3_4_2214_27434_30780_1_238_-_02586f3f6cd19c432ac8d02dc5b6f139,MDZ7587828.1,65.333,75,26,0,1,225,284,358,5.92e-25,107,80.00,1,0
A00405_539_HLLNCDSX3_4_2214_27434_30780_1_238_-_02586f3f6cd19c432ac8d02dc5b6f139,BGH87696.1,63.636,77,28,0,1,231,304,380,6.99e-25,107,79.22,1,0
A00405_539_HLLNCDSX3_4_2214_27434_30780_1_238_-_02586f3f6cd19c432ac8d02dc5b6f139,WP_324072576.1,56.962,79,34,0,1,237,297,375,1.13e-24,106,77.22,1,0
A00405_539_HLLNCDSX3_4_2214_27434_30780_1_238_-_02586f3f6cd19c432ac8d02dc5b6f139,MEK6542660.1,60.759,79,31,0,1,237,285,363,1.20e-24,106,78.48,1,0
A00405_539_HLLNCDSX3_4_2214_27434_30780_1_238_-_02586f3f6cd19c432ac8d02dc5b6f139,WP_169943693.1,59.494,79,32,0,1,237,284,362,1.54e-24,105,77.22,1,0
A00405_539_HLLNCDSX3_4_2214_27434_30780_1_238_-_02586f3f6cd19c432ac8d02dc5b6f139,MBX9728008.1,64.557,79,28,0,1,237,284,362,1.56e-24,105,75.95,1,0
A00405_539_HLLNCDSX3_4_2214_27434_30780_1_238_-_02586f3f6cd19c432ac8d02dc5b6f139,WP_484716640.1,64.557,79,28,0,1,237,292,370,1.71e-24,105,73.42,1,0
A00405_539_HLLNCDSX3_4_2214_27434_30780_1_238_-_02586f3f6cd19c432ac8d02dc5b6f139,MDK2760880.1,56.962,79,34,0,1,237,292,370,1.72e-24,105,74.68,1,0
A00405_539_HLLNCDSX3_4_2214_27434_30780_1_238_-_02586f3f6cd19c432ac8d02dc5b6f139,WP_083435848.1,55.696,79,35,0,1,237,297,375,2.48e-24,105,77.22,1,0
A00405_539_HLLNCDSX3_4_2214_27434_30780_1_238_-_02586f3f6cd19c432ac8d02dc5b6f139,MEP2989905.1,64.474,76,27,0,1,228,271,346,3.07e-24,105,77.63,1,0
A00405_539_HLLNCDSX3_4_2214_27434_30780_1_238_-_02586f3f6cd19c432ac8d02dc5b6f139,WP_406568424.1,65.333,75,25,1,1,225,285,358,3.20e-24,105,78.67,1,0
A00405_539_HLLNCDSX3_4_2214_27434_30780_1_238_-_02586f3f6cd19c432ac8d02dc5b6f139,MFM5916437.1,63.750,80,28,1,1,237,285,364,4.06e-24,104,73.75,1,0
A00405_539_HLLNCDSX3_4_2214_27434_30780_1_238_-_02586f3f6cd19c432ac8d02dc5b6f139,MEY4270068.1,60.759,79,31,0,1,237,292,370,4.10e-24,104,74.68,1,0
A00405_539_HLLNCDSX3_4_2214_27434_30780_1_238_-_02586f3f6cd19c432ac8d02dc5b6f139,WP_366959635.1,62.025,79,29,1,4,237,291,369,8.27e-24,103,74.68,1,0
A00405_539_HLLNCDSX3_4_2214_27434_30780_1_238_-_02586f3f6cd19c432ac8d02dc5b6f139,WP_023838349.1,63.291,79,29,0,1,237,297,375,9.32e-24,103,74.68,1,0
A00405_539_HLLNCDSX3_4_2214_27434_30780_1_238_-_02586f3f6cd19c432ac8d02dc5b6f139,HIR5280129.1,59.494,79,32,0,1,237,292,370,1.08e-23,103,75.95,1,0
A00405_539_HLLNCDSX3_4_2214_27434_30780_1_238_-_02586f3f6cd19c432ac8d02dc5b6f139,WP_438731930.1,64.000,75,26,1,1,225,268,341,1.18e-23,103,78.67,1,0
A00405_539_HLLNCDSX3_4_2214_27434_30780_1_238_-_02586f3f6cd19c432ac8d02dc5b6f139,MES2095892.1,63.291,79,27,1,1,237,293,369,1.50e-23,103,73.42,1,0
A00405_539_HLLNCDSX3_4_2214_27434_30780_1_238_-_02586f3f6cd19c432ac8d02dc5b6f139,NJM51860.1,63.158,76,28,0,1,228,284,359,1.52e-23,103,77.63,1,0
A00405_539_HLLNCDSX3_4_2214_27434_30780_1_238_-_02586f3f6cd19c432ac8d02dc5b6f139,WP_322309856.1,55.696,79,35,0,1,237,292,370,1.91e-23,102,77.22,1,0
A00405_539_HLLNCDSX3_4_2214_27434_30780_1_238_-_02586f3f6cd19c432ac8d02dc5b6f139,NCP11221.1,60.526,76,30,0,10,237,288,363,2.68e-23,102,73.68,1,0
A00405_539_HLLNCDSX3_4_2214_27434_30780_1_238_-_02586f3f6cd19c432ac8d02dc5b6f139,PZQ21837.1,55.696,79,35,0,1,237,292,370,2.77e-23,102,75.95,1,0
A00405_539_HLLNCDSX3_4_2214_27434_30780_1_238_-_02586f3f6cd19c432ac8d02dc5b6f139,WP_022674003.1,60.526,76,30,0,10,237,288,363,3.01e-23,102,76.32,1,0
A00405_539_HLLNCDSX3_4_2214_27434_30780_1_238_-_02586f3f6cd19c432ac8d02dc5b6f139,HET6537270.1,53.165,79,37,0,1,237,295,373,3.54e-23,102,75.95,1,0
A00405_539_HLLNCDSX3_4_2214_27434_30780_1_238_-_02586f3f6cd19c432ac8d02dc5b6f139,WP_404879950.1,58.974,78,29,2,1,228,29,105,4.21e-23,95.5,75.64,1,0
A00405_539_HLLNCDSX3_4_2214_27434_30780_1_238_-_02586f3f6cd19c432ac8d02dc5b6f139,WP_444609344.1,65.333,75,26,0,1,225,287,361,4.96e-23,100,77.33,1,0
A00405_539_HLLNCDSX3_4_2214_27434_30780_1_238_-_02586f3f6cd19c432ac8d02dc5b6f139,WP_160602660.1,64.000,75,27,0,1,225,289,363,6.16e-23,101,73.33,1,0
A00405_539_HLLNCDSX3_4_2214_27434_30780_1_238_-_02586f3f6cd19c432ac8d02dc5b6f139,WP_483657587.1,59.494,79,32,0,1,237,284,362,7.69e-23,101,74.68,1,0
A00405_539_HLLNCDSX3_4_2214_27434_30780_1_238_-_02586f3f6cd19c432ac8d02dc5b6f139,MBY0521065.1,52.500,80,37,1,1,237,116,195,7.98e-23,99.0,76.25,1,0
A00405_539_HLLNCDSX3_4_2214_27434_30780_1_238_-_02586f3f6cd19c432ac8d02dc5b6f139,WP_164118748.1,58.228,79,33,0,1,237,286,364,1.43e-22,100,72.15,1,0
A00405_539_HLLNCDSX3_4_2214_27434_30780_1_238_-_02586f3f6cd19c432ac8d02dc5b6f139,WP_258891803.1,56.962,79,34,0,1,237,284,362,1.88e-22,100,73.42,1,0
A00405_539_HLLNCDSX3_4_2214_27434_30780_1_238_-_02586f3f6cd19c432ac8d02dc5b6f139,WP_076743662.1,55.696,79,35,0,1,237,284,362,2.46e-22,99.8,72.15,1,0
A00405_539_HLLNCDSX3_4_2214_27434_30780_1_238_-_02586f3f6cd19c432ac8d02dc5b6f139,WP_294087469.1,61.250,80,30,1,1,237,284,363,3.83e-22,99.4,73.75,1,0
A00405_539_HLLNCDSX3_4_2214_27434_30780_1_238_-_02586f3f6cd19c432ac8d02dc5b6f139,OZA94310.1,61.333,75,29,0,1,225,246,320,4.80e-22,98.6,73.33,1,0
A00405_539_HLLNCDSX3_4_2214_27434_30780_1_238_-_02586f3f6cd19c432ac8d02dc5b6f139,MFN3516716.1,58.750,80,32,1,1,237,286,365,5.01e-22,99.0,73.75,1,0
A00405_539_HLLNCDSX3_4_2214_27434_30780_1_238_-_02586f3f6cd19c432ac8d02dc5b6f139,WP_439485592.1,60.759,79,31,0,1,237,302,380,5.52e-22,99.0,73.42,1,0
A00405_539_HLLNCDSX3_4_2214_27434_30780_1_238_-_02586f3f6cd19c432ac8d02dc5b6f139,WP_088331085.1,55.696,79,35,0,1,237,284,362,5.67e-22,99.0,70.89,1,0
A00405_539_HLLNCDSX3_4_2214_27434_30780_1_238_-_02586f3f6cd19c432ac8d02dc5b6f139,MEQ1495929.1,57.143,77,32,1,1,228,108,184,5.94e-22,96.7,75.32,1,0
A00405_539_HLLNCDSX3_4_2214_27434_30780_1_238_-_02586f3f6cd19c432ac8d02dc5b6f139,MID8235309.1,53.165,79,37,0,1,237,88,166,7.02e-22,95.9,69.62,1,0
A00405_539_HLLNCDSX3_4_2214_27434_30780_1_238_-_02586f3f6cd19c432ac8d02dc5b6f139,WP_324262726.1,61.333,75,29,0,1,225,295,369,7.21e-22,98.6,73.33,1,0
A00405_539_HLLNCDSX3_4_2214_27434_30780_1_238_-_02586f3f6cd19c432ac8d02dc5b6f139,WP_374408772.1,61.333,75,29,0,1,225,296,370,7.85e-22,98.6,72.00,1,0
A00405_539_HLLNCDSX3_4_2214_27434_30780_1_238_-_02586f3f6cd19c432ac8d02dc5b6f139,MGL4540880.1,57.500,80,33,1,1,237,289,368,1.06e-21,98.2,76.25,1,0
A00405_539_HLLNCDSX3_4_2214_27434_30780_1_238_-_02586f3f6cd19c432ac8d02dc5b6f139,WP_324640280.1,59.740,77,30,1,1,228,289,365,1.15e-21,98.2,74.03,1,0
A00405_539_HLLNCDSX3_4_2214_27434_30780_1_238_-_02586f3f6cd19c432ac8d02dc5b6f139,WP_168133196.1,56.962,79,34,0,1,237,284,362,1.35e-21,97.8,70.89,1,0
A00405_539_HLLNCDSX3_4_2214_27434_30780_1_238_-_02586f3f6cd19c432ac8d02dc5b6f139,MBL8656747.1,60.000,75,29,1,1,225,294,367,1.66e-21,97.8,74.67,1,0
A00405_539_HLLNCDSX3_4_2214_27434_30780_1_238_-_02586f3f6cd19c432ac8d02dc5b6f139,WP_294442273.1,54.430,79,36,0,1,237,284,362,1.88e-21,96.7,68.35,1,0
A00405_539_HLLNCDSX3_4_2214_27434_30780_1_238_-_02586f3f6cd19c432ac8d02dc5b6f139,RZM18632.1,60.494,81,29,2,1,237,113,192,1.91e-21,95.5,75.31,1,0
A00405_539_HLLNCDSX3_4_2214_27434_30780_1_238_-_02586f3f6cd19c432ac8d02dc5b6f139,MID8439287.1,56.250,80,34,1,1,237,297,376,2.46e-21,97.1,77.50,1,0
A00405_539_HLLNCDSX3_4_2214_27434_30780_1_238_-_02586f3f6cd19c432ac8d02dc5b6f139,NCU13028.1,57.500,80,33,1,1,237,155,234,2.54e-21,95.9,72.50,1,0
A00405_539_HLLNCDSX3_4_1334_11930_16266_1_258_+_048a394d3695a8abb0c425f7d9b7201d,MFM2256253.1,97.647,85,2,0,1,255,73,157,5.72e-53,172,98.82,1,0
A00405_539_HLLNCDSX3_4_1334_11930_16266_1_258_+_048a394d3695a8abb0c425f7d9b7201d,HEX4873668.1,96.471,85,3,0,1,255,73,157,1.88e-51,171,97.65,1,0
A00405_539_HLLNCDSX3_4_1334_11930_16266_1_258_+_048a394d3695a8abb0c425f7d9b7201d,WP_298603505.1,98.824,85,1,0,1,255,73,157,1.25e-50,175,98.82,1,0
A00405_539_HLLNCDSX3_4_1334_11930_16266_1_258_+_048a394d3695a8abb0c425f7d9b7201d,MGH8335705.1,91.765,85,7,0,1,255,23,107,1.53e-48,166,96.47,1,0
A00405_539_HLLNCDSX3_4_1334_11930_16266_1_258_+_048a394d3695a8abb0c425f7d9b7201d,MEQ1539734.1,89.412,85,9,0,1,255,73,157,2.51e-48,164,92.94,1,0
A00405_539_HLLNCDSX3_4_1334_11930_16266_1_258_+_048a394d3695a8abb0c425f7d9b7201d,WP_422250372.1,91.765,85,7,0,1,255,73,157,5.24e-48,168,98.82,1,0
A00405_539_HLLNCDSX3_4_1334_11930_16266_1_258_+_048a394d3695a8abb0c425f7d9b7201d,WP_425232019.1,91.765,85,7,0,1,255,73,157,7.69e-48,167,98.82,1,0
A00405_539_HLLNCDSX3_4_1334_11930_16266_1_258_+_048a394d3695a8abb0c425f7d9b7201d,WP_300036173.1,90.588,85,8,0,1,255,73,157,1.17e-47,161,92.94,1,0
A00405_539_HLLNCDSX3_4_1334_11930_16266_1_258_+_048a394d3695a8abb0c425f7d9b7201d,MFM6852787.1,91.765,85,7,0,1,255,22,106,2.04e-47,164,92.94,1,0
A00405_539_HLLNCDSX3_4_1334_11930_16266_1_258_+_048a394d3695a8abb0c425f7d9b7201d,MCX7268859.1,90.588,85,8,0,1,255,73,157,2.83e-47,162,92.94,1,0
A00405_539_HLLNCDSX3_4_1334_11930_16266_1_258_+_048a394d3695a8abb0c425f7d9b7201d,WP_482654957.1,91.765,85,7,0,1,255,73,157,1.01e-46,162,91.76,1,0
A00405_539_HLLNCDSX3_4_1334_11930_16266_1_258_+_048a394d3695a8abb0c425f7d9b7201d,MGB5076494.1,89.412,85,9,0,1,255,73,157,3.96e-46,162,92.94,1,0
A00405_539_HLLNCDSX3_4_1334_11930_16266_1_258_+_048a394d3695a8abb0c425f7d9b7201d,WP_295443300.1,91.765,85,7,0,1,255,73,157,4.40e-46,163,92.94,1,0
A00405_539_HLLNCDSX3_4_1334_11930_16266_1_258_+_048a394d3695a8abb0c425f7d9b7201d,WP_160354371.1,90.588,85,8,0,1,255,73,157,6.37e-46,162,92.94,1,0
A00405_539_HLLNCDSX3_4_1334_11930_16266_1_258_+_048a394d3695a8abb0c425f7d9b7201d,MID7898245.1,89.412,85,9,0,1,255,73,157,8.55e-46,162,95.29,1,0
A00405_539_HLLNCDSX3_4_1334_11930_16266_1_258_+_048a394d3695a8abb0c425f7d9b7201d,MGL5837057.1,88.235,85,10,0,1,255,73,157,1.66e-45,162,95.29,1,0
A00405_539_HLLNCDSX3_4_1334_11930_16266_1_258_+_048a394d3695a8abb0c425f7d9b7201d,WP_483003891.1,92.593,81,6,0,13,255,1,81,8.26e-45,158,93.83,1,0
A00405_539_HLLNCDSX3_4_1334_11930_16266_1_258_+_048a394d3695a8abb0c425f7d9b7201d,NJM51860.1,83.529,85,14,0,1,255,73,157,5.04e-42,152,91.76,1,0
A00405_539_HLLNCDSX3_4_1334_11930_16266_1_258_+_048a394d3695a8abb0c425f7d9b7201d,MEE9434497.1,83.529,85,14,0,1,255,73,157,5.02e-41,150,88.24,1,0
A00405_539_HLLNCDSX3_4_1334_11930_16266_1_258_+_048a394d3695a8abb0c425f7d9b7201d,WP_381423989.1,82.353,85,15,0,1,255,73,157,1.13e-40,149,88.24,1,0
A00405_539_HLLNCDSX3_4_1334_11930_16266_1_258_+_048a394d3695a8abb0c425f7d9b7201d,MDX1704727.1,71.765,85,24,0,1,255,80,164,2.59e-36,134,87.06,1,0
A00405_539_HLLNCDSX3_4_1334_11930_16266_1_258_+_048a394d3695a8abb0c425f7d9b7201d,MEP1607222.1,71.765,85,24,0,1,255,79,163,8.45e-36,129,83.53,1,0
A00405_539_HLLNCDSX3_4_1334_11930_16266_1_258_+_048a394d3695a8abb0c425f7d9b7201d,MFL0671895.1,71.765,85,24,0,1,255,86,170,9.01e-36,132,83.53,1,0
A00405_539_HLLNCDSX3_4_1334_11930_16266_1_258_+_048a394d3695a8abb0c425f7d9b7201d,WP_095012088.1,75.294,85,21,0,1,255,82,166,1.48e-35,135,82.35,1,0
A00405_539_HLLNCDSX3_4_1334_11930_16266_1_258_+_048a394d3695a8abb0c425f7d9b7201d,MEY4473203.1,73.256,86,22,1,1,255,74,159,1.65e-35,130,84.88,1,0
A00405_539_HLLNCDSX3_4_1334_11930_16266_1_258_+_048a394d3695a8abb0c425f7d9b7201d,MGB3737814.1,76.471,85,20,0,1,255,79,163,2.00e-35,135,83.53,1,0
A00405_539_HLLNCDSX3_4_1334_11930_16266_1_258_+_048a394d3695a8abb0c425f7d9b7201d,MEM8724742.1,70.588,85,25,0,1,255,83,167,3.41e-35,131,83.53,1,0
A00405_539_HLLNCDSX3_4_1334_11930_16266_1_258_+_048a394d3695a8abb0c425f7d9b7201d,MFW2448241.1,73.256,86,22,1,1,255,78,163,7.36e-35,127,80.23,1,0
A00405_539_HLLNCDSX3_4_1334_11930_16266_1_258_+_048a394d3695a8abb0c425f7d9b7201d,WP_067601681.1,71.765,85,24,0,1,255,80,164,8.90e-35,134,87.06,1,0
A00405_539_HLLNCDSX3_4_1334_11930_16266_1_258_+_048a394d3695a8abb0c425f7d9b7201d,MFM5916437.1,74.118,85,22,0,1,255,74,158,1.72e-34,132,84.71,1,0
A00405_539_HLLNCDSX3_4_1334_11930_16266_1_258_+_048a394d3695a8abb0c425f7d9b7201d,WP_409413081.1,72.619,84,23,0,1,252,78,161,2.99e-34,132,83.33,1,0
A00405_539_HLLNCDSX3_4_1334_11930_16266_1_258_+_048a394d3695a8abb0c425f7d9b7201d,HQS98372.1,71.765,85,24,0,1,255,81,165,3.24e-34,128,81.18,1,0
A00405_539_HLLNCDSX3_4_1334_11930_16266_1_258_+_048a394d3695a8abb0c425f7d9b7201d,WP_259960330.1,71.765,85,24,0,1,255,83,167,3.29e-34,132,84.71,1,0
A00405_539_HLLNCDSX3_4_1334_11930_16266_1_258_+_048a394d3695a8abb0c425f7d9b7201d,MBU2586691.1,69.412,85,26,0,1,255,83,167,3.32e-34,129,83.53,1,0
A00405_539_HLLNCDSX3_4_1334_11930_16266_1_258_+_048a394d3695a8abb0c425f7d9b7201d,MFN6933993.1,74.118,85,22,0,1,255,83,167,3.36e-34,132,83.53,1,0
A00405_539_HLLNCDSX3_4_1334_11930_16266_1_258_+_048a394d3695a8abb0c425f7d9b7201d,MFY8194287.1,70.588,85,25,0,1,255,81,165,3.65e-34,126,81.18,1,0
A00405_539_HLLNCDSX3_4_1334_11930_16266_1_258_+_048a394d3695a8abb0c425f7d9b7201d,MAG42065.1,74.419,86,21,1,1,255,78,163,3.96e-34,130,81.40,1,0
A00405_539_HLLNCDSX3_4_1334_11930_16266_1_258_+_048a394d3695a8abb0c425f7d9b7201d,MEM9501496.1,71.765,85,24,0,1,255,78,162,4.49e-34,132,83.53,1,0
A00405_539_HLLNCDSX3_4_1334_11930_16266_1_258_+_048a394d3695a8abb0c425f7d9b7201d,MFM2371195.1,73.494,83,22,0,1,249,87,169,5.58e-34,124,80.72,1,0
A00405_539_HLLNCDSX3_4_1334_11930_16266_1_258_+_048a394d3695a8abb0c425f7d9b7201d,WP_170003338.1,74.118,85,22,0,1,255,77,161,6.00e-34,131,81.18,1,0
A00405_539_HLLNCDSX3_4_1334_11930_16266_1_258_+_048a394d3695a8abb0c425f7d9b7201d,MEE4316601.1,68.235,85,27,0,1,255,83,167,7.09e-34,125,81.18,1,0
A00405_539_HLLNCDSX3_4_1334_11930_16266_1_258_+_048a394d3695a8abb0c425f7d9b7201d,WP_416232745.1,71.765,85,24,0,1,255,86,170,7.82e-34,131,83.53,1,0
A00405_539_HLLNCDSX3_4_1334_11930_16266_1_258_+_048a394d3695a8abb0c425f7d9b7201d,OYZ39239.1,71.765,85,24,0,1,255,81,165,8.31e-34,128,81.18,1,0
A00405_539_HLLNCDSX3_4_1334_11930_16266_1_258_+_048a394d3695a8abb0c425f7d9b7201d,WP_160596649.1,71.765,85,24,0,1,255,82,166,8.88e-34,131,81.18,1,0
A00405_539_HLLNCDSX3_4_1334_11930_16266_1_258_+_048a394d3695a8abb0c425f7d9b7201d,MAS84793.1,70.930,86,24,1,1,255,78,163,9.34e-34,129,83.72,1,0
A00405_539_HLLNCDSX3_4_1334_11930_16266_1_258_+_048a394d3695a8abb0c425f7d9b7201d,WP_131621359.1,71.765,85,24,0,1,255,83,167,1.09e-33,130,82.35,1,0
A00405_539_HLLNCDSX3_4_1334_11930_16266_1_258_+_048a394d3695a8abb0c425f7d9b7201d,WP_406811424.1,70.588,85,25,0,1,255,76,160,1.41e-33,130,83.53,1,0
A00405_539_HLLNCDSX3_4_1334_11930_16266_1_258_+_048a394d3695a8abb0c425f7d9b7201d,HQS71585.1,70.588,85,25,0,1,255,81,165,1.46e-33,125,81.18,1,0
A00405_539_HLLNCDSX3_4_1334_11930_16266_1_258_+_048a394d3695a8abb0c425f7d9b7201d,RGP39705.1,70.588,85,25,0,1,255,80,164,1.85e-33,130,83.53,1,0
A00405_539_HLLNCDSX3_4_1334_11930_16266_1_258_+_048a394d3695a8abb0c425f7d9b7201d,MFM5892868.1,74.118,85,22,0,1,255,74,158,1.86e-33,130,82.35,1,0
A00405_539_HLLNCDSX3_4_1334_11930_16266_1_258_+_048a394d3695a8abb0c425f7d9b7201d,WP_348503090.1,71.765,85,24,0,1,255,79,163,1.88e-33,130,83.53,1,0
A00405_539_HLLNCDSX3_4_1334_11930_16266_1_258_+_048a394d3695a8abb0c425f7d9b7201d,MBA4165075.1,69.767,86,25,1,1,255,82,167,1.91e-33,125,79.07,1,0
A00405_539_HLLNCDSX3_4_1334_11930_16266_1_258_+_048a394d3695a8abb0c425f7d9b7201d,WP_294044894.1,70.588,85,25,0,1,255,77,161,1.98e-33,130,81.18,1,0
A00405_539_HLLNCDSX3_4_1334_11930_16266_1_258_+_048a394d3695a8abb0c425f7d9b7201d,WP_379548222.1,73.256,86,22,1,1,255,78,163,2.11e-33,130,80.23,1,0
A00405_539_HLLNCDSX3_4_1334_11930_16266_1_258_+_048a394d3695a8abb0c425f7d9b7201d,WP_226662068.1,70.930,86,24,1,1,255,78,163,2.27e-33,130,83.72,1,0
A00405_539_HLLNCDSX3_4_1334_11930_16266_1_258_+_048a394d3695a8abb0c425f7d9b7201d,WP_267620628.1,69.412,85,26,0,1,255,83,167,2.59e-33,130,83.53,1,0
A00405_539_HLLNCDSX3_4_1334_11930_16266_1_258_+_048a394d3695a8abb0c425f7d9b7201d,NBS23568.1,69.412,85,26,0,1,255,34,118,2.71e-33,129,82.35,1,0
A00405_539_HLLNCDSX3_4_1334_11930_16266_1_258_+_048a394d3695a8abb0c425f7d9b7201d,MDZ4272540.1,69.412,85,26,0,1,255,83,167,2.90e-33,129,83.53,1,0
A00405_539_HLLNCDSX3_4_1334_11930_16266_1_258_+_048a394d3695a8abb0c425f7d9b7201d,MDL2351701.1,73.256,86,22,1,1,255,74,159,3.10e-33,129,83.72,1,0
A00405_539_HLLNCDSX3_4_1334_11930_16266_1_258_+_048a394d3695a8abb0c425f7d9b7201d,WP_067674962.1,70.588,85,25,0,1,255,83,167,3.26e-33,129,83.53,1,0
A00405_539_HLLNCDSX3_4_1334_11930_16266_1_258_+_048a394d3695a8abb0c425f7d9b7201d,WP_190788282.1,70.588,85,25,0,1,255,76,160,4.67e-33,129,82.35,1,0
A00405_539_HLLNCDSX3_4_1334_11930_16266_1_258_+_048a394d3695a8abb0c425f7d9b7201d,HIR6324777.1,72.093,86,23,1,1,255,76,161,5.81e-33,129,84.88,1,0
A00405_539_HLLNCDSX3_4_1334_11930_16266_1_258_+_048a394d3695a8abb0c425f7d9b7201d,WP_354325377.1,69.412,85,26,0,1,255,83,167,7.15e-33,129,83.53,1,0
A00405_539_HLLNCDSX3_4_1334_11930_16266_1_258_+_048a394d3695a8abb0c425f7d9b7201d,MGB7408149.1,74.118,85,22,0,1,255,79,163,7.72e-33,128,80.00,1,0
A00405_539_HLLNCDSX3_4_1334_11930_16266_1_258_+_048a394d3695a8abb0c425f7d9b7201d,WP_292997136.1,72.093,86,23,1,1,255,74,159,7.91e-33,128,83.72,1,0
A00405_539_HLLNCDSX3_4_1334_11930_16266_1_258_+_048a394d3695a8abb0c425f7d9b7201d,WP_427969978.1,73.256,86,22,1,1,255,81,166,7.92e-33,128,81.40,1,0
A00405_539_HLLNCDSX3_4_1334_11930_16266_1_258_+_048a394d3695a8abb0c425f7d9b7201d,WP_455700640.1,70.588,85,25,0,1,255,83,167,8.03e-33,128,82.35,1,0
A00405_539_HLLNCDSX3_4_1334_11930_16266_1_258_+_048a394d3695a8abb0c425f7d9b7201d,MEE4287879.1,69.412,85,26,0,1,255,77,161,8.65e-33,128,81.18,1,0
A00405_539_HLLNCDSX3_4_1334_11930_16266_1_258_+_048a394d3695a8abb0c425f7d9b7201d,WP_373487731.1,72.941,85,22,1,1,252,76,160,9.54e-33,128,81.18,1,0
A00405_539_HLLNCDSX3_4_1334_11930_16266_1_258_+_048a394d3695a8abb0c425f7d9b7201d,WP_160602660.1,69.412,85,26,0,1,255,78,162,9.57e-33,128,80.00,1,0
A00405_539_HLLNCDSX3_4_1334_11930_16266_1_258_+_048a394d3695a8abb0c425f7d9b7201d,WP_379480110.1,73.256,86,22,1,1,255,74,159,9.74e-33,128,81.40,1,0
A00405_539_HLLNCDSX3_4_1334_11930_16266_1_258_+_048a394d3695a8abb0c425f7d9b7201d,MHS2961572.1,68.235,85,27,0,1,255,83,167,1.18e-32,126,81.18,1,0
A00405_539_HLLNCDSX3_4_1334_11930_16266_1_258_+_048a394d3695a8abb0c425f7d9b7201d,WP_336985611.1,70.115,87,24,1,1,255,82,168,1.28e-32,128,81.61,1,0
A00405_539_HLLNCDSX3_4_1334_11930_16266_1_258_+_048a394d3695a8abb0c425f7d9b7201d,WP_072560033.1,69.412,85,26,0,1,255,73,157,1.31e-32,127,80.00,1,0
A00405_539_HLLNCDSX3_4_1334_11930_16266_1_258_+_048a394d3695a8abb0c425f7d9b7201d,WP_342531040.1,69.767,86,25,1,1,255,78,163,1.31e-32,127,83.72,1,0
A00405_539_HLLNCDSX3_4_1334_11930_16266_1_258_+_048a394d3695a8abb0c425f7d9b7201d,WP_331860307.1,71.765,85,24,0,1,255,82,166,1.31e-32,128,80.00,1,0
A00405_539_HLLNCDSX3_4_1334_11930_16266_1_258_+_048a394d3695a8abb0c425f7d9b7201d,WP_152433645.1,69.412,85,26,0,1,255,76,160,1.36e-32,127,82.35,1,0
A00405_539_HLLNCDSX3_4_1334_11930_16266_1_258_+_048a394d3695a8abb0c425f7d9b7201d,WP_424774264.1,70.930,86,24,1,1,255,74,159,1.40e-32,127,84.88,1,0
A00405_539_HLLNCDSX3_4_1334_11930_16266_1_258_+_048a394d3695a8abb0c425f7d9b7201d,WP_296023609.1,69.412,85,26,0,1,255,83,167,1.44e-32,127,82.35,1,0
A00405_539_HLLNCDSX3_4_1334_11930_16266_1_258_+_048a394d3695a8abb0c425f7d9b7201d,MEE4537032.1,68.235,85,27,0,1,255,78,162,1.51e-32,127,82.35,1,0
A00405_539_HLLNCDSX3_4_1334_11930_16266_1_258_+_048a394d3695a8abb0c425f7d9b7201d,WP_424689795.1,70.588,85,25,0,1,255,77,161,1.62e-32,127,81.18,1,0
A00405_539_HLLNCDSX3_4_1334_11930_16266_1_258_+_048a394d3695a8abb0c425f7d9b7201d,WP_483149346.1,73.256,86,22,1,1,255,24,109,1.64e-32,127,80.23,1,0
A00405_539_HLLNCDSX3_4_1334_11930_16266_1_258_+_048a394d3695a8abb0c425f7d9b7201d,WP_188643461.1,70.588,85,25,0,1,255,83,167,1.72e-32,127,83.53,1,0
A00405_539_HLLNCDSX3_4_1334_11930_16266_1_258_+_048a394d3695a8abb0c425f7d9b7201d,MFN5779835.1,69.767,86,25,1,1,255,74,159,1.88e-32,124,82.56,1,0
A00405_539_HLLNCDSX3_4_1334_11930_16266_1_258_+_048a394d3695a8abb0c425f7d9b7201d,WP_221422186.1,72.093,86,23,1,1,255,78,163,2.15e-32,127,82.56,1,0
A00405_539_HLLNCDSX3_4_1334_11930_16266_1_258_+_048a394d3695a8abb0c425f7d9b7201d,WP_222555501.1,70.930,86,24,1,1,255,75,160,2.40e-32,127,82.56,1,0
A00405_539_HLLNCDSX3_4_1334_11930_16266_1_258_+_048a394d3695a8abb0c425f7d9b7201d,WP_370031286.1,73.256,86,22,1,1,255,78,163,2.54e-32,127,81.40,1,0
A00405_539_HLLNCDSX3_4_1334_11930_16266_1_258_+_048a394d3695a8abb0c425f7d9b7201d,MEA3265073.1,70.930,86,24,1,1,255,74,159,2.61e-32,127,82.56,1,0
A00405_539_HLLNCDSX3_4_1334_11930_16266_1_258_+_048a394d3695a8abb0c425f7d9b7201d,WP_284124277.1,70.930,86,24,1,1,255,78,163,2.71e-32,127,82.56,1,0
A00405_539_HLLNCDSX3_4_1334_11930_16266_1_258_+_048a394d3695a8abb0c425f7d9b7201d,WP_142787265.1,68.235,85,27,0,1,255,82,166,2.74e-32,127,81.18,1,0
A00405_539_HLLNCDSX3_4_1334_11930_16266_1_258_+_048a394d3695a8abb0c425f7d9b7201d,WP_067602319.1,68.235,85,27,0,1,255,78,162,2.91e-32,127,81.18,1,0
A00405_539_HLLNCDSX3_4_1334_11930_16266_1_258_+_048a394d3695a8abb0c425f7d9b7201d,WP_223072533.1,67.059,85,28,0,1,255,81,165,2.97e-32,127,81.18,1,0
A00405_539_HLLNCDSX3_4_1334_11930_16266_1_258_+_048a394d3695a8abb0c425f7d9b7201d,WP_234092574.1,69.767,86,25,1,1,255,76,161,3.22e-32,127,81.40,1,0
A00405_539_HLLNCDSX3_4_1334_11930_16266_1_258_+_048a394d3695a8abb0c425f7d9b7201d,WP_160754201.1,70.930,86,24,1,1,255,75,160,3.59e-32,126,80.23,1,0
A00405_539_HLLNCDSX3_4_1334_11930_16266_1_258_+_048a394d3695a8abb0c425f7d9b7201d,MHR9588420.1,70.930,86,24,1,1,255,74,159,3.71e-32,126,83.72,1,0
A00405_539_HLLNCDSX3_4_1334_11930_16266_1_258_+_048a394d3695a8abb0c425f7d9b7201d,WP_472646566.1,69.412,85,26,0,1,255,83,167,3.74e-32,127,82.35,1,0
A00405_539_HLLNCDSX3_4_1334_11930_16266_1_258_+_048a394d3695a8abb0c425f7d9b7201d,MBX9728008.1,70.238,84,25,0,1,252,74,157,3.89e-32,126,80.95,1,0
A00405_539_HLLNCDSX3_4_1334_11930_16266_1_258_+_048a394d3695a8abb0c425f7d9b7201d,WP_300596448.1,70.588,85,25,0,1,255,92,176,4.02e-32,127,81.18,1,0
A00405_539_HLLNCDSX3_4_1334_11930_16266_1_258_+_048a394d3695a8abb0c425f7d9b7201d,MFZ9395020.1,70.930,86,24,1,1,255,82,167,4.15e-32,126,83.72,1,0
A00405_539_HLLNCDSX3_4_1334_11930_16266_1_258_+_048a394d3695a8abb0c425f7d9b7201d,WP_007166144.1,67.059,85,28,0,1,255,87,171,4.43e-32,126,82.35,1,0
A00405_539_HLLNCDSX3_4_2236_24614_29841_1_293_+_04ca48409a1ee33b09ee3f0431a9bece,MBP6380673.1,98.969,97,1,0,1,291,125,221,3.07e-60,197,100.00,1,0
A00405_539_HLLNCDSX3_4_2236_24614_29841_1_293_+_04ca48409a1ee33b09ee3f0431a9bece,HMU21302.1,97.938,97,2,0,1,291,225,321,8.33e-60,196,100.00,1,0
A00405_539_HLLNCDSX3_4_2236_24614_29841_1_293_+_04ca48409a1ee33b09ee3f0431a9bece,WP_374612263.1,97.938,97,2,0,1,291,225,321,5.55e-58,194,97.94,1,0
A00405_539_HLLNCDSX3_4_2236_24614_29841_1_293_+_04ca48409a1ee33b09ee3f0431a9bece,MEQ1539699.1,90.722,97,9,0,1,291,225,321,2.84e-53,182,94.85,1,0
A00405_539_HLLNCDSX3_4_2236_24614_29841_1_293_+_04ca48409a1ee33b09ee3f0431a9bece,MIH7390121.1,84.375,96,15,0,4,291,226,321,7.93e-49,170,93.75,1,0
A00405_539_HLLNCDSX3_4_2236_24614_29841_1_293_+_04ca48409a1ee33b09ee3f0431a9bece,MHS5865023.1,82.292,96,17,0,1,288,46,141,1.48e-47,162,88.54,1,0
A00405_539_HLLNCDSX3_4_2236_24614_29841_1_293_+_04ca48409a1ee33b09ee3f0431a9bece,MID1954532.1,77.660,94,21,0,7,288,42,135,1.88e-47,159,91.49,1,0
A00405_539_HLLNCDSX3_4_2236_24614_29841_1_293_+_04ca48409a1ee33b09ee3f0431a9bece,WP_264422589.1,83.158,95,16,0,4,288,229,323,3.97e-47,166,91.58,1,0
A00405_539_HLLNCDSX3_4_2236_24614_29841_1_293_+_04ca48409a1ee33b09ee3f0431a9bece,WP_338467605.1,80.208,96,19,0,1,288,228,323,5.76e-47,166,93.75,1,0
A00405_539_HLLNCDSX3_4_2236_24614_29841_1_293_+_04ca48409a1ee33b09ee3f0431a9bece,MBA4082635.1,76.596,94,22,0,7,288,1,94,1.46e-46,158,91.49,1,0
A00405_539_HLLNCDSX3_4_2236_24614_29841_1_293_+_04ca48409a1ee33b09ee3f0431a9bece,MHS6458929.1,80.412,97,19,0,1,291,236,332,1.76e-46,164,88.66,1,0
A00405_539_HLLNCDSX3_4_2236_24614_29841_1_293_+_04ca48409a1ee33b09ee3f0431a9bece,MFM5894538.1,83.333,96,16,0,1,288,229,324,1.78e-46,164,88.54,1,0
A00405_539_HLLNCDSX3_4_2236_24614_29841_1_293_+_04ca48409a1ee33b09ee3f0431a9bece,WP_374420370.1,83.333,96,16,0,1,288,229,324,2.27e-46,164,88.54,1,0
A00405_539_HLLNCDSX3_4_2236_24614_29841_1_293_+_04ca48409a1ee33b09ee3f0431a9bece,MFN7158004.1,77.660,94,21,0,7,288,35,128,2.77e-46,158,90.43,1,0
A00405_539_HLLNCDSX3_4_2236_24614_29841_1_293_+_04ca48409a1ee33b09ee3f0431a9bece,HEY6965307.1,77.660,94,21,0,7,288,127,220,5.78e-46,160,92.55,1,0
A00405_539_HLLNCDSX3_4_2236_24614_29841_1_293_+_04ca48409a1ee33b09ee3f0431a9bece,WP_154692348.1,78.947,95,20,0,7,291,230,324,7.87e-46,162,93.68,1,0
A00405_539_HLLNCDSX3_4_2236_24614_29841_1_293_+_04ca48409a1ee33b09ee3f0431a9bece,WP_298471805.1,80.851,94,18,0,7,288,230,323,7.94e-46,162,91.49,1,0
A00405_539_HLLNCDSX3_4_2236_24614_29841_1_293_+_04ca48409a1ee33b09ee3f0431a9bece,WP_379480151.1,83.333,96,16,0,1,288,232,327,8.83e-46,162,87.50,1,0
A00405_539_HLLNCDSX3_4_2236_24614_29841_1_293_+_04ca48409a1ee33b09ee3f0431a9bece,MEP5937805.1,77.895,95,21,0,4,288,225,319,1.51e-45,162,91.58,1,0
A00405_539_HLLNCDSX3_4_2236_24614_29841_1_293_+_04ca48409a1ee33b09ee3f0431a9bece,WP_225205234.1,81.915,94,17,0,7,288,234,327,2.09e-45,161,91.49,1,0
A00405_539_HLLNCDSX3_4_2236_24614_29841_1_293_+_04ca48409a1ee33b09ee3f0431a9bece,WP_073974032.1,77.895,95,21,0,4,288,227,321,2.49e-45,160,91.58,1,0
A00405_539_HLLNCDSX3_4_2236_24614_29841_1_293_+_04ca48409a1ee33b09ee3f0431a9bece,WP_430417434.1,78.947,95,20,0,4,288,228,322,2.63e-45,161,92.63,1,0
A00405_539_HLLNCDSX3_4_2236_24614_29841_1_293_+_04ca48409a1ee33b09ee3f0431a9bece,WP_088311162.1,82.474,97,17,0,1,291,229,325,4.43e-45,160,85.57,1,0
A00405_539_HLLNCDSX3_4_2236_24614_29841_1_293_+_04ca48409a1ee33b09ee3f0431a9bece,MGH6787085.1,81.250,96,18,0,1,288,228,323,5.15e-45,160,89.58,1,0
A00405_539_HLLNCDSX3_4_2236_24614_29841_1_293_+_04ca48409a1ee33b09ee3f0431a9bece,WP_298306862.1,79.787,94,19,0,7,288,227,320,5.17e-45,160,89.36,1,0
A00405_539_HLLNCDSX3_4_2236_24614_29841_1_293_+_04ca48409a1ee33b09ee3f0431a9bece,MCA1662037.1,78.351,97,21,0,1,291,229,325,6.70e-45,160,90.72,1,0
A00405_539_HLLNCDSX3_4_2236_24614_29841_1_293_+_04ca48409a1ee33b09ee3f0431a9bece,WP_374283730.1,79.381,97,20,0,1,291,229,325,7.15e-45,160,86.60,1,0
A00405_539_HLLNCDSX3_4_2236_24614_29841_1_293_+_04ca48409a1ee33b09ee3f0431a9bece,WP_424774236.1,82.292,96,17,0,1,288,233,328,8.13e-45,160,87.50,1,0
A00405_539_HLLNCDSX3_4_2236_24614_29841_1_293_+_04ca48409a1ee33b09ee3f0431a9bece,MBS3928577.1,81.443,97,18,0,1,291,234,330,9.42e-45,160,85.57,1,0
A00405_539_HLLNCDSX3_4_2236_24614_29841_1_293_+_04ca48409a1ee33b09ee3f0431a9bece,MEE4204933.1,77.660,94,21,0,7,288,233,326,1.10e-44,157,89.36,1,0
A00405_539_HLLNCDSX3_4_2236_24614_29841_1_293_+_04ca48409a1ee33b09ee3f0431a9bece,WP_379548475.1,77.083,96,22,0,1,288,226,321,1.20e-44,159,88.54,1,0
A00405_539_HLLNCDSX3_4_2236_24614_29841_1_293_+_04ca48409a1ee33b09ee3f0431a9bece,HSF12377.1,76.596,94,22,0,7,288,228,321,1.34e-44,157,90.43,1,0
A00405_539_HLLNCDSX3_4_2236_24614_29841_1_293_+_04ca48409a1ee33b09ee3f0431a9bece,MFN5903053.1,79.381,97,20,0,1,291,241,337,1.34e-44,157,84.54,1,0
A00405_539_HLLNCDSX3_4_2236_24614_29841_1_293_+_04ca48409a1ee33b09ee3f0431a9bece,WP_298166135.1,80.851,94,18,0,7,288,231,324,1.84e-44,159,91.49,1,0
A00405_539_HLLNCDSX3_4_2236_24614_29841_1_293_+_04ca48409a1ee33b09ee3f0431a9bece,WP_111991215.1,77.895,95,21,0,4,288,226,320,1.98e-44,159,88.42,1,0
A00405_539_HLLNCDSX3_4_2236_24614_29841_1_293_+_04ca48409a1ee33b09ee3f0431a9bece,WP_176273471.1,77.660,94,21,0,7,288,229,322,1.99e-44,159,91.49,1,0
A00405_539_HLLNCDSX3_4_2236_24614_29841_1_293_+_04ca48409a1ee33b09ee3f0431a9bece,MGB3471737.1,79.787,94,19,0,7,288,233,326,2.37e-44,159,90.43,1,0
A00405_539_HLLNCDSX3_4_2236_24614_29841_1_293_+_04ca48409a1ee33b09ee3f0431a9bece,WP_374589414.1,81.250,96,18,0,1,288,229,324,2.93e-44,158,87.50,1,0
A00405_539_HLLNCDSX3_4_2236_24614_29841_1_293_+_04ca48409a1ee33b09ee3f0431a9bece,WP_292973550.1,81.250,96,18,0,1,288,236,331,3.05e-44,159,87.50,1,0
A00405_539_HLLNCDSX3_4_2236_24614_29841_1_293_+_04ca48409a1ee33b09ee3f0431a9bece,WP_067601724.1,78.723,94,20,0,7,288,229,322,3.24e-44,158,89.36,1,0
A00405_539_HLLNCDSX3_4_2236_24614_29841_1_293_+_04ca48409a1ee33b09ee3f0431a9bece,WP_074203848.1,76.842,95,22,0,4,288,231,325,3.77e-44,158,90.53,1,0
A00405_539_HLLNCDSX3_4_2236_24614_29841_1_293_+_04ca48409a1ee33b09ee3f0431a9bece,WP_173205270.1,77.660,94,21,0,7,288,229,322,4.09e-44,158,91.49,1,0
A00405_539_HLLNCDSX3_4_2236_24614_29841_1_293_+_04ca48409a1ee33b09ee3f0431a9bece,MEO1490184.1,75.532,94,23,0,7,288,125,218,5.39e-44,155,90.43,1,0
A00405_539_HLLNCDSX3_4_2236_24614_29841_1_293_+_04ca48409a1ee33b09ee3f0431a9bece,MBP6362660.1,81.250,96,18,0,1,288,233,328,5.56e-44,158,85.42,1,0
A00405_539_HLLNCDSX3_4_2236_24614_29841_1_293_+_04ca48409a1ee33b09ee3f0431a9bece,WP_190788464.1,79.787,94,19,0,7,288,229,322,6.40e-44,157,89.36,1,0
A00405_539_HLLNCDSX3_4_2236_24614_29841_1_293_+_04ca48409a1ee33b09ee3f0431a9bece,WP_292997100.1,80.208,96,19,0,1,288,229,324,6.44e-44,157,87.50,1,0
A00405_539_HLLNCDSX3_4_2236_24614_29841_1_293_+_04ca48409a1ee33b09ee3f0431a9bece,WP_034902434.1,77.895,95,21,0,4,288,233,327,6.96e-44,157,89.47,1,0
A00405_539_HLLNCDSX3_4_2236_24614_29841_1_293_+_04ca48409a1ee33b09ee3f0431a9bece,MBS0481652.1,79.167,96,20,0,1,288,239,334,7.37e-44,157,86.46,1,0
A00405_539_HLLNCDSX3_4_2236_24614_29841_1_293_+_04ca48409a1ee33b09ee3f0431a9bece,MEO1647619.1,74.468,94,24,0,7,288,24,117,8.18e-44,152,88.30,1,0
A00405_539_HLLNCDSX3_4_2236_24614_29841_1_293_+_04ca48409a1ee33b09ee3f0431a9bece,WP_445538359.1,77.895,95,21,0,4,288,228,322,1.02e-43,157,89.47,1,0
A00405_539_HLLNCDSX3_4_2236_24614_29841_1_293_+_04ca48409a1ee33b09ee3f0431a9bece,RGP42021.1,77.660,94,21,0,7,288,224,317,1.11e-43,157,90.43,1,0
A00405_539_HLLNCDSX3_4_2236_24614_29841_1_293_+_04ca48409a1ee33b09ee3f0431a9bece,MBN8499848.1,78.351,97,21,0,1,291,229,325,1.12e-43,157,85.57,1,0
A00405_539_HLLNCDSX3_4_2236_24614_29841_1_293_+_04ca48409a1ee33b09ee3f0431a9bece,WP_299196071.1,76.842,95,22,0,4,288,227,321,1.13e-43,157,88.42,1,0
A00405_539_HLLNCDSX3_4_2236_24614_29841_1_293_+_04ca48409a1ee33b09ee3f0431a9bece,WP_417621032.1,77.660,94,21,0,7,288,229,322,1.13e-43,157,90.43,1,0
A00405_539_HLLNCDSX3_4_2236_24614_29841_1_293_+_04ca48409a1ee33b09ee3f0431a9bece,WP_226018204.1,78.723,94,20,0,7,288,236,329,1.90e-43,156,91.49,1,0
A00405_539_HLLNCDSX3_4_2236_24614_29841_1_293_+_04ca48409a1ee33b09ee3f0431a9bece,WP_481978992.1,77.660,94,21,0,7,288,232,325,1.98e-43,156,88.30,1,0
A00405_539_HLLNCDSX3_4_2236_24614_29841_1_293_+_04ca48409a1ee33b09ee3f0431a9bece,WP_027443293.1,76.596,94,22,0,7,288,228,321,2.11e-43,156,89.36,1,0
A00405_539_HLLNCDSX3_4_2236_24614_29841_1_293_+_04ca48409a1ee33b09ee3f0431a9bece,MEL7518949.1,74.737,95,24,0,4,288,57,151,2.44e-43,152,88.42,1,0
A00405_539_HLLNCDSX3_4_2236_24614_29841_1_293_+_04ca48409a1ee33b09ee3f0431a9bece,WP_406808817.1,78.723,94,20,0,7,288,228,321,2.69e-43,156,89.36,1,0
A00405_539_HLLNCDSX3_4_2236_24614_29841_1_293_+_04ca48409a1ee33b09ee3f0431a9bece,NBW75657.1,80.208,96,19,0,1,288,236,331,3.01e-43,156,85.42,1,0
A00405_539_HLLNCDSX3_4_2236_24614_29841_1_293_+_04ca48409a1ee33b09ee3f0431a9bece,HUQ13491.1,77.528,89,20,0,22,288,1,89,3.64e-43,149,91.01,1,0
A00405_539_HLLNCDSX3_4_2236_24614_29841_1_293_+_04ca48409a1ee33b09ee3f0431a9bece,WP_176875593.1,76.842,95,22,0,4,288,231,325,3.65e-43,155,89.47,1,0
A00405_539_HLLNCDSX3_4_2236_24614_29841_1_293_+_04ca48409a1ee33b09ee3f0431a9bece,WP_073976823.1,75.789,95,23,0,4,288,227,321,4.07e-43,153,87.37,1,0
A00405_539_HLLNCDSX3_4_2236_24614_29841_1_293_+_04ca48409a1ee33b09ee3f0431a9bece,WP_486149310.1,76.596,94,22,0,7,288,228,321,4.16e-43,155,90.43,1,0
A00405_539_HLLNCDSX3_4_2236_24614_29841_1_293_+_04ca48409a1ee33b09ee3f0431a9bece,WP_416226654.1,77.660,94,21,0,7,288,228,321,4.29e-43,155,89.36,1,0
A00405_539_HLLNCDSX3_4_2236_24614_29841_1_293_+_04ca48409a1ee33b09ee3f0431a9bece,MEO0031321.1,78.723,94,20,0,7,288,231,324,4.54e-43,155,90.43,1,0
A00405_539_HLLNCDSX3_4_2236_24614_29841_1_293_+_04ca48409a1ee33b09ee3f0431a9bece,MIH4364620.1,75.532,94,23,0,7,288,228,321,5.33e-43,153,89.36,1,0
A00405_539_HLLNCDSX3_4_2236_24614_29841_1_293_+_04ca48409a1ee33b09ee3f0431a9bece,MDP3675144.1,75.789,95,23,0,7,291,237,331,6.27e-43,155,91.58,1,0
A00405_539_HLLNCDSX3_4_2236_24614_29841_1_293_+_04ca48409a1ee33b09ee3f0431a9bece,WP_296678323.1,79.167,96,20,0,1,288,229,324,7.24e-43,155,85.42,1,0
A00405_539_HLLNCDSX3_4_2236_24614_29841_1_293_+_04ca48409a1ee33b09ee3f0431a9bece,WP_233995952.1,76.596,94,22,0,7,288,238,331,7.57e-43,155,89.36,1,0
A00405_539_HLLNCDSX3_4_2236_24614_29841_1_293_+_04ca48409a1ee33b09ee3f0431a9bece,WP_407075319.1,74.737,95,24,0,4,288,229,323,7.80e-43,155,90.53,1,0
A00405_539_HLLNCDSX3_4_2236_24614_29841_1_293_+_04ca48409a1ee33b09ee3f0431a9bece,WP_370515127.1,75.789,95,23,0,4,288,228,322,8.36e-43,154,88.42,1,0
A00405_539_HLLNCDSX3_4_2236_24614_29841_1_293_+_04ca48409a1ee33b09ee3f0431a9bece,WP_300464646.1,73.684,95,25,0,4,288,5,99,8.58e-43,149,87.37,1,0
A00405_539_HLLNCDSX3_4_2236_24614_29841_1_293_+_04ca48409a1ee33b09ee3f0431a9bece,WP_212448688.1,75.789,95,23,0,4,288,227,321,8.65e-43,154,88.42,1,0
A00405_539_HLLNCDSX3_4_2236_24614_29841_1_293_+_04ca48409a1ee33b09ee3f0431a9bece,WP_176869749.1,75.789,95,23,0,4,288,231,325,1.09e-42,154,90.53,1,0
A00405_539_HLLNCDSX3_4_2236_24614_29841_1_293_+_04ca48409a1ee33b09ee3f0431a9bece,MFN4038649.1,76.596,94,22,0,7,288,229,322,1.19e-42,154,89.36,1,0
A00405_539_HLLNCDSX3_4_2236_24614_29841_1_293_+_04ca48409a1ee33b09ee3f0431a9bece,WP_299323777.1,76.842,95,22,0,4,288,230,324,1.21e-42,154,89.47,1,0
A00405_539_HLLNCDSX3_4_2236_24614_29841_1_293_+_04ca48409a1ee33b09ee3f0431a9bece,MBS0476928.1,80.208,96,19,0,1,288,233,328,1.27e-42,154,85.42,1,0
A00405_539_HLLNCDSX3_4_2236_24614_29841_1_293_+_04ca48409a1ee33b09ee3f0431a9bece,WP_479432967.1,77.660,94,21,0,7,288,183,276,1.36e-42,153,88.30,1,0
A00405_539_HLLNCDSX3_4_2236_24614_29841_1_293_+_04ca48409a1ee33b09ee3f0431a9bece,WP_417591603.1,73.684,95,25,0,4,288,232,326,1.42e-42,154,91.58,1,0
A00405_539_HLLNCDSX3_4_2236_24614_29841_1_293_+_04ca48409a1ee33b09ee3f0431a9bece,MHR5196625.1,73.684,95,25,0,4,288,228,322,1.47e-42,153,88.42,1,0
A00405_539_HLLNCDSX3_4_2236_24614_29841_1_293_+_04ca48409a1ee33b09ee3f0431a9bece,WP_462570978.1,77.660,94,21,0,7,288,236,329,1.81e-42,154,88.30,1,0
A00405_539_HLLNCDSX3_4_2236_24614_29841_1_293_+_04ca48409a1ee33b09ee3f0431a9bece,MFZ1742880.1,76.596,94,22,0,7,288,230,323,2.01e-42,154,89.36,1,0
A00405_539_HLLNCDSX3_4_2236_24614_29841_1_293_+_04ca48409a1ee33b09ee3f0431a9bece,WP_472677389.1,75.789,95,23,0,4,288,227,321,2.15e-42,154,88.42,1,0
A00405_539_HLLNCDSX3_4_2236_24614_29841_1_293_+_04ca48409a1ee33b09ee3f0431a9bece,MHR4359723.1,74.737,95,24,0,4,288,230,324,2.19e-42,151,89.47,1,0
A00405_539_HLLNCDSX3_4_2236_24614_29841_1_293_+_04ca48409a1ee33b09ee3f0431a9bece,WP_322897331.1,75.532,94,23,0,7,288,230,323,2.65e-42,153,89.36,1,0
A00405_539_HLLNCDSX3_4_2236_24614_29841_1_293_+_04ca48409a1ee33b09ee3f0431a9bece,MEO0906232.1,75.532,94,23,0,7,288,229,322,2.66e-42,153,88.30,1,0
A00405_539_HLLNCDSX3_4_2236_24614_29841_1_293_+_04ca48409a1ee33b09ee3f0431a9bece,WP_160731010.1,75.789,95,23,0,4,288,229,323,2.73e-42,153,88.42,1,0
A00405_539_HLLNCDSX3_4_2236_24614_29841_1_293_+_04ca48409a1ee33b09ee3f0431a9bece,WP_284456779.1,74.737,95,24,0,4,288,99,193,2.84e-42,150,86.32,1,0
A00405_539_HLLNCDSX3_4_2236_24614_29841_1_293_+_04ca48409a1ee33b09ee3f0431a9bece,MAG04906.1,72.632,95,26,0,4,288,20,114,2.85e-42,148,86.32,1,0
A00405_539_HLLNCDSX3_4_2236_24614_29841_1_293_+_04ca48409a1ee33b09ee3f0431a9bece,WP_472646333.1,74.737,95,24,0,4,288,134,228,2.92e-42,151,87.37,1,0
A00405_539_HLLNCDSX3_4_2236_24614_29841_1_293_+_04ca48409a1ee33b09ee3f0431a9bece,WP_011415378.1,75.789,95,23,0,4,288,229,323,3.04e-42,153,88.42,1,0
A00405_539_HLLNCDSX3_4_2236_24614_29841_1_293_+_04ca48409a1ee33b09ee3f0431a9bece,MEO1969183.1,75.789,95,23,0,4,288,227,321,3.12e-42,153,89.47,1,0
A00405_539_HLLNCDSX3_4_2236_24614_29841_1_293_+_04ca48409a1ee33b09ee3f0431a9bece,MBA4050940.1,74.468,94,24,0,7,288,182,275,3.20e-42,152,89.36,1,0
A00405_539_HLLNCDSX3_4_2236_24614_29841_1_293_+_04ca48409a1ee33b09ee3f0431a9bece,MEM8726958.1,74.737,95,24,0,4,288,233,327,3.33e-42,152,89.47,1,0
A00405_539_HLLNCDSX3_4_2236_24614_29841_1_293_+_04ca48409a1ee33b09ee3f0431a9bece,MEL6878030.1,73.684,95,25,0,4,288,233,327,3.36e-42,152,89.47,1,0
A00405_539_HLLNCDSX3_4_2236_24614_29841_1_293_+_04ca48409a1ee33b09ee3f0431a9bece,WP_409412835.1,74.737,95,24,0,4,288,230,324,3.37e-42,153,89.47,1,0
A00405_539_HLLNCDSX3_4_2236_24614_29841_1_293_+_04ca48409a1ee33b09ee3f0431a9bece,WP_391562806.1,79.167,96,20,0,1,288,234,329,3.73e-42,153,84.38,1,0
A00405_539_HLLNCDSX3_4_2236_24614_29841_1_293_+_04ca48409a1ee33b09ee3f0431a9bece,MEM7689794.1,75.532,94,23,0,7,288,229,322,3.97e-42,153,88.30,1,0
A00405_539_HLLNCDSX3_4_2236_24614_29841_1_293_+_04ca48409a1ee33b09ee3f0431a9bece,WP_300595526.1,76.596,94,22,0,7,288,233,326,4.01e-42,153,89.36,1,0
A00405_539_HLLNCDSX3_4_1412_10022_10770_1_291_+_16759ee50eb37c248e99815d17ac3c88,WP_115548167.1,100.000,96,0,0,1,288,208,303,1.37e-58,195,100.00,1,0
A00405_539_HLLNCDSX3_4_1412_10022_10770_1_291_+_16759ee50eb37c248e99815d17ac3c88,MEW6404176.1,98.889,90,1,0,19,288,1,90,6.90e-56,182,98.89,1,0
A00405_539_HLLNCDSX3_4_1412_10022_10770_1_291_+_16759ee50eb37c248e99815d17ac3c88,NBU84939.1,84.375,96,15,0,1,288,208,303,4.85e-48,168,90.62,1,0
A00405_539_HLLNCDSX3_4_1412_10022_10770_1_291_+_16759ee50eb37c248e99815d17ac3c88,WP_264425172.1,83.158,95,16,0,4,288,209,303,1.46e-46,164,90.53,1,0
A00405_539_HLLNCDSX3_4_1412_10022_10770_1_291_+_16759ee50eb37c248e99815d17ac3c88,WP_072383540.1,81.250,96,18,0,1,288,207,302,1.53e-46,164,91.67,1,0
A00405_539_HLLNCDSX3_4_1412_10022_10770_1_291_+_16759ee50eb37c248e99815d17ac3c88,WP_246202972.1,80.208,96,19,0,1,288,208,303,1.01e-45,162,89.58,1,0
A00405_539_HLLNCDSX3_4_1412_10022_10770_1_291_+_16759ee50eb37c248e99815d17ac3c88,MGQ2929673.1,79.167,96,20,0,1,288,213,308,2.49e-45,159,89.58,1,0
A00405_539_HLLNCDSX3_4_1412_10022_10770_1_291_+_16759ee50eb37c248e99815d17ac3c88,MDP3676554.1,80.208,96,19,0,1,288,211,306,3.65e-45,160,88.54,1,0
A00405_539_HLLNCDSX3_4_1412_10022_10770_1_291_+_16759ee50eb37c248e99815d17ac3c88,MEY4238993.1,79.167,96,20,0,1,288,207,302,5.80e-45,160,89.58,1,0
A00405_539_HLLNCDSX3_4_1412_10022_10770_1_291_+_16759ee50eb37c248e99815d17ac3c88,MEP7351475.1,78.125,96,21,0,1,288,207,302,5.48e-44,157,86.46,1,0
A00405_539_HLLNCDSX3_4_1412_10022_10770_1_291_+_16759ee50eb37c248e99815d17ac3c88,WP_058809586.1,78.125,96,21,0,1,288,213,308,3.06e-43,155,87.50,1,0
A00405_539_HLLNCDSX3_4_1412_10022_10770_1_291_+_16759ee50eb37c248e99815d17ac3c88,WP_379539286.1,77.083,96,22,0,1,288,218,313,4.00e-43,155,88.54,1,0
A00405_539_HLLNCDSX3_4_1412_10022_10770_1_291_+_16759ee50eb37c248e99815d17ac3c88,WP_342354391.1,78.125,96,21,0,1,288,252,347,5.96e-43,155,87.50,1,0
A00405_539_HLLNCDSX3_4_1412_10022_10770_1_291_+_16759ee50eb37c248e99815d17ac3c88,MIB3449297.1,80.645,93,18,0,10,288,214,306,7.61e-43,154,89.25,1,0
A00405_539_HLLNCDSX3_4_1412_10022_10770_1_291_+_16759ee50eb37c248e99815d17ac3c88,MCK9541260.1,75.000,96,24,0,1,288,211,306,2.00e-42,153,90.62,1,0
A00405_539_HLLNCDSX3_4_1412_10022_10770_1_291_+_16759ee50eb37c248e99815d17ac3c88,WP_481847088.1,71.287,101,24,1,1,288,7,107,3.40e-42,147,83.17,1,0
A00405_539_HLLNCDSX3_4_1412_10022_10770_1_291_+_16759ee50eb37c248e99815d17ac3c88,MHK4224210.1,73.958,96,25,0,1,288,212,307,3.46e-42,152,88.54,1,0
A00405_539_HLLNCDSX3_4_1412_10022_10770_1_291_+_16759ee50eb37c248e99815d17ac3c88,WP_226019011.1,77.083,96,22,0,1,288,161,256,3.67e-42,151,85.42,1,0
A00405_539_HLLNCDSX3_4_1412_10022_10770_1_291_+_16759ee50eb37c248e99815d17ac3c88,WP_332042215.1,75.000,96,24,0,1,288,213,308,4.44e-41,150,86.46,1,0
A00405_539_HLLNCDSX3_4_1412_10022_10770_1_291_+_16759ee50eb37c248e99815d17ac3c88,WP_215350339.1,73.958,96,25,0,1,288,212,307,5.20e-41,150,85.42,1,0
A00405_539_HLLNCDSX3_4_1412_10022_10770_1_291_+_16759ee50eb37c248e99815d17ac3c88,MEZ5708084.1,72.340,94,26,0,7,288,217,310,1.01e-40,149,86.17,1,0
A00405_539_HLLNCDSX3_4_1412_10022_10770_1_291_+_16759ee50eb37c248e99815d17ac3c88,MGN6691752.1,72.917,96,26,0,1,288,203,298,1.10e-40,149,87.50,1,0
A00405_539_HLLNCDSX3_4_1412_10022_10770_1_291_+_16759ee50eb37c248e99815d17ac3c88,HMT45108.1,72.340,94,26,0,7,288,207,300,1.52e-40,148,88.30,1,0
A00405_539_HLLNCDSX3_4_1412_10022_10770_1_291_+_16759ee50eb37c248e99815d17ac3c88,WP_184097954.1,72.917,96,26,0,1,288,212,307,1.89e-40,148,85.42,1,0
A00405_539_HLLNCDSX3_4_1412_10022_10770_1_291_+_16759ee50eb37c248e99815d17ac3c88,WP_445388507.1,69.149,94,29,0,7,288,206,299,4.42e-40,147,86.17,1,0
A00405_539_HLLNCDSX3_4_1412_10022_10770_1_291_+_16759ee50eb37c248e99815d17ac3c88,PKP99057.1,69.792,96,29,0,1,288,212,307,5.06e-40,145,86.46,1,0
A00405_539_HLLNCDSX3_4_1412_10022_10770_1_291_+_16759ee50eb37c248e99815d17ac3c88,WP_323798907.1,72.917,96,26,0,1,288,213,308,7.20e-40,147,84.38,1,0
A00405_539_HLLNCDSX3_4_1412_10022_10770_1_291_+_16759ee50eb37c248e99815d17ac3c88,WP_454559936.1,72.340,94,26,0,7,288,218,311,2.18e-39,145,82.98,1,0
A00405_539_HLLNCDSX3_4_1412_10022_10770_1_291_+_16759ee50eb37c248e99815d17ac3c88,WP_374284565.1,71.277,94,27,0,7,288,206,299,4.53e-39,144,85.11,1,0
A00405_539_HLLNCDSX3_4_1412_10022_10770_1_291_+_16759ee50eb37c248e99815d17ac3c88,WP_100867222.1,70.213,94,28,0,7,288,206,299,7.74e-39,144,85.11,1,0
A00405_539_HLLNCDSX3_4_1412_10022_10770_1_291_+_16759ee50eb37c248e99815d17ac3c88,WP_409742902.1,69.474,95,29,0,4,288,213,307,5.36e-38,142,81.05,1,0
A00405_539_HLLNCDSX3_4_1412_10022_10770_1_291_+_16759ee50eb37c248e99815d17ac3c88,WP_292684403.1,68.085,94,30,0,7,288,217,310,6.19e-38,142,84.04,1,0
A00405_539_HLLNCDSX3_4_1412_10022_10770_1_291_+_16759ee50eb37c248e99815d17ac3c88,WP_354325720.1,70.213,94,28,0,7,288,213,306,1.17e-37,141,82.98,1,0
A00405_539_HLLNCDSX3_4_1412_10022_10770_1_291_+_16759ee50eb37c248e99815d17ac3c88,WP_298023395.1,70.833,96,28,0,1,288,211,306,5.98e-37,139,82.29,1,0
A00405_539_HLLNCDSX3_4_1412_10022_10770_1_291_+_16759ee50eb37c248e99815d17ac3c88,WP_256385674.1,66.667,96,32,0,1,288,150,245,8.72e-37,137,81.25,1,0
A00405_539_HLLNCDSX3_4_1412_10022_10770_1_291_+_16759ee50eb37c248e99815d17ac3c88,MDR2880737.1,63.542,96,35,0,1,288,38,133,8.89e-37,134,82.29,1,0
A00405_539_HLLNCDSX3_4_1412_10022_10770_1_291_+_16759ee50eb37c248e99815d17ac3c88,WP_374526942.1,70.213,94,28,0,7,288,207,300,1.12e-36,138,81.91,1,0
A00405_539_HLLNCDSX3_4_1412_10022_10770_1_291_+_16759ee50eb37c248e99815d17ac3c88,MDP3677402.1,70.787,89,26,0,22,288,1,89,1.13e-36,133,80.90,1,0
A00405_539_HLLNCDSX3_4_1412_10022_10770_1_291_+_16759ee50eb37c248e99815d17ac3c88,WP_300882101.1,67.368,95,31,0,4,288,185,279,1.57e-36,137,82.11,1,0
A00405_539_HLLNCDSX3_4_1412_10022_10770_1_291_+_16759ee50eb37c248e99815d17ac3c88,WP_380806196.1,64.583,96,34,0,1,288,149,244,6.85e-36,135,80.21,1,0
A00405_539_HLLNCDSX3_4_1412_10022_10770_1_291_+_16759ee50eb37c248e99815d17ac3c88,MET0587447.1,65.263,95,33,0,4,288,217,311,6.93e-36,136,78.95,1,0
A00405_539_HLLNCDSX3_4_1412_10022_10770_1_291_+_16759ee50eb37c248e99815d17ac3c88,WP_305700106.1,62.766,94,35,0,7,288,207,300,1.56e-34,132,84.04,1,0
A00405_539_HLLNCDSX3_4_1412_10022_10770_1_291_+_16759ee50eb37c248e99815d17ac3c88,HYP62579.1,61.458,96,37,0,1,288,80,175,1.72e-34,130,77.08,1,0
A00405_539_HLLNCDSX3_4_1412_10022_10770_1_291_+_16759ee50eb37c248e99815d17ac3c88,MHQ2389040.1,59.375,96,39,0,1,288,26,121,2.12e-34,128,82.29,1,0
A00405_539_HLLNCDSX3_4_1412_10022_10770_1_291_+_16759ee50eb37c248e99815d17ac3c88,MFM5907346.1,62.500,96,36,0,1,288,217,312,2.55e-34,132,80.21,1,0
A00405_539_HLLNCDSX3_4_1412_10022_10770_1_291_+_16759ee50eb37c248e99815d17ac3c88,MCB2064057.1,62.500,96,36,0,1,288,41,136,2.94e-34,128,76.04,1,0
A00405_539_HLLNCDSX3_4_1412_10022_10770_1_291_+_16759ee50eb37c248e99815d17ac3c88,WP_367774464.1,64.583,96,34,0,1,288,215,310,3.15e-34,132,78.12,1,0
A00405_539_HLLNCDSX3_4_1412_10022_10770_1_291_+_16759ee50eb37c248e99815d17ac3c88,MHK1821476.1,63.542,96,35,0,1,288,227,322,3.22e-34,132,79.17,1,0
A00405_539_HLLNCDSX3_4_1412_10022_10770_1_291_+_16759ee50eb37c248e99815d17ac3c88,WP_275227510.1,63.542,96,35,0,1,288,216,311,5.76e-34,131,79.17,1,0
A00405_539_HLLNCDSX3_4_1412_10022_10770_1_291_+_16759ee50eb37c248e99815d17ac3c88,MEY2927786.1,60.417,96,38,0,1,288,204,299,9.05e-34,130,80.21,1,0
A00405_539_HLLNCDSX3_4_1412_10022_10770_1_291_+_16759ee50eb37c248e99815d17ac3c88,MBU3993337.1,62.500,96,36,0,1,288,215,310,9.79e-34,130,77.08,1,0
A00405_539_HLLNCDSX3_4_1412_10022_10770_1_291_+_16759ee50eb37c248e99815d17ac3c88,RYY42586.1,58.333,96,40,0,1,288,135,230,1.08e-33,129,79.17,1,0
A00405_539_HLLNCDSX3_4_1412_10022_10770_1_291_+_16759ee50eb37c248e99815d17ac3c88,HEX7753279.1,62.500,96,36,0,1,288,216,311,1.13e-33,130,78.12,1,0
A00405_539_HLLNCDSX3_4_1412_10022_10770_1_291_+_16759ee50eb37c248e99815d17ac3c88,MGB8365435.1,61.458,96,37,0,1,288,213,308,1.84e-33,130,80.21,1,0
A00405_539_HLLNCDSX3_4_1412_10022_10770_1_291_+_16759ee50eb37c248e99815d17ac3c88,WP_174274452.1,60.417,96,38,0,1,288,215,310,3.40e-33,129,80.21,1,0
A00405_539_HLLNCDSX3_4_1412_10022_10770_1_291_+_16759ee50eb37c248e99815d17ac3c88,MIB5604836.1,61.458,96,37,0,1,288,214,309,3.84e-33,129,80.21,1,0
A00405_539_HLLNCDSX3_4_1412_10022_10770_1_291_+_16759ee50eb37c248e99815d17ac3c88,WP_463780126.1,61.458,96,37,0,1,288,215,310,3.89e-33,129,78.12,1,0
A00405_539_HLLNCDSX3_4_1412_10022_10770_1_291_+_16759ee50eb37c248e99815d17ac3c88,WP_503591280.1,61.458,96,37,0,1,288,216,311,4.49e-33,129,78.12,1,0
A00405_539_HLLNCDSX3_4_1412_10022_10770_1_291_+_16759ee50eb37c248e99815d17ac3c88,WP_436010073.1,60.417,96,38,0,1,288,212,307,6.99e-33,128,79.17,1,0
A00405_539_HLLNCDSX3_4_1412_10022_10770_1_291_+_16759ee50eb37c248e99815d17ac3c88,MBW8784936.1,60.417,96,38,0,1,288,215,310,8.19e-33,128,79.17,1,0
A00405_539_HLLNCDSX3_4_1412_10022_10770_1_291_+_16759ee50eb37c248e99815d17ac3c88,MDB5726127.1,62.500,96,36,0,1,288,216,311,1.15e-32,128,77.08,1,0
A00405_539_HLLNCDSX3_4_1412_10022_10770_1_291_+_16759ee50eb37c248e99815d17ac3c88,MCB2049007.1,60.417,96,38,0,1,288,205,300,1.15e-32,128,75.00,1,0
A00405_539_HLLNCDSX3_4_1412_10022_10770_1_291_+_16759ee50eb37c248e99815d17ac3c88,MDR2858714.1,61.458,96,37,0,1,288,225,320,1.16e-32,128,76.04,1,0
A00405_539_HLLNCDSX3_4_1412_10022_10770_1_291_+_16759ee50eb37c248e99815d17ac3c88,WP_098107084.1,62.766,94,35,0,7,288,217,310,1.39e-32,127,77.66,1,0
A00405_539_HLLNCDSX3_4_1412_10022_10770_1_291_+_16759ee50eb37c248e99815d17ac3c88,WP_243652539.1,61.458,96,37,0,1,288,265,360,1.58e-32,128,78.12,1,0
A00405_539_HLLNCDSX3_4_1412_10022_10770_1_291_+_16759ee50eb37c248e99815d17ac3c88,MCB2072142.1,63.830,94,34,0,7,288,222,315,1.79e-32,127,76.60,1,0
A00405_539_HLLNCDSX3_4_1412_10022_10770_1_291_+_16759ee50eb37c248e99815d17ac3c88,MCB2060484.1,63.830,94,34,0,7,288,228,321,2.30e-32,127,76.60,1,0
A00405_539_HLLNCDSX3_4_1412_10022_10770_1_291_+_16759ee50eb37c248e99815d17ac3c88,MET0248215.1,61.458,96,37,0,1,288,215,310,2.47e-32,127,79.17,1,0
A00405_539_HLLNCDSX3_4_1412_10022_10770_1_291_+_16759ee50eb37c248e99815d17ac3c88,WP_486538201.1,62.500,96,36,0,1,288,215,310,3.06e-32,127,77.08,1,0
A00405_539_HLLNCDSX3_4_1412_10022_10770_1_291_+_16759ee50eb37c248e99815d17ac3c88,MFA7603326.1,60.417,96,38,0,1,288,224,319,3.61e-32,127,76.04,1,0
A00405_539_HLLNCDSX3_4_1412_10022_10770_1_291_+_16759ee50eb37c248e99815d17ac3c88,MBV1917152.1,59.375,96,39,0,1,288,226,321,3.84e-32,127,76.04,1,0
A00405_539_HLLNCDSX3_4_1412_10022_10770_1_291_+_16759ee50eb37c248e99815d17ac3c88,WP_217398080.1,59.375,96,39,0,1,288,215,310,4.14e-32,126,78.12,1,0
A00405_539_HLLNCDSX3_4_1412_10022_10770_1_291_+_16759ee50eb37c248e99815d17ac3c88,WP_418258005.1,60.417,96,38,0,1,288,214,309,4.38e-32,126,77.08,1,0
A00405_539_HLLNCDSX3_4_1412_10022_10770_1_291_+_16759ee50eb37c248e99815d17ac3c88,WP_159873001.1,61.458,96,37,0,1,288,215,310,4.68e-32,126,76.04,1,0
A00405_539_HLLNCDSX3_4_1412_10022_10770_1_291_+_16759ee50eb37c248e99815d17ac3c88,WP_217406088.1,58.333,96,40,0,1,288,224,319,4.78e-32,126,76.04,1,0
A00405_539_HLLNCDSX3_4_1412_10022_10770_1_291_+_16759ee50eb37c248e99815d17ac3c88,MHZ1133838.1,60.417,96,38,0,1,288,225,320,4.83e-32,126,76.04,1,0
A00405_539_HLLNCDSX3_4_1412_10022_10770_1_291_+_16759ee50eb37c248e99815d17ac3c88,MIK0829967.1,60.417,96,38,0,1,288,216,311,5.34e-32,126,78.12,1,0
A00405_539_HLLNCDSX3_4_1412_10022_10770_1_291_+_16759ee50eb37c248e99815d17ac3c88,MGN6356660.1,60.417,96,38,0,1,288,216,311,6.84e-32,125,79.17,1,0
A00405_539_HLLNCDSX3_4_1412_10022_10770_1_291_+_16759ee50eb37c248e99815d17ac3c88,WP_310531685.1,58.333,96,40,0,1,288,217,312,7.80e-32,125,78.12,1,0
A00405_539_HLLNCDSX3_4_1412_10022_10770_1_291_+_16759ee50eb37c248e99815d17ac3c88,WP_297489621.1,61.458,96,37,0,1,288,212,307,1.06e-31,125,76.04,1,0
A00405_539_HLLNCDSX3_4_1412_10022_10770_1_291_+_16759ee50eb37c248e99815d17ac3c88,MBW8752998.1,60.417,96,38,0,1,288,225,320,1.20e-31,125,76.04,1,0
A00405_539_HLLNCDSX3_4_1412_10022_10770_1_291_+_16759ee50eb37c248e99815d17ac3c88,MHQ2400030.1,60.417,96,38,0,1,288,215,310,1.71e-31,125,77.08,1,0
A00405_539_HLLNCDSX3_4_1412_10022_10770_1_291_+_16759ee50eb37c248e99815d17ac3c88,TAL02612.1,60.417,96,38,0,1,288,216,311,1.87e-31,125,76.04,1,0
A00405_539_HLLNCDSX3_4_1412_10022_10770_1_291_+_16759ee50eb37c248e99815d17ac3c88,WP_304560724.1,60.638,94,37,0,7,288,217,310,2.29e-31,124,77.66,1,0
A00405_539_HLLNCDSX3_4_1412_10022_10770_1_291_+_16759ee50eb37c248e99815d17ac3c88,HMT45882.1,71.429,77,22,0,58,288,1,77,2.37e-31,119,85.71,1,0
A00405_539_HLLNCDSX3_4_1412_10022_10770_1_291_+_16759ee50eb37c248e99815d17ac3c88,WP_024021174.1,59.794,97,38,1,1,288,209,305,2.50e-31,124,79.38,1,0
A00405_539_HLLNCDSX3_4_1412_10022_10770_1_291_+_16759ee50eb37c248e99815d17ac3c88,MGE3693251.1,57.292,96,41,0,1,288,226,321,2.52e-31,124,76.04,1,0
A00405_539_HLLNCDSX3_4_1412_10022_10770_1_291_+_16759ee50eb37c248e99815d17ac3c88,WP_404911662.1,59.375,96,39,0,1,288,215,310,2.77e-31,124,77.08,1,0
A00405_539_HLLNCDSX3_4_1412_10022_10770_1_291_+_16759ee50eb37c248e99815d17ac3c88,MCB2077317.1,59.574,94,38,0,7,288,226,319,2.93e-31,124,75.53,1,0
A00405_539_HLLNCDSX3_4_1412_10022_10770_1_291_+_16759ee50eb37c248e99815d17ac3c88,MDE2303366.1,57.292,96,41,0,1,288,214,309,3.88e-31,124,79.17,1,0
A00405_539_HLLNCDSX3_4_1412_10022_10770_1_291_+_16759ee50eb37c248e99815d17ac3c88,MBM3594984.1,58.333,96,40,0,1,288,234,329,4.22e-31,122,75.00,1,0
A00405_539_HLLNCDSX3_4_1412_10022_10770_1_291_+_16759ee50eb37c248e99815d17ac3c88,WP_481843902.1,60.417,96,38,0,1,288,216,311,4.99e-31,124,77.08,1,0
A00405_539_HLLNCDSX3_4_1412_10022_10770_1_291_+_16759ee50eb37c248e99815d17ac3c88,WP_260047681.1,60.417,96,38,0,1,288,215,310,5.45e-31,123,76.04,1,0
A00405_539_HLLNCDSX3_4_1412_10022_10770_1_291_+_16759ee50eb37c248e99815d17ac3c88,MHQ2329312.1,60.417,96,38,0,1,288,214,309,5.45e-31,123,77.08,1,0
A00405_539_HLLNCDSX3_4_1412_10022_10770_1_291_+_16759ee50eb37c248e99815d17ac3c88,HEY0958257.1,56.250,96,42,0,1,288,212,307,5.53e-31,123,76.04,1,0
A00405_539_HLLNCDSX3_4_1412_10022_10770_1_291_+_16759ee50eb37c248e99815d17ac3c88,WP_481851614.1,57.292,96,41,0,1,288,217,312,5.67e-31,123,75.00,1,0
A00405_539_HLLNCDSX3_4_1412_10022_10770_1_291_+_16759ee50eb37c248e99815d17ac3c88,MHZ1098615.1,61.702,94,36,0,7,288,227,320,5.77e-31,123,75.53,1,0
A00405_539_HLLNCDSX3_4_1412_10022_10770_1_291_+_16759ee50eb37c248e99815d17ac3c88,WP_264446674.1,57.292,96,41,0,1,288,224,319,5.82e-31,123,75.00,1,0
A00405_539_HLLNCDSX3_4_1412_10022_10770_1_291_+_16759ee50eb37c248e99815d17ac3c88,MDG2003793.1,60.417,96,38,0,1,288,226,321,5.91e-31,123,72.92,1,0
A00405_539_HLLNCDSX3_4_1412_10022_10770_1_291_+_16759ee50eb37c248e99815d17ac3c88,WP_481136725.1,60.417,96,38,0,1,288,210,305,6.89e-31,123,75.00,1,0
A00405_539_HLLNCDSX3_4_1402_30318_9439_1_266_-_252b574501f4a55884860c129baf3fba,WP_293676780.1,87.500,88,11,0,1,264,242,329,3.50e-44,157,95.45,1,0
A00405_539_HLLNCDSX3_4_1402_30318_9439_1_266_-_252b574501f4a55884860c129baf3fba,WP_377371426.1,86.364,88,12,0,1,264,242,329,1.75e-43,155,95.45,1,0
A00405_539_HLLNCDSX3_4_1402_30318_9439_1_266_-_252b574501f4a55884860c129baf3fba,WP_374344446.1,82.955,88,15,0,1,264,242,329,3.65e-41,149,93.18,1,0
A00405_539_HLLNCDSX3_4_1402_30318_9439_1_266_-_252b574501f4a55884860c129baf3fba,MCE3290574.1,78.409,88,19,0,1,264,159,246,6.66e-41,147,89.77,1,0
A00405_539_HLLNCDSX3_4_1402_30318_9439_1_266_-_252b574501f4a55884860c129baf3fba,MES2086790.1,79.545,88,18,0,1,264,249,336,9.03e-41,149,90.91,1,0
A00405_539_HLLNCDSX3_4_1402_30318_9439_1_266_-_252b574501f4a55884860c129baf3fba,WP_331504689.1,82.955,88,15,0,1,264,242,329,1.30e-40,148,88.64,1,0
A00405_539_HLLNCDSX3_4_1402_30318_9439_1_266_-_252b574501f4a55884860c129baf3fba,MEI6440069.1,79.545,88,18,0,1,264,242,329,1.37e-40,148,90.91,1,0
A00405_539_HLLNCDSX3_4_1402_30318_9439_1_266_-_252b574501f4a55884860c129baf3fba,HEY5105981.1,79.545,88,18,0,1,264,237,324,1.90e-40,147,89.77,1,0
A00405_539_HLLNCDSX3_4_1402_30318_9439_1_266_-_252b574501f4a55884860c129baf3fba,WP_211940153.1,79.545,88,18,0,1,264,250,337,1.92e-40,148,87.50,1,0
A00405_539_HLLNCDSX3_4_1402_30318_9439_1_266_-_252b574501f4a55884860c129baf3fba,WP_293451825.1,81.818,88,16,0,1,264,242,329,2.27e-40,147,92.05,1,0
A00405_539_HLLNCDSX3_4_1402_30318_9439_1_266_-_252b574501f4a55884860c129baf3fba,HEY2660360.1,80.682,88,17,0,1,264,242,329,2.69e-40,147,88.64,1,0
A00405_539_HLLNCDSX3_4_1402_30318_9439_1_266_-_252b574501f4a55884860c129baf3fba,WP_332772367.1,77.273,88,20,0,1,264,242,329,7.00e-40,146,89.77,1,0
A00405_539_HLLNCDSX3_4_1402_30318_9439_1_266_-_252b574501f4a55884860c129baf3fba,HEX3918361.1,80.682,88,17,0,1,264,239,326,9.21e-40,145,88.64,1,0
A00405_539_HLLNCDSX3_4_1402_30318_9439_1_266_-_252b574501f4a55884860c129baf3fba,MBV9694801.1,75.000,88,22,0,1,264,67,154,1.15e-39,141,85.23,1,0
A00405_539_HLLNCDSX3_4_1402_30318_9439_1_266_-_252b574501f4a55884860c129baf3fba,WP_423305579.1,79.545,88,18,0,1,264,252,339,1.69e-39,145,88.64,1,0
A00405_539_HLLNCDSX3_4_1402_30318_9439_1_266_-_252b574501f4a55884860c129baf3fba,MEP6967867.1,76.136,88,21,0,1,264,243,330,2.41e-39,145,90.91,1,0
A00405_539_HLLNCDSX3_4_1402_30318_9439_1_266_-_252b574501f4a55884860c129baf3fba,MFI4949792.1,81.818,88,16,0,1,264,242,329,2.57e-39,145,87.50,1,0
A00405_539_HLLNCDSX3_4_1402_30318_9439_1_266_-_252b574501f4a55884860c129baf3fba,MBV8798767.1,71.591,88,25,0,1,264,72,159,3.10e-39,140,84.09,1,0
A00405_539_HLLNCDSX3_4_1402_30318_9439_1_266_-_252b574501f4a55884860c129baf3fba,WP_488952633.1,79.545,88,18,0,1,264,242,329,5.31e-39,144,89.77,1,0
A00405_539_HLLNCDSX3_4_1402_30318_9439_1_266_-_252b574501f4a55884860c129baf3fba,WP_310539350.1,79.545,88,18,0,1,264,242,329,5.31e-39,144,89.77,1,0
A00405_539_HLLNCDSX3_4_1402_30318_9439_1_266_-_252b574501f4a55884860c129baf3fba,MGI9169615.1,77.273,88,20,0,1,264,251,338,5.54e-39,144,86.36,1,0
A00405_539_HLLNCDSX3_4_1402_30318_9439_1_266_-_252b574501f4a55884860c129baf3fba,TAM99597.1,73.864,88,23,0,1,264,188,275,7.82e-39,142,85.23,1,0
A00405_539_HLLNCDSX3_4_1402_30318_9439_1_266_-_252b574501f4a55884860c129baf3fba,OYU71188.1,78.409,88,19,0,1,264,242,329,7.85e-39,143,89.77,1,0
A00405_539_HLLNCDSX3_4_1402_30318_9439_1_266_-_252b574501f4a55884860c129baf3fba,HWA88808.1,76.136,88,21,0,1,264,245,332,8.37e-39,143,85.23,1,0
A00405_539_HLLNCDSX3_4_1402_30318_9439_1_266_-_252b574501f4a55884860c129baf3fba,MBS0411320.1,77.273,88,20,0,1,264,247,334,1.15e-38,143,88.64,1,0
A00405_539_HLLNCDSX3_4_1402_30318_9439_1_266_-_252b574501f4a55884860c129baf3fba,MFI4975674.1,76.136,88,21,0,1,264,242,329,1.63e-38,142,90.91,1,0
A00405_539_HLLNCDSX3_4_1402_30318_9439_1_266_-_252b574501f4a55884860c129baf3fba,MGH6972936.1,77.273,88,20,0,1,264,239,326,1.66e-38,142,86.36,1,0
A00405_539_HLLNCDSX3_4_1402_30318_9439_1_266_-_252b574501f4a55884860c129baf3fba,HLY78340.1,75.000,88,22,0,1,264,86,173,1.73e-38,139,84.09,1,0
A00405_539_HLLNCDSX3_4_1402_30318_9439_1_266_-_252b574501f4a55884860c129baf3fba,WP_271066382.1,76.136,88,21,0,1,264,242,329,2.09e-38,142,90.91,1,0
A00405_539_HLLNCDSX3_4_1402_30318_9439_1_266_-_252b574501f4a55884860c129baf3fba,HEX5378455.1,77.273,88,20,0,1,264,242,329,2.36e-38,142,85.23,1,0
A00405_539_HLLNCDSX3_4_1402_30318_9439_1_266_-_252b574501f4a55884860c129baf3fba,WP_372785410.1,79.545,88,18,0,1,264,242,329,2.41e-38,142,89.77,1,0
A00405_539_HLLNCDSX3_4_1402_30318_9439_1_266_-_252b574501f4a55884860c129baf3fba,MHR4526915.1,72.727,88,24,0,1,264,245,332,2.74e-38,142,87.50,1,0
A00405_539_HLLNCDSX3_4_1402_30318_9439_1_266_-_252b574501f4a55884860c129baf3fba,HWA62011.1,75.000,88,22,0,1,264,243,330,2.82e-38,142,88.64,1,0
A00405_539_HLLNCDSX3_4_1402_30318_9439_1_266_-_252b574501f4a55884860c129baf3fba,HTQ14167.1,77.273,88,20,0,1,264,251,338,3.14e-38,142,86.36,1,0
A00405_539_HLLNCDSX3_4_1402_30318_9439_1_266_-_252b574501f4a55884860c129baf3fba,HWF76839.1,77.273,88,20,0,1,264,250,337,3.28e-38,142,86.36,1,0
A00405_539_HLLNCDSX3_4_1402_30318_9439_1_266_-_252b574501f4a55884860c129baf3fba,MBX3479968.1,77.273,88,20,0,1,264,242,329,4.60e-38,141,88.64,1,0
A00405_539_HLLNCDSX3_4_1402_30318_9439_1_266_-_252b574501f4a55884860c129baf3fba,MBV8978352.1,75.000,88,22,0,1,264,245,332,6.19e-38,141,85.23,1,0
A00405_539_HLLNCDSX3_4_1402_30318_9439_1_266_-_252b574501f4a55884860c129baf3fba,MHR4555700.1,73.864,88,23,0,1,264,245,332,6.30e-38,141,86.36,1,0
A00405_539_HLLNCDSX3_4_1402_30318_9439_1_266_-_252b574501f4a55884860c129baf3fba,HEX7759796.1,75.000,88,22,0,1,264,243,330,6.93e-38,141,88.64,1,0
A00405_539_HLLNCDSX3_4_1402_30318_9439_1_266_-_252b574501f4a55884860c129baf3fba,MHR6521799.1,77.273,88,20,0,1,264,253,340,7.03e-38,141,89.77,1,0
A00405_539_HLLNCDSX3_4_1402_30318_9439_1_266_-_252b574501f4a55884860c129baf3fba,MDE3114457.1,73.864,88,23,0,1,264,245,332,7.89e-38,141,86.36,1,0
A00405_539_HLLNCDSX3_4_1402_30318_9439_1_266_-_252b574501f4a55884860c129baf3fba,HXM00830.1,75.000,88,22,0,1,264,245,332,8.86e-38,140,85.23,1,0
A00405_539_HLLNCDSX3_4_1402_30318_9439_1_266_-_252b574501f4a55884860c129baf3fba,HVV33008.1,76.136,88,21,0,1,264,242,329,9.15e-38,140,86.36,1,0
A00405_539_HLLNCDSX3_4_1402_30318_9439_1_266_-_252b574501f4a55884860c129baf3fba,HVU19173.1,73.864,88,23,0,1,264,245,332,9.21e-38,139,82.95,1,0
A00405_539_HLLNCDSX3_4_1402_30318_9439_1_266_-_252b574501f4a55884860c129baf3fba,MGC8534268.1,73.864,88,23,0,1,264,241,328,9.45e-38,140,88.64,1,0
A00405_539_HLLNCDSX3_4_1402_30318_9439_1_266_-_252b574501f4a55884860c129baf3fba,HZC17023.1,77.273,88,20,0,1,264,242,329,9.96e-38,140,86.36,1,0
A00405_539_HLLNCDSX3_4_1402_30318_9439_1_266_-_252b574501f4a55884860c129baf3fba,HSM96460.1,71.591,88,25,0,1,264,60,147,1.07e-37,136,84.09,1,0
A00405_539_HLLNCDSX3_4_1402_30318_9439_1_266_-_252b574501f4a55884860c129baf3fba,HEY3799228.1,75.000,88,22,0,1,264,244,331,1.09e-37,140,88.64,1,0
A00405_539_HLLNCDSX3_4_1402_30318_9439_1_266_-_252b574501f4a55884860c129baf3fba,MBV9990728.1,75.000,88,22,0,1,264,253,340,1.12e-37,140,85.23,1,0
A00405_539_HLLNCDSX3_4_1402_30318_9439_1_266_-_252b574501f4a55884860c129baf3fba,HEY1612195.1,76.136,88,21,0,1,264,244,331,1.36e-37,140,89.77,1,0
A00405_539_HLLNCDSX3_4_1402_30318_9439_1_266_-_252b574501f4a55884860c129baf3fba,HEY5047334.1,75.000,88,22,0,1,264,244,331,1.37e-37,140,87.50,1,0
A00405_539_HLLNCDSX3_4_1402_30318_9439_1_266_-_252b574501f4a55884860c129baf3fba,MGD0865342.1,73.864,88,23,0,1,264,244,331,1.57e-37,140,85.23,1,0
A00405_539_HLLNCDSX3_4_1402_30318_9439_1_266_-_252b574501f4a55884860c129baf3fba,HTT99951.1,70.455,88,26,0,1,264,128,215,1.99e-37,137,85.23,1,0
A00405_539_HLLNCDSX3_4_1402_30318_9439_1_266_-_252b574501f4a55884860c129baf3fba,WP_215341114.1,76.136,88,21,0,1,264,365,452,2.07e-37,142,88.64,1,0
A00405_539_HLLNCDSX3_4_1402_30318_9439_1_266_-_252b574501f4a55884860c129baf3fba,MBV9062186.1,71.591,88,25,0,1,264,245,332,2.42e-37,139,84.09,1,0
A00405_539_HLLNCDSX3_4_1402_30318_9439_1_266_-_252b574501f4a55884860c129baf3fba,MES2035155.1,76.136,88,21,0,1,264,242,329,2.46e-37,139,87.50,1,0
A00405_539_HLLNCDSX3_4_1402_30318_9439_1_266_-_252b574501f4a55884860c129baf3fba,WP_293463249.1,77.273,88,20,0,1,264,242,329,2.61e-37,139,89.77,1,0
A00405_539_HLLNCDSX3_4_1402_30318_9439_1_266_-_252b574501f4a55884860c129baf3fba,MEO8812926.1,75.000,88,22,0,1,264,242,329,2.66e-37,139,86.36,1,0
A00405_539_HLLNCDSX3_4_1402_30318_9439_1_266_-_252b574501f4a55884860c129baf3fba,HTW36154.1,72.727,88,24,0,1,264,243,330,3.08e-37,139,84.09,1,0
A00405_539_HLLNCDSX3_4_1402_30318_9439_1_266_-_252b574501f4a55884860c129baf3fba,WP_111275368.1,77.273,88,20,0,1,264,242,329,3.62e-37,139,88.64,1,0
A00405_539_HLLNCDSX3_4_1402_30318_9439_1_266_-_252b574501f4a55884860c129baf3fba,HEX4179651.1,75.000,88,22,0,1,264,242,329,4.42e-37,139,89.77,1,0
A00405_539_HLLNCDSX3_4_1402_30318_9439_1_266_-_252b574501f4a55884860c129baf3fba,MBU1378874.1,76.136,88,21,0,1,264,242,329,4.81e-37,139,87.50,1,0
A00405_539_HLLNCDSX3_4_1402_30318_9439_1_266_-_252b574501f4a55884860c129baf3fba,HEY8698314.1,73.864,88,23,0,1,264,245,332,5.19e-37,139,81.82,1,0
A00405_539_HLLNCDSX3_4_1402_30318_9439_1_266_-_252b574501f4a55884860c129baf3fba,WP_293356701.1,77.273,88,20,0,1,264,242,329,5.35e-37,139,87.50,1,0
A00405_539_HLLNCDSX3_4_1402_30318_9439_1_266_-_252b574501f4a55884860c129baf3fba,HEY1751910.1,76.136,88,21,0,1,264,256,343,5.54e-37,139,87.50,1,0
A00405_539_HLLNCDSX3_4_1402_30318_9439_1_266_-_252b574501f4a55884860c129baf3fba,MEO8112979.1,77.273,88,20,0,1,264,242,329,6.10e-37,138,86.36,1,0
A00405_539_HLLNCDSX3_4_1402_30318_9439_1_266_-_252b574501f4a55884860c129baf3fba,WP_304819919.1,77.273,88,20,0,1,264,240,327,6.52e-37,138,85.23,1,0
A00405_539_HLLNCDSX3_4_1402_30318_9439_1_266_-_252b574501f4a55884860c129baf3fba,MFI4934801.1,76.136,88,21,0,1,264,242,329,6.54e-37,138,88.64,1,0
A00405_539_HLLNCDSX3_4_1402_30318_9439_1_266_-_252b574501f4a55884860c129baf3fba,HEY5336570.1,71.591,88,25,0,1,264,245,332,6.67e-37,138,84.09,1,0
A00405_539_HLLNCDSX3_4_1402_30318_9439_1_266_-_252b574501f4a55884860c129baf3fba,MFT3727764.1,76.136,88,21,0,1,264,242,329,6.75e-37,138,85.23,1,0
A00405_539_HLLNCDSX3_4_1402_30318_9439_1_266_-_252b574501f4a55884860c129baf3fba,HEX7948012.1,75.000,88,22,0,1,264,242,329,6.80e-37,138,86.36,1,0
A00405_539_HLLNCDSX3_4_1402_30318_9439_1_266_-_252b574501f4a55884860c129baf3fba,HEX3430056.1,73.864,88,23,0,1,264,249,336,6.99e-37,138,86.36,1,0
A00405_539_HLLNCDSX3_4_1402_30318_9439_1_266_-_252b574501f4a55884860c129baf3fba,HEY2708223.1,77.273,88,20,0,1,264,245,332,7.54e-37,138,84.09,1,0
A00405_539_HLLNCDSX3_4_1402_30318_9439_1_266_-_252b574501f4a55884860c129baf3fba,MEY4249703.1,77.273,88,20,0,1,264,242,329,7.58e-37,138,86.36,1,0
A00405_539_HLLNCDSX3_4_1402_30318_9439_1_266_-_252b574501f4a55884860c129baf3fba,MBV8682146.1,73.864,88,23,0,1,264,241,328,8.20e-37,138,88.64,1,0
A00405_539_HLLNCDSX3_4_1402_30318_9439_1_266_-_252b574501f4a55884860c129baf3fba,HVN02255.1,73.864,88,23,0,1,264,244,331,9.05e-37,137,85.23,1,0
A00405_539_HLLNCDSX3_4_1402_30318_9439_1_266_-_252b574501f4a55884860c129baf3fba,HEY1708801.1,73.864,88,23,0,1,264,245,332,9.25e-37,138,86.36,1,0
A00405_539_HLLNCDSX3_4_1402_30318_9439_1_266_-_252b574501f4a55884860c129baf3fba,HXQ47905.1,72.727,88,24,0,1,264,209,296,9.28e-37,137,86.36,1,0
A00405_539_HLLNCDSX3_4_1402_30318_9439_1_266_-_252b574501f4a55884860c129baf3fba,MGA9796886.1,72.727,88,24,0,1,264,245,332,1.03e-36,138,85.23,1,0
A00405_539_HLLNCDSX3_4_1402_30318_9439_1_266_-_252b574501f4a55884860c129baf3fba,HUO92001.1,72.727,88,24,0,1,264,239,326,1.03e-36,138,84.09,1,0
A00405_539_HLLNCDSX3_4_1402_30318_9439_1_266_-_252b574501f4a55884860c129baf3fba,HEY4113020.1,71.591,88,25,0,1,264,245,332,1.09e-36,136,84.09,1,0
A00405_539_HLLNCDSX3_4_1402_30318_9439_1_266_-_252b574501f4a55884860c129baf3fba,HEX3809901.1,75.000,88,22,0,1,264,237,324,1.22e-36,137,85.23,1,0
A00405_539_HLLNCDSX3_4_1402_30318_9439_1_266_-_252b574501f4a55884860c129baf3fba,NBU29488.1,73.864,88,23,0,1,264,83,170,1.32e-36,134,84.09,1,0
A00405_539_HLLNCDSX3_4_1402_30318_9439_1_266_-_252b574501f4a55884860c129baf3fba,HVZ91524.1,73.864,88,23,0,1,264,245,332,1.34e-36,137,80.68,1,0
A00405_539_HLLNCDSX3_4_1402_30318_9439_1_266_-_252b574501f4a55884860c129baf3fba,HEY1425708.1,72.727,88,24,0,1,264,249,336,1.38e-36,137,86.36,1,0
A00405_539_HLLNCDSX3_4_1402_30318_9439_1_266_-_252b574501f4a55884860c129baf3fba,MBI1406199.1,76.136,88,21,0,1,264,344,431,1.68e-36,139,89.77,1,0
A00405_539_HLLNCDSX3_4_1402_30318_9439_1_266_-_252b574501f4a55884860c129baf3fba,MGI8841617.1,76.136,88,21,0,1,264,247,334,1.92e-36,137,82.95,1,0
A00405_539_HLLNCDSX3_4_1402_30318_9439_1_266_-_252b574501f4a55884860c129baf3fba,HEX7884735.1,76.136,88,21,0,1,264,242,329,1.92e-36,137,85.23,1,0
A00405_539_HLLNCDSX3_4_1402_30318_9439_1_266_-_252b574501f4a55884860c129baf3fba,HET7335156.1,71.591,88,25,0,1,264,255,342,1.95e-36,137,84.09,1,0
A00405_539_HLLNCDSX3_4_1402_30318_9439_1_266_-_252b574501f4a55884860c129baf3fba,MHH8268298.1,69.318,88,27,0,1,264,122,209,1.98e-36,134,84.09,1,0
A00405_539_HLLNCDSX3_4_1402_30318_9439_1_266_-_252b574501f4a55884860c129baf3fba,MHB8529455.1,76.136,88,21,0,1,264,248,335,2.12e-36,137,86.36,1,0
A00405_539_HLLNCDSX3_4_1402_30318_9439_1_266_-_252b574501f4a55884860c129baf3fba,HUZ12905.1,73.864,88,23,0,1,264,243,330,2.13e-36,137,88.64,1,0
A00405_539_HLLNCDSX3_4_1402_30318_9439_1_266_-_252b574501f4a55884860c129baf3fba,HEY2885021.1,70.455,88,26,0,1,264,245,332,2.24e-36,137,85.23,1,0
A00405_539_HLLNCDSX3_4_1402_30318_9439_1_266_-_252b574501f4a55884860c129baf3fba,WP_166573258.1,75.000,88,22,0,1,264,242,329,2.28e-36,137,86.36,1,0
A00405_539_HLLNCDSX3_4_1402_30318_9439_1_266_-_252b574501f4a55884860c129baf3fba,MEO8927386.1,75.000,88,22,0,1,264,254,341,2.36e-36,136,82.95,1,0
A00405_539_HLLNCDSX3_4_1402_30318_9439_1_266_-_252b574501f4a55884860c129baf3fba,HEY1962706.1,72.727,88,24,0,1,264,245,332,2.57e-36,137,81.82,1,0
A00405_539_HLLNCDSX3_4_1402_30318_9439_1_266_-_252b574501f4a55884860c129baf3fba,MHK4108193.1,73.864,88,23,0,1,264,242,329,3.09e-36,137,87.50,1,0
A00405_539_HLLNCDSX3_4_1402_30318_9439_1_266_-_252b574501f4a55884860c129baf3fba,WP_439815683.1,72.727,88,24,0,1,264,242,329,3.43e-36,136,86.36,1,0
A00405_539_HLLNCDSX3_4_1402_30318_9439_1_266_-_252b574501f4a55884860c129baf3fba,MDZ4374087.1,75.000,88,22,0,1,264,242,329,3.47e-36,136,85.23,1,0
A00405_539_HLLNCDSX3_4_1402_30318_9439_1_266_-_252b574501f4a55884860c129baf3fba,WP_293378527.1,75.000,88,22,0,1,264,242,329,3.62e-36,136,85.23,1,0
A00405_539_HLLNCDSX3_4_2375_18032_36793_1_294_+_5a260901400c54ea43f4ad67a663e52d,CCO96852.1,98.969,97,1,0,1,291,90,186,6.12e-51,170,100.00,1,0
A00405_539_HLLNCDSX3_4_2375_18032_36793_1_294_+_5a260901400c54ea43f4ad67a663e52d,WP_304807592.1,91.753,97,8,0,1,291,3,99,5.11e-46,157,95.88,1,0
A00405_539_HLLNCDSX3_4_2375_18032_36793_1_294_+_5a260901400c54ea43f4ad67a663e52d,WP_293365598.1,93.814,97,6,0,1,291,225,321,5.36e-45,160,96.91,1,0
A00405_539_HLLNCDSX3_4_2375_18032_36793_1_294_+_5a260901400c54ea43f4ad67a663e52d,CCO96869.1,86.598,97,13,0,1,291,76,172,6.09e-43,150,94.85,1,0
A00405_539_HLLNCDSX3_4_2375_18032_36793_1_294_+_5a260901400c54ea43f4ad67a663e52d,WP_254834104.1,86.598,97,13,0,1,291,228,324,1.44e-42,154,95.88,1,0
A00405_539_HLLNCDSX3_4_2375_18032_36793_1_294_+_5a260901400c54ea43f4ad67a663e52d,CCO96876.1,86.598,97,13,0,1,291,117,213,1.59e-42,150,93.81,1,0
A00405_539_HLLNCDSX3_4_2375_18032_36793_1_294_+_5a260901400c54ea43f4ad67a663e52d,WP_309645251.1,84.536,97,15,0,1,291,124,220,3.47e-42,150,95.88,1,0
A00405_539_HLLNCDSX3_4_2375_18032_36793_1_294_+_5a260901400c54ea43f4ad67a663e52d,WP_421936088.1,87.629,97,12,0,1,291,225,321,4.02e-42,152,97.94,1,0
A00405_539_HLLNCDSX3_4_2375_18032_36793_1_294_+_5a260901400c54ea43f4ad67a663e52d,WP_296547354.1,84.536,97,15,0,1,291,94,190,9.92e-42,148,92.78,1,0
A00405_539_HLLNCDSX3_4_2375_18032_36793_1_294_+_5a260901400c54ea43f4ad67a663e52d,WP_068875484.1,87.629,97,12,0,1,291,225,321,1.13e-41,151,94.85,1,0
A00405_539_HLLNCDSX3_4_2375_18032_36793_1_294_+_5a260901400c54ea43f4ad67a663e52d,WP_296503060.1,84.536,97,15,0,1,291,137,233,4.31e-41,148,92.78,1,0
A00405_539_HLLNCDSX3_4_2375_18032_36793_1_294_+_5a260901400c54ea43f4ad67a663e52d,WP_333807960.1,85.567,97,14,0,1,291,225,321,6.08e-41,147,92.78,1,0
A00405_539_HLLNCDSX3_4_2375_18032_36793_1_294_+_5a260901400c54ea43f4ad67a663e52d,CCO96866.1,81.443,97,18,0,1,291,120,216,8.92e-41,144,93.81,1,0
A00405_539_HLLNCDSX3_4_2375_18032_36793_1_294_+_5a260901400c54ea43f4ad67a663e52d,MDO9246547.1,78.351,97,21,0,1,291,37,133,1.86e-40,143,89.69,1,0
A00405_539_HLLNCDSX3_4_2375_18032_36793_1_294_+_5a260901400c54ea43f4ad67a663e52d,WP_304807233.1,82.474,97,17,0,1,291,63,159,2.66e-40,144,92.78,1,0
A00405_539_HLLNCDSX3_4_2375_18032_36793_1_294_+_5a260901400c54ea43f4ad67a663e52d,WP_296551955.1,84.536,97,15,0,1,291,225,321,3.25e-40,147,92.78,1,0
A00405_539_HLLNCDSX3_4_2375_18032_36793_1_294_+_5a260901400c54ea43f4ad67a663e52d,WP_421935073.1,82.292,96,17,0,4,291,229,324,3.25e-40,147,95.83,1,0
A00405_539_HLLNCDSX3_4_2375_18032_36793_1_294_+_5a260901400c54ea43f4ad67a663e52d,MCE2820652.1,83.505,97,16,0,1,291,225,321,4.29e-40,146,92.78,1,0
A00405_539_HLLNCDSX3_4_2375_18032_36793_1_294_+_5a260901400c54ea43f4ad67a663e52d,WP_293408290.1,84.536,97,15,0,1,291,223,319,6.23e-40,147,92.78,1,0
A00405_539_HLLNCDSX3_4_2375_18032_36793_1_294_+_5a260901400c54ea43f4ad67a663e52d,WP_304826217.1,82.292,96,17,0,4,291,229,324,1.05e-39,146,95.83,1,0
A00405_539_HLLNCDSX3_4_2375_18032_36793_1_294_+_5a260901400c54ea43f4ad67a663e52d,OYU70906.1,82.292,96,17,0,4,291,226,321,1.71e-39,145,96.88,1,0
A00405_539_HLLNCDSX3_4_2375_18032_36793_1_294_+_5a260901400c54ea43f4ad67a663e52d,CCO96878.1,82.474,97,17,0,1,291,97,193,1.86e-39,141,90.72,1,0
A00405_539_HLLNCDSX3_4_2375_18032_36793_1_294_+_5a260901400c54ea43f4ad67a663e52d,WP_374654089.1,82.474,97,17,0,1,291,228,324,2.00e-39,145,93.81,1,0
A00405_539_HLLNCDSX3_4_2375_18032_36793_1_294_+_5a260901400c54ea43f4ad67a663e52d,MES2722909.1,81.250,96,18,0,4,291,229,324,3.40e-39,144,94.79,1,0
A00405_539_HLLNCDSX3_4_2375_18032_36793_1_294_+_5a260901400c54ea43f4ad67a663e52d,WP_374573099.1,82.292,96,17,0,4,291,226,321,3.47e-39,145,91.67,1,0
A00405_539_HLLNCDSX3_4_2375_18032_36793_1_294_+_5a260901400c54ea43f4ad67a663e52d,WP_293369225.1,82.474,97,17,0,1,291,228,324,4.77e-39,145,93.81,1,0
A00405_539_HLLNCDSX3_4_2375_18032_36793_1_294_+_5a260901400c54ea43f4ad67a663e52d,WP_267233569.1,83.333,96,16,0,4,291,229,324,7.13e-39,144,91.67,1,0
A00405_539_HLLNCDSX3_4_2375_18032_36793_1_294_+_5a260901400c54ea43f4ad67a663e52d,WP_305300943.1,82.474,97,17,0,1,291,227,323,8.56e-39,144,92.78,1,0
A00405_539_HLLNCDSX3_4_2375_18032_36793_1_294_+_5a260901400c54ea43f4ad67a663e52d,WP_242566149.1,80.412,97,19,0,1,291,228,324,1.11e-38,144,95.88,1,0
A00405_539_HLLNCDSX3_4_2375_18032_36793_1_294_+_5a260901400c54ea43f4ad67a663e52d,WP_304701122.1,77.320,97,22,0,1,291,221,317,1.32e-38,143,90.72,1,0
A00405_539_HLLNCDSX3_4_2375_18032_36793_1_294_+_5a260901400c54ea43f4ad67a663e52d,WP_421886058.1,80.412,97,19,0,1,291,222,318,1.59e-38,143,91.75,1,0
A00405_539_HLLNCDSX3_4_2375_18032_36793_1_294_+_5a260901400c54ea43f4ad67a663e52d,WP_374345087.1,79.381,97,20,0,1,291,224,320,1.76e-38,143,92.78,1,0
A00405_539_HLLNCDSX3_4_2375_18032_36793_1_294_+_5a260901400c54ea43f4ad67a663e52d,HEY1929364.1,80.000,95,19,0,1,285,24,118,2.02e-38,138,94.74,1,0
A00405_539_HLLNCDSX3_4_2375_18032_36793_1_294_+_5a260901400c54ea43f4ad67a663e52d,WP_309645352.1,75.258,97,24,0,1,291,53,149,2.24e-38,139,88.66,1,0
A00405_539_HLLNCDSX3_4_2375_18032_36793_1_294_+_5a260901400c54ea43f4ad67a663e52d,HEX5379407.1,81.443,97,18,0,1,291,225,321,2.91e-38,142,92.78,1,0
A00405_539_HLLNCDSX3_4_2375_18032_36793_1_294_+_5a260901400c54ea43f4ad67a663e52d,MDE2464096.1,81.443,97,18,0,1,291,220,316,3.77e-38,142,91.75,1,0
A00405_539_HLLNCDSX3_4_2375_18032_36793_1_294_+_5a260901400c54ea43f4ad67a663e52d,WP_309644477.1,77.320,97,22,0,1,291,221,317,5.40e-38,141,89.69,1,0
A00405_539_HLLNCDSX3_4_2375_18032_36793_1_294_+_5a260901400c54ea43f4ad67a663e52d,WP_332049202.1,80.412,97,19,0,1,291,228,324,1.02e-37,141,93.81,1,0
A00405_539_HLLNCDSX3_4_2375_18032_36793_1_294_+_5a260901400c54ea43f4ad67a663e52d,WP_423307016.1,81.443,97,18,0,1,291,220,316,1.32e-37,140,91.75,1,0
A00405_539_HLLNCDSX3_4_2375_18032_36793_1_294_+_5a260901400c54ea43f4ad67a663e52d,MBS0411641.1,78.351,97,21,0,1,291,224,320,1.56e-37,140,90.72,1,0
A00405_539_HLLNCDSX3_4_2375_18032_36793_1_294_+_5a260901400c54ea43f4ad67a663e52d,MET0273292.1,80.412,97,19,0,1,291,228,324,1.71e-37,140,92.78,1,0
A00405_539_HLLNCDSX3_4_2375_18032_36793_1_294_+_5a260901400c54ea43f4ad67a663e52d,MBI5939949.1,80.412,97,19,0,1,291,234,330,1.77e-37,139,91.75,1,0
A00405_539_HLLNCDSX3_4_2375_18032_36793_1_294_+_5a260901400c54ea43f4ad67a663e52d,CCO96848.1,79.381,97,20,0,1,291,119,215,1.84e-37,135,89.69,1,0
A00405_539_HLLNCDSX3_4_2375_18032_36793_1_294_+_5a260901400c54ea43f4ad67a663e52d,WP_324946436.1,80.412,97,19,0,1,291,224,320,1.91e-37,140,93.81,1,0
A00405_539_HLLNCDSX3_4_2375_18032_36793_1_294_+_5a260901400c54ea43f4ad67a663e52d,WP_242566065.1,76.289,97,23,0,1,291,221,317,2.27e-37,140,89.69,1,0
A00405_539_HLLNCDSX3_4_2375_18032_36793_1_294_+_5a260901400c54ea43f4ad67a663e52d,WP_305581507.1,76.289,97,23,0,1,291,132,228,2.32e-37,138,89.69,1,0
A00405_539_HLLNCDSX3_4_2375_18032_36793_1_294_+_5a260901400c54ea43f4ad67a663e52d,MHT8520498.1,77.320,97,22,0,1,291,84,180,2.43e-37,137,90.72,1,0
A00405_539_HLLNCDSX3_4_2375_18032_36793_1_294_+_5a260901400c54ea43f4ad67a663e52d,OJU55803.1,80.412,97,19,0,1,291,231,327,2.59e-37,140,91.75,1,0
A00405_539_HLLNCDSX3_4_2375_18032_36793_1_294_+_5a260901400c54ea43f4ad67a663e52d,HEY9218118.1,81.443,97,18,0,1,291,228,324,2.99e-37,140,91.75,1,0
A00405_539_HLLNCDSX3_4_2375_18032_36793_1_294_+_5a260901400c54ea43f4ad67a663e52d,HWA63861.1,78.351,97,21,0,1,291,224,320,3.01e-37,140,90.72,1,0
A00405_539_HLLNCDSX3_4_2375_18032_36793_1_294_+_5a260901400c54ea43f4ad67a663e52d,WP_242923346.1,80.412,97,19,0,1,291,219,315,3.10e-37,140,92.78,1,0
A00405_539_HLLNCDSX3_4_2375_18032_36793_1_294_+_5a260901400c54ea43f4ad67a663e52d,HSC17744.1,75.258,97,24,0,1,291,30,126,3.28e-37,135,91.75,1,0
A00405_539_HLLNCDSX3_4_2375_18032_36793_1_294_+_5a260901400c54ea43f4ad67a663e52d,HET7334701.1,80.412,97,19,0,1,291,220,316,3.39e-37,139,92.78,1,0
A00405_539_HLLNCDSX3_4_2375_18032_36793_1_294_+_5a260901400c54ea43f4ad67a663e52d,WP_309606901.1,80.412,97,19,0,1,291,228,324,3.73e-37,140,91.75,1,0
A00405_539_HLLNCDSX3_4_2375_18032_36793_1_294_+_5a260901400c54ea43f4ad67a663e52d,BAE47484.1,78.351,97,21,0,1,291,122,218,3.83e-37,136,90.72,1,0
A00405_539_HLLNCDSX3_4_2375_18032_36793_1_294_+_5a260901400c54ea43f4ad67a663e52d,MCC7266135.1,79.381,97,20,0,1,291,244,340,4.12e-37,140,92.78,1,0
A00405_539_HLLNCDSX3_4_2375_18032_36793_1_294_+_5a260901400c54ea43f4ad67a663e52d,CCO96879.1,74.227,97,25,0,1,291,131,227,4.54e-37,135,89.69,1,0
A00405_539_HLLNCDSX3_4_2375_18032_36793_1_294_+_5a260901400c54ea43f4ad67a663e52d,MFL5296723.1,76.289,97,23,0,1,291,226,322,4.74e-37,139,91.75,1,0
A00405_539_HLLNCDSX3_4_2375_18032_36793_1_294_+_5a260901400c54ea43f4ad67a663e52d,HEX2590661.1,75.258,97,24,0,1,291,14,110,5.26e-37,134,86.60,1,0
A00405_539_HLLNCDSX3_4_2375_18032_36793_1_294_+_5a260901400c54ea43f4ad67a663e52d,WP_488901550.1,80.412,97,19,0,1,291,234,330,5.41e-37,139,91.75,1,0
A00405_539_HLLNCDSX3_4_2375_18032_36793_1_294_+_5a260901400c54ea43f4ad67a663e52d,WP_423307893.1,78.351,97,21,0,1,291,226,322,7.70e-37,139,88.66,1,0
A00405_539_HLLNCDSX3_4_2375_18032_36793_1_294_+_5a260901400c54ea43f4ad67a663e52d,MGH6873026.1,77.320,97,22,0,1,291,220,316,9.34e-37,138,91.75,1,0
A00405_539_HLLNCDSX3_4_2375_18032_36793_1_294_+_5a260901400c54ea43f4ad67a663e52d,MBI3677872.1,79.381,97,20,0,1,291,220,316,9.40e-37,138,89.69,1,0
A00405_539_HLLNCDSX3_4_2375_18032_36793_1_294_+_5a260901400c54ea43f4ad67a663e52d,CCO96880.1,74.227,97,25,0,1,291,114,210,1.02e-36,134,86.60,1,0
A00405_539_HLLNCDSX3_4_2375_18032_36793_1_294_+_5a260901400c54ea43f4ad67a663e52d,HEY1836626.1,77.320,97,22,0,1,291,223,319,1.14e-36,138,92.78,1,0
A00405_539_HLLNCDSX3_4_2375_18032_36793_1_294_+_5a260901400c54ea43f4ad67a663e52d,MFI4975870.1,80.000,95,19,0,1,285,220,314,1.24e-36,138,94.74,1,0
A00405_539_HLLNCDSX3_4_2375_18032_36793_1_294_+_5a260901400c54ea43f4ad67a663e52d,WP_305762025.1,76.289,97,23,0,1,291,223,319,1.47e-36,138,89.69,1,0
A00405_539_HLLNCDSX3_4_2375_18032_36793_1_294_+_5a260901400c54ea43f4ad67a663e52d,MBS0276474.1,78.351,97,21,0,1,291,228,324,1.55e-36,138,91.75,1,0
A00405_539_HLLNCDSX3_4_2375_18032_36793_1_294_+_5a260901400c54ea43f4ad67a663e52d,MBV9062245.1,77.320,97,22,0,1,291,193,289,1.86e-36,137,91.75,1,0
A00405_539_HLLNCDSX3_4_2375_18032_36793_1_294_+_5a260901400c54ea43f4ad67a663e52d,MDP1737340.1,79.381,97,20,0,1,291,157,253,2.16e-36,136,90.72,1,0
A00405_539_HLLNCDSX3_4_2375_18032_36793_1_294_+_5a260901400c54ea43f4ad67a663e52d,WP_374344672.1,74.227,97,25,0,1,291,221,317,2.49e-36,137,88.66,1,0
A00405_539_HLLNCDSX3_4_2375_18032_36793_1_294_+_5a260901400c54ea43f4ad67a663e52d,HYD46091.1,79.167,96,20,0,4,291,235,330,2.79e-36,137,92.71,1,0
A00405_539_HLLNCDSX3_4_2375_18032_36793_1_294_+_5a260901400c54ea43f4ad67a663e52d,WP_299544350.1,79.381,97,20,0,1,291,228,324,3.37e-36,137,90.72,1,0
A00405_539_HLLNCDSX3_4_2375_18032_36793_1_294_+_5a260901400c54ea43f4ad67a663e52d,HEX7761554.1,75.258,97,24,0,1,291,224,320,3.40e-36,137,90.72,1,0
A00405_539_HLLNCDSX3_4_2375_18032_36793_1_294_+_5a260901400c54ea43f4ad67a663e52d,WP_372785444.1,76.289,97,23,0,1,291,224,320,3.73e-36,137,88.66,1,0
A00405_539_HLLNCDSX3_4_2375_18032_36793_1_294_+_5a260901400c54ea43f4ad67a663e52d,HEY1630851.1,78.351,97,21,0,1,291,220,316,3.77e-36,137,91.75,1,0
A00405_539_HLLNCDSX3_4_2375_18032_36793_1_294_+_5a260901400c54ea43f4ad67a663e52d,HEX7693863.1,77.320,97,22,0,1,291,228,324,3.92e-36,135,90.72,1,0
A00405_539_HLLNCDSX3_4_2375_18032_36793_1_294_+_5a260901400c54ea43f4ad67a663e52d,WP_242565686.1,79.381,97,20,0,1,291,222,318,4.05e-36,137,90.72,1,0
A00405_539_HLLNCDSX3_4_2375_18032_36793_1_294_+_5a260901400c54ea43f4ad67a663e52d,CCO96756.1,75.258,97,24,0,1,291,76,172,4.20e-36,132,88.66,1,0
A00405_539_HLLNCDSX3_4_2375_18032_36793_1_294_+_5a260901400c54ea43f4ad67a663e52d,MGH6963084.1,79.167,96,20,0,4,291,229,324,4.33e-36,137,91.67,1,0
A00405_539_HLLNCDSX3_4_2375_18032_36793_1_294_+_5a260901400c54ea43f4ad67a663e52d,WP_436009877.1,80.412,97,19,0,1,291,225,321,4.69e-36,137,92.78,1,0
A00405_539_HLLNCDSX3_4_2375_18032_36793_1_294_+_5a260901400c54ea43f4ad67a663e52d,WP_325268128.1,78.351,97,21,0,1,291,228,324,4.87e-36,137,91.75,1,0
A00405_539_HLLNCDSX3_4_2375_18032_36793_1_294_+_5a260901400c54ea43f4ad67a663e52d,WP_293456507.1,78.351,97,21,0,1,291,229,325,4.94e-36,137,92.78,1,0
A00405_539_HLLNCDSX3_4_2375_18032_36793_1_294_+_5a260901400c54ea43f4ad67a663e52d,HEY2659858.1,77.320,97,22,0,1,291,223,319,5.31e-36,136,89.69,1,0
A00405_539_HLLNCDSX3_4_2375_18032_36793_1_294_+_5a260901400c54ea43f4ad67a663e52d,HUB85351.1,77.320,97,22,0,1,291,224,320,5.37e-36,136,91.75,1,0
A00405_539_HLLNCDSX3_4_2375_18032_36793_1_294_+_5a260901400c54ea43f4ad67a663e52d,HEY5006544.1,77.320,97,22,0,1,291,220,316,5.39e-36,136,90.72,1,0
A00405_539_HLLNCDSX3_4_2375_18032_36793_1_294_+_5a260901400c54ea43f4ad67a663e52d,HEV7386395.1,75.258,97,24,0,1,291,221,317,6.08e-36,134,86.60,1,0
A00405_539_HLLNCDSX3_4_2375_18032_36793_1_294_+_5a260901400c54ea43f4ad67a663e52d,MDB5448687.1,79.381,97,20,0,1,291,225,321,6.29e-36,136,92.78,1,0
A00405_539_HLLNCDSX3_4_2375_18032_36793_1_294_+_5a260901400c54ea43f4ad67a663e52d,WP_211939502.1,76.289,97,23,0,1,291,223,319,8.53e-36,136,89.69,1,0
A00405_539_HLLNCDSX3_4_2375_18032_36793_1_294_+_5a260901400c54ea43f4ad67a663e52d,HTQ13602.1,77.320,97,22,0,1,291,220,316,8.74e-36,136,89.69,1,0
A00405_539_HLLNCDSX3_4_2375_18032_36793_1_294_+_5a260901400c54ea43f4ad67a663e52d,MDE2356172.1,77.320,97,22,0,1,291,221,317,1.06e-35,134,89.69,1,0
A00405_539_HLLNCDSX3_4_2375_18032_36793_1_294_+_5a260901400c54ea43f4ad67a663e52d,HWA62656.1,74.227,97,25,0,1,291,243,339,1.28e-35,136,91.75,1,0
A00405_539_HLLNCDSX3_4_2375_18032_36793_1_294_+_5a260901400c54ea43f4ad67a663e52d,WP_436053161.1,78.351,97,21,0,1,291,225,321,1.37e-35,135,91.75,1,0
A00405_539_HLLNCDSX3_4_2375_18032_36793_1_294_+_5a260901400c54ea43f4ad67a663e52d,MBP7702259.1,82.474,97,17,0,1,291,221,317,1.59e-35,135,89.69,1,0
A00405_539_HLLNCDSX3_4_2375_18032_36793_1_294_+_5a260901400c54ea43f4ad67a663e52d,WP_111455987.1,78.125,96,21,0,4,291,225,320,1.66e-35,135,91.67,1,0
A00405_539_HLLNCDSX3_4_2375_18032_36793_1_294_+_5a260901400c54ea43f4ad67a663e52d,WP_409657679.1,79.381,97,20,0,1,291,228,324,1.72e-35,135,90.72,1,0
A00405_539_HLLNCDSX3_4_2375_18032_36793_1_294_+_5a260901400c54ea43f4ad67a663e52d,WP_397414693.1,77.320,97,22,0,1,291,229,325,1.81e-35,134,91.75,1,0
A00405_539_HLLNCDSX3_4_2375_18032_36793_1_294_+_5a260901400c54ea43f4ad67a663e52d,HZZ36373.1,76.289,97,23,0,1,291,44,140,1.98e-35,131,89.69,1,0
A00405_539_HLLNCDSX3_4_2375_18032_36793_1_294_+_5a260901400c54ea43f4ad67a663e52d,WP_329654755.1,73.196,97,26,0,1,291,221,317,2.09e-35,135,88.66,1,0
A00405_539_HLLNCDSX3_4_2375_18032_36793_1_294_+_5a260901400c54ea43f4ad67a663e52d,WP_111516450.1,75.258,97,24,0,1,291,221,317,2.25e-35,135,85.57,1,0
A00405_539_HLLNCDSX3_4_2413_23728_18349_1_294_+_5c8cf276bfb8a016a1079c51251bc7d6,MBK7161286.1,93.976,83,5,0,1,249,5,87,8.51e-51,165,96.39,1,0
A00405_539_HLLNCDSX3_4_2413_23728_18349_1_294_+_5c8cf276bfb8a016a1079c51251bc7d6,MID1952695.1,91.566,83,7,0,1,249,197,279,2.32e-49,167,95.18,1,0
A00405_539_HLLNCDSX3_4_2413_23728_18349_1_294_+_5c8cf276bfb8a016a1079c51251bc7d6,MEY4869394.1,90.361,83,8,0,1,249,113,195,2.09e-48,162,93.98,1,0
A00405_539_HLLNCDSX3_4_2413_23728_18349_1_294_+_5c8cf276bfb8a016a1079c51251bc7d6,WP_425233040.1,90.361,83,8,0,1,249,80,162,3.21e-48,161,93.98,1,0
A00405_539_HLLNCDSX3_4_2413_23728_18349_1_294_+_5c8cf276bfb8a016a1079c51251bc7d6,MFN5632878.1,91.566,83,7,0,1,249,198,280,3.37e-48,164,95.18,1,0
A00405_539_HLLNCDSX3_4_2413_23728_18349_1_294_+_5c8cf276bfb8a016a1079c51251bc7d6,WP_374614872.1,89.157,83,9,0,1,249,350,432,3.41e-48,169,93.98,1,0
A00405_539_HLLNCDSX3_4_2413_23728_18349_1_294_+_5c8cf276bfb8a016a1079c51251bc7d6,WP_422267576.1,89.157,83,9,0,1,249,169,251,4.58e-48,163,93.98,1,0
A00405_539_HLLNCDSX3_4_2413_23728_18349_1_294_+_5c8cf276bfb8a016a1079c51251bc7d6,MEN9393092.1,91.566,83,7,0,1,249,234,316,5.57e-48,165,95.18,1,0
A00405_539_HLLNCDSX3_4_2413_23728_18349_1_294_+_5c8cf276bfb8a016a1079c51251bc7d6,WP_483010113.1,86.585,82,11,0,1,246,323,404,2.94e-46,163,92.68,1,0
A00405_539_HLLNCDSX3_4_2413_23728_18349_1_294_+_5c8cf276bfb8a016a1079c51251bc7d6,MGB5078427.1,84.337,83,13,0,1,249,323,405,5.77e-46,162,91.57,1,0
A00405_539_HLLNCDSX3_4_2413_23728_18349_1_294_+_5c8cf276bfb8a016a1079c51251bc7d6,MFN3452153.1,85.542,83,12,0,1,249,137,219,1.16e-45,156,90.36,1,0
A00405_539_HLLNCDSX3_4_2413_23728_18349_1_294_+_5c8cf276bfb8a016a1079c51251bc7d6,MEP7348840.1,85.542,83,12,0,1,249,323,405,8.88e-45,159,91.57,1,0
A00405_539_HLLNCDSX3_4_2413_23728_18349_1_294_+_5c8cf276bfb8a016a1079c51251bc7d6,MID7898022.1,77.108,83,19,0,1,249,323,405,1.05e-39,146,85.54,1,0
A00405_539_HLLNCDSX3_4_2413_23728_18349_1_294_+_5c8cf276bfb8a016a1079c51251bc7d6,MEE9433160.1,78.313,83,18,0,1,249,323,405,1.06e-39,146,86.75,1,0
A00405_539_HLLNCDSX3_4_2413_23728_18349_1_294_+_5c8cf276bfb8a016a1079c51251bc7d6,WP_420607232.1,71.084,83,24,0,1,249,323,405,2.37e-37,140,81.93,1,0
A00405_539_HLLNCDSX3_4_2413_23728_18349_1_294_+_5c8cf276bfb8a016a1079c51251bc7d6,WP_187334391.1,71.951,82,23,0,1,246,322,403,1.25e-36,138,81.71,1,0
A00405_539_HLLNCDSX3_4_2413_23728_18349_1_294_+_5c8cf276bfb8a016a1079c51251bc7d6,MGH7212782.1,56.098,82,36,0,1,246,335,416,4.19e-25,107,75.61,1,0
A00405_539_HLLNCDSX3_4_2413_23728_18349_1_294_+_5c8cf276bfb8a016a1079c51251bc7d6,HYP38183.1,54.430,79,36,0,10,246,328,406,6.02e-24,104,73.42,1,0
A00405_539_HLLNCDSX3_4_2413_23728_18349_1_294_+_5c8cf276bfb8a016a1079c51251bc7d6,WP_013570590.1,51.250,80,39,0,7,246,320,399,1.83e-23,103,73.75,1,0
A00405_539_HLLNCDSX3_4_2413_23728_18349_1_294_+_5c8cf276bfb8a016a1079c51251bc7d6,MBV8336955.1,54.430,79,36,0,10,246,327,405,1.96e-23,103,72.15,1,0
A00405_539_HLLNCDSX3_4_2413_23728_18349_1_294_+_5c8cf276bfb8a016a1079c51251bc7d6,MBN9561573.1,53.659,82,38,0,10,255,331,412,3.10e-23,102,71.95,1,0
A00405_539_HLLNCDSX3_4_2413_23728_18349_1_294_+_5c8cf276bfb8a016a1079c51251bc7d6,MHO1682447.1,54.430,79,36,0,10,246,330,408,3.59e-23,102,72.15,1,0
A00405_539_HLLNCDSX3_4_2413_23728_18349_1_294_+_5c8cf276bfb8a016a1079c51251bc7d6,MGB9646102.1,51.899,79,38,0,10,246,53,131,6.37e-23,96.3,68.35,1,0
A00405_539_HLLNCDSX3_4_2413_23728_18349_1_294_+_5c8cf276bfb8a016a1079c51251bc7d6,MBV8320738.1,47.561,82,43,0,10,255,44,125,6.99e-23,95.9,67.07,1,0
A00405_539_HLLNCDSX3_4_2413_23728_18349_1_294_+_5c8cf276bfb8a016a1079c51251bc7d6,WP_200982191.1,57.831,83,32,2,4,252,323,402,9.16e-23,101,71.08,1,0
A00405_539_HLLNCDSX3_4_2413_23728_18349_1_294_+_5c8cf276bfb8a016a1079c51251bc7d6,HVB68427.1,53.659,82,38,0,1,246,192,273,1.78e-22,98.6,68.29,1,0
A00405_539_HLLNCDSX3_4_2413_23728_18349_1_294_+_5c8cf276bfb8a016a1079c51251bc7d6,MCU1247047.1,48.750,80,41,0,7,246,322,401,1.92e-22,100,73.75,1,0
A00405_539_HLLNCDSX3_4_2413_23728_18349_1_294_+_5c8cf276bfb8a016a1079c51251bc7d6,MBV8088237.1,56.757,74,32,0,10,231,114,187,2.48e-22,96.3,72.97,1,0
A00405_539_HLLNCDSX3_4_2413_23728_18349_1_294_+_5c8cf276bfb8a016a1079c51251bc7d6,HMF77515.1,51.250,80,39,0,7,246,325,404,2.85e-22,100,70.00,1,0
A00405_539_HLLNCDSX3_4_2413_23728_18349_1_294_+_5c8cf276bfb8a016a1079c51251bc7d6,WP_106735909.1,48.750,80,41,0,7,246,329,408,7.09e-22,99.0,70.00,1,0
A00405_539_HLLNCDSX3_4_2413_23728_18349_1_294_+_5c8cf276bfb8a016a1079c51251bc7d6,MHL5474831.1,53.165,79,36,1,10,246,332,409,8.18e-22,99.0,73.42,1,0
A00405_539_HLLNCDSX3_4_2413_23728_18349_1_294_+_5c8cf276bfb8a016a1079c51251bc7d6,HKM64371.1,51.899,79,38,0,10,246,336,414,2.76e-21,97.4,70.89,1,0
A00405_539_HLLNCDSX3_4_2413_23728_18349_1_294_+_5c8cf276bfb8a016a1079c51251bc7d6,MBO0711260.1,50.633,79,39,0,10,246,331,409,2.83e-21,97.4,70.89,1,0
A00405_539_HLLNCDSX3_4_2413_23728_18349_1_294_+_5c8cf276bfb8a016a1079c51251bc7d6,HTF71630.1,50.000,80,40,0,7,246,322,401,3.06e-21,97.4,70.00,1,0
A00405_539_HLLNCDSX3_4_2413_23728_18349_1_294_+_5c8cf276bfb8a016a1079c51251bc7d6,WP_374137772.1,51.899,79,37,1,13,249,324,401,3.82e-21,97.1,72.15,1,0
A00405_539_HLLNCDSX3_4_2413_23728_18349_1_294_+_5c8cf276bfb8a016a1079c51251bc7d6,WP_014265084.1,46.341,82,44,0,1,246,322,403,5.36e-21,96.7,70.73,1,0
A00405_539_HLLNCDSX3_4_2413_23728_18349_1_294_+_5c8cf276bfb8a016a1079c51251bc7d6,MBV8615929.1,51.948,77,37,0,10,240,329,405,6.54e-21,96.3,68.83,1,0
A00405_539_HLLNCDSX3_4_2413_23728_18349_1_294_+_5c8cf276bfb8a016a1079c51251bc7d6,MGC8475698.1,55.263,76,34,0,1,228,328,403,7.98e-21,96.3,68.42,1,0
A00405_539_HLLNCDSX3_4_2413_23728_18349_1_294_+_5c8cf276bfb8a016a1079c51251bc7d6,MBV9778091.1,49.367,79,40,0,10,246,44,122,8.85e-21,90.5,68.35,1,0
A00405_539_HLLNCDSX3_4_2413_23728_18349_1_294_+_5c8cf276bfb8a016a1079c51251bc7d6,WP_274928783.1,51.250,80,39,0,7,246,324,403,1.11e-20,95.9,67.50,1,0
A00405_539_HLLNCDSX3_4_2413_23728_18349_1_294_+_5c8cf276bfb8a016a1079c51251bc7d6,WP_022679874.1,52.564,78,36,1,13,246,323,399,1.83e-20,95.1,70.51,1,0
A00405_539_HLLNCDSX3_4_2413_23728_18349_1_294_+_5c8cf276bfb8a016a1079c51251bc7d6,HET6184709.1,52.564,78,37,0,13,246,328,405,2.39e-20,94.7,66.67,1,0
A00405_539_HLLNCDSX3_4_2413_23728_18349_1_294_+_5c8cf276bfb8a016a1079c51251bc7d6,MBU6167288.1,51.282,78,37,1,13,246,323,399,2.48e-20,94.7,70.51,1,0
A00405_539_HLLNCDSX3_4_2413_23728_18349_1_294_+_5c8cf276bfb8a016a1079c51251bc7d6,MBW4090666.1,50.000,82,41,0,1,246,430,511,6.02e-20,94.4,65.85,1,0
A00405_539_HLLNCDSX3_4_2413_23728_18349_1_294_+_5c8cf276bfb8a016a1079c51251bc7d6,HJS86090.1,54.795,73,33,0,10,228,314,386,6.49e-20,93.6,69.86,1,0
A00405_539_HLLNCDSX3_4_2413_23728_18349_1_294_+_5c8cf276bfb8a016a1079c51251bc7d6,WP_500804256.1,51.282,78,37,1,13,246,325,401,6.76e-20,93.6,69.23,1,0
A00405_539_HLLNCDSX3_4_2413_23728_18349_1_294_+_5c8cf276bfb8a016a1079c51251bc7d6,WP_310497723.1,50.000,82,40,1,13,258,325,405,7.06e-20,93.6,67.07,1,0
A00405_539_HLLNCDSX3_4_2413_23728_18349_1_294_+_5c8cf276bfb8a016a1079c51251bc7d6,MCL2430471.1,49.367,79,40,0,10,246,248,326,8.35e-20,92.4,68.35,1,0
A00405_539_HLLNCDSX3_4_2413_23728_18349_1_294_+_5c8cf276bfb8a016a1079c51251bc7d6,HUB50153.1,48.101,79,41,0,10,246,340,418,9.36e-20,93.2,64.56,1,0
A00405_539_HLLNCDSX3_4_2413_23728_18349_1_294_+_5c8cf276bfb8a016a1079c51251bc7d6,WP_013570589.1,45.000,80,44,0,7,246,319,398,1.10e-19,93.2,70.00,1,0
A00405_539_HLLNCDSX3_4_2413_23728_18349_1_294_+_5c8cf276bfb8a016a1079c51251bc7d6,MBL0021154.1,86.667,45,6,0,1,135,5,49,1.23e-19,86.3,91.11,1,0
A00405_539_HLLNCDSX3_4_2413_23728_18349_1_294_+_5c8cf276bfb8a016a1079c51251bc7d6,MID1985163.1,51.282,78,37,1,13,246,330,406,1.58e-19,92.8,70.51,1,0
A00405_539_HLLNCDSX3_4_2413_23728_18349_1_294_+_5c8cf276bfb8a016a1079c51251bc7d6,MBB6144167.1,46.341,82,44,0,1,246,241,322,2.00e-19,91.3,64.63,1,0
A00405_539_HLLNCDSX3_4_2413_23728_18349_1_294_+_5c8cf276bfb8a016a1079c51251bc7d6,HET9447210.1,50.000,80,39,1,7,246,326,404,2.17e-19,92.4,68.75,1,0
A00405_539_HLLNCDSX3_4_2413_23728_18349_1_294_+_5c8cf276bfb8a016a1079c51251bc7d6,WP_164155579.1,50.000,78,38,1,13,246,323,399,2.25e-19,92.0,70.51,1,0
A00405_539_HLLNCDSX3_4_2413_23728_18349_1_294_+_5c8cf276bfb8a016a1079c51251bc7d6,MBX9878748.1,51.282,78,38,0,13,246,330,407,2.43e-19,92.0,65.38,1,0
A00405_539_HLLNCDSX3_4_2413_23728_18349_1_294_+_5c8cf276bfb8a016a1079c51251bc7d6,WP_310475775.1,50.000,78,38,1,13,246,323,399,2.44e-19,92.0,69.23,1,0
A00405_539_HLLNCDSX3_4_2413_23728_18349_1_294_+_5c8cf276bfb8a016a1079c51251bc7d6,WP_274928839.1,47.500,80,42,0,7,246,288,367,3.01e-19,91.7,65.00,1,0
A00405_539_HLLNCDSX3_4_2413_23728_18349_1_294_+_5c8cf276bfb8a016a1079c51251bc7d6,WP_248878473.1,51.282,78,38,0,13,246,327,404,3.31e-19,91.7,67.95,1,0
A00405_539_HLLNCDSX3_4_2413_23728_18349_1_294_+_5c8cf276bfb8a016a1079c51251bc7d6,WP_428393102.1,48.101,79,41,0,13,249,321,399,3.72e-19,91.7,65.82,1,0
A00405_539_HLLNCDSX3_4_2413_23728_18349_1_294_+_5c8cf276bfb8a016a1079c51251bc7d6,MBS0234613.1,46.250,80,43,0,7,246,346,425,3.76e-19,91.7,66.25,1,0
A00405_539_HLLNCDSX3_4_2413_23728_18349_1_294_+_5c8cf276bfb8a016a1079c51251bc7d6,WP_071908527.1,48.750,80,41,0,7,246,325,404,3.82e-19,91.7,68.75,1,0
A00405_539_HLLNCDSX3_4_2413_23728_18349_1_294_+_5c8cf276bfb8a016a1079c51251bc7d6,WP_067678535.1,53.425,73,32,1,13,231,325,395,4.20e-19,91.3,69.86,1,0
A00405_539_HLLNCDSX3_4_2413_23728_18349_1_294_+_5c8cf276bfb8a016a1079c51251bc7d6,WP_050059166.1,46.341,82,44,0,1,246,321,402,4.25e-19,91.3,64.63,1,0
A00405_539_HLLNCDSX3_4_2413_23728_18349_1_294_+_5c8cf276bfb8a016a1079c51251bc7d6,HXS92294.1,50.000,80,39,1,7,246,329,407,4.67e-19,91.3,67.50,1,0
A00405_539_HLLNCDSX3_4_2413_23728_18349_1_294_+_5c8cf276bfb8a016a1079c51251bc7d6,HEY4051728.1,43.902,82,46,0,1,246,84,165,5.61e-19,87.0,64.63,1,0
A00405_539_HLLNCDSX3_4_2413_23728_18349_1_294_+_5c8cf276bfb8a016a1079c51251bc7d6,HTG06925.1,46.341,82,44,0,1,246,23,104,5.67e-19,85.5,67.07,1,0
A00405_539_HLLNCDSX3_4_2413_23728_18349_1_294_+_5c8cf276bfb8a016a1079c51251bc7d6,MBC7505281.1,50.000,78,38,1,13,246,245,321,6.42e-19,90.1,69.23,1,0
A00405_539_HLLNCDSX3_4_2413_23728_18349_1_294_+_5c8cf276bfb8a016a1079c51251bc7d6,MHL6275655.1,47.561,82,42,1,1,246,34,114,6.62e-19,85.5,65.85,1,0
A00405_539_HLLNCDSX3_4_2413_23728_18349_1_294_+_5c8cf276bfb8a016a1079c51251bc7d6,RZL82534.1,47.500,80,41,1,7,246,235,313,6.93e-19,89.7,66.25,1,0
A00405_539_HLLNCDSX3_4_2413_23728_18349_1_294_+_5c8cf276bfb8a016a1079c51251bc7d6,WP_135244991.1,50.000,78,38,1,13,246,325,401,7.32e-19,90.9,71.79,1,0
A00405_539_HLLNCDSX3_4_2413_23728_18349_1_294_+_5c8cf276bfb8a016a1079c51251bc7d6,WP_503469297.1,48.750,80,41,0,7,246,325,404,7.67e-19,90.9,68.75,1,0
A00405_539_HLLNCDSX3_4_2413_23728_18349_1_294_+_5c8cf276bfb8a016a1079c51251bc7d6,MGL4541001.1,50.000,78,38,1,13,246,328,404,7.85e-19,90.9,70.51,1,0
A00405_539_HLLNCDSX3_4_2413_23728_18349_1_294_+_5c8cf276bfb8a016a1079c51251bc7d6,MHK3558749.1,47.561,82,42,1,1,246,110,190,8.36e-19,87.4,65.85,1,0
A00405_539_HLLNCDSX3_4_2413_23728_18349_1_294_+_5c8cf276bfb8a016a1079c51251bc7d6,WP_428487170.1,49.367,79,40,0,10,246,312,390,8.45e-19,90.5,64.56,1,0
A00405_539_HLLNCDSX3_4_2413_23728_18349_1_294_+_5c8cf276bfb8a016a1079c51251bc7d6,CAR3319770.1,50.000,80,39,1,7,246,331,409,1.18e-18,90.1,67.50,1,0
A00405_539_HLLNCDSX3_4_2413_23728_18349_1_294_+_5c8cf276bfb8a016a1079c51251bc7d6,WP_188764253.1,50.000,78,38,1,13,246,326,402,1.22e-18,90.1,69.23,1,0
A00405_539_HLLNCDSX3_4_2413_23728_18349_1_294_+_5c8cf276bfb8a016a1079c51251bc7d6,KPF67303.1,50.633,79,38,1,13,249,322,399,1.61e-18,89.7,69.62,1,0
A00405_539_HLLNCDSX3_4_2413_23728_18349_1_294_+_5c8cf276bfb8a016a1079c51251bc7d6,MEI6485569.1,50.000,78,38,1,13,246,323,399,1.74e-18,89.7,69.23,1,0
A00405_539_HLLNCDSX3_4_2413_23728_18349_1_294_+_5c8cf276bfb8a016a1079c51251bc7d6,MET4185569.1,45.122,82,45,0,1,246,37,118,2.95e-18,84.0,65.85,1,0
A00405_539_HLLNCDSX3_4_2413_23728_18349_1_294_+_5c8cf276bfb8a016a1079c51251bc7d6,MEJ5222108.1,47.561,82,42,1,1,246,281,361,2.98e-18,88.6,65.85,1,0
A00405_539_HLLNCDSX3_4_2413_23728_18349_1_294_+_5c8cf276bfb8a016a1079c51251bc7d6,MEA2730514.1,45.000,80,44,0,7,246,347,426,3.02e-18,89.4,67.50,1,0
A00405_539_HLLNCDSX3_4_2413_23728_18349_1_294_+_5c8cf276bfb8a016a1079c51251bc7d6,WP_184260783.1,45.000,80,44,0,7,246,360,439,3.44e-18,89.4,66.25,1,0
A00405_539_HLLNCDSX3_4_2413_23728_18349_1_294_+_5c8cf276bfb8a016a1079c51251bc7d6,MBR0694292.1,46.250,80,43,0,7,246,235,314,4.64e-18,87.8,67.50,1,0
A00405_539_HLLNCDSX3_4_2413_23728_18349_1_294_+_5c8cf276bfb8a016a1079c51251bc7d6,HJY42200.1,45.122,82,44,1,1,246,10,90,4.92e-18,82.4,64.63,1,0
A00405_539_HLLNCDSX3_4_2413_23728_18349_1_294_+_5c8cf276bfb8a016a1079c51251bc7d6,WP_199877121.1,45.122,82,45,0,1,246,75,156,6.06e-18,84.3,65.85,1,0
A00405_539_HLLNCDSX3_4_2413_23728_18349_1_294_+_5c8cf276bfb8a016a1079c51251bc7d6,HTF61427.1,45.000,80,44,0,7,246,324,403,6.84e-18,88.2,70.00,1,0
A00405_539_HLLNCDSX3_4_2413_23728_18349_1_294_+_5c8cf276bfb8a016a1079c51251bc7d6,HKU14885.1,48.750,80,40,1,7,246,328,406,6.95e-18,88.2,65.00,1,0
A00405_539_HLLNCDSX3_4_2413_23728_18349_1_294_+_5c8cf276bfb8a016a1079c51251bc7d6,WP_297677367.1,46.341,82,43,1,1,246,327,407,8.04e-18,87.8,65.85,1,0
A00405_539_HLLNCDSX3_4_2413_23728_18349_1_294_+_5c8cf276bfb8a016a1079c51251bc7d6,WP_322819493.1,46.341,82,43,1,1,246,327,407,8.21e-18,87.8,65.85,1,0
A00405_539_HLLNCDSX3_4_2413_23728_18349_1_294_+_5c8cf276bfb8a016a1079c51251bc7d6,WP_238198008.1,46.250,80,43,0,7,246,336,415,9.61e-18,87.8,63.75,1,0
A00405_539_HLLNCDSX3_4_2413_23728_18349_1_294_+_5c8cf276bfb8a016a1079c51251bc7d6,WP_249144270.1,46.250,80,43,0,7,246,325,404,1.00e-17,87.8,67.50,1,0
A00405_539_HLLNCDSX3_4_2413_23728_18349_1_294_+_5c8cf276bfb8a016a1079c51251bc7d6,MGY4354334.1,46.250,80,43,0,7,246,283,362,1.13e-17,87.0,67.50,1,0
A00405_539_HLLNCDSX3_4_2413_23728_18349_1_294_+_5c8cf276bfb8a016a1079c51251bc7d6,HKR34436.1,46.341,82,43,1,1,246,328,408,1.31e-17,87.4,64.63,1,0
A00405_539_HLLNCDSX3_4_2413_23728_18349_1_294_+_5c8cf276bfb8a016a1079c51251bc7d6,MGY8805994.1,47.436,78,40,1,13,246,236,312,2.96e-17,85.5,69.23,1,0
A00405_539_HLLNCDSX3_4_2413_23728_18349_1_294_+_5c8cf276bfb8a016a1079c51251bc7d6,MEG9529136.1,44.578,83,46,0,1,249,61,143,4.48e-17,81.6,61.45,1,0
A00405_539_HLLNCDSX3_4_2413_23728_18349_1_294_+_5c8cf276bfb8a016a1079c51251bc7d6,HJY39517.1,44.706,85,46,1,1,255,136,219,4.48e-17,83.6,63.53,1,0
A00405_539_HLLNCDSX3_4_2413_23728_18349_1_294_+_5c8cf276bfb8a016a1079c51251bc7d6,MFN8616621.1,51.316,76,36,1,1,228,327,401,5.53e-17,85.5,64.47,1,0
A00405_539_HLLNCDSX3_4_2413_23728_18349_1_294_+_5c8cf276bfb8a016a1079c51251bc7d6,MGE0599560.1,45.122,82,45,0,1,246,321,402,6.52e-17,85.5,60.98,1,0
A00405_539_HLLNCDSX3_4_2413_23728_18349_1_294_+_5c8cf276bfb8a016a1079c51251bc7d6,MDZ4740597.1,52.778,72,33,1,13,228,326,396,6.52e-17,85.5,69.44,1,0
A00405_539_HLLNCDSX3_4_2170_22381_8938_1_289_-_5eaf02e2ec49222f3f23b439151ed5af,WP_298603505.1,95.789,95,4,0,1,285,242,336,2.98e-57,192,100.00,1,0
A00405_539_HLLNCDSX3_4_2170_22381_8938_1_289_-_5eaf02e2ec49222f3f23b439151ed5af,MGB5076494.1,88.421,95,11,0,1,285,242,336,2.33e-52,178,92.63,1,0
A00405_539_HLLNCDSX3_4_2170_22381_8938_1_289_-_5eaf02e2ec49222f3f23b439151ed5af,MFM6852787.1,85.263,95,14,0,1,285,191,285,6.42e-51,174,93.68,1,0
A00405_539_HLLNCDSX3_4_2170_22381_8938_1_289_-_5eaf02e2ec49222f3f23b439151ed5af,WP_425232019.1,84.211,95,15,0,1,285,242,336,1.86e-50,175,96.84,1,0
A00405_539_HLLNCDSX3_4_2170_22381_8938_1_289_-_5eaf02e2ec49222f3f23b439151ed5af,MEQ1540552.1,86.667,90,12,0,16,285,1,90,1.28e-49,166,92.22,1,0
A00405_539_HLLNCDSX3_4_2170_22381_8938_1_289_-_5eaf02e2ec49222f3f23b439151ed5af,MFZ1476419.1,81.053,95,18,0,1,285,123,217,1.44e-48,167,93.68,1,0
A00405_539_HLLNCDSX3_4_2170_22381_8938_1_289_-_5eaf02e2ec49222f3f23b439151ed5af,MEE9434497.1,77.895,95,21,0,1,285,242,336,6.49e-48,168,92.63,1,0
A00405_539_HLLNCDSX3_4_2170_22381_8938_1_289_-_5eaf02e2ec49222f3f23b439151ed5af,MGH8335705.1,81.053,95,18,0,1,285,192,286,1.17e-47,165,89.47,1,0
A00405_539_HLLNCDSX3_4_2170_22381_8938_1_289_-_5eaf02e2ec49222f3f23b439151ed5af,MEY3915219.1,77.895,95,21,0,1,285,57,151,4.81e-47,161,90.53,1,0
A00405_539_HLLNCDSX3_4_2170_22381_8938_1_289_-_5eaf02e2ec49222f3f23b439151ed5af,MBJ7388533.1,77.895,95,21,0,1,285,16,110,5.09e-47,160,88.42,1,0
A00405_539_HLLNCDSX3_4_2170_22381_8938_1_289_-_5eaf02e2ec49222f3f23b439151ed5af,WP_422250372.1,80.000,95,19,0,1,285,242,336,5.74e-47,166,93.68,1,0
A00405_539_HLLNCDSX3_4_2170_22381_8938_1_289_-_5eaf02e2ec49222f3f23b439151ed5af,WP_482654957.1,77.895,95,21,0,1,285,242,336,2.05e-46,162,90.53,1,0
A00405_539_HLLNCDSX3_4_2170_22381_8938_1_289_-_5eaf02e2ec49222f3f23b439151ed5af,WP_160354371.1,81.053,95,18,0,1,285,242,336,4.95e-46,163,89.47,1,0
A00405_539_HLLNCDSX3_4_2170_22381_8938_1_289_-_5eaf02e2ec49222f3f23b439151ed5af,WP_483003891.1,78.947,95,20,0,1,285,166,260,7.38e-46,161,89.47,1,0
A00405_539_HLLNCDSX3_4_2170_22381_8938_1_289_-_5eaf02e2ec49222f3f23b439151ed5af,MGL5837057.1,78.947,95,20,0,1,285,242,336,1.60e-45,162,88.42,1,0
A00405_539_HLLNCDSX3_4_2170_22381_8938_1_289_-_5eaf02e2ec49222f3f23b439151ed5af,WP_072560033.1,77.895,95,21,0,1,285,242,336,3.10e-45,161,89.47,1,0
A00405_539_HLLNCDSX3_4_2170_22381_8938_1_289_-_5eaf02e2ec49222f3f23b439151ed5af,WP_295443300.1,77.895,95,21,0,1,285,242,336,4.30e-45,161,89.47,1,0
A00405_539_HLLNCDSX3_4_2170_22381_8938_1_289_-_5eaf02e2ec49222f3f23b439151ed5af,MID7898245.1,78.947,95,20,0,1,285,242,336,4.40e-45,160,89.47,1,0
A00405_539_HLLNCDSX3_4_2170_22381_8938_1_289_-_5eaf02e2ec49222f3f23b439151ed5af,WP_381423989.1,74.737,95,24,0,1,285,242,336,1.56e-43,157,87.37,1,0
A00405_539_HLLNCDSX3_4_2170_22381_8938_1_289_-_5eaf02e2ec49222f3f23b439151ed5af,WP_022674003.1,71.579,95,27,0,1,285,243,337,2.89e-40,148,84.21,1,0
A00405_539_HLLNCDSX3_4_2170_22381_8938_1_289_-_5eaf02e2ec49222f3f23b439151ed5af,MHR5197532.1,70.213,94,28,0,4,285,158,251,4.70e-40,146,88.30,1,0
A00405_539_HLLNCDSX3_4_2170_22381_8938_1_289_-_5eaf02e2ec49222f3f23b439151ed5af,MHS8107783.1,67.021,94,31,0,4,285,41,134,5.83e-40,143,87.23,1,0
A00405_539_HLLNCDSX3_4_2170_22381_8938_1_289_-_5eaf02e2ec49222f3f23b439151ed5af,MHK3968160.1,68.085,94,30,0,4,285,1,94,2.26e-39,140,82.98,1,0
A00405_539_HLLNCDSX3_4_2170_22381_8938_1_289_-_5eaf02e2ec49222f3f23b439151ed5af,BGH87696.1,70.213,94,28,0,4,285,263,356,6.71e-39,145,86.17,1,0
A00405_539_HLLNCDSX3_4_2170_22381_8938_1_289_-_5eaf02e2ec49222f3f23b439151ed5af,WP_444609344.1,69.474,95,29,0,1,285,245,339,8.09e-39,142,83.16,1,0
A00405_539_HLLNCDSX3_4_2170_22381_8938_1_289_-_5eaf02e2ec49222f3f23b439151ed5af,WP_339692149.1,68.085,94,30,0,4,285,251,344,8.09e-39,145,88.30,1,0
A00405_539_HLLNCDSX3_4_2170_22381_8938_1_289_-_5eaf02e2ec49222f3f23b439151ed5af,MEL6874263.1,68.085,94,30,0,4,285,255,348,9.76e-39,142,85.11,1,0
A00405_539_HLLNCDSX3_4_2170_22381_8938_1_289_-_5eaf02e2ec49222f3f23b439151ed5af,WP_332041797.1,68.085,94,30,0,4,285,250,343,1.33e-38,144,86.17,1,0
A00405_539_HLLNCDSX3_4_2170_22381_8938_1_289_-_5eaf02e2ec49222f3f23b439151ed5af,NJM51860.1,68.421,95,30,0,1,285,242,336,1.48e-38,144,83.16,1,0
A00405_539_HLLNCDSX3_4_2170_22381_8938_1_289_-_5eaf02e2ec49222f3f23b439151ed5af,WP_348015223.1,69.149,94,29,0,4,285,230,323,2.38e-38,143,86.17,1,0
A00405_539_HLLNCDSX3_4_2170_22381_8938_1_289_-_5eaf02e2ec49222f3f23b439151ed5af,WP_260806999.1,65.957,94,32,0,4,285,251,344,4.89e-38,142,89.36,1,0
A00405_539_HLLNCDSX3_4_2170_22381_8938_1_289_-_5eaf02e2ec49222f3f23b439151ed5af,WP_373491599.1,65.957,94,32,0,4,285,251,344,5.65e-38,141,87.23,1,0
A00405_539_HLLNCDSX3_4_2170_22381_8938_1_289_-_5eaf02e2ec49222f3f23b439151ed5af,WP_367003506.1,68.085,94,30,0,4,285,250,343,6.42e-38,142,85.11,1,0
A00405_539_HLLNCDSX3_4_2170_22381_8938_1_289_-_5eaf02e2ec49222f3f23b439151ed5af,HIR5280129.1,67.368,95,31,0,1,285,250,344,7.55e-38,142,82.11,1,0
A00405_539_HLLNCDSX3_4_2170_22381_8938_1_289_-_5eaf02e2ec49222f3f23b439151ed5af,WP_254054343.1,68.085,94,30,0,4,285,250,343,1.83e-37,141,85.11,1,0
A00405_539_HLLNCDSX3_4_2170_22381_8938_1_289_-_5eaf02e2ec49222f3f23b439151ed5af,WP_439485592.1,68.421,95,30,0,1,285,260,354,2.06e-37,141,83.16,1,0
A00405_539_HLLNCDSX3_4_2170_22381_8938_1_289_-_5eaf02e2ec49222f3f23b439151ed5af,WP_484716640.1,68.421,95,30,0,1,285,250,344,2.42e-37,140,82.11,1,0
A00405_539_HLLNCDSX3_4_2170_22381_8938_1_289_-_5eaf02e2ec49222f3f23b439151ed5af,WP_473698545.1,65.263,95,33,0,1,285,250,344,4.74e-37,140,83.16,1,0
A00405_539_HLLNCDSX3_4_2170_22381_8938_1_289_-_5eaf02e2ec49222f3f23b439151ed5af,WP_023838349.1,68.421,95,30,0,1,285,255,349,6.38e-37,140,82.11,1,0
A00405_539_HLLNCDSX3_4_2170_22381_8938_1_289_-_5eaf02e2ec49222f3f23b439151ed5af,MEY4270068.1,67.368,95,31,0,1,285,250,344,1.16e-36,139,82.11,1,0
A00405_539_HLLNCDSX3_4_2170_22381_8938_1_289_-_5eaf02e2ec49222f3f23b439151ed5af,MDZ7587828.1,68.085,94,30,0,4,285,243,336,1.59e-36,138,81.91,1,0
A00405_539_HLLNCDSX3_4_2170_22381_8938_1_289_-_5eaf02e2ec49222f3f23b439151ed5af,WP_074204161.1,64.894,94,33,0,4,285,255,348,2.36e-36,138,85.11,1,0
A00405_539_HLLNCDSX3_4_2170_22381_8938_1_289_-_5eaf02e2ec49222f3f23b439151ed5af,WP_237837106.1,63.158,95,35,0,1,285,250,344,2.91e-36,138,83.16,1,0
A00405_539_HLLNCDSX3_4_2170_22381_8938_1_289_-_5eaf02e2ec49222f3f23b439151ed5af,MEP2989905.1,67.021,94,31,0,4,285,230,323,3.92e-36,137,82.98,1,0
A00405_539_HLLNCDSX3_4_2170_22381_8938_1_289_-_5eaf02e2ec49222f3f23b439151ed5af,WP_222135605.1,64.211,95,34,0,1,285,250,344,6.16e-36,137,81.05,1,0
A00405_539_HLLNCDSX3_4_2170_22381_8938_1_289_-_5eaf02e2ec49222f3f23b439151ed5af,MBU7590908.1,63.830,94,34,0,4,285,251,344,6.25e-36,136,82.98,1,0
A00405_539_HLLNCDSX3_4_2170_22381_8938_1_289_-_5eaf02e2ec49222f3f23b439151ed5af,WP_294032378.1,60.000,95,38,0,1,285,50,144,6.28e-36,132,80.00,1,0
A00405_539_HLLNCDSX3_4_2170_22381_8938_1_289_-_5eaf02e2ec49222f3f23b439151ed5af,WP_056348894.1,64.211,95,34,0,1,285,250,344,6.36e-36,137,82.11,1,0
A00405_539_HLLNCDSX3_4_2170_22381_8938_1_289_-_5eaf02e2ec49222f3f23b439151ed5af,MFM6854326.1,63.158,95,35,0,1,285,243,337,1.07e-35,134,80.00,1,0
A00405_539_HLLNCDSX3_4_2170_22381_8938_1_289_-_5eaf02e2ec49222f3f23b439151ed5af,WP_088473165.1,61.053,95,37,0,1,285,250,344,1.88e-35,135,83.16,1,0
A00405_539_HLLNCDSX3_4_2170_22381_8938_1_289_-_5eaf02e2ec49222f3f23b439151ed5af,WP_341680478.1,63.830,94,34,0,4,285,251,344,1.88e-35,135,82.98,1,0
A00405_539_HLLNCDSX3_4_2170_22381_8938_1_289_-_5eaf02e2ec49222f3f23b439151ed5af,WP_194955078.1,60.000,95,38,0,1,285,250,344,2.00e-35,135,83.16,1,0
A00405_539_HLLNCDSX3_4_2170_22381_8938_1_289_-_5eaf02e2ec49222f3f23b439151ed5af,WP_242769919.1,62.105,95,36,0,1,285,250,344,2.19e-35,135,82.11,1,0
A00405_539_HLLNCDSX3_4_2170_22381_8938_1_289_-_5eaf02e2ec49222f3f23b439151ed5af,WP_169943693.1,65.263,95,33,0,1,285,242,336,2.33e-35,135,82.11,1,0
A00405_539_HLLNCDSX3_4_2170_22381_8938_1_289_-_5eaf02e2ec49222f3f23b439151ed5af,WP_083435848.1,63.830,94,33,1,7,285,256,349,2.53e-35,135,82.98,1,0
A00405_539_HLLNCDSX3_4_2170_22381_8938_1_289_-_5eaf02e2ec49222f3f23b439151ed5af,MFM2099138.1,67.368,95,31,0,1,285,242,336,3.49e-35,135,78.95,1,0
A00405_539_HLLNCDSX3_4_2170_22381_8938_1_289_-_5eaf02e2ec49222f3f23b439151ed5af,MBX9728008.1,65.263,95,33,0,1,285,242,336,5.54e-35,134,81.05,1,0
A00405_539_HLLNCDSX3_4_2170_22381_8938_1_289_-_5eaf02e2ec49222f3f23b439151ed5af,MEK6542660.1,64.211,95,34,0,1,285,243,337,5.98e-35,134,81.05,1,0
A00405_539_HLLNCDSX3_4_2170_22381_8938_1_289_-_5eaf02e2ec49222f3f23b439151ed5af,WP_198093605.1,67.368,95,31,0,1,285,245,339,6.25e-35,134,77.89,1,0
A00405_539_HLLNCDSX3_4_2170_22381_8938_1_289_-_5eaf02e2ec49222f3f23b439151ed5af,WP_337829250.1,67.021,94,31,0,4,285,247,340,8.00e-35,134,81.91,1,0
A00405_539_HLLNCDSX3_4_2170_22381_8938_1_289_-_5eaf02e2ec49222f3f23b439151ed5af,MEN9288881.1,64.211,95,34,0,1,285,1,95,9.10e-35,128,78.95,1,0
A00405_539_HLLNCDSX3_4_2170_22381_8938_1_289_-_5eaf02e2ec49222f3f23b439151ed5af,WP_322309856.1,58.947,95,39,0,1,285,250,344,9.27e-35,134,82.11,1,0
A00405_539_HLLNCDSX3_4_2170_22381_8938_1_289_-_5eaf02e2ec49222f3f23b439151ed5af,OZA94310.1,64.894,94,33,0,4,285,205,298,1.10e-34,133,78.72,1,0
A00405_539_HLLNCDSX3_4_2170_22381_8938_1_289_-_5eaf02e2ec49222f3f23b439151ed5af,WP_227689343.1,60.638,94,37,0,4,285,258,351,1.44e-34,134,82.98,1,0
A00405_539_HLLNCDSX3_4_2170_22381_8938_1_289_-_5eaf02e2ec49222f3f23b439151ed5af,WP_184099534.1,62.766,94,34,1,7,285,251,344,2.47e-34,133,82.98,1,0
A00405_539_HLLNCDSX3_4_2170_22381_8938_1_289_-_5eaf02e2ec49222f3f23b439151ed5af,WP_317151393.1,62.105,95,36,0,1,285,250,344,2.49e-34,133,81.05,1,0
A00405_539_HLLNCDSX3_4_2170_22381_8938_1_289_-_5eaf02e2ec49222f3f23b439151ed5af,MEK6638078.1,65.263,95,33,0,1,285,247,341,2.77e-34,132,81.05,1,0
A00405_539_HLLNCDSX3_4_2170_22381_8938_1_289_-_5eaf02e2ec49222f3f23b439151ed5af,WP_373487731.1,66.316,95,32,0,1,285,245,339,2.90e-34,132,77.89,1,0
A00405_539_HLLNCDSX3_4_2170_22381_8938_1_289_-_5eaf02e2ec49222f3f23b439151ed5af,WP_324262726.1,64.894,94,33,0,4,285,254,347,3.12e-34,132,78.72,1,0
A00405_539_HLLNCDSX3_4_2170_22381_8938_1_289_-_5eaf02e2ec49222f3f23b439151ed5af,WP_082737121.1,61.053,95,37,0,1,285,250,344,3.66e-34,132,81.05,1,0
A00405_539_HLLNCDSX3_4_2170_22381_8938_1_289_-_5eaf02e2ec49222f3f23b439151ed5af,WP_324072576.1,62.766,94,34,1,7,285,256,349,3.79e-34,132,81.91,1,0
A00405_539_HLLNCDSX3_4_2170_22381_8938_1_289_-_5eaf02e2ec49222f3f23b439151ed5af,MHL5115955.1,63.158,95,35,0,1,285,248,342,4.68e-34,132,80.00,1,0
A00405_539_HLLNCDSX3_4_2170_22381_8938_1_289_-_5eaf02e2ec49222f3f23b439151ed5af,MDK2760880.1,58.947,95,39,0,1,285,250,344,8.33e-34,131,80.00,1,0
A00405_539_HLLNCDSX3_4_2170_22381_8938_1_289_-_5eaf02e2ec49222f3f23b439151ed5af,WP_406568424.1,65.263,95,32,1,1,285,243,336,9.94e-34,131,78.95,1,0
A00405_539_HLLNCDSX3_4_2170_22381_8938_1_289_-_5eaf02e2ec49222f3f23b439151ed5af,MEQ1548050.1,66.316,95,32,0,1,285,242,336,1.11e-33,131,78.95,1,0
A00405_539_HLLNCDSX3_4_2170_22381_8938_1_289_-_5eaf02e2ec49222f3f23b439151ed5af,WP_222993018.1,64.211,95,34,0,1,285,242,336,1.24e-33,131,82.11,1,0
A00405_539_HLLNCDSX3_4_2170_22381_8938_1_289_-_5eaf02e2ec49222f3f23b439151ed5af,WP_219892332.1,65.263,95,33,0,1,285,242,336,1.48e-33,130,78.95,1,0
A00405_539_HLLNCDSX3_4_2170_22381_8938_1_289_-_5eaf02e2ec49222f3f23b439151ed5af,HET6537270.1,57.895,95,40,0,1,285,253,347,1.74e-33,130,83.16,1,0
A00405_539_HLLNCDSX3_4_2170_22381_8938_1_289_-_5eaf02e2ec49222f3f23b439151ed5af,WP_379480110.1,65.263,95,32,1,4,285,245,339,1.77e-33,130,78.95,1,0
A00405_539_HLLNCDSX3_4_2170_22381_8938_1_289_-_5eaf02e2ec49222f3f23b439151ed5af,MHS6458903.1,63.158,95,34,1,4,285,245,339,2.30e-33,130,81.05,1,0
A00405_539_HLLNCDSX3_4_2170_22381_8938_1_289_-_5eaf02e2ec49222f3f23b439151ed5af,PZQ21837.1,57.895,95,40,0,1,285,250,344,2.96e-33,130,80.00,1,0
A00405_539_HLLNCDSX3_4_2170_22381_8938_1_289_-_5eaf02e2ec49222f3f23b439151ed5af,MEY4474174.1,62.105,95,35,1,4,285,55,149,3.43e-33,125,78.95,1,0
A00405_539_HLLNCDSX3_4_2170_22381_8938_1_289_-_5eaf02e2ec49222f3f23b439151ed5af,WP_160602660.1,64.894,94,33,0,4,285,248,341,4.45e-33,129,76.60,1,0
A00405_539_HLLNCDSX3_4_2170_22381_8938_1_289_-_5eaf02e2ec49222f3f23b439151ed5af,WP_188237552.1,60.638,94,36,1,7,285,256,349,5.46e-33,129,81.91,1,0
A00405_539_HLLNCDSX3_4_2170_22381_8938_1_289_-_5eaf02e2ec49222f3f23b439151ed5af,WP_293859888.1,62.105,95,36,0,1,285,242,336,7.00e-33,129,82.11,1,0
A00405_539_HLLNCDSX3_4_2170_22381_8938_1_289_-_5eaf02e2ec49222f3f23b439151ed5af,MEA3265073.1,64.211,95,33,1,4,285,245,339,8.79e-33,129,77.89,1,0
A00405_539_HLLNCDSX3_4_2170_22381_8938_1_289_-_5eaf02e2ec49222f3f23b439151ed5af,WP_184018478.1,61.053,95,37,0,1,285,242,336,9.12e-33,129,81.05,1,0
A00405_539_HLLNCDSX3_4_2170_22381_8938_1_289_-_5eaf02e2ec49222f3f23b439151ed5af,WP_483657587.1,61.053,95,37,0,1,285,242,336,9.79e-33,128,78.95,1,0
A00405_539_HLLNCDSX3_4_2170_22381_8938_1_289_-_5eaf02e2ec49222f3f23b439151ed5af,MES2753718.1,63.158,95,35,0,1,285,242,336,1.03e-32,128,76.84,1,0
A00405_539_HLLNCDSX3_4_2170_22381_8938_1_289_-_5eaf02e2ec49222f3f23b439151ed5af,MFM9827868.1,63.542,96,34,1,1,285,244,339,1.21e-32,128,78.12,1,0
A00405_539_HLLNCDSX3_4_2170_22381_8938_1_289_-_5eaf02e2ec49222f3f23b439151ed5af,WP_147090286.1,64.211,95,33,1,4,285,245,339,1.26e-32,128,78.95,1,0
A00405_539_HLLNCDSX3_4_2170_22381_8938_1_289_-_5eaf02e2ec49222f3f23b439151ed5af,MFM9852312.1,64.211,95,34,0,1,285,242,336,1.47e-32,128,77.89,1,0
A00405_539_HLLNCDSX3_4_2170_22381_8938_1_289_-_5eaf02e2ec49222f3f23b439151ed5af,MEQ1495929.1,61.053,95,36,1,4,285,67,161,1.70e-32,124,77.89,1,0
A00405_539_HLLNCDSX3_4_2170_22381_8938_1_289_-_5eaf02e2ec49222f3f23b439151ed5af,MBA4164890.1,61.000,100,33,2,4,285,27,126,1.81e-32,123,75.00,1,0
A00405_539_HLLNCDSX3_4_2170_22381_8938_1_289_-_5eaf02e2ec49222f3f23b439151ed5af,MFM1982498.1,61.053,95,37,0,1,285,242,336,1.91e-32,127,80.00,1,0
A00405_539_HLLNCDSX3_4_2170_22381_8938_1_289_-_5eaf02e2ec49222f3f23b439151ed5af,MBX9643696.1,63.158,95,34,1,4,285,150,244,1.96e-32,126,77.89,1,0
A00405_539_HLLNCDSX3_4_2170_22381_8938_1_289_-_5eaf02e2ec49222f3f23b439151ed5af,WP_241629472.1,60.000,95,38,0,1,285,242,336,1.96e-32,127,81.05,1,0
A00405_539_HLLNCDSX3_4_2170_22381_8938_1_289_-_5eaf02e2ec49222f3f23b439151ed5af,MFN6933993.1,63.725,102,27,2,4,285,254,353,2.04e-32,128,75.49,1,0
A00405_539_HLLNCDSX3_4_2170_22381_8938_1_289_-_5eaf02e2ec49222f3f23b439151ed5af,MID8006305.1,63.830,94,34,0,4,285,253,346,2.08e-32,127,78.72,1,0
A00405_539_HLLNCDSX3_4_2170_22381_8938_1_289_-_5eaf02e2ec49222f3f23b439151ed5af,WP_033073788.1,54.737,95,43,0,1,285,250,344,2.43e-32,127,81.05,1,0
A00405_539_HLLNCDSX3_4_1434_17553_6433_1_291_+_7a051464df892a132e7368b8e9d3c73a,WP_115547866.1,100.000,96,0,0,1,288,258,353,1.99e-61,202,100.00,1,0
A00405_539_HLLNCDSX3_4_1434_17553_6433_1_291_+_7a051464df892a132e7368b8e9d3c73a,WP_484375748.1,90.625,96,9,0,1,288,258,353,3.63e-55,186,96.88,1,0
A00405_539_HLLNCDSX3_4_1434_17553_6433_1_291_+_7a051464df892a132e7368b8e9d3c73a,WP_298291500.1,82.105,95,17,0,4,288,259,353,4.64e-48,167,89.47,1,0
A00405_539_HLLNCDSX3_4_1434_17553_6433_1_291_+_7a051464df892a132e7368b8e9d3c73a,MHK8445800.1,77.895,95,21,0,4,288,259,353,2.04e-45,160,88.42,1,0
A00405_539_HLLNCDSX3_4_1434_17553_6433_1_291_+_7a051464df892a132e7368b8e9d3c73a,WP_374283858.1,77.895,95,21,0,4,288,260,354,1.64e-44,158,85.26,1,0
A00405_539_HLLNCDSX3_4_1434_17553_6433_1_291_+_7a051464df892a132e7368b8e9d3c73a,MDE2437111.1,80.435,92,18,0,13,288,262,353,5.31e-44,157,89.13,1,0
A00405_539_HLLNCDSX3_4_1434_17553_6433_1_291_+_7a051464df892a132e7368b8e9d3c73a,WP_100867579.1,77.895,95,21,0,4,288,260,354,7.15e-44,157,84.21,1,0
A00405_539_HLLNCDSX3_4_1434_17553_6433_1_291_+_7a051464df892a132e7368b8e9d3c73a,WP_408589362.1,70.526,95,28,0,4,288,243,337,6.70e-42,151,86.32,1,0
A00405_539_HLLNCDSX3_4_1434_17553_6433_1_291_+_7a051464df892a132e7368b8e9d3c73a,WP_417595860.1,69.474,95,29,0,4,288,259,353,2.99e-37,139,82.11,1,0
A00405_539_HLLNCDSX3_4_1434_17553_6433_1_291_+_7a051464df892a132e7368b8e9d3c73a,MEQ9661437.1,68.085,94,30,0,4,285,181,274,1.04e-36,136,81.91,1,0
A00405_539_HLLNCDSX3_4_1434_17553_6433_1_291_+_7a051464df892a132e7368b8e9d3c73a,HLZ82541.1,63.158,95,35,0,1,285,257,351,9.58e-32,125,76.84,1,0
A00405_539_HLLNCDSX3_4_1434_17553_6433_1_291_+_7a051464df892a132e7368b8e9d3c73a,WP_322045041.1,61.053,95,37,0,1,285,258,352,3.15e-30,121,74.74,1,0
A00405_539_HLLNCDSX3_4_1434_17553_6433_1_291_+_7a051464df892a132e7368b8e9d3c73a,MGH1421027.1,57.895,95,40,0,4,288,258,352,2.04e-28,116,71.58,1,0
A00405_539_HLLNCDSX3_4_1434_17553_6433_1_291_+_7a051464df892a132e7368b8e9d3c73a,WP_321884677.1,58.947,95,39,0,1,285,258,352,4.26e-28,115,72.63,1,0
A00405_539_HLLNCDSX3_4_1434_17553_6433_1_291_+_7a051464df892a132e7368b8e9d3c73a,WP_321938158.1,58.947,95,39,0,1,285,258,352,6.45e-28,115,72.63,1,0
A00405_539_HLLNCDSX3_4_1434_17553_6433_1_291_+_7a051464df892a132e7368b8e9d3c73a,WP_488657206.1,53.125,96,45,0,1,288,71,166,8.25e-28,110,66.67,1,0
A00405_539_HLLNCDSX3_4_1434_17553_6433_1_291_+_7a051464df892a132e7368b8e9d3c73a,NWG52997.1,57.447,94,40,0,4,285,258,351,2.51e-27,113,70.21,1,0
A00405_539_HLLNCDSX3_4_1434_17553_6433_1_291_+_7a051464df892a132e7368b8e9d3c73a,WP_231022797.1,54.167,96,44,0,1,288,265,360,3.24e-27,113,67.71,1,0
A00405_539_HLLNCDSX3_4_1434_17553_6433_1_291_+_7a051464df892a132e7368b8e9d3c73a,WP_160363588.1,56.842,95,41,0,1,285,261,355,5.04e-27,112,71.58,1,0
A00405_539_HLLNCDSX3_4_1434_17553_6433_1_291_+_7a051464df892a132e7368b8e9d3c73a,MHQ2364704.1,60.417,96,38,0,1,288,257,352,6.60e-27,112,67.71,1,0
A00405_539_HLLNCDSX3_4_1434_17553_6433_1_291_+_7a051464df892a132e7368b8e9d3c73a,WP_425230007.1,54.167,96,44,0,1,288,266,361,7.15e-27,112,67.71,1,0
A00405_539_HLLNCDSX3_4_1434_17553_6433_1_291_+_7a051464df892a132e7368b8e9d3c73a,HKX89079.1,53.125,96,45,0,1,288,202,297,7.75e-27,111,69.79,1,0
A00405_539_HLLNCDSX3_4_1434_17553_6433_1_291_+_7a051464df892a132e7368b8e9d3c73a,MBA68167.1,55.789,95,42,0,4,288,258,352,7.87e-27,112,69.47,1,0
A00405_539_HLLNCDSX3_4_1434_17553_6433_1_291_+_7a051464df892a132e7368b8e9d3c73a,MES2095653.1,54.167,96,44,0,1,288,262,357,9.72e-27,112,68.75,1,0
A00405_539_HLLNCDSX3_4_1434_17553_6433_1_291_+_7a051464df892a132e7368b8e9d3c73a,MGL3819401.1,59.574,94,38,0,4,285,259,352,1.58e-26,111,67.02,1,0
A00405_539_HLLNCDSX3_4_1434_17553_6433_1_291_+_7a051464df892a132e7368b8e9d3c73a,WP_331086122.1,59.574,94,38,0,4,285,258,351,1.94e-26,111,68.09,1,0
A00405_539_HLLNCDSX3_4_1434_17553_6433_1_291_+_7a051464df892a132e7368b8e9d3c73a,MIB3421360.1,54.255,94,43,0,4,285,265,358,2.18e-26,111,69.15,1,0
A00405_539_HLLNCDSX3_4_1434_17553_6433_1_291_+_7a051464df892a132e7368b8e9d3c73a,HET6970816.1,57.895,95,40,0,1,285,257,351,2.41e-26,111,67.37,1,0
A00405_539_HLLNCDSX3_4_1434_17553_6433_1_291_+_7a051464df892a132e7368b8e9d3c73a,WP_299694767.1,55.319,94,42,0,4,285,265,358,2.63e-26,110,71.28,1,0
A00405_539_HLLNCDSX3_4_1434_17553_6433_1_291_+_7a051464df892a132e7368b8e9d3c73a,MFM2371490.1,54.639,97,43,1,1,288,82,178,2.74e-26,107,70.10,1,0
A00405_539_HLLNCDSX3_4_1434_17553_6433_1_291_+_7a051464df892a132e7368b8e9d3c73a,WP_109807546.1,54.737,95,43,0,1,285,260,354,2.91e-26,110,68.42,1,0
A00405_539_HLLNCDSX3_4_1434_17553_6433_1_291_+_7a051464df892a132e7368b8e9d3c73a,RYD60241.1,55.208,96,43,0,1,288,198,293,6.20e-26,108,69.79,1,0
A00405_539_HLLNCDSX3_4_1434_17553_6433_1_291_+_7a051464df892a132e7368b8e9d3c73a,WP_487791155.1,52.083,96,46,0,1,288,262,357,7.16e-26,109,68.75,1,0
A00405_539_HLLNCDSX3_4_1434_17553_6433_1_291_+_7a051464df892a132e7368b8e9d3c73a,WP_137776031.1,50.000,96,48,0,1,288,262,357,7.46e-26,109,69.79,1,0
A00405_539_HLLNCDSX3_4_1434_17553_6433_1_291_+_7a051464df892a132e7368b8e9d3c73a,WP_257544035.1,54.348,92,42,0,10,285,265,356,1.08e-25,109,68.48,1,0
A00405_539_HLLNCDSX3_4_1434_17553_6433_1_291_+_7a051464df892a132e7368b8e9d3c73a,WP_422059665.1,52.083,96,46,0,1,288,259,354,1.25e-25,108,68.75,1,0
A00405_539_HLLNCDSX3_4_1434_17553_6433_1_291_+_7a051464df892a132e7368b8e9d3c73a,WP_176593675.1,53.125,96,45,0,1,288,264,359,1.25e-25,108,67.71,1,0
A00405_539_HLLNCDSX3_4_1434_17553_6433_1_291_+_7a051464df892a132e7368b8e9d3c73a,HWU79963.1,53.125,96,45,0,1,288,267,362,1.39e-25,108,67.71,1,0
A00405_539_HLLNCDSX3_4_1434_17553_6433_1_291_+_7a051464df892a132e7368b8e9d3c73a,WP_474744728.1,52.632,95,45,0,1,285,262,356,1.43e-25,108,68.42,1,0
A00405_539_HLLNCDSX3_4_1434_17553_6433_1_291_+_7a051464df892a132e7368b8e9d3c73a,WP_056342088.1,55.208,96,43,0,1,288,259,354,1.53e-25,108,69.79,1,0
A00405_539_HLLNCDSX3_4_1434_17553_6433_1_291_+_7a051464df892a132e7368b8e9d3c73a,WP_421738066.1,52.083,96,46,0,1,288,262,357,1.93e-25,108,66.67,1,0
A00405_539_HLLNCDSX3_4_1434_17553_6433_1_291_+_7a051464df892a132e7368b8e9d3c73a,WP_054588842.1,51.042,96,47,0,1,288,262,357,1.97e-25,108,69.79,1,0
A00405_539_HLLNCDSX3_4_1434_17553_6433_1_291_+_7a051464df892a132e7368b8e9d3c73a,WP_093511826.1,51.042,96,47,0,1,288,264,359,1.97e-25,108,67.71,1,0
A00405_539_HLLNCDSX3_4_1434_17553_6433_1_291_+_7a051464df892a132e7368b8e9d3c73a,WP_033972647.1,58.947,95,39,0,1,285,260,354,2.09e-25,108,66.32,1,0
A00405_539_HLLNCDSX3_4_1434_17553_6433_1_291_+_7a051464df892a132e7368b8e9d3c73a,WP_175650612.1,57.447,94,40,0,4,285,261,354,2.31e-25,108,69.15,1,0
A00405_539_HLLNCDSX3_4_1434_17553_6433_1_291_+_7a051464df892a132e7368b8e9d3c73a,WP_095386582.1,51.042,96,47,0,1,288,262,357,2.74e-25,108,69.79,1,0
A00405_539_HLLNCDSX3_4_1434_17553_6433_1_291_+_7a051464df892a132e7368b8e9d3c73a,MIK9328812.1,50.000,96,48,0,1,288,261,356,3.07e-25,108,68.75,1,0
A00405_539_HLLNCDSX3_4_1434_17553_6433_1_291_+_7a051464df892a132e7368b8e9d3c73a,MEQ5837306.1,57.895,95,40,0,1,285,259,353,3.25e-25,107,68.42,1,0
A00405_539_HLLNCDSX3_4_1434_17553_6433_1_291_+_7a051464df892a132e7368b8e9d3c73a,WP_487959666.1,56.383,94,41,0,4,285,258,351,3.36e-25,107,67.02,1,0
A00405_539_HLLNCDSX3_4_1434_17553_6433_1_291_+_7a051464df892a132e7368b8e9d3c73a,MFM6853079.1,53.261,92,43,0,10,285,286,377,4.10e-25,107,68.48,1,0
A00405_539_HLLNCDSX3_4_1434_17553_6433_1_291_+_7a051464df892a132e7368b8e9d3c73a,WP_227689194.1,50.000,96,48,0,1,288,266,361,5.21e-25,107,66.67,1,0
A00405_539_HLLNCDSX3_4_1434_17553_6433_1_291_+_7a051464df892a132e7368b8e9d3c73a,WP_421851804.1,51.042,96,47,0,1,288,261,356,6.07e-25,107,66.67,1,0
A00405_539_HLLNCDSX3_4_1434_17553_6433_1_291_+_7a051464df892a132e7368b8e9d3c73a,WP_092254102.1,56.842,95,41,0,1,285,260,354,8.08e-25,106,68.42,1,0
A00405_539_HLLNCDSX3_4_1434_17553_6433_1_291_+_7a051464df892a132e7368b8e9d3c73a,WP_160363646.1,54.348,92,42,0,10,285,260,351,1.08e-24,106,71.74,1,0
A00405_539_HLLNCDSX3_4_1434_17553_6433_1_291_+_7a051464df892a132e7368b8e9d3c73a,WP_201170208.1,55.789,95,42,0,1,285,260,354,1.14e-24,106,68.42,1,0
A00405_539_HLLNCDSX3_4_1434_17553_6433_1_291_+_7a051464df892a132e7368b8e9d3c73a,WP_114105896.1,54.737,95,43,0,1,285,260,354,1.21e-24,106,67.37,1,0
A00405_539_HLLNCDSX3_4_1434_17553_6433_1_291_+_7a051464df892a132e7368b8e9d3c73a,WP_169492178.1,54.639,97,43,1,1,288,264,360,1.41e-24,106,69.07,1,0
A00405_539_HLLNCDSX3_4_1434_17553_6433_1_291_+_7a051464df892a132e7368b8e9d3c73a,WP_068876449.1,55.789,95,42,0,1,285,258,352,1.57e-24,106,65.26,1,0
A00405_539_HLLNCDSX3_4_1434_17553_6433_1_291_+_7a051464df892a132e7368b8e9d3c73a,MHS2811835.1,92.453,53,4,0,1,159,258,310,2.39e-24,103,98.11,1,0
A00405_539_HLLNCDSX3_4_1434_17553_6433_1_291_+_7a051464df892a132e7368b8e9d3c73a,MBK8200139.1,51.064,94,46,0,4,285,257,350,2.70e-24,105,65.96,1,0
A00405_539_HLLNCDSX3_4_1434_17553_6433_1_291_+_7a051464df892a132e7368b8e9d3c73a,WP_325028938.1,48.958,96,49,0,1,288,262,357,3.22e-24,105,68.75,1,0
A00405_539_HLLNCDSX3_4_1434_17553_6433_1_291_+_7a051464df892a132e7368b8e9d3c73a,WP_109807518.1,48.958,96,49,0,1,288,264,359,3.88e-24,105,65.62,1,0
A00405_539_HLLNCDSX3_4_1434_17553_6433_1_291_+_7a051464df892a132e7368b8e9d3c73a,MET0984037.1,57.895,95,40,0,1,285,257,351,3.88e-24,105,65.26,1,0
A00405_539_HLLNCDSX3_4_1434_17553_6433_1_291_+_7a051464df892a132e7368b8e9d3c73a,HVK81515.1,51.087,92,45,0,10,285,265,356,6.62e-24,104,68.48,1,0
A00405_539_HLLNCDSX3_4_1434_17553_6433_1_291_+_7a051464df892a132e7368b8e9d3c73a,WP_225007087.1,52.577,97,45,1,1,288,263,359,7.19e-24,104,68.04,1,0
A00405_539_HLLNCDSX3_4_1434_17553_6433_1_291_+_7a051464df892a132e7368b8e9d3c73a,HEY9545171.1,52.128,94,45,0,4,285,261,354,7.27e-24,104,67.02,1,0
A00405_539_HLLNCDSX3_4_1434_17553_6433_1_291_+_7a051464df892a132e7368b8e9d3c73a,WP_408590833.1,50.000,96,48,0,1,288,261,356,7.57e-24,104,66.67,1,0
A00405_539_HLLNCDSX3_4_1434_17553_6433_1_291_+_7a051464df892a132e7368b8e9d3c73a,WP_066623777.1,47.917,96,50,0,1,288,261,356,8.22e-24,104,66.67,1,0
A00405_539_HLLNCDSX3_4_1434_17553_6433_1_291_+_7a051464df892a132e7368b8e9d3c73a,WP_004615587.1,50.000,96,48,0,1,288,262,357,8.30e-24,104,66.67,1,0
A00405_539_HLLNCDSX3_4_1434_17553_6433_1_291_+_7a051464df892a132e7368b8e9d3c73a,WP_205444303.1,52.577,97,45,1,1,288,263,359,1.06e-23,103,65.98,1,0
A00405_539_HLLNCDSX3_4_1434_17553_6433_1_291_+_7a051464df892a132e7368b8e9d3c73a,HEX7872326.1,50.000,96,48,0,1,288,262,357,1.43e-23,103,66.67,1,0
A00405_539_HLLNCDSX3_4_1434_17553_6433_1_291_+_7a051464df892a132e7368b8e9d3c73a,MET0988295.1,51.579,95,46,0,1,285,259,353,2.03e-23,103,68.42,1,0
A00405_539_HLLNCDSX3_4_1434_17553_6433_1_291_+_7a051464df892a132e7368b8e9d3c73a,MBP7705461.1,54.255,94,43,0,4,285,259,352,2.79e-23,102,65.96,1,0
A00405_539_HLLNCDSX3_4_1434_17553_6433_1_291_+_7a051464df892a132e7368b8e9d3c73a,WP_088473894.1,48.958,96,49,0,1,288,262,357,3.22e-23,102,66.67,1,0
A00405_539_HLLNCDSX3_4_1434_17553_6433_1_291_+_7a051464df892a132e7368b8e9d3c73a,HET6536839.1,46.875,96,51,0,1,288,263,358,3.87e-23,102,65.62,1,0
A00405_539_HLLNCDSX3_4_1434_17553_6433_1_291_+_7a051464df892a132e7368b8e9d3c73a,WEK43865.1,46.875,96,51,0,1,288,266,361,1.03e-22,101,63.54,1,0
A00405_539_HLLNCDSX3_4_1434_17553_6433_1_291_+_7a051464df892a132e7368b8e9d3c73a,WP_176594681.1,51.579,95,46,0,1,285,259,353,1.09e-22,101,67.37,1,0
A00405_539_HLLNCDSX3_4_1434_17553_6433_1_291_+_7a051464df892a132e7368b8e9d3c73a,WP_251087308.1,51.579,95,46,0,1,285,257,351,1.10e-22,100,65.26,1,0
A00405_539_HLLNCDSX3_4_1434_17553_6433_1_291_+_7a051464df892a132e7368b8e9d3c73a,WP_144905182.1,52.577,97,45,1,1,288,263,359,1.19e-22,101,67.01,1,0
A00405_539_HLLNCDSX3_4_1434_17553_6433_1_291_+_7a051464df892a132e7368b8e9d3c73a,WP_473396851.1,49.474,95,48,0,1,285,260,354,1.36e-22,100,63.16,1,0
A00405_539_HLLNCDSX3_4_1434_17553_6433_1_291_+_7a051464df892a132e7368b8e9d3c73a,WP_077032923.1,53.261,92,43,0,10,285,265,356,1.47e-22,100,64.13,1,0
A00405_539_HLLNCDSX3_4_1434_17553_6433_1_291_+_7a051464df892a132e7368b8e9d3c73a,WP_207792470.1,52.083,96,46,0,1,288,262,357,1.66e-22,100,64.58,1,0
A00405_539_HLLNCDSX3_4_1434_17553_6433_1_291_+_7a051464df892a132e7368b8e9d3c73a,WP_215374022.1,52.632,95,45,0,1,285,260,354,1.67e-22,100,65.26,1,0
A00405_539_HLLNCDSX3_4_1434_17553_6433_1_291_+_7a051464df892a132e7368b8e9d3c73a,WP_379539341.1,50.515,97,47,1,1,288,263,359,1.82e-22,100,69.07,1,0
A00405_539_HLLNCDSX3_4_1434_17553_6433_1_291_+_7a051464df892a132e7368b8e9d3c73a,MES0875322.1,51.087,92,45,0,10,285,265,356,2.11e-22,100,69.57,1,0
A00405_539_HLLNCDSX3_4_1434_17553_6433_1_291_+_7a051464df892a132e7368b8e9d3c73a,WP_159239447.1,56.989,93,38,2,13,285,261,353,2.16e-22,100,68.82,1,0
A00405_539_HLLNCDSX3_4_1434_17553_6433_1_291_+_7a051464df892a132e7368b8e9d3c73a,WP_342974256.1,47.368,95,50,0,1,285,260,354,2.54e-22,100,68.42,1,0
A00405_539_HLLNCDSX3_4_1434_17553_6433_1_291_+_7a051464df892a132e7368b8e9d3c73a,WP_335594347.1,50.000,94,47,0,4,285,261,354,3.11e-22,99.8,62.77,1,0
A00405_539_HLLNCDSX3_4_1434_17553_6433_1_291_+_7a051464df892a132e7368b8e9d3c73a,MIB6251626.1,53.191,94,44,0,4,285,257,350,5.13e-22,99.4,63.83,1,0
A00405_539_HLLNCDSX3_4_1434_17553_6433_1_291_+_7a051464df892a132e7368b8e9d3c73a,NWG52985.1,51.042,96,47,0,1,288,257,352,6.27e-22,99.0,65.62,1,0
A00405_539_HLLNCDSX3_4_1434_17553_6433_1_291_+_7a051464df892a132e7368b8e9d3c73a,WEK40009.1,44.792,96,53,0,1,288,261,356,7.80e-22,99.0,66.67,1,0
A00405_539_HLLNCDSX3_4_1434_17553_6433_1_291_+_7a051464df892a132e7368b8e9d3c73a,WP_312127330.1,46.875,96,51,0,1,288,261,356,1.88e-21,97.8,61.46,1,0
A00405_539_HLLNCDSX3_4_1434_17553_6433_1_291_+_7a051464df892a132e7368b8e9d3c73a,WP_292959856.1,49.485,97,48,1,1,288,263,359,1.93e-21,97.8,67.01,1,0
A00405_539_HLLNCDSX3_4_1434_17553_6433_1_291_+_7a051464df892a132e7368b8e9d3c73a,WP_374388261.1,52.688,93,43,1,13,288,267,359,3.05e-21,97.4,65.59,1,0
A00405_539_HLLNCDSX3_4_1434_17553_6433_1_291_+_7a051464df892a132e7368b8e9d3c73a,WP_154691899.1,47.423,97,50,1,1,288,263,359,3.45e-21,97.1,68.04,1,0
A00405_539_HLLNCDSX3_4_1434_17553_6433_1_291_+_7a051464df892a132e7368b8e9d3c73a,WP_161827578.1,47.368,95,50,0,4,288,260,354,3.73e-21,97.1,65.26,1,0
A00405_539_HLLNCDSX3_4_1434_17553_6433_1_291_+_7a051464df892a132e7368b8e9d3c73a,WP_199554213.1,49.485,97,48,1,1,288,255,351,3.95e-21,97.1,64.95,1,0
A00405_539_HLLNCDSX3_4_1434_17553_6433_1_291_+_7a051464df892a132e7368b8e9d3c73a,MGQ0619481.1,49.451,91,46,0,13,285,267,357,5.96e-21,96.3,65.93,1,0
A00405_539_HLLNCDSX3_4_1434_17553_6433_1_291_+_7a051464df892a132e7368b8e9d3c73a,RJG18858.1,50.526,95,47,0,1,285,257,351,6.13e-21,96.3,64.21,1,0
A00405_539_HLLNCDSX3_4_1434_17553_6433_1_291_+_7a051464df892a132e7368b8e9d3c73a,WP_395647700.1,50.000,96,48,0,1,288,259,354,7.21e-21,96.3,65.62,1,0
A00405_539_HLLNCDSX3_4_1406_19262_13119_1_287_+_7e2b216f62b2af90b0db370fe85efc1c,WP_298603505.1,97.701,87,2,0,22,282,199,285,5.64e-54,184,98.85,1,0
A00405_539_HLLNCDSX3_4_1406_19262_13119_1_287_+_7e2b216f62b2af90b0db370fe85efc1c,MGL5837057.1,91.954,87,7,0,22,282,199,285,1.55e-49,172,95.40,1,0
A00405_539_HLLNCDSX3_4_1406_19262_13119_1_287_+_7e2b216f62b2af90b0db370fe85efc1c,MFM6852787.1,90.698,86,8,0,25,282,149,234,2.80e-49,169,96.51,1,0
A00405_539_HLLNCDSX3_4_1406_19262_13119_1_287_+_7e2b216f62b2af90b0db370fe85efc1c,MGB5076494.1,90.698,86,8,0,25,282,200,285,1.92e-48,168,95.35,1,0
A00405_539_HLLNCDSX3_4_1406_19262_13119_1_287_+_7e2b216f62b2af90b0db370fe85efc1c,MCX7268859.1,87.209,86,11,0,25,282,200,285,2.46e-48,166,94.19,1,0
A00405_539_HLLNCDSX3_4_1406_19262_13119_1_287_+_7e2b216f62b2af90b0db370fe85efc1c,WP_425232019.1,86.207,87,12,0,22,282,199,285,1.05e-47,168,93.10,1,0
A00405_539_HLLNCDSX3_4_1406_19262_13119_1_287_+_7e2b216f62b2af90b0db370fe85efc1c,MEY3915219.1,83.721,86,14,0,25,282,15,100,2.27e-47,162,93.02,1,0
A00405_539_HLLNCDSX3_4_1406_19262_13119_1_287_+_7e2b216f62b2af90b0db370fe85efc1c,WP_482654957.1,83.721,86,14,0,25,282,200,285,2.10e-46,162,93.02,1,0
A00405_539_HLLNCDSX3_4_1406_19262_13119_1_287_+_7e2b216f62b2af90b0db370fe85efc1c,WP_483003891.1,84.884,86,13,0,25,282,124,209,6.70e-46,161,91.86,1,0
A00405_539_HLLNCDSX3_4_1406_19262_13119_1_287_+_7e2b216f62b2af90b0db370fe85efc1c,MGH8335705.1,83.721,86,14,0,25,282,150,235,1.02e-45,160,90.70,1,0
A00405_539_HLLNCDSX3_4_1406_19262_13119_1_287_+_7e2b216f62b2af90b0db370fe85efc1c,WP_295443300.1,84.884,86,13,0,25,282,200,285,1.29e-45,162,93.02,1,0
A00405_539_HLLNCDSX3_4_1406_19262_13119_1_287_+_7e2b216f62b2af90b0db370fe85efc1c,MEE9434497.1,81.395,86,16,0,25,282,200,285,6.51e-45,160,94.19,1,0
A00405_539_HLLNCDSX3_4_1406_19262_13119_1_287_+_7e2b216f62b2af90b0db370fe85efc1c,WP_160354371.1,82.558,86,15,0,25,282,200,285,1.72e-44,159,93.02,1,0
A00405_539_HLLNCDSX3_4_1406_19262_13119_1_287_+_7e2b216f62b2af90b0db370fe85efc1c,MID7898245.1,82.558,86,15,0,25,282,200,285,1.76e-44,159,91.86,1,0
A00405_539_HLLNCDSX3_4_1406_19262_13119_1_287_+_7e2b216f62b2af90b0db370fe85efc1c,MEQ1539734.1,91.139,79,7,0,25,261,200,278,3.02e-44,154,93.67,1,0
A00405_539_HLLNCDSX3_4_1406_19262_13119_1_287_+_7e2b216f62b2af90b0db370fe85efc1c,WP_022674003.1,80.460,87,17,0,22,282,200,286,8.65e-44,157,90.80,1,0
A00405_539_HLLNCDSX3_4_1406_19262_13119_1_287_+_7e2b216f62b2af90b0db370fe85efc1c,MFZ1476419.1,82.558,86,15,0,25,282,81,166,1.99e-43,154,91.86,1,0
A00405_539_HLLNCDSX3_4_1406_19262_13119_1_287_+_7e2b216f62b2af90b0db370fe85efc1c,WP_072560033.1,80.233,86,17,0,25,282,200,285,1.85e-42,154,90.70,1,0
A00405_539_HLLNCDSX3_4_1406_19262_13119_1_287_+_7e2b216f62b2af90b0db370fe85efc1c,WP_422250372.1,82.558,86,15,0,25,282,200,285,3.38e-42,153,91.86,1,0
A00405_539_HLLNCDSX3_4_1406_19262_13119_1_287_+_7e2b216f62b2af90b0db370fe85efc1c,WP_381423989.1,77.647,85,19,0,25,279,200,284,7.35e-41,150,89.41,1,0
A00405_539_HLLNCDSX3_4_1406_19262_13119_1_287_+_7e2b216f62b2af90b0db370fe85efc1c,NJM51860.1,76.744,86,20,0,25,282,200,285,9.17e-41,149,90.70,1,0
A00405_539_HLLNCDSX3_4_1406_19262_13119_1_287_+_7e2b216f62b2af90b0db370fe85efc1c,WP_420606568.1,72.414,87,24,0,22,282,202,288,1.48e-37,141,83.91,1,0
A00405_539_HLLNCDSX3_4_1406_19262_13119_1_287_+_7e2b216f62b2af90b0db370fe85efc1c,WP_198093605.1,69.318,88,27,0,22,285,202,289,3.97e-36,137,84.09,1,0
A00405_539_HLLNCDSX3_4_1406_19262_13119_1_287_+_7e2b216f62b2af90b0db370fe85efc1c,WP_023838349.1,68.966,87,26,1,22,282,213,298,2.46e-35,135,85.06,1,0
A00405_539_HLLNCDSX3_4_1406_19262_13119_1_287_+_7e2b216f62b2af90b0db370fe85efc1c,WP_444609344.1,68.966,87,26,1,22,282,203,288,2.80e-35,133,83.91,1,0
A00405_539_HLLNCDSX3_4_1406_19262_13119_1_287_+_7e2b216f62b2af90b0db370fe85efc1c,WP_439485592.1,69.767,86,25,1,22,279,218,302,2.28e-34,133,83.72,1,0
A00405_539_HLLNCDSX3_4_1406_19262_13119_1_287_+_7e2b216f62b2af90b0db370fe85efc1c,WP_373487731.1,69.767,86,25,1,22,279,203,287,7.72e-34,131,82.56,1,0
A00405_539_HLLNCDSX3_4_1406_19262_13119_1_287_+_7e2b216f62b2af90b0db370fe85efc1c,WP_484716640.1,67.816,87,27,1,22,282,208,293,1.80e-33,130,82.76,1,0
A00405_539_HLLNCDSX3_4_1406_19262_13119_1_287_+_7e2b216f62b2af90b0db370fe85efc1c,MFM2099138.1,72.093,86,23,1,25,282,201,285,3.55e-33,129,82.56,1,0
A00405_539_HLLNCDSX3_4_1406_19262_13119_1_287_+_7e2b216f62b2af90b0db370fe85efc1c,MHL5115955.1,68.966,87,26,1,22,282,206,291,4.95e-33,129,82.76,1,0
A00405_539_HLLNCDSX3_4_1406_19262_13119_1_287_+_7e2b216f62b2af90b0db370fe85efc1c,MEK6638078.1,70.930,86,24,1,25,282,206,290,5.40e-33,129,84.88,1,0
A00405_539_HLLNCDSX3_4_1406_19262_13119_1_287_+_7e2b216f62b2af90b0db370fe85efc1c,MEZ5709048.1,67.816,87,27,1,22,282,204,289,3.22e-32,127,80.46,1,0
A00405_539_HLLNCDSX3_4_1406_19262_13119_1_287_+_7e2b216f62b2af90b0db370fe85efc1c,NCU13028.1,65.517,87,30,0,22,282,70,156,4.33e-32,124,75.86,1,0
A00405_539_HLLNCDSX3_4_1406_19262_13119_1_287_+_7e2b216f62b2af90b0db370fe85efc1c,MCC2105061.1,62.069,87,32,1,22,282,192,277,7.13e-32,123,80.46,1,0
A00405_539_HLLNCDSX3_4_1406_19262_13119_1_287_+_7e2b216f62b2af90b0db370fe85efc1c,HBM71832.1,64.368,87,31,0,22,282,91,177,7.86e-32,120,73.56,1,0
A00405_539_HLLNCDSX3_4_1406_19262_13119_1_287_+_7e2b216f62b2af90b0db370fe85efc1c,MEK6542660.1,65.909,88,29,1,22,285,201,287,1.79e-31,125,82.95,1,0
A00405_539_HLLNCDSX3_4_1406_19262_13119_1_287_+_7e2b216f62b2af90b0db370fe85efc1c,HCC26609.1,64.368,87,31,0,22,282,83,169,2.65e-31,120,73.56,1,0
A00405_539_HLLNCDSX3_4_1406_19262_13119_1_287_+_7e2b216f62b2af90b0db370fe85efc1c,HCJ82481.1,64.368,87,31,0,22,282,135,221,3.32e-31,119,73.56,1,0
A00405_539_HLLNCDSX3_4_1406_19262_13119_1_287_+_7e2b216f62b2af90b0db370fe85efc1c,WP_169943693.1,66.667,87,28,1,22,282,200,285,3.73e-31,124,81.61,1,0
A00405_539_HLLNCDSX3_4_1406_19262_13119_1_287_+_7e2b216f62b2af90b0db370fe85efc1c,HBK16204.1,64.368,87,31,0,22,282,117,203,4.57e-31,119,73.56,1,0
A00405_539_HLLNCDSX3_4_1406_19262_13119_1_287_+_7e2b216f62b2af90b0db370fe85efc1c,MEQ1495929.1,64.368,87,31,0,22,282,23,109,5.76e-31,120,74.71,1,0
A00405_539_HLLNCDSX3_4_1406_19262_13119_1_287_+_7e2b216f62b2af90b0db370fe85efc1c,HUQ14117.1,66.279,86,28,1,25,282,202,286,7.96e-31,123,79.07,1,0
A00405_539_HLLNCDSX3_4_1406_19262_13119_1_287_+_7e2b216f62b2af90b0db370fe85efc1c,WP_379537583.1,65.517,87,29,1,22,282,206,291,8.78e-31,123,80.46,1,0
A00405_539_HLLNCDSX3_4_1406_19262_13119_1_287_+_7e2b216f62b2af90b0db370fe85efc1c,WP_237837106.1,64.368,87,30,1,22,282,208,293,9.34e-31,123,79.31,1,0
A00405_539_HLLNCDSX3_4_1406_19262_13119_1_287_+_7e2b216f62b2af90b0db370fe85efc1c,MFM6854326.1,66.279,86,28,1,25,282,202,286,9.41e-31,121,77.91,1,0
A00405_539_HLLNCDSX3_4_1406_19262_13119_1_287_+_7e2b216f62b2af90b0db370fe85efc1c,HCJ44553.1,64.368,87,31,0,22,282,109,195,1.02e-30,119,73.56,1,0
A00405_539_HLLNCDSX3_4_1406_19262_13119_1_287_+_7e2b216f62b2af90b0db370fe85efc1c,HAN89559.1,64.368,87,31,0,22,282,8,94,1.22e-30,119,73.56,1,0
A00405_539_HLLNCDSX3_4_1406_19262_13119_1_287_+_7e2b216f62b2af90b0db370fe85efc1c,HIR5280129.1,69.048,84,25,1,28,279,210,292,1.27e-30,123,82.14,1,0
A00405_539_HLLNCDSX3_4_1406_19262_13119_1_287_+_7e2b216f62b2af90b0db370fe85efc1c,MFO1135602.1,60.920,87,33,1,22,282,204,289,1.34e-30,123,78.16,1,0
A00405_539_HLLNCDSX3_4_1406_19262_13119_1_287_+_7e2b216f62b2af90b0db370fe85efc1c,MDP3783143.1,63.953,86,30,1,25,282,209,293,1.46e-30,122,76.74,1,0
A00405_539_HLLNCDSX3_4_1406_19262_13119_1_287_+_7e2b216f62b2af90b0db370fe85efc1c,MEQ1548050.1,68.605,86,26,1,25,282,201,285,1.72e-30,122,81.40,1,0
A00405_539_HLLNCDSX3_4_1406_19262_13119_1_287_+_7e2b216f62b2af90b0db370fe85efc1c,WP_406568424.1,64.368,87,30,1,22,282,201,286,1.74e-30,122,75.86,1,0
A00405_539_HLLNCDSX3_4_1406_19262_13119_1_287_+_7e2b216f62b2af90b0db370fe85efc1c,WP_483471562.1,64.368,87,31,0,22,282,42,128,2.23e-30,119,73.56,1,0
A00405_539_HLLNCDSX3_4_1406_19262_13119_1_287_+_7e2b216f62b2af90b0db370fe85efc1c,MDL2351701.1,63.218,87,32,0,22,282,201,287,2.29e-30,121,75.86,1,0
A00405_539_HLLNCDSX3_4_1406_19262_13119_1_287_+_7e2b216f62b2af90b0db370fe85efc1c,WP_194955078.1,61.628,86,32,1,25,282,209,293,3.12e-30,122,79.07,1,0
A00405_539_HLLNCDSX3_4_1406_19262_13119_1_287_+_7e2b216f62b2af90b0db370fe85efc1c,MCB1525817.1,62.069,87,32,1,22,282,205,290,3.42e-30,122,80.46,1,0
A00405_539_HLLNCDSX3_4_1406_19262_13119_1_287_+_7e2b216f62b2af90b0db370fe85efc1c,WP_394269219.1,65.517,87,30,0,22,282,205,291,3.43e-30,122,74.71,1,0
A00405_539_HLLNCDSX3_4_1406_19262_13119_1_287_+_7e2b216f62b2af90b0db370fe85efc1c,WP_294032378.1,61.628,86,32,1,25,282,9,93,3.49e-30,118,75.58,1,0
A00405_539_HLLNCDSX3_4_1406_19262_13119_1_287_+_7e2b216f62b2af90b0db370fe85efc1c,MEY4474174.1,62.069,87,33,0,22,282,11,97,4.21e-30,118,77.01,1,0
A00405_539_HLLNCDSX3_4_1406_19262_13119_1_287_+_7e2b216f62b2af90b0db370fe85efc1c,WP_095012088.1,63.953,86,31,0,25,282,209,294,4.39e-30,121,76.74,1,0
A00405_539_HLLNCDSX3_4_1406_19262_13119_1_287_+_7e2b216f62b2af90b0db370fe85efc1c,WP_322294342.1,65.517,87,30,0,22,282,205,291,4.58e-30,121,78.16,1,0
A00405_539_HLLNCDSX3_4_1406_19262_13119_1_287_+_7e2b216f62b2af90b0db370fe85efc1c,HAV81620.1,64.368,87,31,0,22,282,131,217,5.01e-30,119,73.56,1,0
A00405_539_HLLNCDSX3_4_1406_19262_13119_1_287_+_7e2b216f62b2af90b0db370fe85efc1c,WP_309751131.1,63.218,87,32,0,22,282,201,287,5.11e-30,121,77.01,1,0
A00405_539_HLLNCDSX3_4_1406_19262_13119_1_287_+_7e2b216f62b2af90b0db370fe85efc1c,WP_222135605.1,63.953,86,30,1,25,282,209,293,6.04e-30,121,77.91,1,0
A00405_539_HLLNCDSX3_4_1406_19262_13119_1_287_+_7e2b216f62b2af90b0db370fe85efc1c,MHR5197532.1,61.628,86,32,1,25,282,116,200,6.33e-30,119,80.23,1,0
A00405_539_HLLNCDSX3_4_1406_19262_13119_1_287_+_7e2b216f62b2af90b0db370fe85efc1c,WP_348015223.1,60.465,86,33,1,25,282,188,272,6.66e-30,120,81.40,1,0
A00405_539_HLLNCDSX3_4_1406_19262_13119_1_287_+_7e2b216f62b2af90b0db370fe85efc1c,MFM9852312.1,67.442,86,27,1,25,282,201,285,6.67e-30,121,81.40,1,0
A00405_539_HLLNCDSX3_4_1406_19262_13119_1_287_+_7e2b216f62b2af90b0db370fe85efc1c,WP_473698545.1,63.218,87,31,1,22,282,208,293,6.83e-30,121,79.31,1,0
A00405_539_HLLNCDSX3_4_1406_19262_13119_1_287_+_7e2b216f62b2af90b0db370fe85efc1c,WP_242769919.1,62.791,86,31,1,25,282,209,293,7.27e-30,121,77.91,1,0
A00405_539_HLLNCDSX3_4_1406_19262_13119_1_287_+_7e2b216f62b2af90b0db370fe85efc1c,WP_219892332.1,66.279,86,28,1,25,282,201,285,7.40e-30,120,83.72,1,0
A00405_539_HLLNCDSX3_4_1406_19262_13119_1_287_+_7e2b216f62b2af90b0db370fe85efc1c,WP_227689343.1,63.218,87,31,1,22,282,215,300,9.30e-30,120,80.46,1,0
A00405_539_HLLNCDSX3_4_1406_19262_13119_1_287_+_7e2b216f62b2af90b0db370fe85efc1c,MFY8194758.1,63.218,87,31,1,22,282,20,105,9.77e-30,117,75.86,1,0
A00405_539_HLLNCDSX3_4_1406_19262_13119_1_287_+_7e2b216f62b2af90b0db370fe85efc1c,WP_165195118.1,62.069,87,33,0,22,282,209,295,1.23e-29,120,77.01,1,0
A00405_539_HLLNCDSX3_4_1406_19262_13119_1_287_+_7e2b216f62b2af90b0db370fe85efc1c,WP_222555501.1,63.218,87,32,0,22,282,202,288,1.33e-29,120,73.56,1,0
A00405_539_HLLNCDSX3_4_1406_19262_13119_1_287_+_7e2b216f62b2af90b0db370fe85efc1c,WP_374591863.1,63.218,87,32,0,22,282,201,287,1.39e-29,120,75.86,1,0
A00405_539_HLLNCDSX3_4_1406_19262_13119_1_287_+_7e2b216f62b2af90b0db370fe85efc1c,WP_317512259.1,65.116,86,29,1,25,282,201,285,1.40e-29,120,80.23,1,0
A00405_539_HLLNCDSX3_4_1406_19262_13119_1_287_+_7e2b216f62b2af90b0db370fe85efc1c,HBC16286.1,64.368,87,31,0,22,282,209,295,1.48e-29,119,73.56,1,0
A00405_539_HLLNCDSX3_4_1406_19262_13119_1_287_+_7e2b216f62b2af90b0db370fe85efc1c,WP_254054343.1,59.770,87,34,1,22,282,207,292,1.60e-29,120,81.61,1,0
A00405_539_HLLNCDSX3_4_1406_19262_13119_1_287_+_7e2b216f62b2af90b0db370fe85efc1c,WP_228242272.1,65.517,87,30,0,22,282,204,290,1.62e-29,120,78.16,1,0
A00405_539_HLLNCDSX3_4_1406_19262_13119_1_287_+_7e2b216f62b2af90b0db370fe85efc1c,MEY4270068.1,63.218,87,31,1,22,282,208,293,1.67e-29,120,80.46,1,0
A00405_539_HLLNCDSX3_4_1406_19262_13119_1_287_+_7e2b216f62b2af90b0db370fe85efc1c,MDZ7587828.1,65.116,86,29,1,25,282,201,285,1.69e-29,120,77.91,1,0
A00405_539_HLLNCDSX3_4_1406_19262_13119_1_287_+_7e2b216f62b2af90b0db370fe85efc1c,MID8006305.1,63.218,87,32,0,22,282,209,295,1.82e-29,120,75.86,1,0
A00405_539_HLLNCDSX3_4_1406_19262_13119_1_287_+_7e2b216f62b2af90b0db370fe85efc1c,NVD46093.1,60.920,87,34,0,22,282,202,288,1.93e-29,119,74.71,1,0
A00405_539_HLLNCDSX3_4_1406_19262_13119_1_287_+_7e2b216f62b2af90b0db370fe85efc1c,MFN3516716.1,63.218,87,32,0,22,282,201,287,1.93e-29,119,77.01,1,0
A00405_539_HLLNCDSX3_4_1406_19262_13119_1_287_+_7e2b216f62b2af90b0db370fe85efc1c,WP_332041797.1,61.628,86,32,1,25,282,208,292,1.97e-29,120,79.07,1,0
A00405_539_HLLNCDSX3_4_1406_19262_13119_1_287_+_7e2b216f62b2af90b0db370fe85efc1c,MBA3897796.1,64.706,85,29,1,25,279,201,284,2.07e-29,119,80.00,1,0
A00405_539_HLLNCDSX3_4_1406_19262_13119_1_287_+_7e2b216f62b2af90b0db370fe85efc1c,MIA3082941.1,63.218,87,32,0,22,282,209,295,2.16e-29,120,75.86,1,0
A00405_539_HLLNCDSX3_4_1406_19262_13119_1_287_+_7e2b216f62b2af90b0db370fe85efc1c,MEQ1640538.1,64.368,87,31,0,22,282,201,287,2.23e-29,119,74.71,1,0
A00405_539_HLLNCDSX3_4_1406_19262_13119_1_287_+_7e2b216f62b2af90b0db370fe85efc1c,MEA3265073.1,60.920,87,34,0,22,282,201,287,2.25e-29,119,77.01,1,0
A00405_539_HLLNCDSX3_4_1406_19262_13119_1_287_+_7e2b216f62b2af90b0db370fe85efc1c,WP_462571164.1,63.218,87,32,0,22,282,209,295,2.54e-29,119,77.01,1,0
A00405_539_HLLNCDSX3_4_1406_19262_13119_1_287_+_7e2b216f62b2af90b0db370fe85efc1c,WP_374419232.1,64.368,87,31,0,22,282,201,287,2.71e-29,119,74.71,1,0
A00405_539_HLLNCDSX3_4_1406_19262_13119_1_287_+_7e2b216f62b2af90b0db370fe85efc1c,MFM5916437.1,62.069,87,33,0,22,282,200,286,2.85e-29,119,75.86,1,0
A00405_539_HLLNCDSX3_4_1406_19262_13119_1_287_+_7e2b216f62b2af90b0db370fe85efc1c,MFN5779835.1,60.920,87,34,0,22,282,201,287,3.13e-29,116,77.01,1,0
A00405_539_HLLNCDSX3_4_1406_19262_13119_1_287_+_7e2b216f62b2af90b0db370fe85efc1c,WP_336985611.1,62.069,87,33,0,22,282,210,296,3.22e-29,119,74.71,1,0
A00405_539_HLLNCDSX3_4_1406_19262_13119_1_287_+_7e2b216f62b2af90b0db370fe85efc1c,MEO0031329.1,65.116,86,29,1,22,279,210,294,3.23e-29,119,77.91,1,0
A00405_539_HLLNCDSX3_4_1406_19262_13119_1_287_+_7e2b216f62b2af90b0db370fe85efc1c,WP_335733171.1,64.368,87,31,0,22,282,209,295,3.26e-29,119,73.56,1,0
A00405_539_HLLNCDSX3_4_1406_19262_13119_1_287_+_7e2b216f62b2af90b0db370fe85efc1c,BGH87696.1,60.920,87,33,1,22,282,220,305,3.45e-29,119,80.46,1,0
A00405_539_HLLNCDSX3_4_1406_19262_13119_1_287_+_7e2b216f62b2af90b0db370fe85efc1c,WP_379548222.1,64.368,87,31,0,22,282,205,291,3.85e-29,119,73.56,1,0
A00405_539_HLLNCDSX3_4_1406_19262_13119_1_287_+_7e2b216f62b2af90b0db370fe85efc1c,MEC9109999.1,62.069,87,33,0,22,282,205,291,4.05e-29,116,73.56,1,0
A00405_539_HLLNCDSX3_4_1406_19262_13119_1_287_+_7e2b216f62b2af90b0db370fe85efc1c,MBU7590908.1,60.465,86,33,1,25,282,209,293,4.23e-29,118,80.23,1,0
A00405_539_HLLNCDSX3_4_2428_6090_14794_1_294_-_80eeeb5dde92ef47ef076603c990b2f7,WP_298602577.1,97.938,97,2,0,1,291,194,290,7.22e-63,204,100.00,1,0
A00405_539_HLLNCDSX3_4_2428_6090_14794_1_294_-_80eeeb5dde92ef47ef076603c990b2f7,WP_324336981.1,98.958,96,1,0,4,291,285,380,1.33e-61,203,100.00,1,0
A00405_539_HLLNCDSX3_4_2428_6090_14794_1_294_-_80eeeb5dde92ef47ef076603c990b2f7,MBK8629099.1,94.792,96,5,0,4,291,285,380,1.81e-59,197,97.92,1,0
A00405_539_HLLNCDSX3_4_2428_6090_14794_1_294_-_80eeeb5dde92ef47ef076603c990b2f7,HMT44518.1,89.583,96,10,0,4,291,285,380,3.98e-56,189,97.92,1,0
A00405_539_HLLNCDSX3_4_2428_6090_14794_1_294_-_80eeeb5dde92ef47ef076603c990b2f7,WP_169945274.1,89.583,96,10,0,4,291,293,388,4.10e-53,181,94.79,1,0
A00405_539_HLLNCDSX3_4_2428_6090_14794_1_294_-_80eeeb5dde92ef47ef076603c990b2f7,MFZ5744581.1,84.375,96,15,0,4,291,285,380,1.61e-52,180,93.75,1,0
A00405_539_HLLNCDSX3_4_2428_6090_14794_1_294_-_80eeeb5dde92ef47ef076603c990b2f7,WP_374527600.1,84.211,95,15,0,7,291,289,383,7.72e-50,173,91.58,1,0
A00405_539_HLLNCDSX3_4_2428_6090_14794_1_294_-_80eeeb5dde92ef47ef076603c990b2f7,MCC6919380.1,81.250,96,18,0,4,291,284,379,9.56e-48,167,89.58,1,0
A00405_539_HLLNCDSX3_4_2428_6090_14794_1_294_-_80eeeb5dde92ef47ef076603c990b2f7,MFO1238407.1,80.208,96,19,0,4,291,285,380,2.17e-47,166,87.50,1,0
A00405_539_HLLNCDSX3_4_2428_6090_14794_1_294_-_80eeeb5dde92ef47ef076603c990b2f7,MHS3020279.1,75.789,95,23,0,7,291,85,179,1.29e-46,159,86.32,1,0
A00405_539_HLLNCDSX3_4_2428_6090_14794_1_294_-_80eeeb5dde92ef47ef076603c990b2f7,MHS3021540.1,74.737,95,24,0,7,291,89,183,9.56e-46,157,84.21,1,0
A00405_539_HLLNCDSX3_4_2428_6090_14794_1_294_-_80eeeb5dde92ef47ef076603c990b2f7,MEN9725743.1,73.684,95,25,0,7,291,286,380,5.45e-44,157,86.32,1,0
A00405_539_HLLNCDSX3_4_2428_6090_14794_1_294_-_80eeeb5dde92ef47ef076603c990b2f7,SEQ47983.1,75.789,95,23,0,7,291,286,380,6.40e-44,157,84.21,1,0
A00405_539_HLLNCDSX3_4_2428_6090_14794_1_294_-_80eeeb5dde92ef47ef076603c990b2f7,MGD9600634.1,71.875,96,27,0,4,291,285,380,2.29e-43,156,85.42,1,0
A00405_539_HLLNCDSX3_4_2428_6090_14794_1_294_-_80eeeb5dde92ef47ef076603c990b2f7,WP_346741856.1,70.833,96,28,0,4,291,285,380,3.46e-43,155,87.50,1,0
A00405_539_HLLNCDSX3_4_2428_6090_14794_1_294_-_80eeeb5dde92ef47ef076603c990b2f7,WP_295681804.1,72.632,95,26,0,7,291,271,365,1.67e-42,153,85.26,1,0
A00405_539_HLLNCDSX3_4_2428_6090_14794_1_294_-_80eeeb5dde92ef47ef076603c990b2f7,WP_439638984.1,71.579,95,27,0,7,291,288,382,2.45e-42,153,84.21,1,0
A00405_539_HLLNCDSX3_4_2428_6090_14794_1_294_-_80eeeb5dde92ef47ef076603c990b2f7,HEX9208462.1,71.579,95,27,0,7,291,286,380,2.55e-42,153,84.21,1,0
A00405_539_HLLNCDSX3_4_2428_6090_14794_1_294_-_80eeeb5dde92ef47ef076603c990b2f7,WP_348139197.1,71.579,95,27,0,7,291,291,385,6.52e-42,152,82.11,1,0
A00405_539_HLLNCDSX3_4_2428_6090_14794_1_294_-_80eeeb5dde92ef47ef076603c990b2f7,HEX5805616.1,66.667,96,32,0,4,291,287,382,9.84e-42,152,84.38,1,0
A00405_539_HLLNCDSX3_4_2428_6090_14794_1_294_-_80eeeb5dde92ef47ef076603c990b2f7,MIA4588621.1,69.474,95,29,0,7,291,286,380,1.83e-41,151,84.21,1,0
A00405_539_HLLNCDSX3_4_2428_6090_14794_1_294_-_80eeeb5dde92ef47ef076603c990b2f7,WP_109923047.1,70.526,95,28,0,7,291,286,380,1.86e-41,151,83.16,1,0
A00405_539_HLLNCDSX3_4_2428_6090_14794_1_294_-_80eeeb5dde92ef47ef076603c990b2f7,MDN5874477.1,67.368,95,31,0,7,291,183,277,1.23e-40,147,82.11,1,0
A00405_539_HLLNCDSX3_4_2428_6090_14794_1_294_-_80eeeb5dde92ef47ef076603c990b2f7,MBI1262729.1,68.750,96,30,0,4,291,285,380,2.14e-40,148,81.25,1,0
A00405_539_HLLNCDSX3_4_2428_6090_14794_1_294_-_80eeeb5dde92ef47ef076603c990b2f7,MEY2921003.1,66.667,96,32,0,4,291,285,380,2.54e-40,148,84.38,1,0
A00405_539_HLLNCDSX3_4_2428_6090_14794_1_294_-_80eeeb5dde92ef47ef076603c990b2f7,MHS3020330.1,66.667,96,32,0,4,291,284,379,8.66e-40,147,82.29,1,0
A00405_539_HLLNCDSX3_4_2428_6090_14794_1_294_-_80eeeb5dde92ef47ef076603c990b2f7,MCW0182519.1,67.368,95,31,0,7,291,286,380,1.01e-39,146,82.11,1,0
A00405_539_HLLNCDSX3_4_2428_6090_14794_1_294_-_80eeeb5dde92ef47ef076603c990b2f7,MCB1667532.1,69.792,96,29,0,4,291,284,379,1.13e-39,146,81.25,1,0
A00405_539_HLLNCDSX3_4_2428_6090_14794_1_294_-_80eeeb5dde92ef47ef076603c990b2f7,WP_373065889.1,68.421,95,30,0,7,291,286,380,1.47e-39,146,82.11,1,0
A00405_539_HLLNCDSX3_4_2428_6090_14794_1_294_-_80eeeb5dde92ef47ef076603c990b2f7,TAM13052.1,68.421,95,30,0,7,291,287,381,1.80e-39,146,81.05,1,0
A00405_539_HLLNCDSX3_4_2428_6090_14794_1_294_-_80eeeb5dde92ef47ef076603c990b2f7,WP_162851264.1,67.368,95,31,0,7,291,288,382,4.05e-39,145,82.11,1,0
A00405_539_HLLNCDSX3_4_2428_6090_14794_1_294_-_80eeeb5dde92ef47ef076603c990b2f7,MBI4693925.1,65.625,96,33,0,4,291,285,380,4.88e-39,145,80.21,1,0
A00405_539_HLLNCDSX3_4_2428_6090_14794_1_294_-_80eeeb5dde92ef47ef076603c990b2f7,WP_395688573.1,67.010,97,32,0,1,291,250,346,5.45e-39,144,78.35,1,0
A00405_539_HLLNCDSX3_4_2428_6090_14794_1_294_-_80eeeb5dde92ef47ef076603c990b2f7,MBR9913007.1,65.625,96,33,0,4,291,284,379,2.04e-38,143,80.21,1,0
A00405_539_HLLNCDSX3_4_2428_6090_14794_1_294_-_80eeeb5dde92ef47ef076603c990b2f7,MBI4697191.1,66.667,96,32,0,4,291,285,380,3.10e-38,142,82.29,1,0
A00405_539_HLLNCDSX3_4_2428_6090_14794_1_294_-_80eeeb5dde92ef47ef076603c990b2f7,MDD3447144.1,64.583,96,34,0,4,291,284,379,3.46e-38,142,81.25,1,0
A00405_539_HLLNCDSX3_4_2428_6090_14794_1_294_-_80eeeb5dde92ef47ef076603c990b2f7,WP_422645062.1,66.316,95,32,0,7,291,282,376,8.13e-38,142,81.05,1,0
A00405_539_HLLNCDSX3_4_2428_6090_14794_1_294_-_80eeeb5dde92ef47ef076603c990b2f7,PKO90586.1,62.500,96,36,0,4,291,285,380,1.48e-37,140,78.12,1,0
A00405_539_HLLNCDSX3_4_2428_6090_14794_1_294_-_80eeeb5dde92ef47ef076603c990b2f7,MDD3444150.1,66.316,95,32,0,7,291,286,380,1.62e-37,140,81.05,1,0
A00405_539_HLLNCDSX3_4_2428_6090_14794_1_294_-_80eeeb5dde92ef47ef076603c990b2f7,MCB1667965.1,63.542,96,35,0,4,291,284,379,1.09e-36,139,77.08,1,0
A00405_539_HLLNCDSX3_4_2428_6090_14794_1_294_-_80eeeb5dde92ef47ef076603c990b2f7,MEZ5481849.1,64.211,95,34,0,7,291,205,299,1.11e-36,137,77.89,1,0
A00405_539_HLLNCDSX3_4_2428_6090_14794_1_294_-_80eeeb5dde92ef47ef076603c990b2f7,MCK9285212.1,64.211,95,34,0,7,291,285,379,1.59e-36,138,80.00,1,0
A00405_539_HLLNCDSX3_4_2428_6090_14794_1_294_-_80eeeb5dde92ef47ef076603c990b2f7,WP_109907376.1,65.263,95,33,0,7,291,287,381,7.11e-36,136,77.89,1,0
A00405_539_HLLNCDSX3_4_2428_6090_14794_1_294_-_80eeeb5dde92ef47ef076603c990b2f7,MCB1666768.1,64.211,95,34,0,7,291,286,380,7.41e-36,136,77.89,1,0
A00405_539_HLLNCDSX3_4_2428_6090_14794_1_294_-_80eeeb5dde92ef47ef076603c990b2f7,WP_090063125.1,62.366,93,35,0,7,285,287,379,7.73e-36,136,79.57,1,0
A00405_539_HLLNCDSX3_4_2428_6090_14794_1_294_-_80eeeb5dde92ef47ef076603c990b2f7,MDD3800196.1,61.458,96,37,0,4,291,316,411,8.09e-36,137,77.08,1,0
A00405_539_HLLNCDSX3_4_2428_6090_14794_1_294_-_80eeeb5dde92ef47ef076603c990b2f7,MGE4322640.1,62.366,93,35,0,13,291,283,375,8.72e-36,136,78.49,1,0
A00405_539_HLLNCDSX3_4_2428_6090_14794_1_294_-_80eeeb5dde92ef47ef076603c990b2f7,WP_170253578.1,64.516,93,33,0,7,285,288,380,9.64e-36,136,79.57,1,0
A00405_539_HLLNCDSX3_4_2428_6090_14794_1_294_-_80eeeb5dde92ef47ef076603c990b2f7,MEE4145184.1,62.500,96,36,0,4,291,159,254,1.39e-35,133,75.00,1,0
A00405_539_HLLNCDSX3_4_2428_6090_14794_1_294_-_80eeeb5dde92ef47ef076603c990b2f7,MES2343182.1,57.895,95,40,0,7,291,9,103,1.57e-35,128,72.63,1,0
A00405_539_HLLNCDSX3_4_2428_6090_14794_1_294_-_80eeeb5dde92ef47ef076603c990b2f7,HXL99187.1,58.947,95,39,0,7,291,24,118,2.03e-35,129,74.74,1,0
A00405_539_HLLNCDSX3_4_2428_6090_14794_1_294_-_80eeeb5dde92ef47ef076603c990b2f7,MES2724433.1,57.895,95,40,0,7,291,27,121,2.77e-35,128,72.63,1,0
A00405_539_HLLNCDSX3_4_2428_6090_14794_1_294_-_80eeeb5dde92ef47ef076603c990b2f7,MCB0982537.1,63.441,93,34,0,7,285,36,128,3.40e-35,128,78.49,1,0
A00405_539_HLLNCDSX3_4_2428_6090_14794_1_294_-_80eeeb5dde92ef47ef076603c990b2f7,WP_054538361.1,61.290,93,36,0,7,285,288,380,7.27e-35,134,79.57,1,0
A00405_539_HLLNCDSX3_4_2428_6090_14794_1_294_-_80eeeb5dde92ef47ef076603c990b2f7,MGH7016455.1,60.000,95,38,0,7,291,1,95,1.06e-34,126,73.68,1,0
A00405_539_HLLNCDSX3_4_2428_6090_14794_1_294_-_80eeeb5dde92ef47ef076603c990b2f7,WP_454858945.1,61.290,93,36,0,7,285,288,380,2.31e-34,132,78.49,1,0
A00405_539_HLLNCDSX3_4_2428_6090_14794_1_294_-_80eeeb5dde92ef47ef076603c990b2f7,MDY0046115.1,64.211,95,34,0,7,291,285,379,2.42e-34,132,75.79,1,0
A00405_539_HLLNCDSX3_4_2428_6090_14794_1_294_-_80eeeb5dde92ef47ef076603c990b2f7,MGE0830459.1,58.333,96,40,0,4,291,37,132,2.82e-34,126,70.83,1,0
A00405_539_HLLNCDSX3_4_2428_6090_14794_1_294_-_80eeeb5dde92ef47ef076603c990b2f7,WP_034198131.1,63.158,95,35,0,7,291,289,383,2.90e-34,132,75.79,1,0
A00405_539_HLLNCDSX3_4_2428_6090_14794_1_294_-_80eeeb5dde92ef47ef076603c990b2f7,MHK4107889.1,62.105,95,36,0,7,291,282,376,4.01e-34,132,74.74,1,0
A00405_539_HLLNCDSX3_4_2428_6090_14794_1_294_-_80eeeb5dde92ef47ef076603c990b2f7,MBI3678129.1,63.158,95,35,0,7,291,280,374,4.70e-34,131,73.68,1,0
A00405_539_HLLNCDSX3_4_2428_6090_14794_1_294_-_80eeeb5dde92ef47ef076603c990b2f7,WP_284359492.1,58.947,95,39,0,7,291,287,381,5.01e-34,131,80.00,1,0
A00405_539_HLLNCDSX3_4_2428_6090_14794_1_294_-_80eeeb5dde92ef47ef076603c990b2f7,MDH4381770.1,63.542,96,35,0,4,291,283,378,6.23e-34,131,72.92,1,0
A00405_539_HLLNCDSX3_4_2428_6090_14794_1_294_-_80eeeb5dde92ef47ef076603c990b2f7,WP_211940755.1,61.053,95,37,0,7,291,283,377,6.67e-34,131,75.79,1,0
A00405_539_HLLNCDSX3_4_2428_6090_14794_1_294_-_80eeeb5dde92ef47ef076603c990b2f7,MDF8335676.1,59.375,96,39,0,4,291,293,388,6.99e-34,131,76.04,1,0
A00405_539_HLLNCDSX3_4_2428_6090_14794_1_294_-_80eeeb5dde92ef47ef076603c990b2f7,MIK9314922.1,61.053,95,37,0,7,291,286,380,8.33e-34,131,77.89,1,0
A00405_539_HLLNCDSX3_4_2428_6090_14794_1_294_-_80eeeb5dde92ef47ef076603c990b2f7,HEY1706730.1,60.000,95,38,0,7,291,278,372,9.15e-34,130,74.74,1,0
A00405_539_HLLNCDSX3_4_2428_6090_14794_1_294_-_80eeeb5dde92ef47ef076603c990b2f7,WP_293902371.1,60.417,96,38,0,4,291,284,379,9.29e-34,130,76.04,1,0
A00405_539_HLLNCDSX3_4_2428_6090_14794_1_294_-_80eeeb5dde92ef47ef076603c990b2f7,MDR3513908.1,62.105,95,36,0,7,291,283,377,9.63e-34,130,73.68,1,0
A00405_539_HLLNCDSX3_4_2428_6090_14794_1_294_-_80eeeb5dde92ef47ef076603c990b2f7,HJP73643.1,62.766,94,35,0,4,285,273,366,1.00e-33,130,76.60,1,0
A00405_539_HLLNCDSX3_4_2428_6090_14794_1_294_-_80eeeb5dde92ef47ef076603c990b2f7,MFM8377008.1,56.250,96,42,0,4,291,38,133,1.17e-33,124,70.83,1,0
A00405_539_HLLNCDSX3_4_2428_6090_14794_1_294_-_80eeeb5dde92ef47ef076603c990b2f7,MCS1411726.1,60.000,95,38,0,7,291,294,388,1.19e-33,130,76.84,1,0
A00405_539_HLLNCDSX3_4_2428_6090_14794_1_294_-_80eeeb5dde92ef47ef076603c990b2f7,WP_335591599.1,61.053,95,37,0,7,291,291,385,1.24e-33,130,73.68,1,0
A00405_539_HLLNCDSX3_4_2428_6090_14794_1_294_-_80eeeb5dde92ef47ef076603c990b2f7,MGH7009386.1,61.053,95,37,0,7,291,294,388,1.38e-33,130,74.74,1,0
A00405_539_HLLNCDSX3_4_2428_6090_14794_1_294_-_80eeeb5dde92ef47ef076603c990b2f7,MBI1211743.1,61.053,95,37,0,7,291,282,376,1.64e-33,130,73.68,1,0
A00405_539_HLLNCDSX3_4_2428_6090_14794_1_294_-_80eeeb5dde92ef47ef076603c990b2f7,MHQ2366261.1,60.417,96,38,0,4,291,282,377,1.68e-33,130,71.88,1,0
A00405_539_HLLNCDSX3_4_2428_6090_14794_1_294_-_80eeeb5dde92ef47ef076603c990b2f7,WP_330900775.1,59.375,96,39,0,4,291,277,372,1.71e-33,130,76.04,1,0
A00405_539_HLLNCDSX3_4_2428_6090_14794_1_294_-_80eeeb5dde92ef47ef076603c990b2f7,MDR3508562.1,61.053,95,37,0,7,291,283,377,1.79e-33,130,72.63,1,0
A00405_539_HLLNCDSX3_4_2428_6090_14794_1_294_-_80eeeb5dde92ef47ef076603c990b2f7,WP_354298170.1,58.947,95,39,0,7,291,284,378,1.83e-33,130,73.68,1,0
A00405_539_HLLNCDSX3_4_2428_6090_14794_1_294_-_80eeeb5dde92ef47ef076603c990b2f7,HEX7758505.1,59.375,96,39,0,4,291,286,381,2.26e-33,130,77.08,1,0
A00405_539_HLLNCDSX3_4_2428_6090_14794_1_294_-_80eeeb5dde92ef47ef076603c990b2f7,WP_291019944.1,61.290,93,36,0,7,285,269,361,2.27e-33,129,77.42,1,0
A00405_539_HLLNCDSX3_4_2428_6090_14794_1_294_-_80eeeb5dde92ef47ef076603c990b2f7,MHR4525601.1,57.895,95,40,0,7,291,55,149,2.42e-33,124,71.58,1,0
A00405_539_HLLNCDSX3_4_2428_6090_14794_1_294_-_80eeeb5dde92ef47ef076603c990b2f7,WP_254834601.1,58.947,95,39,0,7,291,283,377,2.69e-33,129,72.63,1,0
A00405_539_HLLNCDSX3_4_2428_6090_14794_1_294_-_80eeeb5dde92ef47ef076603c990b2f7,MGA2952892.1,60.000,95,38,0,7,291,286,380,2.72e-33,129,74.74,1,0
A00405_539_HLLNCDSX3_4_2428_6090_14794_1_294_-_80eeeb5dde92ef47ef076603c990b2f7,MFM2077151.1,59.140,93,38,0,7,285,23,115,2.82e-33,123,75.27,1,0
A00405_539_HLLNCDSX3_4_2428_6090_14794_1_294_-_80eeeb5dde92ef47ef076603c990b2f7,WP_175212865.1,63.158,95,35,0,7,291,288,382,2.86e-33,129,74.74,1,0
A00405_539_HLLNCDSX3_4_2428_6090_14794_1_294_-_80eeeb5dde92ef47ef076603c990b2f7,WP_448452914.1,63.441,93,34,0,7,285,279,371,3.12e-33,129,79.57,1,0
A00405_539_HLLNCDSX3_4_2428_6090_14794_1_294_-_80eeeb5dde92ef47ef076603c990b2f7,MHR4555591.1,58.947,95,39,0,7,291,278,372,3.17e-33,129,75.79,1,0
A00405_539_HLLNCDSX3_4_2428_6090_14794_1_294_-_80eeeb5dde92ef47ef076603c990b2f7,MID7668263.1,59.140,93,38,0,7,285,62,154,3.55e-33,124,76.34,1,0
A00405_539_HLLNCDSX3_4_2428_6090_14794_1_294_-_80eeeb5dde92ef47ef076603c990b2f7,EPZ16285.1,62.105,95,36,0,7,291,285,379,3.56e-33,129,74.74,1,0
A00405_539_HLLNCDSX3_4_2428_6090_14794_1_294_-_80eeeb5dde92ef47ef076603c990b2f7,MEN9855801.1,60.000,95,38,0,7,291,319,413,3.68e-33,130,76.84,1,0
A00405_539_HLLNCDSX3_4_2428_6090_14794_1_294_-_80eeeb5dde92ef47ef076603c990b2f7,WP_324297745.1,57.292,96,41,0,4,291,280,375,4.22e-33,129,73.96,1,0
A00405_539_HLLNCDSX3_4_2428_6090_14794_1_294_-_80eeeb5dde92ef47ef076603c990b2f7,MHK4142327.1,57.895,95,40,0,7,291,13,107,4.54e-33,122,69.47,1,0
A00405_539_HLLNCDSX3_4_2428_6090_14794_1_294_-_80eeeb5dde92ef47ef076603c990b2f7,HWA63043.1,61.053,95,37,0,7,291,283,377,4.73e-33,129,71.58,1,0
A00405_539_HLLNCDSX3_4_2428_6090_14794_1_294_-_80eeeb5dde92ef47ef076603c990b2f7,MEZ5226278.1,63.441,93,34,0,7,285,277,369,5.06e-33,129,77.42,1,0
A00405_539_HLLNCDSX3_4_2428_6090_14794_1_294_-_80eeeb5dde92ef47ef076603c990b2f7,HEY1836809.1,60.000,95,38,0,7,291,277,371,5.83e-33,129,72.63,1,0
A00405_539_HLLNCDSX3_4_2428_6090_14794_1_294_-_80eeeb5dde92ef47ef076603c990b2f7,MDB5483745.1,59.375,96,39,0,4,291,276,371,5.87e-33,129,75.00,1,0
A00405_539_HLLNCDSX3_4_2428_6090_14794_1_294_-_80eeeb5dde92ef47ef076603c990b2f7,MGF6439350.1,60.000,95,38,0,7,291,245,339,6.39e-33,128,74.74,1,0
A00405_539_HLLNCDSX3_4_2428_6090_14794_1_294_-_80eeeb5dde92ef47ef076603c990b2f7,MCE8000029.1,61.458,96,37,0,4,291,283,378,7.14e-33,128,72.92,1,0
A00405_539_HLLNCDSX3_4_2428_6090_14794_1_294_-_80eeeb5dde92ef47ef076603c990b2f7,WP_354673912.1,62.105,95,36,0,7,291,289,383,7.20e-33,128,76.84,1,0
A00405_539_HLLNCDSX3_4_2576_29315_15749_1_293_+_81ef8281ba5891ff7b36aceec603003c,WP_115547792.1,98.969,97,1,0,1,291,240,336,2.54e-59,197,98.97,1,0
A00405_539_HLLNCDSX3_4_2576_29315_15749_1_293_+_81ef8281ba5891ff7b36aceec603003c,MFM5885552.1,88.660,97,11,0,1,291,76,172,2.46e-55,182,94.85,1,0
A00405_539_HLLNCDSX3_4_2576_29315_15749_1_293_+_81ef8281ba5891ff7b36aceec603003c,MDL2352242.1,88.660,97,11,0,1,291,239,335,1.26e-54,184,94.85,1,0
A00405_539_HLLNCDSX3_4_2576_29315_15749_1_293_+_81ef8281ba5891ff7b36aceec603003c,MHK8446865.1,89.691,97,10,0,1,291,239,335,1.54e-54,184,95.88,1,0
A00405_539_HLLNCDSX3_4_2576_29315_15749_1_293_+_81ef8281ba5891ff7b36aceec603003c,MHS5161883.1,89.691,97,10,0,1,291,235,331,2.97e-54,184,95.88,1,0
A00405_539_HLLNCDSX3_4_2576_29315_15749_1_293_+_81ef8281ba5891ff7b36aceec603003c,MHS2659944.1,89.691,97,10,0,1,291,239,335,3.52e-54,184,95.88,1,0
A00405_539_HLLNCDSX3_4_2576_29315_15749_1_293_+_81ef8281ba5891ff7b36aceec603003c,WP_424773335.1,85.567,97,14,0,1,291,12,108,5.71e-54,176,91.75,1,0
A00405_539_HLLNCDSX3_4_2576_29315_15749_1_293_+_81ef8281ba5891ff7b36aceec603003c,MFM5917823.1,88.660,97,11,0,1,291,240,336,8.88e-54,182,95.88,1,0
A00405_539_HLLNCDSX3_4_2576_29315_15749_1_293_+_81ef8281ba5891ff7b36aceec603003c,MHS5864259.1,86.598,97,13,0,1,291,70,166,1.02e-53,177,92.78,1,0
A00405_539_HLLNCDSX3_4_2576_29315_15749_1_293_+_81ef8281ba5891ff7b36aceec603003c,MEQ1495798.1,88.660,97,11,0,1,291,239,335,2.16e-53,181,93.81,1,0
A00405_539_HLLNCDSX3_4_2576_29315_15749_1_293_+_81ef8281ba5891ff7b36aceec603003c,MBS0475936.1,88.660,97,11,0,1,291,240,336,3.16e-53,181,94.85,1,0
A00405_539_HLLNCDSX3_4_2576_29315_15749_1_293_+_81ef8281ba5891ff7b36aceec603003c,WP_379480339.1,88.660,97,11,0,1,291,239,335,8.73e-53,180,93.81,1,0
A00405_539_HLLNCDSX3_4_2576_29315_15749_1_293_+_81ef8281ba5891ff7b36aceec603003c,WP_349030737.1,86.598,97,13,0,1,291,241,337,1.32e-52,179,93.81,1,0
A00405_539_HLLNCDSX3_4_2576_29315_15749_1_293_+_81ef8281ba5891ff7b36aceec603003c,MFM2300442.1,89.691,97,10,0,1,291,239,335,1.36e-52,179,92.78,1,0
A00405_539_HLLNCDSX3_4_2576_29315_15749_1_293_+_81ef8281ba5891ff7b36aceec603003c,MFM5894038.1,82.474,97,17,0,1,291,21,117,2.03e-52,172,91.75,1,0
A00405_539_HLLNCDSX3_4_2576_29315_15749_1_293_+_81ef8281ba5891ff7b36aceec603003c,MCZ8173435.1,86.598,97,13,0,1,291,235,331,2.61e-52,177,91.75,1,0
A00405_539_HLLNCDSX3_4_2576_29315_15749_1_293_+_81ef8281ba5891ff7b36aceec603003c,WP_305700593.1,87.629,97,12,0,1,291,239,335,5.66e-52,178,93.81,1,0
A00405_539_HLLNCDSX3_4_2576_29315_15749_1_293_+_81ef8281ba5891ff7b36aceec603003c,WP_349023491.1,87.629,97,12,0,1,291,240,336,1.24e-51,177,91.75,1,0
A00405_539_HLLNCDSX3_4_2576_29315_15749_1_293_+_81ef8281ba5891ff7b36aceec603003c,WP_483658130.1,85.567,97,14,0,1,291,240,336,1.62e-51,177,92.78,1,0
A00405_539_HLLNCDSX3_4_2576_29315_15749_1_293_+_81ef8281ba5891ff7b36aceec603003c,MFN5758101.1,87.500,96,12,0,1,288,236,331,2.16e-51,176,93.75,1,0
A00405_539_HLLNCDSX3_4_2576_29315_15749_1_293_+_81ef8281ba5891ff7b36aceec603003c,WP_381425610.1,79.381,97,20,0,1,291,48,144,2.84e-51,171,89.69,1,0
A00405_539_HLLNCDSX3_4_2576_29315_15749_1_293_+_81ef8281ba5891ff7b36aceec603003c,WP_200982056.1,83.505,97,16,0,1,291,237,333,3.46e-51,176,93.81,1,0
A00405_539_HLLNCDSX3_4_2576_29315_15749_1_293_+_81ef8281ba5891ff7b36aceec603003c,WP_154690875.1,84.536,97,15,0,1,291,240,336,1.46e-50,174,90.72,1,0
A00405_539_HLLNCDSX3_4_2576_29315_15749_1_293_+_81ef8281ba5891ff7b36aceec603003c,WP_147089489.1,85.567,97,14,0,1,291,236,332,1.49e-50,174,91.75,1,0
A00405_539_HLLNCDSX3_4_2576_29315_15749_1_293_+_81ef8281ba5891ff7b36aceec603003c,MBS0482613.1,85.567,97,14,0,1,291,239,335,1.99e-50,174,92.78,1,0
A00405_539_HLLNCDSX3_4_2576_29315_15749_1_293_+_81ef8281ba5891ff7b36aceec603003c,WP_309621353.1,85.567,97,14,0,1,291,235,331,2.01e-50,174,90.72,1,0
A00405_539_HLLNCDSX3_4_2576_29315_15749_1_293_+_81ef8281ba5891ff7b36aceec603003c,MIB3997686.1,83.505,97,16,0,1,291,241,337,2.64e-50,174,89.69,1,0
A00405_539_HLLNCDSX3_4_2576_29315_15749_1_293_+_81ef8281ba5891ff7b36aceec603003c,WP_295636053.1,84.536,97,15,0,1,291,238,334,4.49e-50,173,91.75,1,0
A00405_539_HLLNCDSX3_4_2576_29315_15749_1_293_+_81ef8281ba5891ff7b36aceec603003c,WP_292686062.1,85.567,97,14,0,1,291,240,336,1.68e-49,171,91.75,1,0
A00405_539_HLLNCDSX3_4_2576_29315_15749_1_293_+_81ef8281ba5891ff7b36aceec603003c,MFM7028293.1,83.505,97,16,0,1,291,236,332,1.95e-49,171,89.69,1,0
A00405_539_HLLNCDSX3_4_2576_29315_15749_1_293_+_81ef8281ba5891ff7b36aceec603003c,NBU83513.1,81.443,97,18,0,1,291,236,332,2.87e-49,171,91.75,1,0
A00405_539_HLLNCDSX3_4_2576_29315_15749_1_293_+_81ef8281ba5891ff7b36aceec603003c,MGN6500906.1,81.443,97,18,0,1,291,135,231,4.25e-49,167,89.69,1,0
A00405_539_HLLNCDSX3_4_2576_29315_15749_1_293_+_81ef8281ba5891ff7b36aceec603003c,WP_481849806.1,82.474,97,17,0,1,291,240,336,7.77e-49,170,89.69,1,0
A00405_539_HLLNCDSX3_4_2576_29315_15749_1_293_+_81ef8281ba5891ff7b36aceec603003c,HRE36694.1,79.381,97,20,0,1,291,241,337,8.40e-49,168,89.69,1,0
A00405_539_HLLNCDSX3_4_2576_29315_15749_1_293_+_81ef8281ba5891ff7b36aceec603003c,WP_188643719.1,80.412,97,19,0,1,291,239,335,1.21e-48,169,90.72,1,0
A00405_539_HLLNCDSX3_4_2576_29315_15749_1_293_+_81ef8281ba5891ff7b36aceec603003c,MHS6457986.1,82.474,97,17,0,1,291,239,335,1.70e-48,169,89.69,1,0
A00405_539_HLLNCDSX3_4_2576_29315_15749_1_293_+_81ef8281ba5891ff7b36aceec603003c,WP_077148838.1,79.381,97,20,0,1,291,155,251,2.66e-48,166,87.63,1,0
A00405_539_HLLNCDSX3_4_2576_29315_15749_1_293_+_81ef8281ba5891ff7b36aceec603003c,WP_186402911.1,79.381,97,20,0,1,291,241,337,2.66e-48,168,89.69,1,0
A00405_539_HLLNCDSX3_4_2576_29315_15749_1_293_+_81ef8281ba5891ff7b36aceec603003c,HUQ13182.1,81.443,97,18,0,1,291,242,338,4.22e-48,168,89.69,1,0
A00405_539_HLLNCDSX3_4_2576_29315_15749_1_293_+_81ef8281ba5891ff7b36aceec603003c,MGN6496825.1,81.443,97,18,0,1,291,241,337,5.75e-48,167,89.69,1,0
A00405_539_HLLNCDSX3_4_2576_29315_15749_1_293_+_81ef8281ba5891ff7b36aceec603003c,WP_341710865.1,80.412,97,19,0,1,291,239,335,3.99e-47,165,89.69,1,0
A00405_539_HLLNCDSX3_4_2576_29315_15749_1_293_+_81ef8281ba5891ff7b36aceec603003c,WP_077031121.1,80.412,97,19,0,1,291,241,337,4.25e-47,165,86.60,1,0
A00405_539_HLLNCDSX3_4_2576_29315_15749_1_293_+_81ef8281ba5891ff7b36aceec603003c,WP_246202771.1,82.474,97,17,0,1,291,239,335,4.53e-47,165,87.63,1,0
A00405_539_HLLNCDSX3_4_2576_29315_15749_1_293_+_81ef8281ba5891ff7b36aceec603003c,WP_100866645.1,81.443,97,18,0,1,291,239,335,6.88e-47,165,88.66,1,0
A00405_539_HLLNCDSX3_4_2576_29315_15749_1_293_+_81ef8281ba5891ff7b36aceec603003c,MDP3673662.1,77.320,97,22,0,1,291,241,337,1.62e-46,164,88.66,1,0
A00405_539_HLLNCDSX3_4_2576_29315_15749_1_293_+_81ef8281ba5891ff7b36aceec603003c,MHZ2070789.1,77.320,97,22,0,1,291,240,336,1.90e-46,164,87.63,1,0
A00405_539_HLLNCDSX3_4_2576_29315_15749_1_293_+_81ef8281ba5891ff7b36aceec603003c,WP_329629370.1,78.351,97,21,0,1,291,241,337,3.24e-46,163,86.60,1,0
A00405_539_HLLNCDSX3_4_2576_29315_15749_1_293_+_81ef8281ba5891ff7b36aceec603003c,MHR9589898.1,76.289,97,23,0,1,291,240,336,3.92e-46,163,87.63,1,0
A00405_539_HLLNCDSX3_4_2576_29315_15749_1_293_+_81ef8281ba5891ff7b36aceec603003c,MHL7430466.1,78.351,97,21,0,1,291,240,336,4.61e-46,162,85.57,1,0
A00405_539_HLLNCDSX3_4_2576_29315_15749_1_293_+_81ef8281ba5891ff7b36aceec603003c,MEY4891213.1,77.320,97,22,0,1,291,237,333,5.47e-46,162,87.63,1,0
A00405_539_HLLNCDSX3_4_2576_29315_15749_1_293_+_81ef8281ba5891ff7b36aceec603003c,WP_188764251.1,76.289,97,23,0,1,291,241,337,6.41e-46,162,86.60,1,0
A00405_539_HLLNCDSX3_4_2576_29315_15749_1_293_+_81ef8281ba5891ff7b36aceec603003c,WP_338465950.1,75.258,97,24,0,1,291,242,338,6.89e-46,162,87.63,1,0
A00405_539_HLLNCDSX3_4_2576_29315_15749_1_293_+_81ef8281ba5891ff7b36aceec603003c,MHE4793107.1,76.289,97,23,0,1,291,82,178,1.11e-45,157,86.60,1,0
A00405_539_HLLNCDSX3_4_2576_29315_15749_1_293_+_81ef8281ba5891ff7b36aceec603003c,WP_486155831.1,79.381,97,20,0,1,291,246,342,1.14e-45,162,86.60,1,0
A00405_539_HLLNCDSX3_4_2576_29315_15749_1_293_+_81ef8281ba5891ff7b36aceec603003c,WP_011445471.1,76.289,97,23,0,1,291,241,337,1.26e-45,161,86.60,1,0
A00405_539_HLLNCDSX3_4_2576_29315_15749_1_293_+_81ef8281ba5891ff7b36aceec603003c,MEY3906022.1,80.412,97,19,0,1,291,236,332,1.55e-45,161,87.63,1,0
A00405_539_HLLNCDSX3_4_2576_29315_15749_1_293_+_81ef8281ba5891ff7b36aceec603003c,MGB7407581.1,79.381,97,20,0,1,291,242,338,1.80e-45,161,87.63,1,0
A00405_539_HLLNCDSX3_4_2576_29315_15749_1_293_+_81ef8281ba5891ff7b36aceec603003c,WP_086437781.1,78.351,97,21,0,1,291,242,338,2.54e-45,160,87.63,1,0
A00405_539_HLLNCDSX3_4_2576_29315_15749_1_293_+_81ef8281ba5891ff7b36aceec603003c,MGB3738271.1,79.381,97,20,0,1,291,241,337,3.53e-45,160,85.57,1,0
A00405_539_HLLNCDSX3_4_2576_29315_15749_1_293_+_81ef8281ba5891ff7b36aceec603003c,HPU16828.1,74.227,97,25,0,1,291,123,219,3.78e-45,157,86.60,1,0
A00405_539_HLLNCDSX3_4_2576_29315_15749_1_293_+_81ef8281ba5891ff7b36aceec603003c,WP_298308935.1,78.351,97,21,0,1,291,238,334,3.94e-45,160,88.66,1,0
A00405_539_HLLNCDSX3_4_2576_29315_15749_1_293_+_81ef8281ba5891ff7b36aceec603003c,MIA2354392.1,76.289,97,23,0,1,291,212,308,5.40e-45,159,85.57,1,0
A00405_539_HLLNCDSX3_4_2576_29315_15749_1_293_+_81ef8281ba5891ff7b36aceec603003c,WP_445538080.1,77.320,97,22,0,1,291,242,338,7.06e-45,159,87.63,1,0
A00405_539_HLLNCDSX3_4_2576_29315_15749_1_293_+_81ef8281ba5891ff7b36aceec603003c,WP_160672764.1,77.320,97,22,0,1,291,244,340,1.20e-44,159,87.63,1,0
A00405_539_HLLNCDSX3_4_2576_29315_15749_1_293_+_81ef8281ba5891ff7b36aceec603003c,WP_337661070.1,77.320,97,22,0,1,291,166,262,1.44e-44,157,82.47,1,0
A00405_539_HLLNCDSX3_4_2576_29315_15749_1_293_+_81ef8281ba5891ff7b36aceec603003c,WP_374284136.1,76.289,97,23,0,1,291,234,330,1.71e-44,158,84.54,1,0
A00405_539_HLLNCDSX3_4_2576_29315_15749_1_293_+_81ef8281ba5891ff7b36aceec603003c,WP_128893349.1,77.320,97,22,0,1,291,242,338,1.88e-44,158,82.47,1,0
A00405_539_HLLNCDSX3_4_2576_29315_15749_1_293_+_81ef8281ba5891ff7b36aceec603003c,WP_486178266.1,77.320,97,22,0,1,291,241,337,3.85e-44,157,85.57,1,0
A00405_539_HLLNCDSX3_4_2576_29315_15749_1_293_+_81ef8281ba5891ff7b36aceec603003c,WP_409412212.1,78.351,97,21,0,1,291,238,334,4.35e-44,157,87.63,1,0
A00405_539_HLLNCDSX3_4_2576_29315_15749_1_293_+_81ef8281ba5891ff7b36aceec603003c,WP_295528729.1,77.320,97,22,0,1,291,242,338,4.66e-44,157,84.54,1,0
A00405_539_HLLNCDSX3_4_2576_29315_15749_1_293_+_81ef8281ba5891ff7b36aceec603003c,QXQ05219.1,73.196,97,26,0,1,291,240,336,4.78e-44,157,85.57,1,0
A00405_539_HLLNCDSX3_4_2576_29315_15749_1_293_+_81ef8281ba5891ff7b36aceec603003c,WP_226016868.1,75.258,97,24,0,1,291,242,338,5.24e-44,157,84.54,1,0
A00405_539_HLLNCDSX3_4_2576_29315_15749_1_293_+_81ef8281ba5891ff7b36aceec603003c,MGL4542116.1,67.708,96,31,0,4,291,1,96,5.55e-44,150,84.38,1,0
A00405_539_HLLNCDSX3_4_2576_29315_15749_1_293_+_81ef8281ba5891ff7b36aceec603003c,MEP3421554.1,77.320,97,22,0,1,291,241,337,5.90e-44,157,82.47,1,0
A00405_539_HLLNCDSX3_4_2576_29315_15749_1_293_+_81ef8281ba5891ff7b36aceec603003c,MEP2735748.1,77.320,97,22,0,1,291,241,337,7.62e-44,157,84.54,1,0
A00405_539_HLLNCDSX3_4_2576_29315_15749_1_293_+_81ef8281ba5891ff7b36aceec603003c,WP_264424317.1,77.320,97,22,0,1,291,242,338,9.94e-44,156,83.51,1,0
A00405_539_HLLNCDSX3_4_2576_29315_15749_1_293_+_81ef8281ba5891ff7b36aceec603003c,TNE33560.1,76.289,97,23,0,1,291,241,337,1.13e-43,156,84.54,1,0
A00405_539_HLLNCDSX3_4_2576_29315_15749_1_293_+_81ef8281ba5891ff7b36aceec603003c,WP_292943025.1,72.165,97,27,0,1,291,48,144,1.18e-43,151,83.51,1,0
A00405_539_HLLNCDSX3_4_2576_29315_15749_1_293_+_81ef8281ba5891ff7b36aceec603003c,WP_298021469.1,73.196,97,26,0,1,291,244,340,1.51e-43,156,86.60,1,0
A00405_539_HLLNCDSX3_4_2576_29315_15749_1_293_+_81ef8281ba5891ff7b36aceec603003c,MIB3447550.1,76.289,97,23,0,1,291,242,338,2.15e-43,155,84.54,1,0
A00405_539_HLLNCDSX3_4_2576_29315_15749_1_293_+_81ef8281ba5891ff7b36aceec603003c,MEM1051874.1,75.258,97,24,0,1,291,241,337,2.23e-43,155,85.57,1,0
A00405_539_HLLNCDSX3_4_2576_29315_15749_1_293_+_81ef8281ba5891ff7b36aceec603003c,WP_348016986.1,74.490,98,23,1,1,288,241,338,2.54e-43,155,83.67,1,0
A00405_539_HLLNCDSX3_4_2576_29315_15749_1_293_+_81ef8281ba5891ff7b36aceec603003c,WP_292973865.1,73.196,97,26,0,1,291,234,330,3.53e-43,155,85.57,1,0
A00405_539_HLLNCDSX3_4_2576_29315_15749_1_293_+_81ef8281ba5891ff7b36aceec603003c,MDE2560611.1,75.258,97,24,0,1,291,240,336,4.02e-43,155,84.54,1,0
A00405_539_HLLNCDSX3_4_2576_29315_15749_1_293_+_81ef8281ba5891ff7b36aceec603003c,WP_219892725.1,75.000,96,24,0,1,288,234,329,4.82e-43,154,84.38,1,0
A00405_539_HLLNCDSX3_4_2576_29315_15749_1_293_+_81ef8281ba5891ff7b36aceec603003c,MDC0886294.1,75.258,97,24,0,1,291,242,338,5.45e-43,155,82.47,1,0
A00405_539_HLLNCDSX3_4_2576_29315_15749_1_293_+_81ef8281ba5891ff7b36aceec603003c,WP_160777900.1,74.227,97,25,0,1,291,242,338,5.51e-43,155,85.57,1,0
A00405_539_HLLNCDSX3_4_2576_29315_15749_1_293_+_81ef8281ba5891ff7b36aceec603003c,WP_482049404.1,75.258,97,24,0,1,291,242,338,7.13e-43,154,84.54,1,0
A00405_539_HLLNCDSX3_4_2576_29315_15749_1_293_+_81ef8281ba5891ff7b36aceec603003c,WP_296677531.1,83.505,97,16,0,1,291,239,335,9.33e-43,154,92.78,1,0
A00405_539_HLLNCDSX3_4_2576_29315_15749_1_293_+_81ef8281ba5891ff7b36aceec603003c,WP_348302482.1,74.194,93,24,0,1,279,241,333,9.81e-43,154,86.02,1,0
A00405_539_HLLNCDSX3_4_2576_29315_15749_1_293_+_81ef8281ba5891ff7b36aceec603003c,WP_370297648.1,77.320,97,22,0,1,291,239,335,1.18e-42,154,83.51,1,0
A00405_539_HLLNCDSX3_4_2576_29315_15749_1_293_+_81ef8281ba5891ff7b36aceec603003c,WP_292995697.1,74.227,97,25,0,1,291,234,330,1.47e-42,153,83.51,1,0
A00405_539_HLLNCDSX3_4_2576_29315_15749_1_293_+_81ef8281ba5891ff7b36aceec603003c,WP_225206283.1,75.258,97,24,0,1,291,242,338,1.69e-42,153,83.51,1,0
A00405_539_HLLNCDSX3_4_2576_29315_15749_1_293_+_81ef8281ba5891ff7b36aceec603003c,MIA7997155.1,74.227,97,25,0,1,291,242,338,2.20e-42,153,84.54,1,0
A00405_539_HLLNCDSX3_4_2576_29315_15749_1_293_+_81ef8281ba5891ff7b36aceec603003c,WP_284126661.1,77.419,93,21,0,1,279,242,334,2.72e-42,153,83.87,1,0
A00405_539_HLLNCDSX3_4_2576_29315_15749_1_293_+_81ef8281ba5891ff7b36aceec603003c,MFM2098965.1,72.165,97,27,0,1,291,241,337,3.13e-42,152,85.57,1,0
A00405_539_HLLNCDSX3_4_2576_29315_15749_1_293_+_81ef8281ba5891ff7b36aceec603003c,WP_135245971.1,69.072,97,30,0,1,291,245,341,3.68e-42,152,84.54,1,0
A00405_539_HLLNCDSX3_4_2576_29315_15749_1_293_+_81ef8281ba5891ff7b36aceec603003c,AII19480.1,67.010,97,32,0,1,291,68,164,3.87e-42,146,82.47,1,0
A00405_539_HLLNCDSX3_4_2576_29315_15749_1_293_+_81ef8281ba5891ff7b36aceec603003c,WP_017663821.1,72.165,97,27,0,1,291,238,334,4.12e-42,152,82.47,1,0
A00405_539_HLLNCDSX3_4_2576_29315_15749_1_293_+_81ef8281ba5891ff7b36aceec603003c,WP_233997180.1,70.103,97,29,0,1,291,239,335,5.91e-42,152,85.57,1,0
A00405_539_HLLNCDSX3_4_1256_26341_12446_1_294_+_88ec1e8930915f6fd0f1d06309f6b07b,MID1952695.1,98.969,97,1,0,1,291,89,185,1.14e-58,191,98.97,1,0
A00405_539_HLLNCDSX3_4_1256_26341_12446_1_294_+_88ec1e8930915f6fd0f1d06309f6b07b,WP_374614872.1,98.969,97,1,0,1,291,242,338,5.06e-57,191,98.97,1,0
A00405_539_HLLNCDSX3_4_1256_26341_12446_1_294_+_88ec1e8930915f6fd0f1d06309f6b07b,MEY4869394.1,93.814,97,6,0,1,291,5,101,4.10e-48,162,97.94,1,0
A00405_539_HLLNCDSX3_4_1256_26341_12446_1_294_+_88ec1e8930915f6fd0f1d06309f6b07b,MFN5632878.1,93.814,97,6,0,1,291,90,186,2.86e-47,162,97.94,1,0
A00405_539_HLLNCDSX3_4_1256_26341_12446_1_294_+_88ec1e8930915f6fd0f1d06309f6b07b,MEN9393092.1,93.814,97,6,0,1,291,126,222,9.16e-47,162,97.94,1,0
A00405_539_HLLNCDSX3_4_1256_26341_12446_1_294_+_88ec1e8930915f6fd0f1d06309f6b07b,WP_484367842.1,93.814,97,6,0,1,291,215,311,2.16e-46,162,97.94,1,0
A00405_539_HLLNCDSX3_4_1256_26341_12446_1_294_+_88ec1e8930915f6fd0f1d06309f6b07b,MFN3452153.1,91.753,97,8,0,1,291,29,125,2.38e-46,158,97.94,1,0
A00405_539_HLLNCDSX3_4_1256_26341_12446_1_294_+_88ec1e8930915f6fd0f1d06309f6b07b,WP_422267576.1,93.814,97,6,0,1,291,61,157,2.92e-46,159,94.85,1,0
A00405_539_HLLNCDSX3_4_1256_26341_12446_1_294_+_88ec1e8930915f6fd0f1d06309f6b07b,MBL0021155.1,92.784,97,7,0,1,291,216,312,3.07e-44,155,93.81,1,0
A00405_539_HLLNCDSX3_4_1256_26341_12446_1_294_+_88ec1e8930915f6fd0f1d06309f6b07b,MGB5078427.1,88.660,97,11,0,1,291,215,311,5.39e-44,157,97.94,1,0
A00405_539_HLLNCDSX3_4_1256_26341_12446_1_294_+_88ec1e8930915f6fd0f1d06309f6b07b,WP_483010113.1,90.722,97,9,0,1,291,215,311,8.52e-44,157,98.97,1,0
A00405_539_HLLNCDSX3_4_1256_26341_12446_1_294_+_88ec1e8930915f6fd0f1d06309f6b07b,WP_425233040.1,97.059,68,2,0,88,291,1,68,5.16e-39,137,98.53,1,0
A00405_539_HLLNCDSX3_4_1256_26341_12446_1_294_+_88ec1e8930915f6fd0f1d06309f6b07b,MEE9433160.1,78.351,97,21,0,1,291,215,311,5.90e-34,131,87.63,1,0
A00405_539_HLLNCDSX3_4_1256_26341_12446_1_294_+_88ec1e8930915f6fd0f1d06309f6b07b,MEP7348840.1,76.289,97,23,0,1,291,215,311,8.53e-34,130,89.69,1,0
A00405_539_HLLNCDSX3_4_1256_26341_12446_1_294_+_88ec1e8930915f6fd0f1d06309f6b07b,MID7898022.1,74.227,97,25,0,1,291,215,311,4.57e-32,126,88.66,1,0
A00405_539_HLLNCDSX3_4_1256_26341_12446_1_294_+_88ec1e8930915f6fd0f1d06309f6b07b,WP_187334391.1,71.134,97,28,0,1,291,214,310,5.02e-29,118,87.63,1,0
A00405_539_HLLNCDSX3_4_1256_26341_12446_1_294_+_88ec1e8930915f6fd0f1d06309f6b07b,WP_420607232.1,69.072,97,30,0,1,291,215,311,3.92e-28,115,87.63,1,0
A00405_539_HLLNCDSX3_4_1256_26341_12446_1_294_+_88ec1e8930915f6fd0f1d06309f6b07b,ETX03538.1,50.515,97,48,0,1,291,75,171,1.09e-23,101,75.26,1,0
A00405_539_HLLNCDSX3_4_1256_26341_12446_1_294_+_88ec1e8930915f6fd0f1d06309f6b07b,WP_428487170.1,51.546,97,47,0,1,291,201,297,3.76e-23,102,72.16,1,0
A00405_539_HLLNCDSX3_4_1256_26341_12446_1_294_+_88ec1e8930915f6fd0f1d06309f6b07b,MDJ0849313.1,51.546,97,47,0,1,291,211,307,4.69e-23,102,73.20,1,0
A00405_539_HLLNCDSX3_4_1256_26341_12446_1_294_+_88ec1e8930915f6fd0f1d06309f6b07b,WP_179137966.1,50.515,97,48,0,1,291,156,252,5.03e-23,101,75.26,1,0
A00405_539_HLLNCDSX3_4_1256_26341_12446_1_294_+_88ec1e8930915f6fd0f1d06309f6b07b,MBV8088237.1,53.261,92,43,0,1,276,3,94,6.23e-23,97.8,72.83,1,0
A00405_539_HLLNCDSX3_4_1256_26341_12446_1_294_+_88ec1e8930915f6fd0f1d06309f6b07b,MEM7408790.1,55.435,92,41,0,1,276,212,303,6.65e-23,101,72.83,1,0
A00405_539_HLLNCDSX3_4_1256_26341_12446_1_294_+_88ec1e8930915f6fd0f1d06309f6b07b,MII9043753.1,49.485,97,49,0,1,291,230,326,1.07e-22,101,76.29,1,0
A00405_539_HLLNCDSX3_4_1256_26341_12446_1_294_+_88ec1e8930915f6fd0f1d06309f6b07b,MDE2751392.1,47.423,97,51,0,1,291,33,129,1.20e-22,98.2,74.23,1,0
A00405_539_HLLNCDSX3_4_1256_26341_12446_1_294_+_88ec1e8930915f6fd0f1d06309f6b07b,MII9758211.1,48.454,97,50,0,1,291,228,324,2.00e-22,100,73.20,1,0
A00405_539_HLLNCDSX3_4_1256_26341_12446_1_294_+_88ec1e8930915f6fd0f1d06309f6b07b,MHS6083878.1,53.125,96,45,0,4,291,40,135,2.53e-22,97.1,70.83,1,0
A00405_539_HLLNCDSX3_4_1256_26341_12446_1_294_+_88ec1e8930915f6fd0f1d06309f6b07b,MDE0649532.1,49.485,97,49,0,1,291,131,227,3.07e-22,99.0,73.20,1,0
A00405_539_HLLNCDSX3_4_1256_26341_12446_1_294_+_88ec1e8930915f6fd0f1d06309f6b07b,MDE2793535.1,49.485,97,49,0,1,291,230,326,3.69e-22,100,73.20,1,0
A00405_539_HLLNCDSX3_4_1256_26341_12446_1_294_+_88ec1e8930915f6fd0f1d06309f6b07b,MBK7161287.1,96.154,52,2,0,1,156,241,292,4.31e-22,76.6,96.15,1,0
A00405_539_HLLNCDSX3_4_1256_26341_12446_1_294_+_88ec1e8930915f6fd0f1d06309f6b07b,MBK7161287.1,67.500,40,13,0,170,289,297,336,4.31e-22,57.4,75.00,2,0
A00405_539_HLLNCDSX3_4_1256_26341_12446_1_294_+_88ec1e8930915f6fd0f1d06309f6b07b,MXV96559.1,47.423,97,51,0,1,291,231,327,7.64e-22,99.4,74.23,1,0
A00405_539_HLLNCDSX3_4_1256_26341_12446_1_294_+_88ec1e8930915f6fd0f1d06309f6b07b,MDE2763154.1,49.485,97,49,0,1,291,230,326,7.71e-22,99.0,73.20,1,0
A00405_539_HLLNCDSX3_4_1256_26341_12446_1_294_+_88ec1e8930915f6fd0f1d06309f6b07b,MCY3706057.1,49.485,97,49,0,1,291,230,326,8.34e-22,99.0,73.20,1,0
A00405_539_HLLNCDSX3_4_1256_26341_12446_1_294_+_88ec1e8930915f6fd0f1d06309f6b07b,MIJ5404221.1,53.261,92,43,0,1,276,228,319,1.05e-21,98.6,73.91,1,0
A00405_539_HLLNCDSX3_4_1256_26341_12446_1_294_+_88ec1e8930915f6fd0f1d06309f6b07b,MCY3733187.1,48.913,92,47,0,1,276,31,122,1.12e-21,95.9,75.00,1,0
A00405_539_HLLNCDSX3_4_1256_26341_12446_1_294_+_88ec1e8930915f6fd0f1d06309f6b07b,HJS86090.1,53.261,92,43,0,4,279,204,295,1.37e-21,98.2,72.83,1,0
A00405_539_HLLNCDSX3_4_1256_26341_12446_1_294_+_88ec1e8930915f6fd0f1d06309f6b07b,MIJ4734757.1,51.087,92,45,0,1,276,156,247,1.51e-21,97.4,76.09,1,0
A00405_539_HLLNCDSX3_4_1256_26341_12446_1_294_+_88ec1e8930915f6fd0f1d06309f6b07b,MGH7212782.1,50.000,92,46,0,4,279,228,319,1.54e-21,98.2,70.65,1,0
A00405_539_HLLNCDSX3_4_1256_26341_12446_1_294_+_88ec1e8930915f6fd0f1d06309f6b07b,MXX33543.1,47.423,97,51,0,1,291,230,326,1.68e-21,98.2,75.26,1,0
A00405_539_HLLNCDSX3_4_1256_26341_12446_1_294_+_88ec1e8930915f6fd0f1d06309f6b07b,MHC4819262.1,50.515,97,48,0,1,291,293,389,1.72e-21,98.6,70.10,1,0
A00405_539_HLLNCDSX3_4_1256_26341_12446_1_294_+_88ec1e8930915f6fd0f1d06309f6b07b,MXX71708.1,47.423,97,51,0,1,291,230,326,1.86e-21,98.2,73.20,1,0
A00405_539_HLLNCDSX3_4_1256_26341_12446_1_294_+_88ec1e8930915f6fd0f1d06309f6b07b,MCY4393238.1,51.579,95,46,0,1,285,231,325,2.04e-21,98.2,72.63,1,0
A00405_539_HLLNCDSX3_4_1256_26341_12446_1_294_+_88ec1e8930915f6fd0f1d06309f6b07b,MCY4480102.1,52.174,92,44,0,1,276,229,320,2.12e-21,97.8,75.00,1,0
A00405_539_HLLNCDSX3_4_1256_26341_12446_1_294_+_88ec1e8930915f6fd0f1d06309f6b07b,MIJ5564821.1,46.392,97,52,0,1,291,230,326,2.55e-21,97.1,73.20,1,0
A00405_539_HLLNCDSX3_4_1256_26341_12446_1_294_+_88ec1e8930915f6fd0f1d06309f6b07b,MHL5280707.1,53.763,93,43,0,1,279,116,208,2.72e-21,96.3,73.12,1,0
A00405_539_HLLNCDSX3_4_1256_26341_12446_1_294_+_88ec1e8930915f6fd0f1d06309f6b07b,HUN44006.1,48.958,96,49,0,4,291,230,325,3.15e-21,97.4,70.83,1,0
A00405_539_HLLNCDSX3_4_1256_26341_12446_1_294_+_88ec1e8930915f6fd0f1d06309f6b07b,MHS8053877.1,49.485,97,49,0,1,291,1,97,3.23e-21,93.6,68.04,1,0
A00405_539_HLLNCDSX3_4_1256_26341_12446_1_294_+_88ec1e8930915f6fd0f1d06309f6b07b,MIJ5124445.1,49.485,97,49,0,1,291,74,170,3.43e-21,95.1,70.10,1,0
A00405_539_HLLNCDSX3_4_1256_26341_12446_1_294_+_88ec1e8930915f6fd0f1d06309f6b07b,MII9009846.1,47.423,97,51,0,1,291,230,326,3.53e-21,97.4,72.16,1,0
A00405_539_HLLNCDSX3_4_1256_26341_12446_1_294_+_88ec1e8930915f6fd0f1d06309f6b07b,MHV2025613.1,51.087,92,45,0,1,276,227,318,3.57e-21,97.4,76.09,1,0
A00405_539_HLLNCDSX3_4_1256_26341_12446_1_294_+_88ec1e8930915f6fd0f1d06309f6b07b,MFB0976861.1,48.454,97,50,0,1,291,211,307,3.72e-21,97.1,70.10,1,0
A00405_539_HLLNCDSX3_4_1256_26341_12446_1_294_+_88ec1e8930915f6fd0f1d06309f6b07b,MIJ6367345.1,52.174,92,44,0,1,276,226,317,4.62e-21,97.1,75.00,1,0
A00405_539_HLLNCDSX3_4_1256_26341_12446_1_294_+_88ec1e8930915f6fd0f1d06309f6b07b,MIB2007755.1,48.454,97,50,0,1,291,219,315,6.87e-21,96.3,69.07,1,0
A00405_539_HLLNCDSX3_4_1256_26341_12446_1_294_+_88ec1e8930915f6fd0f1d06309f6b07b,MDE0512935.1,49.485,97,49,0,1,291,227,323,6.97e-21,96.3,71.13,1,0
A00405_539_HLLNCDSX3_4_1256_26341_12446_1_294_+_88ec1e8930915f6fd0f1d06309f6b07b,MBV8336955.1,53.261,92,43,0,1,276,216,307,7.74e-21,96.3,72.83,1,0
A00405_539_HLLNCDSX3_4_1256_26341_12446_1_294_+_88ec1e8930915f6fd0f1d06309f6b07b,MHZ8785321.1,52.577,97,46,0,1,291,24,120,8.64e-21,92.8,64.95,1,0
A00405_539_HLLNCDSX3_4_1256_26341_12446_1_294_+_88ec1e8930915f6fd0f1d06309f6b07b,MIJ1723013.1,53.933,89,41,0,1,267,192,280,8.76e-21,95.9,73.03,1,0
A00405_539_HLLNCDSX3_4_1256_26341_12446_1_294_+_88ec1e8930915f6fd0f1d06309f6b07b,MCY4400783.1,47.423,97,51,0,1,291,228,324,9.20e-21,96.3,71.13,1,0
A00405_539_HLLNCDSX3_4_1256_26341_12446_1_294_+_88ec1e8930915f6fd0f1d06309f6b07b,HET9871334.1,51.064,94,45,1,1,279,173,266,1.06e-20,95.5,74.47,1,0
A00405_539_HLLNCDSX3_4_1256_26341_12446_1_294_+_88ec1e8930915f6fd0f1d06309f6b07b,MYA42229.1,47.423,97,51,0,1,291,259,355,1.09e-20,96.3,73.20,1,0
A00405_539_HLLNCDSX3_4_1256_26341_12446_1_294_+_88ec1e8930915f6fd0f1d06309f6b07b,MDE0388632.1,53.261,92,43,0,1,276,228,319,1.14e-20,95.9,72.83,1,0
A00405_539_HLLNCDSX3_4_1256_26341_12446_1_294_+_88ec1e8930915f6fd0f1d06309f6b07b,MII9135895.1,50.000,92,46,0,1,276,233,324,1.29e-20,95.9,71.74,1,0
A00405_539_HLLNCDSX3_4_1256_26341_12446_1_294_+_88ec1e8930915f6fd0f1d06309f6b07b,MII9504688.1,50.000,92,46,0,1,276,192,283,1.48e-20,95.5,70.65,1,0
A00405_539_HLLNCDSX3_4_1256_26341_12446_1_294_+_88ec1e8930915f6fd0f1d06309f6b07b,HVB68427.1,51.163,86,42,0,4,261,85,170,1.68e-20,93.6,70.93,1,0
A00405_539_HLLNCDSX3_4_1256_26341_12446_1_294_+_88ec1e8930915f6fd0f1d06309f6b07b,MII9736631.1,49.485,97,49,0,1,291,171,267,1.72e-20,94.7,70.10,1,0
A00405_539_HLLNCDSX3_4_1256_26341_12446_1_294_+_88ec1e8930915f6fd0f1d06309f6b07b,MHL5442689.1,49.485,97,49,0,1,291,216,312,1.81e-20,95.1,70.10,1,0
A00405_539_HLLNCDSX3_4_1256_26341_12446_1_294_+_88ec1e8930915f6fd0f1d06309f6b07b,MXX32923.1,48.913,92,47,0,1,276,266,357,1.82e-20,95.5,75.00,1,0
A00405_539_HLLNCDSX3_4_1256_26341_12446_1_294_+_88ec1e8930915f6fd0f1d06309f6b07b,MYA64230.1,48.454,97,50,0,1,291,242,338,1.99e-20,95.5,71.13,1,0
A00405_539_HLLNCDSX3_4_1256_26341_12446_1_294_+_88ec1e8930915f6fd0f1d06309f6b07b,HXS92294.1,51.087,92,45,0,1,276,219,310,2.04e-20,95.1,70.65,1,0
A00405_539_HLLNCDSX3_4_1256_26341_12446_1_294_+_88ec1e8930915f6fd0f1d06309f6b07b,MFT5014752.1,49.474,95,48,0,7,291,145,239,2.08e-20,94.4,68.42,1,0
A00405_539_HLLNCDSX3_4_1256_26341_12446_1_294_+_88ec1e8930915f6fd0f1d06309f6b07b,MGY8805994.1,46.875,96,51,0,4,291,125,220,2.17e-20,94.0,67.71,1,0
A00405_539_HLLNCDSX3_4_1256_26341_12446_1_294_+_88ec1e8930915f6fd0f1d06309f6b07b,MII9321010.1,45.361,97,53,0,1,291,230,326,2.23e-20,95.1,74.23,1,0
A00405_539_HLLNCDSX3_4_1256_26341_12446_1_294_+_88ec1e8930915f6fd0f1d06309f6b07b,MII8511461.1,48.936,94,48,0,1,282,230,323,2.49e-20,95.1,73.40,1,0
A00405_539_HLLNCDSX3_4_1256_26341_12446_1_294_+_88ec1e8930915f6fd0f1d06309f6b07b,MCS7294984.1,46.392,97,52,0,1,291,235,331,2.58e-20,95.1,69.07,1,0
A00405_539_HLLNCDSX3_4_1256_26341_12446_1_294_+_88ec1e8930915f6fd0f1d06309f6b07b,MBW2279743.1,51.087,92,45,0,1,276,237,328,2.70e-20,94.7,72.83,1,0
A00405_539_HLLNCDSX3_4_1256_26341_12446_1_294_+_88ec1e8930915f6fd0f1d06309f6b07b,MYH67037.1,47.423,97,51,0,1,291,260,356,2.87e-20,95.1,72.16,1,0
A00405_539_HLLNCDSX3_4_1256_26341_12446_1_294_+_88ec1e8930915f6fd0f1d06309f6b07b,MBE0608109.1,48.454,97,50,0,1,291,215,311,3.06e-20,94.7,70.10,1,0
A00405_539_HLLNCDSX3_4_1256_26341_12446_1_294_+_88ec1e8930915f6fd0f1d06309f6b07b,MCH8813625.1,50.000,96,48,0,4,291,211,306,3.78e-20,94.4,69.79,1,0
A00405_539_HLLNCDSX3_4_1256_26341_12446_1_294_+_88ec1e8930915f6fd0f1d06309f6b07b,CAR3319770.1,51.648,91,44,0,4,276,222,312,4.14e-20,94.4,69.23,1,0
A00405_539_HLLNCDSX3_4_1256_26341_12446_1_294_+_88ec1e8930915f6fd0f1d06309f6b07b,MFQ5471364.1,50.000,92,46,0,1,276,211,302,4.57e-20,94.0,71.74,1,0
A00405_539_HLLNCDSX3_4_1256_26341_12446_1_294_+_88ec1e8930915f6fd0f1d06309f6b07b,MBV9269232.1,53.488,86,40,0,1,258,125,210,4.61e-20,93.2,72.09,1,0
A00405_539_HLLNCDSX3_4_1256_26341_12446_1_294_+_88ec1e8930915f6fd0f1d06309f6b07b,MIJ6189757.1,52.577,97,46,0,1,291,221,317,4.75e-20,94.0,71.13,1,0
A00405_539_HLLNCDSX3_4_1256_26341_12446_1_294_+_88ec1e8930915f6fd0f1d06309f6b07b,MDE2967485.1,48.913,92,47,0,1,276,233,324,4.84e-20,94.4,73.91,1,0
A00405_539_HLLNCDSX3_4_1256_26341_12446_1_294_+_88ec1e8930915f6fd0f1d06309f6b07b,MIA4106965.1,50.000,92,46,0,1,276,220,311,5.04e-20,94.0,72.83,1,0
A00405_539_HLLNCDSX3_4_1256_26341_12446_1_294_+_88ec1e8930915f6fd0f1d06309f6b07b,MEE9279881.1,48.454,97,50,0,1,291,374,470,5.11e-20,94.7,72.16,1,0
A00405_539_HLLNCDSX3_4_1256_26341_12446_1_294_+_88ec1e8930915f6fd0f1d06309f6b07b,HEY6428469.1,53.261,92,43,0,4,279,218,309,5.46e-20,94.0,68.48,1,0
A00405_539_HLLNCDSX3_4_1256_26341_12446_1_294_+_88ec1e8930915f6fd0f1d06309f6b07b,MDE0393054.1,50.000,92,46,0,1,276,229,320,5.74e-20,94.0,73.91,1,0
A00405_539_HLLNCDSX3_4_1256_26341_12446_1_294_+_88ec1e8930915f6fd0f1d06309f6b07b,WP_325678950.1,48.387,93,48,0,1,279,218,310,6.11e-20,94.0,67.74,1,0
A00405_539_HLLNCDSX3_4_1256_26341_12446_1_294_+_88ec1e8930915f6fd0f1d06309f6b07b,MEX1253455.1,46.392,97,52,0,1,291,216,312,6.36e-20,93.6,68.04,1,0
A00405_539_HLLNCDSX3_4_1256_26341_12446_1_294_+_88ec1e8930915f6fd0f1d06309f6b07b,HUB50153.1,46.875,96,51,0,4,291,230,325,6.38e-20,94.0,69.79,1,0
A00405_539_HLLNCDSX3_4_1256_26341_12446_1_294_+_88ec1e8930915f6fd0f1d06309f6b07b,WP_161557261.1,52.174,92,44,0,4,279,205,296,6.54e-20,93.6,69.57,1,0
A00405_539_HLLNCDSX3_4_1256_26341_12446_1_294_+_88ec1e8930915f6fd0f1d06309f6b07b,MBW2416190.1,48.387,93,48,0,1,279,162,254,6.69e-20,93.2,72.04,1,0
A00405_539_HLLNCDSX3_4_1256_26341_12446_1_294_+_88ec1e8930915f6fd0f1d06309f6b07b,NRA04555.1,47.423,97,51,0,1,291,225,321,6.79e-20,93.6,71.13,1,0
A00405_539_HLLNCDSX3_4_1256_26341_12446_1_294_+_88ec1e8930915f6fd0f1d06309f6b07b,HXL87986.1,50.515,97,48,0,1,291,214,310,7.15e-20,93.6,68.04,1,0
A00405_539_HLLNCDSX3_4_1256_26341_12446_1_294_+_88ec1e8930915f6fd0f1d06309f6b07b,MBV8615929.1,48.913,92,47,0,4,279,219,310,7.26e-20,93.6,72.83,1,0
A00405_539_HLLNCDSX3_4_1256_26341_12446_1_294_+_88ec1e8930915f6fd0f1d06309f6b07b,MYB07027.1,44.330,97,54,0,1,291,63,159,7.31e-20,91.3,70.10,1,0
A00405_539_HLLNCDSX3_4_1256_26341_12446_1_294_+_88ec1e8930915f6fd0f1d06309f6b07b,WP_095987807.1,50.000,94,46,1,1,279,214,307,7.79e-20,93.6,73.40,1,0
A00405_539_HLLNCDSX3_4_1256_26341_12446_1_294_+_88ec1e8930915f6fd0f1d06309f6b07b,MII8353609.1,46.392,97,52,0,1,291,230,326,8.13e-20,93.6,70.10,1,0
A00405_539_HLLNCDSX3_4_1256_26341_12446_1_294_+_88ec1e8930915f6fd0f1d06309f6b07b,MII9049819.1,50.549,91,45,0,1,273,229,319,8.41e-20,93.6,73.63,1,0
A00405_539_HLLNCDSX3_4_1256_26341_12446_1_294_+_88ec1e8930915f6fd0f1d06309f6b07b,MBN9561573.1,53.012,83,39,0,4,252,221,303,8.74e-20,93.2,73.49,1,0
A00405_539_HLLNCDSX3_4_2354_31494_20306_1_293_+_9fc4ba7df13b38a1122bbfdc70b1bfa7,WP_298602577.1,97.938,97,2,0,1,291,1,97,2.20e-60,197,100.00,1,0
A00405_539_HLLNCDSX3_4_2354_31494_20306_1_293_+_9fc4ba7df13b38a1122bbfdc70b1bfa7,WP_324336981.1,93.814,97,6,0,1,291,91,187,1.83e-57,192,97.94,1,0
A00405_539_HLLNCDSX3_4_2354_31494_20306_1_293_+_9fc4ba7df13b38a1122bbfdc70b1bfa7,MBK8629099.1,84.536,97,15,0,1,291,91,187,3.32e-50,174,93.81,1,0
A00405_539_HLLNCDSX3_4_2354_31494_20306_1_293_+_9fc4ba7df13b38a1122bbfdc70b1bfa7,HMT44518.1,78.351,97,21,0,1,291,91,187,5.15e-46,163,88.66,1,0
A00405_539_HLLNCDSX3_4_2354_31494_20306_1_293_+_9fc4ba7df13b38a1122bbfdc70b1bfa7,WP_169945274.1,69.072,97,30,0,1,291,99,195,3.23e-37,140,80.41,1,0
A00405_539_HLLNCDSX3_4_2354_31494_20306_1_293_+_9fc4ba7df13b38a1122bbfdc70b1bfa7,MFO1238407.1,65.979,97,33,0,1,291,91,187,1.06e-36,139,75.26,1,0
A00405_539_HLLNCDSX3_4_2354_31494_20306_1_293_+_9fc4ba7df13b38a1122bbfdc70b1bfa7,WP_374527600.1,67.010,97,31,1,1,291,95,190,3.57e-36,137,78.35,1,0
A00405_539_HLLNCDSX3_4_2354_31494_20306_1_293_+_9fc4ba7df13b38a1122bbfdc70b1bfa7,MFZ5744581.1,63.918,97,35,0,1,291,91,187,4.11e-35,134,76.29,1,0
A00405_539_HLLNCDSX3_4_2354_31494_20306_1_293_+_9fc4ba7df13b38a1122bbfdc70b1bfa7,MBI4697191.1,65.979,97,33,0,1,291,91,187,1.88e-34,132,76.29,1,0
A00405_539_HLLNCDSX3_4_2354_31494_20306_1_293_+_9fc4ba7df13b38a1122bbfdc70b1bfa7,MGD9600634.1,62.887,97,36,0,1,291,91,187,2.50e-34,132,76.29,1,0
A00405_539_HLLNCDSX3_4_2354_31494_20306_1_293_+_9fc4ba7df13b38a1122bbfdc70b1bfa7,MBI1262729.1,64.948,97,34,0,1,291,91,187,6.09e-34,131,72.16,1,0
A00405_539_HLLNCDSX3_4_2354_31494_20306_1_293_+_9fc4ba7df13b38a1122bbfdc70b1bfa7,MCC6919380.1,65.979,97,33,0,1,291,90,186,2.86e-33,129,74.23,1,0
A00405_539_HLLNCDSX3_4_2354_31494_20306_1_293_+_9fc4ba7df13b38a1122bbfdc70b1bfa7,WP_346741856.1,62.887,97,36,0,1,291,91,187,3.18e-33,129,72.16,1,0
A00405_539_HLLNCDSX3_4_2354_31494_20306_1_293_+_9fc4ba7df13b38a1122bbfdc70b1bfa7,MDD3444150.1,59.794,97,39,0,1,291,91,187,6.21e-32,126,74.23,1,0
A00405_539_HLLNCDSX3_4_2354_31494_20306_1_293_+_9fc4ba7df13b38a1122bbfdc70b1bfa7,WP_109907376.1,58.763,97,40,0,1,291,92,188,1.84e-30,122,73.20,1,0
A00405_539_HLLNCDSX3_4_2354_31494_20306_1_293_+_9fc4ba7df13b38a1122bbfdc70b1bfa7,WP_348139197.1,56.701,97,42,0,1,291,96,192,5.29e-30,121,70.10,1,0
A00405_539_HLLNCDSX3_4_2354_31494_20306_1_293_+_9fc4ba7df13b38a1122bbfdc70b1bfa7,MCW0182519.1,59.794,97,39,0,1,291,91,187,5.94e-30,120,71.13,1,0
A00405_539_HLLNCDSX3_4_2354_31494_20306_1_293_+_9fc4ba7df13b38a1122bbfdc70b1bfa7,MDD3447144.1,55.670,97,43,0,1,291,90,186,2.43e-29,119,68.04,1,0
A00405_539_HLLNCDSX3_4_2354_31494_20306_1_293_+_9fc4ba7df13b38a1122bbfdc70b1bfa7,WP_422645062.1,59.794,97,39,0,1,291,91,187,2.49e-29,120,71.13,1,0
A00405_539_HLLNCDSX3_4_2354_31494_20306_1_293_+_9fc4ba7df13b38a1122bbfdc70b1bfa7,MEN9725743.1,56.701,97,42,0,1,291,91,187,1.71e-28,117,69.07,1,0
A00405_539_HLLNCDSX3_4_2354_31494_20306_1_293_+_9fc4ba7df13b38a1122bbfdc70b1bfa7,WP_373065889.1,52.577,97,46,0,1,291,91,187,5.56e-28,115,68.04,1,0
A00405_539_HLLNCDSX3_4_2354_31494_20306_1_293_+_9fc4ba7df13b38a1122bbfdc70b1bfa7,MIA4588621.1,50.515,97,48,0,1,291,91,187,2.04e-27,114,70.10,1,0
A00405_539_HLLNCDSX3_4_2354_31494_20306_1_293_+_9fc4ba7df13b38a1122bbfdc70b1bfa7,WP_109923047.1,53.608,97,45,0,1,291,91,187,2.36e-27,114,67.01,1,0
A00405_539_HLLNCDSX3_4_2354_31494_20306_1_293_+_9fc4ba7df13b38a1122bbfdc70b1bfa7,MIK9314922.1,54.639,97,44,0,1,291,91,187,2.83e-26,111,67.01,1,0
A00405_539_HLLNCDSX3_4_2354_31494_20306_1_293_+_9fc4ba7df13b38a1122bbfdc70b1bfa7,MHS3020330.1,52.577,97,46,0,1,291,90,186,4.64e-26,110,67.01,1,0
A00405_539_HLLNCDSX3_4_2354_31494_20306_1_293_+_9fc4ba7df13b38a1122bbfdc70b1bfa7,MEZ5481849.1,50.515,97,48,0,1,291,10,106,1.27e-25,108,67.01,1,0
A00405_539_HLLNCDSX3_4_2354_31494_20306_1_293_+_9fc4ba7df13b38a1122bbfdc70b1bfa7,MEY2921003.1,51.546,97,47,0,1,291,91,187,1.59e-25,108,68.04,1,0
A00405_539_HLLNCDSX3_4_2354_31494_20306_1_293_+_9fc4ba7df13b38a1122bbfdc70b1bfa7,MCB1666768.1,50.515,97,48,0,1,291,91,187,3.51e-25,108,67.01,1,0
A00405_539_HLLNCDSX3_4_2354_31494_20306_1_293_+_9fc4ba7df13b38a1122bbfdc70b1bfa7,HEX9208462.1,48.454,97,50,0,1,291,91,187,6.11e-25,107,67.01,1,0
A00405_539_HLLNCDSX3_4_2354_31494_20306_1_293_+_9fc4ba7df13b38a1122bbfdc70b1bfa7,MCB1667532.1,49.485,97,49,0,1,291,90,186,5.02e-24,105,64.95,1,0
A00405_539_HLLNCDSX3_4_2354_31494_20306_1_293_+_9fc4ba7df13b38a1122bbfdc70b1bfa7,MCE8000029.1,54.639,97,44,0,1,291,89,185,1.23e-23,103,68.04,1,0
A00405_539_HLLNCDSX3_4_2354_31494_20306_1_293_+_9fc4ba7df13b38a1122bbfdc70b1bfa7,MEP1144196.1,49.485,97,49,0,1,291,95,191,1.01e-22,101,64.95,1,0
A00405_539_HLLNCDSX3_4_2354_31494_20306_1_293_+_9fc4ba7df13b38a1122bbfdc70b1bfa7,MDO9249483.1,44.792,96,53,0,4,291,89,184,1.02e-22,97.8,65.62,1,0
A00405_539_HLLNCDSX3_4_2354_31494_20306_1_293_+_9fc4ba7df13b38a1122bbfdc70b1bfa7,MBI2801580.1,53.608,97,45,0,1,291,89,185,1.36e-22,101,60.82,1,0
A00405_539_HLLNCDSX3_4_2354_31494_20306_1_293_+_9fc4ba7df13b38a1122bbfdc70b1bfa7,MHD8656130.1,47.917,96,50,0,4,291,89,184,2.10e-22,100,66.67,1,0
A00405_539_HLLNCDSX3_4_2354_31494_20306_1_293_+_9fc4ba7df13b38a1122bbfdc70b1bfa7,MDH4381770.1,54.639,97,44,0,1,291,89,185,5.44e-22,99.4,59.79,1,0
A00405_539_HLLNCDSX3_4_2354_31494_20306_1_293_+_9fc4ba7df13b38a1122bbfdc70b1bfa7,WP_301029293.1,45.361,97,53,0,1,291,91,187,5.45e-22,99.8,67.01,1,0
A00405_539_HLLNCDSX3_4_2354_31494_20306_1_293_+_9fc4ba7df13b38a1122bbfdc70b1bfa7,WP_166572778.1,45.833,96,52,0,4,291,90,185,6.02e-22,99.4,66.67,1,0
A00405_539_HLLNCDSX3_4_2354_31494_20306_1_293_+_9fc4ba7df13b38a1122bbfdc70b1bfa7,MAN64394.1,46.875,96,51,0,4,291,89,184,7.47e-22,99.0,64.58,1,0
A00405_539_HLLNCDSX3_4_2354_31494_20306_1_293_+_9fc4ba7df13b38a1122bbfdc70b1bfa7,HYW03382.1,46.392,97,52,0,1,291,88,184,7.65e-22,99.0,67.01,1,0
A00405_539_HLLNCDSX3_4_2354_31494_20306_1_293_+_9fc4ba7df13b38a1122bbfdc70b1bfa7,MGR8919538.1,51.546,97,47,0,1,291,89,185,8.25e-22,99.0,63.92,1,0
A00405_539_HLLNCDSX3_4_2354_31494_20306_1_293_+_9fc4ba7df13b38a1122bbfdc70b1bfa7,MBX9728747.1,46.392,97,52,0,1,291,90,186,1.17e-21,98.6,68.04,1,0
A00405_539_HLLNCDSX3_4_2354_31494_20306_1_293_+_9fc4ba7df13b38a1122bbfdc70b1bfa7,WP_254834601.1,46.875,96,51,0,4,291,89,184,1.35e-21,98.6,66.67,1,0
A00405_539_HLLNCDSX3_4_2354_31494_20306_1_293_+_9fc4ba7df13b38a1122bbfdc70b1bfa7,MCP5180531.1,47.423,97,51,0,1,291,88,184,1.55e-21,98.2,65.98,1,0
A00405_539_HLLNCDSX3_4_2354_31494_20306_1_293_+_9fc4ba7df13b38a1122bbfdc70b1bfa7,MHS3019720.1,47.423,97,51,0,1,291,93,189,1.74e-21,95.5,61.86,1,0
A00405_539_HLLNCDSX3_4_2354_31494_20306_1_293_+_9fc4ba7df13b38a1122bbfdc70b1bfa7,MCA8898737.1,45.833,96,52,0,4,291,89,184,1.79e-21,98.2,64.58,1,0
A00405_539_HLLNCDSX3_4_2354_31494_20306_1_293_+_9fc4ba7df13b38a1122bbfdc70b1bfa7,EPZ16285.1,48.454,97,49,1,1,291,91,186,1.87e-21,98.2,62.89,1,0
A00405_539_HLLNCDSX3_4_2354_31494_20306_1_293_+_9fc4ba7df13b38a1122bbfdc70b1bfa7,MES2343183.1,43.750,96,54,0,4,291,89,184,2.10e-21,96.3,65.62,1,0
A00405_539_HLLNCDSX3_4_2354_31494_20306_1_293_+_9fc4ba7df13b38a1122bbfdc70b1bfa7,WP_225010399.1,48.454,97,50,0,1,291,88,184,2.13e-21,97.8,69.07,1,0
A00405_539_HLLNCDSX3_4_2354_31494_20306_1_293_+_9fc4ba7df13b38a1122bbfdc70b1bfa7,WP_424433985.1,47.423,97,51,0,1,291,86,182,2.30e-21,97.8,63.92,1,0
A00405_539_HLLNCDSX3_4_2354_31494_20306_1_293_+_9fc4ba7df13b38a1122bbfdc70b1bfa7,MEZ5968494.1,45.833,96,52,0,4,291,89,184,2.37e-21,97.1,64.58,1,0
A00405_539_HLLNCDSX3_4_2354_31494_20306_1_293_+_9fc4ba7df13b38a1122bbfdc70b1bfa7,MFN8947117.1,44.211,95,53,0,7,291,92,186,2.77e-21,97.4,64.21,1,0
A00405_539_HLLNCDSX3_4_2354_31494_20306_1_293_+_9fc4ba7df13b38a1122bbfdc70b1bfa7,MDN5940005.1,46.392,97,52,0,1,291,93,189,2.80e-21,95.5,62.89,1,0
A00405_539_HLLNCDSX3_4_2354_31494_20306_1_293_+_9fc4ba7df13b38a1122bbfdc70b1bfa7,WP_135245129.1,46.392,97,52,0,1,291,88,184,3.01e-21,97.4,68.04,1,0
A00405_539_HLLNCDSX3_4_2354_31494_20306_1_293_+_9fc4ba7df13b38a1122bbfdc70b1bfa7,MDD3800196.1,46.392,97,52,0,1,291,122,218,3.78e-21,97.4,62.89,1,0
A00405_539_HLLNCDSX3_4_2354_31494_20306_1_293_+_9fc4ba7df13b38a1122bbfdc70b1bfa7,MEY3260099.1,45.833,96,52,0,4,291,44,139,3.94e-21,96.7,65.62,1,0
A00405_539_HLLNCDSX3_4_2354_31494_20306_1_293_+_9fc4ba7df13b38a1122bbfdc70b1bfa7,MCK5910495.1,43.750,96,54,0,4,291,89,184,4.03e-21,93.2,63.54,1,0
A00405_539_HLLNCDSX3_4_2354_31494_20306_1_293_+_9fc4ba7df13b38a1122bbfdc70b1bfa7,MBR9913007.1,48.454,97,50,0,1,291,90,186,4.06e-21,97.1,62.89,1,0
A00405_539_HLLNCDSX3_4_2354_31494_20306_1_293_+_9fc4ba7df13b38a1122bbfdc70b1bfa7,HEY7852204.1,43.299,97,55,0,1,291,92,188,4.34e-21,93.2,61.86,1,0
A00405_539_HLLNCDSX3_4_2354_31494_20306_1_293_+_9fc4ba7df13b38a1122bbfdc70b1bfa7,MGQ3058673.1,47.423,97,51,0,1,291,93,189,4.80e-21,95.9,62.89,1,0
A00405_539_HLLNCDSX3_4_2354_31494_20306_1_293_+_9fc4ba7df13b38a1122bbfdc70b1bfa7,HEX6860379.1,45.361,97,53,0,1,291,91,187,4.97e-21,97.1,64.95,1,0
A00405_539_HLLNCDSX3_4_2354_31494_20306_1_293_+_9fc4ba7df13b38a1122bbfdc70b1bfa7,PCJ72190.1,45.833,96,52,0,4,291,89,184,5.09e-21,97.1,63.54,1,0
A00405_539_HLLNCDSX3_4_2354_31494_20306_1_293_+_9fc4ba7df13b38a1122bbfdc70b1bfa7,PKO90586.1,46.392,97,52,0,1,291,91,187,5.57e-21,96.7,62.89,1,0
A00405_539_HLLNCDSX3_4_2354_31494_20306_1_293_+_9fc4ba7df13b38a1122bbfdc70b1bfa7,MBP9754099.1,44.792,96,53,0,4,291,89,184,5.58e-21,95.9,66.67,1,0
A00405_539_HLLNCDSX3_4_2354_31494_20306_1_293_+_9fc4ba7df13b38a1122bbfdc70b1bfa7,MFY8142431.1,43.750,96,54,0,4,291,89,184,6.02e-21,94.4,63.54,1,0
A00405_539_HLLNCDSX3_4_2354_31494_20306_1_293_+_9fc4ba7df13b38a1122bbfdc70b1bfa7,WP_377375206.1,48.454,97,50,0,1,291,88,184,6.29e-21,96.7,64.95,1,0
A00405_539_HLLNCDSX3_4_2354_31494_20306_1_293_+_9fc4ba7df13b38a1122bbfdc70b1bfa7,WP_144178521.1,43.299,97,55,0,1,291,91,187,6.49e-21,96.7,62.89,1,0
A00405_539_HLLNCDSX3_4_2354_31494_20306_1_293_+_9fc4ba7df13b38a1122bbfdc70b1bfa7,MCA3720558.1,43.750,96,54,0,4,291,106,201,7.11e-21,94.0,63.54,1,0
A00405_539_HLLNCDSX3_4_2354_31494_20306_1_293_+_9fc4ba7df13b38a1122bbfdc70b1bfa7,MBV1886067.1,45.361,97,53,0,1,291,88,184,8.80e-21,93.6,67.01,1,0
A00405_539_HLLNCDSX3_4_2354_31494_20306_1_293_+_9fc4ba7df13b38a1122bbfdc70b1bfa7,MCR9277167.1,45.263,95,52,0,7,291,97,191,9.06e-21,96.3,65.26,1,0
A00405_539_HLLNCDSX3_4_2354_31494_20306_1_293_+_9fc4ba7df13b38a1122bbfdc70b1bfa7,MGE5567046.1,43.299,97,55,0,1,291,91,187,9.69e-21,96.3,63.92,1,0
A00405_539_HLLNCDSX3_4_2354_31494_20306_1_293_+_9fc4ba7df13b38a1122bbfdc70b1bfa7,MDZ4776548.1,44.792,96,53,0,4,291,88,183,9.75e-21,95.9,64.58,1,0
A00405_539_HLLNCDSX3_4_2354_31494_20306_1_293_+_9fc4ba7df13b38a1122bbfdc70b1bfa7,MHE2444297.1,43.750,96,54,0,4,291,89,184,9.89e-21,95.9,64.58,1,0
A00405_539_HLLNCDSX3_4_2354_31494_20306_1_293_+_9fc4ba7df13b38a1122bbfdc70b1bfa7,MEQ9143672.1,45.833,96,52,0,4,291,93,188,1.06e-20,95.9,63.54,1,0
A00405_539_HLLNCDSX3_4_2354_31494_20306_1_293_+_9fc4ba7df13b38a1122bbfdc70b1bfa7,WP_168448419.1,45.361,97,53,0,1,291,96,192,1.08e-20,95.9,63.92,1,0
A00405_539_HLLNCDSX3_4_2354_31494_20306_1_293_+_9fc4ba7df13b38a1122bbfdc70b1bfa7,MHN4150761.1,46.392,97,52,0,1,291,88,184,1.11e-20,95.9,67.01,1,0
A00405_539_HLLNCDSX3_4_2354_31494_20306_1_293_+_9fc4ba7df13b38a1122bbfdc70b1bfa7,WP_331502842.1,46.392,97,52,0,1,291,92,188,1.13e-20,95.9,61.86,1,0
A00405_539_HLLNCDSX3_4_2354_31494_20306_1_293_+_9fc4ba7df13b38a1122bbfdc70b1bfa7,MBL9010132.1,46.875,96,51,0,4,291,88,183,1.17e-20,95.9,64.58,1,0
A00405_539_HLLNCDSX3_4_2354_31494_20306_1_293_+_9fc4ba7df13b38a1122bbfdc70b1bfa7,WP_439638984.1,47.423,97,51,0,1,291,93,189,1.19e-20,95.9,62.89,1,0
A00405_539_HLLNCDSX3_4_2354_31494_20306_1_293_+_9fc4ba7df13b38a1122bbfdc70b1bfa7,WP_170253578.1,43.299,97,55,0,1,291,93,189,1.20e-20,95.9,65.98,1,0
A00405_539_HLLNCDSX3_4_2354_31494_20306_1_293_+_9fc4ba7df13b38a1122bbfdc70b1bfa7,WP_264422908.1,48.421,95,49,0,7,291,89,183,1.24e-20,95.9,67.37,1,0
A00405_539_HLLNCDSX3_4_2354_31494_20306_1_293_+_9fc4ba7df13b38a1122bbfdc70b1bfa7,MEJ0046481.1,47.917,96,50,0,4,291,89,184,1.32e-20,95.9,64.58,1,0
A00405_539_HLLNCDSX3_4_2354_31494_20306_1_293_+_9fc4ba7df13b38a1122bbfdc70b1bfa7,HEX6866626.1,43.299,97,55,0,1,291,90,186,1.36e-20,95.9,63.92,1,0
A00405_539_HLLNCDSX3_4_2354_31494_20306_1_293_+_9fc4ba7df13b38a1122bbfdc70b1bfa7,MHF8985877.1,42.268,97,55,1,1,291,93,188,1.42e-20,94.0,69.07,1,0
A00405_539_HLLNCDSX3_4_2354_31494_20306_1_293_+_9fc4ba7df13b38a1122bbfdc70b1bfa7,MDB5480041.1,43.299,97,55,0,1,291,88,184,1.51e-20,95.5,64.95,1,0
A00405_539_HLLNCDSX3_4_2354_31494_20306_1_293_+_9fc4ba7df13b38a1122bbfdc70b1bfa7,MBI1331118.1,44.330,97,54,0,1,291,88,184,1.66e-20,95.5,64.95,1,0
A00405_539_HLLNCDSX3_4_2354_31494_20306_1_293_+_9fc4ba7df13b38a1122bbfdc70b1bfa7,MEY4722057.1,47.368,95,50,0,7,291,99,193,1.71e-20,95.5,64.21,1,0
A00405_539_HLLNCDSX3_4_2354_31494_20306_1_293_+_9fc4ba7df13b38a1122bbfdc70b1bfa7,WP_293518738.1,43.750,96,54,0,4,291,88,183,1.81e-20,93.6,62.50,1,0
A00405_539_HLLNCDSX3_4_2354_31494_20306_1_293_+_9fc4ba7df13b38a1122bbfdc70b1bfa7,MEQ9146500.1,49.485,97,49,0,1,291,89,185,1.83e-20,95.5,61.86,1,0
A00405_539_HLLNCDSX3_4_2354_31494_20306_1_293_+_9fc4ba7df13b38a1122bbfdc70b1bfa7,MEQ1865017.1,44.211,95,53,0,7,291,92,186,2.17e-20,95.1,63.16,1,0
A00405_539_HLLNCDSX3_4_2354_31494_20306_1_293_+_9fc4ba7df13b38a1122bbfdc70b1bfa7,MEE4382831.1,45.263,95,52,0,7,291,91,185,2.23e-20,95.1,64.21,1,0
A00405_539_HLLNCDSX3_4_2354_31494_20306_1_293_+_9fc4ba7df13b38a1122bbfdc70b1bfa7,MBK8959746.1,50.515,97,48,0,1,291,89,185,2.29e-20,95.1,63.92,1,0
A00405_539_HLLNCDSX3_4_2354_31494_20306_1_293_+_9fc4ba7df13b38a1122bbfdc70b1bfa7,MDO9222595.1,43.299,97,55,0,1,291,39,135,2.33e-20,94.7,64.95,1,0
A00405_539_HLLNCDSX3_4_2354_31494_20306_1_293_+_9fc4ba7df13b38a1122bbfdc70b1bfa7,MEP6968276.1,43.750,96,54,0,4,291,89,184,2.42e-20,95.1,65.62,1,0
A00405_539_HLLNCDSX3_4_2354_31494_20306_1_293_+_9fc4ba7df13b38a1122bbfdc70b1bfa7,MGR9091401.1,49.485,97,49,0,1,291,89,185,2.43e-20,95.1,62.89,1,0
A00405_539_HLLNCDSX3_4_2354_31494_20306_1_293_+_9fc4ba7df13b38a1122bbfdc70b1bfa7,WP_085340364.1,41.237,97,57,0,1,291,92,188,2.55e-20,95.1,65.98,1,0
A00405_539_HLLNCDSX3_4_2354_31494_20306_1_293_+_9fc4ba7df13b38a1122bbfdc70b1bfa7,MIA1291124.1,44.211,95,53,0,7,291,91,185,2.82e-20,94.7,64.21,1,0
A00405_539_HLLNCDSX3_4_2354_31494_20306_1_293_+_9fc4ba7df13b38a1122bbfdc70b1bfa7,HQR91577.1,42.708,96,55,0,4,291,89,184,2.96e-20,91.3,63.54,1,0
A00405_539_HLLNCDSX3_4_2354_31494_20306_1_293_+_9fc4ba7df13b38a1122bbfdc70b1bfa7,MCC6917689.1,46.392,97,52,0,1,291,87,183,3.22e-20,94.7,62.89,1,0
A00405_539_HLLNCDSX3_4_2354_31494_20306_1_293_+_9fc4ba7df13b38a1122bbfdc70b1bfa7,WP_304192171.1,44.792,96,53,0,4,291,89,184,4.00e-20,94.4,64.58,1,0
A00405_539_HLLNCDSX3_4_2602_21052_24111_1_292_-_bd1b328e4ee7029fea4cbb06536b8f36,WP_298602577.1,98.765,81,1,0,1,243,94,174,1.79e-50,172,100.00,1,0
A00405_539_HLLNCDSX3_4_2602_21052_24111_1_292_-_bd1b328e4ee7029fea4cbb06536b8f36,HMT44518.1,95.062,81,4,0,1,243,184,264,1.76e-47,167,97.53,1,0
A00405_539_HLLNCDSX3_4_2602_21052_24111_1_292_-_bd1b328e4ee7029fea4cbb06536b8f36,WP_324336981.1,96.296,81,3,0,1,243,184,264,3.15e-47,166,97.53,1,0
A00405_539_HLLNCDSX3_4_2602_21052_24111_1_292_-_bd1b328e4ee7029fea4cbb06536b8f36,WP_374527600.1,91.358,81,7,0,1,243,187,267,2.74e-46,164,97.53,1,0
A00405_539_HLLNCDSX3_4_2602_21052_24111_1_292_-_bd1b328e4ee7029fea4cbb06536b8f36,MBK8629099.1,91.358,81,7,0,1,243,184,264,6.66e-46,162,96.30,1,0
A00405_539_HLLNCDSX3_4_2602_21052_24111_1_292_-_bd1b328e4ee7029fea4cbb06536b8f36,WP_169945274.1,80.247,81,16,0,1,243,192,272,8.68e-41,149,95.06,1,0
A00405_539_HLLNCDSX3_4_2602_21052_24111_1_292_-_bd1b328e4ee7029fea4cbb06536b8f36,MFZ5744581.1,77.778,81,18,0,1,243,184,264,5.37e-38,142,91.36,1,0
A00405_539_HLLNCDSX3_4_2602_21052_24111_1_292_-_bd1b328e4ee7029fea4cbb06536b8f36,MBI4697191.1,79.012,81,17,0,1,243,184,264,4.81e-37,139,90.12,1,0
A00405_539_HLLNCDSX3_4_2602_21052_24111_1_292_-_bd1b328e4ee7029fea4cbb06536b8f36,MFO1238407.1,74.074,81,21,0,1,243,184,264,7.33e-35,134,86.42,1,0
A00405_539_HLLNCDSX3_4_2602_21052_24111_1_292_-_bd1b328e4ee7029fea4cbb06536b8f36,MCW0182519.1,75.309,81,20,0,1,243,184,264,4.71e-34,131,86.42,1,0
A00405_539_HLLNCDSX3_4_2602_21052_24111_1_292_-_bd1b328e4ee7029fea4cbb06536b8f36,MBI1262729.1,72.840,81,22,0,1,243,184,264,5.49e-34,131,85.19,1,0
A00405_539_HLLNCDSX3_4_2602_21052_24111_1_292_-_bd1b328e4ee7029fea4cbb06536b8f36,MCC6919380.1,74.074,81,21,0,1,243,183,263,7.49e-34,131,86.42,1,0
A00405_539_HLLNCDSX3_4_2602_21052_24111_1_292_-_bd1b328e4ee7029fea4cbb06536b8f36,WP_109907376.1,75.309,81,20,0,1,243,185,265,1.11e-33,130,85.19,1,0
A00405_539_HLLNCDSX3_4_2602_21052_24111_1_292_-_bd1b328e4ee7029fea4cbb06536b8f36,SEQ47983.1,70.370,81,24,0,1,243,184,264,8.04e-33,128,81.48,1,0
A00405_539_HLLNCDSX3_4_2602_21052_24111_1_292_-_bd1b328e4ee7029fea4cbb06536b8f36,MGD9600634.1,70.370,81,24,0,1,243,184,264,2.05e-32,127,83.95,1,0
A00405_539_HLLNCDSX3_4_2602_21052_24111_1_292_-_bd1b328e4ee7029fea4cbb06536b8f36,HEX9208462.1,66.667,81,27,0,1,243,184,264,1.04e-31,125,85.19,1,0
A00405_539_HLLNCDSX3_4_2602_21052_24111_1_292_-_bd1b328e4ee7029fea4cbb06536b8f36,MIA4588621.1,65.432,81,28,0,1,243,184,264,2.64e-31,124,86.42,1,0
A00405_539_HLLNCDSX3_4_2602_21052_24111_1_292_-_bd1b328e4ee7029fea4cbb06536b8f36,MCB1667532.1,65.432,81,28,0,1,243,183,263,2.66e-31,124,82.72,1,0
A00405_539_HLLNCDSX3_4_2602_21052_24111_1_292_-_bd1b328e4ee7029fea4cbb06536b8f36,MDD3444150.1,69.136,81,25,0,1,243,184,264,2.73e-31,124,82.72,1,0
A00405_539_HLLNCDSX3_4_2602_21052_24111_1_292_-_bd1b328e4ee7029fea4cbb06536b8f36,PKO90586.1,64.198,81,29,0,1,243,184,264,1.08e-30,122,82.72,1,0
A00405_539_HLLNCDSX3_4_2602_21052_24111_1_292_-_bd1b328e4ee7029fea4cbb06536b8f36,WP_109923047.1,67.901,81,26,0,1,243,184,264,4.22e-30,121,81.48,1,0
A00405_539_HLLNCDSX3_4_2602_21052_24111_1_292_-_bd1b328e4ee7029fea4cbb06536b8f36,MEY2921003.1,64.198,81,29,0,1,243,184,264,5.37e-30,120,83.95,1,0
A00405_539_HLLNCDSX3_4_2602_21052_24111_1_292_-_bd1b328e4ee7029fea4cbb06536b8f36,MEZ5481849.1,60.494,81,32,0,1,243,103,183,7.17e-30,119,82.72,1,0
A00405_539_HLLNCDSX3_4_2602_21052_24111_1_292_-_bd1b328e4ee7029fea4cbb06536b8f36,MGQ3058673.1,65.432,81,28,0,1,243,186,266,1.04e-29,119,77.78,1,0
A00405_539_HLLNCDSX3_4_2602_21052_24111_1_292_-_bd1b328e4ee7029fea4cbb06536b8f36,WP_373065889.1,66.667,81,27,0,1,243,184,264,2.27e-29,119,82.72,1,0
A00405_539_HLLNCDSX3_4_2602_21052_24111_1_292_-_bd1b328e4ee7029fea4cbb06536b8f36,MCB1666768.1,60.494,81,32,0,1,243,184,264,2.73e-29,119,82.72,1,0
A00405_539_HLLNCDSX3_4_2602_21052_24111_1_292_-_bd1b328e4ee7029fea4cbb06536b8f36,WP_422645062.1,72.840,81,18,1,1,243,184,260,2.87e-29,119,81.48,1,0
A00405_539_HLLNCDSX3_4_2602_21052_24111_1_292_-_bd1b328e4ee7029fea4cbb06536b8f36,WP_439638984.1,65.432,81,28,0,1,243,186,266,9.21e-29,117,77.78,1,0
A00405_539_HLLNCDSX3_4_2602_21052_24111_1_292_-_bd1b328e4ee7029fea4cbb06536b8f36,MBR9913007.1,61.728,81,31,0,1,243,183,263,1.58e-28,117,79.01,1,0
A00405_539_HLLNCDSX3_4_2602_21052_24111_1_292_-_bd1b328e4ee7029fea4cbb06536b8f36,WP_346741856.1,64.198,81,29,0,1,243,184,264,2.36e-28,116,81.48,1,0
A00405_539_HLLNCDSX3_4_2602_21052_24111_1_292_-_bd1b328e4ee7029fea4cbb06536b8f36,EPZ16285.1,64.198,81,29,0,1,243,183,263,2.79e-28,116,77.78,1,0
A00405_539_HLLNCDSX3_4_2602_21052_24111_1_292_-_bd1b328e4ee7029fea4cbb06536b8f36,MCK9285212.1,64.198,81,29,0,1,243,183,263,3.21e-28,116,77.78,1,0
A00405_539_HLLNCDSX3_4_2602_21052_24111_1_292_-_bd1b328e4ee7029fea4cbb06536b8f36,MCB1667965.1,62.963,81,30,0,1,243,183,263,3.36e-28,116,76.54,1,0
A00405_539_HLLNCDSX3_4_2602_21052_24111_1_292_-_bd1b328e4ee7029fea4cbb06536b8f36,MBI4693925.1,62.963,81,30,0,1,243,184,264,5.98e-28,115,79.01,1,0
A00405_539_HLLNCDSX3_4_2602_21052_24111_1_292_-_bd1b328e4ee7029fea4cbb06536b8f36,MDN5940005.1,58.025,81,34,0,1,243,186,266,1.30e-27,112,77.78,1,0
A00405_539_HLLNCDSX3_4_2602_21052_24111_1_292_-_bd1b328e4ee7029fea4cbb06536b8f36,MIK9314922.1,61.728,81,31,0,1,243,184,264,1.75e-27,114,79.01,1,0
A00405_539_HLLNCDSX3_4_2602_21052_24111_1_292_-_bd1b328e4ee7029fea4cbb06536b8f36,MEN9725743.1,62.963,81,30,0,1,243,184,264,1.77e-27,114,79.01,1,0
A00405_539_HLLNCDSX3_4_2602_21052_24111_1_292_-_bd1b328e4ee7029fea4cbb06536b8f36,MDD3447144.1,60.494,81,32,0,1,243,183,263,1.86e-27,114,79.01,1,0
A00405_539_HLLNCDSX3_4_2602_21052_24111_1_292_-_bd1b328e4ee7029fea4cbb06536b8f36,MHS3020330.1,59.259,81,33,0,1,243,183,263,2.54e-27,114,77.78,1,0
A00405_539_HLLNCDSX3_4_2602_21052_24111_1_292_-_bd1b328e4ee7029fea4cbb06536b8f36,WP_295681804.1,62.963,81,30,0,1,243,169,249,4.52e-27,113,75.31,1,0
A00405_539_HLLNCDSX3_4_2602_21052_24111_1_292_-_bd1b328e4ee7029fea4cbb06536b8f36,WP_162851264.1,59.259,81,33,0,1,243,186,266,1.28e-26,112,75.31,1,0
A00405_539_HLLNCDSX3_4_2602_21052_24111_1_292_-_bd1b328e4ee7029fea4cbb06536b8f36,MDD3800196.1,58.025,81,34,0,1,243,215,295,1.38e-26,112,81.48,1,0
A00405_539_HLLNCDSX3_4_2602_21052_24111_1_292_-_bd1b328e4ee7029fea4cbb06536b8f36,MDN5874477.1,58.228,79,33,0,1,237,81,159,1.46e-26,110,75.95,1,0
A00405_539_HLLNCDSX3_4_2602_21052_24111_1_292_-_bd1b328e4ee7029fea4cbb06536b8f36,TAM13052.1,58.025,81,34,0,1,243,185,265,8.06e-26,110,75.31,1,0
A00405_539_HLLNCDSX3_4_2602_21052_24111_1_292_-_bd1b328e4ee7029fea4cbb06536b8f36,MBI2801580.1,59.259,81,33,0,1,243,182,262,1.09e-25,109,77.78,1,0
A00405_539_HLLNCDSX3_4_2602_21052_24111_1_292_-_bd1b328e4ee7029fea4cbb06536b8f36,WP_144178521.1,59.259,81,33,0,1,243,184,264,1.27e-25,109,79.01,1,0
A00405_539_HLLNCDSX3_4_2602_21052_24111_1_292_-_bd1b328e4ee7029fea4cbb06536b8f36,MEM7542827.1,62.025,79,30,0,1,237,187,265,1.71e-25,108,77.22,1,0
A00405_539_HLLNCDSX3_4_2602_21052_24111_1_292_-_bd1b328e4ee7029fea4cbb06536b8f36,WP_301029293.1,55.556,81,36,0,1,243,184,264,1.80e-25,108,79.01,1,0
A00405_539_HLLNCDSX3_4_2602_21052_24111_1_292_-_bd1b328e4ee7029fea4cbb06536b8f36,WP_454858945.1,58.025,81,34,0,1,243,186,266,2.42e-25,108,75.31,1,0
A00405_539_HLLNCDSX3_4_2602_21052_24111_1_292_-_bd1b328e4ee7029fea4cbb06536b8f36,HEX5805616.1,56.790,81,35,0,1,243,186,266,3.77e-25,108,75.31,1,0
A00405_539_HLLNCDSX3_4_2602_21052_24111_1_292_-_bd1b328e4ee7029fea4cbb06536b8f36,WP_348139197.1,56.962,79,34,0,1,237,189,267,4.72e-25,107,78.48,1,0
A00405_539_HLLNCDSX3_4_2602_21052_24111_1_292_-_bd1b328e4ee7029fea4cbb06536b8f36,MBX9604994.1,56.790,81,35,0,1,243,182,262,7.14e-25,107,79.01,1,0
A00405_539_HLLNCDSX3_4_2602_21052_24111_1_292_-_bd1b328e4ee7029fea4cbb06536b8f36,MDY0046115.1,58.025,81,34,0,1,243,183,263,8.22e-25,107,74.07,1,0
A00405_539_HLLNCDSX3_4_2602_21052_24111_1_292_-_bd1b328e4ee7029fea4cbb06536b8f36,MDH4381770.1,58.025,81,34,0,1,243,182,262,8.86e-25,107,75.31,1,0
A00405_539_HLLNCDSX3_4_2602_21052_24111_1_292_-_bd1b328e4ee7029fea4cbb06536b8f36,WP_170253578.1,56.790,81,35,0,1,243,186,266,1.90e-24,106,75.31,1,0
A00405_539_HLLNCDSX3_4_2602_21052_24111_1_292_-_bd1b328e4ee7029fea4cbb06536b8f36,MEQ8231659.1,56.962,79,34,0,1,237,182,260,6.79e-24,104,78.48,1,0
A00405_539_HLLNCDSX3_4_2602_21052_24111_1_292_-_bd1b328e4ee7029fea4cbb06536b8f36,MEQ9146500.1,58.228,79,33,0,1,237,182,260,7.85e-24,104,75.95,1,0
A00405_539_HLLNCDSX3_4_2602_21052_24111_1_292_-_bd1b328e4ee7029fea4cbb06536b8f36,WP_090063125.1,55.556,81,36,0,1,243,185,265,1.30e-23,103,74.07,1,0
A00405_539_HLLNCDSX3_4_2602_21052_24111_1_292_-_bd1b328e4ee7029fea4cbb06536b8f36,MGR8919538.1,56.962,79,34,0,1,237,182,260,1.57e-23,103,73.42,1,0
A00405_539_HLLNCDSX3_4_2602_21052_24111_1_292_-_bd1b328e4ee7029fea4cbb06536b8f36,MEM7467778.1,56.790,81,35,0,1,243,182,262,2.70e-23,103,74.07,1,0
A00405_539_HLLNCDSX3_4_2602_21052_24111_1_292_-_bd1b328e4ee7029fea4cbb06536b8f36,MBK8959746.1,53.165,79,37,0,1,237,182,260,6.05e-23,102,81.01,1,0
A00405_539_HLLNCDSX3_4_2602_21052_24111_1_292_-_bd1b328e4ee7029fea4cbb06536b8f36,MCB1746391.1,58.228,79,33,0,1,237,182,260,6.47e-23,102,75.95,1,0
A00405_539_HLLNCDSX3_4_2602_21052_24111_1_292_-_bd1b328e4ee7029fea4cbb06536b8f36,WP_054538361.1,51.852,81,39,0,1,243,186,266,3.66e-22,100,72.84,1,0
A00405_539_HLLNCDSX3_4_2602_21052_24111_1_292_-_bd1b328e4ee7029fea4cbb06536b8f36,MGR8946512.1,56.962,79,34,0,1,237,182,260,4.45e-22,99.8,72.15,1,0
A00405_539_HLLNCDSX3_4_2602_21052_24111_1_292_-_bd1b328e4ee7029fea4cbb06536b8f36,MEQ8663278.1,54.430,79,36,0,1,237,182,260,9.34e-22,97.8,73.42,1,0
A00405_539_HLLNCDSX3_4_2602_21052_24111_1_292_-_bd1b328e4ee7029fea4cbb06536b8f36,MEE4145184.1,54.430,79,36,0,1,237,58,136,1.59e-21,96.7,70.89,1,0
A00405_539_HLLNCDSX3_4_2602_21052_24111_1_292_-_bd1b328e4ee7029fea4cbb06536b8f36,MIB1773040.1,55.696,79,35,0,1,237,182,260,2.37e-21,97.8,70.89,1,0
A00405_539_HLLNCDSX3_4_2602_21052_24111_1_292_-_bd1b328e4ee7029fea4cbb06536b8f36,MCE8000029.1,53.086,81,38,0,1,243,182,262,8.68e-21,96.3,72.84,1,0
A00405_539_HLLNCDSX3_4_2602_21052_24111_1_292_-_bd1b328e4ee7029fea4cbb06536b8f36,MHS3021540.1,61.194,67,26,0,43,243,1,67,1.16e-20,92.8,77.61,1,0
A00405_539_HLLNCDSX3_4_2602_21052_24111_1_292_-_bd1b328e4ee7029fea4cbb06536b8f36,MGB1880389.1,54.430,79,36,0,1,237,182,260,3.86e-20,94.4,74.68,1,0
A00405_539_HLLNCDSX3_4_2602_21052_24111_1_292_-_bd1b328e4ee7029fea4cbb06536b8f36,MGR9091401.1,54.430,79,36,0,1,237,182,260,7.17e-20,93.6,69.62,1,0
A00405_539_HLLNCDSX3_4_2602_21052_24111_1_292_-_bd1b328e4ee7029fea4cbb06536b8f36,MIA1585376.1,49.367,79,40,0,1,237,182,260,2.45e-19,92.0,70.89,1,0
A00405_539_HLLNCDSX3_4_2602_21052_24111_1_292_-_bd1b328e4ee7029fea4cbb06536b8f36,MHS3020279.1,61.905,63,24,0,55,243,1,63,8.70e-19,88.2,76.19,1,0
A00405_539_HLLNCDSX3_4_2602_21052_24111_1_292_-_bd1b328e4ee7029fea4cbb06536b8f36,MEM1140546.1,50.633,79,39,0,1,237,143,221,1.52e-18,89.7,67.09,1,0
A00405_539_HLLNCDSX3_4_2602_21052_24111_1_292_-_bd1b328e4ee7029fea4cbb06536b8f36,MHS3019515.1,62.500,56,21,0,1,168,189,244,2.77e-17,84.3,80.36,1,0
A00405_539_HLLNCDSX3_4_2602_21052_24111_1_292_-_bd1b328e4ee7029fea4cbb06536b8f36,MHS3019720.1,62.500,56,21,0,1,168,186,241,3.81e-17,84.0,80.36,1,0
A00405_539_HLLNCDSX3_4_2602_21052_24111_1_292_-_bd1b328e4ee7029fea4cbb06536b8f36,MGE0482973.1,55.696,79,35,0,1,237,182,260,9.45e-17,85.1,73.42,1,0
A00405_539_HLLNCDSX3_4_2602_21052_24111_1_292_-_bd1b328e4ee7029fea4cbb06536b8f36,MEM8562860.1,44.304,79,44,0,1,237,183,261,1.75e-16,84.3,68.35,1,0
A00405_539_HLLNCDSX3_4_2602_21052_24111_1_292_-_bd1b328e4ee7029fea4cbb06536b8f36,MEM6582006.1,41.772,79,46,0,1,237,183,261,6.07e-15,80.1,65.82,1,0
A00405_539_HLLNCDSX3_4_2602_21052_24111_1_292_-_bd1b328e4ee7029fea4cbb06536b8f36,HWA63043.1,46.914,81,43,0,1,243,181,261,1.74e-14,78.6,61.73,1,0
A00405_539_HLLNCDSX3_4_2602_21052_24111_1_292_-_bd1b328e4ee7029fea4cbb06536b8f36,MFY8142431.1,46.914,81,43,0,1,243,181,261,1.78e-14,77.4,62.96,1,0
A00405_539_HLLNCDSX3_4_2602_21052_24111_1_292_-_bd1b328e4ee7029fea4cbb06536b8f36,WP_004619423.1,48.148,81,42,0,1,243,181,261,6.48e-14,77.0,61.73,1,0
A00405_539_HLLNCDSX3_4_2602_21052_24111_1_292_-_bd1b328e4ee7029fea4cbb06536b8f36,MHE7129259.1,52.632,57,27,0,1,171,6,62,6.63e-14,71.6,71.93,1,0
A00405_539_HLLNCDSX3_4_2602_21052_24111_1_292_-_bd1b328e4ee7029fea4cbb06536b8f36,MEW6599045.1,46.914,81,43,0,1,243,181,261,1.77e-13,75.9,61.73,1,0
A00405_539_HLLNCDSX3_4_2602_21052_24111_1_292_-_bd1b328e4ee7029fea4cbb06536b8f36,MDR3508562.1,43.210,81,46,0,1,243,181,261,4.05e-13,74.7,62.96,1,0
A00405_539_HLLNCDSX3_4_2602_21052_24111_1_292_-_bd1b328e4ee7029fea4cbb06536b8f36,WP_293386994.1,43.210,81,46,0,1,243,181,261,4.34e-13,74.7,61.73,1,0
A00405_539_HLLNCDSX3_4_2602_21052_24111_1_292_-_bd1b328e4ee7029fea4cbb06536b8f36,MDO9222595.1,43.210,81,46,0,1,243,132,212,4.35e-13,74.7,65.43,1,0
A00405_539_HLLNCDSX3_4_2602_21052_24111_1_292_-_bd1b328e4ee7029fea4cbb06536b8f36,MHK4107889.1,43.210,81,46,0,1,243,180,260,5.82e-13,74.3,61.73,1,0
A00405_539_HLLNCDSX3_4_2602_21052_24111_1_292_-_bd1b328e4ee7029fea4cbb06536b8f36,WP_267251659.1,40.741,81,47,1,1,243,181,260,5.82e-13,74.3,65.43,1,0
A00405_539_HLLNCDSX3_4_2602_21052_24111_1_292_-_bd1b328e4ee7029fea4cbb06536b8f36,WP_304192171.1,44.444,81,45,0,1,243,181,261,6.25e-13,74.3,61.73,1,0
A00405_539_HLLNCDSX3_4_2602_21052_24111_1_292_-_bd1b328e4ee7029fea4cbb06536b8f36,MFN3859260.1,45.679,81,44,0,1,243,182,262,6.45e-13,74.3,61.73,1,0
A00405_539_HLLNCDSX3_4_2602_21052_24111_1_292_-_bd1b328e4ee7029fea4cbb06536b8f36,MEY3260099.1,45.679,81,44,0,1,243,136,216,7.27e-13,73.9,60.49,1,0
A00405_539_HLLNCDSX3_4_2602_21052_24111_1_292_-_bd1b328e4ee7029fea4cbb06536b8f36,MHE2444297.1,47.059,85,38,3,1,243,181,262,7.62e-13,73.9,65.88,1,0
A00405_539_HLLNCDSX3_4_2602_21052_24111_1_292_-_bd1b328e4ee7029fea4cbb06536b8f36,HAC58279.1,44.444,81,45,0,1,243,117,197,8.48e-13,73.9,60.49,1,0
A00405_539_HLLNCDSX3_4_2602_21052_24111_1_292_-_bd1b328e4ee7029fea4cbb06536b8f36,WP_409813075.1,44.444,81,45,0,1,243,180,260,8.80e-13,73.9,60.49,1,0
A00405_539_HLLNCDSX3_4_2602_21052_24111_1_292_-_bd1b328e4ee7029fea4cbb06536b8f36,WP_304734863.1,44.444,81,45,0,1,243,180,260,9.25e-13,73.9,58.02,1,0
A00405_539_HLLNCDSX3_4_2602_21052_24111_1_292_-_bd1b328e4ee7029fea4cbb06536b8f36,WP_254834601.1,46.914,81,43,0,1,243,181,261,1.11e-12,73.6,59.26,1,0
A00405_539_HLLNCDSX3_4_2602_21052_24111_1_292_-_bd1b328e4ee7029fea4cbb06536b8f36,WP_099445832.1,44.444,81,45,0,1,243,181,261,1.33e-12,73.6,60.49,1,0
A00405_539_HLLNCDSX3_4_2602_21052_24111_1_292_-_bd1b328e4ee7029fea4cbb06536b8f36,WP_160588603.1,44.444,81,45,0,1,243,188,268,1.35e-12,73.6,60.49,1,0
A00405_539_HLLNCDSX3_4_2602_21052_24111_1_292_-_bd1b328e4ee7029fea4cbb06536b8f36,MDE1173651.1,45.679,81,44,0,1,243,181,261,1.54e-12,73.2,61.73,1,0
A00405_539_HLLNCDSX3_4_2316_28330_6527_1_279_+_d0519282208358367ba6d805c3abc895,MEW6575432.1,96.739,92,3,0,1,276,83,174,1.83e-61,195,98.91,1,0
A00405_539_HLLNCDSX3_4_2316_28330_6527_1_279_+_d0519282208358367ba6d805c3abc895,WP_298603505.1,100.000,92,0,0,1,276,359,450,1.75e-60,201,100.00,1,0
A00405_539_HLLNCDSX3_4_2316_28330_6527_1_279_+_d0519282208358367ba6d805c3abc895,MEY4869710.1,92.391,92,7,0,1,276,35,126,7.68e-59,186,95.65,1,0
A00405_539_HLLNCDSX3_4_2316_28330_6527_1_279_+_d0519282208358367ba6d805c3abc895,MEQ1540552.1,86.957,92,12,0,1,276,113,204,1.04e-55,181,94.57,1,0
A00405_539_HLLNCDSX3_4_2316_28330_6527_1_279_+_d0519282208358367ba6d805c3abc895,MGL5837057.1,89.130,92,10,0,1,276,359,450,5.37e-54,184,93.48,1,0
A00405_539_HLLNCDSX3_4_2316_28330_6527_1_279_+_d0519282208358367ba6d805c3abc895,WP_482654971.1,82.609,92,16,0,1,276,20,111,1.42e-52,170,88.04,1,0
A00405_539_HLLNCDSX3_4_2316_28330_6527_1_279_+_d0519282208358367ba6d805c3abc895,WP_425232019.1,84.783,92,14,0,1,276,359,450,7.78e-52,178,90.22,1,0
A00405_539_HLLNCDSX3_4_2316_28330_6527_1_279_+_d0519282208358367ba6d805c3abc895,MEY3915219.1,81.522,92,17,0,1,276,174,265,1.85e-51,172,88.04,1,0
A00405_539_HLLNCDSX3_4_2316_28330_6527_1_279_+_d0519282208358367ba6d805c3abc895,MBJ7527235.1,80.435,92,18,0,1,276,8,99,7.88e-51,165,86.96,1,0
A00405_539_HLLNCDSX3_4_2316_28330_6527_1_279_+_d0519282208358367ba6d805c3abc895,MBJ7388533.1,81.522,92,17,0,1,276,133,224,1.25e-50,169,86.96,1,0
A00405_539_HLLNCDSX3_4_2316_28330_6527_1_279_+_d0519282208358367ba6d805c3abc895,MFZ1476419.1,82.609,92,16,0,1,276,240,331,3.16e-50,171,88.04,1,0
A00405_539_HLLNCDSX3_4_2316_28330_6527_1_279_+_d0519282208358367ba6d805c3abc895,WP_422250372.1,82.609,92,16,0,1,276,359,450,5.95e-49,171,88.04,1,0
A00405_539_HLLNCDSX3_4_2316_28330_6527_1_279_+_d0519282208358367ba6d805c3abc895,WP_483003891.1,79.348,92,19,0,1,276,283,374,8.82e-48,166,85.87,1,0
A00405_539_HLLNCDSX3_4_2316_28330_6527_1_279_+_d0519282208358367ba6d805c3abc895,MEE9434497.1,77.174,92,21,0,1,276,359,450,4.51e-47,166,85.87,1,0
A00405_539_HLLNCDSX3_4_2316_28330_6527_1_279_+_d0519282208358367ba6d805c3abc895,MGQ2929199.1,73.913,92,24,0,1,276,17,108,5.32e-46,153,82.61,1,0
A00405_539_HLLNCDSX3_4_2316_28330_6527_1_279_+_d0519282208358367ba6d805c3abc895,WP_295443300.1,78.261,92,20,0,1,276,359,450,6.61e-46,163,84.78,1,0
A00405_539_HLLNCDSX3_4_2316_28330_6527_1_279_+_d0519282208358367ba6d805c3abc895,NVD46093.1,77.174,92,21,0,1,276,362,453,6.01e-45,160,84.78,1,0
A00405_539_HLLNCDSX3_4_2316_28330_6527_1_279_+_d0519282208358367ba6d805c3abc895,WP_160354371.1,75.000,92,23,0,1,276,359,450,1.13e-44,160,81.52,1,0
A00405_539_HLLNCDSX3_4_2316_28330_6527_1_279_+_d0519282208358367ba6d805c3abc895,WP_284124277.1,73.333,90,24,0,7,276,368,457,7.67e-44,157,87.78,1,0
A00405_539_HLLNCDSX3_4_2316_28330_6527_1_279_+_d0519282208358367ba6d805c3abc895,WP_160684969.1,77.174,92,21,0,1,276,363,454,8.09e-44,157,82.61,1,0
A00405_539_HLLNCDSX3_4_2316_28330_6527_1_279_+_d0519282208358367ba6d805c3abc895,WP_198093605.1,71.739,92,26,0,1,276,362,453,1.20e-43,157,85.87,1,0
A00405_539_HLLNCDSX3_4_2316_28330_6527_1_279_+_d0519282208358367ba6d805c3abc895,RYI01057.1,72.222,90,25,0,7,276,131,220,1.67e-43,150,84.44,1,0
A00405_539_HLLNCDSX3_4_2316_28330_6527_1_279_+_d0519282208358367ba6d805c3abc895,WP_056348894.1,73.913,92,24,0,1,276,367,458,2.42e-43,156,82.61,1,0
A00405_539_HLLNCDSX3_4_2316_28330_6527_1_279_+_d0519282208358367ba6d805c3abc895,WP_169943693.1,76.087,92,22,0,1,276,359,450,3.04e-43,156,81.52,1,0
A00405_539_HLLNCDSX3_4_2316_28330_6527_1_279_+_d0519282208358367ba6d805c3abc895,WP_337829250.1,75.000,92,23,0,1,276,363,454,3.71e-43,156,82.61,1,0
A00405_539_HLLNCDSX3_4_2316_28330_6527_1_279_+_d0519282208358367ba6d805c3abc895,WP_022674003.1,73.913,92,24,0,1,276,360,451,7.66e-43,155,83.70,1,0
A00405_539_HLLNCDSX3_4_2316_28330_6527_1_279_+_d0519282208358367ba6d805c3abc895,WP_420606568.1,69.565,92,28,0,1,276,362,453,9.10e-43,155,85.87,1,0
A00405_539_HLLNCDSX3_4_2316_28330_6527_1_279_+_d0519282208358367ba6d805c3abc895,WP_072560033.1,76.087,92,22,0,1,276,359,450,1.17e-42,154,80.43,1,0
A00405_539_HLLNCDSX3_4_2316_28330_6527_1_279_+_d0519282208358367ba6d805c3abc895,WP_483657587.1,73.913,92,24,0,1,276,359,450,1.35e-42,154,81.52,1,0
A00405_539_HLLNCDSX3_4_2316_28330_6527_1_279_+_d0519282208358367ba6d805c3abc895,WP_228242272.1,75.000,92,23,0,1,276,365,456,1.89e-42,154,84.78,1,0
A00405_539_HLLNCDSX3_4_2316_28330_6527_1_279_+_d0519282208358367ba6d805c3abc895,MEK6542660.1,73.913,92,24,0,1,276,360,451,2.36e-42,154,84.78,1,0
A00405_539_HLLNCDSX3_4_2316_28330_6527_1_279_+_d0519282208358367ba6d805c3abc895,MFM5892868.1,71.739,92,26,0,1,276,361,452,2.45e-42,154,83.70,1,0
A00405_539_HLLNCDSX3_4_2316_28330_6527_1_279_+_d0519282208358367ba6d805c3abc895,MFN5781883.1,68.478,92,29,0,1,276,21,112,2.73e-42,144,80.43,1,0
A00405_539_HLLNCDSX3_4_2316_28330_6527_1_279_+_d0519282208358367ba6d805c3abc895,WP_082737121.1,71.739,92,26,0,1,276,367,458,3.28e-42,153,83.70,1,0
A00405_539_HLLNCDSX3_4_2316_28330_6527_1_279_+_d0519282208358367ba6d805c3abc895,MBX9728008.1,71.739,92,26,0,1,276,359,450,3.73e-42,153,83.70,1,0
A00405_539_HLLNCDSX3_4_2316_28330_6527_1_279_+_d0519282208358367ba6d805c3abc895,MEO7168771.1,68.478,92,29,0,1,276,9,100,4.21e-42,143,82.61,1,0
A00405_539_HLLNCDSX3_4_2316_28330_6527_1_279_+_d0519282208358367ba6d805c3abc895,WP_160778767.1,75.281,89,22,0,10,276,374,462,4.33e-42,153,85.39,1,0
A00405_539_HLLNCDSX3_4_2316_28330_6527_1_279_+_d0519282208358367ba6d805c3abc895,HIR5280129.1,75.281,89,22,0,10,276,370,458,5.27e-42,153,85.39,1,0
A00405_539_HLLNCDSX3_4_2316_28330_6527_1_279_+_d0519282208358367ba6d805c3abc895,WP_317151393.1,73.913,92,24,0,1,276,367,458,5.44e-42,153,79.35,1,0
A00405_539_HLLNCDSX3_4_2316_28330_6527_1_279_+_d0519282208358367ba6d805c3abc895,WP_184099534.1,72.826,92,25,0,1,276,367,458,5.73e-42,153,81.52,1,0
A00405_539_HLLNCDSX3_4_2316_28330_6527_1_279_+_d0519282208358367ba6d805c3abc895,MFN5781384.1,69.565,92,28,0,1,276,53,144,6.68e-42,144,78.26,1,0
A00405_539_HLLNCDSX3_4_2316_28330_6527_1_279_+_d0519282208358367ba6d805c3abc895,MDZ4273412.1,69.663,89,27,0,10,276,11,99,7.31e-42,142,80.90,1,0
A00405_539_HLLNCDSX3_4_2316_28330_6527_1_279_+_d0519282208358367ba6d805c3abc895,WP_375289141.1,71.739,92,26,0,1,276,364,455,1.20e-41,152,82.61,1,0
A00405_539_HLLNCDSX3_4_2316_28330_6527_1_279_+_d0519282208358367ba6d805c3abc895,WP_324640280.1,69.565,92,28,0,1,276,365,456,1.36e-41,152,82.61,1,0
A00405_539_HLLNCDSX3_4_2316_28330_6527_1_279_+_d0519282208358367ba6d805c3abc895,WP_366959635.1,71.739,92,26,0,1,276,366,457,1.41e-41,152,81.52,1,0
A00405_539_HLLNCDSX3_4_2316_28330_6527_1_279_+_d0519282208358367ba6d805c3abc895,WP_342531040.1,72.826,92,25,0,1,276,366,457,1.55e-41,152,80.43,1,0
A00405_539_HLLNCDSX3_4_2316_28330_6527_1_279_+_d0519282208358367ba6d805c3abc895,WP_227689343.1,71.739,92,26,0,1,276,374,465,1.61e-41,152,82.61,1,0
A00405_539_HLLNCDSX3_4_2316_28330_6527_1_279_+_d0519282208358367ba6d805c3abc895,WP_370177787.1,71.739,92,26,0,1,276,366,457,1.73e-41,151,81.52,1,0
A00405_539_HLLNCDSX3_4_2316_28330_6527_1_279_+_d0519282208358367ba6d805c3abc895,MFN9375523.1,69.565,92,28,0,1,276,90,181,1.77e-41,144,78.26,1,0
A00405_539_HLLNCDSX3_4_2316_28330_6527_1_279_+_d0519282208358367ba6d805c3abc895,WP_115491483.1,70.652,92,27,0,1,276,371,462,2.08e-41,151,81.52,1,0
A00405_539_HLLNCDSX3_4_2316_28330_6527_1_279_+_d0519282208358367ba6d805c3abc895,WP_473698545.1,72.826,92,25,0,1,276,367,458,2.47e-41,151,81.52,1,0
A00405_539_HLLNCDSX3_4_2316_28330_6527_1_279_+_d0519282208358367ba6d805c3abc895,MDZ4276262.1,69.663,89,27,0,10,276,95,183,3.62e-41,144,80.90,1,0
A00405_539_HLLNCDSX3_4_2316_28330_6527_1_279_+_d0519282208358367ba6d805c3abc895,WP_226662068.1,69.565,92,28,0,1,276,366,457,3.72e-41,150,81.52,1,0
A00405_539_HLLNCDSX3_4_2316_28330_6527_1_279_+_d0519282208358367ba6d805c3abc895,MFM5916437.1,70.652,92,27,0,1,276,361,452,3.76e-41,150,79.35,1,0
A00405_539_HLLNCDSX3_4_2316_28330_6527_1_279_+_d0519282208358367ba6d805c3abc895,MIA2353041.1,70.787,89,26,0,10,276,121,209,3.93e-41,144,79.78,1,0
A00405_539_HLLNCDSX3_4_2316_28330_6527_1_279_+_d0519282208358367ba6d805c3abc895,WP_164118748.1,71.910,89,25,0,10,276,364,452,4.45e-41,150,86.52,1,0
A00405_539_HLLNCDSX3_4_2316_28330_6527_1_279_+_d0519282208358367ba6d805c3abc895,MEZ5697024.1,73.333,90,24,0,7,276,375,464,4.51e-41,150,84.44,1,0
A00405_539_HLLNCDSX3_4_2316_28330_6527_1_279_+_d0519282208358367ba6d805c3abc895,WP_147121444.1,72.826,92,25,0,1,276,364,455,4.73e-41,150,79.35,1,0
A00405_539_HLLNCDSX3_4_2316_28330_6527_1_279_+_d0519282208358367ba6d805c3abc895,MFN6933993.1,72.222,90,25,0,7,276,378,467,4.80e-41,150,83.33,1,0
A00405_539_HLLNCDSX3_4_2316_28330_6527_1_279_+_d0519282208358367ba6d805c3abc895,HET6537270.1,69.565,92,28,0,1,276,370,461,4.98e-41,150,82.61,1,0
A00405_539_HLLNCDSX3_4_2316_28330_6527_1_279_+_d0519282208358367ba6d805c3abc895,WP_234092574.1,70.000,90,27,0,7,276,366,455,5.15e-41,150,85.56,1,0
A00405_539_HLLNCDSX3_4_2316_28330_6527_1_279_+_d0519282208358367ba6d805c3abc895,MET0251958.1,72.527,91,25,0,4,276,358,448,5.51e-41,150,81.32,1,0
A00405_539_HLLNCDSX3_4_2316_28330_6527_1_279_+_d0519282208358367ba6d805c3abc895,MDP3783037.1,69.565,92,28,0,1,276,31,122,6.71e-41,141,79.35,1,0
A00405_539_HLLNCDSX3_4_2316_28330_6527_1_279_+_d0519282208358367ba6d805c3abc895,WP_247160258.1,73.034,89,24,0,10,276,373,461,6.93e-41,150,84.27,1,0
A00405_539_HLLNCDSX3_4_2316_28330_6527_1_279_+_d0519282208358367ba6d805c3abc895,HMN55147.1,68.478,92,29,0,1,276,24,115,8.21e-41,140,79.35,1,0
A00405_539_HLLNCDSX3_4_2316_28330_6527_1_279_+_d0519282208358367ba6d805c3abc895,MHS2794607.1,69.663,89,27,0,10,276,44,132,8.52e-41,141,78.65,1,0
A00405_539_HLLNCDSX3_4_2316_28330_6527_1_279_+_d0519282208358367ba6d805c3abc895,WP_131621359.1,70.000,90,27,0,7,276,378,467,8.74e-41,150,84.44,1,0
A00405_539_HLLNCDSX3_4_2316_28330_6527_1_279_+_d0519282208358367ba6d805c3abc895,WP_341680478.1,69.565,92,28,0,1,276,367,458,9.34e-41,149,80.43,1,0
A00405_539_HLLNCDSX3_4_2316_28330_6527_1_279_+_d0519282208358367ba6d805c3abc895,WP_188643461.1,72.222,90,25,0,7,276,378,467,9.41e-41,150,83.33,1,0
A00405_539_HLLNCDSX3_4_2316_28330_6527_1_279_+_d0519282208358367ba6d805c3abc895,WP_458889122.1,70.787,89,26,0,10,276,373,461,1.39e-40,149,84.27,1,0
A00405_539_HLLNCDSX3_4_2316_28330_6527_1_279_+_d0519282208358367ba6d805c3abc895,MHK3968160.1,69.663,89,27,0,10,276,120,208,1.44e-40,143,82.02,1,0
A00405_539_HLLNCDSX3_4_2316_28330_6527_1_279_+_d0519282208358367ba6d805c3abc895,WP_160731565.1,70.330,91,27,0,4,276,378,468,1.44e-40,149,81.32,1,0
A00405_539_HLLNCDSX3_4_2316_28330_6527_1_279_+_d0519282208358367ba6d805c3abc895,WP_108791802.1,73.034,89,24,0,10,276,374,462,1.44e-40,149,83.15,1,0
A00405_539_HLLNCDSX3_4_2316_28330_6527_1_279_+_d0519282208358367ba6d805c3abc895,WP_455693374.1,72.222,90,25,0,7,276,378,467,1.64e-40,149,82.22,1,0
A00405_539_HLLNCDSX3_4_2316_28330_6527_1_279_+_d0519282208358367ba6d805c3abc895,MFA9200324.1,71.111,90,26,0,7,276,378,467,1.69e-40,149,83.33,1,0
A00405_539_HLLNCDSX3_4_2316_28330_6527_1_279_+_d0519282208358367ba6d805c3abc895,WP_486184639.1,71.910,89,25,0,10,276,375,463,1.69e-40,149,83.15,1,0
A00405_539_HLLNCDSX3_4_2316_28330_6527_1_279_+_d0519282208358367ba6d805c3abc895,WP_183612024.1,69.565,92,28,0,1,276,367,458,1.77e-40,149,83.70,1,0
A00405_539_HLLNCDSX3_4_2316_28330_6527_1_279_+_d0519282208358367ba6d805c3abc895,MFZ1742403.1,71.910,89,25,0,10,276,381,469,1.77e-40,149,84.27,1,0
A00405_539_HLLNCDSX3_4_2316_28330_6527_1_279_+_d0519282208358367ba6d805c3abc895,WP_372731070.1,69.565,92,28,0,1,276,372,463,1.95e-40,149,80.43,1,0
A00405_539_HLLNCDSX3_4_2316_28330_6527_1_279_+_d0519282208358367ba6d805c3abc895,MEL6875048.1,68.085,94,28,1,1,276,39,132,2.07e-40,140,81.91,1,0
A00405_539_HLLNCDSX3_4_2316_28330_6527_1_279_+_d0519282208358367ba6d805c3abc895,WP_409413081.1,73.034,89,24,0,10,276,373,461,2.45e-40,149,82.02,1,0
A00405_539_HLLNCDSX3_4_2316_28330_6527_1_279_+_d0519282208358367ba6d805c3abc895,WP_424771476.1,69.663,89,27,0,10,276,379,467,2.61e-40,149,83.15,1,0
A00405_539_HLLNCDSX3_4_2316_28330_6527_1_279_+_d0519282208358367ba6d805c3abc895,NCP11221.1,70.652,92,27,0,1,276,360,451,3.31e-40,148,79.35,1,0
A00405_539_HLLNCDSX3_4_2316_28330_6527_1_279_+_d0519282208358367ba6d805c3abc895,WP_330662660.1,71.910,89,25,0,10,276,375,463,3.50e-40,148,83.15,1,0
A00405_539_HLLNCDSX3_4_2316_28330_6527_1_279_+_d0519282208358367ba6d805c3abc895,WP_176273787.1,74.157,89,23,0,10,276,374,462,3.55e-40,148,79.78,1,0
A00405_539_HLLNCDSX3_4_2316_28330_6527_1_279_+_d0519282208358367ba6d805c3abc895,WP_242769919.1,70.652,92,27,0,1,276,367,458,3.57e-40,148,82.61,1,0
A00405_539_HLLNCDSX3_4_2316_28330_6527_1_279_+_d0519282208358367ba6d805c3abc895,MEY4474174.1,68.478,92,29,0,1,276,172,263,3.69e-40,144,78.26,1,0
A00405_539_HLLNCDSX3_4_2316_28330_6527_1_279_+_d0519282208358367ba6d805c3abc895,MCB2085596.1,74.157,89,23,0,10,276,370,458,4.03e-40,148,83.15,1,0
A00405_539_HLLNCDSX3_4_2316_28330_6527_1_279_+_d0519282208358367ba6d805c3abc895,WP_160661160.1,68.478,92,29,0,1,276,368,459,4.05e-40,148,82.61,1,0
A00405_539_HLLNCDSX3_4_2316_28330_6527_1_279_+_d0519282208358367ba6d805c3abc895,WP_491965554.1,70.652,92,27,0,1,276,368,459,4.60e-40,148,82.61,1,0
A00405_539_HLLNCDSX3_4_2316_28330_6527_1_279_+_d0519282208358367ba6d805c3abc895,WP_459037579.1,69.663,89,27,0,10,276,369,457,5.55e-40,147,84.27,1,0
A00405_539_HLLNCDSX3_4_2316_28330_6527_1_279_+_d0519282208358367ba6d805c3abc895,MDU6668766.1,66.304,92,31,0,1,276,111,202,6.25e-40,141,75.00,1,0
A00405_539_HLLNCDSX3_4_2316_28330_6527_1_279_+_d0519282208358367ba6d805c3abc895,WP_061926473.1,72.222,90,25,0,7,276,372,461,6.78e-40,147,80.00,1,0
A00405_539_HLLNCDSX3_4_2316_28330_6527_1_279_+_d0519282208358367ba6d805c3abc895,MBS0527811.1,66.304,92,31,0,1,276,58,149,6.82e-40,139,75.00,1,0
A00405_539_HLLNCDSX3_4_2316_28330_6527_1_279_+_d0519282208358367ba6d805c3abc895,WP_130002054.1,67.391,92,30,0,1,276,367,458,6.93e-40,147,81.52,1,0
A00405_539_HLLNCDSX3_4_2316_28330_6527_1_279_+_d0519282208358367ba6d805c3abc895,WP_390588087.1,70.787,89,26,0,10,276,371,459,6.93e-40,147,80.90,1,0
A00405_539_HLLNCDSX3_4_2316_28330_6527_1_279_+_d0519282208358367ba6d805c3abc895,MBA4051536.1,66.292,89,30,0,10,276,7,95,6.93e-40,137,79.78,1,0
A00405_539_HLLNCDSX3_4_2316_28330_6527_1_279_+_d0519282208358367ba6d805c3abc895,WP_222135605.1,72.826,92,25,0,1,276,367,458,7.04e-40,147,79.35,1,0
A00405_539_HLLNCDSX3_4_2316_28330_6527_1_279_+_d0519282208358367ba6d805c3abc895,MIC2627338.1,68.478,92,29,0,1,276,364,455,8.28e-40,147,80.43,1,0
A00405_539_HLLNCDSX3_4_2316_28330_6527_1_279_+_d0519282208358367ba6d805c3abc895,MEM7779299.1,73.034,89,24,0,10,276,375,463,8.36e-40,147,80.90,1,0
A00405_539_HLLNCDSX3_4_1154_13485_33489_5_274_-_d073362756742bb4412cb50ca2f1f2c4,WP_008060652.1,98.864,88,1,0,1,264,317,404,1.12e-53,182,98.86,1,0
A00405_539_HLLNCDSX3_4_1154_13485_33489_5_274_-_d073362756742bb4412cb50ca2f1f2c4,MFZ5456240.1,70.455,88,26,0,1,264,128,215,3.72e-34,127,72.73,1,0
A00405_539_HLLNCDSX3_4_1154_13485_33489_5_274_-_d073362756742bb4412cb50ca2f1f2c4,WP_029143622.1,71.591,88,25,0,1,264,317,404,2.68e-33,129,73.86,1,0
A00405_539_HLLNCDSX3_4_1154_13485_33489_5_274_-_d073362756742bb4412cb50ca2f1f2c4,HMA33409.1,59.494,79,32,0,1,237,58,136,6.81e-25,100,70.89,1,0
A00405_539_HLLNCDSX3_4_1154_13485_33489_5_274_-_d073362756742bb4412cb50ca2f1f2c4,MBU0603929.1,61.250,80,31,0,1,240,317,396,1.59e-24,105,71.25,1,0
A00405_539_HLLNCDSX3_4_1154_13485_33489_5_274_-_d073362756742bb4412cb50ca2f1f2c4,MHJ9832660.1,49.383,81,41,0,1,243,1,81,1.11e-21,91.3,67.90,1,0
A00405_539_HLLNCDSX3_4_1154_13485_33489_5_274_-_d073362756742bb4412cb50ca2f1f2c4,HLI91609.1,55.000,80,36,0,1,240,332,411,1.42e-21,97.8,67.50,1,0
A00405_539_HLLNCDSX3_4_1154_13485_33489_5_274_-_d073362756742bb4412cb50ca2f1f2c4,WP_369017040.1,49.383,81,39,1,1,237,5,85,2.37e-20,87.8,65.43,1,0
A00405_539_HLLNCDSX3_4_1154_13485_33489_5_274_-_d073362756742bb4412cb50ca2f1f2c4,HMK67567.1,48.148,81,42,0,1,243,28,108,3.30e-20,88.2,65.43,1,0
A00405_539_HLLNCDSX3_4_1154_13485_33489_5_274_-_d073362756742bb4412cb50ca2f1f2c4,MGH7278382.1,49.425,87,44,0,1,261,319,405,4.88e-20,93.6,68.97,1,0
A00405_539_HLLNCDSX3_4_1154_13485_33489_5_274_-_d073362756742bb4412cb50ca2f1f2c4,WP_319677720.1,51.852,81,38,1,1,240,45,125,5.57e-20,88.2,66.67,1,0
A00405_539_HLLNCDSX3_4_1154_13485_33489_5_274_-_d073362756742bb4412cb50ca2f1f2c4,HEX6123157.1,55.696,79,35,0,1,237,329,407,5.97e-20,93.6,69.62,1,0
A00405_539_HLLNCDSX3_4_1154_13485_33489_5_274_-_d073362756742bb4412cb50ca2f1f2c4,HYB11993.1,49.383,81,41,0,1,243,77,157,6.32e-20,89.0,66.67,1,0
A00405_539_HLLNCDSX3_4_1154_13485_33489_5_274_-_d073362756742bb4412cb50ca2f1f2c4,MHK3702323.1,51.899,79,38,0,1,237,51,129,6.90e-20,88.2,65.82,1,0
A00405_539_HLLNCDSX3_4_1154_13485_33489_5_274_-_d073362756742bb4412cb50ca2f1f2c4,WP_389236174.1,54.878,82,35,1,1,240,310,391,8.31e-20,92.8,67.07,1,0
A00405_539_HLLNCDSX3_4_1154_13485_33489_5_274_-_d073362756742bb4412cb50ca2f1f2c4,HHX82818.1,50.602,83,41,0,1,249,33,115,9.93e-20,87.0,65.06,1,0
A00405_539_HLLNCDSX3_4_1154_13485_33489_5_274_-_d073362756742bb4412cb50ca2f1f2c4,WP_038519288.1,53.086,81,36,1,1,237,313,393,1.20e-19,92.4,66.67,1,0
A00405_539_HLLNCDSX3_4_1154_13485_33489_5_274_-_d073362756742bb4412cb50ca2f1f2c4,WP_404134269.1,52.500,80,38,0,1,240,316,395,1.28e-19,92.4,65.00,1,0
A00405_539_HLLNCDSX3_4_1154_13485_33489_5_274_-_d073362756742bb4412cb50ca2f1f2c4,WP_006345642.1,56.790,81,33,1,1,237,308,388,1.43e-19,92.0,65.43,1,0
A00405_539_HLLNCDSX3_4_1154_13485_33489_5_274_-_d073362756742bb4412cb50ca2f1f2c4,WP_389420562.1,56.962,79,34,0,1,237,312,390,1.56e-19,92.0,63.29,1,0
A00405_539_HLLNCDSX3_4_1154_13485_33489_5_274_-_d073362756742bb4412cb50ca2f1f2c4,WP_245697922.1,52.500,80,38,0,1,240,31,110,1.59e-19,86.7,60.00,1,0
A00405_539_HLLNCDSX3_4_1154_13485_33489_5_274_-_d073362756742bb4412cb50ca2f1f2c4,WP_398453992.1,56.790,81,33,2,1,237,316,396,1.64e-19,92.0,69.14,1,0
A00405_539_HLLNCDSX3_4_1154_13485_33489_5_274_-_d073362756742bb4412cb50ca2f1f2c4,WP_381618030.1,53.750,80,36,1,1,237,314,393,1.72e-19,92.0,67.50,1,0
A00405_539_HLLNCDSX3_4_1154_13485_33489_5_274_-_d073362756742bb4412cb50ca2f1f2c4,WP_135085146.1,55.696,79,35,0,1,237,331,409,1.72e-19,92.0,64.56,1,0
A00405_539_HLLNCDSX3_4_1154_13485_33489_5_274_-_d073362756742bb4412cb50ca2f1f2c4,MHL4834969.1,49.383,81,41,0,1,243,321,401,1.76e-19,92.0,67.90,1,0
A00405_539_HLLNCDSX3_4_1154_13485_33489_5_274_-_d073362756742bb4412cb50ca2f1f2c4,WP_385646969.1,56.471,85,34,2,1,249,321,404,2.01e-19,92.0,68.24,1,0
A00405_539_HLLNCDSX3_4_1154_13485_33489_5_274_-_d073362756742bb4412cb50ca2f1f2c4,MDB5368439.1,50.000,88,44,0,1,264,334,421,2.23e-19,92.0,62.50,1,0
A00405_539_HLLNCDSX3_4_1154_13485_33489_5_274_-_d073362756742bb4412cb50ca2f1f2c4,WP_391740654.1,52.439,82,37,1,1,240,314,395,2.25e-19,91.7,64.63,1,0
A00405_539_HLLNCDSX3_4_1154_13485_33489_5_274_-_d073362756742bb4412cb50ca2f1f2c4,PYT70104.1,48.052,77,40,0,1,231,84,160,2.39e-19,87.4,67.53,1,0
A00405_539_HLLNCDSX3_4_1154_13485_33489_5_274_-_d073362756742bb4412cb50ca2f1f2c4,MCK9469742.1,46.341,82,44,0,1,246,54,135,2.43e-19,86.7,65.85,1,0
A00405_539_HLLNCDSX3_4_1154_13485_33489_5_274_-_d073362756742bb4412cb50ca2f1f2c4,WP_327371000.1,52.439,82,37,1,1,240,316,397,2.95e-19,91.3,63.41,1,0
A00405_539_HLLNCDSX3_4_1154_13485_33489_5_274_-_d073362756742bb4412cb50ca2f1f2c4,MBF6590697.1,52.500,80,38,0,1,240,149,228,3.06e-19,89.0,66.25,1,0
A00405_539_HLLNCDSX3_4_1154_13485_33489_5_274_-_d073362756742bb4412cb50ca2f1f2c4,WP_386381580.1,56.962,79,34,0,1,237,314,392,3.14e-19,91.3,63.29,1,0
A00405_539_HLLNCDSX3_4_1154_13485_33489_5_274_-_d073362756742bb4412cb50ca2f1f2c4,MCA1667008.1,48.780,82,42,0,1,246,12,93,3.28e-19,85.1,63.41,1,0
A00405_539_HLLNCDSX3_4_1154_13485_33489_5_274_-_d073362756742bb4412cb50ca2f1f2c4,MBW8792359.1,51.899,79,38,0,1,237,48,126,3.36e-19,86.3,63.29,1,0
A00405_539_HLLNCDSX3_4_1154_13485_33489_5_274_-_d073362756742bb4412cb50ca2f1f2c4,MHK3452208.1,47.727,88,46,0,1,264,158,245,3.64e-19,89.0,65.91,1,0
A00405_539_HLLNCDSX3_4_1154_13485_33489_5_274_-_d073362756742bb4412cb50ca2f1f2c4,WP_426523701.1,51.250,80,39,0,1,240,341,420,4.91e-19,90.9,67.50,1,0
A00405_539_HLLNCDSX3_4_1154_13485_33489_5_274_-_d073362756742bb4412cb50ca2f1f2c4,MDQ6898007.1,55.696,79,35,0,1,237,325,403,5.08e-19,90.9,63.29,1,0
A00405_539_HLLNCDSX3_4_1154_13485_33489_5_274_-_d073362756742bb4412cb50ca2f1f2c4,WP_119101322.1,53.086,81,36,1,1,237,318,398,5.66e-19,90.5,64.20,1,0
A00405_539_HLLNCDSX3_4_1154_13485_33489_5_274_-_d073362756742bb4412cb50ca2f1f2c4,WP_397090606.1,58.974,78,31,1,1,231,310,387,5.84e-19,90.5,67.95,1,0
A00405_539_HLLNCDSX3_4_1154_13485_33489_5_274_-_d073362756742bb4412cb50ca2f1f2c4,MBM4255846.1,50.633,79,39,0,1,237,323,401,5.89e-19,90.5,63.29,1,0
A00405_539_HLLNCDSX3_4_1154_13485_33489_5_274_-_d073362756742bb4412cb50ca2f1f2c4,WP_376796068.1,54.430,79,36,0,1,237,330,408,6.13e-19,90.9,67.09,1,0
A00405_539_HLLNCDSX3_4_1154_13485_33489_5_274_-_d073362756742bb4412cb50ca2f1f2c4,MHS0687684.1,51.220,82,40,0,1,246,325,406,6.94e-19,90.5,64.63,1,0
A00405_539_HLLNCDSX3_4_1154_13485_33489_5_274_-_d073362756742bb4412cb50ca2f1f2c4,WP_359225241.1,53.165,79,37,0,1,237,314,392,7.14e-19,90.5,65.82,1,0
A00405_539_HLLNCDSX3_4_1154_13485_33489_5_274_-_d073362756742bb4412cb50ca2f1f2c4,MBL8455088.1,55.696,79,34,1,1,237,188,265,7.18e-19,88.6,65.82,1,0
A00405_539_HLLNCDSX3_4_1154_13485_33489_5_274_-_d073362756742bb4412cb50ca2f1f2c4,MHQ2442616.1,51.220,82,40,0,1,246,321,402,7.46e-19,90.5,63.41,1,0
A00405_539_HLLNCDSX3_4_1154_13485_33489_5_274_-_d073362756742bb4412cb50ca2f1f2c4,WP_361533842.1,55.556,81,34,2,1,237,316,396,7.49e-19,90.1,66.67,1,0
A00405_539_HLLNCDSX3_4_1154_13485_33489_5_274_-_d073362756742bb4412cb50ca2f1f2c4,WP_362108478.1,53.659,82,36,2,1,240,311,392,7.92e-19,90.1,68.29,1,0
A00405_539_HLLNCDSX3_4_1154_13485_33489_5_274_-_d073362756742bb4412cb50ca2f1f2c4,WP_356890296.1,54.878,82,35,1,1,240,310,391,9.16e-19,90.1,64.63,1,0
A00405_539_HLLNCDSX3_4_1154_13485_33489_5_274_-_d073362756742bb4412cb50ca2f1f2c4,HJY84582.1,51.899,79,38,0,1,237,332,410,9.53e-19,90.1,63.29,1,0
A00405_539_HLLNCDSX3_4_1154_13485_33489_5_274_-_d073362756742bb4412cb50ca2f1f2c4,MDE2289596.1,48.889,90,44,1,1,264,153,242,9.54e-19,87.8,62.22,1,0
A00405_539_HLLNCDSX3_4_1154_13485_33489_5_274_-_d073362756742bb4412cb50ca2f1f2c4,WP_164183319.1,55.844,77,34,0,7,237,316,392,1.09e-18,89.7,64.94,1,0
A00405_539_HLLNCDSX3_4_1154_13485_33489_5_274_-_d073362756742bb4412cb50ca2f1f2c4,MEA2535709.1,48.810,84,43,0,1,252,332,415,1.09e-18,90.1,63.10,1,0
A00405_539_HLLNCDSX3_4_1154_13485_33489_5_274_-_d073362756742bb4412cb50ca2f1f2c4,MGA8492967.1,47.727,88,46,0,1,264,344,431,1.56e-18,89.7,59.09,1,0
A00405_539_HLLNCDSX3_4_1154_13485_33489_5_274_-_d073362756742bb4412cb50ca2f1f2c4,WP_293022692.1,50.588,85,40,1,1,249,328,412,1.58e-18,89.7,65.88,1,0
A00405_539_HLLNCDSX3_4_1154_13485_33489_5_274_-_d073362756742bb4412cb50ca2f1f2c4,MHY2508815.1,51.899,79,38,0,1,237,187,265,1.63e-18,87.8,65.82,1,0
A00405_539_HLLNCDSX3_4_1154_13485_33489_5_274_-_d073362756742bb4412cb50ca2f1f2c4,MGE0826691.1,49.367,79,40,0,1,237,334,412,1.85e-18,89.4,64.56,1,0
A00405_539_HLLNCDSX3_4_1154_13485_33489_5_274_-_d073362756742bb4412cb50ca2f1f2c4,MIA3740194.1,43.210,81,46,0,1,243,66,146,1.87e-18,84.7,64.20,1,0
A00405_539_HLLNCDSX3_4_1154_13485_33489_5_274_-_d073362756742bb4412cb50ca2f1f2c4,HKC76196.1,48.148,81,42,0,1,243,22,102,1.98e-18,83.6,56.79,1,0
A00405_539_HLLNCDSX3_4_1154_13485_33489_5_274_-_d073362756742bb4412cb50ca2f1f2c4,PZN71165.1,53.165,79,37,0,1,237,325,403,2.09e-18,89.0,63.29,1,0
A00405_539_HLLNCDSX3_4_1154_13485_33489_5_274_-_d073362756742bb4412cb50ca2f1f2c4,WP_391832745.1,50.000,82,39,1,1,240,314,395,2.12e-18,89.0,64.63,1,0
A00405_539_HLLNCDSX3_4_1154_13485_33489_5_274_-_d073362756742bb4412cb50ca2f1f2c4,MCA1606266.1,45.679,81,44,0,1,243,142,222,2.36e-18,86.7,65.43,1,0
A00405_539_HLLNCDSX3_4_1154_13485_33489_5_274_-_d073362756742bb4412cb50ca2f1f2c4,HET7007990.1,46.914,81,43,0,1,243,162,242,2.49e-18,86.7,65.43,1,0
A00405_539_HLLNCDSX3_4_1154_13485_33489_5_274_-_d073362756742bb4412cb50ca2f1f2c4,MBC7810751.1,46.835,79,42,0,1,237,59,137,2.81e-18,84.0,62.03,1,0
A00405_539_HLLNCDSX3_4_1154_13485_33489_5_274_-_d073362756742bb4412cb50ca2f1f2c4,MGA9966963.1,47.727,88,46,0,1,264,332,419,2.83e-18,89.0,61.36,1,0
A00405_539_HLLNCDSX3_4_1154_13485_33489_5_274_-_d073362756742bb4412cb50ca2f1f2c4,GLZ34450.1,48.352,91,42,2,1,258,320,410,2.86e-18,89.4,63.74,1,0
A00405_539_HLLNCDSX3_4_1154_13485_33489_5_274_-_d073362756742bb4412cb50ca2f1f2c4,MDB5736952.1,47.561,82,43,0,1,246,82,163,2.89e-18,84.7,62.20,1,0
A00405_539_HLLNCDSX3_4_1154_13485_33489_5_274_-_d073362756742bb4412cb50ca2f1f2c4,MDB5703762.1,51.136,88,43,0,1,264,335,422,2.95e-18,89.0,59.09,1,0
A00405_539_HLLNCDSX3_4_1154_13485_33489_5_274_-_d073362756742bb4412cb50ca2f1f2c4,MDQ2877458.1,51.136,88,43,0,1,264,335,422,2.95e-18,89.0,60.23,1,0
A00405_539_HLLNCDSX3_4_1154_13485_33489_5_274_-_d073362756742bb4412cb50ca2f1f2c4,HSY64217.1,49.438,89,44,1,1,264,338,426,3.07e-18,89.0,61.80,1,0
A00405_539_HLLNCDSX3_4_1154_13485_33489_5_274_-_d073362756742bb4412cb50ca2f1f2c4,WP_175510654.1,54.545,77,35,0,7,237,259,335,3.37e-18,87.8,63.64,1,0
A00405_539_HLLNCDSX3_4_1154_13485_33489_5_274_-_d073362756742bb4412cb50ca2f1f2c4,HVA88553.1,50.000,82,41,0,1,246,329,410,3.43e-18,88.6,62.20,1,0
A00405_539_HLLNCDSX3_4_1154_13485_33489_5_274_-_d073362756742bb4412cb50ca2f1f2c4,MHM1964449.1,48.101,79,41,0,1,237,64,142,3.43e-18,84.0,65.82,1,0
A00405_539_HLLNCDSX3_4_1154_13485_33489_5_274_-_d073362756742bb4412cb50ca2f1f2c4,WP_366457454.1,55.000,80,36,0,1,240,313,392,3.52e-18,88.6,61.25,1,0
A00405_539_HLLNCDSX3_4_1154_13485_33489_5_274_-_d073362756742bb4412cb50ca2f1f2c4,MBI3405304.1,46.591,88,47,0,1,264,56,143,3.56e-18,84.0,56.82,1,0
A00405_539_HLLNCDSX3_4_1154_13485_33489_5_274_-_d073362756742bb4412cb50ca2f1f2c4,WP_363158462.1,54.430,79,36,0,1,237,312,390,3.60e-18,88.6,64.56,1,0
A00405_539_HLLNCDSX3_4_1154_13485_33489_5_274_-_d073362756742bb4412cb50ca2f1f2c4,WP_381200255.1,52.439,82,37,1,1,240,308,389,3.81e-18,88.2,62.20,1,0
A00405_539_HLLNCDSX3_4_1154_13485_33489_5_274_-_d073362756742bb4412cb50ca2f1f2c4,WP_166003070.1,54.430,79,36,0,1,237,313,391,3.89e-18,88.2,65.82,1,0
A00405_539_HLLNCDSX3_4_1154_13485_33489_5_274_-_d073362756742bb4412cb50ca2f1f2c4,WP_471136850.1,55.696,79,35,0,1,237,323,401,4.02e-18,88.2,64.56,1,0
A00405_539_HLLNCDSX3_4_1154_13485_33489_5_274_-_d073362756742bb4412cb50ca2f1f2c4,HXM22669.1,47.059,85,45,0,1,255,317,401,4.05e-18,88.2,61.18,1,0
A00405_539_HLLNCDSX3_4_1154_13485_33489_5_274_-_d073362756742bb4412cb50ca2f1f2c4,WP_437775815.1,45.783,83,45,0,1,249,326,408,4.05e-18,88.2,66.27,1,0
A00405_539_HLLNCDSX3_4_1154_13485_33489_5_274_-_d073362756742bb4412cb50ca2f1f2c4,HWO72932.1,50.633,79,39,0,1,237,321,399,4.15e-18,88.2,67.09,1,0
A00405_539_HLLNCDSX3_4_1154_13485_33489_5_274_-_d073362756742bb4412cb50ca2f1f2c4,WP_360458831.1,51.220,82,38,1,1,240,308,389,4.22e-18,88.2,65.85,1,0
A00405_539_HLLNCDSX3_4_1154_13485_33489_5_274_-_d073362756742bb4412cb50ca2f1f2c4,WP_328906685.1,51.220,82,38,1,1,240,308,389,4.22e-18,88.2,60.98,1,0
A00405_539_HLLNCDSX3_4_1154_13485_33489_5_274_-_d073362756742bb4412cb50ca2f1f2c4,WP_429321156.1,53.750,80,37,0,1,240,342,421,4.28e-18,88.6,65.00,1,0
A00405_539_HLLNCDSX3_4_1154_13485_33489_5_274_-_d073362756742bb4412cb50ca2f1f2c4,TDJ37335.1,48.193,83,43,0,1,249,344,426,4.55e-18,88.6,63.86,1,0
A00405_539_HLLNCDSX3_4_1154_13485_33489_5_274_-_d073362756742bb4412cb50ca2f1f2c4,MHR9953522.1,47.619,84,44,0,1,252,267,350,4.56e-18,87.8,60.71,1,0
A00405_539_HLLNCDSX3_4_1154_13485_33489_5_274_-_d073362756742bb4412cb50ca2f1f2c4,MHQ2530341.1,51.163,86,42,0,1,258,335,420,4.64e-18,88.6,60.47,1,0
A00405_539_HLLNCDSX3_4_1154_13485_33489_5_274_-_d073362756742bb4412cb50ca2f1f2c4,HRD35766.1,55.696,79,34,1,1,237,345,422,4.70e-18,88.2,65.82,1,0
A00405_539_HLLNCDSX3_4_1154_13485_33489_5_274_-_d073362756742bb4412cb50ca2f1f2c4,WP_351840472.1,53.165,79,37,0,1,237,313,391,4.71e-18,88.2,64.56,1,0
A00405_539_HLLNCDSX3_4_1154_13485_33489_5_274_-_d073362756742bb4412cb50ca2f1f2c4,WP_016576767.1,48.810,84,41,1,1,246,314,397,4.74e-18,88.2,63.10,1,0
A00405_539_HLLNCDSX3_4_1154_13485_33489_5_274_-_d073362756742bb4412cb50ca2f1f2c4,HKH99585.1,47.727,88,46,0,1,264,336,423,4.80e-18,88.2,59.09,1,0
A00405_539_HLLNCDSX3_4_1154_13485_33489_5_274_-_d073362756742bb4412cb50ca2f1f2c4,MCK7502151.1,48.750,80,41,0,1,240,170,249,4.83e-18,86.7,67.50,1,0
A00405_539_HLLNCDSX3_4_1154_13485_33489_5_274_-_d073362756742bb4412cb50ca2f1f2c4,WP_360622437.1,52.500,80,36,1,4,237,323,402,4.90e-18,88.2,67.50,1,0
A00405_539_HLLNCDSX3_4_1154_13485_33489_5_274_-_d073362756742bb4412cb50ca2f1f2c4,WP_123463713.1,51.220,82,38,1,1,240,310,391,4.98e-18,88.2,62.20,1,0
A00405_539_HLLNCDSX3_4_1154_13485_33489_5_274_-_d073362756742bb4412cb50ca2f1f2c4,MCH8009682.1,50.000,82,41,0,1,246,59,140,5.01e-18,83.6,60.98,1,0
A00405_539_HLLNCDSX3_4_1154_13485_33489_5_274_-_d073362756742bb4412cb50ca2f1f2c4,MDH6606394.1,51.899,79,38,0,1,237,8,86,5.20e-18,82.0,63.29,1,0
A00405_539_HLLNCDSX3_4_1154_13485_33489_5_274_-_d073362756742bb4412cb50ca2f1f2c4,WP_385492389.1,50.602,83,38,1,1,240,308,390,5.20e-18,87.8,61.45,1,0
A00405_539_HLLNCDSX3_4_1154_13485_33489_5_274_-_d073362756742bb4412cb50ca2f1f2c4,WP_478790496.1,53.086,81,36,1,1,237,310,390,5.29e-18,87.8,66.67,1,0
A00405_539_HLLNCDSX3_4_1154_13485_33489_5_274_-_d073362756742bb4412cb50ca2f1f2c4,HEY1354229.1,51.724,87,42,0,1,261,322,408,5.39e-18,88.2,57.47,1,0
A00405_539_HLLNCDSX3_4_2428_25979_27508_1_293_+_ea053f94656145d4f38e54ebc41708ef,WP_374613945.1,100.000,97,0,0,1,291,220,316,8.49e-52,177,100.00,1,0
A00405_539_HLLNCDSX3_4_2428_25979_27508_1_293_+_ea053f94656145d4f38e54ebc41708ef,WP_305701778.1,92.784,97,7,0,1,291,155,251,3.13e-47,164,96.91,1,0
A00405_539_HLLNCDSX3_4_2428_25979_27508_1_293_+_ea053f94656145d4f38e54ebc41708ef,MHO1873830.1,91.753,97,8,0,1,291,72,168,4.09e-47,161,94.85,1,0
A00405_539_HLLNCDSX3_4_2428_25979_27508_1_293_+_ea053f94656145d4f38e54ebc41708ef,ALP44263.1,82.474,97,17,0,1,291,102,198,3.22e-42,148,92.78,1,0
A00405_539_HLLNCDSX3_4_2428_25979_27508_1_293_+_ea053f94656145d4f38e54ebc41708ef,HCE24340.1,84.536,97,15,0,1,291,223,319,6.73e-42,150,91.75,1,0
A00405_539_HLLNCDSX3_4_2428_25979_27508_1_293_+_ea053f94656145d4f38e54ebc41708ef,MEE4537682.1,82.474,97,17,0,1,291,12,108,8.25e-42,146,92.78,1,0
A00405_539_HLLNCDSX3_4_2428_25979_27508_1_293_+_ea053f94656145d4f38e54ebc41708ef,WP_455694725.1,83.505,97,16,0,1,291,236,332,1.00e-41,152,94.85,1,0
A00405_539_HLLNCDSX3_4_2428_25979_27508_1_293_+_ea053f94656145d4f38e54ebc41708ef,MEL6829447.1,80.412,97,19,0,1,291,223,319,1.65e-40,147,93.81,1,0
A00405_539_HLLNCDSX3_4_2428_25979_27508_1_293_+_ea053f94656145d4f38e54ebc41708ef,WP_112062343.1,86.957,92,12,0,16,291,228,319,1.82e-40,148,95.65,1,0
A00405_539_HLLNCDSX3_4_2428_25979_27508_1_293_+_ea053f94656145d4f38e54ebc41708ef,OZB17708.1,82.474,97,17,0,1,291,155,251,2.28e-40,146,91.75,1,0
A00405_539_HLLNCDSX3_4_2428_25979_27508_1_293_+_ea053f94656145d4f38e54ebc41708ef,CCO96738.1,83.505,97,16,0,1,291,69,165,3.84e-40,142,87.63,1,0
A00405_539_HLLNCDSX3_4_2428_25979_27508_1_293_+_ea053f94656145d4f38e54ebc41708ef,ACP39689.1,80.412,97,19,0,1,291,72,168,4.15e-40,142,88.66,1,0
A00405_539_HLLNCDSX3_4_2428_25979_27508_1_293_+_ea053f94656145d4f38e54ebc41708ef,ACP39687.1,80.412,97,19,0,1,291,111,207,4.56e-40,143,89.69,1,0
A00405_539_HLLNCDSX3_4_2428_25979_27508_1_293_+_ea053f94656145d4f38e54ebc41708ef,WP_058810901.1,82.474,97,17,0,1,291,228,324,5.23e-40,147,93.81,1,0
A00405_539_HLLNCDSX3_4_2428_25979_27508_1_293_+_ea053f94656145d4f38e54ebc41708ef,WP_066516465.1,83.158,95,16,0,7,291,228,322,9.97e-40,146,94.74,1,0
A00405_539_HLLNCDSX3_4_2428_25979_27508_1_293_+_ea053f94656145d4f38e54ebc41708ef,MBV02731.1,81.443,97,18,0,1,291,223,319,1.21e-39,144,89.69,1,0
A00405_539_HLLNCDSX3_4_2428_25979_27508_1_293_+_ea053f94656145d4f38e54ebc41708ef,ALP44240.1,81.720,93,17,0,13,291,106,198,1.58e-39,141,95.70,1,0
A00405_539_HLLNCDSX3_4_2428_25979_27508_1_293_+_ea053f94656145d4f38e54ebc41708ef,CCO96743.1,81.443,97,18,0,1,291,128,224,1.80e-39,140,86.60,1,0
A00405_539_HLLNCDSX3_4_2428_25979_27508_1_293_+_ea053f94656145d4f38e54ebc41708ef,MGB4347275.1,81.443,97,18,0,1,291,228,324,1.94e-39,146,93.81,1,0
A00405_539_HLLNCDSX3_4_2428_25979_27508_1_293_+_ea053f94656145d4f38e54ebc41708ef,CCO96723.1,81.443,97,18,0,1,291,121,217,2.65e-39,142,87.63,1,0
A00405_539_HLLNCDSX3_4_2428_25979_27508_1_293_+_ea053f94656145d4f38e54ebc41708ef,CCO96742.1,81.443,97,18,0,1,291,114,210,4.47e-39,140,86.60,1,0
A00405_539_HLLNCDSX3_4_2428_25979_27508_1_293_+_ea053f94656145d4f38e54ebc41708ef,WP_300395767.1,83.696,92,15,0,16,291,228,319,7.41e-39,144,95.65,1,0
A00405_539_HLLNCDSX3_4_2428_25979_27508_1_293_+_ea053f94656145d4f38e54ebc41708ef,WP_141457923.1,81.443,97,18,0,1,291,223,319,9.86e-39,144,89.69,1,0
A00405_539_HLLNCDSX3_4_2428_25979_27508_1_293_+_ea053f94656145d4f38e54ebc41708ef,MFT6673470.1,80.412,97,19,0,1,291,223,319,1.08e-38,142,90.72,1,0
A00405_539_HLLNCDSX3_4_2428_25979_27508_1_293_+_ea053f94656145d4f38e54ebc41708ef,WP_066110711.1,81.443,97,18,0,1,291,223,319,2.07e-38,143,90.72,1,0
A00405_539_HLLNCDSX3_4_2428_25979_27508_1_293_+_ea053f94656145d4f38e54ebc41708ef,MDP1671197.1,76.531,98,22,1,1,291,219,316,2.38e-38,141,93.88,1,0
A00405_539_HLLNCDSX3_4_2428_25979_27508_1_293_+_ea053f94656145d4f38e54ebc41708ef,WP_159647812.1,79.381,97,20,0,1,291,223,319,2.40e-38,142,91.75,1,0
A00405_539_HLLNCDSX3_4_2428_25979_27508_1_293_+_ea053f94656145d4f38e54ebc41708ef,MFN9943249.1,75.258,97,24,0,1,291,33,129,2.64e-38,135,87.63,1,0
A00405_539_HLLNCDSX3_4_2428_25979_27508_1_293_+_ea053f94656145d4f38e54ebc41708ef,NIJ40630.1,82.474,97,17,0,1,291,155,251,2.87e-38,141,86.60,1,0
A00405_539_HLLNCDSX3_4_2428_25979_27508_1_293_+_ea053f94656145d4f38e54ebc41708ef,WP_231736261.1,81.720,93,17,0,13,291,159,251,3.48e-38,141,95.70,1,0
A00405_539_HLLNCDSX3_4_2428_25979_27508_1_293_+_ea053f94656145d4f38e54ebc41708ef,WP_333666780.1,82.474,97,17,0,1,291,220,316,4.33e-38,142,87.63,1,0
A00405_539_HLLNCDSX3_4_2428_25979_27508_1_293_+_ea053f94656145d4f38e54ebc41708ef,WP_088443974.1,84.783,92,14,0,16,291,228,319,5.82e-38,142,92.39,1,0
A00405_539_HLLNCDSX3_4_2428_25979_27508_1_293_+_ea053f94656145d4f38e54ebc41708ef,MDO9461317.1,76.531,98,22,1,1,291,219,316,7.83e-38,141,93.88,1,0
A00405_539_HLLNCDSX3_4_2428_25979_27508_1_293_+_ea053f94656145d4f38e54ebc41708ef,MCX7274226.1,76.289,97,23,0,1,291,220,316,1.53e-37,140,89.69,1,0
A00405_539_HLLNCDSX3_4_2428_25979_27508_1_293_+_ea053f94656145d4f38e54ebc41708ef,WP_228765585.1,81.720,93,17,0,13,291,232,324,1.96e-37,140,95.70,1,0
A00405_539_HLLNCDSX3_4_2428_25979_27508_1_293_+_ea053f94656145d4f38e54ebc41708ef,WP_305325507.1,83.516,91,15,0,19,291,225,315,3.15e-37,140,91.21,1,0
A00405_539_HLLNCDSX3_4_2428_25979_27508_1_293_+_ea053f94656145d4f38e54ebc41708ef,BAS53029.1,79.381,97,20,0,1,291,121,217,1.54e-36,134,85.57,1,0
A00405_539_HLLNCDSX3_4_2428_25979_27508_1_293_+_ea053f94656145d4f38e54ebc41708ef,WP_275853262.1,78.351,97,21,0,1,291,224,320,1.55e-36,138,89.69,1,0
A00405_539_HLLNCDSX3_4_2428_25979_27508_1_293_+_ea053f94656145d4f38e54ebc41708ef,WP_293210835.1,80.412,97,19,0,1,291,223,319,2.19e-36,137,86.60,1,0
A00405_539_HLLNCDSX3_4_2428_25979_27508_1_293_+_ea053f94656145d4f38e54ebc41708ef,MBT5702069.1,67.000,100,29,2,1,291,103,201,3.02e-36,134,81.00,1,0
A00405_539_HLLNCDSX3_4_2428_25979_27508_1_293_+_ea053f94656145d4f38e54ebc41708ef,MBT7879222.1,66.000,100,30,2,1,291,2,100,4.10e-36,131,79.00,1,0
A00405_539_HLLNCDSX3_4_2428_25979_27508_1_293_+_ea053f94656145d4f38e54ebc41708ef,HKD20652.1,76.289,97,23,0,1,291,220,316,7.75e-36,136,89.69,1,0
A00405_539_HLLNCDSX3_4_2428_25979_27508_1_293_+_ea053f94656145d4f38e54ebc41708ef,WP_484274006.1,75.258,97,24,0,1,291,224,320,1.31e-35,135,87.63,1,0
A00405_539_HLLNCDSX3_4_2428_25979_27508_1_293_+_ea053f94656145d4f38e54ebc41708ef,WP_296551647.1,74.227,97,25,0,1,291,83,179,1.36e-35,132,83.51,1,0
A00405_539_HLLNCDSX3_4_2428_25979_27508_1_293_+_ea053f94656145d4f38e54ebc41708ef,MHE6701821.1,74.227,97,25,0,1,291,222,318,1.95e-35,135,88.66,1,0
A00405_539_HLLNCDSX3_4_2428_25979_27508_1_293_+_ea053f94656145d4f38e54ebc41708ef,HEX3574668.1,73.196,97,26,0,1,291,222,318,2.13e-35,135,87.63,1,0
A00405_539_HLLNCDSX3_4_2428_25979_27508_1_293_+_ea053f94656145d4f38e54ebc41708ef,AII19500.1,65.306,98,30,2,7,291,18,114,2.44e-35,128,79.59,1,0
A00405_539_HLLNCDSX3_4_2428_25979_27508_1_293_+_ea053f94656145d4f38e54ebc41708ef,WP_143340583.1,78.409,88,19,0,16,279,26,113,2.74e-35,128,88.64,1,0
A00405_539_HLLNCDSX3_4_2428_25979_27508_1_293_+_ea053f94656145d4f38e54ebc41708ef,MDA1292145.1,71.134,97,28,0,1,291,45,141,3.55e-35,130,82.47,1,0
A00405_539_HLLNCDSX3_4_2428_25979_27508_1_293_+_ea053f94656145d4f38e54ebc41708ef,MHS6699630.1,76.289,97,23,0,1,291,205,301,3.75e-35,134,86.60,1,0
A00405_539_HLLNCDSX3_4_2428_25979_27508_1_293_+_ea053f94656145d4f38e54ebc41708ef,CCO96761.1,78.261,92,20,0,16,291,119,210,4.39e-35,129,89.13,1,0
A00405_539_HLLNCDSX3_4_2428_25979_27508_1_293_+_ea053f94656145d4f38e54ebc41708ef,MBT7174503.1,64.000,100,32,2,1,291,50,148,4.81e-35,130,80.00,1,0
A00405_539_HLLNCDSX3_4_2428_25979_27508_1_293_+_ea053f94656145d4f38e54ebc41708ef,WP_119777057.1,76.289,97,23,0,1,291,221,317,6.81e-35,134,86.60,1,0
A00405_539_HLLNCDSX3_4_2428_25979_27508_1_293_+_ea053f94656145d4f38e54ebc41708ef,MEY4256396.1,75.000,92,23,0,16,291,18,109,6.94e-35,129,92.39,1,0
A00405_539_HLLNCDSX3_4_2428_25979_27508_1_293_+_ea053f94656145d4f38e54ebc41708ef,WP_082628165.1,73.196,97,26,0,1,291,225,321,6.96e-35,134,90.72,1,0
A00405_539_HLLNCDSX3_4_2428_25979_27508_1_293_+_ea053f94656145d4f38e54ebc41708ef,CCO96841.1,71.134,97,28,0,1,291,118,214,7.36e-35,129,87.63,1,0
A00405_539_HLLNCDSX3_4_2428_25979_27508_1_293_+_ea053f94656145d4f38e54ebc41708ef,MEZ5728126.1,77.660,94,21,0,1,282,225,318,8.23e-35,133,89.36,1,0
A00405_539_HLLNCDSX3_4_2428_25979_27508_1_293_+_ea053f94656145d4f38e54ebc41708ef,MFX9962115.1,75.000,88,22,0,16,279,1,88,8.33e-35,124,87.50,1,0
A00405_539_HLLNCDSX3_4_2428_25979_27508_1_293_+_ea053f94656145d4f38e54ebc41708ef,CCO96842.1,71.134,97,28,0,1,291,78,174,9.55e-35,129,87.63,1,0
A00405_539_HLLNCDSX3_4_2428_25979_27508_1_293_+_ea053f94656145d4f38e54ebc41708ef,MBK5104713.1,75.258,97,24,0,1,291,220,316,9.84e-35,133,86.60,1,0
A00405_539_HLLNCDSX3_4_2428_25979_27508_1_293_+_ea053f94656145d4f38e54ebc41708ef,HPU50570.1,72.917,96,26,0,1,288,87,182,9.96e-35,130,89.58,1,0
A00405_539_HLLNCDSX3_4_2428_25979_27508_1_293_+_ea053f94656145d4f38e54ebc41708ef,MBK8764856.1,72.165,97,27,0,1,291,220,316,1.19e-34,133,89.69,1,0
A00405_539_HLLNCDSX3_4_2428_25979_27508_1_293_+_ea053f94656145d4f38e54ebc41708ef,WP_109921690.1,78.495,93,20,0,13,291,225,317,1.20e-34,133,89.25,1,0
A00405_539_HLLNCDSX3_4_2428_25979_27508_1_293_+_ea053f94656145d4f38e54ebc41708ef,HEV7599963.1,69.565,92,28,0,16,291,4,95,1.26e-34,127,86.96,1,0
A00405_539_HLLNCDSX3_4_2428_25979_27508_1_293_+_ea053f94656145d4f38e54ebc41708ef,HOA93083.1,76.289,97,23,0,1,291,220,316,1.29e-34,133,87.63,1,0
A00405_539_HLLNCDSX3_4_2428_25979_27508_1_293_+_ea053f94656145d4f38e54ebc41708ef,HEY2660055.1,75.258,97,24,0,1,291,219,315,1.53e-34,132,87.63,1,0
A00405_539_HLLNCDSX3_4_2428_25979_27508_1_293_+_ea053f94656145d4f38e54ebc41708ef,BAS52875.1,79.348,92,19,0,16,291,126,217,1.86e-34,129,88.04,1,0
A00405_539_HLLNCDSX3_4_2428_25979_27508_1_293_+_ea053f94656145d4f38e54ebc41708ef,WP_309351880.1,71.134,97,28,0,1,291,222,318,1.88e-34,132,90.72,1,0
A00405_539_HLLNCDSX3_4_2428_25979_27508_1_293_+_ea053f94656145d4f38e54ebc41708ef,CCO96963.1,78.409,88,19,0,16,279,78,165,2.12e-34,127,87.50,1,0
A00405_539_HLLNCDSX3_4_2428_25979_27508_1_293_+_ea053f94656145d4f38e54ebc41708ef,WP_236106313.1,75.258,97,24,0,1,291,222,318,2.20e-34,132,85.57,1,0
A00405_539_HLLNCDSX3_4_2428_25979_27508_1_293_+_ea053f94656145d4f38e54ebc41708ef,WP_327568799.1,73.196,97,26,0,1,291,224,320,2.55e-34,132,85.57,1,0
A00405_539_HLLNCDSX3_4_2428_25979_27508_1_293_+_ea053f94656145d4f38e54ebc41708ef,WP_293513272.1,73.196,97,26,0,1,291,153,249,2.59e-34,130,83.51,1,0
A00405_539_HLLNCDSX3_4_2428_25979_27508_1_293_+_ea053f94656145d4f38e54ebc41708ef,MFO1200336.1,75.258,97,24,0,1,291,220,316,2.70e-34,132,87.63,1,0
A00405_539_HLLNCDSX3_4_2428_25979_27508_1_293_+_ea053f94656145d4f38e54ebc41708ef,MBP6012722.1,73.196,97,26,0,1,291,226,322,2.78e-34,132,86.60,1,0
A00405_539_HLLNCDSX3_4_2428_25979_27508_1_293_+_ea053f94656145d4f38e54ebc41708ef,WP_163564471.1,69.231,91,28,0,19,291,5,95,3.11e-34,124,85.71,1,0
A00405_539_HLLNCDSX3_4_2428_25979_27508_1_293_+_ea053f94656145d4f38e54ebc41708ef,BAS52946.1,74.194,93,24,0,1,279,122,214,3.14e-34,129,84.95,1,0
A00405_539_HLLNCDSX3_4_2428_25979_27508_1_293_+_ea053f94656145d4f38e54ebc41708ef,BAE47487.1,71.134,97,28,0,1,291,121,217,3.65e-34,128,87.63,1,0
A00405_539_HLLNCDSX3_4_2428_25979_27508_1_293_+_ea053f94656145d4f38e54ebc41708ef,HEY4041998.1,71.134,97,28,0,1,291,218,314,4.59e-34,131,85.57,1,0
A00405_539_HLLNCDSX3_4_2428_25979_27508_1_293_+_ea053f94656145d4f38e54ebc41708ef,HMN79262.1,70.103,97,29,0,1,291,220,316,4.68e-34,131,87.63,1,0
A00405_539_HLLNCDSX3_4_2428_25979_27508_1_293_+_ea053f94656145d4f38e54ebc41708ef,MCX7204071.1,73.196,97,26,0,1,291,220,316,4.86e-34,131,87.63,1,0
A00405_539_HLLNCDSX3_4_2428_25979_27508_1_293_+_ea053f94656145d4f38e54ebc41708ef,CCO96929.1,74.194,93,24,0,1,279,126,218,5.28e-34,127,88.17,1,0
A00405_539_HLLNCDSX3_4_2428_25979_27508_1_293_+_ea053f94656145d4f38e54ebc41708ef,BAS52992.1,68.421,95,30,0,7,291,123,217,6.67e-34,128,84.21,1,0
A00405_539_HLLNCDSX3_4_2428_25979_27508_1_293_+_ea053f94656145d4f38e54ebc41708ef,ANN88394.1,75.000,92,23,0,4,279,93,184,6.79e-34,127,88.04,1,0
A00405_539_HLLNCDSX3_4_2428_25979_27508_1_293_+_ea053f94656145d4f38e54ebc41708ef,MGL4558955.1,73.118,93,25,0,1,279,29,121,6.94e-34,126,84.95,1,0
A00405_539_HLLNCDSX3_4_2428_25979_27508_1_293_+_ea053f94656145d4f38e54ebc41708ef,HWY14645.1,75.258,97,24,0,1,291,219,315,6.94e-34,131,86.60,1,0
A00405_539_HLLNCDSX3_4_2428_25979_27508_1_293_+_ea053f94656145d4f38e54ebc41708ef,WP_316212675.1,69.892,93,28,0,1,279,2,94,8.33e-34,125,86.02,1,0
A00405_539_HLLNCDSX3_4_2428_25979_27508_1_293_+_ea053f94656145d4f38e54ebc41708ef,MDE2470303.1,67.010,97,32,0,1,291,81,177,9.21e-34,127,82.47,1,0
A00405_539_HLLNCDSX3_4_2428_25979_27508_1_293_+_ea053f94656145d4f38e54ebc41708ef,HEY0183608.1,70.103,97,29,0,1,291,218,314,9.38e-34,130,85.57,1,0
A00405_539_HLLNCDSX3_4_2428_25979_27508_1_293_+_ea053f94656145d4f38e54ebc41708ef,MDQ0465000.1,74.227,97,25,0,1,291,219,315,1.07e-33,130,83.51,1,0
A00405_539_HLLNCDSX3_4_2428_25979_27508_1_293_+_ea053f94656145d4f38e54ebc41708ef,MFN6942575.1,71.134,97,27,1,1,291,53,148,1.09e-33,127,85.57,1,0
A00405_539_HLLNCDSX3_4_2428_25979_27508_1_293_+_ea053f94656145d4f38e54ebc41708ef,MEY2952850.1,73.196,97,26,0,1,291,227,323,1.12e-33,129,84.54,1,0
A00405_539_HLLNCDSX3_4_2428_25979_27508_1_293_+_ea053f94656145d4f38e54ebc41708ef,WP_293365559.1,77.083,96,21,1,7,291,226,321,1.15e-33,130,87.50,1,0
A00405_539_HLLNCDSX3_4_2428_25979_27508_1_293_+_ea053f94656145d4f38e54ebc41708ef,HIR3416193.1,73.913,92,24,0,16,291,38,129,1.15e-33,126,89.13,1,0
A00405_539_HLLNCDSX3_4_2428_25979_27508_1_293_+_ea053f94656145d4f38e54ebc41708ef,ACP39681.1,74.194,93,24,0,13,291,115,207,1.16e-33,127,87.10,1,0
A00405_539_HLLNCDSX3_4_2428_25979_27508_1_293_+_ea053f94656145d4f38e54ebc41708ef,BAS52969.1,70.968,93,27,0,1,279,122,214,1.21e-33,127,86.02,1,0
A00405_539_HLLNCDSX3_4_2428_25979_27508_1_293_+_ea053f94656145d4f38e54ebc41708ef,MFZ3034529.1,70.968,93,27,0,13,291,227,319,1.21e-33,130,90.32,1,0
A00405_539_HLLNCDSX3_4_2428_25979_27508_1_293_+_ea053f94656145d4f38e54ebc41708ef,MBT3866947.1,64.000,100,32,2,1,291,219,317,1.23e-33,130,80.00,1,0
A00405_539_HLLNCDSX3_4_2428_25979_27508_1_293_+_ea053f94656145d4f38e54ebc41708ef,MDB5433357.1,73.196,97,26,0,1,291,222,318,1.27e-33,130,85.57,1,0
A00405_539_HLLNCDSX3_4_2428_25979_27508_1_293_+_ea053f94656145d4f38e54ebc41708ef,MDB5568157.1,70.103,97,29,0,1,291,55,151,1.31e-33,126,85.57,1,0
A00405_539_HLLNCDSX3_4_2428_25979_27508_1_293_+_ea053f94656145d4f38e54ebc41708ef,GAC2344637.1,78.261,92,20,0,16,291,225,316,1.35e-33,130,90.22,1,0
A00405_539_HLLNCDSX3_4_1451_30409_6715_1_231_+_018312b314ec0e3d7060fd278ef283f4,WP_028710496.1,73.333,75,20,0,1,225,269,343,3.08e-29,117,85.33,1,0
A00405_539_HLLNCDSX3_4_1451_30409_6715_1_231_+_018312b314ec0e3d7060fd278ef283f4,MFW6076644.1,66.667,75,25,0,1,225,270,344,1.31e-23,102,74.67,1,0
A00405_539_HLLNCDSX3_4_1451_30409_6715_1_231_+_018312b314ec0e3d7060fd278ef283f4,MFW6077769.1,63.014,73,27,0,7,225,115,187,2.21e-21,94.4,72.60,1,0
A00405_539_HLLNCDSX3_4_1451_30409_6715_1_231_+_018312b314ec0e3d7060fd278ef283f4,MGE0501687.1,58.904,73,30,0,10,228,267,339,3.82e-21,95.9,75.34,1,0
A00405_539_HLLNCDSX3_4_1451_30409_6715_1_231_+_018312b314ec0e3d7060fd278ef283f4,WP_061126389.1,60.811,74,29,0,7,228,273,346,7.02e-21,95.1,70.27,1,0
A00405_539_HLLNCDSX3_4_1451_30409_6715_1_231_+_018312b314ec0e3d7060fd278ef283f4,WP_338048496.1,58.108,74,31,0,7,228,182,255,4.95e-20,92.0,68.92,1,0
A00405_539_HLLNCDSX3_4_1451_30409_6715_1_231_+_018312b314ec0e3d7060fd278ef283f4,WP_229680102.1,60.274,73,29,0,7,225,273,345,6.05e-20,92.8,73.97,1,0
A00405_539_HLLNCDSX3_4_1451_30409_6715_1_231_+_018312b314ec0e3d7060fd278ef283f4,MYX58199.1,56.164,73,32,0,7,225,29,101,1.10e-19,87.8,69.86,1,0
A00405_539_HLLNCDSX3_4_1451_30409_6715_1_231_+_018312b314ec0e3d7060fd278ef283f4,WP_042305986.1,56.757,74,32,0,7,228,280,353,2.10e-19,91.3,68.92,1,0
A00405_539_HLLNCDSX3_4_1451_30409_6715_1_231_+_018312b314ec0e3d7060fd278ef283f4,WP_221885172.1,56.757,74,32,0,7,228,275,348,2.60e-19,90.9,72.97,1,0
A00405_539_HLLNCDSX3_4_1451_30409_6715_1_231_+_018312b314ec0e3d7060fd278ef283f4,HSV83149.1,58.667,75,30,1,7,228,290,364,2.86e-19,90.9,68.00,1,0
A00405_539_HLLNCDSX3_4_1451_30409_6715_1_231_+_018312b314ec0e3d7060fd278ef283f4,WP_176597904.1,56.757,74,32,0,7,228,274,347,3.36e-19,90.9,71.62,1,0
A00405_539_HLLNCDSX3_4_1451_30409_6715_1_231_+_018312b314ec0e3d7060fd278ef283f4,WP_184225727.1,58.108,74,31,0,7,228,280,353,5.33e-19,90.1,68.92,1,0
A00405_539_HLLNCDSX3_4_1451_30409_6715_1_231_+_018312b314ec0e3d7060fd278ef283f4,WP_144752964.1,56.757,74,32,0,7,228,268,341,6.29e-19,90.5,72.97,1,0
A00405_539_HLLNCDSX3_4_1451_30409_6715_1_231_+_018312b314ec0e3d7060fd278ef283f4,WP_055535072.1,53.333,75,35,0,4,228,187,261,9.09e-19,88.6,70.67,1,0
A00405_539_HLLNCDSX3_4_1451_30409_6715_1_231_+_018312b314ec0e3d7060fd278ef283f4,WP_413099808.1,60.274,73,29,0,7,225,258,330,9.75e-19,89.4,69.86,1,0
A00405_539_HLLNCDSX3_4_1451_30409_6715_1_231_+_018312b314ec0e3d7060fd278ef283f4,MDB5911113.1,54.054,74,34,0,7,228,274,347,1.06e-18,89.4,74.32,1,0
A00405_539_HLLNCDSX3_4_1451_30409_6715_1_231_+_018312b314ec0e3d7060fd278ef283f4,MCB1474760.1,55.072,69,31,0,19,225,286,354,1.31e-18,89.4,68.12,1,0
A00405_539_HLLNCDSX3_4_1451_30409_6715_1_231_+_018312b314ec0e3d7060fd278ef283f4,MET0918262.1,56.757,74,32,0,4,225,271,344,1.31e-18,89.0,71.62,1,0
A00405_539_HLLNCDSX3_4_1451_30409_6715_1_231_+_018312b314ec0e3d7060fd278ef283f4,WP_424638545.1,61.644,73,28,0,7,225,279,351,1.59e-18,89.0,71.23,1,0
A00405_539_HLLNCDSX3_4_1451_30409_6715_1_231_+_018312b314ec0e3d7060fd278ef283f4,WP_030887605.1,60.000,75,30,0,1,225,273,347,1.67e-18,89.0,66.67,1,0
A00405_539_HLLNCDSX3_4_1451_30409_6715_1_231_+_018312b314ec0e3d7060fd278ef283f4,WP_215547309.1,58.108,74,31,0,7,228,265,338,1.77e-18,88.6,68.92,1,0
A00405_539_HLLNCDSX3_4_1451_30409_6715_1_231_+_018312b314ec0e3d7060fd278ef283f4,HIR5692040.1,54.054,74,34,0,4,225,256,329,1.97e-18,88.6,71.62,1,0
A00405_539_HLLNCDSX3_4_1451_30409_6715_1_231_+_018312b314ec0e3d7060fd278ef283f4,WP_451193066.1,56.757,74,32,0,4,225,280,353,2.03e-18,88.6,68.92,1,0
A00405_539_HLLNCDSX3_4_1451_30409_6715_1_231_+_018312b314ec0e3d7060fd278ef283f4,WP_483478550.1,55.405,74,33,0,7,228,280,353,2.17e-18,88.6,68.92,1,0
A00405_539_HLLNCDSX3_4_1451_30409_6715_1_231_+_018312b314ec0e3d7060fd278ef283f4,MCW2811383.1,56.757,74,32,0,7,228,274,347,2.21e-18,88.6,70.27,1,0
A00405_539_HLLNCDSX3_4_1451_30409_6715_1_231_+_018312b314ec0e3d7060fd278ef283f4,WP_073766188.1,60.274,73,29,0,7,225,276,348,2.36e-18,88.6,69.86,1,0
A00405_539_HLLNCDSX3_4_1451_30409_6715_1_231_+_018312b314ec0e3d7060fd278ef283f4,WP_033365236.1,58.904,73,30,0,7,225,277,349,2.45e-18,88.6,71.23,1,0
A00405_539_HLLNCDSX3_4_1451_30409_6715_1_231_+_018312b314ec0e3d7060fd278ef283f4,WP_030106310.1,60.870,69,27,0,19,225,77,145,2.48e-18,85.5,69.57,1,0
A00405_539_HLLNCDSX3_4_1451_30409_6715_1_231_+_018312b314ec0e3d7060fd278ef283f4,MBX9451534.1,54.054,74,34,0,7,228,289,362,2.54e-18,88.6,68.92,1,0
A00405_539_HLLNCDSX3_4_1451_30409_6715_1_231_+_018312b314ec0e3d7060fd278ef283f4,WP_007581137.1,55.405,74,33,0,7,228,273,346,2.54e-18,88.2,71.62,1,0
A00405_539_HLLNCDSX3_4_1451_30409_6715_1_231_+_018312b314ec0e3d7060fd278ef283f4,WP_319204792.1,54.667,75,34,0,4,228,267,341,2.80e-18,88.2,70.67,1,0
A00405_539_HLLNCDSX3_4_1451_30409_6715_1_231_+_018312b314ec0e3d7060fd278ef283f4,WP_184844422.1,59.459,74,30,0,4,225,270,343,2.97e-18,88.2,71.62,1,0
A00405_539_HLLNCDSX3_4_1451_30409_6715_1_231_+_018312b314ec0e3d7060fd278ef283f4,WP_387099206.1,59.459,74,29,1,7,225,265,338,3.11e-18,88.2,70.27,1,0
A00405_539_HLLNCDSX3_4_1451_30409_6715_1_231_+_018312b314ec0e3d7060fd278ef283f4,WP_347209742.1,56.164,73,32,0,7,225,262,334,3.11e-18,88.2,69.86,1,0
A00405_539_HLLNCDSX3_4_1451_30409_6715_1_231_+_018312b314ec0e3d7060fd278ef283f4,WP_055489577.1,53.521,71,33,0,13,225,277,347,3.40e-18,87.8,71.83,1,0
A00405_539_HLLNCDSX3_4_1451_30409_6715_1_231_+_018312b314ec0e3d7060fd278ef283f4,MES1975620.1,53.333,75,35,0,4,228,274,348,3.97e-18,87.8,72.00,1,0
A00405_539_HLLNCDSX3_4_1451_30409_6715_1_231_+_018312b314ec0e3d7060fd278ef283f4,WP_329459821.1,57.333,75,32,0,1,225,273,347,4.01e-18,87.8,70.67,1,0
A00405_539_HLLNCDSX3_4_1451_30409_6715_1_231_+_018312b314ec0e3d7060fd278ef283f4,WP_429494327.1,56.757,74,32,0,7,228,280,353,4.29e-18,87.8,67.57,1,0
A00405_539_HLLNCDSX3_4_1451_30409_6715_1_231_+_018312b314ec0e3d7060fd278ef283f4,WP_364437438.1,55.405,74,33,0,4,225,268,341,4.33e-18,87.8,70.27,1,0
A00405_539_HLLNCDSX3_4_1451_30409_6715_1_231_+_018312b314ec0e3d7060fd278ef283f4,WP_141004282.1,58.667,75,30,1,4,225,267,341,4.51e-18,87.4,68.00,1,0
A00405_539_HLLNCDSX3_4_1451_30409_6715_1_231_+_018312b314ec0e3d7060fd278ef283f4,MDX3898946.1,54.054,74,34,0,7,228,275,348,4.71e-18,87.4,70.27,1,0
A00405_539_HLLNCDSX3_4_1451_30409_6715_1_231_+_018312b314ec0e3d7060fd278ef283f4,WP_459185830.1,58.904,73,30,0,7,225,290,362,5.36e-18,87.4,71.23,1,0
A00405_539_HLLNCDSX3_4_1451_30409_6715_1_231_+_018312b314ec0e3d7060fd278ef283f4,WP_105971768.1,53.333,75,35,0,4,228,266,340,6.37e-18,87.0,69.33,1,0
A00405_539_HLLNCDSX3_4_1451_30409_6715_1_231_+_018312b314ec0e3d7060fd278ef283f4,WP_094920276.1,57.534,73,31,0,7,225,272,344,6.55e-18,87.4,72.60,1,0
A00405_539_HLLNCDSX3_4_1451_30409_6715_1_231_+_018312b314ec0e3d7060fd278ef283f4,WP_137813257.1,58.904,73,30,0,7,225,268,340,6.58e-18,87.0,71.23,1,0
A00405_539_HLLNCDSX3_4_1451_30409_6715_1_231_+_018312b314ec0e3d7060fd278ef283f4,WP_132819850.1,59.459,74,29,1,7,225,265,338,6.84e-18,87.0,70.27,1,0
A00405_539_HLLNCDSX3_4_1451_30409_6715_1_231_+_018312b314ec0e3d7060fd278ef283f4,HEV7720784.1,54.667,75,33,1,1,225,53,126,7.13e-18,83.6,70.67,1,0
A00405_539_HLLNCDSX3_4_1451_30409_6715_1_231_+_018312b314ec0e3d7060fd278ef283f4,WP_168543292.1,54.930,71,32,0,13,225,277,347,7.17e-18,87.0,70.42,1,0
A00405_539_HLLNCDSX3_4_1451_30409_6715_1_231_+_018312b314ec0e3d7060fd278ef283f4,AGS49666.1,56.164,73,32,0,7,225,255,327,7.32e-18,87.0,71.23,1,0
A00405_539_HLLNCDSX3_4_1451_30409_6715_1_231_+_018312b314ec0e3d7060fd278ef283f4,WP_381714157.1,58.904,73,30,0,7,225,276,348,7.85e-18,87.0,71.23,1,0
A00405_539_HLLNCDSX3_4_1451_30409_6715_1_231_+_018312b314ec0e3d7060fd278ef283f4,WP_329577961.1,56.164,73,32,0,7,225,268,340,8.30e-18,87.0,68.49,1,0
A00405_539_HLLNCDSX3_4_1451_30409_6715_1_231_+_018312b314ec0e3d7060fd278ef283f4,WP_433093098.1,52.000,75,36,0,4,228,160,234,8.67e-18,85.5,68.00,1,0
A00405_539_HLLNCDSX3_4_1451_30409_6715_1_231_+_018312b314ec0e3d7060fd278ef283f4,WP_387469126.1,54.054,74,34,0,4,225,258,331,9.05e-18,86.7,68.92,1,0
A00405_539_HLLNCDSX3_4_1451_30409_6715_1_231_+_018312b314ec0e3d7060fd278ef283f4,WP_109445781.1,60.274,73,29,0,7,225,275,347,9.64e-18,86.7,71.23,1,0
A00405_539_HLLNCDSX3_4_1451_30409_6715_1_231_+_018312b314ec0e3d7060fd278ef283f4,WP_393249745.1,57.534,73,31,0,7,225,269,341,9.71e-18,86.7,67.12,1,0
A00405_539_HLLNCDSX3_4_1451_30409_6715_1_231_+_018312b314ec0e3d7060fd278ef283f4,GHE04884.1,55.405,74,33,0,4,225,151,224,1.07e-17,85.1,67.57,1,0
A00405_539_HLLNCDSX3_4_1451_30409_6715_1_231_+_018312b314ec0e3d7060fd278ef283f4,WP_106585944.1,55.405,74,33,0,4,225,271,344,1.10e-17,86.7,71.62,1,0
A00405_539_HLLNCDSX3_4_1451_30409_6715_1_231_+_018312b314ec0e3d7060fd278ef283f4,HZN19878.1,53.425,73,34,0,7,225,269,341,1.34e-17,86.3,71.23,1,0
A00405_539_HLLNCDSX3_4_1451_30409_6715_1_231_+_018312b314ec0e3d7060fd278ef283f4,WP_397148758.1,54.054,74,34,0,7,228,116,189,1.36e-17,84.3,67.57,1,0
A00405_539_HLLNCDSX3_4_1451_30409_6715_1_231_+_018312b314ec0e3d7060fd278ef283f4,WP_326693845.1,55.714,70,31,0,16,225,277,346,1.39e-17,86.3,70.00,1,0
A00405_539_HLLNCDSX3_4_1451_30409_6715_1_231_+_018312b314ec0e3d7060fd278ef283f4,WP_238497455.1,50.685,73,36,0,7,225,1,73,1.47e-17,81.6,67.12,1,0
A00405_539_HLLNCDSX3_4_1451_30409_6715_1_231_+_018312b314ec0e3d7060fd278ef283f4,WP_143488894.1,54.054,74,34,0,7,228,275,348,1.50e-17,86.7,70.27,1,0
A00405_539_HLLNCDSX3_4_1451_30409_6715_1_231_+_018312b314ec0e3d7060fd278ef283f4,AAC23896.1,54.795,73,33,0,7,225,36,108,1.59e-17,81.3,68.49,1,0
A00405_539_HLLNCDSX3_4_1451_30409_6715_1_231_+_018312b314ec0e3d7060fd278ef283f4,WP_077964041.1,59.722,72,29,0,10,225,273,344,1.62e-17,86.3,70.83,1,0
A00405_539_HLLNCDSX3_4_1451_30409_6715_1_231_+_018312b314ec0e3d7060fd278ef283f4,WP_378349089.1,54.167,72,33,0,10,225,271,342,1.65e-17,85.9,72.22,1,0
A00405_539_HLLNCDSX3_4_1451_30409_6715_1_231_+_018312b314ec0e3d7060fd278ef283f4,WP_355444489.1,60.000,70,28,0,16,225,273,342,1.68e-17,85.9,71.43,1,0
A00405_539_HLLNCDSX3_4_1451_30409_6715_1_231_+_018312b314ec0e3d7060fd278ef283f4,WP_409128896.1,52.857,70,33,0,16,225,141,210,1.86e-17,84.3,70.00,1,0
A00405_539_HLLNCDSX3_4_1451_30409_6715_1_231_+_018312b314ec0e3d7060fd278ef283f4,MEU5839978.1,53.521,71,33,0,13,225,275,345,1.87e-17,85.9,70.42,1,0
A00405_539_HLLNCDSX3_4_1451_30409_6715_1_231_+_018312b314ec0e3d7060fd278ef283f4,WP_450741650.1,53.425,73,34,0,7,225,222,294,1.88e-17,85.5,71.23,1,0
A00405_539_HLLNCDSX3_4_1451_30409_6715_1_231_+_018312b314ec0e3d7060fd278ef283f4,WP_479112970.1,58.904,73,30,0,7,225,276,348,1.90e-17,85.9,71.23,1,0
A00405_539_HLLNCDSX3_4_1451_30409_6715_1_231_+_018312b314ec0e3d7060fd278ef283f4,WP_365829463.1,54.286,70,32,0,16,225,278,347,1.98e-17,85.9,71.43,1,0
A00405_539_HLLNCDSX3_4_1451_30409_6715_1_231_+_018312b314ec0e3d7060fd278ef283f4,WP_103939840.1,55.405,74,33,0,4,225,274,347,2.01e-17,85.9,70.27,1,0
A00405_539_HLLNCDSX3_4_1451_30409_6715_1_231_+_018312b314ec0e3d7060fd278ef283f4,WP_366396087.1,54.795,73,33,0,7,225,279,351,2.05e-17,85.9,68.49,1,0
A00405_539_HLLNCDSX3_4_1451_30409_6715_1_231_+_018312b314ec0e3d7060fd278ef283f4,MFO1304749.1,58.571,70,29,0,16,225,274,343,2.08e-17,85.9,68.57,1,0
A00405_539_HLLNCDSX3_4_1451_30409_6715_1_231_+_018312b314ec0e3d7060fd278ef283f4,WP_358803210.1,54.795,73,33,0,7,225,267,339,2.16e-17,85.9,71.23,1,0
A00405_539_HLLNCDSX3_4_1451_30409_6715_1_231_+_018312b314ec0e3d7060fd278ef283f4,MHH9276666.1,54.795,73,33,0,7,225,272,344,2.21e-17,85.9,72.60,1,0
A00405_539_HLLNCDSX3_4_1451_30409_6715_1_231_+_018312b314ec0e3d7060fd278ef283f4,WP_251090085.1,57.143,70,30,0,19,228,291,360,2.22e-17,85.9,74.29,1,0
A00405_539_HLLNCDSX3_4_1451_30409_6715_1_231_+_018312b314ec0e3d7060fd278ef283f4,WP_045300282.1,57.534,73,31,0,7,225,288,360,2.26e-17,85.9,71.23,1,0
A00405_539_HLLNCDSX3_4_1451_30409_6715_1_231_+_018312b314ec0e3d7060fd278ef283f4,HEY4023764.1,56.164,73,32,0,7,225,104,176,2.35e-17,83.6,65.75,1,0
A00405_539_HLLNCDSX3_4_1451_30409_6715_1_231_+_018312b314ec0e3d7060fd278ef283f4,WP_344887078.1,54.795,73,33,0,7,225,275,347,2.36e-17,85.5,68.49,1,0
A00405_539_HLLNCDSX3_4_1451_30409_6715_1_231_+_018312b314ec0e3d7060fd278ef283f4,MER5971001.1,54.054,74,34,0,4,225,263,336,2.41e-17,85.5,67.57,1,0
A00405_539_HLLNCDSX3_4_1451_30409_6715_1_231_+_018312b314ec0e3d7060fd278ef283f4,WP_404107948.1,56.000,75,33,0,1,225,273,347,2.43e-17,85.5,68.00,1,0
A00405_539_HLLNCDSX3_4_1451_30409_6715_1_231_+_018312b314ec0e3d7060fd278ef283f4,WP_453227619.1,57.534,73,31,0,7,225,227,299,2.46e-17,85.1,69.86,1,0
A00405_539_HLLNCDSX3_4_1451_30409_6715_1_231_+_018312b314ec0e3d7060fd278ef283f4,WP_296560644.1,56.757,74,32,0,7,228,281,354,2.48e-17,85.5,66.22,1,0
A00405_539_HLLNCDSX3_4_1451_30409_6715_1_231_+_018312b314ec0e3d7060fd278ef283f4,WP_232638716.1,53.425,73,34,0,7,225,258,330,2.60e-17,85.5,67.12,1,0
A00405_539_HLLNCDSX3_4_1451_30409_6715_1_231_+_018312b314ec0e3d7060fd278ef283f4,WP_152363587.1,55.405,74,33,0,4,225,274,347,2.61e-17,85.5,67.57,1,0
A00405_539_HLLNCDSX3_4_1451_30409_6715_1_231_+_018312b314ec0e3d7060fd278ef283f4,WP_403650741.1,53.333,75,35,0,1,225,267,341,2.77e-17,85.5,69.33,1,0
A00405_539_HLLNCDSX3_4_1451_30409_6715_1_231_+_018312b314ec0e3d7060fd278ef283f4,WP_377499790.1,55.405,74,33,0,4,225,270,343,2.85e-17,85.5,67.57,1,0
A00405_539_HLLNCDSX3_4_1451_30409_6715_1_231_+_018312b314ec0e3d7060fd278ef283f4,WP_119098887.1,51.351,74,36,0,4,225,273,346,2.89e-17,85.5,70.27,1,0
A00405_539_HLLNCDSX3_4_1451_30409_6715_1_231_+_018312b314ec0e3d7060fd278ef283f4,MEI7784852.1,55.405,74,33,0,4,225,279,352,2.96e-17,85.5,68.92,1,0
A00405_539_HLLNCDSX3_4_1451_30409_6715_1_231_+_018312b314ec0e3d7060fd278ef283f4,WP_301971045.1,52.857,70,33,0,16,225,278,347,2.96e-17,85.5,71.43,1,0
A00405_539_HLLNCDSX3_4_1451_30409_6715_1_231_+_018312b314ec0e3d7060fd278ef283f4,WP_364326658.1,58.904,73,30,0,7,225,258,330,2.96e-17,85.1,69.86,1,0
A00405_539_HLLNCDSX3_4_1451_30409_6715_1_231_+_018312b314ec0e3d7060fd278ef283f4,GAA2955755.1,57.534,73,31,0,7,225,192,264,3.10e-17,84.7,68.49,1,0
A00405_539_HLLNCDSX3_4_1451_30409_6715_1_231_+_018312b314ec0e3d7060fd278ef283f4,WP_238505394.1,53.425,73,34,0,7,225,275,347,3.13e-17,85.5,69.86,1,0
A00405_539_HLLNCDSX3_4_1451_30409_6715_1_231_+_018312b314ec0e3d7060fd278ef283f4,MEU7162930.1,58.904,73,30,0,7,225,199,271,3.19e-17,84.7,68.49,1,0
A00405_539_HLLNCDSX3_4_1451_30409_6715_1_231_+_018312b314ec0e3d7060fd278ef283f4,WP_391618140.1,56.000,75,33,0,1,225,273,347,3.29e-17,85.1,66.67,1,0
A00405_539_HLLNCDSX3_4_1451_30409_6715_1_231_+_018312b314ec0e3d7060fd278ef283f4,WP_396416772.1,58.571,70,29,0,16,225,276,345,3.39e-17,85.1,68.57,1,0
A00405_539_HLLNCDSX3_4_1451_30409_6715_1_231_+_018312b314ec0e3d7060fd278ef283f4,WP_161357813.1,58.904,73,30,0,7,225,277,349,3.46e-17,85.1,69.86,1,0
A00405_539_HLLNCDSX3_4_1451_30409_6715_1_231_+_018312b314ec0e3d7060fd278ef283f4,MET0496454.1,54.795,73,33,0,7,225,257,329,3.46e-17,85.1,69.86,1,0
A00405_539_HLLNCDSX3_4_2536_7952_30984_1_279_+_0477fcf26c74fdea1d47fdaf9816091b,WP_374467089.1,100.000,92,0,0,1,276,120,211,1.02e-55,187,100.00,1,0
A00405_539_HLLNCDSX3_4_2536_7952_30984_1_279_+_0477fcf26c74fdea1d47fdaf9816091b,WP_409764571.1,86.957,92,12,0,1,276,120,211,2.68e-48,168,93.48,1,0
A00405_539_HLLNCDSX3_4_2536_7952_30984_1_279_+_0477fcf26c74fdea1d47fdaf9816091b,WP_324221647.1,76.667,90,21,0,1,270,120,209,1.87e-38,142,84.44,1,0
A00405_539_HLLNCDSX3_4_2536_7952_30984_1_279_+_0477fcf26c74fdea1d47fdaf9816091b,WP_341909303.1,71.739,92,26,0,1,276,120,211,5.56e-34,130,78.26,1,0
A00405_539_HLLNCDSX3_4_2536_7952_30984_1_279_+_0477fcf26c74fdea1d47fdaf9816091b,WP_297683736.1,70.652,92,27,0,1,276,120,211,5.62e-34,130,78.26,1,0
A00405_539_HLLNCDSX3_4_2536_7952_30984_1_279_+_0477fcf26c74fdea1d47fdaf9816091b,MBL8807951.1,65.934,91,31,0,4,276,121,211,9.90e-31,122,75.82,1,0
A00405_539_HLLNCDSX3_4_2536_7952_30984_1_279_+_0477fcf26c74fdea1d47fdaf9816091b,MBL8833448.1,67.416,89,29,0,4,270,121,209,1.07e-30,122,75.28,1,0
A00405_539_HLLNCDSX3_4_2536_7952_30984_1_279_+_0477fcf26c74fdea1d47fdaf9816091b,MFY7782033.1,65.934,91,31,0,4,276,73,163,1.98e-30,120,75.82,1,0
A00405_539_HLLNCDSX3_4_2536_7952_30984_1_279_+_0477fcf26c74fdea1d47fdaf9816091b,MCA3267444.1,65.934,91,31,0,4,276,126,216,3.60e-30,121,75.82,1,0
A00405_539_HLLNCDSX3_4_2536_7952_30984_1_279_+_0477fcf26c74fdea1d47fdaf9816091b,MCM0020586.1,67.033,91,30,0,4,276,121,211,6.09e-30,120,73.63,1,0
A00405_539_HLLNCDSX3_4_2536_7952_30984_1_279_+_0477fcf26c74fdea1d47fdaf9816091b,WP_428245991.1,65.217,92,31,1,1,273,120,211,6.47e-30,120,80.43,1,0
A00405_539_HLLNCDSX3_4_2536_7952_30984_1_279_+_0477fcf26c74fdea1d47fdaf9816091b,MCZ8309568.1,65.169,89,31,0,4,270,121,209,8.21e-29,117,73.03,1,0
A00405_539_HLLNCDSX3_4_2536_7952_30984_1_279_+_0477fcf26c74fdea1d47fdaf9816091b,MBI1244027.1,63.736,91,33,0,4,276,200,290,1.81e-28,117,72.53,1,0
A00405_539_HLLNCDSX3_4_2536_7952_30984_1_279_+_0477fcf26c74fdea1d47fdaf9816091b,WP_293390219.1,64.444,90,31,1,1,267,131,220,6.59e-28,115,77.78,1,0
A00405_539_HLLNCDSX3_4_2536_7952_30984_1_279_+_0477fcf26c74fdea1d47fdaf9816091b,WP_416899732.1,59.783,92,37,0,1,276,121,212,5.49e-27,112,72.83,1,0
A00405_539_HLLNCDSX3_4_2536_7952_30984_1_279_+_0477fcf26c74fdea1d47fdaf9816091b,MCG8694247.1,60.215,93,33,1,4,270,117,209,1.42e-26,111,73.12,1,0
A00405_539_HLLNCDSX3_4_2536_7952_30984_1_279_+_0477fcf26c74fdea1d47fdaf9816091b,MGQ0696708.1,62.222,90,33,1,4,270,123,212,7.69e-26,109,76.67,1,0
A00405_539_HLLNCDSX3_4_2536_7952_30984_1_279_+_0477fcf26c74fdea1d47fdaf9816091b,MBI3503216.1,67.442,86,28,0,13,270,132,217,1.27e-25,108,77.91,1,0
A00405_539_HLLNCDSX3_4_2536_7952_30984_1_279_+_0477fcf26c74fdea1d47fdaf9816091b,MCW5730765.1,55.435,92,41,0,1,276,122,213,2.77e-25,108,71.74,1,0
A00405_539_HLLNCDSX3_4_2536_7952_30984_1_279_+_0477fcf26c74fdea1d47fdaf9816091b,MEC9347324.1,61.111,90,35,0,1,270,123,212,3.85e-25,107,72.22,1,0
A00405_539_HLLNCDSX3_4_2536_7952_30984_1_279_+_0477fcf26c74fdea1d47fdaf9816091b,WP_164516375.1,58.696,92,38,0,1,276,121,212,5.58e-25,107,69.57,1,0
A00405_539_HLLNCDSX3_4_2536_7952_30984_1_279_+_0477fcf26c74fdea1d47fdaf9816091b,MGE0733746.1,58.889,90,33,1,4,261,117,206,1.31e-24,106,73.33,1,0
A00405_539_HLLNCDSX3_4_2536_7952_30984_1_279_+_0477fcf26c74fdea1d47fdaf9816091b,HAD08861.1,50.000,92,46,0,1,276,8,99,1.48e-24,101,72.83,1,0
A00405_539_HLLNCDSX3_4_2536_7952_30984_1_279_+_0477fcf26c74fdea1d47fdaf9816091b,MDF1722134.1,56.522,92,40,0,1,276,121,212,1.94e-24,105,68.48,1,0
A00405_539_HLLNCDSX3_4_2536_7952_30984_1_279_+_0477fcf26c74fdea1d47fdaf9816091b,WP_281019227.1,55.435,92,41,0,1,276,121,212,3.52e-24,105,69.57,1,0
A00405_539_HLLNCDSX3_4_2536_7952_30984_1_279_+_0477fcf26c74fdea1d47fdaf9816091b,MCZ6588280.1,53.333,90,42,0,1,270,120,209,3.71e-24,103,70.00,1,0
A00405_539_HLLNCDSX3_4_2536_7952_30984_1_279_+_0477fcf26c74fdea1d47fdaf9816091b,MSP87446.1,54.348,92,42,0,1,276,120,211,4.28e-24,104,69.57,1,0
A00405_539_HLLNCDSX3_4_2536_7952_30984_1_279_+_0477fcf26c74fdea1d47fdaf9816091b,MCZ6844462.1,52.222,90,43,0,1,270,120,209,4.64e-24,100,68.89,1,0
A00405_539_HLLNCDSX3_4_2536_7952_30984_1_279_+_0477fcf26c74fdea1d47fdaf9816091b,MDH3739039.1,51.111,90,44,0,1,270,65,154,6.46e-24,103,71.11,1,0
A00405_539_HLLNCDSX3_4_2536_7952_30984_1_279_+_0477fcf26c74fdea1d47fdaf9816091b,MFO0987598.1,60.000,90,31,1,4,258,118,207,6.46e-24,104,70.00,1,0
A00405_539_HLLNCDSX3_4_2536_7952_30984_1_279_+_0477fcf26c74fdea1d47fdaf9816091b,MHD7311587.1,62.500,80,30,0,37,276,141,220,1.19e-23,103,72.50,1,0
A00405_539_HLLNCDSX3_4_2536_7952_30984_1_279_+_0477fcf26c74fdea1d47fdaf9816091b,MBQ0718607.1,51.087,92,45,0,1,276,123,214,2.14e-23,102,70.65,1,0
A00405_539_HLLNCDSX3_4_2536_7952_30984_1_279_+_0477fcf26c74fdea1d47fdaf9816091b,MIA1565902.1,53.333,90,42,0,1,270,126,215,2.27e-23,102,70.00,1,0
A00405_539_HLLNCDSX3_4_2536_7952_30984_1_279_+_0477fcf26c74fdea1d47fdaf9816091b,MCZ6839785.1,52.222,90,43,0,1,270,120,209,2.42e-23,102,68.89,1,0
A00405_539_HLLNCDSX3_4_2536_7952_30984_1_279_+_0477fcf26c74fdea1d47fdaf9816091b,MGQ0664251.1,54.348,92,42,0,1,276,120,211,2.60e-23,102,70.65,1,0
A00405_539_HLLNCDSX3_4_2536_7952_30984_1_279_+_0477fcf26c74fdea1d47fdaf9816091b,WP_417517013.1,56.522,92,40,0,1,276,121,212,3.34e-23,102,69.57,1,0
A00405_539_HLLNCDSX3_4_2536_7952_30984_1_279_+_0477fcf26c74fdea1d47fdaf9816091b,MGK2913025.1,50.549,91,45,0,1,273,123,213,4.88e-23,102,72.53,1,0
A00405_539_HLLNCDSX3_4_2536_7952_30984_1_279_+_0477fcf26c74fdea1d47fdaf9816091b,MHS2243389.1,55.556,90,35,1,4,258,118,207,5.32e-23,98.6,67.78,1,0
A00405_539_HLLNCDSX3_4_2536_7952_30984_1_279_+_0477fcf26c74fdea1d47fdaf9816091b,MBV1929657.1,51.087,92,45,0,1,276,123,214,5.81e-23,101,71.74,1,0
A00405_539_HLLNCDSX3_4_2536_7952_30984_1_279_+_0477fcf26c74fdea1d47fdaf9816091b,HZS81891.1,53.333,90,42,0,1,270,120,209,6.30e-23,101,68.89,1,0
A00405_539_HLLNCDSX3_4_2536_7952_30984_1_279_+_0477fcf26c74fdea1d47fdaf9816091b,HYM30691.1,52.632,95,41,1,4,276,120,214,8.03e-23,101,69.47,1,0
A00405_539_HLLNCDSX3_4_2536_7952_30984_1_279_+_0477fcf26c74fdea1d47fdaf9816091b,MHZ0754416.1,50.000,90,45,0,1,270,59,148,1.07e-22,100,71.11,1,0
A00405_539_HLLNCDSX3_4_2536_7952_30984_1_279_+_0477fcf26c74fdea1d47fdaf9816091b,MCW5772271.1,55.556,90,35,1,4,258,118,207,1.25e-22,100,70.00,1,0
A00405_539_HLLNCDSX3_4_2536_7952_30984_1_279_+_0477fcf26c74fdea1d47fdaf9816091b,MBL4781260.1,52.174,92,44,0,1,276,123,214,1.28e-22,100,68.48,1,0
A00405_539_HLLNCDSX3_4_2536_7952_30984_1_279_+_0477fcf26c74fdea1d47fdaf9816091b,HCO58798.1,50.000,92,46,0,1,276,123,214,1.43e-22,100,72.83,1,0
A00405_539_HLLNCDSX3_4_2536_7952_30984_1_279_+_0477fcf26c74fdea1d47fdaf9816091b,MBV1932633.1,49.451,91,46,0,1,273,123,213,1.50e-22,100,72.53,1,0
A00405_539_HLLNCDSX3_4_2536_7952_30984_1_279_+_0477fcf26c74fdea1d47fdaf9816091b,MHK0155466.1,57.955,88,35,1,1,258,121,208,3.17e-22,99.8,70.45,1,0
A00405_539_HLLNCDSX3_4_2536_7952_30984_1_279_+_0477fcf26c74fdea1d47fdaf9816091b,MCL6640088.1,50.000,92,46,0,1,276,95,186,3.51e-22,99.4,67.39,1,0
A00405_539_HLLNCDSX3_4_2536_7952_30984_1_279_+_0477fcf26c74fdea1d47fdaf9816091b,MIJ6518836.1,51.087,92,45,0,1,276,73,164,3.56e-22,99.0,66.30,1,0
A00405_539_HLLNCDSX3_4_2536_7952_30984_1_279_+_0477fcf26c74fdea1d47fdaf9816091b,MHS7044451.1,48.352,91,47,0,1,273,123,213,3.64e-22,99.8,72.53,1,0
A00405_539_HLLNCDSX3_4_2536_7952_30984_1_279_+_0477fcf26c74fdea1d47fdaf9816091b,MBQ0798734.1,50.000,92,46,0,1,276,123,214,3.80e-22,99.8,69.57,1,0
A00405_539_HLLNCDSX3_4_2536_7952_30984_1_279_+_0477fcf26c74fdea1d47fdaf9816091b,MHE6230232.1,47.826,92,48,0,1,276,123,214,4.27e-22,99.4,72.83,1,0
A00405_539_HLLNCDSX3_4_2536_7952_30984_1_279_+_0477fcf26c74fdea1d47fdaf9816091b,MGH7005916.1,56.667,90,34,1,4,258,118,207,6.39e-22,98.6,68.89,1,0
A00405_539_HLLNCDSX3_4_2536_7952_30984_1_279_+_0477fcf26c74fdea1d47fdaf9816091b,MHL7291085.1,54.444,90,41,0,1,270,121,210,1.03e-21,98.2,72.22,1,0
A00405_539_HLLNCDSX3_4_2536_7952_30984_1_279_+_0477fcf26c74fdea1d47fdaf9816091b,MBT3699893.1,50.000,92,46,0,1,276,126,217,1.08e-21,98.6,68.48,1,0
A00405_539_HLLNCDSX3_4_2536_7952_30984_1_279_+_0477fcf26c74fdea1d47fdaf9816091b,HEY7609794.1,55.556,90,35,1,4,258,118,207,1.13e-21,98.2,68.89,1,0
A00405_539_HLLNCDSX3_4_2536_7952_30984_1_279_+_0477fcf26c74fdea1d47fdaf9816091b,MGI9482592.1,55.556,90,40,0,1,270,109,198,1.33e-21,97.8,67.78,1,0
A00405_539_HLLNCDSX3_4_2536_7952_30984_1_279_+_0477fcf26c74fdea1d47fdaf9816091b,MHS5108849.1,54.545,88,40,0,13,276,124,211,1.50e-21,98.6,72.73,1,0
A00405_539_HLLNCDSX3_4_2536_7952_30984_1_279_+_0477fcf26c74fdea1d47fdaf9816091b,MGO8917629.1,51.648,91,44,0,1,273,120,210,1.52e-21,97.8,67.03,1,0
A00405_539_HLLNCDSX3_4_2536_7952_30984_1_279_+_0477fcf26c74fdea1d47fdaf9816091b,MIJ5865331.1,51.111,90,44,0,1,270,120,209,2.36e-21,97.4,65.56,1,0
A00405_539_HLLNCDSX3_4_2536_7952_30984_1_279_+_0477fcf26c74fdea1d47fdaf9816091b,MDH3233135.1,51.087,92,45,0,1,276,132,223,2.49e-21,97.4,64.13,1,0
A00405_539_HLLNCDSX3_4_2536_7952_30984_1_279_+_0477fcf26c74fdea1d47fdaf9816091b,HEX9463864.1,50.000,90,45,0,1,270,119,208,2.67e-21,97.1,67.78,1,0
A00405_539_HLLNCDSX3_4_2536_7952_30984_1_279_+_0477fcf26c74fdea1d47fdaf9816091b,MBV8753219.1,51.087,92,45,0,1,276,120,211,3.13e-21,97.1,67.39,1,0
A00405_539_HLLNCDSX3_4_2536_7952_30984_1_279_+_0477fcf26c74fdea1d47fdaf9816091b,HXW24194.1,50.549,91,45,0,1,273,125,215,3.74e-21,93.6,63.74,1,0
A00405_539_HLLNCDSX3_4_2536_7952_30984_1_279_+_0477fcf26c74fdea1d47fdaf9816091b,MII8546731.1,47.826,92,48,0,1,276,35,126,3.74e-21,95.5,68.48,1,0
A00405_539_HLLNCDSX3_4_2536_7952_30984_1_279_+_0477fcf26c74fdea1d47fdaf9816091b,MIJ4797677.1,54.839,93,36,1,1,261,126,218,4.96e-21,95.5,65.59,1,0
A00405_539_HLLNCDSX3_4_2536_7952_30984_1_279_+_0477fcf26c74fdea1d47fdaf9816091b,MHD9773501.1,56.667,90,33,1,1,252,123,212,5.20e-21,96.3,70.00,1,0
A00405_539_HLLNCDSX3_4_2536_7952_30984_1_279_+_0477fcf26c74fdea1d47fdaf9816091b,MFT3765420.1,52.273,88,42,0,13,276,124,211,5.61e-21,97.1,72.73,1,0
A00405_539_HLLNCDSX3_4_2536_7952_30984_1_279_+_0477fcf26c74fdea1d47fdaf9816091b,MBT5111044.1,51.613,93,44,1,1,276,120,212,5.83e-21,96.3,68.82,1,0
A00405_539_HLLNCDSX3_4_2536_7952_30984_1_279_+_0477fcf26c74fdea1d47fdaf9816091b,MEQ9639731.1,54.348,92,42,0,1,276,123,214,7.24e-21,96.3,67.39,1,0
A00405_539_HLLNCDSX3_4_2536_7952_30984_1_279_+_0477fcf26c74fdea1d47fdaf9816091b,WP_281311832.1,53.409,88,41,0,13,276,124,211,7.79e-21,96.3,70.45,1,0
A00405_539_HLLNCDSX3_4_2536_7952_30984_1_279_+_0477fcf26c74fdea1d47fdaf9816091b,MII9084631.1,48.913,92,47,0,1,276,126,217,8.49e-21,95.9,67.39,1,0
A00405_539_HLLNCDSX3_4_2536_7952_30984_1_279_+_0477fcf26c74fdea1d47fdaf9816091b,WP_372072505.1,50.000,92,46,0,1,276,120,211,9.03e-21,95.9,68.48,1,0
A00405_539_HLLNCDSX3_4_2536_7952_30984_1_279_+_0477fcf26c74fdea1d47fdaf9816091b,MHL0191790.1,51.087,92,45,0,1,276,125,216,9.84e-21,95.9,67.39,1,0
A00405_539_HLLNCDSX3_4_2536_7952_30984_1_279_+_0477fcf26c74fdea1d47fdaf9816091b,MII9075815.1,54.839,93,36,1,1,261,101,193,1.15e-20,95.5,65.59,1,0
A00405_539_HLLNCDSX3_4_2536_7952_30984_1_279_+_0477fcf26c74fdea1d47fdaf9816091b,MHS3172263.1,55.556,90,40,0,1,270,120,209,1.29e-20,95.5,67.78,1,0
A00405_539_HLLNCDSX3_4_2536_7952_30984_1_279_+_0477fcf26c74fdea1d47fdaf9816091b,MEQ8347943.1,50.000,92,46,0,1,276,120,211,1.70e-20,95.1,65.22,1,0
A00405_539_HLLNCDSX3_4_2536_7952_30984_1_279_+_0477fcf26c74fdea1d47fdaf9816091b,MBX3421158.1,48.889,90,46,0,1,270,120,209,1.99e-20,94.7,70.00,1,0
A00405_539_HLLNCDSX3_4_2536_7952_30984_1_279_+_0477fcf26c74fdea1d47fdaf9816091b,WP_501272912.1,52.273,88,42,0,13,276,124,211,2.02e-20,95.5,70.45,1,0
A00405_539_HLLNCDSX3_4_2536_7952_30984_1_279_+_0477fcf26c74fdea1d47fdaf9816091b,HVK68041.1,52.632,95,41,1,4,276,117,211,2.13e-20,94.7,67.37,1,0
A00405_539_HLLNCDSX3_4_2536_7952_30984_1_279_+_0477fcf26c74fdea1d47fdaf9816091b,MIH3969790.1,53.333,75,35,0,46,270,5,79,2.19e-20,92.8,74.67,1,0
A00405_539_HLLNCDSX3_4_2536_7952_30984_1_279_+_0477fcf26c74fdea1d47fdaf9816091b,MDJ0948135.1,48.913,92,47,0,1,276,120,211,2.21e-20,94.7,67.39,1,0
A00405_539_HLLNCDSX3_4_2536_7952_30984_1_279_+_0477fcf26c74fdea1d47fdaf9816091b,MHS8009474.1,47.778,90,47,0,1,270,120,209,2.37e-20,94.7,64.44,1,0
A00405_539_HLLNCDSX3_4_2536_7952_30984_1_279_+_0477fcf26c74fdea1d47fdaf9816091b,HVK70522.1,51.579,95,42,1,4,276,51,145,3.18e-20,93.6,67.37,1,0
A00405_539_HLLNCDSX3_4_2536_7952_30984_1_279_+_0477fcf26c74fdea1d47fdaf9816091b,MEZ0154521.1,47.826,92,48,0,1,276,123,214,3.23e-20,94.4,68.48,1,0
A00405_539_HLLNCDSX3_4_2536_7952_30984_1_279_+_0477fcf26c74fdea1d47fdaf9816091b,HAC90102.1,45.652,92,50,0,1,276,120,211,3.70e-20,94.4,69.57,1,0
A00405_539_HLLNCDSX3_4_2536_7952_30984_1_279_+_0477fcf26c74fdea1d47fdaf9816091b,HXZ02468.1,48.913,92,47,0,1,276,119,210,4.02e-20,94.0,64.13,1,0
A00405_539_HLLNCDSX3_4_2536_7952_30984_1_279_+_0477fcf26c74fdea1d47fdaf9816091b,MII1931109.1,52.632,95,41,1,4,276,117,211,4.76e-20,94.4,67.37,1,0
A00405_539_HLLNCDSX3_4_2536_7952_30984_1_279_+_0477fcf26c74fdea1d47fdaf9816091b,WP_483278624.1,48.913,92,47,0,1,276,120,211,5.70e-20,94.0,67.39,1,0
A00405_539_HLLNCDSX3_4_2536_7952_30984_1_279_+_0477fcf26c74fdea1d47fdaf9816091b,MGI8925787.1,48.352,91,47,0,4,276,121,211,7.08e-20,93.6,65.93,1,0
A00405_539_HLLNCDSX3_4_2536_7952_30984_1_279_+_0477fcf26c74fdea1d47fdaf9816091b,MEL0113480.1,43.617,94,49,1,1,270,20,113,7.21e-20,87.8,67.02,1,0
A00405_539_HLLNCDSX3_4_2536_7952_30984_1_279_+_0477fcf26c74fdea1d47fdaf9816091b,MFN0313521.1,52.564,78,37,0,1,234,116,193,7.37e-20,89.7,70.51,1,0
A00405_539_HLLNCDSX3_4_2536_7952_30984_1_279_+_0477fcf26c74fdea1d47fdaf9816091b,MBX9656690.1,46.667,90,48,0,1,270,10,99,7.96e-20,92.0,66.67,1,0
A00405_539_HLLNCDSX3_4_2536_7952_30984_1_279_+_0477fcf26c74fdea1d47fdaf9816091b,MHS1071813.1,48.913,92,47,0,1,276,125,216,9.53e-20,93.2,67.39,1,0
A00405_539_HLLNCDSX3_4_2536_7952_30984_1_279_+_0477fcf26c74fdea1d47fdaf9816091b,MBI3709497.1,48.387,93,47,1,1,276,124,216,1.06e-19,92.8,68.82,1,0
A00405_539_HLLNCDSX3_4_2536_7952_30984_1_279_+_0477fcf26c74fdea1d47fdaf9816091b,MBM3600902.1,50.000,92,46,0,1,276,132,223,1.07e-19,92.8,66.30,1,0
A00405_539_HLLNCDSX3_4_2536_7952_30984_1_279_+_0477fcf26c74fdea1d47fdaf9816091b,MHT5639833.1,47.826,92,48,0,1,276,119,210,1.46e-19,92.4,67.39,1,0
A00405_539_HLLNCDSX3_4_2536_7952_30984_1_279_+_0477fcf26c74fdea1d47fdaf9816091b,RLA47646.1,48.352,91,47,0,1,273,123,213,1.48e-19,92.4,71.43,1,0
A00405_539_HLLNCDSX3_4_2536_7952_30984_1_279_+_0477fcf26c74fdea1d47fdaf9816091b,HEV3184070.1,48.913,92,47,0,1,276,121,212,1.54e-19,92.4,67.39,1,0
A00405_539_HLLNCDSX3_4_2536_7952_30984_1_279_+_0477fcf26c74fdea1d47fdaf9816091b,MBK9428625.1,46.154,91,49,0,1,273,123,213,1.61e-19,92.4,67.03,1,0
A00405_539_HLLNCDSX3_4_2551_12111_17769_1_219_+_098c6c33e8818da39a9487e619435839,WP_374467089.1,92.537,67,5,0,1,201,340,406,5.14e-33,127,94.03,1,0
A00405_539_HLLNCDSX3_4_2551_12111_17769_1_219_+_098c6c33e8818da39a9487e619435839,WP_409764571.1,85.075,67,10,0,1,201,340,406,1.49e-30,120,91.04,1,0
A00405_539_HLLNCDSX3_4_2551_12111_17769_1_219_+_098c6c33e8818da39a9487e619435839,WP_297683736.1,87.302,63,8,0,1,189,340,402,6.03e-28,114,93.65,1,0
A00405_539_HLLNCDSX3_4_2551_12111_17769_1_219_+_098c6c33e8818da39a9487e619435839,WP_341909303.1,84.127,63,10,0,1,189,340,402,7.59e-27,111,93.65,1,0
A00405_539_HLLNCDSX3_4_2551_12111_17769_1_219_+_098c6c33e8818da39a9487e619435839,WP_324221647.1,76.667,60,14,0,10,189,342,401,2.32e-23,102,88.33,1,0
A00405_539_HLLNCDSX3_4_2551_12111_17769_1_219_+_098c6c33e8818da39a9487e619435839,WP_428245991.1,68.657,67,21,0,1,201,337,403,7.36e-21,95.1,74.63,1,0
A00405_539_HLLNCDSX3_4_2551_12111_17769_1_219_+_098c6c33e8818da39a9487e619435839,HUF91632.1,62.687,67,25,0,1,201,192,258,4.82e-19,88.2,73.13,1,0
A00405_539_HLLNCDSX3_4_2551_12111_17769_1_219_+_098c6c33e8818da39a9487e619435839,MGY8960493.1,61.667,60,23,0,10,189,160,219,5.09e-19,87.4,80.00,1,0
A00405_539_HLLNCDSX3_4_2551_12111_17769_1_219_+_098c6c33e8818da39a9487e619435839,MEM1315196.1,57.377,61,26,0,7,189,39,99,1.45e-18,83.2,77.05,1,0
A00405_539_HLLNCDSX3_4_2551_12111_17769_1_219_+_098c6c33e8818da39a9487e619435839,MEQ9639731.1,64.062,64,22,1,1,189,343,406,1.96e-18,88.6,78.12,1,0
A00405_539_HLLNCDSX3_4_2551_12111_17769_1_219_+_098c6c33e8818da39a9487e619435839,MDX1711548.1,66.154,65,21,1,1,192,349,413,3.03e-18,88.2,80.00,1,0
A00405_539_HLLNCDSX3_4_2551_12111_17769_1_219_+_098c6c33e8818da39a9487e619435839,HZD25671.1,64.516,62,22,0,10,195,348,409,3.35e-18,87.8,80.65,1,0
A00405_539_HLLNCDSX3_4_2551_12111_17769_1_219_+_098c6c33e8818da39a9487e619435839,MHS0386846.1,66.667,63,20,1,13,198,346,408,6.54e-18,87.0,80.95,1,0
A00405_539_HLLNCDSX3_4_2551_12111_17769_1_219_+_098c6c33e8818da39a9487e619435839,MFT6583893.1,61.667,60,23,0,10,189,342,401,6.60e-18,87.0,80.00,1,0
A00405_539_HLLNCDSX3_4_2551_12111_17769_1_219_+_098c6c33e8818da39a9487e619435839,WP_164516375.1,64.062,64,22,1,1,189,341,404,1.84e-17,85.9,73.44,1,0
A00405_539_HLLNCDSX3_4_2551_12111_17769_1_219_+_098c6c33e8818da39a9487e619435839,MBT5111044.1,59.375,64,26,0,10,201,342,405,2.71e-17,85.5,73.44,1,0
A00405_539_HLLNCDSX3_4_2551_12111_17769_1_219_+_098c6c33e8818da39a9487e619435839,HKF71864.1,66.129,62,20,1,13,195,342,403,4.22e-17,84.7,80.65,1,0
A00405_539_HLLNCDSX3_4_2551_12111_17769_1_219_+_098c6c33e8818da39a9487e619435839,MCW5730765.1,60.606,66,25,1,1,195,341,406,5.42e-17,84.7,72.73,1,0
A00405_539_HLLNCDSX3_4_2551_12111_17769_1_219_+_098c6c33e8818da39a9487e619435839,MBL8672450.1,65.079,63,21,1,10,195,354,416,6.48e-17,84.3,77.78,1,0
A00405_539_HLLNCDSX3_4_2551_12111_17769_1_219_+_098c6c33e8818da39a9487e619435839,WP_379906633.1,62.121,66,24,1,1,195,341,406,7.69e-17,84.0,75.76,1,0
A00405_539_HLLNCDSX3_4_2551_12111_17769_1_219_+_098c6c33e8818da39a9487e619435839,WP_088110889.1,59.375,64,23,1,13,195,340,403,1.00e-16,83.6,71.88,1,0
A00405_539_HLLNCDSX3_4_2551_12111_17769_1_219_+_098c6c33e8818da39a9487e619435839,MCG8694247.1,54.795,73,32,1,1,216,340,412,1.25e-16,83.6,69.86,1,0
A00405_539_HLLNCDSX3_4_2551_12111_17769_1_219_+_098c6c33e8818da39a9487e619435839,WP_416899732.1,64.062,64,22,1,1,189,341,404,1.51e-16,83.2,71.88,1,0
A00405_539_HLLNCDSX3_4_2551_12111_17769_1_219_+_098c6c33e8818da39a9487e619435839,MEC9347324.1,62.500,64,23,1,1,189,343,406,1.58e-16,83.2,71.88,1,0
A00405_539_HLLNCDSX3_4_2551_12111_17769_1_219_+_098c6c33e8818da39a9487e619435839,WP_306305161.1,57.576,66,25,1,7,195,27,92,1.64e-16,77.4,74.24,1,0
A00405_539_HLLNCDSX3_4_2551_12111_17769_1_219_+_098c6c33e8818da39a9487e619435839,HZB43105.1,59.420,69,28,0,1,207,326,394,2.16e-16,82.8,72.46,1,0
A00405_539_HLLNCDSX3_4_2551_12111_17769_1_219_+_098c6c33e8818da39a9487e619435839,MEM6745585.1,56.250,64,28,0,7,198,345,408,2.40e-16,82.8,75.00,1,0
A00405_539_HLLNCDSX3_4_2551_12111_17769_1_219_+_098c6c33e8818da39a9487e619435839,MHT5273257.1,56.923,65,27,1,7,198,11,75,2.53e-16,76.6,70.77,1,0
A00405_539_HLLNCDSX3_4_2551_12111_17769_1_219_+_098c6c33e8818da39a9487e619435839,HMK67567.1,56.061,66,28,1,1,195,43,108,3.21e-16,77.4,77.27,1,0
A00405_539_HLLNCDSX3_4_2551_12111_17769_1_219_+_098c6c33e8818da39a9487e619435839,MDF1722134.1,60.938,64,24,1,1,189,341,404,4.20e-16,82.0,70.31,1,0
A00405_539_HLLNCDSX3_4_2551_12111_17769_1_219_+_098c6c33e8818da39a9487e619435839,MBY0509698.1,53.731,67,30,1,1,198,12,78,4.92e-16,75.9,73.13,1,0
A00405_539_HLLNCDSX3_4_2551_12111_17769_1_219_+_098c6c33e8818da39a9487e619435839,MDP6390159.1,58.730,63,25,1,10,195,348,410,5.02e-16,82.0,79.37,1,0
A00405_539_HLLNCDSX3_4_2551_12111_17769_1_219_+_098c6c33e8818da39a9487e619435839,HZS81891.1,62.500,64,23,1,1,189,340,403,5.36e-16,81.6,79.69,1,0
A00405_539_HLLNCDSX3_4_2551_12111_17769_1_219_+_098c6c33e8818da39a9487e619435839,MBI3709497.1,59.375,64,25,1,7,195,343,406,5.57e-16,81.6,79.69,1,0
A00405_539_HLLNCDSX3_4_2551_12111_17769_1_219_+_098c6c33e8818da39a9487e619435839,HTW03269.1,57.812,64,27,0,13,204,58,121,6.64e-16,77.0,70.31,1,0
A00405_539_HLLNCDSX3_4_2551_12111_17769_1_219_+_098c6c33e8818da39a9487e619435839,MHS0976694.1,60.606,66,25,1,1,195,350,415,1.15e-15,80.9,72.73,1,0
A00405_539_HLLNCDSX3_4_2551_12111_17769_1_219_+_098c6c33e8818da39a9487e619435839,OLD94505.1,59.016,61,25,0,13,195,195,255,1.17e-15,79.3,72.13,1,0
A00405_539_HLLNCDSX3_4_2551_12111_17769_1_219_+_098c6c33e8818da39a9487e619435839,MHM2149390.1,57.353,68,28,1,1,201,104,171,1.51e-15,77.4,72.06,1,0
A00405_539_HLLNCDSX3_4_2551_12111_17769_1_219_+_098c6c33e8818da39a9487e619435839,WP_281019227.1,60.938,64,24,1,1,189,341,404,1.68e-15,80.5,70.31,1,0
A00405_539_HLLNCDSX3_4_2551_12111_17769_1_219_+_098c6c33e8818da39a9487e619435839,HEX6417372.1,53.846,65,30,0,1,195,4,68,2.21e-15,74.3,72.31,1,0
A00405_539_HLLNCDSX3_4_2551_12111_17769_1_219_+_098c6c33e8818da39a9487e619435839,MHS3172263.1,59.375,64,25,1,1,189,340,403,2.31e-15,80.1,76.56,1,0
A00405_539_HLLNCDSX3_4_2551_12111_17769_1_219_+_098c6c33e8818da39a9487e619435839,PPR26410.1,63.333,60,21,1,19,195,342,401,2.49e-15,79.7,70.00,1,0
A00405_539_HLLNCDSX3_4_2551_12111_17769_1_219_+_098c6c33e8818da39a9487e619435839,MCH8849693.1,55.714,70,30,1,1,210,342,410,2.53e-15,79.7,72.86,1,0
A00405_539_HLLNCDSX3_4_2551_12111_17769_1_219_+_098c6c33e8818da39a9487e619435839,MHS0041717.1,63.158,57,20,1,1,168,114,170,2.58e-15,77.0,78.95,1,0
A00405_539_HLLNCDSX3_4_2551_12111_17769_1_219_+_098c6c33e8818da39a9487e619435839,MCW5772271.1,66.667,57,18,1,1,168,343,399,2.74e-15,79.7,77.19,1,0
A00405_539_HLLNCDSX3_4_2551_12111_17769_1_219_+_098c6c33e8818da39a9487e619435839,HEY6336365.1,52.113,71,33,1,7,216,199,269,2.76e-15,78.6,69.01,1,0
A00405_539_HLLNCDSX3_4_2551_12111_17769_1_219_+_098c6c33e8818da39a9487e619435839,MCB1512464.1,54.098,61,28,0,7,189,104,164,3.04e-15,76.3,68.85,1,0
A00405_539_HLLNCDSX3_4_2551_12111_17769_1_219_+_098c6c33e8818da39a9487e619435839,TMQ24698.1,62.295,61,22,1,16,195,343,403,3.16e-15,79.7,78.69,1,0
A00405_539_HLLNCDSX3_4_2551_12111_17769_1_219_+_098c6c33e8818da39a9487e619435839,WP_138834805.1,64.407,59,19,1,19,189,346,404,3.91e-15,79.3,77.97,1,0
A00405_539_HLLNCDSX3_4_2551_12111_17769_1_219_+_098c6c33e8818da39a9487e619435839,HEY7609794.1,64.912,57,19,1,1,168,343,399,4.16e-15,79.3,78.95,1,0
A00405_539_HLLNCDSX3_4_2551_12111_17769_1_219_+_098c6c33e8818da39a9487e619435839,HEX2115248.1,59.375,64,25,1,7,195,346,409,4.27e-15,79.3,75.00,1,0
A00405_539_HLLNCDSX3_4_2551_12111_17769_1_219_+_098c6c33e8818da39a9487e619435839,WTW65329.1,56.716,67,25,2,13,201,68,134,4.73e-15,75.1,70.15,1,0
A00405_539_HLLNCDSX3_4_2551_12111_17769_1_219_+_098c6c33e8818da39a9487e619435839,MEL0018390.1,51.515,66,31,1,1,195,344,409,4.75e-15,79.0,72.73,1,0
A00405_539_HLLNCDSX3_4_2551_12111_17769_1_219_+_098c6c33e8818da39a9487e619435839,PYO31649.1,56.061,66,28,1,1,195,338,403,4.75e-15,79.0,71.21,1,0
A00405_539_HLLNCDSX3_4_2551_12111_17769_1_219_+_098c6c33e8818da39a9487e619435839,MGH7278382.1,54.545,66,29,1,1,195,334,399,5.13e-15,79.0,72.73,1,0
A00405_539_HLLNCDSX3_4_2551_12111_17769_1_219_+_098c6c33e8818da39a9487e619435839,MIH3969790.1,58.065,62,23,2,16,195,213,273,5.35e-15,77.8,79.03,1,0
A00405_539_HLLNCDSX3_4_2551_12111_17769_1_219_+_098c6c33e8818da39a9487e619435839,HVM78369.1,57.576,66,27,1,1,195,340,405,5.50e-15,79.0,77.27,1,0
A00405_539_HLLNCDSX3_4_2551_12111_17769_1_219_+_098c6c33e8818da39a9487e619435839,WP_453749148.1,57.812,64,24,1,7,189,6,69,5.71e-15,73.2,70.31,1,0
A00405_539_HLLNCDSX3_4_2551_12111_17769_1_219_+_098c6c33e8818da39a9487e619435839,HYR40138.1,57.576,66,26,2,1,195,123,187,5.91e-15,76.3,75.76,1,0
A00405_539_HLLNCDSX3_4_2551_12111_17769_1_219_+_098c6c33e8818da39a9487e619435839,HEV3164218.1,52.941,68,29,1,7,201,339,406,6.19e-15,79.0,72.06,1,0
A00405_539_HLLNCDSX3_4_2551_12111_17769_1_219_+_098c6c33e8818da39a9487e619435839,PYN91709.1,59.016,61,25,0,13,195,339,399,7.26e-15,78.6,72.13,1,0
A00405_539_HLLNCDSX3_4_2551_12111_17769_1_219_+_098c6c33e8818da39a9487e619435839,HUK06436.1,56.061,66,28,1,1,195,349,414,7.43e-15,78.6,75.76,1,0
A00405_539_HLLNCDSX3_4_2551_12111_17769_1_219_+_098c6c33e8818da39a9487e619435839,HKB26579.1,56.452,62,27,0,10,195,338,399,8.19e-15,78.6,72.58,1,0
A00405_539_HLLNCDSX3_4_2551_12111_17769_1_219_+_098c6c33e8818da39a9487e619435839,MID7511859.1,60.294,68,23,2,1,195,370,436,8.28e-15,78.6,73.53,1,0
A00405_539_HLLNCDSX3_4_2551_12111_17769_1_219_+_098c6c33e8818da39a9487e619435839,OGO50980.1,55.556,63,27,1,10,195,340,402,9.48e-15,78.2,74.60,1,0
A00405_539_HLLNCDSX3_4_2551_12111_17769_1_219_+_098c6c33e8818da39a9487e619435839,WP_417517013.1,59.375,64,25,1,1,189,341,404,9.51e-15,78.2,71.88,1,0
A00405_539_HLLNCDSX3_4_2551_12111_17769_1_219_+_098c6c33e8818da39a9487e619435839,MHT4974759.1,54.412,68,28,1,1,195,343,410,9.76e-15,78.2,70.59,1,0
A00405_539_HLLNCDSX3_4_2551_12111_17769_1_219_+_098c6c33e8818da39a9487e619435839,MHS8009474.1,58.065,62,23,2,16,195,343,403,1.02e-14,78.2,79.03,1,0
A00405_539_HLLNCDSX3_4_2551_12111_17769_1_219_+_098c6c33e8818da39a9487e619435839,MFY9935242.1,53.030,66,28,1,7,195,334,399,1.03e-14,78.2,71.21,1,0
A00405_539_HLLNCDSX3_4_2551_12111_17769_1_219_+_098c6c33e8818da39a9487e619435839,HKZ75858.1,59.016,61,24,1,16,195,25,85,1.05e-14,72.8,73.77,1,0
A00405_539_HLLNCDSX3_4_2551_12111_17769_1_219_+_098c6c33e8818da39a9487e619435839,WP_425719406.1,61.290,62,21,1,19,195,355,416,1.08e-14,78.2,72.58,1,0
A00405_539_HLLNCDSX3_4_2551_12111_17769_1_219_+_098c6c33e8818da39a9487e619435839,HEY0607926.1,48.485,66,31,1,7,195,3,68,1.10e-14,72.4,69.70,1,0
A00405_539_HLLNCDSX3_4_2551_12111_17769_1_219_+_098c6c33e8818da39a9487e619435839,HXW30660.1,59.091,66,25,2,1,195,169,233,1.11e-14,76.6,74.24,1,0
A00405_539_HLLNCDSX3_4_2551_12111_17769_1_219_+_098c6c33e8818da39a9487e619435839,WP_364110606.1,57.576,66,27,1,1,198,337,401,1.18e-14,77.8,72.73,1,0
A00405_539_HLLNCDSX3_4_2551_12111_17769_1_219_+_098c6c33e8818da39a9487e619435839,WP_215543403.1,54.545,66,30,0,1,198,343,408,1.22e-14,77.8,71.21,1,0
A00405_539_HLLNCDSX3_4_2551_12111_17769_1_219_+_098c6c33e8818da39a9487e619435839,MHO6155171.1,53.846,65,27,1,10,195,10,74,1.28e-14,72.4,69.23,1,0
A00405_539_HLLNCDSX3_4_2551_12111_17769_1_219_+_098c6c33e8818da39a9487e619435839,WP_137814112.1,56.923,65,28,0,7,201,345,409,1.29e-14,77.8,69.23,1,0
A00405_539_HLLNCDSX3_4_2551_12111_17769_1_219_+_098c6c33e8818da39a9487e619435839,WP_436689449.1,58.824,68,25,1,7,201,347,414,1.47e-14,77.8,70.59,1,0
A00405_539_HLLNCDSX3_4_2551_12111_17769_1_219_+_098c6c33e8818da39a9487e619435839,WP_501511255.1,54.688,64,26,1,13,195,87,150,1.48e-14,74.3,71.88,1,0
A00405_539_HLLNCDSX3_4_2551_12111_17769_1_219_+_098c6c33e8818da39a9487e619435839,MDJ0948135.1,59.375,64,25,1,7,195,338,401,1.49e-14,77.8,76.56,1,0
A00405_539_HLLNCDSX3_4_2551_12111_17769_1_219_+_098c6c33e8818da39a9487e619435839,MIJ4797544.1,54.688,64,28,1,1,189,59,122,1.58e-14,73.6,73.44,1,0
A00405_539_HLLNCDSX3_4_2551_12111_17769_1_219_+_098c6c33e8818da39a9487e619435839,MGE5203922.1,56.250,64,27,1,7,195,342,405,1.66e-14,77.4,78.12,1,0
A00405_539_HLLNCDSX3_4_2551_12111_17769_1_219_+_098c6c33e8818da39a9487e619435839,MHZ0754416.1,55.738,61,26,1,16,195,282,342,1.75e-14,77.0,77.05,1,0
A00405_539_HLLNCDSX3_4_2551_12111_17769_1_219_+_098c6c33e8818da39a9487e619435839,HET6367823.1,54.839,62,27,1,13,195,64,125,1.78e-14,73.2,70.97,1,0
A00405_539_HLLNCDSX3_4_2551_12111_17769_1_219_+_098c6c33e8818da39a9487e619435839,HEV3184070.1,59.375,64,25,1,10,198,340,403,1.79e-14,77.4,75.00,1,0
A00405_539_HLLNCDSX3_4_2551_12111_17769_1_219_+_098c6c33e8818da39a9487e619435839,MDF2762472.1,56.061,66,26,1,7,195,117,182,1.80e-14,74.7,69.70,1,0
A00405_539_HLLNCDSX3_4_2551_12111_17769_1_219_+_098c6c33e8818da39a9487e619435839,MHS5631708.1,55.882,68,27,1,1,195,332,399,1.80e-14,77.4,70.59,1,0
A00405_539_HLLNCDSX3_4_2551_12111_17769_1_219_+_098c6c33e8818da39a9487e619435839,MGQ0696708.1,55.556,63,28,0,1,189,342,404,1.87e-14,77.4,74.60,1,0
A00405_539_HLLNCDSX3_4_2551_12111_17769_1_219_+_098c6c33e8818da39a9487e619435839,MGI9423936.1,49.231,65,33,0,7,201,20,84,1.89e-14,72.0,63.08,1,0
A00405_539_HLLNCDSX3_4_2551_12111_17769_1_219_+_098c6c33e8818da39a9487e619435839,WP_297501672.1,54.412,68,28,1,7,201,346,413,2.13e-14,77.4,70.59,1,0
A00405_539_HLLNCDSX3_4_2551_12111_17769_1_219_+_098c6c33e8818da39a9487e619435839,MHR6942349.1,53.125,64,27,1,7,189,1,64,2.22e-14,71.2,65.62,1,0
A00405_539_HLLNCDSX3_4_2551_12111_17769_1_219_+_098c6c33e8818da39a9487e619435839,NDJ52328.1,53.125,64,27,1,13,195,338,401,2.35e-14,77.0,75.00,1,0
A00405_539_HLLNCDSX3_4_2551_12111_17769_1_219_+_098c6c33e8818da39a9487e619435839,MHT7300478.1,51.515,66,29,1,7,195,42,107,2.48e-14,72.8,74.24,1,0
A00405_539_HLLNCDSX3_4_2551_12111_17769_1_219_+_098c6c33e8818da39a9487e619435839,WP_097208535.1,60.938,64,22,1,7,189,347,410,2.50e-14,77.0,73.44,1,0
A00405_539_HLLNCDSX3_4_2551_12111_17769_1_219_+_098c6c33e8818da39a9487e619435839,WP_344413527.1,56.250,64,25,1,7,189,339,402,2.51e-14,77.0,75.00,1,0
A00405_539_HLLNCDSX3_4_2551_12111_17769_1_219_+_098c6c33e8818da39a9487e619435839,HET7779368.1,51.471,68,30,1,13,207,9,76,2.78e-14,71.6,66.18,1,0
A00405_539_HLLNCDSX3_4_2551_12111_17769_1_219_+_098c6c33e8818da39a9487e619435839,MBG03278.1,51.562,64,30,1,7,195,346,409,2.84e-14,77.0,76.56,1,0
A00405_539_HLLNCDSX3_4_2551_12111_17769_1_219_+_098c6c33e8818da39a9487e619435839,MCB0065065.1,58.333,60,24,1,19,195,61,120,2.85e-14,72.8,71.67,1,0
A00405_539_HLLNCDSX3_4_2551_12111_17769_1_219_+_098c6c33e8818da39a9487e619435839,WP_339123095.1,57.576,66,25,1,7,195,341,406,2.88e-14,77.0,72.73,1,0
A00405_539_HLLNCDSX3_4_2551_12111_17769_1_219_+_098c6c33e8818da39a9487e619435839,PYP99636.1,55.556,63,27,1,10,195,29,91,2.88e-14,72.0,71.43,1,0
A00405_539_HLLNCDSX3_4_1418_8196_3505_1_290_-_1bf831b7d5cca66c11b01477482cf05f,WP_339967613.1,89.583,96,10,0,1,288,202,297,2.77e-53,181,97.92,1,0
A00405_539_HLLNCDSX3_4_1418_8196_3505_1_290_-_1bf831b7d5cca66c11b01477482cf05f,MEN9728357.1,61.628,86,33,0,28,285,206,291,3.17e-28,116,80.23,1,0
A00405_539_HLLNCDSX3_4_1418_8196_3505_1_290_-_1bf831b7d5cca66c11b01477482cf05f,MEC7910175.1,56.818,88,38,0,25,288,39,126,1.89e-27,110,77.27,1,0
A00405_539_HLLNCDSX3_4_1418_8196_3505_1_290_-_1bf831b7d5cca66c11b01477482cf05f,MDP6181119.1,56.818,88,38,0,25,288,205,292,2.49e-26,110,78.41,1,0
A00405_539_HLLNCDSX3_4_1418_8196_3505_1_290_-_1bf831b7d5cca66c11b01477482cf05f,MCH2271780.1,56.818,88,38,0,25,288,203,290,2.70e-26,110,77.27,1,0
A00405_539_HLLNCDSX3_4_1418_8196_3505_1_290_-_1bf831b7d5cca66c11b01477482cf05f,MBI2803278.1,59.091,88,36,0,22,285,203,290,3.23e-26,110,77.27,1,0
A00405_539_HLLNCDSX3_4_1418_8196_3505_1_290_-_1bf831b7d5cca66c11b01477482cf05f,MEC7865498.1,55.682,88,39,0,25,288,203,290,4.07e-26,109,76.14,1,0
A00405_539_HLLNCDSX3_4_1418_8196_3505_1_290_-_1bf831b7d5cca66c11b01477482cf05f,MDG2456492.1,57.955,88,37,0,25,288,203,290,6.77e-26,109,76.14,1,0
A00405_539_HLLNCDSX3_4_1418_8196_3505_1_290_-_1bf831b7d5cca66c11b01477482cf05f,MAV22560.1,53.409,88,41,0,25,288,217,304,1.08e-25,109,79.55,1,0
A00405_539_HLLNCDSX3_4_1418_8196_3505_1_290_-_1bf831b7d5cca66c11b01477482cf05f,RZO91520.1,55.682,88,39,0,25,288,203,290,3.42e-25,107,76.14,1,0
A00405_539_HLLNCDSX3_4_1418_8196_3505_1_290_-_1bf831b7d5cca66c11b01477482cf05f,MBA11954.1,53.409,88,41,0,25,288,203,290,6.08e-25,107,76.14,1,0
A00405_539_HLLNCDSX3_4_1418_8196_3505_1_290_-_1bf831b7d5cca66c11b01477482cf05f,MEC7917853.1,55.682,88,39,0,25,288,203,290,7.10e-25,107,76.14,1,0
A00405_539_HLLNCDSX3_4_1418_8196_3505_1_290_-_1bf831b7d5cca66c11b01477482cf05f,MCH2263430.1,54.444,90,41,0,19,288,217,306,7.58e-25,107,74.44,1,0
A00405_539_HLLNCDSX3_4_1418_8196_3505_1_290_-_1bf831b7d5cca66c11b01477482cf05f,MBL6899725.1,52.273,88,42,0,25,288,203,290,1.06e-24,106,77.27,1,0
A00405_539_HLLNCDSX3_4_1418_8196_3505_1_290_-_1bf831b7d5cca66c11b01477482cf05f,MDG2061378.1,55.682,88,39,0,25,288,203,290,1.41e-24,106,76.14,1,0
A00405_539_HLLNCDSX3_4_1418_8196_3505_1_290_-_1bf831b7d5cca66c11b01477482cf05f,MCS5548819.1,51.111,90,44,0,19,288,26,115,2.21e-24,102,72.22,1,0
A00405_539_HLLNCDSX3_4_1418_8196_3505_1_290_-_1bf831b7d5cca66c11b01477482cf05f,MEQ8232651.1,54.651,86,39,0,28,285,205,290,2.41e-24,105,76.74,1,0
A00405_539_HLLNCDSX3_4_1418_8196_3505_1_290_-_1bf831b7d5cca66c11b01477482cf05f,MFL2705435.1,52.273,88,42,0,25,288,204,291,3.32e-24,105,76.14,1,0
A00405_539_HLLNCDSX3_4_1418_8196_3505_1_290_-_1bf831b7d5cca66c11b01477482cf05f,MDC3127024.1,51.136,88,43,0,25,288,203,290,1.57e-23,102,76.14,1,0
A00405_539_HLLNCDSX3_4_1418_8196_3505_1_290_-_1bf831b7d5cca66c11b01477482cf05f,MBK6657161.1,52.273,88,42,0,22,285,204,291,3.79e-23,102,73.86,1,0
A00405_539_HLLNCDSX3_4_1418_8196_3505_1_290_-_1bf831b7d5cca66c11b01477482cf05f,MGH7949872.1,47.872,94,49,0,4,285,191,284,1.29e-22,101,72.34,1,0
A00405_539_HLLNCDSX3_4_1418_8196_3505_1_290_-_1bf831b7d5cca66c11b01477482cf05f,WP_269402252.1,46.739,92,49,0,7,282,225,316,2.72e-22,100,76.09,1,0
A00405_539_HLLNCDSX3_4_1418_8196_3505_1_290_-_1bf831b7d5cca66c11b01477482cf05f,MFT4570759.1,48.315,89,45,1,16,279,214,302,2.77e-22,100,75.28,1,0
A00405_539_HLLNCDSX3_4_1418_8196_3505_1_290_-_1bf831b7d5cca66c11b01477482cf05f,MHD4670499.1,48.421,95,48,1,1,282,208,302,3.68e-22,100,71.58,1,0
A00405_539_HLLNCDSX3_4_1418_8196_3505_1_290_-_1bf831b7d5cca66c11b01477482cf05f,TFH20747.1,50.000,92,45,1,16,288,213,304,5.99e-22,99.4,75.00,1,0
A00405_539_HLLNCDSX3_4_1418_8196_3505_1_290_-_1bf831b7d5cca66c11b01477482cf05f,MEP3890049.1,50.000,94,47,0,7,288,227,320,6.36e-22,99.4,70.21,1,0
A00405_539_HLLNCDSX3_4_1418_8196_3505_1_290_-_1bf831b7d5cca66c11b01477482cf05f,MEQ9316056.1,46.939,98,48,1,1,282,219,316,1.53e-21,98.2,73.47,1,0
A00405_539_HLLNCDSX3_4_1418_8196_3505_1_290_-_1bf831b7d5cca66c11b01477482cf05f,MIB1963864.1,47.826,92,47,1,4,276,207,298,1.64e-21,98.2,73.91,1,0
A00405_539_HLLNCDSX3_4_1418_8196_3505_1_290_-_1bf831b7d5cca66c11b01477482cf05f,HEX2463974.1,48.421,95,48,1,4,285,204,298,2.00e-21,97.8,72.63,1,0
A00405_539_HLLNCDSX3_4_1418_8196_3505_1_290_-_1bf831b7d5cca66c11b01477482cf05f,WP_300393971.1,42.857,91,52,0,10,282,226,316,2.91e-21,97.4,74.73,1,0
A00405_539_HLLNCDSX3_4_1418_8196_3505_1_290_-_1bf831b7d5cca66c11b01477482cf05f,WP_306252152.1,47.253,91,48,0,7,279,222,312,2.99e-21,97.4,71.43,1,0
A00405_539_HLLNCDSX3_4_1418_8196_3505_1_290_-_1bf831b7d5cca66c11b01477482cf05f,WP_424340841.1,45.918,98,49,1,1,282,219,316,3.16e-21,97.4,71.43,1,0
A00405_539_HLLNCDSX3_4_1418_8196_3505_1_290_-_1bf831b7d5cca66c11b01477482cf05f,MEM8634875.1,48.889,90,46,0,10,279,225,314,3.78e-21,97.4,72.22,1,0
A00405_539_HLLNCDSX3_4_1418_8196_3505_1_290_-_1bf831b7d5cca66c11b01477482cf05f,HIM36295.1,48.454,97,46,2,4,288,209,303,3.93e-21,97.1,70.10,1,0
A00405_539_HLLNCDSX3_4_1418_8196_3505_1_290_-_1bf831b7d5cca66c11b01477482cf05f,MDE0878697.1,50.000,86,43,0,28,285,69,154,7.18e-21,94.4,73.26,1,0
A00405_539_HLLNCDSX3_4_1418_8196_3505_1_290_-_1bf831b7d5cca66c11b01477482cf05f,NCZ64242.1,43.956,91,51,0,10,282,9,99,7.58e-21,93.2,71.43,1,0
A00405_539_HLLNCDSX3_4_1418_8196_3505_1_290_-_1bf831b7d5cca66c11b01477482cf05f,MDG1185175.1,51.765,85,41,0,28,282,71,155,7.75e-21,94.4,71.76,1,0
A00405_539_HLLNCDSX3_4_1418_8196_3505_1_290_-_1bf831b7d5cca66c11b01477482cf05f,WP_427452392.1,47.253,91,48,0,10,282,226,316,8.43e-21,96.3,70.33,1,0
A00405_539_HLLNCDSX3_4_1418_8196_3505_1_290_-_1bf831b7d5cca66c11b01477482cf05f,MFP6627300.1,44.681,94,52,0,4,285,198,291,9.25e-21,95.9,70.21,1,0
A00405_539_HLLNCDSX3_4_1418_8196_3505_1_290_-_1bf831b7d5cca66c11b01477482cf05f,MHD7030128.1,46.154,91,48,1,16,285,213,303,1.10e-20,95.9,73.63,1,0
A00405_539_HLLNCDSX3_4_1418_8196_3505_1_290_-_1bf831b7d5cca66c11b01477482cf05f,MCI5044897.1,45.652,92,50,0,7,282,222,313,1.34e-20,95.9,70.65,1,0
A00405_539_HLLNCDSX3_4_1418_8196_3505_1_290_-_1bf831b7d5cca66c11b01477482cf05f,MGB0906192.1,45.161,93,51,0,10,288,230,322,1.36e-20,95.9,70.97,1,0
A00405_539_HLLNCDSX3_4_1418_8196_3505_1_290_-_1bf831b7d5cca66c11b01477482cf05f,MEO1029225.1,48.352,91,47,0,7,279,227,317,1.86e-20,95.5,72.53,1,0
A00405_539_HLLNCDSX3_4_1418_8196_3505_1_290_-_1bf831b7d5cca66c11b01477482cf05f,WP_300379179.1,42.857,91,52,0,10,282,226,316,1.93e-20,95.5,75.82,1,0
A00405_539_HLLNCDSX3_4_1418_8196_3505_1_290_-_1bf831b7d5cca66c11b01477482cf05f,MEM9377924.1,44.565,92,51,0,7,282,21,112,2.02e-20,92.4,67.39,1,0
A00405_539_HLLNCDSX3_4_1418_8196_3505_1_290_-_1bf831b7d5cca66c11b01477482cf05f,MHN4151210.1,50.588,85,42,0,28,282,108,192,2.03e-20,94.0,71.76,1,0
A00405_539_HLLNCDSX3_4_1418_8196_3505_1_290_-_1bf831b7d5cca66c11b01477482cf05f,WP_084394183.1,44.898,98,50,1,1,282,219,316,2.44e-20,95.1,71.43,1,0
A00405_539_HLLNCDSX3_4_1418_8196_3505_1_290_-_1bf831b7d5cca66c11b01477482cf05f,MDO7577829.1,51.765,85,41,0,28,282,242,326,2.45e-20,94.7,71.76,1,0
A00405_539_HLLNCDSX3_4_1418_8196_3505_1_290_-_1bf831b7d5cca66c11b01477482cf05f,MEO1323672.1,45.556,90,49,0,10,279,58,147,2.59e-20,93.2,70.00,1,0
A00405_539_HLLNCDSX3_4_1418_8196_3505_1_290_-_1bf831b7d5cca66c11b01477482cf05f,MDC3078413.1,48.352,91,47,0,10,282,238,328,2.91e-20,95.1,71.43,1,0
A00405_539_HLLNCDSX3_4_1418_8196_3505_1_290_-_1bf831b7d5cca66c11b01477482cf05f,HVJ53039.1,46.809,94,50,0,4,285,208,301,3.22e-20,94.7,65.96,1,0
A00405_539_HLLNCDSX3_4_1418_8196_3505_1_290_-_1bf831b7d5cca66c11b01477482cf05f,MBV13274.1,50.588,85,42,0,28,282,244,328,3.38e-20,94.7,75.29,1,0
A00405_539_HLLNCDSX3_4_1418_8196_3505_1_290_-_1bf831b7d5cca66c11b01477482cf05f,MFO1014592.1,44.565,92,51,0,10,285,231,322,3.47e-20,94.7,71.74,1,0
A00405_539_HLLNCDSX3_4_1418_8196_3505_1_290_-_1bf831b7d5cca66c11b01477482cf05f,MEL6687603.1,48.913,92,47,0,7,282,225,316,3.89e-20,94.4,68.48,1,0
A00405_539_HLLNCDSX3_4_1418_8196_3505_1_290_-_1bf831b7d5cca66c11b01477482cf05f,MDA0759780.1,50.588,85,42,0,28,282,242,326,4.06e-20,93.6,70.59,1,0
A00405_539_HLLNCDSX3_4_1418_8196_3505_1_290_-_1bf831b7d5cca66c11b01477482cf05f,MEM9570197.1,46.237,93,50,0,10,288,226,318,4.21e-20,94.4,69.89,1,0
A00405_539_HLLNCDSX3_4_1418_8196_3505_1_290_-_1bf831b7d5cca66c11b01477482cf05f,MEP0200811.1,45.161,93,51,0,10,288,226,318,4.53e-20,94.4,70.97,1,0
A00405_539_HLLNCDSX3_4_1418_8196_3505_1_290_-_1bf831b7d5cca66c11b01477482cf05f,MGD2008690.1,44.086,93,52,0,10,288,226,318,4.62e-20,94.4,72.04,1,0
A00405_539_HLLNCDSX3_4_1418_8196_3505_1_290_-_1bf831b7d5cca66c11b01477482cf05f,MEE3132653.1,46.875,96,47,2,4,285,42,135,4.62e-20,92.0,71.88,1,0
A00405_539_HLLNCDSX3_4_1418_8196_3505_1_290_-_1bf831b7d5cca66c11b01477482cf05f,MII8190819.1,44.086,93,52,0,10,288,93,185,4.92e-20,92.8,70.97,1,0
A00405_539_HLLNCDSX3_4_1418_8196_3505_1_290_-_1bf831b7d5cca66c11b01477482cf05f,WP_143755219.1,45.745,94,51,0,4,285,70,163,4.92e-20,92.4,70.21,1,0
A00405_539_HLLNCDSX3_4_1418_8196_3505_1_290_-_1bf831b7d5cca66c11b01477482cf05f,HBH43748.1,44.086,93,52,0,10,288,227,319,5.69e-20,92.8,69.89,1,0
A00405_539_HLLNCDSX3_4_1418_8196_3505_1_290_-_1bf831b7d5cca66c11b01477482cf05f,MEO1188089.1,45.161,93,51,0,10,288,226,318,5.85e-20,94.0,70.97,1,0
A00405_539_HLLNCDSX3_4_1418_8196_3505_1_290_-_1bf831b7d5cca66c11b01477482cf05f,MFL2747686.1,47.368,95,50,0,4,288,236,330,6.16e-20,94.0,69.47,1,0
A00405_539_HLLNCDSX3_4_1418_8196_3505_1_290_-_1bf831b7d5cca66c11b01477482cf05f,TMB15235.1,47.253,91,48,0,13,285,120,210,6.59e-20,92.8,68.13,1,0
A00405_539_HLLNCDSX3_4_1418_8196_3505_1_290_-_1bf831b7d5cca66c11b01477482cf05f,MDC0922505.1,51.765,85,41,0,28,282,242,326,6.65e-20,94.0,71.76,1,0
A00405_539_HLLNCDSX3_4_1418_8196_3505_1_290_-_1bf831b7d5cca66c11b01477482cf05f,MDA9626757.1,50.588,85,42,0,28,282,121,205,6.74e-20,92.8,71.76,1,0
A00405_539_HLLNCDSX3_4_1418_8196_3505_1_290_-_1bf831b7d5cca66c11b01477482cf05f,MEC7290140.1,46.237,93,50,0,10,288,227,319,7.25e-20,94.0,69.89,1,0
A00405_539_HLLNCDSX3_4_1418_8196_3505_1_290_-_1bf831b7d5cca66c11b01477482cf05f,GIR52258.1,46.237,93,50,0,4,282,122,214,7.39e-20,92.8,68.82,1,0
A00405_539_HLLNCDSX3_4_1418_8196_3505_1_290_-_1bf831b7d5cca66c11b01477482cf05f,MAN73242.1,43.011,93,53,0,10,288,126,218,7.76e-20,92.8,70.97,1,0
A00405_539_HLLNCDSX3_4_1418_8196_3505_1_290_-_1bf831b7d5cca66c11b01477482cf05f,WP_377379294.1,48.387,93,48,0,4,282,220,312,8.05e-20,93.6,70.97,1,0
A00405_539_HLLNCDSX3_4_1418_8196_3505_1_290_-_1bf831b7d5cca66c11b01477482cf05f,MEE2878321.1,42.857,91,52,0,10,282,226,316,8.55e-20,93.6,73.63,1,0
A00405_539_HLLNCDSX3_4_1418_8196_3505_1_290_-_1bf831b7d5cca66c11b01477482cf05f,MEO1475934.1,47.253,91,48,0,7,279,224,314,8.95e-20,93.6,70.33,1,0
A00405_539_HLLNCDSX3_4_1418_8196_3505_1_290_-_1bf831b7d5cca66c11b01477482cf05f,MEL6861046.1,47.619,84,44,0,28,279,1,84,9.67e-20,90.5,73.81,1,0
A00405_539_HLLNCDSX3_4_1418_8196_3505_1_290_-_1bf831b7d5cca66c11b01477482cf05f,MHZ1006226.1,43.750,96,53,1,4,288,208,303,1.03e-19,93.2,72.92,1,0
A00405_539_HLLNCDSX3_4_1418_8196_3505_1_290_-_1bf831b7d5cca66c11b01477482cf05f,RCL39622.1,48.387,93,48,0,4,282,234,326,1.04e-19,93.2,67.74,1,0
A00405_539_HLLNCDSX3_4_1418_8196_3505_1_290_-_1bf831b7d5cca66c11b01477482cf05f,HIF09295.1,50.000,94,46,1,10,288,57,150,1.05e-19,91.3,67.02,1,0
A00405_539_HLLNCDSX3_4_1418_8196_3505_1_290_-_1bf831b7d5cca66c11b01477482cf05f,MEM1151650.1,44.086,93,52,0,10,288,226,318,1.17e-19,92.0,69.89,1,0
A00405_539_HLLNCDSX3_4_1418_8196_3505_1_290_-_1bf831b7d5cca66c11b01477482cf05f,GIS22707.1,48.387,93,48,0,4,282,237,329,1.21e-19,93.2,68.82,1,0
A00405_539_HLLNCDSX3_4_1418_8196_3505_1_290_-_1bf831b7d5cca66c11b01477482cf05f,MEO0884272.1,45.055,91,50,0,7,279,121,211,1.23e-19,92.4,70.33,1,0
A00405_539_HLLNCDSX3_4_1418_8196_3505_1_290_-_1bf831b7d5cca66c11b01477482cf05f,WP_099580669.1,43.617,94,53,0,4,285,227,320,1.34e-19,93.2,72.34,1,0
A00405_539_HLLNCDSX3_4_1418_8196_3505_1_290_-_1bf831b7d5cca66c11b01477482cf05f,TMA44548.1,47.253,91,48,0,13,285,194,284,1.36e-19,92.8,68.13,1,0
A00405_539_HLLNCDSX3_4_1418_8196_3505_1_290_-_1bf831b7d5cca66c11b01477482cf05f,MEO0607892.1,46.667,90,48,0,10,279,226,315,1.44e-19,93.2,72.22,1,0
A00405_539_HLLNCDSX3_4_1418_8196_3505_1_290_-_1bf831b7d5cca66c11b01477482cf05f,NBC20363.1,46.154,91,49,0,10,282,224,314,1.48e-19,92.8,71.43,1,0
A00405_539_HLLNCDSX3_4_1418_8196_3505_1_290_-_1bf831b7d5cca66c11b01477482cf05f,MGB0919708.1,44.681,94,52,0,7,288,224,317,2.00e-19,92.4,69.15,1,0
A00405_539_HLLNCDSX3_4_1418_8196_3505_1_290_-_1bf831b7d5cca66c11b01477482cf05f,MEM0928652.1,43.956,91,51,0,10,282,229,319,2.18e-19,92.4,72.53,1,0
A00405_539_HLLNCDSX3_4_1418_8196_3505_1_290_-_1bf831b7d5cca66c11b01477482cf05f,MDA9704945.1,46.237,93,50,0,4,282,238,330,2.22e-19,92.4,68.82,1,0
A00405_539_HLLNCDSX3_4_1418_8196_3505_1_290_-_1bf831b7d5cca66c11b01477482cf05f,MBL6696627.1,43.956,91,51,0,10,282,227,317,2.30e-19,92.4,71.43,1,0
A00405_539_HLLNCDSX3_4_1418_8196_3505_1_290_-_1bf831b7d5cca66c11b01477482cf05f,MGJ8562512.1,46.154,91,49,0,10,282,234,324,2.32e-19,92.4,70.33,1,0
A00405_539_HLLNCDSX3_4_1418_8196_3505_1_290_-_1bf831b7d5cca66c11b01477482cf05f,MFU8816979.1,45.833,96,48,2,4,285,207,300,2.41e-19,92.4,69.79,1,0
A00405_539_HLLNCDSX3_4_1418_8196_3505_1_290_-_1bf831b7d5cca66c11b01477482cf05f,WP_189586086.1,45.652,92,50,0,7,282,223,314,2.41e-19,92.4,67.39,1,0
A00405_539_HLLNCDSX3_4_1418_8196_3505_1_290_-_1bf831b7d5cca66c11b01477482cf05f,WP_189499073.1,48.913,92,47,0,7,282,225,316,2.46e-19,92.4,67.39,1,0
A00405_539_HLLNCDSX3_4_1418_8196_3505_1_290_-_1bf831b7d5cca66c11b01477482cf05f,MDA9365081.1,50.588,85,42,0,28,282,242,326,2.49e-19,92.4,70.59,1,0
A00405_539_HLLNCDSX3_4_1418_8196_3505_1_290_-_1bf831b7d5cca66c11b01477482cf05f,MGB6228686.1,51.648,91,44,0,10,282,226,316,2.54e-19,92.4,68.13,1,0
A00405_539_HLLNCDSX3_4_1418_8196_3505_1_290_-_1bf831b7d5cca66c11b01477482cf05f,WP_119376167.1,43.011,93,53,0,10,288,226,318,2.76e-19,92.4,70.97,1,0
A00405_539_HLLNCDSX3_4_1418_8196_3505_1_290_-_1bf831b7d5cca66c11b01477482cf05f,MEN8722864.1,47.312,93,49,0,10,288,223,315,2.86e-19,92.0,67.74,1,0
A00405_539_HLLNCDSX3_4_1418_8196_3505_1_290_-_1bf831b7d5cca66c11b01477482cf05f,HIC34256.1,50.000,88,40,2,28,285,162,247,2.89e-19,91.7,75.00,1,0
A00405_539_HLLNCDSX3_4_1418_8196_3505_1_290_-_1bf831b7d5cca66c11b01477482cf05f,WP_026942248.1,45.652,92,50,0,7,282,227,318,2.96e-19,92.0,69.57,1,0
A00405_539_HLLNCDSX3_4_1418_8196_3505_1_290_-_1bf831b7d5cca66c11b01477482cf05f,MEL7107910.1,43.011,93,53,0,10,288,226,318,3.35e-19,92.0,68.82,1,0
A00405_539_HLLNCDSX3_4_1418_8196_3505_1_290_-_1bf831b7d5cca66c11b01477482cf05f,MHN9421736.1,49.412,85,43,0,28,282,127,211,3.69e-19,90.9,70.59,1,0
A00405_539_HLLNCDSX3_4_2562_31548_9627_1_293_+_204cc0636a899ba3f5ce647fe945e729,MBX7054029.1,75.269,93,23,0,1,279,281,373,9.33e-42,152,89.25,1,0
A00405_539_HLLNCDSX3_4_2562_31548_9627_1_293_+_204cc0636a899ba3f5ce647fe945e729,MEP6944560.1,76.923,91,21,0,1,273,285,375,1.09e-41,152,87.91,1,0
A00405_539_HLLNCDSX3_4_2562_31548_9627_1_293_+_204cc0636a899ba3f5ce647fe945e729,MBK6723952.1,74.725,91,23,0,1,273,285,375,4.20e-41,150,89.01,1,0
A00405_539_HLLNCDSX3_4_2562_31548_9627_1_293_+_204cc0636a899ba3f5ce647fe945e729,MBP9110652.1,75.000,80,20,0,34,273,1,80,4.22e-38,135,88.75,1,0
A00405_539_HLLNCDSX3_4_2562_31548_9627_1_293_+_204cc0636a899ba3f5ce647fe945e729,MEQ1641944.1,62.617,107,24,1,1,273,285,391,1.36e-35,136,74.77,1,0
A00405_539_HLLNCDSX3_4_2562_31548_9627_1_293_+_204cc0636a899ba3f5ce647fe945e729,MEO7539959.1,68.132,91,29,0,1,273,285,375,9.46e-35,132,79.12,1,0
A00405_539_HLLNCDSX3_4_2562_31548_9627_1_293_+_204cc0636a899ba3f5ce647fe945e729,MEO8041401.1,67.033,91,30,0,1,273,277,367,3.15e-33,130,79.12,1,0
A00405_539_HLLNCDSX3_4_2562_31548_9627_1_293_+_204cc0636a899ba3f5ce647fe945e729,HEV7698942.1,64.835,91,32,0,1,273,260,350,1.07e-32,128,78.02,1,0
A00405_539_HLLNCDSX3_4_2562_31548_9627_1_293_+_204cc0636a899ba3f5ce647fe945e729,MFL6466837.1,62.222,90,34,0,4,273,281,370,1.79e-32,127,78.89,1,0
A00405_539_HLLNCDSX3_4_2562_31548_9627_1_293_+_204cc0636a899ba3f5ce647fe945e729,HIR5582428.1,64.835,91,32,0,1,273,285,375,2.35e-32,127,76.92,1,0
A00405_539_HLLNCDSX3_4_2562_31548_9627_1_293_+_204cc0636a899ba3f5ce647fe945e729,HTH37861.1,63.333,90,33,0,4,273,162,251,1.09e-31,124,76.67,1,0
A00405_539_HLLNCDSX3_4_2562_31548_9627_1_293_+_204cc0636a899ba3f5ce647fe945e729,MHE0507547.1,61.538,91,35,0,1,273,280,370,2.63e-31,125,79.12,1,0
A00405_539_HLLNCDSX3_4_2562_31548_9627_1_293_+_204cc0636a899ba3f5ce647fe945e729,MBL8125364.1,63.736,91,33,0,1,273,281,371,2.69e-31,124,76.92,1,0
A00405_539_HLLNCDSX3_4_2562_31548_9627_1_293_+_204cc0636a899ba3f5ce647fe945e729,HNU07807.1,64.835,91,32,0,1,273,277,367,3.18e-31,124,74.73,1,0
A00405_539_HLLNCDSX3_4_2562_31548_9627_1_293_+_204cc0636a899ba3f5ce647fe945e729,MDQ3088375.1,64.444,90,31,1,7,273,198,287,4.13e-31,122,76.67,1,0
A00405_539_HLLNCDSX3_4_2562_31548_9627_1_293_+_204cc0636a899ba3f5ce647fe945e729,MBP7377214.1,71.053,76,22,0,46,273,332,407,4.42e-31,124,88.16,1,0
A00405_539_HLLNCDSX3_4_2562_31548_9627_1_293_+_204cc0636a899ba3f5ce647fe945e729,MGI8812091.1,64.835,91,32,0,1,273,281,371,4.66e-31,124,74.73,1,0
A00405_539_HLLNCDSX3_4_2562_31548_9627_1_293_+_204cc0636a899ba3f5ce647fe945e729,QQS39941.1,60.440,91,36,0,1,273,280,370,6.69e-31,124,76.92,1,0
A00405_539_HLLNCDSX3_4_2562_31548_9627_1_293_+_204cc0636a899ba3f5ce647fe945e729,MGB2913662.1,62.637,91,34,0,1,273,140,230,7.99e-31,120,73.63,1,0
A00405_539_HLLNCDSX3_4_2562_31548_9627_1_293_+_204cc0636a899ba3f5ce647fe945e729,MEZ5345677.1,64.045,89,32,0,7,273,280,368,9.63e-31,123,75.28,1,0
A00405_539_HLLNCDSX3_4_2562_31548_9627_1_293_+_204cc0636a899ba3f5ce647fe945e729,MHE4182196.1,62.637,91,34,0,1,273,281,371,1.95e-30,122,76.92,1,0
A00405_539_HLLNCDSX3_4_2562_31548_9627_1_293_+_204cc0636a899ba3f5ce647fe945e729,PYS90122.1,62.222,90,34,0,4,273,282,371,2.01e-30,122,74.44,1,0
A00405_539_HLLNCDSX3_4_2562_31548_9627_1_293_+_204cc0636a899ba3f5ce647fe945e729,MDQ3634097.1,59.551,89,36,0,7,273,280,368,2.77e-30,122,75.28,1,0
A00405_539_HLLNCDSX3_4_2562_31548_9627_1_293_+_204cc0636a899ba3f5ce647fe945e729,MGD9630550.1,61.111,90,35,0,4,273,278,367,2.87e-30,122,76.67,1,0
A00405_539_HLLNCDSX3_4_2562_31548_9627_1_293_+_204cc0636a899ba3f5ce647fe945e729,MDH3494653.1,57.778,90,38,0,4,273,139,228,4.06e-30,119,75.56,1,0
A00405_539_HLLNCDSX3_4_2562_31548_9627_1_293_+_204cc0636a899ba3f5ce647fe945e729,HIR5479258.1,60.440,91,36,0,1,273,284,374,6.26e-30,121,74.73,1,0
A00405_539_HLLNCDSX3_4_2562_31548_9627_1_293_+_204cc0636a899ba3f5ce647fe945e729,MIB1988573.1,62.637,91,34,0,1,273,280,370,6.31e-30,121,78.02,1,0
A00405_539_HLLNCDSX3_4_2562_31548_9627_1_293_+_204cc0636a899ba3f5ce647fe945e729,MEP7074814.1,63.333,90,33,0,4,273,282,371,6.74e-30,121,76.67,1,0
A00405_539_HLLNCDSX3_4_2562_31548_9627_1_293_+_204cc0636a899ba3f5ce647fe945e729,MGB2752663.1,62.637,91,34,0,1,273,285,375,6.77e-30,121,73.63,1,0
A00405_539_HLLNCDSX3_4_2562_31548_9627_1_293_+_204cc0636a899ba3f5ce647fe945e729,HEX8131198.1,65.217,92,31,1,1,273,283,374,7.13e-30,121,78.26,1,0
A00405_539_HLLNCDSX3_4_2562_31548_9627_1_293_+_204cc0636a899ba3f5ce647fe945e729,MFT3746054.1,60.000,95,38,0,1,285,284,378,8.08e-30,120,71.58,1,0
A00405_539_HLLNCDSX3_4_2562_31548_9627_1_293_+_204cc0636a899ba3f5ce647fe945e729,MDH3529498.1,57.778,90,38,0,4,273,278,367,1.47e-29,120,75.56,1,0
A00405_539_HLLNCDSX3_4_2562_31548_9627_1_293_+_204cc0636a899ba3f5ce647fe945e729,MGQ0542583.1,62.222,90,34,0,4,273,281,370,1.75e-29,120,73.33,1,0
A00405_539_HLLNCDSX3_4_2562_31548_9627_1_293_+_204cc0636a899ba3f5ce647fe945e729,MGB7208770.1,60.000,90,36,0,4,273,282,371,2.41e-29,119,74.44,1,0
A00405_539_HLLNCDSX3_4_2562_31548_9627_1_293_+_204cc0636a899ba3f5ce647fe945e729,MHS3836727.1,63.218,87,32,0,13,273,281,367,6.72e-29,118,72.41,1,0
A00405_539_HLLNCDSX3_4_2562_31548_9627_1_293_+_204cc0636a899ba3f5ce647fe945e729,MFL6375236.1,56.044,91,40,0,1,273,284,374,7.33e-29,118,74.73,1,0
A00405_539_HLLNCDSX3_4_2562_31548_9627_1_293_+_204cc0636a899ba3f5ce647fe945e729,MDM7923230.1,62.069,87,33,0,13,273,285,371,8.37e-29,118,78.16,1,0
A00405_539_HLLNCDSX3_4_2562_31548_9627_1_293_+_204cc0636a899ba3f5ce647fe945e729,HEY0659375.1,57.143,91,39,0,1,273,21,111,1.37e-28,112,70.33,1,0
A00405_539_HLLNCDSX3_4_2562_31548_9627_1_293_+_204cc0636a899ba3f5ce647fe945e729,NOT48853.1,61.111,90,35,0,4,273,226,315,1.59e-28,116,71.11,1,0
A00405_539_HLLNCDSX3_4_2562_31548_9627_1_293_+_204cc0636a899ba3f5ce647fe945e729,HYP01294.1,63.043,92,33,1,1,273,89,180,1.88e-28,113,75.00,1,0
A00405_539_HLLNCDSX3_4_2562_31548_9627_1_293_+_204cc0636a899ba3f5ce647fe945e729,MEZ5427202.1,58.889,90,37,0,4,273,282,371,2.25e-28,117,74.44,1,0
A00405_539_HLLNCDSX3_4_2562_31548_9627_1_293_+_204cc0636a899ba3f5ce647fe945e729,MBA2494526.1,61.364,88,33,1,13,273,282,369,2.37e-28,115,76.14,1,0
A00405_539_HLLNCDSX3_4_2562_31548_9627_1_293_+_204cc0636a899ba3f5ce647fe945e729,MEZ5308661.1,56.180,89,39,0,7,273,279,367,3.19e-28,116,75.28,1,0
A00405_539_HLLNCDSX3_4_2562_31548_9627_1_293_+_204cc0636a899ba3f5ce647fe945e729,HEX8116076.1,60.000,85,34,0,19,273,1,85,3.33e-28,110,75.29,1,0
A00405_539_HLLNCDSX3_4_2562_31548_9627_1_293_+_204cc0636a899ba3f5ce647fe945e729,HZG50991.1,63.043,92,33,1,1,273,216,307,3.56e-28,115,75.00,1,0
A00405_539_HLLNCDSX3_4_2562_31548_9627_1_293_+_204cc0636a899ba3f5ce647fe945e729,MGH9592315.1,56.250,96,42,0,1,288,275,370,4.11e-28,116,73.96,1,0
A00405_539_HLLNCDSX3_4_2562_31548_9627_1_293_+_204cc0636a899ba3f5ce647fe945e729,HEY6186561.1,60.440,91,35,1,4,273,280,370,4.68e-28,116,76.92,1,0
A00405_539_HLLNCDSX3_4_2562_31548_9627_1_293_+_204cc0636a899ba3f5ce647fe945e729,MBK8303460.1,60.440,91,36,0,1,273,258,348,4.90e-28,116,71.43,1,0
A00405_539_HLLNCDSX3_4_2562_31548_9627_1_293_+_204cc0636a899ba3f5ce647fe945e729,HEX8904537.1,59.341,91,37,0,1,273,12,102,5.59e-28,110,71.43,1,0
A00405_539_HLLNCDSX3_4_2562_31548_9627_1_293_+_204cc0636a899ba3f5ce647fe945e729,HEX8906470.1,60.440,91,36,0,1,273,290,380,5.97e-28,115,74.73,1,0
A00405_539_HLLNCDSX3_4_2562_31548_9627_1_293_+_204cc0636a899ba3f5ce647fe945e729,HEV7644798.1,58.242,91,38,0,1,273,281,371,6.56e-28,115,71.43,1,0
A00405_539_HLLNCDSX3_4_2562_31548_9627_1_293_+_204cc0636a899ba3f5ce647fe945e729,MGI8639947.1,57.778,90,37,1,7,273,282,371,6.97e-28,115,75.56,1,0
A00405_539_HLLNCDSX3_4_2562_31548_9627_1_293_+_204cc0636a899ba3f5ce647fe945e729,HKC65273.1,57.292,96,41,0,4,291,85,180,7.11e-28,112,70.83,1,0
A00405_539_HLLNCDSX3_4_2562_31548_9627_1_293_+_204cc0636a899ba3f5ce647fe945e729,MEP6849370.1,58.889,90,37,0,4,273,283,372,7.57e-28,115,74.44,1,0
A00405_539_HLLNCDSX3_4_2562_31548_9627_1_293_+_204cc0636a899ba3f5ce647fe945e729,MGI8469506.1,56.044,91,40,0,1,273,290,380,8.63e-28,115,71.43,1,0
A00405_539_HLLNCDSX3_4_2562_31548_9627_1_293_+_204cc0636a899ba3f5ce647fe945e729,HEX8772122.1,59.341,91,36,1,4,273,280,370,8.91e-28,115,78.02,1,0
A00405_539_HLLNCDSX3_4_2562_31548_9627_1_293_+_204cc0636a899ba3f5ce647fe945e729,MBK7705751.1,60.440,91,36,0,1,273,273,363,8.92e-28,115,72.53,1,0
A00405_539_HLLNCDSX3_4_2562_31548_9627_1_293_+_204cc0636a899ba3f5ce647fe945e729,MCY7376584.1,57.143,91,39,0,1,273,280,370,1.06e-27,115,71.43,1,0
A00405_539_HLLNCDSX3_4_2562_31548_9627_1_293_+_204cc0636a899ba3f5ce647fe945e729,HEX7313583.1,60.440,91,36,0,1,273,281,371,1.14e-27,115,72.53,1,0
A00405_539_HLLNCDSX3_4_2562_31548_9627_1_293_+_204cc0636a899ba3f5ce647fe945e729,MCA1556526.1,59.783,92,36,1,1,273,203,294,1.17e-27,114,76.09,1,0
A00405_539_HLLNCDSX3_4_2562_31548_9627_1_293_+_204cc0636a899ba3f5ce647fe945e729,MCW5961722.1,58.889,90,37,0,4,273,282,371,1.18e-27,115,72.22,1,0
A00405_539_HLLNCDSX3_4_2562_31548_9627_1_293_+_204cc0636a899ba3f5ce647fe945e729,WP_331055602.1,60.440,91,36,0,1,273,285,375,1.29e-27,115,72.53,1,0
A00405_539_HLLNCDSX3_4_2562_31548_9627_1_293_+_204cc0636a899ba3f5ce647fe945e729,HCA59475.1,59.551,89,36,0,7,273,180,268,1.54e-27,113,71.91,1,0
A00405_539_HLLNCDSX3_4_2562_31548_9627_1_293_+_204cc0636a899ba3f5ce647fe945e729,MCD9187055.1,59.341,91,37,0,1,273,280,370,1.60e-27,114,68.13,1,0
A00405_539_HLLNCDSX3_4_2562_31548_9627_1_293_+_204cc0636a899ba3f5ce647fe945e729,HEX8424132.1,64.130,92,32,1,1,273,284,375,1.70e-27,114,75.00,1,0
A00405_539_HLLNCDSX3_4_2562_31548_9627_1_293_+_204cc0636a899ba3f5ce647fe945e729,HEX8187277.1,58.889,90,37,0,4,273,74,163,1.72e-27,111,71.11,1,0
A00405_539_HLLNCDSX3_4_2562_31548_9627_1_293_+_204cc0636a899ba3f5ce647fe945e729,MHL7306301.1,58.889,90,37,0,4,273,281,370,1.81e-27,114,72.22,1,0
A00405_539_HLLNCDSX3_4_2562_31548_9627_1_293_+_204cc0636a899ba3f5ce647fe945e729,MEP7212923.1,57.143,91,39,0,1,273,281,371,1.85e-27,114,73.63,1,0
A00405_539_HLLNCDSX3_4_2562_31548_9627_1_293_+_204cc0636a899ba3f5ce647fe945e729,HEX9940263.1,59.341,91,37,0,1,273,133,223,2.24e-27,112,72.53,1,0
A00405_539_HLLNCDSX3_4_2562_31548_9627_1_293_+_204cc0636a899ba3f5ce647fe945e729,HEX3102210.1,59.783,92,35,1,4,273,93,184,2.25e-27,110,72.83,1,0
A00405_539_HLLNCDSX3_4_2562_31548_9627_1_293_+_204cc0636a899ba3f5ce647fe945e729,HEV2149383.1,60.440,91,36,0,1,273,283,373,2.37e-27,114,74.73,1,0
A00405_539_HLLNCDSX3_4_2562_31548_9627_1_293_+_204cc0636a899ba3f5ce647fe945e729,HEX2094505.1,60.000,90,36,0,4,273,83,172,2.49e-27,110,74.44,1,0
A00405_539_HLLNCDSX3_4_2562_31548_9627_1_293_+_204cc0636a899ba3f5ce647fe945e729,MDQ2745960.1,60.440,91,36,0,1,273,280,370,2.49e-27,113,68.13,1,0
A00405_539_HLLNCDSX3_4_2562_31548_9627_1_293_+_204cc0636a899ba3f5ce647fe945e729,MDX6484384.1,60.440,91,36,0,1,273,281,371,3.91e-27,113,74.73,1,0
A00405_539_HLLNCDSX3_4_2562_31548_9627_1_293_+_204cc0636a899ba3f5ce647fe945e729,MEP7148282.1,65.789,76,26,0,46,273,315,390,4.80e-27,113,78.95,1,0
A00405_539_HLLNCDSX3_4_2562_31548_9627_1_293_+_204cc0636a899ba3f5ce647fe945e729,MBX3295490.1,59.551,89,36,0,7,273,287,375,5.04e-27,113,71.91,1,0
A00405_539_HLLNCDSX3_4_2562_31548_9627_1_293_+_204cc0636a899ba3f5ce647fe945e729,HEV2880545.1,59.783,92,36,1,1,273,283,374,5.35e-27,113,75.00,1,0
A00405_539_HLLNCDSX3_4_2562_31548_9627_1_293_+_204cc0636a899ba3f5ce647fe945e729,MBA3692035.1,56.522,92,39,1,1,273,3,94,6.07e-27,107,70.65,1,0
A00405_539_HLLNCDSX3_4_2562_31548_9627_1_293_+_204cc0636a899ba3f5ce647fe945e729,MID8173010.1,59.341,91,37,0,1,273,280,370,6.35e-27,113,71.43,1,0
A00405_539_HLLNCDSX3_4_2562_31548_9627_1_293_+_204cc0636a899ba3f5ce647fe945e729,MBA3632029.1,57.955,88,36,1,13,273,250,337,6.68e-27,112,75.00,1,0
A00405_539_HLLNCDSX3_4_2562_31548_9627_1_293_+_204cc0636a899ba3f5ce647fe945e729,HEX8117548.1,59.341,91,37,0,1,273,289,379,6.84e-27,113,72.53,1,0
A00405_539_HLLNCDSX3_4_2562_31548_9627_1_293_+_204cc0636a899ba3f5ce647fe945e729,HEX3557777.1,59.783,92,36,1,1,273,280,371,7.16e-27,112,76.09,1,0
A00405_539_HLLNCDSX3_4_2562_31548_9627_1_293_+_204cc0636a899ba3f5ce647fe945e729,HZH35102.1,56.522,92,39,1,1,273,280,371,7.24e-27,112,70.65,1,0
A00405_539_HLLNCDSX3_4_2562_31548_9627_1_293_+_204cc0636a899ba3f5ce647fe945e729,MBA2619568.1,57.143,91,39,0,1,273,11,101,7.39e-27,107,69.23,1,0
A00405_539_HLLNCDSX3_4_2562_31548_9627_1_293_+_204cc0636a899ba3f5ce647fe945e729,MEK7856744.1,58.621,87,36,0,13,273,224,310,7.39e-27,112,74.71,1,0
A00405_539_HLLNCDSX3_4_2562_31548_9627_1_293_+_204cc0636a899ba3f5ce647fe945e729,MGI8669853.1,55.056,89,40,0,7,273,280,368,7.41e-27,112,71.91,1,0
A00405_539_HLLNCDSX3_4_2562_31548_9627_1_293_+_204cc0636a899ba3f5ce647fe945e729,MET0647097.1,58.242,91,38,0,1,273,281,371,7.55e-27,113,74.73,1,0
A00405_539_HLLNCDSX3_4_2562_31548_9627_1_293_+_204cc0636a899ba3f5ce647fe945e729,MGI8556141.1,57.143,91,39,0,1,273,281,371,7.62e-27,112,69.23,1,0
A00405_539_HLLNCDSX3_4_2562_31548_9627_1_293_+_204cc0636a899ba3f5ce647fe945e729,HLJ12943.1,56.667,90,39,0,4,273,282,371,7.98e-27,112,74.44,1,0
A00405_539_HLLNCDSX3_4_2562_31548_9627_1_293_+_204cc0636a899ba3f5ce647fe945e729,MBV8859191.1,57.778,90,38,0,4,273,282,371,8.11e-27,112,72.22,1,0
A00405_539_HLLNCDSX3_4_2562_31548_9627_1_293_+_204cc0636a899ba3f5ce647fe945e729,HEX7241231.1,62.637,91,34,0,1,273,283,373,8.52e-27,112,75.82,1,0
A00405_539_HLLNCDSX3_4_2562_31548_9627_1_293_+_204cc0636a899ba3f5ce647fe945e729,HEY2842049.1,53.125,96,45,0,1,288,306,401,9.65e-27,112,72.92,1,0
A00405_539_HLLNCDSX3_4_2562_31548_9627_1_293_+_204cc0636a899ba3f5ce647fe945e729,HEX8291489.1,60.440,91,36,0,1,273,281,371,9.74e-27,112,72.53,1,0
A00405_539_HLLNCDSX3_4_2562_31548_9627_1_293_+_204cc0636a899ba3f5ce647fe945e729,HEX8150180.1,55.208,96,43,0,4,291,282,377,1.10e-26,112,68.75,1,0
A00405_539_HLLNCDSX3_4_2562_31548_9627_1_293_+_204cc0636a899ba3f5ce647fe945e729,HEV2736902.1,56.044,91,40,0,1,273,35,125,1.17e-26,107,71.43,1,0
A00405_539_HLLNCDSX3_4_2562_31548_9627_1_293_+_204cc0636a899ba3f5ce647fe945e729,MHZ0861226.1,56.044,91,40,0,1,273,280,370,1.24e-26,112,72.53,1,0
A00405_539_HLLNCDSX3_4_2562_31548_9627_1_293_+_204cc0636a899ba3f5ce647fe945e729,HNQ15597.1,56.044,91,40,0,1,273,98,188,1.24e-26,109,72.53,1,0
A00405_539_HLLNCDSX3_4_2562_31548_9627_1_293_+_204cc0636a899ba3f5ce647fe945e729,HKP71283.1,59.770,87,35,0,13,273,278,364,1.54e-26,112,72.41,1,0
A00405_539_HLLNCDSX3_4_2562_31548_9627_1_293_+_204cc0636a899ba3f5ce647fe945e729,MET0399709.1,58.242,91,38,0,1,273,269,359,1.59e-26,112,73.63,1,0
A00405_539_HLLNCDSX3_4_2562_31548_9627_1_293_+_204cc0636a899ba3f5ce647fe945e729,HEX8338709.1,58.242,91,38,0,1,273,281,371,1.68e-26,112,71.43,1,0
A00405_539_HLLNCDSX3_4_1144_21875_1705_1_289_-_2e38050b7207e66297542401e31b9aa3,MBS0331248.1,91.579,95,8,0,1,285,21,115,8.58e-58,186,95.79,1,0
A00405_539_HLLNCDSX3_4_1144_21875_1705_1_289_-_2e38050b7207e66297542401e31b9aa3,WP_111277238.1,95.789,95,4,0,1,285,257,351,2.13e-57,192,98.95,1,0
A00405_539_HLLNCDSX3_4_1144_21875_1705_1_289_-_2e38050b7207e66297542401e31b9aa3,MFL5296530.1,94.737,95,5,0,1,285,261,355,1.26e-56,190,96.84,1,0
A00405_539_HLLNCDSX3_4_1144_21875_1705_1_289_-_2e38050b7207e66297542401e31b9aa3,MDD3837126.1,91.579,95,8,0,1,285,78,172,1.97e-56,184,95.79,1,0
A00405_539_HLLNCDSX3_4_1144_21875_1705_1_289_-_2e38050b7207e66297542401e31b9aa3,WP_331589806.1,92.632,95,7,0,1,285,261,355,7.84e-56,188,96.84,1,0
A00405_539_HLLNCDSX3_4_1144_21875_1705_1_289_-_2e38050b7207e66297542401e31b9aa3,ACP39701.1,89.474,95,10,0,1,285,145,239,1.91e-55,182,95.79,1,0
A00405_539_HLLNCDSX3_4_1144_21875_1705_1_289_-_2e38050b7207e66297542401e31b9aa3,HEY0300268.1,88.421,95,11,0,1,285,23,117,6.50e-55,179,92.63,1,0
A00405_539_HLLNCDSX3_4_1144_21875_1705_1_289_-_2e38050b7207e66297542401e31b9aa3,MFI4951035.1,91.579,95,8,0,1,285,260,354,8.05e-55,186,96.84,1,0
A00405_539_HLLNCDSX3_4_1144_21875_1705_1_289_-_2e38050b7207e66297542401e31b9aa3,HEX7960352.1,88.298,94,11,0,4,285,53,146,9.78e-55,179,94.68,1,0
A00405_539_HLLNCDSX3_4_1144_21875_1705_1_289_-_2e38050b7207e66297542401e31b9aa3,MBW8815508.1,91.579,95,8,0,1,285,258,352,1.46e-54,185,95.79,1,0
A00405_539_HLLNCDSX3_4_1144_21875_1705_1_289_-_2e38050b7207e66297542401e31b9aa3,WP_293492763.1,91.579,95,8,0,1,285,260,354,1.71e-54,185,94.74,1,0
A00405_539_HLLNCDSX3_4_1144_21875_1705_1_289_-_2e38050b7207e66297542401e31b9aa3,WP_320355354.1,91.579,95,8,0,1,285,253,347,1.96e-54,184,95.79,1,0
A00405_539_HLLNCDSX3_4_1144_21875_1705_1_289_-_2e38050b7207e66297542401e31b9aa3,HEX7742509.1,91.489,94,8,0,4,285,257,350,6.14e-54,183,96.81,1,0
A00405_539_HLLNCDSX3_4_1144_21875_1705_1_289_-_2e38050b7207e66297542401e31b9aa3,CCO96877.1,87.234,94,12,0,4,285,156,249,6.29e-54,179,96.81,1,0
A00405_539_HLLNCDSX3_4_1144_21875_1705_1_289_-_2e38050b7207e66297542401e31b9aa3,HEX7759639.1,89.362,94,10,0,4,285,254,347,1.02e-53,182,97.87,1,0
A00405_539_HLLNCDSX3_4_1144_21875_1705_1_289_-_2e38050b7207e66297542401e31b9aa3,HEX7775166.1,87.234,94,12,0,4,285,143,236,1.12e-53,179,95.74,1,0
A00405_539_HLLNCDSX3_4_1144_21875_1705_1_289_-_2e38050b7207e66297542401e31b9aa3,WP_331088017.1,90.526,95,9,0,1,285,259,353,1.31e-53,182,94.74,1,0
A00405_539_HLLNCDSX3_4_1144_21875_1705_1_289_-_2e38050b7207e66297542401e31b9aa3,HEX7776324.1,89.362,94,10,0,4,285,255,348,1.66e-53,182,97.87,1,0
A00405_539_HLLNCDSX3_4_1144_21875_1705_1_289_-_2e38050b7207e66297542401e31b9aa3,WP_293478014.1,89.474,95,10,0,1,285,258,352,1.82e-53,182,95.79,1,0
A00405_539_HLLNCDSX3_4_1144_21875_1705_1_289_-_2e38050b7207e66297542401e31b9aa3,MDB5481862.1,83.158,95,16,0,1,285,60,154,1.87e-53,176,93.68,1,0
A00405_539_HLLNCDSX3_4_1144_21875_1705_1_289_-_2e38050b7207e66297542401e31b9aa3,MEQ1866347.1,89.474,95,10,0,1,285,253,347,2.47e-53,181,92.63,1,0
A00405_539_HLLNCDSX3_4_1144_21875_1705_1_289_-_2e38050b7207e66297542401e31b9aa3,WP_331535795.1,91.489,94,8,0,4,285,254,347,2.58e-53,181,94.68,1,0
A00405_539_HLLNCDSX3_4_1144_21875_1705_1_289_-_2e38050b7207e66297542401e31b9aa3,THD78815.1,91.579,95,8,0,1,285,257,351,3.15e-53,181,93.68,1,0
A00405_539_HLLNCDSX3_4_1144_21875_1705_1_289_-_2e38050b7207e66297542401e31b9aa3,HWU13246.1,89.362,94,10,0,4,285,255,348,3.23e-53,181,95.74,1,0
A00405_539_HLLNCDSX3_4_1144_21875_1705_1_289_-_2e38050b7207e66297542401e31b9aa3,WP_111528766.1,88.421,95,11,0,1,285,256,350,3.43e-53,181,95.79,1,0
A00405_539_HLLNCDSX3_4_1144_21875_1705_1_289_-_2e38050b7207e66297542401e31b9aa3,MCW5760346.1,89.474,95,10,0,1,285,205,299,3.91e-53,180,94.74,1,0
A00405_539_HLLNCDSX3_4_1144_21875_1705_1_289_-_2e38050b7207e66297542401e31b9aa3,WP_327455911.1,89.474,95,10,0,1,285,253,347,4.86e-53,181,93.68,1,0
A00405_539_HLLNCDSX3_4_1144_21875_1705_1_289_-_2e38050b7207e66297542401e31b9aa3,WP_325269032.1,88.421,95,11,0,1,285,257,351,5.27e-53,181,95.79,1,0
A00405_539_HLLNCDSX3_4_1144_21875_1705_1_289_-_2e38050b7207e66297542401e31b9aa3,WP_329635800.1,88.421,95,11,0,1,285,256,350,5.94e-53,180,94.74,1,0
A00405_539_HLLNCDSX3_4_1144_21875_1705_1_289_-_2e38050b7207e66297542401e31b9aa3,WP_423311414.1,88.298,94,11,0,4,285,255,348,6.02e-53,181,95.74,1,0
A00405_539_HLLNCDSX3_4_1144_21875_1705_1_289_-_2e38050b7207e66297542401e31b9aa3,MBP6013839.1,89.474,95,10,0,1,285,253,347,6.16e-53,181,94.74,1,0
A00405_539_HLLNCDSX3_4_1144_21875_1705_1_289_-_2e38050b7207e66297542401e31b9aa3,WP_293459077.1,88.298,94,11,0,4,285,255,348,6.42e-53,180,95.74,1,0
A00405_539_HLLNCDSX3_4_1144_21875_1705_1_289_-_2e38050b7207e66297542401e31b9aa3,CCO96870.1,81.915,94,17,0,4,285,3,96,6.95e-53,171,92.55,1,0
A00405_539_HLLNCDSX3_4_1144_21875_1705_1_289_-_2e38050b7207e66297542401e31b9aa3,MDO8325250.1,85.263,95,14,0,1,285,22,116,7.19e-53,173,90.53,1,0
A00405_539_HLLNCDSX3_4_1144_21875_1705_1_289_-_2e38050b7207e66297542401e31b9aa3,MDZ4870444.1,89.474,95,10,0,1,285,258,352,7.67e-53,180,94.74,1,0
A00405_539_HLLNCDSX3_4_1144_21875_1705_1_289_-_2e38050b7207e66297542401e31b9aa3,WP_330898579.1,89.362,94,10,0,4,285,255,348,9.05e-53,180,94.68,1,0
A00405_539_HLLNCDSX3_4_1144_21875_1705_1_289_-_2e38050b7207e66297542401e31b9aa3,HUZ14212.1,88.298,94,11,0,4,285,253,346,9.74e-53,180,95.74,1,0
A00405_539_HLLNCDSX3_4_1144_21875_1705_1_289_-_2e38050b7207e66297542401e31b9aa3,WP_397418272.1,88.421,95,11,0,1,285,259,353,9.82e-53,180,95.79,1,0
A00405_539_HLLNCDSX3_4_1144_21875_1705_1_289_-_2e38050b7207e66297542401e31b9aa3,MDE2487062.1,86.316,95,13,0,1,285,256,350,1.04e-52,180,95.79,1,0
A00405_539_HLLNCDSX3_4_1144_21875_1705_1_289_-_2e38050b7207e66297542401e31b9aa3,HEX2590661.1,86.316,95,13,0,1,285,46,140,1.38e-52,173,91.58,1,0
A00405_539_HLLNCDSX3_4_1144_21875_1705_1_289_-_2e38050b7207e66297542401e31b9aa3,WP_293414482.1,88.421,95,11,0,1,285,253,347,1.45e-52,179,94.74,1,0
A00405_539_HLLNCDSX3_4_1144_21875_1705_1_289_-_2e38050b7207e66297542401e31b9aa3,MHL5329150.1,89.474,95,10,0,1,285,257,351,1.49e-52,179,92.63,1,0
A00405_539_HLLNCDSX3_4_1144_21875_1705_1_289_-_2e38050b7207e66297542401e31b9aa3,WP_463216668.1,89.474,95,10,0,1,285,253,347,1.63e-52,179,93.68,1,0
A00405_539_HLLNCDSX3_4_1144_21875_1705_1_289_-_2e38050b7207e66297542401e31b9aa3,WP_312161722.1,89.362,94,10,0,4,285,268,361,2.18e-52,179,93.62,1,0
A00405_539_HLLNCDSX3_4_1144_21875_1705_1_289_-_2e38050b7207e66297542401e31b9aa3,MGZ6017320.1,90.426,94,9,0,4,285,255,348,2.18e-52,179,93.62,1,0
A00405_539_HLLNCDSX3_4_1144_21875_1705_1_289_-_2e38050b7207e66297542401e31b9aa3,WP_329654755.1,86.316,95,13,0,1,285,253,347,2.38e-52,179,93.68,1,0
A00405_539_HLLNCDSX3_4_1144_21875_1705_1_289_-_2e38050b7207e66297542401e31b9aa3,WP_111516450.1,88.421,95,11,0,1,285,253,347,2.76e-52,179,92.63,1,0
A00405_539_HLLNCDSX3_4_1144_21875_1705_1_289_-_2e38050b7207e66297542401e31b9aa3,HEY0106849.1,88.421,95,11,0,1,285,257,351,2.80e-52,179,93.68,1,0
A00405_539_HLLNCDSX3_4_1144_21875_1705_1_289_-_2e38050b7207e66297542401e31b9aa3,MDO9246547.1,85.263,95,14,0,1,285,69,163,2.87e-52,173,90.53,1,0
A00405_539_HLLNCDSX3_4_1144_21875_1705_1_289_-_2e38050b7207e66297542401e31b9aa3,CCO96754.1,85.106,94,14,0,4,285,165,258,3.02e-52,174,94.68,1,0
A00405_539_HLLNCDSX3_4_1144_21875_1705_1_289_-_2e38050b7207e66297542401e31b9aa3,MFN9970011.1,85.263,95,14,0,1,285,153,247,4.33e-52,176,93.68,1,0
A00405_539_HLLNCDSX3_4_1144_21875_1705_1_289_-_2e38050b7207e66297542401e31b9aa3,WP_397421398.1,89.474,95,10,0,1,285,257,351,5.00e-52,178,92.63,1,0
A00405_539_HLLNCDSX3_4_1144_21875_1705_1_289_-_2e38050b7207e66297542401e31b9aa3,WP_332771144.1,89.362,94,10,0,4,285,255,348,5.37e-52,178,93.62,1,0
A00405_539_HLLNCDSX3_4_1144_21875_1705_1_289_-_2e38050b7207e66297542401e31b9aa3,WP_293215945.1,86.316,95,13,0,1,285,256,350,5.56e-52,178,95.79,1,0
A00405_539_HLLNCDSX3_4_1144_21875_1705_1_289_-_2e38050b7207e66297542401e31b9aa3,BAS52987.1,86.316,95,13,0,1,285,122,216,6.96e-52,172,90.53,1,0
A00405_539_HLLNCDSX3_4_1144_21875_1705_1_289_-_2e38050b7207e66297542401e31b9aa3,MBI1238572.1,89.362,94,10,0,1,282,256,349,1.12e-51,177,93.62,1,0
A00405_539_HLLNCDSX3_4_1144_21875_1705_1_289_-_2e38050b7207e66297542401e31b9aa3,MEQ1754117.1,85.263,95,14,0,1,285,253,347,1.24e-51,177,95.79,1,0
A00405_539_HLLNCDSX3_4_1144_21875_1705_1_289_-_2e38050b7207e66297542401e31b9aa3,WP_293391522.1,88.421,95,11,0,1,285,258,352,1.54e-51,177,92.63,1,0
A00405_539_HLLNCDSX3_4_1144_21875_1705_1_289_-_2e38050b7207e66297542401e31b9aa3,MFI4935415.1,85.106,94,14,0,4,285,253,346,1.55e-51,177,96.81,1,0
A00405_539_HLLNCDSX3_4_1144_21875_1705_1_289_-_2e38050b7207e66297542401e31b9aa3,MBS0411641.1,87.234,94,12,0,4,285,257,350,1.58e-51,176,91.49,1,0
A00405_539_HLLNCDSX3_4_1144_21875_1705_1_289_-_2e38050b7207e66297542401e31b9aa3,MDX5393219.1,87.368,95,12,0,1,285,181,275,1.60e-51,175,92.63,1,0
A00405_539_HLLNCDSX3_4_1144_21875_1705_1_289_-_2e38050b7207e66297542401e31b9aa3,MBI1405298.1,86.316,95,13,0,1,285,253,347,1.79e-51,177,92.63,1,0
A00405_539_HLLNCDSX3_4_1144_21875_1705_1_289_-_2e38050b7207e66297542401e31b9aa3,WP_297697185.1,86.316,95,13,0,1,285,257,351,2.06e-51,177,93.68,1,0
A00405_539_HLLNCDSX3_4_1144_21875_1705_1_289_-_2e38050b7207e66297542401e31b9aa3,CCO96876.1,84.043,94,15,0,4,285,150,243,2.12e-51,172,93.62,1,0
A00405_539_HLLNCDSX3_4_1144_21875_1705_1_289_-_2e38050b7207e66297542401e31b9aa3,WP_304701122.1,87.368,95,12,0,1,285,253,347,2.14e-51,176,91.58,1,0
A00405_539_HLLNCDSX3_4_1144_21875_1705_1_289_-_2e38050b7207e66297542401e31b9aa3,ADF27246.1,83.871,93,15,0,7,285,1,93,2.28e-51,167,90.32,1,0
A00405_539_HLLNCDSX3_4_1144_21875_1705_1_289_-_2e38050b7207e66297542401e31b9aa3,WP_372785444.1,87.368,95,12,0,1,285,256,350,2.39e-51,176,93.68,1,0
A00405_539_HLLNCDSX3_4_1144_21875_1705_1_289_-_2e38050b7207e66297542401e31b9aa3,MBL6940417.1,87.234,94,12,0,4,285,253,346,2.39e-51,183,92.55,1,0
A00405_539_HLLNCDSX3_4_1144_21875_1705_1_289_-_2e38050b7207e66297542401e31b9aa3,HEY4940291.1,85.263,95,14,0,1,285,257,351,2.72e-51,176,93.68,1,0
A00405_539_HLLNCDSX3_4_1144_21875_1705_1_289_-_2e38050b7207e66297542401e31b9aa3,ABI14019.1,82.796,93,16,0,7,285,1,93,2.87e-51,167,94.62,1,0
A00405_539_HLLNCDSX3_4_1144_21875_1705_1_289_-_2e38050b7207e66297542401e31b9aa3,HYM33887.1,85.106,94,14,0,4,285,272,365,3.52e-51,176,95.74,1,0
A00405_539_HLLNCDSX3_4_1144_21875_1705_1_289_-_2e38050b7207e66297542401e31b9aa3,MFN8949237.1,85.263,95,14,0,1,285,244,338,3.83e-51,176,93.68,1,0
A00405_539_HLLNCDSX3_4_1144_21875_1705_1_289_-_2e38050b7207e66297542401e31b9aa3,WP_374468831.1,89.474,95,10,0,1,285,254,348,4.74e-51,176,90.53,1,0
A00405_539_HLLNCDSX3_4_1144_21875_1705_1_289_-_2e38050b7207e66297542401e31b9aa3,AKG58848.1,83.871,93,15,0,7,285,1,93,5.80e-51,166,89.25,1,0
A00405_539_HLLNCDSX3_4_1144_21875_1705_1_289_-_2e38050b7207e66297542401e31b9aa3,WP_293905537.1,87.368,95,12,0,1,285,258,352,7.05e-51,175,91.58,1,0
A00405_539_HLLNCDSX3_4_1144_21875_1705_1_289_-_2e38050b7207e66297542401e31b9aa3,HUO89863.1,84.211,95,15,0,1,285,138,232,1.01e-50,172,92.63,1,0
A00405_539_HLLNCDSX3_4_1144_21875_1705_1_289_-_2e38050b7207e66297542401e31b9aa3,MGH6956993.1,86.170,94,13,0,4,285,276,369,1.02e-50,175,92.55,1,0
A00405_539_HLLNCDSX3_4_1144_21875_1705_1_289_-_2e38050b7207e66297542401e31b9aa3,HXQ13120.1,87.234,94,12,0,4,285,253,346,1.15e-50,174,92.55,1,0
A00405_539_HLLNCDSX3_4_1144_21875_1705_1_289_-_2e38050b7207e66297542401e31b9aa3,CCO96869.1,81.915,94,17,0,4,285,109,202,1.35e-50,169,92.55,1,0
A00405_539_HLLNCDSX3_4_1144_21875_1705_1_289_-_2e38050b7207e66297542401e31b9aa3,MDZ4741548.1,83.158,95,16,0,1,285,246,340,1.38e-50,174,93.68,1,0
A00405_539_HLLNCDSX3_4_1144_21875_1705_1_289_-_2e38050b7207e66297542401e31b9aa3,AKG58847.1,82.609,92,16,0,7,282,1,92,1.80e-50,165,91.30,1,0
A00405_539_HLLNCDSX3_4_1144_21875_1705_1_289_-_2e38050b7207e66297542401e31b9aa3,WP_503424855.1,86.316,95,13,0,1,285,257,351,1.93e-50,174,90.53,1,0
A00405_539_HLLNCDSX3_4_1144_21875_1705_1_289_-_2e38050b7207e66297542401e31b9aa3,WP_293329292.1,85.263,95,14,0,1,285,256,350,2.01e-50,174,94.74,1,0
A00405_539_HLLNCDSX3_4_1144_21875_1705_1_289_-_2e38050b7207e66297542401e31b9aa3,WP_309645251.1,82.979,94,16,0,4,285,157,250,2.12e-50,171,91.49,1,0
A00405_539_HLLNCDSX3_4_1144_21875_1705_1_289_-_2e38050b7207e66297542401e31b9aa3,HYD46078.1,86.316,95,13,0,1,285,252,346,2.17e-50,174,90.53,1,0
A00405_539_HLLNCDSX3_4_1144_21875_1705_1_289_-_2e38050b7207e66297542401e31b9aa3,HET9161203.1,83.158,95,16,0,1,285,257,351,2.49e-50,174,94.74,1,0
A00405_539_HLLNCDSX3_4_1144_21875_1705_1_289_-_2e38050b7207e66297542401e31b9aa3,WP_423304776.1,87.234,94,12,0,4,285,257,350,2.69e-50,174,91.49,1,0
A00405_539_HLLNCDSX3_4_1144_21875_1705_1_289_-_2e38050b7207e66297542401e31b9aa3,WP_242565686.1,86.170,94,13,0,4,285,255,348,3.36e-50,173,91.49,1,0
A00405_539_HLLNCDSX3_4_1144_21875_1705_1_289_-_2e38050b7207e66297542401e31b9aa3,WP_309644477.1,85.263,95,14,0,1,285,253,347,3.37e-50,172,90.53,1,0
A00405_539_HLLNCDSX3_4_1144_21875_1705_1_289_-_2e38050b7207e66297542401e31b9aa3,AKG58830.1,81.720,93,17,0,7,285,1,93,3.39e-50,164,89.25,1,0
A00405_539_HLLNCDSX3_4_1144_21875_1705_1_289_-_2e38050b7207e66297542401e31b9aa3,HWA63861.1,86.170,94,13,0,4,285,257,350,3.99e-50,173,91.49,1,0
A00405_539_HLLNCDSX3_4_1144_21875_1705_1_289_-_2e38050b7207e66297542401e31b9aa3,MID8531145.1,88.421,95,11,0,1,285,253,347,4.30e-50,173,90.53,1,0
A00405_539_HLLNCDSX3_4_1144_21875_1705_1_289_-_2e38050b7207e66297542401e31b9aa3,MBV9045480.1,86.316,95,13,0,1,285,180,274,4.38e-50,171,90.53,1,0
A00405_539_HLLNCDSX3_4_1144_21875_1705_1_289_-_2e38050b7207e66297542401e31b9aa3,HET7334701.1,88.298,94,11,0,4,285,253,346,4.99e-50,173,90.43,1,0
A00405_539_HLLNCDSX3_4_1144_21875_1705_1_289_-_2e38050b7207e66297542401e31b9aa3,HEX7758471.1,85.106,94,14,0,4,285,255,348,5.21e-50,173,93.62,1,0
A00405_539_HLLNCDSX3_4_1144_21875_1705_1_289_-_2e38050b7207e66297542401e31b9aa3,MFM9864489.1,84.211,95,15,0,1,285,256,350,5.23e-50,172,92.63,1,0
A00405_539_HLLNCDSX3_4_1144_21875_1705_1_289_-_2e38050b7207e66297542401e31b9aa3,NBU28528.1,86.170,94,13,0,4,285,221,314,5.25e-50,172,91.49,1,0
A00405_539_HLLNCDSX3_4_1144_21875_1705_1_289_-_2e38050b7207e66297542401e31b9aa3,WP_332044478.1,87.368,95,12,0,1,285,255,349,5.44e-50,173,88.42,1,0
A00405_539_HLLNCDSX3_4_1144_21875_1705_1_289_-_2e38050b7207e66297542401e31b9aa3,MFZ5721298.1,85.263,95,14,0,1,285,258,352,6.67e-50,173,93.68,1,0
A00405_539_HLLNCDSX3_4_1144_21875_1705_1_289_-_2e38050b7207e66297542401e31b9aa3,MHL5474782.1,84.211,95,15,0,1,285,256,350,7.04e-50,172,93.68,1,0
A00405_539_HLLNCDSX3_4_2434_5791_26678_1_293_+_4935421d650b2f8704a06e4772a37ebd,WP_271067205.1,92.784,97,7,0,1,291,169,265,1.36e-56,190,96.91,1,0
A00405_539_HLLNCDSX3_4_2434_5791_26678_1_293_+_4935421d650b2f8704a06e4772a37ebd,RYF95249.1,89.691,97,10,0,1,291,28,124,4.89e-55,182,95.88,1,0
A00405_539_HLLNCDSX3_4_2434_5791_26678_1_293_+_4935421d650b2f8704a06e4772a37ebd,MDQ0464898.1,82.474,97,17,0,1,291,173,269,1.17e-47,167,89.69,1,0
A00405_539_HLLNCDSX3_4_2434_5791_26678_1_293_+_4935421d650b2f8704a06e4772a37ebd,HYE46942.1,80.412,97,19,0,1,291,169,265,3.95e-46,163,85.57,1,0
A00405_539_HLLNCDSX3_4_2434_5791_26678_1_293_+_4935421d650b2f8704a06e4772a37ebd,WP_099620219.1,79.381,97,20,0,1,291,169,265,1.01e-45,162,88.66,1,0
A00405_539_HLLNCDSX3_4_2434_5791_26678_1_293_+_4935421d650b2f8704a06e4772a37ebd,MES2034286.1,79.381,97,20,0,1,291,169,265,4.77e-45,160,84.54,1,0
A00405_539_HLLNCDSX3_4_2434_5791_26678_1_293_+_4935421d650b2f8704a06e4772a37ebd,MDH4385848.1,78.351,97,21,0,1,291,169,265,6.92e-45,160,84.54,1,0
A00405_539_HLLNCDSX3_4_2434_5791_26678_1_293_+_4935421d650b2f8704a06e4772a37ebd,MBX3481082.1,75.258,97,24,0,1,291,165,261,1.24e-44,159,86.60,1,0
A00405_539_HLLNCDSX3_4_2434_5791_26678_1_293_+_4935421d650b2f8704a06e4772a37ebd,WP_166572960.1,78.351,97,21,0,1,291,169,265,7.03e-44,157,84.54,1,0
A00405_539_HLLNCDSX3_4_2434_5791_26678_1_293_+_4935421d650b2f8704a06e4772a37ebd,MFZ5668407.1,77.320,97,22,0,1,291,168,264,1.35e-43,156,86.60,1,0
A00405_539_HLLNCDSX3_4_2434_5791_26678_1_293_+_4935421d650b2f8704a06e4772a37ebd,MDO9473142.1,79.592,98,19,1,1,291,169,266,6.88e-43,155,84.69,1,0
A00405_539_HLLNCDSX3_4_2434_5791_26678_1_293_+_4935421d650b2f8704a06e4772a37ebd,HEX7761734.1,79.381,97,20,0,1,291,170,266,3.17e-42,153,83.51,1,0
A00405_539_HLLNCDSX3_4_2434_5791_26678_1_293_+_4935421d650b2f8704a06e4772a37ebd,WP_423306426.1,78.351,97,21,0,1,291,170,266,4.41e-42,152,82.47,1,0
A00405_539_HLLNCDSX3_4_2434_5791_26678_1_293_+_4935421d650b2f8704a06e4772a37ebd,WP_488902081.1,75.758,99,22,1,1,291,169,267,4.59e-42,152,83.84,1,0
A00405_539_HLLNCDSX3_4_2434_5791_26678_1_293_+_4935421d650b2f8704a06e4772a37ebd,WP_242918542.1,74.227,97,25,0,1,291,179,275,3.24e-41,150,84.54,1,0
A00405_539_HLLNCDSX3_4_2434_5791_26678_1_293_+_4935421d650b2f8704a06e4772a37ebd,MDP1630986.1,74.227,97,25,0,1,291,169,265,4.98e-41,150,84.54,1,0
A00405_539_HLLNCDSX3_4_2434_5791_26678_1_293_+_4935421d650b2f8704a06e4772a37ebd,MEJ0065545.1,74.227,97,25,0,1,291,156,252,6.77e-41,149,82.47,1,0
A00405_539_HLLNCDSX3_4_2434_5791_26678_1_293_+_4935421d650b2f8704a06e4772a37ebd,HIR2872191.1,74.227,97,25,0,1,291,170,266,7.95e-41,149,82.47,1,0
A00405_539_HLLNCDSX3_4_2434_5791_26678_1_293_+_4935421d650b2f8704a06e4772a37ebd,HZZ88208.1,72.165,97,27,0,1,291,170,266,1.01e-40,149,82.47,1,0
A00405_539_HLLNCDSX3_4_2434_5791_26678_1_293_+_4935421d650b2f8704a06e4772a37ebd,HEX3916617.1,73.196,97,26,0,1,291,170,266,4.91e-40,147,82.47,1,0
A00405_539_HLLNCDSX3_4_2434_5791_26678_1_293_+_4935421d650b2f8704a06e4772a37ebd,HUO13213.1,73.196,97,26,0,1,291,169,265,5.77e-40,147,82.47,1,0
A00405_539_HLLNCDSX3_4_2434_5791_26678_1_293_+_4935421d650b2f8704a06e4772a37ebd,MFO1012359.1,72.449,98,26,1,1,291,169,266,9.16e-40,147,82.65,1,0
A00405_539_HLLNCDSX3_4_2434_5791_26678_1_293_+_4935421d650b2f8704a06e4772a37ebd,MFI4935166.1,73.196,97,26,0,1,291,170,266,2.16e-39,145,79.38,1,0
A00405_539_HLLNCDSX3_4_2434_5791_26678_1_293_+_4935421d650b2f8704a06e4772a37ebd,MDB5432636.1,73.196,97,26,0,1,291,177,273,3.24e-39,145,81.44,1,0
A00405_539_HLLNCDSX3_4_2434_5791_26678_1_293_+_4935421d650b2f8704a06e4772a37ebd,WP_315612289.1,74.419,86,22,0,34,291,1,86,7.30e-39,135,86.05,1,0
A00405_539_HLLNCDSX3_4_2434_5791_26678_1_293_+_4935421d650b2f8704a06e4772a37ebd,MGH6972491.1,67.010,97,32,0,1,291,170,266,2.52e-38,139,80.41,1,0
A00405_539_HLLNCDSX3_4_2434_5791_26678_1_293_+_4935421d650b2f8704a06e4772a37ebd,MHH7008808.1,69.072,97,30,0,1,291,170,266,2.84e-38,142,79.38,1,0
A00405_539_HLLNCDSX3_4_2434_5791_26678_1_293_+_4935421d650b2f8704a06e4772a37ebd,MHB8530051.1,72.165,97,26,1,1,291,172,267,5.21e-38,142,81.44,1,0
A00405_539_HLLNCDSX3_4_2434_5791_26678_1_293_+_4935421d650b2f8704a06e4772a37ebd,MGH6957661.1,67.010,97,32,0,1,291,170,266,6.84e-37,139,80.41,1,0
A00405_539_HLLNCDSX3_4_2434_5791_26678_1_293_+_4935421d650b2f8704a06e4772a37ebd,HUZ14170.1,69.072,97,30,0,1,291,170,266,8.90e-37,139,80.41,1,0
A00405_539_HLLNCDSX3_4_2434_5791_26678_1_293_+_4935421d650b2f8704a06e4772a37ebd,HEY5105658.1,69.072,97,30,0,1,291,170,266,1.04e-36,139,78.35,1,0
A00405_539_HLLNCDSX3_4_2434_5791_26678_1_293_+_4935421d650b2f8704a06e4772a37ebd,HZK99325.1,71.134,97,28,0,1,291,170,266,1.10e-36,139,78.35,1,0
A00405_539_HLLNCDSX3_4_2434_5791_26678_1_293_+_4935421d650b2f8704a06e4772a37ebd,MDE2356682.1,71.134,97,28,0,1,291,175,271,1.47e-36,138,75.26,1,0
A00405_539_HLLNCDSX3_4_2434_5791_26678_1_293_+_4935421d650b2f8704a06e4772a37ebd,HEY3800202.1,69.072,97,30,0,1,291,169,265,2.26e-36,137,77.32,1,0
A00405_539_HLLNCDSX3_4_2434_5791_26678_1_293_+_4935421d650b2f8704a06e4772a37ebd,HEV2365807.1,67.010,97,32,0,1,291,173,269,2.62e-36,137,76.29,1,0
A00405_539_HLLNCDSX3_4_2434_5791_26678_1_293_+_4935421d650b2f8704a06e4772a37ebd,MGH7009386.1,68.000,100,29,1,1,291,174,273,4.92e-36,137,77.00,1,0
A00405_539_HLLNCDSX3_4_2434_5791_26678_1_293_+_4935421d650b2f8704a06e4772a37ebd,MDQ2861618.1,67.677,99,30,1,1,291,170,268,1.54e-35,135,78.79,1,0
A00405_539_HLLNCDSX3_4_2434_5791_26678_1_293_+_4935421d650b2f8704a06e4772a37ebd,HEY5290081.1,68.367,98,30,1,1,291,169,266,1.69e-35,135,77.55,1,0
A00405_539_HLLNCDSX3_4_2434_5791_26678_1_293_+_4935421d650b2f8704a06e4772a37ebd,MBV8681497.1,65.657,99,32,1,1,291,176,274,2.19e-35,135,77.78,1,0
A00405_539_HLLNCDSX3_4_2434_5791_26678_1_293_+_4935421d650b2f8704a06e4772a37ebd,MGI9169958.1,64.948,97,34,0,1,291,170,266,3.21e-35,135,76.29,1,0
A00405_539_HLLNCDSX3_4_2434_5791_26678_1_293_+_4935421d650b2f8704a06e4772a37ebd,HEY1927366.1,65.657,99,32,1,1,291,177,275,4.26e-35,134,76.77,1,0
A00405_539_HLLNCDSX3_4_2434_5791_26678_1_293_+_4935421d650b2f8704a06e4772a37ebd,HWD66713.1,66.327,98,32,1,1,291,169,266,7.43e-35,134,79.59,1,0
A00405_539_HLLNCDSX3_4_2434_5791_26678_1_293_+_4935421d650b2f8704a06e4772a37ebd,CAR3351492.1,64.583,96,34,0,1,288,169,264,7.55e-35,134,82.29,1,0
A00405_539_HLLNCDSX3_4_2434_5791_26678_1_293_+_4935421d650b2f8704a06e4772a37ebd,HEY1448532.1,67.010,97,30,1,1,291,169,263,8.40e-35,134,77.32,1,0
A00405_539_HLLNCDSX3_4_2434_5791_26678_1_293_+_4935421d650b2f8704a06e4772a37ebd,HJY39789.1,63.542,96,35,0,1,288,178,273,1.15e-34,133,81.25,1,0
A00405_539_HLLNCDSX3_4_2434_5791_26678_1_293_+_4935421d650b2f8704a06e4772a37ebd,MHS8578438.1,61.458,96,37,0,1,288,169,264,1.27e-34,130,81.25,1,0
A00405_539_HLLNCDSX3_4_2434_5791_26678_1_293_+_4935421d650b2f8704a06e4772a37ebd,HTK79291.1,64.948,97,34,0,1,291,170,266,1.27e-34,133,80.41,1,0
A00405_539_HLLNCDSX3_4_2434_5791_26678_1_293_+_4935421d650b2f8704a06e4772a37ebd,MEO8925879.1,67.010,97,32,0,1,291,170,266,1.42e-34,133,77.32,1,0
A00405_539_HLLNCDSX3_4_2434_5791_26678_1_293_+_4935421d650b2f8704a06e4772a37ebd,MGH8187701.1,63.542,96,35,0,1,288,169,264,2.21e-34,130,80.21,1,0
A00405_539_HLLNCDSX3_4_2434_5791_26678_1_293_+_4935421d650b2f8704a06e4772a37ebd,HWE99167.1,64.762,105,28,2,1,291,177,280,2.98e-34,132,75.24,1,0
A00405_539_HLLNCDSX3_4_2434_5791_26678_1_293_+_4935421d650b2f8704a06e4772a37ebd,MGA2952892.1,63.918,97,35,0,1,291,169,265,3.11e-34,132,74.23,1,0
A00405_539_HLLNCDSX3_4_2434_5791_26678_1_293_+_4935421d650b2f8704a06e4772a37ebd,HEY7900553.1,65.306,98,33,1,1,291,169,266,3.91e-34,132,75.51,1,0
A00405_539_HLLNCDSX3_4_2434_5791_26678_1_293_+_4935421d650b2f8704a06e4772a37ebd,HET9444977.1,61.458,96,37,0,1,288,169,264,4.63e-34,130,81.25,1,0
A00405_539_HLLNCDSX3_4_2434_5791_26678_1_293_+_4935421d650b2f8704a06e4772a37ebd,MFA5503765.1,64.948,97,32,1,1,291,111,205,5.03e-34,130,81.44,1,0
A00405_539_HLLNCDSX3_4_2434_5791_26678_1_293_+_4935421d650b2f8704a06e4772a37ebd,MHS4643581.1,61.458,96,37,0,1,288,169,264,8.16e-34,131,80.21,1,0
A00405_539_HLLNCDSX3_4_2434_5791_26678_1_293_+_4935421d650b2f8704a06e4772a37ebd,WP_320357685.1,64.948,97,32,1,1,291,170,264,1.27e-33,130,81.44,1,0
A00405_539_HLLNCDSX3_4_2434_5791_26678_1_293_+_4935421d650b2f8704a06e4772a37ebd,HYM35893.1,60.417,96,38,0,1,288,48,143,1.35e-33,128,79.17,1,0
A00405_539_HLLNCDSX3_4_2434_5791_26678_1_293_+_4935421d650b2f8704a06e4772a37ebd,MHF0967251.1,61.458,96,37,0,1,288,169,264,2.33e-33,130,79.17,1,0
A00405_539_HLLNCDSX3_4_2434_5791_26678_1_293_+_4935421d650b2f8704a06e4772a37ebd,MFY7926229.1,64.948,97,34,0,1,291,61,157,2.60e-33,127,76.29,1,0
A00405_539_HLLNCDSX3_4_2434_5791_26678_1_293_+_4935421d650b2f8704a06e4772a37ebd,HQN50883.1,65.657,99,32,2,1,291,20,118,2.77e-33,126,77.78,1,0
A00405_539_HLLNCDSX3_4_2434_5791_26678_1_293_+_4935421d650b2f8704a06e4772a37ebd,MCI4644437.1,65.306,98,32,1,1,288,182,279,3.97e-33,129,76.53,1,0
A00405_539_HLLNCDSX3_4_2434_5791_26678_1_293_+_4935421d650b2f8704a06e4772a37ebd,HXV00263.1,63.918,97,35,0,1,291,170,266,6.11e-33,129,73.20,1,0
A00405_539_HLLNCDSX3_4_2434_5791_26678_1_293_+_4935421d650b2f8704a06e4772a37ebd,MHS1831152.1,62.887,97,36,0,1,291,170,266,7.77e-33,128,76.29,1,0
A00405_539_HLLNCDSX3_4_2434_5791_26678_1_293_+_4935421d650b2f8704a06e4772a37ebd,MGN6149701.1,64.948,97,33,1,1,291,169,264,1.39e-32,126,78.35,1,0
A00405_539_HLLNCDSX3_4_2434_5791_26678_1_293_+_4935421d650b2f8704a06e4772a37ebd,WP_375268388.1,67.010,97,28,2,1,291,170,262,1.66e-32,127,79.38,1,0
A00405_539_HLLNCDSX3_4_2434_5791_26678_1_293_+_4935421d650b2f8704a06e4772a37ebd,HTW34234.1,62.887,97,36,0,1,291,114,210,1.83e-32,126,76.29,1,0
A00405_539_HLLNCDSX3_4_2434_5791_26678_1_293_+_4935421d650b2f8704a06e4772a37ebd,HEY2357955.1,61.856,97,37,0,1,291,25,121,1.91e-32,124,74.23,1,0
A00405_539_HLLNCDSX3_4_2434_5791_26678_1_293_+_4935421d650b2f8704a06e4772a37ebd,MFM9851529.1,63.918,97,35,0,1,291,174,270,2.34e-32,127,76.29,1,0
A00405_539_HLLNCDSX3_4_2434_5791_26678_1_293_+_4935421d650b2f8704a06e4772a37ebd,WP_409609211.1,63.918,97,33,1,1,291,180,274,2.34e-32,127,78.35,1,0
A00405_539_HLLNCDSX3_4_2434_5791_26678_1_293_+_4935421d650b2f8704a06e4772a37ebd,HXQ45891.1,64.583,96,31,1,1,288,170,262,2.81e-32,127,77.08,1,0
A00405_539_HLLNCDSX3_4_2434_5791_26678_1_293_+_4935421d650b2f8704a06e4772a37ebd,MHR6824345.1,60.825,97,38,0,1,291,170,266,3.32e-32,127,77.32,1,0
A00405_539_HLLNCDSX3_4_2434_5791_26678_1_293_+_4935421d650b2f8704a06e4772a37ebd,MBS0409170.1,60.825,97,38,0,1,291,165,261,3.78e-32,126,74.23,1,0
A00405_539_HLLNCDSX3_4_2434_5791_26678_1_293_+_4935421d650b2f8704a06e4772a37ebd,MDP9103451.1,64.286,98,34,1,1,291,169,266,4.36e-32,126,76.53,1,0
A00405_539_HLLNCDSX3_4_2434_5791_26678_1_293_+_4935421d650b2f8704a06e4772a37ebd,WP_284359492.1,63.918,97,35,0,1,291,170,266,4.78e-32,126,75.26,1,0
A00405_539_HLLNCDSX3_4_2434_5791_26678_1_293_+_4935421d650b2f8704a06e4772a37ebd,WP_354298170.1,61.224,98,37,1,1,291,166,263,4.89e-32,126,74.49,1,0
A00405_539_HLLNCDSX3_4_2434_5791_26678_1_293_+_4935421d650b2f8704a06e4772a37ebd,MBS0278964.1,63.918,97,34,1,1,291,169,264,5.33e-32,126,79.38,1,0
A00405_539_HLLNCDSX3_4_2434_5791_26678_1_293_+_4935421d650b2f8704a06e4772a37ebd,MDE1173651.1,59.794,97,39,0,1,291,166,262,5.58e-32,126,74.23,1,0
A00405_539_HLLNCDSX3_4_2434_5791_26678_1_293_+_4935421d650b2f8704a06e4772a37ebd,MFY8142431.1,57.732,97,41,0,1,291,166,262,6.14e-32,122,73.20,1,0
A00405_539_HLLNCDSX3_4_2434_5791_26678_1_293_+_4935421d650b2f8704a06e4772a37ebd,HEX6866626.1,61.224,98,37,1,1,291,168,265,8.20e-32,125,75.51,1,0
A00405_539_HLLNCDSX3_4_2434_5791_26678_1_293_+_4935421d650b2f8704a06e4772a37ebd,MEK6638347.1,61.856,97,37,0,1,291,174,270,9.35e-32,125,74.23,1,0
A00405_539_HLLNCDSX3_4_2434_5791_26678_1_293_+_4935421d650b2f8704a06e4772a37ebd,WP_397414486.1,57.732,97,41,0,1,291,165,261,9.47e-32,125,74.23,1,0
A00405_539_HLLNCDSX3_4_2434_5791_26678_1_293_+_4935421d650b2f8704a06e4772a37ebd,HEY2658347.1,60.825,97,38,0,1,291,173,269,1.14e-31,125,78.35,1,0
A00405_539_HLLNCDSX3_4_2434_5791_26678_1_293_+_4935421d650b2f8704a06e4772a37ebd,WP_199699166.1,59.794,97,39,0,1,291,14,110,1.29e-31,122,76.29,1,0
A00405_539_HLLNCDSX3_4_2434_5791_26678_1_293_+_4935421d650b2f8704a06e4772a37ebd,HSM95270.1,63.918,97,34,1,1,291,168,263,1.37e-31,125,77.32,1,0
A00405_539_HLLNCDSX3_4_2434_5791_26678_1_293_+_4935421d650b2f8704a06e4772a37ebd,HEX2594426.1,64.948,97,34,0,1,291,168,264,1.72e-31,125,74.23,1,0
A00405_539_HLLNCDSX3_4_2434_5791_26678_1_293_+_4935421d650b2f8704a06e4772a37ebd,WP_409607244.1,60.606,99,37,1,1,291,166,264,1.73e-31,125,73.74,1,0
A00405_539_HLLNCDSX3_4_2434_5791_26678_1_293_+_4935421d650b2f8704a06e4772a37ebd,WP_111276828.1,58.763,97,40,0,1,291,165,261,1.92e-31,124,74.23,1,0
A00405_539_HLLNCDSX3_4_2434_5791_26678_1_293_+_4935421d650b2f8704a06e4772a37ebd,HEX2561750.1,62.887,97,34,1,1,291,170,264,1.93e-31,121,76.29,1,0
A00405_539_HLLNCDSX3_4_2434_5791_26678_1_293_+_4935421d650b2f8704a06e4772a37ebd,WP_293518738.1,56.701,97,42,0,1,291,165,261,2.14e-31,122,75.26,1,0
A00405_539_HLLNCDSX3_4_2434_5791_26678_1_293_+_4935421d650b2f8704a06e4772a37ebd,MGE5567046.1,63.265,98,35,1,1,291,169,266,2.29e-31,124,73.47,1,0
A00405_539_HLLNCDSX3_4_2434_5791_26678_1_293_+_4935421d650b2f8704a06e4772a37ebd,MEW6599045.1,58.763,97,40,0,1,291,166,262,2.33e-31,124,75.26,1,0
A00405_539_HLLNCDSX3_4_2434_5791_26678_1_293_+_4935421d650b2f8704a06e4772a37ebd,MEY4501170.1,59.794,97,39,0,1,291,168,264,2.34e-31,124,74.23,1,0
A00405_539_HLLNCDSX3_4_2434_5791_26678_1_293_+_4935421d650b2f8704a06e4772a37ebd,WP_331932513.1,62.887,97,36,0,1,291,118,214,2.41e-31,124,76.29,1,0
A00405_539_HLLNCDSX3_4_2434_5791_26678_1_293_+_4935421d650b2f8704a06e4772a37ebd,HEX5378189.1,59.794,97,39,0,1,291,166,262,2.43e-31,124,74.23,1,0
A00405_539_HLLNCDSX3_4_2434_5791_26678_1_293_+_4935421d650b2f8704a06e4772a37ebd,HLI64797.1,63.265,98,31,2,1,291,170,263,2.65e-31,124,79.59,1,0
A00405_539_HLLNCDSX3_4_2434_5791_26678_1_293_+_4935421d650b2f8704a06e4772a37ebd,WP_160588603.1,61.856,97,37,0,1,291,173,269,2.87e-31,124,75.26,1,0
A00405_539_HLLNCDSX3_4_2434_5791_26678_1_293_+_4935421d650b2f8704a06e4772a37ebd,MGD0192420.1,63.918,97,32,1,1,291,165,258,2.98e-31,124,79.38,1,0
A00405_539_HLLNCDSX3_4_2434_5791_26678_1_293_+_4935421d650b2f8704a06e4772a37ebd,MEY3704039.1,60.825,97,38,0,1,291,169,265,3.12e-31,124,75.26,1,0
A00405_539_HLLNCDSX3_4_2434_5791_26678_1_293_+_4935421d650b2f8704a06e4772a37ebd,WP_293544020.1,55.670,97,43,0,1,291,13,109,3.18e-31,121,75.26,1,0
A00405_539_HLLNCDSX3_4_2434_5791_26678_1_293_+_4935421d650b2f8704a06e4772a37ebd,WP_324297745.1,62.887,97,35,1,1,291,165,260,3.48e-31,124,74.23,1,0
A00405_539_HLLNCDSX3_4_1149_18701_36605_1_292_-_4a407c9c3375a6ad5003bdd88d91a484,WP_295529727.1,87.629,97,12,0,1,291,302,398,4.17e-56,189,93.81,1,0
A00405_539_HLLNCDSX3_4_1149_18701_36605_1_292_-_4a407c9c3375a6ad5003bdd88d91a484,WP_336446923.1,87.629,97,12,0,1,291,277,373,7.03e-55,186,92.78,1,0
A00405_539_HLLNCDSX3_4_1149_18701_36605_1_292_-_4a407c9c3375a6ad5003bdd88d91a484,WP_136957709.1,84.536,97,15,0,1,291,277,373,3.23e-54,184,94.85,1,0
A00405_539_HLLNCDSX3_4_1149_18701_36605_1_292_-_4a407c9c3375a6ad5003bdd88d91a484,WP_481865660.1,82.474,97,17,0,1,291,291,387,2.30e-53,182,90.72,1,0
A00405_539_HLLNCDSX3_4_1149_18701_36605_1_292_-_4a407c9c3375a6ad5003bdd88d91a484,MBJ7253459.1,82.474,97,17,0,1,291,277,373,2.41e-52,179,89.69,1,0
A00405_539_HLLNCDSX3_4_1149_18701_36605_1_292_-_4a407c9c3375a6ad5003bdd88d91a484,MBM3596517.1,80.412,97,19,0,1,291,277,373,1.30e-51,176,89.69,1,0
A00405_539_HLLNCDSX3_4_1149_18701_36605_1_292_-_4a407c9c3375a6ad5003bdd88d91a484,WP_409203705.1,80.412,97,19,0,1,291,277,373,5.04e-51,176,89.69,1,0
A00405_539_HLLNCDSX3_4_1149_18701_36605_1_292_-_4a407c9c3375a6ad5003bdd88d91a484,MHS6457218.1,82.474,97,17,0,1,291,277,373,7.40e-50,172,88.66,1,0
A00405_539_HLLNCDSX3_4_1149_18701_36605_1_292_-_4a407c9c3375a6ad5003bdd88d91a484,WP_408590882.1,79.381,97,20,0,1,291,276,372,2.64e-47,166,85.57,1,0
A00405_539_HLLNCDSX3_4_1149_18701_36605_1_292_-_4a407c9c3375a6ad5003bdd88d91a484,WP_067746971.1,77.320,97,22,0,1,291,276,372,7.60e-47,165,84.54,1,0
A00405_539_HLLNCDSX3_4_1149_18701_36605_1_292_-_4a407c9c3375a6ad5003bdd88d91a484,WP_185679422.1,76.289,97,23,0,1,291,276,372,8.19e-47,165,84.54,1,0
A00405_539_HLLNCDSX3_4_1149_18701_36605_1_292_-_4a407c9c3375a6ad5003bdd88d91a484,HZU65279.1,76.289,97,23,0,1,291,276,372,3.77e-46,163,85.57,1,0
A00405_539_HLLNCDSX3_4_1149_18701_36605_1_292_-_4a407c9c3375a6ad5003bdd88d91a484,WP_147158001.1,77.320,97,22,0,1,291,276,372,5.96e-46,162,83.51,1,0
A00405_539_HLLNCDSX3_4_1149_18701_36605_1_292_-_4a407c9c3375a6ad5003bdd88d91a484,WP_372732438.1,75.258,97,24,0,1,291,276,372,1.33e-45,162,85.57,1,0
A00405_539_HLLNCDSX3_4_1149_18701_36605_1_292_-_4a407c9c3375a6ad5003bdd88d91a484,MBU6207579.1,76.289,97,23,0,1,291,143,239,4.52e-45,157,84.54,1,0
A00405_539_HLLNCDSX3_4_1149_18701_36605_1_292_-_4a407c9c3375a6ad5003bdd88d91a484,MBU0557141.1,72.165,97,27,0,1,291,276,372,1.96e-44,159,85.57,1,0
A00405_539_HLLNCDSX3_4_1149_18701_36605_1_292_-_4a407c9c3375a6ad5003bdd88d91a484,MHR5198371.1,75.258,97,24,0,1,291,276,372,4.95e-44,157,82.47,1,0
A00405_539_HLLNCDSX3_4_1149_18701_36605_1_292_-_4a407c9c3375a6ad5003bdd88d91a484,MDE2340464.1,76.289,97,23,0,1,291,277,373,8.69e-44,157,84.54,1,0
A00405_539_HLLNCDSX3_4_1149_18701_36605_1_292_-_4a407c9c3375a6ad5003bdd88d91a484,WP_426180019.1,74.227,97,25,0,1,291,336,432,2.90e-43,157,83.51,1,0
A00405_539_HLLNCDSX3_4_1149_18701_36605_1_292_-_4a407c9c3375a6ad5003bdd88d91a484,WP_126173810.1,69.072,97,30,0,1,291,276,372,4.53e-41,150,80.41,1,0
A00405_539_HLLNCDSX3_4_1149_18701_36605_1_292_-_4a407c9c3375a6ad5003bdd88d91a484,WP_144094785.1,71.134,97,28,0,1,291,276,372,6.57e-41,149,78.35,1,0
A00405_539_HLLNCDSX3_4_1149_18701_36605_1_292_-_4a407c9c3375a6ad5003bdd88d91a484,MEX0299031.1,68.041,97,31,0,1,291,254,350,9.03e-41,149,79.38,1,0
A00405_539_HLLNCDSX3_4_1149_18701_36605_1_292_-_4a407c9c3375a6ad5003bdd88d91a484,HVI87205.1,67.010,97,32,0,1,291,172,268,3.53e-40,145,77.32,1,0
A00405_539_HLLNCDSX3_4_1149_18701_36605_1_292_-_4a407c9c3375a6ad5003bdd88d91a484,WP_211938693.1,71.134,97,28,0,1,291,275,371,5.20e-40,147,77.32,1,0
A00405_539_HLLNCDSX3_4_1149_18701_36605_1_292_-_4a407c9c3375a6ad5003bdd88d91a484,MBS0376875.1,69.072,97,30,0,1,291,276,372,8.90e-40,146,80.41,1,0
A00405_539_HLLNCDSX3_4_1149_18701_36605_1_292_-_4a407c9c3375a6ad5003bdd88d91a484,HKF64719.1,65.979,97,33,0,1,291,6,102,1.44e-39,139,76.29,1,0
A00405_539_HLLNCDSX3_4_1149_18701_36605_1_292_-_4a407c9c3375a6ad5003bdd88d91a484,WP_235911273.1,68.041,97,31,0,1,291,289,385,1.88e-39,146,77.32,1,0
A00405_539_HLLNCDSX3_4_1149_18701_36605_1_292_-_4a407c9c3375a6ad5003bdd88d91a484,MDE0714889.1,68.041,97,31,0,1,291,275,371,2.50e-39,145,75.26,1,0
A00405_539_HLLNCDSX3_4_1149_18701_36605_1_292_-_4a407c9c3375a6ad5003bdd88d91a484,MFZ8885775.1,68.041,97,31,0,1,291,280,376,5.89e-39,144,76.29,1,0
A00405_539_HLLNCDSX3_4_1149_18701_36605_1_292_-_4a407c9c3375a6ad5003bdd88d91a484,MEJ2459845.1,85.135,74,11,0,70,291,1,74,6.15e-39,136,89.19,1,0
A00405_539_HLLNCDSX3_4_1149_18701_36605_1_292_-_4a407c9c3375a6ad5003bdd88d91a484,MGA1080870.1,67.010,97,32,0,1,291,203,299,8.22e-39,142,75.26,1,0
A00405_539_HLLNCDSX3_4_1149_18701_36605_1_292_-_4a407c9c3375a6ad5003bdd88d91a484,HWT96557.1,63.918,97,35,0,1,291,110,206,1.48e-38,139,75.26,1,0
A00405_539_HLLNCDSX3_4_1149_18701_36605_1_292_-_4a407c9c3375a6ad5003bdd88d91a484,HKP23059.1,65.979,97,33,0,1,291,275,371,8.19e-38,141,77.32,1,0
A00405_539_HLLNCDSX3_4_1149_18701_36605_1_292_-_4a407c9c3375a6ad5003bdd88d91a484,MEM6850372.1,75.641,78,19,0,58,291,2,79,1.44e-37,133,83.33,1,0
A00405_539_HLLNCDSX3_4_1149_18701_36605_1_292_-_4a407c9c3375a6ad5003bdd88d91a484,MCX8508656.1,63.918,97,33,1,1,291,100,194,3.52e-37,135,78.35,1,0
A00405_539_HLLNCDSX3_4_1149_18701_36605_1_292_-_4a407c9c3375a6ad5003bdd88d91a484,WP_237392310.1,64.948,97,34,0,1,291,282,378,4.06e-37,139,75.26,1,0
A00405_539_HLLNCDSX3_4_1149_18701_36605_1_292_-_4a407c9c3375a6ad5003bdd88d91a484,MEM1103071.1,65.979,97,33,0,1,291,283,379,4.83e-37,139,77.32,1,0
A00405_539_HLLNCDSX3_4_1149_18701_36605_1_292_-_4a407c9c3375a6ad5003bdd88d91a484,WP_477168625.1,64.948,97,34,0,1,291,275,371,3.45e-36,137,75.26,1,0
A00405_539_HLLNCDSX3_4_1149_18701_36605_1_292_-_4a407c9c3375a6ad5003bdd88d91a484,MEO0485700.1,66.316,95,30,1,7,291,277,369,4.30e-36,137,77.89,1,0
A00405_539_HLLNCDSX3_4_1149_18701_36605_1_292_-_4a407c9c3375a6ad5003bdd88d91a484,MEM9851281.1,62.887,97,34,1,1,291,17,111,4.41e-36,130,72.16,1,0
A00405_539_HLLNCDSX3_4_1149_18701_36605_1_292_-_4a407c9c3375a6ad5003bdd88d91a484,OYU71874.1,63.265,98,35,1,1,291,101,198,4.97e-36,132,72.45,1,0
A00405_539_HLLNCDSX3_4_1149_18701_36605_1_292_-_4a407c9c3375a6ad5003bdd88d91a484,MHL8440512.1,67.010,97,30,1,1,291,275,369,5.09e-36,137,76.29,1,0
A00405_539_HLLNCDSX3_4_1149_18701_36605_1_292_-_4a407c9c3375a6ad5003bdd88d91a484,MEI8267083.1,66.316,95,32,0,7,291,277,371,5.09e-36,137,74.74,1,0
A00405_539_HLLNCDSX3_4_1149_18701_36605_1_292_-_4a407c9c3375a6ad5003bdd88d91a484,HEX9446636.1,64.948,97,34,0,1,291,275,371,5.84e-36,136,73.20,1,0
A00405_539_HLLNCDSX3_4_1149_18701_36605_1_292_-_4a407c9c3375a6ad5003bdd88d91a484,MEM9438392.1,64.948,97,32,1,1,291,275,369,6.62e-36,136,79.38,1,0
A00405_539_HLLNCDSX3_4_1149_18701_36605_1_292_-_4a407c9c3375a6ad5003bdd88d91a484,WP_379961439.1,63.918,97,35,0,1,291,275,371,6.77e-36,136,73.20,1,0
A00405_539_HLLNCDSX3_4_1149_18701_36605_1_292_-_4a407c9c3375a6ad5003bdd88d91a484,WP_374653733.1,64.948,97,34,0,1,291,275,371,7.44e-36,136,75.26,1,0
A00405_539_HLLNCDSX3_4_1149_18701_36605_1_292_-_4a407c9c3375a6ad5003bdd88d91a484,RME66504.1,65.657,99,30,2,1,291,279,375,8.10e-36,136,75.76,1,0
A00405_539_HLLNCDSX3_4_1149_18701_36605_1_292_-_4a407c9c3375a6ad5003bdd88d91a484,WP_194215389.1,61.856,97,37,0,1,291,275,371,8.44e-36,136,78.35,1,0
A00405_539_HLLNCDSX3_4_1149_18701_36605_1_292_-_4a407c9c3375a6ad5003bdd88d91a484,WP_119302840.1,63.918,97,35,0,1,291,275,371,1.13e-35,135,75.26,1,0
A00405_539_HLLNCDSX3_4_1149_18701_36605_1_292_-_4a407c9c3375a6ad5003bdd88d91a484,MFT5504097.1,61.856,97,37,0,1,291,275,371,1.80e-35,135,73.20,1,0
A00405_539_HLLNCDSX3_4_1149_18701_36605_1_292_-_4a407c9c3375a6ad5003bdd88d91a484,MCB0829250.1,61.856,97,36,1,1,291,46,141,1.86e-35,129,75.26,1,0
A00405_539_HLLNCDSX3_4_1149_18701_36605_1_292_-_4a407c9c3375a6ad5003bdd88d91a484,WP_068149584.1,62.626,99,35,1,1,291,279,377,1.96e-35,135,76.77,1,0
A00405_539_HLLNCDSX3_4_1149_18701_36605_1_292_-_4a407c9c3375a6ad5003bdd88d91a484,MFM7444847.1,61.856,97,35,1,1,291,28,122,1.97e-35,129,74.23,1,0
A00405_539_HLLNCDSX3_4_1149_18701_36605_1_292_-_4a407c9c3375a6ad5003bdd88d91a484,HUN68530.1,60.825,97,38,0,1,291,275,371,2.00e-35,135,78.35,1,0
A00405_539_HLLNCDSX3_4_1149_18701_36605_1_292_-_4a407c9c3375a6ad5003bdd88d91a484,WP_165047939.1,65.979,97,31,1,1,291,275,369,2.02e-35,135,76.29,1,0
A00405_539_HLLNCDSX3_4_1149_18701_36605_1_292_-_4a407c9c3375a6ad5003bdd88d91a484,WP_007624879.1,63.636,99,34,1,1,291,280,378,2.34e-35,135,75.76,1,0
A00405_539_HLLNCDSX3_4_1149_18701_36605_1_292_-_4a407c9c3375a6ad5003bdd88d91a484,WP_113290790.1,66.316,95,30,1,7,291,277,369,2.49e-35,135,78.95,1,0
A00405_539_HLLNCDSX3_4_1149_18701_36605_1_292_-_4a407c9c3375a6ad5003bdd88d91a484,MHC8509051.1,61.856,97,37,0,1,291,279,375,2.52e-35,135,77.32,1,0
A00405_539_HLLNCDSX3_4_1149_18701_36605_1_292_-_4a407c9c3375a6ad5003bdd88d91a484,WP_368412788.1,63.918,97,35,0,1,291,275,371,2.60e-35,135,72.16,1,0
A00405_539_HLLNCDSX3_4_1149_18701_36605_1_292_-_4a407c9c3375a6ad5003bdd88d91a484,WP_306678959.1,64.948,97,32,1,1,291,275,369,3.14e-35,134,79.38,1,0
A00405_539_HLLNCDSX3_4_1149_18701_36605_1_292_-_4a407c9c3375a6ad5003bdd88d91a484,MGH6891394.1,61.856,97,37,0,1,291,273,369,3.90e-35,134,74.23,1,0
A00405_539_HLLNCDSX3_4_1149_18701_36605_1_292_-_4a407c9c3375a6ad5003bdd88d91a484,WP_133612808.1,62.887,97,36,0,1,291,275,371,4.22e-35,134,75.26,1,0
A00405_539_HLLNCDSX3_4_1149_18701_36605_1_292_-_4a407c9c3375a6ad5003bdd88d91a484,OZB16648.1,62.887,97,34,1,1,291,137,231,4.44e-35,131,72.16,1,0
A00405_539_HLLNCDSX3_4_1149_18701_36605_1_292_-_4a407c9c3375a6ad5003bdd88d91a484,WP_299511950.1,61.856,97,35,1,1,291,38,132,5.51e-35,128,74.23,1,0
A00405_539_HLLNCDSX3_4_1149_18701_36605_1_292_-_4a407c9c3375a6ad5003bdd88d91a484,MEY8838494.1,60.825,97,37,1,1,291,47,142,6.27e-35,128,74.23,1,0
A00405_539_HLLNCDSX3_4_1149_18701_36605_1_292_-_4a407c9c3375a6ad5003bdd88d91a484,MEN9781784.1,62.887,97,35,1,4,291,67,163,6.32e-35,129,71.13,1,0
A00405_539_HLLNCDSX3_4_1149_18701_36605_1_292_-_4a407c9c3375a6ad5003bdd88d91a484,HVT50679.1,63.918,97,35,0,1,291,275,371,7.77e-35,134,73.20,1,0
A00405_539_HLLNCDSX3_4_1149_18701_36605_1_292_-_4a407c9c3375a6ad5003bdd88d91a484,WP_101179494.1,60.606,99,37,1,1,291,280,378,8.89e-35,133,77.78,1,0
A00405_539_HLLNCDSX3_4_1149_18701_36605_1_292_-_4a407c9c3375a6ad5003bdd88d91a484,MCB1410775.1,62.887,97,34,1,1,291,275,369,1.18e-34,133,76.29,1,0
A00405_539_HLLNCDSX3_4_1149_18701_36605_1_292_-_4a407c9c3375a6ad5003bdd88d91a484,MCB1348634.1,60.825,97,37,1,1,291,72,167,1.46e-34,128,74.23,1,0
A00405_539_HLLNCDSX3_4_1149_18701_36605_1_292_-_4a407c9c3375a6ad5003bdd88d91a484,MGV8984850.1,64.948,97,32,1,1,291,275,369,1.71e-34,132,73.20,1,0
A00405_539_HLLNCDSX3_4_1149_18701_36605_1_292_-_4a407c9c3375a6ad5003bdd88d91a484,NMD07109.1,56.701,97,42,0,1,291,15,111,1.79e-34,126,70.10,1,0
A00405_539_HLLNCDSX3_4_1149_18701_36605_1_292_-_4a407c9c3375a6ad5003bdd88d91a484,MIJ5655993.1,61.856,97,37,0,1,291,275,371,2.02e-34,132,72.16,1,0
A00405_539_HLLNCDSX3_4_1149_18701_36605_1_292_-_4a407c9c3375a6ad5003bdd88d91a484,WP_174211952.1,62.887,97,34,1,1,291,275,369,2.25e-34,132,74.23,1,0
A00405_539_HLLNCDSX3_4_1149_18701_36605_1_292_-_4a407c9c3375a6ad5003bdd88d91a484,WP_068300195.1,64.948,97,32,1,1,291,275,369,2.32e-34,132,75.26,1,0
A00405_539_HLLNCDSX3_4_1149_18701_36605_1_292_-_4a407c9c3375a6ad5003bdd88d91a484,MCR9125899.1,64.948,97,32,1,1,291,275,369,2.34e-34,132,74.23,1,0
A00405_539_HLLNCDSX3_4_1149_18701_36605_1_292_-_4a407c9c3375a6ad5003bdd88d91a484,MBI06151.1,60.825,97,38,0,1,291,263,359,2.39e-34,132,73.20,1,0
A00405_539_HLLNCDSX3_4_1149_18701_36605_1_292_-_4a407c9c3375a6ad5003bdd88d91a484,MGB7244644.1,62.887,97,34,1,1,291,275,369,2.42e-34,132,77.32,1,0
A00405_539_HLLNCDSX3_4_1149_18701_36605_1_292_-_4a407c9c3375a6ad5003bdd88d91a484,MEY3612834.1,61.224,98,37,1,1,291,181,278,2.54e-34,130,72.45,1,0
A00405_539_HLLNCDSX3_4_1149_18701_36605_1_292_-_4a407c9c3375a6ad5003bdd88d91a484,MDI9349965.1,59.223,103,36,1,1,291,275,377,2.83e-34,132,70.87,1,0
A00405_539_HLLNCDSX3_4_1149_18701_36605_1_292_-_4a407c9c3375a6ad5003bdd88d91a484,MBL4639030.1,63.636,99,34,1,1,291,279,377,2.88e-34,132,71.72,1,0
A00405_539_HLLNCDSX3_4_1149_18701_36605_1_292_-_4a407c9c3375a6ad5003bdd88d91a484,MCB1397726.1,63.918,97,33,1,1,291,275,369,3.35e-34,132,74.23,1,0
A00405_539_HLLNCDSX3_4_1149_18701_36605_1_292_-_4a407c9c3375a6ad5003bdd88d91a484,WP_370206250.1,63.918,97,33,1,1,291,275,369,3.42e-34,132,74.23,1,0
A00405_539_HLLNCDSX3_4_1149_18701_36605_1_292_-_4a407c9c3375a6ad5003bdd88d91a484,WP_104007049.1,62.887,97,35,1,1,291,275,370,3.43e-34,132,75.26,1,0
A00405_539_HLLNCDSX3_4_1149_18701_36605_1_292_-_4a407c9c3375a6ad5003bdd88d91a484,MFZ1468240.1,62.887,97,34,1,1,291,275,369,4.00e-34,132,75.26,1,0
A00405_539_HLLNCDSX3_4_1149_18701_36605_1_292_-_4a407c9c3375a6ad5003bdd88d91a484,MDZ4097006.1,63.918,97,33,1,1,291,275,369,4.00e-34,132,76.29,1,0
A00405_539_HLLNCDSX3_4_1149_18701_36605_1_292_-_4a407c9c3375a6ad5003bdd88d91a484,MBL8347064.1,64.211,95,34,0,7,291,277,371,4.53e-34,131,71.58,1,0
A00405_539_HLLNCDSX3_4_1149_18701_36605_1_292_-_4a407c9c3375a6ad5003bdd88d91a484,WP_137112920.1,64.948,97,32,1,1,291,275,369,4.59e-34,131,74.23,1,0
A00405_539_HLLNCDSX3_4_1149_18701_36605_1_292_-_4a407c9c3375a6ad5003bdd88d91a484,MDD9822413.1,62.887,97,36,0,1,291,290,386,4.70e-34,132,74.23,1,0
A00405_539_HLLNCDSX3_4_1149_18701_36605_1_292_-_4a407c9c3375a6ad5003bdd88d91a484,MCY4228769.1,59.794,97,39,0,1,291,275,371,4.79e-34,131,74.23,1,0
A00405_539_HLLNCDSX3_4_1149_18701_36605_1_292_-_4a407c9c3375a6ad5003bdd88d91a484,MBL4630787.1,60.606,99,37,1,1,291,280,378,5.02e-34,131,74.75,1,0
A00405_539_HLLNCDSX3_4_1149_18701_36605_1_292_-_4a407c9c3375a6ad5003bdd88d91a484,WP_247014642.1,62.626,99,35,1,1,291,278,376,5.38e-34,131,73.74,1,0
A00405_539_HLLNCDSX3_4_1149_18701_36605_1_292_-_4a407c9c3375a6ad5003bdd88d91a484,MGI9233729.1,59.794,97,39,0,1,291,280,376,5.66e-34,131,73.20,1,0
A00405_539_HLLNCDSX3_4_1149_18701_36605_1_292_-_4a407c9c3375a6ad5003bdd88d91a484,KAF0114829.1,62.887,97,34,1,1,291,225,319,6.33e-34,130,75.26,1,0
A00405_539_HLLNCDSX3_4_1149_18701_36605_1_292_-_4a407c9c3375a6ad5003bdd88d91a484,HAV08259.1,61.856,97,36,1,1,291,275,370,6.45e-34,131,75.26,1,0
A00405_539_HLLNCDSX3_4_1149_18701_36605_1_292_-_4a407c9c3375a6ad5003bdd88d91a484,MFT4707133.1,60.825,97,37,1,1,291,275,370,6.87e-34,131,76.29,1,0
A00405_539_HLLNCDSX3_4_1149_18701_36605_1_292_-_4a407c9c3375a6ad5003bdd88d91a484,MXZ81814.1,65.263,95,33,0,7,291,277,371,7.33e-34,131,72.63,1,0
A00405_539_HLLNCDSX3_4_1149_18701_36605_1_292_-_4a407c9c3375a6ad5003bdd88d91a484,MDE2444532.1,58.947,95,39,0,7,291,277,371,7.50e-34,131,74.74,1,0
A00405_539_HLLNCDSX3_4_1149_18701_36605_1_292_-_4a407c9c3375a6ad5003bdd88d91a484,MDG1066946.1,59.794,97,37,1,1,291,275,369,8.25e-34,130,75.26,1,0
A00405_539_HLLNCDSX3_4_1552_13096_18098_1_254_-_5182f127b2cf4a4a6a0d11e3cd53ecdb,WP_109798736.1,96.386,83,3,0,1,249,277,359,1.23e-48,169,100.00,1,0
A00405_539_HLLNCDSX3_4_1552_13096_18098_1_254_-_5182f127b2cf4a4a6a0d11e3cd53ecdb,WP_011906925.1,89.157,83,9,0,1,249,277,359,2.64e-44,157,92.77,1,0
A00405_539_HLLNCDSX3_4_1552_13096_18098_1_254_-_5182f127b2cf4a4a6a0d11e3cd53ecdb,WP_168852109.1,87.952,83,10,0,1,249,277,359,1.31e-43,155,93.98,1,0
A00405_539_HLLNCDSX3_4_1552_13096_18098_1_254_-_5182f127b2cf4a4a6a0d11e3cd53ecdb,HXD03178.1,85.366,82,12,0,1,246,277,358,2.28e-42,152,93.90,1,0
A00405_539_HLLNCDSX3_4_1552_13096_18098_1_254_-_5182f127b2cf4a4a6a0d11e3cd53ecdb,WP_374285160.1,85.366,82,12,0,1,246,277,358,7.74e-42,151,91.46,1,0
A00405_539_HLLNCDSX3_4_1552_13096_18098_1_254_-_5182f127b2cf4a4a6a0d11e3cd53ecdb,WP_189542488.1,84.146,82,13,0,1,246,277,358,8.38e-41,148,92.68,1,0
A00405_539_HLLNCDSX3_4_1552_13096_18098_1_254_-_5182f127b2cf4a4a6a0d11e3cd53ecdb,MCP5395275.1,80.488,82,16,0,1,246,277,358,1.43e-40,147,91.46,1,0
A00405_539_HLLNCDSX3_4_1552_13096_18098_1_254_-_5182f127b2cf4a4a6a0d11e3cd53ecdb,MEO0031048.1,81.707,82,15,0,1,246,277,358,2.36e-40,147,91.46,1,0
A00405_539_HLLNCDSX3_4_1552_13096_18098_1_254_-_5182f127b2cf4a4a6a0d11e3cd53ecdb,MCB2067690.1,82.927,82,14,0,1,246,277,358,3.24e-40,147,91.46,1,0
A00405_539_HLLNCDSX3_4_1552_13096_18098_1_254_-_5182f127b2cf4a4a6a0d11e3cd53ecdb,MBU6393021.1,81.707,82,15,0,1,246,277,358,3.94e-40,146,90.24,1,0
A00405_539_HLLNCDSX3_4_1552_13096_18098_1_254_-_5182f127b2cf4a4a6a0d11e3cd53ecdb,WP_420383842.1,81.928,83,15,0,1,249,277,359,6.48e-40,146,90.36,1,0
A00405_539_HLLNCDSX3_4_1552_13096_18098_1_254_-_5182f127b2cf4a4a6a0d11e3cd53ecdb,WP_464780523.1,81.481,81,15,0,4,246,278,358,3.12e-39,144,90.12,1,0
A00405_539_HLLNCDSX3_4_1552_13096_18098_1_254_-_5182f127b2cf4a4a6a0d11e3cd53ecdb,MDE2619011.1,84.146,82,13,0,1,246,277,358,5.95e-39,143,87.80,1,0
A00405_539_HLLNCDSX3_4_1552_13096_18098_1_254_-_5182f127b2cf4a4a6a0d11e3cd53ecdb,MDD3798656.1,79.268,82,17,0,1,246,277,358,6.91e-39,143,87.80,1,0
A00405_539_HLLNCDSX3_4_1552_13096_18098_1_254_-_5182f127b2cf4a4a6a0d11e3cd53ecdb,WP_482808982.1,77.108,83,19,0,1,249,277,359,7.36e-39,143,90.36,1,0
A00405_539_HLLNCDSX3_4_1552_13096_18098_1_254_-_5182f127b2cf4a4a6a0d11e3cd53ecdb,WP_338159984.1,79.012,81,17,0,4,246,278,358,1.58e-38,142,91.36,1,0
A00405_539_HLLNCDSX3_4_1552_13096_18098_1_254_-_5182f127b2cf4a4a6a0d11e3cd53ecdb,WP_067741056.1,78.313,83,18,0,1,249,277,359,1.75e-38,142,87.95,1,0
A00405_539_HLLNCDSX3_4_1552_13096_18098_1_254_-_5182f127b2cf4a4a6a0d11e3cd53ecdb,WP_253342627.1,79.268,82,17,0,1,246,277,358,3.73e-38,141,89.02,1,0
A00405_539_HLLNCDSX3_4_1552_13096_18098_1_254_-_5182f127b2cf4a4a6a0d11e3cd53ecdb,WP_488947247.1,79.012,81,17,0,4,246,278,358,5.82e-38,140,90.12,1,0
A00405_539_HLLNCDSX3_4_1552_13096_18098_1_254_-_5182f127b2cf4a4a6a0d11e3cd53ecdb,WP_037468016.1,77.778,81,18,0,4,246,276,356,1.06e-37,140,91.36,1,0
A00405_539_HLLNCDSX3_4_1552_13096_18098_1_254_-_5182f127b2cf4a4a6a0d11e3cd53ecdb,WP_274176321.1,76.829,82,19,0,1,246,277,358,1.19e-37,140,89.02,1,0
A00405_539_HLLNCDSX3_4_1552_13096_18098_1_254_-_5182f127b2cf4a4a6a0d11e3cd53ecdb,MHK4190747.1,79.268,82,17,0,1,246,277,358,2.39e-37,139,89.02,1,0
A00405_539_HLLNCDSX3_4_1552_13096_18098_1_254_-_5182f127b2cf4a4a6a0d11e3cd53ecdb,MDD3798655.1,73.171,82,22,0,1,246,277,358,7.86e-37,138,87.80,1,0
A00405_539_HLLNCDSX3_4_1552_13096_18098_1_254_-_5182f127b2cf4a4a6a0d11e3cd53ecdb,WP_043976074.1,77.778,81,18,0,4,246,278,358,8.28e-37,138,88.89,1,0
A00405_539_HLLNCDSX3_4_1552_13096_18098_1_254_-_5182f127b2cf4a4a6a0d11e3cd53ecdb,WP_395332025.1,77.778,81,18,0,4,246,278,358,1.09e-36,137,88.89,1,0
A00405_539_HLLNCDSX3_4_1552_13096_18098_1_254_-_5182f127b2cf4a4a6a0d11e3cd53ecdb,WP_253342593.1,75.309,81,20,0,4,246,278,358,1.14e-36,137,88.89,1,0
A00405_539_HLLNCDSX3_4_1552_13096_18098_1_254_-_5182f127b2cf4a4a6a0d11e3cd53ecdb,WP_131625157.1,74.390,82,21,0,1,246,277,358,1.18e-36,137,86.59,1,0
A00405_539_HLLNCDSX3_4_1552_13096_18098_1_254_-_5182f127b2cf4a4a6a0d11e3cd53ecdb,MIG0340653.1,76.543,81,19,0,4,246,278,358,1.33e-36,137,90.12,1,0
A00405_539_HLLNCDSX3_4_1552_13096_18098_1_254_-_5182f127b2cf4a4a6a0d11e3cd53ecdb,MBH2000524.1,77.778,81,18,0,4,246,278,358,5.91e-36,135,87.65,1,0
A00405_539_HLLNCDSX3_4_1552_13096_18098_1_254_-_5182f127b2cf4a4a6a0d11e3cd53ecdb,WP_375196251.1,75.309,81,20,0,4,246,278,358,1.14e-35,135,87.65,1,0
A00405_539_HLLNCDSX3_4_1552_13096_18098_1_254_-_5182f127b2cf4a4a6a0d11e3cd53ecdb,WP_404956735.1,76.543,81,19,0,4,246,278,358,2.33e-35,134,86.42,1,0
A00405_539_HLLNCDSX3_4_1552_13096_18098_1_254_-_5182f127b2cf4a4a6a0d11e3cd53ecdb,MFT4053627.1,71.605,81,23,0,4,246,278,358,1.31e-33,129,87.65,1,0
A00405_539_HLLNCDSX3_4_1552_13096_18098_1_254_-_5182f127b2cf4a4a6a0d11e3cd53ecdb,WP_261934221.1,72.840,81,22,0,4,246,262,342,5.49e-33,127,83.95,1,0
A00405_539_HLLNCDSX3_4_1552_13096_18098_1_254_-_5182f127b2cf4a4a6a0d11e3cd53ecdb,WP_416464448.1,72.840,81,22,0,4,246,262,342,9.31e-33,127,83.95,1,0
A00405_539_HLLNCDSX3_4_1552_13096_18098_1_254_-_5182f127b2cf4a4a6a0d11e3cd53ecdb,MDD3798493.1,67.073,82,27,0,1,246,278,359,1.16e-32,127,86.59,1,0
A00405_539_HLLNCDSX3_4_1552_13096_18098_1_254_-_5182f127b2cf4a4a6a0d11e3cd53ecdb,WP_227688929.1,72.152,79,22,0,10,246,280,358,4.89e-32,125,88.61,1,0
A00405_539_HLLNCDSX3_4_1552_13096_18098_1_254_-_5182f127b2cf4a4a6a0d11e3cd53ecdb,WP_484212727.1,69.136,81,25,0,4,246,278,358,1.01e-31,124,81.48,1,0
A00405_539_HLLNCDSX3_4_1552_13096_18098_1_254_-_5182f127b2cf4a4a6a0d11e3cd53ecdb,HPG28674.1,65.385,78,27,0,13,246,99,176,1.03e-30,117,84.62,1,0
A00405_539_HLLNCDSX3_4_1552_13096_18098_1_254_-_5182f127b2cf4a4a6a0d11e3cd53ecdb,MEZ4353200.1,65.385,78,27,0,13,246,282,359,4.67e-28,115,83.33,1,0
A00405_539_HLLNCDSX3_4_1552_13096_18098_1_254_-_5182f127b2cf4a4a6a0d11e3cd53ecdb,WP_460588270.1,62.338,77,29,0,16,246,283,359,5.51e-28,114,85.71,1,0
A00405_539_HLLNCDSX3_4_1552_13096_18098_1_254_-_5182f127b2cf4a4a6a0d11e3cd53ecdb,MBP8926192.1,69.333,75,23,0,22,246,283,357,7.31e-28,114,82.67,1,0
A00405_539_HLLNCDSX3_4_1552_13096_18098_1_254_-_5182f127b2cf4a4a6a0d11e3cd53ecdb,MCG3169023.1,64.935,77,27,0,16,246,284,360,1.72e-27,113,81.82,1,0
A00405_539_HLLNCDSX3_4_1552_13096_18098_1_254_-_5182f127b2cf4a4a6a0d11e3cd53ecdb,MCB2067375.1,70.423,71,21,0,34,246,286,356,4.01e-27,112,85.92,1,0
A00405_539_HLLNCDSX3_4_1552_13096_18098_1_254_-_5182f127b2cf4a4a6a0d11e3cd53ecdb,MCP5395261.1,67.606,71,23,0,34,246,288,358,1.42e-26,110,85.92,1,0
A00405_539_HLLNCDSX3_4_1552_13096_18098_1_254_-_5182f127b2cf4a4a6a0d11e3cd53ecdb,MHD7703471.1,61.039,77,30,0,16,246,283,359,2.05e-25,107,80.52,1,0
A00405_539_HLLNCDSX3_4_1552_13096_18098_1_254_-_5182f127b2cf4a4a6a0d11e3cd53ecdb,MFM7274079.1,61.039,77,30,0,16,246,64,140,5.40e-24,99.8,75.32,1,0
A00405_539_HLLNCDSX3_4_1552_13096_18098_1_254_-_5182f127b2cf4a4a6a0d11e3cd53ecdb,MFM7786065.1,61.039,77,30,0,16,246,283,359,2.09e-22,99.8,75.32,1,0
A00405_539_HLLNCDSX3_4_1552_13096_18098_1_254_-_5182f127b2cf4a4a6a0d11e3cd53ecdb,MBK6277431.1,59.740,77,31,0,16,246,283,359,2.67e-22,99.8,75.32,1,0
A00405_539_HLLNCDSX3_4_1552_13096_18098_1_254_-_5182f127b2cf4a4a6a0d11e3cd53ecdb,MBP6383233.1,58.442,77,32,0,16,246,283,359,4.77e-22,99.0,76.62,1,0
A00405_539_HLLNCDSX3_4_1552_13096_18098_1_254_-_5182f127b2cf4a4a6a0d11e3cd53ecdb,MCH7511845.1,52.632,76,36,0,16,243,96,171,5.38e-19,87.8,65.79,1,0
A00405_539_HLLNCDSX3_4_1552_13096_18098_1_254_-_5182f127b2cf4a4a6a0d11e3cd53ecdb,MCH7837064.1,52.632,76,36,0,16,243,305,380,5.71e-19,90.5,65.79,1,0
A00405_539_HLLNCDSX3_4_1552_13096_18098_1_254_-_5182f127b2cf4a4a6a0d11e3cd53ecdb,HWE67047.1,50.649,77,38,0,16,246,274,350,3.01e-18,88.6,68.83,1,0
A00405_539_HLLNCDSX3_4_1552_13096_18098_1_254_-_5182f127b2cf4a4a6a0d11e3cd53ecdb,NBS27955.1,51.220,82,40,0,1,246,16,97,3.32e-18,84.0,62.20,1,0
A00405_539_HLLNCDSX3_4_1552_13096_18098_1_254_-_5182f127b2cf4a4a6a0d11e3cd53ecdb,WP_112683765.1,50.633,79,38,1,13,246,272,350,9.25e-18,87.0,64.56,1,0
A00405_539_HLLNCDSX3_4_1552_13096_18098_1_254_-_5182f127b2cf4a4a6a0d11e3cd53ecdb,MFM9112799.1,50.000,82,41,0,1,246,86,167,1.85e-17,83.6,63.41,1,0
A00405_539_HLLNCDSX3_4_1552_13096_18098_1_254_-_5182f127b2cf4a4a6a0d11e3cd53ecdb,MEI7747399.1,49.351,77,39,0,16,246,23,99,3.05e-17,81.6,63.64,1,0
A00405_539_HLLNCDSX3_4_1552_13096_18098_1_254_-_5182f127b2cf4a4a6a0d11e3cd53ecdb,MSZ16162.1,49.351,77,39,0,16,246,26,102,3.63e-17,81.3,63.64,1,0
A00405_539_HLLNCDSX3_4_1552_13096_18098_1_254_-_5182f127b2cf4a4a6a0d11e3cd53ecdb,TXI46238.1,47.436,78,41,0,13,246,282,359,3.78e-17,85.5,65.38,1,0
A00405_539_HLLNCDSX3_4_1552_13096_18098_1_254_-_5182f127b2cf4a4a6a0d11e3cd53ecdb,MDT5336071.1,49.367,79,39,1,13,246,272,350,3.84e-17,85.5,64.56,1,0
A00405_539_HLLNCDSX3_4_1552_13096_18098_1_254_-_5182f127b2cf4a4a6a0d11e3cd53ecdb,MEY3074220.1,51.220,82,40,0,1,246,276,357,6.76e-17,84.7,62.20,1,0
A00405_539_HLLNCDSX3_4_1552_13096_18098_1_254_-_5182f127b2cf4a4a6a0d11e3cd53ecdb,MFN8104857.1,49.367,79,39,1,13,246,277,355,8.59e-17,84.3,69.62,1,0
A00405_539_HLLNCDSX3_4_1552_13096_18098_1_254_-_5182f127b2cf4a4a6a0d11e3cd53ecdb,WP_405182653.1,48.101,79,40,1,13,246,269,347,1.04e-16,84.3,64.56,1,0
A00405_539_HLLNCDSX3_4_1552_13096_18098_1_254_-_5182f127b2cf4a4a6a0d11e3cd53ecdb,WP_052958439.1,51.220,82,40,0,1,246,283,364,1.06e-16,84.3,60.98,1,0
A00405_539_HLLNCDSX3_4_1552_13096_18098_1_254_-_5182f127b2cf4a4a6a0d11e3cd53ecdb,MDO8362031.1,45.122,82,45,0,1,246,5,86,1.16e-16,79.7,62.20,1,0
A00405_539_HLLNCDSX3_4_1552_13096_18098_1_254_-_5182f127b2cf4a4a6a0d11e3cd53ecdb,MCB1262154.1,48.780,82,42,0,1,246,26,107,1.25e-16,80.1,57.32,1,0
A00405_539_HLLNCDSX3_4_1552_13096_18098_1_254_-_5182f127b2cf4a4a6a0d11e3cd53ecdb,HEY5640517.1,49.351,77,39,0,16,246,51,127,1.30e-16,80.5,62.34,1,0
A00405_539_HLLNCDSX3_4_1552_13096_18098_1_254_-_5182f127b2cf4a4a6a0d11e3cd53ecdb,MII9601029.1,46.753,77,41,0,19,249,277,353,1.37e-16,84.0,64.94,1,0
A00405_539_HLLNCDSX3_4_1552_13096_18098_1_254_-_5182f127b2cf4a4a6a0d11e3cd53ecdb,MFM2072591.1,49.351,77,38,1,19,246,22,98,1.39e-16,80.1,64.94,1,0
A00405_539_HLLNCDSX3_4_1552_13096_18098_1_254_-_5182f127b2cf4a4a6a0d11e3cd53ecdb,WP_448417283.1,53.165,79,36,1,13,246,271,349,1.78e-16,83.6,60.76,1,0
A00405_539_HLLNCDSX3_4_1552_13096_18098_1_254_-_5182f127b2cf4a4a6a0d11e3cd53ecdb,MFM9084780.1,49.351,77,39,0,16,246,53,129,2.00e-16,80.1,64.94,1,0
A00405_539_HLLNCDSX3_4_1552_13096_18098_1_254_-_5182f127b2cf4a4a6a0d11e3cd53ecdb,WP_012853712.1,49.351,77,39,0,16,246,264,340,2.11e-16,83.2,64.94,1,0
A00405_539_HLLNCDSX3_4_1552_13096_18098_1_254_-_5182f127b2cf4a4a6a0d11e3cd53ecdb,NDI19119.1,50.617,81,40,0,1,243,276,356,2.43e-16,82.8,61.73,1,0
A00405_539_HLLNCDSX3_4_1552_13096_18098_1_254_-_5182f127b2cf4a4a6a0d11e3cd53ecdb,WP_111870219.1,46.753,77,41,0,16,246,270,346,2.57e-16,83.2,63.64,1,0
A00405_539_HLLNCDSX3_4_1552_13096_18098_1_254_-_5182f127b2cf4a4a6a0d11e3cd53ecdb,MCO4835277.1,49.398,83,41,1,1,246,88,170,2.79e-16,80.9,62.65,1,0
A00405_539_HLLNCDSX3_4_1552_13096_18098_1_254_-_5182f127b2cf4a4a6a0d11e3cd53ecdb,WP_395991155.1,49.351,77,39,0,16,246,267,343,2.81e-16,82.8,64.94,1,0
A00405_539_HLLNCDSX3_4_1552_13096_18098_1_254_-_5182f127b2cf4a4a6a0d11e3cd53ecdb,MCE2818115.1,49.351,77,39,0,16,246,269,345,2.87e-16,82.8,63.64,1,0
A00405_539_HLLNCDSX3_4_1552_13096_18098_1_254_-_5182f127b2cf4a4a6a0d11e3cd53ecdb,MHY1056157.1,50.649,77,38,0,16,246,269,345,3.00e-16,82.8,61.04,1,0
A00405_539_HLLNCDSX3_4_1552_13096_18098_1_254_-_5182f127b2cf4a4a6a0d11e3cd53ecdb,MDO9173461.1,45.122,82,45,0,1,246,62,143,3.16e-16,80.1,62.20,1,0
A00405_539_HLLNCDSX3_4_1552_13096_18098_1_254_-_5182f127b2cf4a4a6a0d11e3cd53ecdb,MFL6090164.1,51.316,76,36,1,22,246,287,362,3.18e-16,82.8,64.47,1,0
A00405_539_HLLNCDSX3_4_1552_13096_18098_1_254_-_5182f127b2cf4a4a6a0d11e3cd53ecdb,MBX7160140.1,48.718,78,39,1,16,246,278,355,3.35e-16,82.8,69.23,1,0
A00405_539_HLLNCDSX3_4_1552_13096_18098_1_254_-_5182f127b2cf4a4a6a0d11e3cd53ecdb,HET6966012.1,48.052,77,40,0,16,246,286,362,3.91e-16,82.8,62.34,1,0
A00405_539_HLLNCDSX3_4_1552_13096_18098_1_254_-_5182f127b2cf4a4a6a0d11e3cd53ecdb,MCU1694894.1,48.052,77,40,0,16,246,276,352,4.29e-16,82.4,64.94,1,0
A00405_539_HLLNCDSX3_4_1552_13096_18098_1_254_-_5182f127b2cf4a4a6a0d11e3cd53ecdb,MHY1185151.1,48.718,78,40,0,13,246,273,350,4.44e-16,82.4,64.10,1,0
A00405_539_HLLNCDSX3_4_1552_13096_18098_1_254_-_5182f127b2cf4a4a6a0d11e3cd53ecdb,MHD8465056.1,49.351,77,39,0,16,246,290,366,4.44e-16,82.4,62.34,1,0
A00405_539_HLLNCDSX3_4_1552_13096_18098_1_254_-_5182f127b2cf4a4a6a0d11e3cd53ecdb,WP_344940010.1,48.052,77,40,0,16,246,264,340,4.87e-16,82.4,63.64,1,0
A00405_539_HLLNCDSX3_4_1552_13096_18098_1_254_-_5182f127b2cf4a4a6a0d11e3cd53ecdb,MBJ7422353.1,46.341,82,44,0,1,246,1,82,5.17e-16,77.8,60.98,1,0
A00405_539_HLLNCDSX3_4_1552_13096_18098_1_254_-_5182f127b2cf4a4a6a0d11e3cd53ecdb,HEU4429686.1,50.000,76,38,0,16,243,307,382,5.42e-16,82.4,60.53,1,0
A00405_539_HLLNCDSX3_4_1552_13096_18098_1_254_-_5182f127b2cf4a4a6a0d11e3cd53ecdb,MGD9795302.1,43.373,83,46,1,1,246,275,357,6.62e-16,82.0,63.86,1,0
A00405_539_HLLNCDSX3_4_1552_13096_18098_1_254_-_5182f127b2cf4a4a6a0d11e3cd53ecdb,MCA1845666.1,43.590,78,44,0,13,246,276,353,6.67e-16,82.0,64.10,1,0
A00405_539_HLLNCDSX3_4_1552_13096_18098_1_254_-_5182f127b2cf4a4a6a0d11e3cd53ecdb,MEI7991104.1,48.780,82,42,0,1,246,272,353,7.29e-16,82.0,59.76,1,0
A00405_539_HLLNCDSX3_4_1552_13096_18098_1_254_-_5182f127b2cf4a4a6a0d11e3cd53ecdb,MBM3347268.1,48.052,77,40,0,16,246,354,430,7.80e-16,82.0,63.64,1,0
A00405_539_HLLNCDSX3_4_1552_13096_18098_1_254_-_5182f127b2cf4a4a6a0d11e3cd53ecdb,HEX8582527.1,48.052,77,40,0,16,246,4,80,8.03e-16,77.4,61.04,1,0
A00405_539_HLLNCDSX3_4_1552_13096_18098_1_254_-_5182f127b2cf4a4a6a0d11e3cd53ecdb,HTK63617.1,46.154,78,42,0,13,246,284,361,8.12e-16,81.6,67.95,1,0
A00405_539_HLLNCDSX3_4_1552_13096_18098_1_254_-_5182f127b2cf4a4a6a0d11e3cd53ecdb,MCC0057603.1,48.718,78,40,0,13,246,275,352,8.69e-16,81.6,65.38,1,0
A00405_539_HLLNCDSX3_4_1552_13096_18098_1_254_-_5182f127b2cf4a4a6a0d11e3cd53ecdb,WP_358211478.1,47.436,78,41,0,13,246,282,359,8.76e-16,81.6,64.10,1,0
A00405_539_HLLNCDSX3_4_1552_13096_18098_1_254_-_5182f127b2cf4a4a6a0d11e3cd53ecdb,HVA73368.1,48.052,77,40,0,16,246,281,357,9.46e-16,81.6,62.34,1,0
A00405_539_HLLNCDSX3_4_1552_13096_18098_1_254_-_5182f127b2cf4a4a6a0d11e3cd53ecdb,MBM3347628.1,48.052,77,40,0,16,246,273,349,1.09e-15,81.3,67.53,1,0
A00405_539_HLLNCDSX3_4_1552_13096_18098_1_254_-_5182f127b2cf4a4a6a0d11e3cd53ecdb,WP_101830175.1,51.948,77,37,0,16,246,286,362,1.12e-15,81.3,64.94,1,0
A00405_539_HLLNCDSX3_4_1552_13096_18098_1_254_-_5182f127b2cf4a4a6a0d11e3cd53ecdb,MFM9226790.1,49.351,77,39,0,16,246,153,229,1.17e-15,80.1,64.94,1,0
A00405_539_HLLNCDSX3_4_1552_13096_18098_1_254_-_5182f127b2cf4a4a6a0d11e3cd53ecdb,WP_145936426.1,43.590,78,44,0,13,246,276,353,1.21e-15,81.3,65.38,1,0
A00405_539_HLLNCDSX3_4_1667_3577_14481_1_279_+_5c2b589f92cd328dd27be08801c4b747,WP_409762215.1,96.739,92,3,0,1,276,42,133,1.31e-55,188,98.91,1,0
A00405_539_HLLNCDSX3_4_1667_3577_14481_1_279_+_5c2b589f92cd328dd27be08801c4b747,WP_379729808.1,93.478,92,6,0,1,276,41,132,1.14e-52,180,97.83,1,0
A00405_539_HLLNCDSX3_4_1667_3577_14481_1_279_+_5c2b589f92cd328dd27be08801c4b747,WP_341704967.1,90.217,92,9,0,1,276,44,135,1.58e-50,175,96.74,1,0
A00405_539_HLLNCDSX3_4_1667_3577_14481_1_279_+_5c2b589f92cd328dd27be08801c4b747,MIB6108210.1,86.957,92,12,0,1,276,16,107,3.05e-49,171,94.57,1,0
A00405_539_HLLNCDSX3_4_1667_3577_14481_1_279_+_5c2b589f92cd328dd27be08801c4b747,WP_330887457.1,87.097,93,11,1,1,276,44,136,7.21e-49,170,93.55,1,0
A00405_539_HLLNCDSX3_4_1667_3577_14481_1_279_+_5c2b589f92cd328dd27be08801c4b747,WP_298721343.1,88.043,92,11,0,1,276,44,135,7.62e-49,170,94.57,1,0
A00405_539_HLLNCDSX3_4_1667_3577_14481_1_279_+_5c2b589f92cd328dd27be08801c4b747,WP_341910628.1,88.172,93,10,1,1,276,24,116,4.38e-48,168,94.62,1,0
A00405_539_HLLNCDSX3_4_1667_3577_14481_1_279_+_5c2b589f92cd328dd27be08801c4b747,MFN3400246.1,83.871,93,14,1,1,276,32,124,9.15e-48,161,94.62,1,0
A00405_539_HLLNCDSX3_4_1667_3577_14481_1_279_+_5c2b589f92cd328dd27be08801c4b747,WP_324219891.1,84.783,92,14,0,1,276,27,118,2.96e-47,166,92.39,1,0
A00405_539_HLLNCDSX3_4_1667_3577_14481_1_279_+_5c2b589f92cd328dd27be08801c4b747,MEK9969320.1,83.871,93,14,1,1,276,6,98,4.56e-47,164,94.62,1,0
A00405_539_HLLNCDSX3_4_1667_3577_14481_1_279_+_5c2b589f92cd328dd27be08801c4b747,WP_221932659.1,82.796,93,15,1,1,276,9,101,2.62e-45,160,93.55,1,0
A00405_539_HLLNCDSX3_4_1667_3577_14481_1_279_+_5c2b589f92cd328dd27be08801c4b747,WP_229266766.1,80.899,89,17,0,10,276,21,109,2.05e-43,155,89.89,1,0
A00405_539_HLLNCDSX3_4_1667_3577_14481_1_279_+_5c2b589f92cd328dd27be08801c4b747,MCB1417411.1,81.522,92,16,1,1,276,22,112,3.85e-43,148,84.78,1,0
A00405_539_HLLNCDSX3_4_1667_3577_14481_1_279_+_5c2b589f92cd328dd27be08801c4b747,MHS4630886.1,81.522,92,16,1,1,276,21,111,2.74e-42,152,86.96,1,0
A00405_539_HLLNCDSX3_4_1667_3577_14481_1_279_+_5c2b589f92cd328dd27be08801c4b747,MDD9918221.1,77.174,92,20,1,1,276,14,104,5.82e-42,146,86.96,1,0
A00405_539_HLLNCDSX3_4_1667_3577_14481_1_279_+_5c2b589f92cd328dd27be08801c4b747,MGH6912257.1,78.261,92,20,0,1,276,30,121,5.96e-42,152,85.87,1,0
A00405_539_HLLNCDSX3_4_1667_3577_14481_1_279_+_5c2b589f92cd328dd27be08801c4b747,HPE32435.1,81.522,92,16,1,1,276,22,112,9.24e-42,146,84.78,1,0
A00405_539_HLLNCDSX3_4_1667_3577_14481_1_279_+_5c2b589f92cd328dd27be08801c4b747,MEK7266894.1,79.348,92,18,1,1,276,21,111,1.18e-41,147,86.96,1,0
A00405_539_HLLNCDSX3_4_1667_3577_14481_1_279_+_5c2b589f92cd328dd27be08801c4b747,WP_068018307.1,79.775,89,18,0,10,276,16,104,1.52e-41,150,86.52,1,0
A00405_539_HLLNCDSX3_4_1667_3577_14481_1_279_+_5c2b589f92cd328dd27be08801c4b747,MBM3567339.1,80.435,92,18,0,1,276,14,105,1.64e-41,150,85.87,1,0
A00405_539_HLLNCDSX3_4_1667_3577_14481_1_279_+_5c2b589f92cd328dd27be08801c4b747,MCG8694409.1,78.261,92,19,1,1,276,24,114,1.77e-41,150,85.87,1,0
A00405_539_HLLNCDSX3_4_1667_3577_14481_1_279_+_5c2b589f92cd328dd27be08801c4b747,WP_429344498.1,75.000,92,23,0,1,276,16,107,7.30e-41,149,84.78,1,0
A00405_539_HLLNCDSX3_4_1667_3577_14481_1_279_+_5c2b589f92cd328dd27be08801c4b747,MEX1147705.1,76.667,90,21,0,4,273,22,111,7.43e-41,145,83.33,1,0
A00405_539_HLLNCDSX3_4_1667_3577_14481_1_279_+_5c2b589f92cd328dd27be08801c4b747,MCB2098571.1,79.348,92,18,1,1,276,19,109,8.18e-41,149,84.78,1,0
A00405_539_HLLNCDSX3_4_1667_3577_14481_1_279_+_5c2b589f92cd328dd27be08801c4b747,MEA3129717.1,73.913,92,24,0,1,276,18,109,8.60e-41,143,84.78,1,0
A00405_539_HLLNCDSX3_4_1667_3577_14481_1_279_+_5c2b589f92cd328dd27be08801c4b747,MBV9757957.1,75.000,92,23,0,1,276,12,103,9.40e-41,148,88.04,1,0
A00405_539_HLLNCDSX3_4_1667_3577_14481_1_279_+_5c2b589f92cd328dd27be08801c4b747,MHK2024445.1,72.826,92,25,0,1,276,23,114,1.01e-40,149,88.04,1,0
A00405_539_HLLNCDSX3_4_1667_3577_14481_1_279_+_5c2b589f92cd328dd27be08801c4b747,MEZ5983003.1,81.522,92,16,1,1,276,22,112,1.07e-40,149,84.78,1,0
A00405_539_HLLNCDSX3_4_1667_3577_14481_1_279_+_5c2b589f92cd328dd27be08801c4b747,MEZ5920033.1,79.348,92,18,1,1,276,16,106,1.19e-40,148,84.78,1,0
A00405_539_HLLNCDSX3_4_1667_3577_14481_1_279_+_5c2b589f92cd328dd27be08801c4b747,HWS66071.1,76.087,92,22,0,1,276,11,102,1.34e-40,148,84.78,1,0
A00405_539_HLLNCDSX3_4_1667_3577_14481_1_279_+_5c2b589f92cd328dd27be08801c4b747,MGF6975888.1,72.826,92,25,0,1,276,18,109,1.36e-40,140,83.70,1,0
A00405_539_HLLNCDSX3_4_1667_3577_14481_1_279_+_5c2b589f92cd328dd27be08801c4b747,TMJ83978.1,77.528,89,20,0,10,276,3,91,1.71e-40,147,87.64,1,0
A00405_539_HLLNCDSX3_4_1667_3577_14481_1_279_+_5c2b589f92cd328dd27be08801c4b747,HVU42579.1,76.087,92,22,0,1,276,23,114,2.19e-40,148,84.78,1,0
A00405_539_HLLNCDSX3_4_1667_3577_14481_1_279_+_5c2b589f92cd328dd27be08801c4b747,MGH6714291.1,70.652,92,27,0,1,276,14,105,2.73e-40,147,88.04,1,0
A00405_539_HLLNCDSX3_4_1667_3577_14481_1_279_+_5c2b589f92cd328dd27be08801c4b747,WP_079500148.1,72.826,92,25,0,1,276,19,110,3.34e-40,147,85.87,1,0
A00405_539_HLLNCDSX3_4_1667_3577_14481_1_279_+_5c2b589f92cd328dd27be08801c4b747,MEC9152543.1,77.174,92,20,1,1,276,14,104,3.83e-40,147,84.78,1,0
A00405_539_HLLNCDSX3_4_1667_3577_14481_1_279_+_5c2b589f92cd328dd27be08801c4b747,MGH6673097.1,77.174,92,21,0,1,276,21,112,4.26e-40,147,85.87,1,0
A00405_539_HLLNCDSX3_4_1667_3577_14481_1_279_+_5c2b589f92cd328dd27be08801c4b747,HVE11531.1,72.826,92,25,0,1,276,20,111,4.48e-40,147,86.96,1,0
A00405_539_HLLNCDSX3_4_1667_3577_14481_1_279_+_5c2b589f92cd328dd27be08801c4b747,TDY26469.1,75.000,92,23,0,1,276,18,109,4.51e-40,147,86.96,1,0
A00405_539_HLLNCDSX3_4_1667_3577_14481_1_279_+_5c2b589f92cd328dd27be08801c4b747,MGD9924768.1,69.565,92,28,0,1,276,19,110,4.87e-40,140,82.61,1,0
A00405_539_HLLNCDSX3_4_1667_3577_14481_1_279_+_5c2b589f92cd328dd27be08801c4b747,HNR76283.1,78.261,92,19,1,1,276,19,109,5.47e-40,146,83.70,1,0
A00405_539_HLLNCDSX3_4_1667_3577_14481_1_279_+_5c2b589f92cd328dd27be08801c4b747,WP_205216108.1,75.000,92,23,0,1,276,21,112,6.91e-40,146,85.87,1,0
A00405_539_HLLNCDSX3_4_1667_3577_14481_1_279_+_5c2b589f92cd328dd27be08801c4b747,OFX02066.1,79.348,92,18,1,1,276,21,111,7.00e-40,146,85.87,1,0
A00405_539_HLLNCDSX3_4_1667_3577_14481_1_279_+_5c2b589f92cd328dd27be08801c4b747,MGZ3341991.1,75.000,92,23,0,1,276,12,103,7.42e-40,146,84.78,1,0
A00405_539_HLLNCDSX3_4_1667_3577_14481_1_279_+_5c2b589f92cd328dd27be08801c4b747,MEX0960259.1,72.527,91,25,0,1,273,24,114,7.92e-40,146,86.81,1,0
A00405_539_HLLNCDSX3_4_1667_3577_14481_1_279_+_5c2b589f92cd328dd27be08801c4b747,MGA8226826.1,75.000,92,23,0,1,276,22,113,8.52e-40,144,82.61,1,0
A00405_539_HLLNCDSX3_4_1667_3577_14481_1_279_+_5c2b589f92cd328dd27be08801c4b747,WP_118181372.1,75.000,92,23,0,1,276,19,110,8.89e-40,146,84.78,1,0
A00405_539_HLLNCDSX3_4_1667_3577_14481_1_279_+_5c2b589f92cd328dd27be08801c4b747,MDD9928639.1,76.087,92,21,1,1,276,14,104,9.65e-40,145,85.87,1,0
A00405_539_HLLNCDSX3_4_1667_3577_14481_1_279_+_5c2b589f92cd328dd27be08801c4b747,HLJ18679.1,71.739,92,26,0,1,276,24,115,1.06e-39,139,84.78,1,0
A00405_539_HLLNCDSX3_4_1667_3577_14481_1_279_+_5c2b589f92cd328dd27be08801c4b747,MEM6499788.1,69.565,92,28,0,1,276,27,118,1.15e-39,140,85.87,1,0
A00405_539_HLLNCDSX3_4_1667_3577_14481_1_279_+_5c2b589f92cd328dd27be08801c4b747,MHS6819857.1,77.174,92,20,1,1,276,16,106,1.48e-39,145,83.70,1,0
A00405_539_HLLNCDSX3_4_1667_3577_14481_1_279_+_5c2b589f92cd328dd27be08801c4b747,WP_375596353.1,77.174,92,20,1,1,276,22,112,1.58e-39,145,84.78,1,0
A00405_539_HLLNCDSX3_4_1667_3577_14481_1_279_+_5c2b589f92cd328dd27be08801c4b747,MBX5471708.1,73.913,92,24,0,1,276,18,109,1.60e-39,142,79.35,1,0
A00405_539_HLLNCDSX3_4_1667_3577_14481_1_279_+_5c2b589f92cd328dd27be08801c4b747,NKB56335.1,76.087,92,21,1,1,276,14,104,1.84e-39,145,85.87,1,0
A00405_539_HLLNCDSX3_4_1667_3577_14481_1_279_+_5c2b589f92cd328dd27be08801c4b747,WP_136960961.1,70.652,92,27,0,1,276,23,114,2.09e-39,145,85.87,1,0
A00405_539_HLLNCDSX3_4_1667_3577_14481_1_279_+_5c2b589f92cd328dd27be08801c4b747,MHK5847872.1,77.174,92,20,1,1,276,23,113,2.12e-39,145,83.70,1,0
A00405_539_HLLNCDSX3_4_1667_3577_14481_1_279_+_5c2b589f92cd328dd27be08801c4b747,MFN9389705.1,70.652,92,27,0,1,276,1,92,2.59e-39,142,82.61,1,0
A00405_539_HLLNCDSX3_4_1667_3577_14481_1_279_+_5c2b589f92cd328dd27be08801c4b747,MHM2504248.1,74.725,91,23,0,1,273,29,119,2.72e-39,145,83.52,1,0
A00405_539_HLLNCDSX3_4_1667_3577_14481_1_279_+_5c2b589f92cd328dd27be08801c4b747,HLI11167.1,73.913,92,24,0,1,276,23,114,2.78e-39,145,84.78,1,0
A00405_539_HLLNCDSX3_4_1667_3577_14481_1_279_+_5c2b589f92cd328dd27be08801c4b747,TDN70272.1,71.739,92,26,0,1,276,18,109,3.03e-39,139,83.70,1,0
A00405_539_HLLNCDSX3_4_1667_3577_14481_1_279_+_5c2b589f92cd328dd27be08801c4b747,WP_228974390.1,73.913,92,24,0,1,276,16,107,3.06e-39,144,84.78,1,0
A00405_539_HLLNCDSX3_4_1667_3577_14481_1_279_+_5c2b589f92cd328dd27be08801c4b747,MFO1244019.1,73.626,91,24,0,1,273,23,113,3.10e-39,145,84.62,1,0
A00405_539_HLLNCDSX3_4_1667_3577_14481_1_279_+_5c2b589f92cd328dd27be08801c4b747,PPR20303.1,76.087,92,21,1,1,276,13,103,3.11e-39,144,83.70,1,0
A00405_539_HLLNCDSX3_4_1667_3577_14481_1_279_+_5c2b589f92cd328dd27be08801c4b747,MGH8678519.1,72.527,91,25,0,1,273,24,114,3.18e-39,139,84.62,1,0
A00405_539_HLLNCDSX3_4_1667_3577_14481_1_279_+_5c2b589f92cd328dd27be08801c4b747,MBT5110971.1,76.087,92,22,0,1,276,8,99,3.26e-39,144,82.61,1,0
A00405_539_HLLNCDSX3_4_1667_3577_14481_1_279_+_5c2b589f92cd328dd27be08801c4b747,MHY7799420.1,68.478,92,29,0,1,276,23,114,3.34e-39,139,83.70,1,0
A00405_539_HLLNCDSX3_4_1667_3577_14481_1_279_+_5c2b589f92cd328dd27be08801c4b747,WP_206998269.1,71.739,92,26,0,1,276,22,113,3.45e-39,144,84.78,1,0
A00405_539_HLLNCDSX3_4_1667_3577_14481_1_279_+_5c2b589f92cd328dd27be08801c4b747,TKC90262.1,73.913,92,24,0,1,276,22,113,3.53e-39,145,84.78,1,0
A00405_539_HLLNCDSX3_4_1667_3577_14481_1_279_+_5c2b589f92cd328dd27be08801c4b747,MEA3106104.1,75.000,92,23,0,1,276,12,103,3.83e-39,144,82.61,1,0
A00405_539_HLLNCDSX3_4_1667_3577_14481_1_279_+_5c2b589f92cd328dd27be08801c4b747,HPE62349.1,75.294,85,21,0,22,276,19,103,4.50e-39,144,90.59,1,0
A00405_539_HLLNCDSX3_4_1667_3577_14481_1_279_+_5c2b589f92cd328dd27be08801c4b747,HEY1979093.1,71.739,92,26,0,1,276,17,108,4.74e-39,144,83.70,1,0
A00405_539_HLLNCDSX3_4_1667_3577_14481_1_279_+_5c2b589f92cd328dd27be08801c4b747,NWG24897.1,71.739,92,26,0,1,276,29,120,4.93e-39,144,82.61,1,0
A00405_539_HLLNCDSX3_4_1667_3577_14481_1_279_+_5c2b589f92cd328dd27be08801c4b747,MFP3277118.1,71.739,92,26,0,1,276,19,110,5.13e-39,139,83.70,1,0
A00405_539_HLLNCDSX3_4_1667_3577_14481_1_279_+_5c2b589f92cd328dd27be08801c4b747,MGE3145723.1,72.826,92,25,0,1,276,30,121,5.34e-39,144,82.61,1,0
A00405_539_HLLNCDSX3_4_1667_3577_14481_1_279_+_5c2b589f92cd328dd27be08801c4b747,WP_175052265.1,72.826,92,25,0,1,276,18,109,5.42e-39,144,84.78,1,0
A00405_539_HLLNCDSX3_4_1667_3577_14481_1_279_+_5c2b589f92cd328dd27be08801c4b747,MEO5696960.1,72.043,93,25,1,1,276,22,114,5.52e-39,138,80.65,1,0
A00405_539_HLLNCDSX3_4_1667_3577_14481_1_279_+_5c2b589f92cd328dd27be08801c4b747,MCR9219191.1,77.528,89,19,1,13,276,39,127,5.53e-39,144,85.39,1,0
A00405_539_HLLNCDSX3_4_1667_3577_14481_1_279_+_5c2b589f92cd328dd27be08801c4b747,MID8528229.1,71.739,92,26,0,1,276,20,111,6.02e-39,144,84.78,1,0
A00405_539_HLLNCDSX3_4_1667_3577_14481_1_279_+_5c2b589f92cd328dd27be08801c4b747,RMF11800.1,77.273,88,20,0,10,273,26,113,6.67e-39,144,84.09,1,0
A00405_539_HLLNCDSX3_4_1667_3577_14481_1_279_+_5c2b589f92cd328dd27be08801c4b747,HYE71442.1,72.826,92,24,1,1,273,24,115,7.63e-39,140,84.78,1,0
A00405_539_HLLNCDSX3_4_1667_3577_14481_1_279_+_5c2b589f92cd328dd27be08801c4b747,MCX7893933.1,75.824,91,22,0,1,273,25,115,7.77e-39,144,85.71,1,0
A00405_539_HLLNCDSX3_4_1667_3577_14481_1_279_+_5c2b589f92cd328dd27be08801c4b747,MBX9826840.1,72.826,92,25,0,1,276,11,102,8.04e-39,144,82.61,1,0
A00405_539_HLLNCDSX3_4_1667_3577_14481_1_279_+_5c2b589f92cd328dd27be08801c4b747,WP_102634789.1,72.826,92,25,0,1,276,18,109,8.42e-39,144,83.70,1,0
A00405_539_HLLNCDSX3_4_1667_3577_14481_1_279_+_5c2b589f92cd328dd27be08801c4b747,HEY9063943.1,72.826,92,25,0,1,276,16,107,8.57e-39,142,82.61,1,0
A00405_539_HLLNCDSX3_4_1667_3577_14481_1_279_+_5c2b589f92cd328dd27be08801c4b747,MHZ6190438.1,75.000,92,22,1,1,276,6,96,8.94e-39,143,83.70,1,0
A00405_539_HLLNCDSX3_4_1667_3577_14481_1_279_+_5c2b589f92cd328dd27be08801c4b747,MHZ9414674.1,67.391,92,30,0,1,276,29,120,1.01e-38,136,82.61,1,0
A00405_539_HLLNCDSX3_4_1667_3577_14481_1_279_+_5c2b589f92cd328dd27be08801c4b747,MHZ6013391.1,68.478,92,29,0,1,276,23,114,1.01e-38,139,83.70,1,0
A00405_539_HLLNCDSX3_4_1667_3577_14481_1_279_+_5c2b589f92cd328dd27be08801c4b747,MEM7379514.1,73.913,92,24,0,1,276,9,100,1.04e-38,139,80.43,1,0
A00405_539_HLLNCDSX3_4_1667_3577_14481_1_279_+_5c2b589f92cd328dd27be08801c4b747,WP_305103615.1,71.429,91,26,0,1,273,13,103,1.05e-38,144,83.52,1,0
A00405_539_HLLNCDSX3_4_1667_3577_14481_1_279_+_5c2b589f92cd328dd27be08801c4b747,MEM8796618.1,70.652,92,27,0,1,276,12,103,1.15e-38,143,83.70,1,0
A00405_539_HLLNCDSX3_4_1667_3577_14481_1_279_+_5c2b589f92cd328dd27be08801c4b747,HWM80492.1,75.000,92,23,0,1,276,18,109,1.16e-38,143,83.70,1,0
A00405_539_HLLNCDSX3_4_1667_3577_14481_1_279_+_5c2b589f92cd328dd27be08801c4b747,WP_133218317.1,73.626,91,24,0,1,273,11,101,1.17e-38,143,82.42,1,0
A00405_539_HLLNCDSX3_4_1667_3577_14481_1_279_+_5c2b589f92cd328dd27be08801c4b747,MDA1308982.1,75.556,90,21,1,4,273,17,105,1.22e-38,143,83.33,1,0
A00405_539_HLLNCDSX3_4_1667_3577_14481_1_279_+_5c2b589f92cd328dd27be08801c4b747,MEP6885440.1,71.739,92,26,0,1,276,6,97,1.25e-38,143,83.70,1,0
A00405_539_HLLNCDSX3_4_1667_3577_14481_1_279_+_5c2b589f92cd328dd27be08801c4b747,HWX85554.1,72.826,92,25,0,1,276,24,115,1.42e-38,144,84.78,1,0
A00405_539_HLLNCDSX3_4_1667_3577_14481_1_279_+_5c2b589f92cd328dd27be08801c4b747,MHY7840831.1,67.391,92,30,0,1,276,18,109,1.55e-38,135,82.61,1,0
A00405_539_HLLNCDSX3_4_1667_3577_14481_1_279_+_5c2b589f92cd328dd27be08801c4b747,MFZ5615691.1,76.087,92,21,1,1,276,23,113,1.57e-38,143,82.61,1,0
A00405_539_HLLNCDSX3_4_1667_3577_14481_1_279_+_5c2b589f92cd328dd27be08801c4b747,MBI1366483.1,75.000,92,22,1,1,276,22,112,1.63e-38,143,83.70,1,0
A00405_539_HLLNCDSX3_4_1667_3577_14481_1_279_+_5c2b589f92cd328dd27be08801c4b747,MHS0432296.1,75.000,92,22,1,1,276,20,110,1.76e-38,142,80.43,1,0
A00405_539_HLLNCDSX3_4_1667_3577_14481_1_279_+_5c2b589f92cd328dd27be08801c4b747,MDJ0949021.1,73.913,92,24,0,1,276,1,92,1.78e-38,142,81.52,1,0
A00405_539_HLLNCDSX3_4_1239_8956_26584_1_215_+_5f74270a96d85094cc3112e09a3d186a,WP_084277342.1,100.000,70,0,0,1,210,212,281,2.25e-38,141,100.00,1,0
A00405_539_HLLNCDSX3_4_1239_8956_26584_1_215_+_5f74270a96d85094cc3112e09a3d186a,WP_371388748.1,72.857,70,19,0,1,210,212,281,1.40e-26,110,91.43,1,0
A00405_539_HLLNCDSX3_4_1239_8956_26584_1_215_+_5f74270a96d85094cc3112e09a3d186a,KFL46286.1,74.627,67,17,0,10,210,175,241,5.92e-26,108,92.54,1,0
A00405_539_HLLNCDSX3_4_1239_8956_26584_1_215_+_5f74270a96d85094cc3112e09a3d186a,WP_190287357.1,78.125,64,14,0,1,192,212,275,3.24e-25,107,92.19,1,0
A00405_539_HLLNCDSX3_4_1239_8956_26584_1_215_+_5f74270a96d85094cc3112e09a3d186a,WP_150756975.1,75.758,66,16,0,1,198,212,277,2.01e-20,94.0,93.94,1,0
A00405_539_HLLNCDSX3_4_1239_8956_26584_1_215_+_5f74270a96d85094cc3112e09a3d186a,RYD47411.1,65.625,64,22,0,1,192,212,275,9.25e-19,89.4,82.81,1,0
A00405_539_HLLNCDSX3_4_1239_8956_26584_1_215_+_5f74270a96d85094cc3112e09a3d186a,WP_158010693.1,68.333,60,19,0,10,189,212,271,1.53e-18,88.6,83.33,1,0
A00405_539_HLLNCDSX3_4_1239_8956_26584_1_215_+_5f74270a96d85094cc3112e09a3d186a,WP_294049221.1,74.242,66,17,0,1,198,212,277,2.05e-17,85.5,90.91,1,0
A00405_539_HLLNCDSX3_4_1239_8956_26584_1_215_+_5f74270a96d85094cc3112e09a3d186a,WP_072596255.1,62.295,61,23,0,7,189,214,274,2.11e-17,85.5,83.61,1,0
A00405_539_HLLNCDSX3_4_1239_8956_26584_1_215_+_5f74270a96d85094cc3112e09a3d186a,WP_327753875.1,56.452,62,27,0,4,189,213,274,4.10e-15,79.3,79.03,1,0
A00405_539_HLLNCDSX3_4_1239_8956_26584_1_215_+_5f74270a96d85094cc3112e09a3d186a,WP_123366611.1,47.059,68,36,0,7,210,211,278,2.20e-11,68.6,69.12,1,0
A00405_539_HLLNCDSX3_4_1239_8956_26584_1_215_+_5f74270a96d85094cc3112e09a3d186a,MCJ7671101.1,45.714,70,37,1,4,210,118,187,3.92e-11,67.8,70.00,1,0
A00405_539_HLLNCDSX3_4_1239_8956_26584_1_215_+_5f74270a96d85094cc3112e09a3d186a,WP_417620308.1,53.125,64,30,0,7,198,214,277,4.59e-11,67.8,76.56,1,0
A00405_539_HLLNCDSX3_4_1239_8956_26584_1_215_+_5f74270a96d85094cc3112e09a3d186a,HEX5805941.1,44.776,67,37,0,10,210,211,277,6.75e-11,67.4,73.13,1,0
A00405_539_HLLNCDSX3_4_1239_8956_26584_1_215_+_5f74270a96d85094cc3112e09a3d186a,WP_179045299.1,61.667,60,23,0,10,189,215,274,1.30e-10,66.6,83.33,1,0
A00405_539_HLLNCDSX3_4_1239_8956_26584_1_215_+_5f74270a96d85094cc3112e09a3d186a,MET0545985.1,40.299,67,40,0,10,210,211,277,1.68e-10,66.2,70.15,1,0
A00405_539_HLLNCDSX3_4_1239_8956_26584_1_215_+_5f74270a96d85094cc3112e09a3d186a,WP_303758709.1,59.016,61,25,0,7,189,216,276,3.40e-10,65.5,81.97,1,0
A00405_539_HLLNCDSX3_4_1239_8956_26584_1_215_+_5f74270a96d85094cc3112e09a3d186a,HYL77925.1,51.786,56,27,0,4,171,192,247,3.49e-10,65.5,80.36,1,0
A00405_539_HLLNCDSX3_4_1239_8956_26584_1_215_+_5f74270a96d85094cc3112e09a3d186a,WP_220196034.1,51.667,60,29,0,4,183,209,268,3.77e-10,65.1,78.33,1,0
A00405_539_HLLNCDSX3_4_1239_8956_26584_1_215_+_5f74270a96d85094cc3112e09a3d186a,MID9989687.1,44.286,70,39,0,1,210,189,258,4.20e-10,65.1,72.86,1,0
A00405_539_HLLNCDSX3_4_1239_8956_26584_1_215_+_5f74270a96d85094cc3112e09a3d186a,MSO36620.1,48.276,58,30,0,7,180,216,273,4.43e-10,65.1,72.41,1,0
A00405_539_HLLNCDSX3_4_1239_8956_26584_1_215_+_5f74270a96d85094cc3112e09a3d186a,WP_119784805.1,43.284,67,38,0,10,210,212,278,4.78e-10,65.1,73.13,1,0
A00405_539_HLLNCDSX3_4_1239_8956_26584_1_215_+_5f74270a96d85094cc3112e09a3d186a,RYY25363.1,42.029,69,40,0,4,210,213,281,5.39e-10,64.7,72.46,1,0
A00405_539_HLLNCDSX3_4_1239_8956_26584_1_215_+_5f74270a96d85094cc3112e09a3d186a,MEQ9640980.1,42.857,70,40,0,1,210,200,269,5.45e-10,64.7,74.29,1,0
A00405_539_HLLNCDSX3_4_1239_8956_26584_1_215_+_5f74270a96d85094cc3112e09a3d186a,WP_093018727.1,59.677,62,25,0,4,189,213,274,6.35e-10,64.7,77.42,1,0
A00405_539_HLLNCDSX3_4_1239_8956_26584_1_215_+_5f74270a96d85094cc3112e09a3d186a,WP_341474089.1,51.667,60,29,0,10,189,111,170,6.36e-10,62.8,73.33,1,0
A00405_539_HLLNCDSX3_4_1239_8956_26584_1_215_+_5f74270a96d85094cc3112e09a3d186a,MHL7068043.1,44.928,69,38,0,4,210,203,271,7.15e-10,64.3,63.77,1,0
A00405_539_HLLNCDSX3_4_1239_8956_26584_1_215_+_5f74270a96d85094cc3112e09a3d186a,WP_041785509.1,49.123,57,29,0,4,174,203,259,7.32e-10,64.3,78.95,1,0
A00405_539_HLLNCDSX3_4_1239_8956_26584_1_215_+_5f74270a96d85094cc3112e09a3d186a,HLJ34204.1,51.613,62,30,0,4,189,175,236,7.37e-10,64.3,69.35,1,0
A00405_539_HLLNCDSX3_4_1239_8956_26584_1_215_+_5f74270a96d85094cc3112e09a3d186a,WP_093022305.1,46.377,69,37,0,4,210,212,280,7.89e-10,64.3,66.67,1,0
A00405_539_HLLNCDSX3_4_1239_8956_26584_1_215_+_5f74270a96d85094cc3112e09a3d186a,MHM2110886.1,49.180,61,31,0,4,186,223,283,8.50e-10,64.3,67.21,1,0
A00405_539_HLLNCDSX3_4_1239_8956_26584_1_215_+_5f74270a96d85094cc3112e09a3d186a,MDO8616336.1,47.761,67,35,0,10,210,188,254,8.73e-10,64.3,67.16,1,0
A00405_539_HLLNCDSX3_4_1239_8956_26584_1_215_+_5f74270a96d85094cc3112e09a3d186a,WP_209810172.1,44.444,72,36,1,7,210,207,278,1.15e-09,63.9,70.83,1,0
A00405_539_HLLNCDSX3_4_1239_8956_26584_1_215_+_5f74270a96d85094cc3112e09a3d186a,MCY7540159.1,50.820,61,30,0,7,189,97,157,1.22e-09,62.4,73.77,1,0
A00405_539_HLLNCDSX3_4_1239_8956_26584_1_215_+_5f74270a96d85094cc3112e09a3d186a,MGZ4676923.1,45.902,61,33,0,4,186,214,274,1.65e-09,63.5,70.49,1,0
A00405_539_HLLNCDSX3_4_1239_8956_26584_1_215_+_5f74270a96d85094cc3112e09a3d186a,HEX6971699.1,44.118,68,38,0,7,210,196,263,1.83e-09,63.2,69.12,1,0
A00405_539_HLLNCDSX3_4_1239_8956_26584_1_215_+_5f74270a96d85094cc3112e09a3d186a,MBO0795228.1,51.786,56,27,0,4,171,209,264,1.90e-09,63.2,82.14,1,0
A00405_539_HLLNCDSX3_4_1239_8956_26584_1_215_+_5f74270a96d85094cc3112e09a3d186a,WP_169101305.1,46.970,66,35,0,7,204,183,248,2.24e-09,63.2,68.18,1,0
A00405_539_HLLNCDSX3_4_1239_8956_26584_1_215_+_5f74270a96d85094cc3112e09a3d186a,WP_256973360.1,47.826,69,35,1,7,210,241,309,2.30e-09,63.2,71.01,1,0
A00405_539_HLLNCDSX3_4_1239_8956_26584_1_215_+_5f74270a96d85094cc3112e09a3d186a,MEN2447104.1,50.820,61,30,0,7,189,21,81,2.33e-09,62.0,73.77,1,0
A00405_539_HLLNCDSX3_4_1239_8956_26584_1_215_+_5f74270a96d85094cc3112e09a3d186a,MGI8939821.1,44.615,65,36,0,4,198,197,261,2.46e-09,62.8,72.31,1,0
A00405_539_HLLNCDSX3_4_1239_8956_26584_1_215_+_5f74270a96d85094cc3112e09a3d186a,RYE62162.1,47.059,68,36,0,7,210,212,279,2.51e-09,62.8,61.76,1,0
A00405_539_HLLNCDSX3_4_1239_8956_26584_1_215_+_5f74270a96d85094cc3112e09a3d186a,MFO7623736.1,53.125,64,30,0,7,198,194,257,2.57e-09,62.8,68.75,1,0
A00405_539_HLLNCDSX3_4_1239_8956_26584_1_215_+_5f74270a96d85094cc3112e09a3d186a,WP_180310668.1,53.333,60,28,0,10,189,203,262,2.72e-09,62.8,73.33,1,0
A00405_539_HLLNCDSX3_4_1239_8956_26584_1_215_+_5f74270a96d85094cc3112e09a3d186a,HEV8297834.1,43.478,69,39,0,4,210,197,265,2.90e-09,62.8,68.12,1,0
A00405_539_HLLNCDSX3_4_1239_8956_26584_1_215_+_5f74270a96d85094cc3112e09a3d186a,RYD75456.1,48.438,64,33,0,10,201,215,278,2.93e-09,62.8,67.19,1,0
A00405_539_HLLNCDSX3_4_1239_8956_26584_1_215_+_5f74270a96d85094cc3112e09a3d186a,WP_169185803.1,50.000,60,30,0,1,180,219,278,3.15e-09,62.8,66.67,1,0
A00405_539_HLLNCDSX3_4_1239_8956_26584_1_215_+_5f74270a96d85094cc3112e09a3d186a,MFN6122357.1,45.161,62,34,0,4,189,216,277,3.30e-09,62.8,70.97,1,0
A00405_539_HLLNCDSX3_4_1239_8956_26584_1_215_+_5f74270a96d85094cc3112e09a3d186a,MCY7725663.1,50.820,61,30,0,7,189,139,199,3.48e-09,62.4,73.77,1,0
A00405_539_HLLNCDSX3_4_1239_8956_26584_1_215_+_5f74270a96d85094cc3112e09a3d186a,HEX4060295.1,49.123,57,29,0,1,171,215,271,3.82e-09,62.4,73.68,1,0
A00405_539_HLLNCDSX3_4_1239_8956_26584_1_215_+_5f74270a96d85094cc3112e09a3d186a,HAT17043.1,46.032,63,33,1,4,189,217,279,3.84e-09,62.4,69.84,1,0
A00405_539_HLLNCDSX3_4_1239_8956_26584_1_215_+_5f74270a96d85094cc3112e09a3d186a,WP_203990109.1,45.455,66,36,0,1,198,231,296,4.04e-09,62.4,69.70,1,0
A00405_539_HLLNCDSX3_4_1239_8956_26584_1_215_+_5f74270a96d85094cc3112e09a3d186a,WP_052036232.1,51.562,64,31,0,7,198,197,260,4.24e-09,62.4,75.00,1,0
A00405_539_HLLNCDSX3_4_1239_8956_26584_1_215_+_5f74270a96d85094cc3112e09a3d186a,WP_310774336.1,43.478,69,39,0,4,210,189,257,4.35e-09,62.4,71.01,1,0
A00405_539_HLLNCDSX3_4_1239_8956_26584_1_215_+_5f74270a96d85094cc3112e09a3d186a,MHR9516499.1,49.091,55,28,0,7,171,214,268,4.56e-09,62.4,72.73,1,0
A00405_539_HLLNCDSX3_4_1239_8956_26584_1_215_+_5f74270a96d85094cc3112e09a3d186a,WP_300441954.1,44.615,65,36,0,4,198,212,276,4.90e-09,62.0,69.23,1,0
A00405_539_HLLNCDSX3_4_1239_8956_26584_1_215_+_5f74270a96d85094cc3112e09a3d186a,WP_340233668.1,50.000,60,30,0,4,183,203,262,5.25e-09,62.0,68.33,1,0
A00405_539_HLLNCDSX3_4_1239_8956_26584_1_215_+_5f74270a96d85094cc3112e09a3d186a,WP_501332046.1,55.357,56,25,0,4,171,192,247,5.32e-09,62.0,78.57,1,0
A00405_539_HLLNCDSX3_4_1239_8956_26584_1_215_+_5f74270a96d85094cc3112e09a3d186a,HLX51085.1,50.943,53,26,0,1,159,216,268,5.39e-09,62.0,75.47,1,0
A00405_539_HLLNCDSX3_4_1239_8956_26584_1_215_+_5f74270a96d85094cc3112e09a3d186a,MET0986644.1,38.235,68,42,0,7,210,212,279,5.64e-09,62.0,64.71,1,0
A00405_539_HLLNCDSX3_4_1239_8956_26584_1_215_+_5f74270a96d85094cc3112e09a3d186a,MCX6520016.1,41.538,65,38,0,4,198,219,283,5.67e-09,62.0,69.23,1,0
A00405_539_HLLNCDSX3_4_1239_8956_26584_1_215_+_5f74270a96d85094cc3112e09a3d186a,HEY3952903.1,49.123,57,29,0,1,171,215,271,5.88e-09,62.0,73.68,1,0
A00405_539_HLLNCDSX3_4_1239_8956_26584_1_215_+_5f74270a96d85094cc3112e09a3d186a,WP_354917497.1,46.875,64,34,0,7,198,233,296,6.15e-09,62.0,70.31,1,0
A00405_539_HLLNCDSX3_4_1239_8956_26584_1_215_+_5f74270a96d85094cc3112e09a3d186a,MDQ0873302.1,44.776,67,37,0,10,210,16,82,6.54e-09,58.5,67.16,1,0
A00405_539_HLLNCDSX3_4_1239_8956_26584_1_215_+_5f74270a96d85094cc3112e09a3d186a,MHJ9569852.1,42.029,69,40,0,4,210,199,267,6.81e-09,61.6,68.12,1,0
A00405_539_HLLNCDSX3_4_1239_8956_26584_1_215_+_5f74270a96d85094cc3112e09a3d186a,HEY1367315.1,44.118,68,38,0,7,210,221,288,7.67e-09,61.6,66.18,1,0
A00405_539_HLLNCDSX3_4_1239_8956_26584_1_215_+_5f74270a96d85094cc3112e09a3d186a,MBV8982964.1,42.029,69,40,0,4,210,190,258,7.95e-09,61.6,68.12,1,0
A00405_539_HLLNCDSX3_4_1239_8956_26584_1_215_+_5f74270a96d85094cc3112e09a3d186a,MHT4952081.1,53.333,60,28,0,10,189,195,254,8.03e-09,61.6,75.00,1,0
A00405_539_HLLNCDSX3_4_1239_8956_26584_1_215_+_5f74270a96d85094cc3112e09a3d186a,MDX6728457.1,41.176,68,40,0,7,210,216,283,8.28e-09,61.6,69.12,1,0
A00405_539_HLLNCDSX3_4_1239_8956_26584_1_215_+_5f74270a96d85094cc3112e09a3d186a,MEO5839569.1,43.478,69,39,0,4,210,199,267,8.49e-09,61.6,63.77,1,0
A00405_539_HLLNCDSX3_4_1239_8956_26584_1_215_+_5f74270a96d85094cc3112e09a3d186a,MHL5413466.1,46.377,69,37,0,4,210,195,263,8.60e-09,61.2,62.32,1,0
A00405_539_HLLNCDSX3_4_1239_8956_26584_1_215_+_5f74270a96d85094cc3112e09a3d186a,MBV8303267.1,43.478,69,39,0,4,210,194,262,8.68e-09,61.2,68.12,1,0
A00405_539_HLLNCDSX3_4_1239_8956_26584_1_215_+_5f74270a96d85094cc3112e09a3d186a,WP_037464235.1,40.000,70,42,0,1,210,189,258,8.75e-09,61.2,70.00,1,0
A00405_539_HLLNCDSX3_4_1239_8956_26584_1_215_+_5f74270a96d85094cc3112e09a3d186a,WP_110297778.1,50.000,58,28,1,4,174,211,268,8.78e-09,61.2,75.86,1,0
A00405_539_HLLNCDSX3_4_1239_8956_26584_1_215_+_5f74270a96d85094cc3112e09a3d186a,MHZ6246713.1,56.140,57,24,1,4,171,211,267,8.86e-09,61.2,73.68,1,0
A00405_539_HLLNCDSX3_4_1239_8956_26584_1_215_+_5f74270a96d85094cc3112e09a3d186a,MEY2475735.1,43.478,69,39,0,4,210,189,257,8.89e-09,61.2,68.12,1,0
A00405_539_HLLNCDSX3_4_1239_8956_26584_1_215_+_5f74270a96d85094cc3112e09a3d186a,MHK7870567.1,49.206,63,32,0,10,198,134,196,9.01e-09,61.2,69.84,1,0
A00405_539_HLLNCDSX3_4_1239_8956_26584_1_215_+_5f74270a96d85094cc3112e09a3d186a,WP_501839080.1,50.000,66,32,1,4,198,217,282,9.07e-09,61.2,69.70,1,0
A00405_539_HLLNCDSX3_4_1239_8956_26584_1_215_+_5f74270a96d85094cc3112e09a3d186a,MID1927895.1,50.000,58,28,1,4,174,211,268,9.12e-09,60.8,72.41,1,0
A00405_539_HLLNCDSX3_4_1239_8956_26584_1_215_+_5f74270a96d85094cc3112e09a3d186a,MBP7631907.1,44.615,65,36,0,4,198,100,164,9.54e-09,61.2,66.15,1,0
A00405_539_HLLNCDSX3_4_1239_8956_26584_1_215_+_5f74270a96d85094cc3112e09a3d186a,HZU27433.1,45.161,62,34,0,4,189,192,253,9.90e-09,61.2,72.58,1,0
A00405_539_HLLNCDSX3_4_1239_8956_26584_1_215_+_5f74270a96d85094cc3112e09a3d186a,MDM5298360.1,53.333,60,28,0,10,189,203,262,1.01e-08,61.2,73.33,1,0
A00405_539_HLLNCDSX3_4_1239_8956_26584_1_215_+_5f74270a96d85094cc3112e09a3d186a,MDQ3993946.1,45.312,64,35,0,7,198,223,286,1.01e-08,61.2,67.19,1,0
A00405_539_HLLNCDSX3_4_1239_8956_26584_1_215_+_5f74270a96d85094cc3112e09a3d186a,MFM7061175.1,51.923,52,25,0,4,159,220,271,1.03e-08,61.2,75.00,1,0
A00405_539_HLLNCDSX3_4_1239_8956_26584_1_215_+_5f74270a96d85094cc3112e09a3d186a,MHM2058828.1,43.333,60,34,0,4,183,73,132,1.04e-08,60.8,65.00,1,0
A00405_539_HLLNCDSX3_4_1239_8956_26584_1_215_+_5f74270a96d85094cc3112e09a3d186a,HEY7003745.1,45.902,61,33,0,7,189,201,261,1.11e-08,61.2,68.85,1,0
A00405_539_HLLNCDSX3_4_1239_8956_26584_1_215_+_5f74270a96d85094cc3112e09a3d186a,MFX6027524.1,46.552,58,30,1,4,174,5,62,1.14e-08,57.8,75.86,1,0
A00405_539_HLLNCDSX3_4_1239_8956_26584_1_215_+_5f74270a96d85094cc3112e09a3d186a,HEX8803585.1,45.161,62,34,0,1,186,228,289,1.15e-08,61.2,66.13,1,0
A00405_539_HLLNCDSX3_4_1239_8956_26584_1_215_+_5f74270a96d85094cc3112e09a3d186a,HMS90359.1,44.615,65,36,0,4,198,194,258,1.19e-08,60.8,66.15,1,0
A00405_539_HLLNCDSX3_4_1239_8956_26584_1_215_+_5f74270a96d85094cc3112e09a3d186a,MHL4754849.1,45.000,60,33,0,10,189,223,282,1.22e-08,60.8,71.67,1,0
A00405_539_HLLNCDSX3_4_1239_8956_26584_1_215_+_5f74270a96d85094cc3112e09a3d186a,MII2783064.1,46.154,65,35,0,4,198,195,259,1.22e-08,60.8,70.77,1,0
A00405_539_HLLNCDSX3_4_1239_8956_26584_1_215_+_5f74270a96d85094cc3112e09a3d186a,MHE5419611.1,43.243,74,32,1,7,198,208,281,1.23e-08,60.8,60.81,1,0
A00405_539_HLLNCDSX3_4_1239_8956_26584_1_215_+_5f74270a96d85094cc3112e09a3d186a,HYZ93544.1,43.077,65,37,0,4,198,210,274,1.23e-08,60.8,67.69,1,0
A00405_539_HLLNCDSX3_4_1239_8956_26584_1_215_+_5f74270a96d85094cc3112e09a3d186a,MHS1346257.1,46.154,65,35,0,4,198,177,241,1.24e-08,60.8,67.69,1,0
A00405_539_HLLNCDSX3_4_1239_8956_26584_1_215_+_5f74270a96d85094cc3112e09a3d186a,HEV3355001.1,39.130,69,42,0,4,210,190,258,1.33e-08,60.8,71.01,1,0
A00405_539_HLLNCDSX3_4_1239_8956_26584_1_215_+_5f74270a96d85094cc3112e09a3d186a,NLV56298.1,43.750,64,36,0,7,198,122,185,1.33e-08,60.8,70.31,1,0
A00405_539_HLLNCDSX3_4_1239_8956_26584_1_215_+_5f74270a96d85094cc3112e09a3d186a,WP_189052349.1,50.943,53,26,0,10,168,225,277,1.50e-08,60.8,77.36,1,0
A00405_539_HLLNCDSX3_4_1239_8956_26584_1_215_+_5f74270a96d85094cc3112e09a3d186a,MDQ3858613.1,45.312,64,35,0,7,198,223,286,1.62e-08,60.5,67.19,1,0
A00405_539_HLLNCDSX3_4_1239_8956_26584_1_215_+_5f74270a96d85094cc3112e09a3d186a,MBV8295937.1,42.029,69,40,0,4,210,163,231,1.71e-08,60.5,68.12,1,0
A00405_539_HLLNCDSX3_4_1239_8956_26584_1_215_+_5f74270a96d85094cc3112e09a3d186a,WP_327970490.1,45.902,61,33,0,7,189,207,267,1.72e-08,60.5,77.05,1,0
A00405_539_HLLNCDSX3_4_1147_15890_2895_1_210_-_65794de933ee2d8b0548b89e6f037740,TXI04457.1,100.000,69,0,0,1,207,244,312,2.39e-38,141,100.00,1,0
A00405_539_HLLNCDSX3_4_1147_15890_2895_1_210_-_65794de933ee2d8b0548b89e6f037740,WP_238986863.1,88.406,69,8,0,1,207,266,334,4.23e-32,125,94.20,1,0
A00405_539_HLLNCDSX3_4_1147_15890_2895_1_210_-_65794de933ee2d8b0548b89e6f037740,WP_424067828.1,82.609,69,12,0,1,207,256,324,2.51e-30,120,91.30,1,0
A00405_539_HLLNCDSX3_4_1147_15890_2895_1_210_-_65794de933ee2d8b0548b89e6f037740,WP_190418103.1,79.710,69,14,0,1,207,256,324,5.51e-30,120,91.30,1,0
A00405_539_HLLNCDSX3_4_1147_15890_2895_1_210_-_65794de933ee2d8b0548b89e6f037740,WP_345889931.1,82.609,69,12,0,1,207,204,272,7.35e-30,118,91.30,1,0
A00405_539_HLLNCDSX3_4_1147_15890_2895_1_210_-_65794de933ee2d8b0548b89e6f037740,WP_143488894.1,81.159,69,13,0,1,207,257,325,1.11e-29,119,91.30,1,0
A00405_539_HLLNCDSX3_4_1147_15890_2895_1_210_-_65794de933ee2d8b0548b89e6f037740,WP_240159300.1,82.609,69,12,0,1,207,256,324,1.70e-29,118,91.30,1,0
A00405_539_HLLNCDSX3_4_1147_15890_2895_1_210_-_65794de933ee2d8b0548b89e6f037740,WP_235007639.1,79.710,69,14,0,1,207,256,324,1.75e-29,118,91.30,1,0
A00405_539_HLLNCDSX3_4_1147_15890_2895_1_210_-_65794de933ee2d8b0548b89e6f037740,WP_322057006.1,82.609,69,12,0,1,207,256,324,2.53e-29,117,88.41,1,0
A00405_539_HLLNCDSX3_4_1147_15890_2895_1_210_-_65794de933ee2d8b0548b89e6f037740,WP_144752964.1,73.913,69,18,0,1,207,250,318,5.80e-26,109,85.51,1,0
A00405_539_HLLNCDSX3_4_1147_15890_2895_1_210_-_65794de933ee2d8b0548b89e6f037740,MDB5911113.1,72.464,69,19,0,1,207,256,324,7.81e-26,108,88.41,1,0
A00405_539_HLLNCDSX3_4_1147_15890_2895_1_210_-_65794de933ee2d8b0548b89e6f037740,HSW18173.1,66.667,69,23,0,1,207,249,317,3.63e-24,104,86.96,1,0
A00405_539_HLLNCDSX3_4_1147_15890_2895_1_210_-_65794de933ee2d8b0548b89e6f037740,MCW2811383.1,78.689,61,13,0,25,207,264,324,1.01e-23,102,90.16,1,0
A00405_539_HLLNCDSX3_4_1147_15890_2895_1_210_-_65794de933ee2d8b0548b89e6f037740,MCC0056584.1,69.565,69,21,0,1,207,244,312,6.01e-23,100,84.06,1,0
A00405_539_HLLNCDSX3_4_1147_15890_2895_1_210_-_65794de933ee2d8b0548b89e6f037740,MFM9991546.1,63.768,69,25,0,1,207,253,321,2.78e-22,99.4,85.51,1,0
A00405_539_HLLNCDSX3_4_1147_15890_2895_1_210_-_65794de933ee2d8b0548b89e6f037740,WP_338074273.1,70.588,68,20,0,4,207,261,328,3.82e-22,98.6,79.41,1,0
A00405_539_HLLNCDSX3_4_1147_15890_2895_1_210_-_65794de933ee2d8b0548b89e6f037740,WP_105811361.1,69.118,68,21,0,4,207,256,323,1.16e-21,97.1,79.41,1,0
A00405_539_HLLNCDSX3_4_1147_15890_2895_1_210_-_65794de933ee2d8b0548b89e6f037740,WP_034190640.1,66.667,69,23,0,1,207,252,320,1.87e-21,96.7,81.16,1,0
A00405_539_HLLNCDSX3_4_1147_15890_2895_1_210_-_65794de933ee2d8b0548b89e6f037740,WP_424068337.1,66.176,68,23,0,4,207,237,304,2.47e-21,95.9,79.41,1,0
A00405_539_HLLNCDSX3_4_1147_15890_2895_1_210_-_65794de933ee2d8b0548b89e6f037740,WP_244206861.1,66.667,69,23,0,1,207,243,311,7.41e-21,94.7,75.36,1,0
A00405_539_HLLNCDSX3_4_1147_15890_2895_1_210_-_65794de933ee2d8b0548b89e6f037740,WP_205015265.1,66.667,69,23,0,1,207,212,280,1.10e-20,94.0,81.16,1,0
A00405_539_HLLNCDSX3_4_1147_15890_2895_1_210_-_65794de933ee2d8b0548b89e6f037740,WP_133144443.1,67.647,68,22,0,4,207,256,323,1.12e-20,94.4,77.94,1,0
A00405_539_HLLNCDSX3_4_1147_15890_2895_1_210_-_65794de933ee2d8b0548b89e6f037740,WP_299705142.1,66.176,68,23,0,4,207,218,285,1.27e-20,94.0,77.94,1,0
A00405_539_HLLNCDSX3_4_1147_15890_2895_1_210_-_65794de933ee2d8b0548b89e6f037740,GAA0709370.1,66.667,69,23,0,1,207,147,215,2.29e-20,92.0,76.81,1,0
A00405_539_HLLNCDSX3_4_1147_15890_2895_1_210_-_65794de933ee2d8b0548b89e6f037740,WP_235210718.1,66.176,68,23,0,4,207,251,318,2.43e-20,93.6,77.94,1,0
A00405_539_HLLNCDSX3_4_1147_15890_2895_1_210_-_65794de933ee2d8b0548b89e6f037740,HSV83145.1,69.118,68,21,0,4,207,254,321,3.93e-20,92.8,79.41,1,0
A00405_539_HLLNCDSX3_4_1147_15890_2895_1_210_-_65794de933ee2d8b0548b89e6f037740,WP_009288565.1,66.667,69,23,0,1,207,275,343,6.96e-20,92.4,76.81,1,0
A00405_539_HLLNCDSX3_4_1147_15890_2895_1_210_-_65794de933ee2d8b0548b89e6f037740,WP_421793718.1,64.706,68,24,0,4,207,262,329,7.88e-20,92.0,77.94,1,0
A00405_539_HLLNCDSX3_4_1147_15890_2895_1_210_-_65794de933ee2d8b0548b89e6f037740,WP_217122524.1,67.647,68,22,0,4,207,256,323,1.03e-19,91.7,77.94,1,0
A00405_539_HLLNCDSX3_4_1147_15890_2895_1_210_-_65794de933ee2d8b0548b89e6f037740,EIN00745.1,63.768,69,25,0,1,207,198,266,1.10e-19,91.3,76.81,1,0
A00405_539_HLLNCDSX3_4_1147_15890_2895_1_210_-_65794de933ee2d8b0548b89e6f037740,WP_165188941.1,65.217,69,24,0,1,207,265,333,1.18e-19,91.7,76.81,1,0
A00405_539_HLLNCDSX3_4_1147_15890_2895_1_210_-_65794de933ee2d8b0548b89e6f037740,WP_062635789.1,69.118,68,21,0,4,207,256,323,1.24e-19,91.7,75.00,1,0
A00405_539_HLLNCDSX3_4_1147_15890_2895_1_210_-_65794de933ee2d8b0548b89e6f037740,WP_322057037.1,66.176,68,23,0,4,207,261,328,1.72e-19,91.3,76.47,1,0
A00405_539_HLLNCDSX3_4_1147_15890_2895_1_210_-_65794de933ee2d8b0548b89e6f037740,WP_039900326.1,63.768,69,25,0,1,207,263,331,1.95e-19,91.3,76.81,1,0
A00405_539_HLLNCDSX3_4_1147_15890_2895_1_210_-_65794de933ee2d8b0548b89e6f037740,MDX3898946.1,57.971,69,29,0,1,207,257,325,2.07e-19,90.9,81.16,1,0
A00405_539_HLLNCDSX3_4_1147_15890_2895_1_210_-_65794de933ee2d8b0548b89e6f037740,WP_407669048.1,60.870,69,27,0,1,207,20,88,2.40e-19,86.7,71.01,1,0
A00405_539_HLLNCDSX3_4_1147_15890_2895_1_210_-_65794de933ee2d8b0548b89e6f037740,WP_483478550.1,65.217,69,24,0,1,207,262,330,2.90e-19,90.5,75.36,1,0
A00405_539_HLLNCDSX3_4_1147_15890_2895_1_210_-_65794de933ee2d8b0548b89e6f037740,WP_277045033.1,68.116,69,22,0,1,207,254,322,3.41e-19,90.5,84.06,1,0
A00405_539_HLLNCDSX3_4_1147_15890_2895_1_210_-_65794de933ee2d8b0548b89e6f037740,WP_299630162.1,66.176,68,23,0,4,207,279,346,3.44e-19,90.5,76.47,1,0
A00405_539_HLLNCDSX3_4_1147_15890_2895_1_210_-_65794de933ee2d8b0548b89e6f037740,WP_414143544.1,62.319,69,26,0,1,207,265,333,3.80e-19,90.5,76.81,1,0
A00405_539_HLLNCDSX3_4_1147_15890_2895_1_210_-_65794de933ee2d8b0548b89e6f037740,WP_176597904.1,59.420,69,28,0,1,207,256,324,3.90e-19,90.1,81.16,1,0
A00405_539_HLLNCDSX3_4_1147_15890_2895_1_210_-_65794de933ee2d8b0548b89e6f037740,WP_159832970.1,63.768,69,25,0,1,207,263,331,4.12e-19,90.1,76.81,1,0
A00405_539_HLLNCDSX3_4_1147_15890_2895_1_210_-_65794de933ee2d8b0548b89e6f037740,WP_429354680.1,63.768,69,25,0,1,207,263,331,5.09e-19,90.1,75.36,1,0
A00405_539_HLLNCDSX3_4_1147_15890_2895_1_210_-_65794de933ee2d8b0548b89e6f037740,WP_353557022.1,62.319,69,26,0,1,207,263,331,5.30e-19,89.7,78.26,1,0
A00405_539_HLLNCDSX3_4_1147_15890_2895_1_210_-_65794de933ee2d8b0548b89e6f037740,WP_233389084.1,65.217,69,24,0,1,207,263,331,5.35e-19,89.7,72.46,1,0
A00405_539_HLLNCDSX3_4_1147_15890_2895_1_210_-_65794de933ee2d8b0548b89e6f037740,WP_436564273.1,62.319,69,26,0,1,207,256,324,6.14e-19,89.7,79.71,1,0
A00405_539_HLLNCDSX3_4_1147_15890_2895_1_210_-_65794de933ee2d8b0548b89e6f037740,WP_025596541.1,62.319,69,26,0,1,207,263,331,9.22e-19,89.4,75.36,1,0
A00405_539_HLLNCDSX3_4_1147_15890_2895_1_210_-_65794de933ee2d8b0548b89e6f037740,WP_087645580.1,63.235,68,25,0,4,207,256,323,1.03e-18,89.0,75.00,1,0
A00405_539_HLLNCDSX3_4_1147_15890_2895_1_210_-_65794de933ee2d8b0548b89e6f037740,EPA99391.1,59.420,69,28,0,1,207,153,221,1.09e-18,87.8,78.26,1,0
A00405_539_HLLNCDSX3_4_1147_15890_2895_1_210_-_65794de933ee2d8b0548b89e6f037740,WP_344637662.1,62.319,69,26,0,1,207,256,324,1.22e-18,89.0,75.36,1,0
A00405_539_HLLNCDSX3_4_1147_15890_2895_1_210_-_65794de933ee2d8b0548b89e6f037740,WP_061126389.1,65.217,69,24,0,1,207,255,323,1.63e-18,88.6,71.01,1,0
A00405_539_HLLNCDSX3_4_1147_15890_2895_1_210_-_65794de933ee2d8b0548b89e6f037740,MFW6077769.1,62.319,69,26,0,1,207,97,165,1.69e-18,86.3,75.36,1,0
A00405_539_HLLNCDSX3_4_1147_15890_2895_1_210_-_65794de933ee2d8b0548b89e6f037740,WP_296560644.1,59.420,69,28,0,1,207,263,331,2.65e-18,87.8,73.91,1,0
A00405_539_HLLNCDSX3_4_1147_15890_2895_1_210_-_65794de933ee2d8b0548b89e6f037740,WP_205125786.1,59.420,69,28,0,1,207,269,337,2.79e-18,87.8,78.26,1,0
A00405_539_HLLNCDSX3_4_1147_15890_2895_1_210_-_65794de933ee2d8b0548b89e6f037740,WP_221885172.1,57.971,69,29,0,1,207,257,325,3.44e-18,87.8,81.16,1,0
A00405_539_HLLNCDSX3_4_1147_15890_2895_1_210_-_65794de933ee2d8b0548b89e6f037740,KXV04111.1,65.217,69,24,0,1,207,263,331,3.45e-18,87.8,72.46,1,0
A00405_539_HLLNCDSX3_4_1147_15890_2895_1_210_-_65794de933ee2d8b0548b89e6f037740,WP_280701409.1,60.870,69,27,0,1,207,255,323,4.20e-18,87.4,76.81,1,0
A00405_539_HLLNCDSX3_4_1147_15890_2895_1_210_-_65794de933ee2d8b0548b89e6f037740,WP_011494067.1,60.870,69,27,0,1,207,261,329,4.28e-18,87.4,73.91,1,0
A00405_539_HLLNCDSX3_4_1147_15890_2895_1_210_-_65794de933ee2d8b0548b89e6f037740,WP_342962729.1,60.870,69,27,0,1,207,162,230,5.05e-18,86.3,71.01,1,0
A00405_539_HLLNCDSX3_4_1147_15890_2895_1_210_-_65794de933ee2d8b0548b89e6f037740,WP_251031687.1,62.319,69,26,0,1,207,237,305,5.21e-18,87.0,73.91,1,0
A00405_539_HLLNCDSX3_4_1147_15890_2895_1_210_-_65794de933ee2d8b0548b89e6f037740,WP_338048496.1,65.217,69,24,0,1,207,164,232,5.60e-18,86.3,69.57,1,0
A00405_539_HLLNCDSX3_4_1147_15890_2895_1_210_-_65794de933ee2d8b0548b89e6f037740,WP_370348593.1,60.870,69,27,0,1,207,252,320,6.18e-18,87.0,75.36,1,0
A00405_539_HLLNCDSX3_4_1147_15890_2895_1_210_-_65794de933ee2d8b0548b89e6f037740,WP_150066811.1,60.870,69,27,0,1,207,255,323,6.73e-18,87.0,79.71,1,0
A00405_539_HLLNCDSX3_4_1147_15890_2895_1_210_-_65794de933ee2d8b0548b89e6f037740,WP_036714544.1,63.235,68,25,0,4,207,256,323,8.73e-18,86.7,76.47,1,0
A00405_539_HLLNCDSX3_4_1147_15890_2895_1_210_-_65794de933ee2d8b0548b89e6f037740,WP_184225727.1,62.319,69,26,0,1,207,262,330,1.01e-17,86.3,73.91,1,0
A00405_539_HLLNCDSX3_4_1147_15890_2895_1_210_-_65794de933ee2d8b0548b89e6f037740,WP_248557342.1,60.870,69,27,0,1,207,263,331,1.24e-17,86.3,71.01,1,0
A00405_539_HLLNCDSX3_4_1147_15890_2895_1_210_-_65794de933ee2d8b0548b89e6f037740,WP_126706174.1,60.870,69,27,0,1,207,270,338,1.24e-17,86.3,75.36,1,0
A00405_539_HLLNCDSX3_4_1147_15890_2895_1_210_-_65794de933ee2d8b0548b89e6f037740,WP_483478519.1,63.768,69,25,0,1,207,263,331,1.59e-17,85.9,72.46,1,0
A00405_539_HLLNCDSX3_4_1147_15890_2895_1_210_-_65794de933ee2d8b0548b89e6f037740,WP_042305986.1,63.768,69,25,0,1,207,262,330,2.05e-17,85.5,69.57,1,0
A00405_539_HLLNCDSX3_4_1147_15890_2895_1_210_-_65794de933ee2d8b0548b89e6f037740,WP_087047604.1,60.294,68,27,0,4,207,260,327,2.19e-17,85.5,75.00,1,0
A00405_539_HLLNCDSX3_4_1147_15890_2895_1_210_-_65794de933ee2d8b0548b89e6f037740,WP_035797231.1,59.420,69,28,0,1,207,236,304,2.38e-17,85.1,75.36,1,0
A00405_539_HLLNCDSX3_4_1147_15890_2895_1_210_-_65794de933ee2d8b0548b89e6f037740,KAA2264359.1,60.870,69,27,0,1,207,243,311,2.72e-17,85.1,72.46,1,0
A00405_539_HLLNCDSX3_4_1147_15890_2895_1_210_-_65794de933ee2d8b0548b89e6f037740,WP_348780785.1,58.824,68,28,0,4,207,256,323,3.23e-17,85.1,75.00,1,0
A00405_539_HLLNCDSX3_4_1147_15890_2895_1_210_-_65794de933ee2d8b0548b89e6f037740,WP_244832036.1,58.824,68,28,0,4,207,260,327,3.28e-17,85.1,75.00,1,0
A00405_539_HLLNCDSX3_4_1147_15890_2895_1_210_-_65794de933ee2d8b0548b89e6f037740,WP_280724143.1,57.971,69,29,0,1,207,250,318,4.03e-17,84.7,76.81,1,0
A00405_539_HLLNCDSX3_4_1147_15890_2895_1_210_-_65794de933ee2d8b0548b89e6f037740,EIN00743.1,60.870,69,27,0,1,207,205,273,4.21e-17,84.3,71.01,1,0
A00405_539_HLLNCDSX3_4_1147_15890_2895_1_210_-_65794de933ee2d8b0548b89e6f037740,MEO8752792.1,53.623,69,32,0,1,207,257,325,5.28e-17,84.3,72.46,1,0
A00405_539_HLLNCDSX3_4_1147_15890_2895_1_210_-_65794de933ee2d8b0548b89e6f037740,WP_007735749.1,60.870,69,27,0,1,207,263,331,6.14e-17,84.3,71.01,1,0
A00405_539_HLLNCDSX3_4_1147_15890_2895_1_210_-_65794de933ee2d8b0548b89e6f037740,WP_396297370.1,56.522,69,30,0,1,207,260,328,6.19e-17,84.3,76.81,1,0
A00405_539_HLLNCDSX3_4_1147_15890_2895_1_210_-_65794de933ee2d8b0548b89e6f037740,WP_235024615.1,59.420,69,28,0,1,207,268,336,6.59e-17,84.3,72.46,1,0
A00405_539_HLLNCDSX3_4_1147_15890_2895_1_210_-_65794de933ee2d8b0548b89e6f037740,WP_398688741.1,55.072,69,31,0,1,207,263,331,6.73e-17,84.0,75.36,1,0
A00405_539_HLLNCDSX3_4_1147_15890_2895_1_210_-_65794de933ee2d8b0548b89e6f037740,WP_345288123.1,56.522,69,30,0,1,207,260,328,6.77e-17,84.0,76.81,1,0
A00405_539_HLLNCDSX3_4_1147_15890_2895_1_210_-_65794de933ee2d8b0548b89e6f037740,HSV83151.1,57.971,69,29,0,1,207,22,90,8.74e-17,80.5,69.57,1,0
A00405_539_HLLNCDSX3_4_1147_15890_2895_1_210_-_65794de933ee2d8b0548b89e6f037740,WP_007581137.1,62.319,69,26,0,1,207,255,323,9.50e-17,83.6,71.01,1,0
A00405_539_HLLNCDSX3_4_1147_15890_2895_1_210_-_65794de933ee2d8b0548b89e6f037740,WP_229854064.1,62.687,67,25,0,7,207,269,335,9.52e-17,83.6,76.12,1,0
A00405_539_HLLNCDSX3_4_1147_15890_2895_1_210_-_65794de933ee2d8b0548b89e6f037740,WP_429494327.1,62.319,69,26,0,1,207,262,330,9.80e-17,83.6,72.46,1,0
A00405_539_HLLNCDSX3_4_1147_15890_2895_1_210_-_65794de933ee2d8b0548b89e6f037740,WP_357024520.1,58.824,68,28,0,4,207,254,321,1.50e-16,83.2,76.47,1,0
A00405_539_HLLNCDSX3_4_1147_15890_2895_1_210_-_65794de933ee2d8b0548b89e6f037740,WP_393880459.1,61.194,67,26,0,7,207,264,330,1.77e-16,82.8,77.61,1,0
A00405_539_HLLNCDSX3_4_1147_15890_2895_1_210_-_65794de933ee2d8b0548b89e6f037740,MES1975620.1,54.286,70,31,1,1,207,256,325,2.14e-16,82.8,80.00,1,0
A00405_539_HLLNCDSX3_4_1147_15890_2895_1_210_-_65794de933ee2d8b0548b89e6f037740,WP_109452679.1,55.072,69,31,0,1,207,253,321,2.16e-16,82.8,76.81,1,0
A00405_539_HLLNCDSX3_4_1147_15890_2895_1_210_-_65794de933ee2d8b0548b89e6f037740,WP_266932704.1,63.235,68,25,0,4,207,262,329,2.22e-16,82.8,73.53,1,0
A00405_539_HLLNCDSX3_4_1147_15890_2895_1_210_-_65794de933ee2d8b0548b89e6f037740,WP_168588867.1,62.319,69,26,0,1,207,254,322,2.74e-16,82.4,75.36,1,0
A00405_539_HLLNCDSX3_4_1147_15890_2895_1_210_-_65794de933ee2d8b0548b89e6f037740,WP_362704024.1,62.319,69,26,0,1,207,260,328,3.07e-16,82.4,71.01,1,0
A00405_539_HLLNCDSX3_4_1147_15890_2895_1_210_-_65794de933ee2d8b0548b89e6f037740,WP_385625082.1,62.687,67,25,0,7,207,262,328,3.13e-16,82.4,73.13,1,0
A00405_539_HLLNCDSX3_4_1147_15890_2895_1_210_-_65794de933ee2d8b0548b89e6f037740,WP_375943736.1,57.971,69,29,0,1,207,255,323,3.53e-16,82.0,73.91,1,0
A00405_539_HLLNCDSX3_4_1147_15890_2895_1_210_-_65794de933ee2d8b0548b89e6f037740,MBM3535379.1,65.625,64,22,0,16,207,259,322,3.70e-16,82.0,73.44,1,0
A00405_539_HLLNCDSX3_4_1147_15890_2895_1_210_-_65794de933ee2d8b0548b89e6f037740,MDB5481735.1,55.072,69,31,0,1,207,265,333,4.41e-16,82.0,81.16,1,0
A00405_539_HLLNCDSX3_4_1147_15890_2895_1_210_-_65794de933ee2d8b0548b89e6f037740,WP_256907469.1,55.072,69,31,0,1,207,263,331,4.82e-16,81.6,72.46,1,0
A00405_539_HLLNCDSX3_4_1147_15890_2895_1_210_-_65794de933ee2d8b0548b89e6f037740,WP_270930070.1,57.971,69,29,0,1,207,267,335,5.52e-16,81.6,71.01,1,0
A00405_539_HLLNCDSX3_4_1147_15890_2895_1_210_-_65794de933ee2d8b0548b89e6f037740,WP_380907188.1,61.194,67,26,0,7,207,261,327,5.74e-16,81.6,76.12,1,0
A00405_539_HLLNCDSX3_4_2142_21486_30686_1_266_-_77a744a9fc5cc226c193bb7f621a2143,MFP5433904.1,100.000,82,0,0,16,261,63,144,2.25e-53,175,100.00,1,0
A00405_539_HLLNCDSX3_4_2142_21486_30686_1_266_-_77a744a9fc5cc226c193bb7f621a2143,WP_037523180.1,96.341,82,3,0,16,261,284,365,1.26e-48,169,97.56,1,0
A00405_539_HLLNCDSX3_4_2142_21486_30686_1_266_-_77a744a9fc5cc226c193bb7f621a2143,MHK4618450.1,84.146,82,13,0,16,261,284,365,1.71e-41,150,90.24,1,0
A00405_539_HLLNCDSX3_4_2142_21486_30686_1_266_-_77a744a9fc5cc226c193bb7f621a2143,MPT46965.1,82.927,82,14,0,16,261,284,365,6.14e-41,149,91.46,1,0
A00405_539_HLLNCDSX3_4_2142_21486_30686_1_266_-_77a744a9fc5cc226c193bb7f621a2143,WP_169574409.1,84.146,82,13,0,16,261,283,364,1.53e-40,148,90.24,1,0
A00405_539_HLLNCDSX3_4_2142_21486_30686_1_266_-_77a744a9fc5cc226c193bb7f621a2143,WP_066856689.1,80.488,82,16,0,16,261,284,365,1.24e-39,146,90.24,1,0
A00405_539_HLLNCDSX3_4_2142_21486_30686_1_266_-_77a744a9fc5cc226c193bb7f621a2143,WP_119594674.1,78.049,82,18,0,16,261,284,365,2.48e-39,145,91.46,1,0
A00405_539_HLLNCDSX3_4_2142_21486_30686_1_266_-_77a744a9fc5cc226c193bb7f621a2143,WP_172342779.1,79.268,82,17,0,16,261,284,365,1.03e-38,143,90.24,1,0
A00405_539_HLLNCDSX3_4_2142_21486_30686_1_266_-_77a744a9fc5cc226c193bb7f621a2143,WP_292692298.1,79.268,82,17,0,16,261,284,365,9.54e-38,141,87.80,1,0
A00405_539_HLLNCDSX3_4_2142_21486_30686_1_266_-_77a744a9fc5cc226c193bb7f621a2143,WP_206243729.1,78.049,82,18,0,16,261,284,365,1.47e-37,140,87.80,1,0
A00405_539_HLLNCDSX3_4_2142_21486_30686_1_266_-_77a744a9fc5cc226c193bb7f621a2143,WP_200866857.1,94.203,69,4,0,16,222,284,352,1.52e-37,139,94.20,1,0
A00405_539_HLLNCDSX3_4_2142_21486_30686_1_266_-_77a744a9fc5cc226c193bb7f621a2143,WP_132265459.1,78.049,82,18,0,16,261,284,365,1.74e-36,137,85.37,1,0
A00405_539_HLLNCDSX3_4_2142_21486_30686_1_266_-_77a744a9fc5cc226c193bb7f621a2143,MGE0775551.1,73.418,79,21,0,25,261,284,362,2.01e-32,127,84.81,1,0
A00405_539_HLLNCDSX3_4_2142_21486_30686_1_266_-_77a744a9fc5cc226c193bb7f621a2143,WP_160364599.1,69.512,82,25,0,16,261,284,365,7.55e-32,125,82.93,1,0
A00405_539_HLLNCDSX3_4_2142_21486_30686_1_266_-_77a744a9fc5cc226c193bb7f621a2143,WP_146990337.1,67.073,82,27,0,16,261,285,366,2.55e-30,121,80.49,1,0
A00405_539_HLLNCDSX3_4_2142_21486_30686_1_266_-_77a744a9fc5cc226c193bb7f621a2143,MDE2356682.1,70.513,78,23,0,25,258,287,364,1.50e-29,119,82.05,1,0
A00405_539_HLLNCDSX3_4_2142_21486_30686_1_266_-_77a744a9fc5cc226c193bb7f621a2143,MIB5604824.1,62.195,82,31,0,16,261,284,365,4.40e-29,118,81.71,1,0
A00405_539_HLLNCDSX3_4_2142_21486_30686_1_266_-_77a744a9fc5cc226c193bb7f621a2143,MGE5567046.1,69.620,79,24,0,25,261,282,360,5.26e-29,117,81.01,1,0
A00405_539_HLLNCDSX3_4_2142_21486_30686_1_266_-_77a744a9fc5cc226c193bb7f621a2143,MGA2952892.1,69.231,78,24,0,25,258,281,358,7.32e-29,117,83.33,1,0
A00405_539_HLLNCDSX3_4_2142_21486_30686_1_266_-_77a744a9fc5cc226c193bb7f621a2143,HWE99167.1,71.795,78,22,0,25,258,296,373,7.60e-29,117,82.05,1,0
A00405_539_HLLNCDSX3_4_2142_21486_30686_1_266_-_77a744a9fc5cc226c193bb7f621a2143,MGE0776106.1,65.854,82,28,0,16,261,279,360,9.60e-29,117,84.15,1,0
A00405_539_HLLNCDSX3_4_2142_21486_30686_1_266_-_77a744a9fc5cc226c193bb7f621a2143,HEX6860379.1,68.354,79,25,0,25,261,282,360,2.73e-28,115,79.75,1,0
A00405_539_HLLNCDSX3_4_2142_21486_30686_1_266_-_77a744a9fc5cc226c193bb7f621a2143,HEX7761734.1,70.130,77,23,0,25,255,282,358,8.79e-28,114,81.82,1,0
A00405_539_HLLNCDSX3_4_2142_21486_30686_1_266_-_77a744a9fc5cc226c193bb7f621a2143,HWD66713.1,67.532,77,25,0,25,255,282,358,1.06e-27,114,81.82,1,0
A00405_539_HLLNCDSX3_4_2142_21486_30686_1_266_-_77a744a9fc5cc226c193bb7f621a2143,WP_488902081.1,68.354,79,25,0,25,261,283,361,2.88e-27,113,79.75,1,0
A00405_539_HLLNCDSX3_4_2142_21486_30686_1_266_-_77a744a9fc5cc226c193bb7f621a2143,MGI9169958.1,67.532,77,25,0,25,255,282,358,2.94e-27,113,80.52,1,0
A00405_539_HLLNCDSX3_4_2142_21486_30686_1_266_-_77a744a9fc5cc226c193bb7f621a2143,HYG25578.1,63.291,79,29,0,25,261,24,102,3.03e-27,107,77.22,1,0
A00405_539_HLLNCDSX3_4_2142_21486_30686_1_266_-_77a744a9fc5cc226c193bb7f621a2143,HXV00263.1,65.385,78,27,0,25,258,282,359,3.23e-27,113,78.21,1,0
A00405_539_HLLNCDSX3_4_2142_21486_30686_1_266_-_77a744a9fc5cc226c193bb7f621a2143,MBV8681497.1,67.532,77,25,0,25,255,290,366,3.34e-27,113,80.52,1,0
A00405_539_HLLNCDSX3_4_2142_21486_30686_1_266_-_77a744a9fc5cc226c193bb7f621a2143,WP_423306426.1,68.831,77,24,0,25,255,282,358,5.69e-27,112,80.52,1,0
A00405_539_HLLNCDSX3_4_2142_21486_30686_1_266_-_77a744a9fc5cc226c193bb7f621a2143,HEY5105658.1,66.667,78,26,0,25,258,282,359,8.68e-27,112,80.77,1,0
A00405_539_HLLNCDSX3_4_2142_21486_30686_1_266_-_77a744a9fc5cc226c193bb7f621a2143,HEV2365807.1,67.532,77,25,0,25,255,285,361,9.24e-27,112,81.82,1,0
A00405_539_HLLNCDSX3_4_2142_21486_30686_1_266_-_77a744a9fc5cc226c193bb7f621a2143,HEY1927366.1,68.831,77,24,0,25,255,291,367,9.93e-27,112,76.62,1,0
A00405_539_HLLNCDSX3_4_2142_21486_30686_1_266_-_77a744a9fc5cc226c193bb7f621a2143,MDG2003914.1,68.919,74,23,0,40,261,105,178,1.71e-26,107,81.08,1,0
A00405_539_HLLNCDSX3_4_2142_21486_30686_1_266_-_77a744a9fc5cc226c193bb7f621a2143,WP_036726140.1,64.198,81,29,0,16,258,281,361,1.73e-26,111,75.31,1,0
A00405_539_HLLNCDSX3_4_2142_21486_30686_1_266_-_77a744a9fc5cc226c193bb7f621a2143,MDQ2861618.1,63.636,77,28,0,25,255,284,360,2.06e-26,110,80.52,1,0
A00405_539_HLLNCDSX3_4_2142_21486_30686_1_266_-_77a744a9fc5cc226c193bb7f621a2143,HEX6866626.1,64.557,79,28,0,25,261,281,359,2.15e-26,110,79.75,1,0
A00405_539_HLLNCDSX3_4_2142_21486_30686_1_266_-_77a744a9fc5cc226c193bb7f621a2143,WP_273688270.1,60.976,82,32,0,16,261,284,365,2.36e-26,110,76.83,1,0
A00405_539_HLLNCDSX3_4_2142_21486_30686_1_266_-_77a744a9fc5cc226c193bb7f621a2143,MFN9542661.1,59.756,82,33,0,16,261,166,247,2.95e-26,108,79.27,1,0
A00405_539_HLLNCDSX3_4_2142_21486_30686_1_266_-_77a744a9fc5cc226c193bb7f621a2143,HEY7900553.1,67.532,77,25,0,25,255,282,358,3.31e-26,110,81.82,1,0
A00405_539_HLLNCDSX3_4_2142_21486_30686_1_266_-_77a744a9fc5cc226c193bb7f621a2143,MEA2620368.1,57.831,83,35,0,13,261,284,366,3.41e-26,110,78.31,1,0
A00405_539_HLLNCDSX3_4_2142_21486_30686_1_266_-_77a744a9fc5cc226c193bb7f621a2143,WP_133187565.1,57.317,82,35,0,16,261,284,365,3.59e-26,110,75.61,1,0
A00405_539_HLLNCDSX3_4_2142_21486_30686_1_266_-_77a744a9fc5cc226c193bb7f621a2143,WP_316386359.1,69.444,72,22,0,40,255,168,239,4.46e-26,108,83.33,1,0
A00405_539_HLLNCDSX3_4_2142_21486_30686_1_266_-_77a744a9fc5cc226c193bb7f621a2143,HEY1511207.1,56.627,83,36,0,13,261,284,366,6.78e-26,109,77.11,1,0
A00405_539_HLLNCDSX3_4_2142_21486_30686_1_266_-_77a744a9fc5cc226c193bb7f621a2143,HEV7156981.1,64.935,77,27,0,25,255,278,354,6.95e-26,109,80.52,1,0
A00405_539_HLLNCDSX3_4_2142_21486_30686_1_266_-_77a744a9fc5cc226c193bb7f621a2143,WP_099623874.1,67.568,74,24,0,40,261,281,354,8.90e-26,109,82.43,1,0
A00405_539_HLLNCDSX3_4_2142_21486_30686_1_266_-_77a744a9fc5cc226c193bb7f621a2143,MBX3481082.1,65.823,79,27,0,25,261,277,355,9.66e-26,109,77.22,1,0
A00405_539_HLLNCDSX3_4_2142_21486_30686_1_266_-_77a744a9fc5cc226c193bb7f621a2143,WP_296599039.1,64.865,74,26,0,40,261,41,114,1.08e-25,104,77.03,1,0
A00405_539_HLLNCDSX3_4_2142_21486_30686_1_266_-_77a744a9fc5cc226c193bb7f621a2143,MDU6244691.1,69.444,72,22,0,40,255,245,316,1.12e-25,107,83.33,1,0
A00405_539_HLLNCDSX3_4_2142_21486_30686_1_266_-_77a744a9fc5cc226c193bb7f621a2143,MFN8947117.1,59.756,82,33,0,16,261,278,359,1.29e-25,108,79.27,1,0
A00405_539_HLLNCDSX3_4_2142_21486_30686_1_266_-_77a744a9fc5cc226c193bb7f621a2143,WP_463054341.1,72.727,66,18,0,58,255,1,66,1.42e-25,102,84.85,1,0
A00405_539_HLLNCDSX3_4_2142_21486_30686_1_266_-_77a744a9fc5cc226c193bb7f621a2143,WP_241251447.1,58.537,82,34,0,16,261,282,363,1.58e-25,108,75.61,1,0
A00405_539_HLLNCDSX3_4_2142_21486_30686_1_266_-_77a744a9fc5cc226c193bb7f621a2143,EFC86365.1,58.537,82,34,0,16,261,167,248,1.70e-25,107,71.95,1,0
A00405_539_HLLNCDSX3_4_2142_21486_30686_1_266_-_77a744a9fc5cc226c193bb7f621a2143,RYF95249.1,62.025,79,30,0,25,261,140,218,1.80e-25,106,74.68,1,0
A00405_539_HLLNCDSX3_4_2142_21486_30686_1_266_-_77a744a9fc5cc226c193bb7f621a2143,WP_222425642.1,62.025,79,30,0,25,261,314,392,2.07e-25,108,78.48,1,0
A00405_539_HLLNCDSX3_4_2142_21486_30686_1_266_-_77a744a9fc5cc226c193bb7f621a2143,HEX5776948.1,64.557,79,28,0,25,261,281,359,2.17e-25,108,78.48,1,0
A00405_539_HLLNCDSX3_4_2142_21486_30686_1_266_-_77a744a9fc5cc226c193bb7f621a2143,WP_331502856.1,69.863,73,22,0,43,261,285,357,2.49e-25,108,82.19,1,0
A00405_539_HLLNCDSX3_4_2142_21486_30686_1_266_-_77a744a9fc5cc226c193bb7f621a2143,MES2343182.1,60.811,74,29,0,40,261,9,82,2.65e-25,102,79.73,1,0
A00405_539_HLLNCDSX3_4_2142_21486_30686_1_266_-_77a744a9fc5cc226c193bb7f621a2143,WP_008344922.1,62.025,79,30,0,25,261,286,364,2.77e-25,108,78.48,1,0
A00405_539_HLLNCDSX3_4_2142_21486_30686_1_266_-_77a744a9fc5cc226c193bb7f621a2143,WP_166572960.1,65.823,79,27,0,25,261,281,359,2.81e-25,107,77.22,1,0
A00405_539_HLLNCDSX3_4_2142_21486_30686_1_266_-_77a744a9fc5cc226c193bb7f621a2143,MEY4231039.1,58.537,82,34,0,16,261,262,343,3.00e-25,107,74.39,1,0
A00405_539_HLLNCDSX3_4_2142_21486_30686_1_266_-_77a744a9fc5cc226c193bb7f621a2143,WP_315803880.1,69.444,72,22,0,40,255,292,363,3.26e-25,107,83.33,1,0
A00405_539_HLLNCDSX3_4_2142_21486_30686_1_266_-_77a744a9fc5cc226c193bb7f621a2143,WP_054567682.1,58.537,82,34,0,16,261,259,340,3.39e-25,107,71.95,1,0
A00405_539_HLLNCDSX3_4_2142_21486_30686_1_266_-_77a744a9fc5cc226c193bb7f621a2143,HEY2357955.1,66.216,74,25,0,40,261,142,215,3.55e-25,105,78.38,1,0
A00405_539_HLLNCDSX3_4_2142_21486_30686_1_266_-_77a744a9fc5cc226c193bb7f621a2143,WP_329635202.1,59.756,82,33,0,16,261,14,95,3.59e-25,102,70.73,1,0
A00405_539_HLLNCDSX3_4_2142_21486_30686_1_266_-_77a744a9fc5cc226c193bb7f621a2143,WP_066063873.1,57.317,82,35,0,16,261,257,338,3.87e-25,107,71.95,1,0
A00405_539_HLLNCDSX3_4_2142_21486_30686_1_266_-_77a744a9fc5cc226c193bb7f621a2143,MES2724433.1,60.811,74,29,0,40,261,27,100,4.10e-25,102,78.38,1,0
A00405_539_HLLNCDSX3_4_2142_21486_30686_1_266_-_77a744a9fc5cc226c193bb7f621a2143,WP_231776594.1,58.537,82,34,0,16,261,259,340,4.21e-25,107,73.17,1,0
A00405_539_HLLNCDSX3_4_2142_21486_30686_1_266_-_77a744a9fc5cc226c193bb7f621a2143,WP_271067205.1,64.557,79,28,0,25,261,281,359,5.09e-25,107,75.95,1,0
A00405_539_HLLNCDSX3_4_2142_21486_30686_1_266_-_77a744a9fc5cc226c193bb7f621a2143,MHS4643581.1,65.333,75,26,0,37,261,285,359,5.47e-25,107,80.00,1,0
A00405_539_HLLNCDSX3_4_2142_21486_30686_1_266_-_77a744a9fc5cc226c193bb7f621a2143,MFZ0377598.1,56.250,80,35,0,22,261,115,194,5.78e-25,104,80.00,1,0
A00405_539_HLLNCDSX3_4_2142_21486_30686_1_266_-_77a744a9fc5cc226c193bb7f621a2143,HYE46942.1,63.291,79,29,0,25,261,281,359,6.32e-25,107,75.95,1,0
A00405_539_HLLNCDSX3_4_2142_21486_30686_1_266_-_77a744a9fc5cc226c193bb7f621a2143,HEY5290081.1,64.935,77,27,0,25,255,282,358,6.71e-25,107,77.92,1,0
A00405_539_HLLNCDSX3_4_2142_21486_30686_1_266_-_77a744a9fc5cc226c193bb7f621a2143,MHB8530051.1,61.039,77,30,0,25,255,283,359,6.91e-25,107,79.22,1,0
A00405_539_HLLNCDSX3_4_2142_21486_30686_1_266_-_77a744a9fc5cc226c193bb7f621a2143,MDQ0464898.1,64.935,77,27,0,25,255,285,361,7.57e-25,107,77.92,1,0
A00405_539_HLLNCDSX3_4_2142_21486_30686_1_266_-_77a744a9fc5cc226c193bb7f621a2143,WP_293520583.1,60.811,74,29,0,40,261,50,123,1.03e-24,102,78.38,1,0
A00405_539_HLLNCDSX3_4_2142_21486_30686_1_266_-_77a744a9fc5cc226c193bb7f621a2143,MEQ1511374.1,59.756,82,33,0,16,261,284,365,1.04e-24,106,76.83,1,0
A00405_539_HLLNCDSX3_4_2142_21486_30686_1_266_-_77a744a9fc5cc226c193bb7f621a2143,WP_429354267.1,52.439,82,39,0,16,261,287,368,1.04e-24,106,78.05,1,0
A00405_539_HLLNCDSX3_4_2142_21486_30686_1_266_-_77a744a9fc5cc226c193bb7f621a2143,WP_345394519.1,60.759,79,31,0,25,261,288,366,1.07e-24,106,77.22,1,0
A00405_539_HLLNCDSX3_4_2142_21486_30686_1_266_-_77a744a9fc5cc226c193bb7f621a2143,MBS0331221.1,64.865,74,26,0,40,261,101,174,1.09e-24,103,77.03,1,0
A00405_539_HLLNCDSX3_4_2142_21486_30686_1_266_-_77a744a9fc5cc226c193bb7f621a2143,MDB5480041.1,60.976,82,32,0,16,261,274,355,1.26e-24,106,76.83,1,0
A00405_539_HLLNCDSX3_4_2142_21486_30686_1_266_-_77a744a9fc5cc226c193bb7f621a2143,WP_310540551.1,58.537,82,34,0,16,261,275,356,1.35e-24,106,75.61,1,0
A00405_539_HLLNCDSX3_4_2142_21486_30686_1_266_-_77a744a9fc5cc226c193bb7f621a2143,HWE06218.1,67.568,74,24,0,40,261,287,360,1.42e-24,106,79.73,1,0
A00405_539_HLLNCDSX3_4_2142_21486_30686_1_266_-_77a744a9fc5cc226c193bb7f621a2143,MEO8925879.1,61.039,77,30,0,25,255,282,358,1.55e-24,105,79.22,1,0
A00405_539_HLLNCDSX3_4_2142_21486_30686_1_266_-_77a744a9fc5cc226c193bb7f621a2143,WP_076821902.1,56.098,82,36,0,16,261,256,337,1.67e-24,105,71.95,1,0
A00405_539_HLLNCDSX3_4_2142_21486_30686_1_266_-_77a744a9fc5cc226c193bb7f621a2143,WP_252446215.1,63.514,74,27,0,40,261,293,366,1.67e-24,105,78.38,1,0
A00405_539_HLLNCDSX3_4_2142_21486_30686_1_266_-_77a744a9fc5cc226c193bb7f621a2143,WP_375167200.1,66.667,72,24,0,40,255,207,278,1.70e-24,104,80.56,1,0
A00405_539_HLLNCDSX3_4_2142_21486_30686_1_266_-_77a744a9fc5cc226c193bb7f621a2143,HEY8698972.1,72.059,68,19,0,40,243,284,351,1.80e-24,105,83.82,1,0
A00405_539_HLLNCDSX3_4_2142_21486_30686_1_266_-_77a744a9fc5cc226c193bb7f621a2143,HET9160245.1,55.128,78,35,0,28,261,2,79,1.94e-24,100,76.92,1,0
A00405_539_HLLNCDSX3_4_2142_21486_30686_1_266_-_77a744a9fc5cc226c193bb7f621a2143,WP_224547149.1,56.627,83,36,0,13,261,289,371,1.97e-24,105,74.70,1,0
A00405_539_HLLNCDSX3_4_2142_21486_30686_1_266_-_77a744a9fc5cc226c193bb7f621a2143,WP_355266963.1,53.659,82,38,0,16,261,254,335,1.99e-24,105,78.05,1,0
A00405_539_HLLNCDSX3_4_2142_21486_30686_1_266_-_77a744a9fc5cc226c193bb7f621a2143,MDP9103451.1,64.865,74,26,0,40,261,287,360,2.07e-24,105,81.08,1,0
A00405_539_HLLNCDSX3_4_2142_21486_30686_1_266_-_77a744a9fc5cc226c193bb7f621a2143,MBS1677562.1,55.556,81,36,0,19,261,284,364,2.10e-24,105,76.54,1,0
A00405_539_HLLNCDSX3_4_2142_21486_30686_1_266_-_77a744a9fc5cc226c193bb7f621a2143,WP_007013174.1,61.333,75,29,0,37,261,277,351,2.15e-24,105,81.33,1,0
A00405_539_HLLNCDSX3_4_2142_21486_30686_1_266_-_77a744a9fc5cc226c193bb7f621a2143,MDP1630986.1,62.025,79,30,0,25,261,281,359,2.15e-24,105,77.22,1,0
A00405_539_HLLNCDSX3_4_2142_21486_30686_1_266_-_77a744a9fc5cc226c193bb7f621a2143,MEJ0065545.1,63.291,79,29,0,25,261,268,346,2.55e-24,105,77.22,1,0
A00405_539_HLLNCDSX3_4_2142_21486_30686_1_266_-_77a744a9fc5cc226c193bb7f621a2143,WP_050405443.1,68.056,72,23,0,40,255,288,359,2.56e-24,105,80.56,1,0
A00405_539_HLLNCDSX3_4_2142_21486_30686_1_266_-_77a744a9fc5cc226c193bb7f621a2143,HEY2445190.1,72.059,68,19,0,40,243,287,354,2.79e-24,105,85.29,1,0
A00405_539_HLLNCDSX3_4_2142_21486_30686_1_266_-_77a744a9fc5cc226c193bb7f621a2143,MFX8620527.1,61.111,72,28,0,28,243,16,87,2.83e-24,97.8,80.56,1,0
A00405_539_HLLNCDSX3_4_2142_21486_30686_1_266_-_77a744a9fc5cc226c193bb7f621a2143,WP_076821837.1,53.659,82,38,0,16,261,259,340,2.92e-24,105,73.17,1,0
A00405_539_HLLNCDSX3_4_2134_29966_23202_1_288_+_8eca8314065b3dc0fbb5fe5fed019629,MCW5906775.1,71.429,91,26,0,1,273,331,421,3.94e-41,150,84.62,1,0
A00405_539_HLLNCDSX3_4_2134_29966_23202_1_288_+_8eca8314065b3dc0fbb5fe5fed019629,MCX6199451.1,65.934,91,31,0,1,273,325,415,1.76e-39,146,84.62,1,0
A00405_539_HLLNCDSX3_4_2134_29966_23202_1_288_+_8eca8314065b3dc0fbb5fe5fed019629,MDB5283901.1,66.667,93,31,0,1,279,318,410,3.59e-38,142,82.80,1,0
A00405_539_HLLNCDSX3_4_2134_29966_23202_1_288_+_8eca8314065b3dc0fbb5fe5fed019629,MBP6732044.1,63.736,91,33,0,1,273,325,415,1.15e-37,141,84.62,1,0
A00405_539_HLLNCDSX3_4_2134_29966_23202_1_288_+_8eca8314065b3dc0fbb5fe5fed019629,MES2619779.1,67.033,91,30,0,1,273,329,419,1.95e-37,140,82.42,1,0
A00405_539_HLLNCDSX3_4_2134_29966_23202_1_288_+_8eca8314065b3dc0fbb5fe5fed019629,MBS1611670.1,65.217,92,32,0,1,276,327,418,3.47e-37,140,80.43,1,0
A00405_539_HLLNCDSX3_4_2134_29966_23202_1_288_+_8eca8314065b3dc0fbb5fe5fed019629,HLP52694.1,62.637,91,34,0,1,273,326,416,2.31e-36,138,81.32,1,0
A00405_539_HLLNCDSX3_4_2134_29966_23202_1_288_+_8eca8314065b3dc0fbb5fe5fed019629,MFM2305825.1,62.637,91,34,0,1,273,326,416,2.85e-36,137,83.52,1,0
A00405_539_HLLNCDSX3_4_2134_29966_23202_1_288_+_8eca8314065b3dc0fbb5fe5fed019629,MBS1618337.1,65.217,92,32,0,1,276,329,420,6.69e-36,137,79.35,1,0
A00405_539_HLLNCDSX3_4_2134_29966_23202_1_288_+_8eca8314065b3dc0fbb5fe5fed019629,CAK9250861.1,63.043,92,34,0,1,276,331,422,1.99e-35,135,80.43,1,0
A00405_539_HLLNCDSX3_4_2134_29966_23202_1_288_+_8eca8314065b3dc0fbb5fe5fed019629,HRG90047.1,61.538,91,35,0,1,273,326,416,3.91e-35,134,80.22,1,0
A00405_539_HLLNCDSX3_4_2134_29966_23202_1_288_+_8eca8314065b3dc0fbb5fe5fed019629,MCX6199177.1,62.637,91,34,0,1,273,328,418,5.10e-34,132,80.22,1,0
A00405_539_HLLNCDSX3_4_2134_29966_23202_1_288_+_8eca8314065b3dc0fbb5fe5fed019629,MCW3127231.1,61.957,92,35,0,1,276,329,420,6.46e-34,131,77.17,1,0
A00405_539_HLLNCDSX3_4_2134_29966_23202_1_288_+_8eca8314065b3dc0fbb5fe5fed019629,MDZ4844292.1,66.216,74,25,0,55,276,1,74,2.02e-33,121,89.19,1,0
A00405_539_HLLNCDSX3_4_2134_29966_23202_1_288_+_8eca8314065b3dc0fbb5fe5fed019629,WP_015333980.1,58.511,94,37,2,4,285,334,425,3.35e-30,122,77.66,1,0
A00405_539_HLLNCDSX3_4_2134_29966_23202_1_288_+_8eca8314065b3dc0fbb5fe5fed019629,TNE52521.1,57.303,89,38,0,7,273,341,429,5.18e-29,119,70.79,1,0
A00405_539_HLLNCDSX3_4_2134_29966_23202_1_288_+_8eca8314065b3dc0fbb5fe5fed019629,MHL4593505.1,53.846,91,42,0,1,273,353,443,1.70e-28,117,72.53,1,0
A00405_539_HLLNCDSX3_4_2134_29966_23202_1_288_+_8eca8314065b3dc0fbb5fe5fed019629,MBP8948184.1,50.549,91,45,0,1,273,138,228,6.11e-28,112,74.73,1,0
A00405_539_HLLNCDSX3_4_2134_29966_23202_1_288_+_8eca8314065b3dc0fbb5fe5fed019629,WP_381527046.1,55.682,88,39,0,1,264,336,423,6.71e-28,115,70.45,1,0
A00405_539_HLLNCDSX3_4_2134_29966_23202_1_288_+_8eca8314065b3dc0fbb5fe5fed019629,MHS5096375.1,53.846,91,42,0,1,273,271,361,1.03e-27,114,73.63,1,0
A00405_539_HLLNCDSX3_4_2134_29966_23202_1_288_+_8eca8314065b3dc0fbb5fe5fed019629,MHL5375910.1,50.549,91,45,0,1,273,334,424,1.26e-27,115,73.63,1,0
A00405_539_HLLNCDSX3_4_2134_29966_23202_1_288_+_8eca8314065b3dc0fbb5fe5fed019629,QQS27880.1,56.044,91,40,0,1,273,333,423,2.28e-27,114,71.43,1,0
A00405_539_HLLNCDSX3_4_2134_29966_23202_1_288_+_8eca8314065b3dc0fbb5fe5fed019629,MEZ4662241.1,46.154,91,49,0,1,273,7,97,2.39e-27,107,72.53,1,0
A00405_539_HLLNCDSX3_4_2134_29966_23202_1_288_+_8eca8314065b3dc0fbb5fe5fed019629,MHE4423572.1,53.846,91,42,0,1,273,251,341,2.47e-27,113,69.23,1,0
A00405_539_HLLNCDSX3_4_2134_29966_23202_1_288_+_8eca8314065b3dc0fbb5fe5fed019629,WP_382881438.1,49.425,87,44,0,7,267,2,88,3.28e-27,106,70.11,1,0
A00405_539_HLLNCDSX3_4_2134_29966_23202_1_288_+_8eca8314065b3dc0fbb5fe5fed019629,HEY0096552.1,51.724,87,42,0,1,261,92,178,3.40e-27,109,71.26,1,0
A00405_539_HLLNCDSX3_4_2134_29966_23202_1_288_+_8eca8314065b3dc0fbb5fe5fed019629,MHZ8089550.1,56.180,89,39,0,1,267,337,425,3.68e-27,113,74.16,1,0
A00405_539_HLLNCDSX3_4_2134_29966_23202_1_288_+_8eca8314065b3dc0fbb5fe5fed019629,WP_009284235.1,55.556,81,36,0,19,261,344,424,3.72e-27,113,77.78,1,0
A00405_539_HLLNCDSX3_4_2134_29966_23202_1_288_+_8eca8314065b3dc0fbb5fe5fed019629,WP_207365862.1,56.818,88,38,0,10,273,342,429,3.73e-27,114,70.45,1,0
A00405_539_HLLNCDSX3_4_2134_29966_23202_1_288_+_8eca8314065b3dc0fbb5fe5fed019629,MBC7921858.1,59.036,83,34,0,19,267,344,426,3.86e-27,113,75.90,1,0
A00405_539_HLLNCDSX3_4_2134_29966_23202_1_288_+_8eca8314065b3dc0fbb5fe5fed019629,WP_434386057.1,55.294,85,38,0,7,261,345,429,3.99e-27,114,72.94,1,0
A00405_539_HLLNCDSX3_4_2134_29966_23202_1_288_+_8eca8314065b3dc0fbb5fe5fed019629,HIR5482275.1,54.023,87,40,0,19,279,350,436,4.17e-27,113,73.56,1,0
A00405_539_HLLNCDSX3_4_2134_29966_23202_1_288_+_8eca8314065b3dc0fbb5fe5fed019629,WP_331095829.1,52.874,87,41,0,7,267,339,425,4.60e-27,113,72.41,1,0
A00405_539_HLLNCDSX3_4_2134_29966_23202_1_288_+_8eca8314065b3dc0fbb5fe5fed019629,MBC7572570.1,56.977,86,37,0,10,267,350,435,4.76e-27,113,72.09,1,0
A00405_539_HLLNCDSX3_4_2134_29966_23202_1_288_+_8eca8314065b3dc0fbb5fe5fed019629,MII3217025.1,54.118,85,39,0,7,261,343,427,5.18e-27,113,72.94,1,0
A00405_539_HLLNCDSX3_4_2134_29966_23202_1_288_+_8eca8314065b3dc0fbb5fe5fed019629,MHE8216676.1,51.087,92,45,0,1,276,158,249,5.25e-27,110,70.65,1,0
A00405_539_HLLNCDSX3_4_2134_29966_23202_1_288_+_8eca8314065b3dc0fbb5fe5fed019629,MBK6579289.1,52.747,91,43,0,1,273,363,453,5.56e-27,113,75.82,1,0
A00405_539_HLLNCDSX3_4_2134_29966_23202_1_288_+_8eca8314065b3dc0fbb5fe5fed019629,MDE0726904.1,48.352,91,47,0,1,273,346,436,5.75e-27,113,73.63,1,0
A00405_539_HLLNCDSX3_4_2134_29966_23202_1_288_+_8eca8314065b3dc0fbb5fe5fed019629,MFO7537831.1,56.044,91,40,0,1,273,339,429,7.37e-27,113,71.43,1,0
A00405_539_HLLNCDSX3_4_2134_29966_23202_1_288_+_8eca8314065b3dc0fbb5fe5fed019629,HEX8349452.1,52.747,91,43,0,1,273,165,255,7.53e-27,110,67.03,1,0
A00405_539_HLLNCDSX3_4_2134_29966_23202_1_288_+_8eca8314065b3dc0fbb5fe5fed019629,MCH8318378.1,52.747,91,43,0,1,273,335,425,7.94e-27,112,71.43,1,0
A00405_539_HLLNCDSX3_4_2134_29966_23202_1_288_+_8eca8314065b3dc0fbb5fe5fed019629,WP_395837315.1,56.471,85,37,0,7,261,341,425,8.62e-27,112,70.59,1,0
A00405_539_HLLNCDSX3_4_2134_29966_23202_1_288_+_8eca8314065b3dc0fbb5fe5fed019629,MCA9532827.1,52.747,91,43,0,1,273,365,455,1.01e-26,112,74.73,1,0
A00405_539_HLLNCDSX3_4_2134_29966_23202_1_288_+_8eca8314065b3dc0fbb5fe5fed019629,GAB4111359.1,52.273,88,42,0,10,273,342,429,1.08e-26,112,73.86,1,0
A00405_539_HLLNCDSX3_4_2134_29966_23202_1_288_+_8eca8314065b3dc0fbb5fe5fed019629,MEI2610557.1,55.056,89,40,0,7,273,335,423,1.11e-26,112,71.91,1,0
A00405_539_HLLNCDSX3_4_2134_29966_23202_1_288_+_8eca8314065b3dc0fbb5fe5fed019629,WP_283369985.1,52.874,87,41,0,7,267,342,428,1.17e-26,112,72.41,1,0
A00405_539_HLLNCDSX3_4_2134_29966_23202_1_288_+_8eca8314065b3dc0fbb5fe5fed019629,HEX9955719.1,52.747,91,43,0,1,273,337,427,1.18e-26,112,67.03,1,0
A00405_539_HLLNCDSX3_4_2134_29966_23202_1_288_+_8eca8314065b3dc0fbb5fe5fed019629,WP_095161452.1,52.874,87,41,0,7,267,342,428,1.22e-26,112,71.26,1,0
A00405_539_HLLNCDSX3_4_2134_29966_23202_1_288_+_8eca8314065b3dc0fbb5fe5fed019629,WP_166691075.1,54.545,88,40,0,10,273,336,423,1.55e-26,112,68.18,1,0
A00405_539_HLLNCDSX3_4_2134_29966_23202_1_288_+_8eca8314065b3dc0fbb5fe5fed019629,WP_119665796.1,54.321,81,37,0,19,261,344,424,1.56e-26,112,75.31,1,0
A00405_539_HLLNCDSX3_4_2134_29966_23202_1_288_+_8eca8314065b3dc0fbb5fe5fed019629,PCH84980.1,50.000,90,44,1,4,273,335,423,1.58e-26,112,81.11,1,0
A00405_539_HLLNCDSX3_4_2134_29966_23202_1_288_+_8eca8314065b3dc0fbb5fe5fed019629,PCH96243.1,52.222,90,42,1,4,273,4,92,1.77e-26,104,66.67,1,0
A00405_539_HLLNCDSX3_4_2134_29966_23202_1_288_+_8eca8314065b3dc0fbb5fe5fed019629,WP_207330679.1,53.846,91,42,0,1,273,340,430,1.79e-26,112,67.03,1,0
A00405_539_HLLNCDSX3_4_2134_29966_23202_1_288_+_8eca8314065b3dc0fbb5fe5fed019629,MFN0167030.1,53.571,84,39,0,10,261,342,425,1.93e-26,111,76.19,1,0
A00405_539_HLLNCDSX3_4_2134_29966_23202_1_288_+_8eca8314065b3dc0fbb5fe5fed019629,HIA12895.1,52.273,88,42,0,10,273,344,431,1.97e-26,111,70.45,1,0
A00405_539_HLLNCDSX3_4_2134_29966_23202_1_288_+_8eca8314065b3dc0fbb5fe5fed019629,WP_108065788.1,54.118,85,39,0,7,261,340,424,1.99e-26,112,71.76,1,0
A00405_539_HLLNCDSX3_4_2134_29966_23202_1_288_+_8eca8314065b3dc0fbb5fe5fed019629,MBZ0287575.1,55.056,89,40,0,7,273,173,261,2.12e-26,109,73.03,1,0
A00405_539_HLLNCDSX3_4_2134_29966_23202_1_288_+_8eca8314065b3dc0fbb5fe5fed019629,UOU03280.1,54.651,86,39,0,7,264,386,471,2.33e-26,112,70.93,1,0
A00405_539_HLLNCDSX3_4_2134_29966_23202_1_288_+_8eca8314065b3dc0fbb5fe5fed019629,WP_207335197.1,54.545,88,40,0,10,273,336,423,2.38e-26,111,70.45,1,0
A00405_539_HLLNCDSX3_4_2134_29966_23202_1_288_+_8eca8314065b3dc0fbb5fe5fed019629,MEZ0486177.1,54.945,91,41,0,1,273,333,423,2.50e-26,111,67.03,1,0
A00405_539_HLLNCDSX3_4_2134_29966_23202_1_288_+_8eca8314065b3dc0fbb5fe5fed019629,HZW02487.1,48.387,93,48,0,1,279,337,429,2.71e-26,111,72.04,1,0
A00405_539_HLLNCDSX3_4_2134_29966_23202_1_288_+_8eca8314065b3dc0fbb5fe5fed019629,MII3622974.1,54.118,85,39,0,7,261,340,424,2.84e-26,111,71.76,1,0
A00405_539_HLLNCDSX3_4_2134_29966_23202_1_288_+_8eca8314065b3dc0fbb5fe5fed019629,MCB0111885.1,51.111,90,44,0,1,270,40,129,3.01e-26,105,70.00,1,0
A00405_539_HLLNCDSX3_4_2134_29966_23202_1_288_+_8eca8314065b3dc0fbb5fe5fed019629,HLV97486.1,51.136,88,43,0,10,273,347,434,3.08e-26,111,69.32,1,0
A00405_539_HLLNCDSX3_4_2134_29966_23202_1_288_+_8eca8314065b3dc0fbb5fe5fed019629,MHS6501291.1,52.273,88,42,0,10,273,329,416,3.21e-26,111,73.86,1,0
A00405_539_HLLNCDSX3_4_2134_29966_23202_1_288_+_8eca8314065b3dc0fbb5fe5fed019629,WP_095978919.1,52.941,85,40,0,7,261,344,428,3.42e-26,111,72.94,1,0
A00405_539_HLLNCDSX3_4_2134_29966_23202_1_288_+_8eca8314065b3dc0fbb5fe5fed019629,MHK3731928.1,52.747,91,43,0,1,273,335,425,3.91e-26,110,69.23,1,0
A00405_539_HLLNCDSX3_4_2134_29966_23202_1_288_+_8eca8314065b3dc0fbb5fe5fed019629,WP_299745257.1,49.451,91,46,0,1,273,324,414,3.92e-26,110,73.63,1,0
A00405_539_HLLNCDSX3_4_2134_29966_23202_1_288_+_8eca8314065b3dc0fbb5fe5fed019629,MIJ5454984.1,48.864,88,45,0,10,273,160,247,3.98e-26,108,72.73,1,0
A00405_539_HLLNCDSX3_4_2134_29966_23202_1_288_+_8eca8314065b3dc0fbb5fe5fed019629,MCO5186048.1,52.273,88,42,0,10,273,337,424,4.53e-26,110,69.32,1,0
A00405_539_HLLNCDSX3_4_2134_29966_23202_1_288_+_8eca8314065b3dc0fbb5fe5fed019629,WP_501315893.1,52.941,85,40,0,7,261,344,428,4.55e-26,110,71.76,1,0
A00405_539_HLLNCDSX3_4_2134_29966_23202_1_288_+_8eca8314065b3dc0fbb5fe5fed019629,WP_421820673.1,52.874,87,41,0,7,267,342,428,4.59e-26,110,71.26,1,0
A00405_539_HLLNCDSX3_4_2134_29966_23202_1_288_+_8eca8314065b3dc0fbb5fe5fed019629,MIJ1958240.1,52.874,87,41,0,1,261,340,426,4.96e-26,110,72.41,1,0
A00405_539_HLLNCDSX3_4_2134_29966_23202_1_288_+_8eca8314065b3dc0fbb5fe5fed019629,WP_386971391.1,50.562,89,44,0,7,273,346,434,5.47e-26,110,73.03,1,0
A00405_539_HLLNCDSX3_4_2134_29966_23202_1_288_+_8eca8314065b3dc0fbb5fe5fed019629,MBO6936276.1,52.809,89,42,0,7,273,385,473,5.60e-26,110,66.29,1,0
A00405_539_HLLNCDSX3_4_2134_29966_23202_1_288_+_8eca8314065b3dc0fbb5fe5fed019629,HJR07486.1,53.409,88,41,0,10,273,343,430,5.83e-26,110,68.18,1,0
A00405_539_HLLNCDSX3_4_2134_29966_23202_1_288_+_8eca8314065b3dc0fbb5fe5fed019629,WP_142771507.1,55.294,85,37,1,19,270,342,426,6.34e-26,110,72.94,1,0
A00405_539_HLLNCDSX3_4_2134_29966_23202_1_288_+_8eca8314065b3dc0fbb5fe5fed019629,HEX8537923.1,50.575,87,43,0,1,261,141,227,6.53e-26,107,70.11,1,0
A00405_539_HLLNCDSX3_4_2134_29966_23202_1_288_+_8eca8314065b3dc0fbb5fe5fed019629,MDJ0756250.1,54.545,88,40,0,10,273,336,423,6.55e-26,110,75.00,1,0
A00405_539_HLLNCDSX3_4_2134_29966_23202_1_288_+_8eca8314065b3dc0fbb5fe5fed019629,MEM7658400.1,54.023,87,40,0,1,261,330,416,6.67e-26,110,71.26,1,0
A00405_539_HLLNCDSX3_4_2134_29966_23202_1_288_+_8eca8314065b3dc0fbb5fe5fed019629,UOU03281.1,55.814,86,38,0,7,264,384,469,6.78e-26,110,70.93,1,0
A00405_539_HLLNCDSX3_4_2134_29966_23202_1_288_+_8eca8314065b3dc0fbb5fe5fed019629,MHL5230304.1,58.974,78,32,0,34,267,356,433,6.86e-26,110,75.64,1,0
A00405_539_HLLNCDSX3_4_2134_29966_23202_1_288_+_8eca8314065b3dc0fbb5fe5fed019629,MEZ0539582.1,52.747,91,43,0,1,273,335,425,6.93e-26,110,68.13,1,0
A00405_539_HLLNCDSX3_4_2134_29966_23202_1_288_+_8eca8314065b3dc0fbb5fe5fed019629,HMR04944.1,50.549,91,45,0,1,273,67,157,7.20e-26,105,71.43,1,0
A00405_539_HLLNCDSX3_4_2134_29966_23202_1_288_+_8eca8314065b3dc0fbb5fe5fed019629,MHF9058617.1,51.087,92,45,0,1,276,339,430,7.22e-26,110,70.65,1,0
A00405_539_HLLNCDSX3_4_2134_29966_23202_1_288_+_8eca8314065b3dc0fbb5fe5fed019629,WP_424360453.1,51.064,94,45,1,1,279,335,428,7.23e-26,110,72.34,1,0
A00405_539_HLLNCDSX3_4_2134_29966_23202_1_288_+_8eca8314065b3dc0fbb5fe5fed019629,MBL4657972.1,47.727,88,46,0,10,273,340,427,7.27e-26,110,75.00,1,0
A00405_539_HLLNCDSX3_4_2134_29966_23202_1_288_+_8eca8314065b3dc0fbb5fe5fed019629,HRI27975.1,53.846,91,42,0,1,273,335,425,7.54e-26,110,70.33,1,0
A00405_539_HLLNCDSX3_4_2134_29966_23202_1_288_+_8eca8314065b3dc0fbb5fe5fed019629,MEJ7625168.1,51.136,88,43,0,10,273,330,417,7.85e-26,110,70.45,1,0
A00405_539_HLLNCDSX3_4_2134_29966_23202_1_288_+_8eca8314065b3dc0fbb5fe5fed019629,MEY3444038.1,53.933,89,40,1,1,264,105,193,7.91e-26,105,71.91,1,0
A00405_539_HLLNCDSX3_4_2134_29966_23202_1_288_+_8eca8314065b3dc0fbb5fe5fed019629,MGB5284462.1,51.685,89,43,0,7,273,274,362,8.46e-26,109,69.66,1,0
A00405_539_HLLNCDSX3_4_2134_29966_23202_1_288_+_8eca8314065b3dc0fbb5fe5fed019629,WP_461149936.1,55.556,90,39,1,1,267,336,425,8.94e-26,110,68.89,1,0
A00405_539_HLLNCDSX3_4_2134_29966_23202_1_288_+_8eca8314065b3dc0fbb5fe5fed019629,HXX78706.1,50.000,90,44,1,4,273,7,95,9.58e-26,102,66.67,1,0
A00405_539_HLLNCDSX3_4_2134_29966_23202_1_288_+_8eca8314065b3dc0fbb5fe5fed019629,MBP9112804.1,53.846,91,42,0,1,273,139,229,9.63e-26,106,67.03,1,0
A00405_539_HLLNCDSX3_4_2134_29966_23202_1_288_+_8eca8314065b3dc0fbb5fe5fed019629,HJL48164.1,51.685,89,43,0,7,273,326,414,1.01e-25,109,69.66,1,0
A00405_539_HLLNCDSX3_4_2134_29966_23202_1_288_+_8eca8314065b3dc0fbb5fe5fed019629,MEZ4519512.1,48.352,91,47,0,1,273,336,426,1.06e-25,109,71.43,1,0
A00405_539_HLLNCDSX3_4_2134_29966_23202_1_288_+_8eca8314065b3dc0fbb5fe5fed019629,MFO0694058.1,53.933,89,40,1,7,273,345,432,1.13e-25,109,73.03,1,0
A00405_539_HLLNCDSX3_4_2134_29966_23202_1_288_+_8eca8314065b3dc0fbb5fe5fed019629,MHZ9767020.1,51.163,86,41,1,4,261,332,416,1.13e-25,109,73.26,1,0
A00405_539_HLLNCDSX3_4_2134_29966_23202_1_288_+_8eca8314065b3dc0fbb5fe5fed019629,MII3782149.1,51.765,85,41,0,7,261,340,424,1.16e-25,109,72.94,1,0
A00405_539_HLLNCDSX3_4_2134_29966_23202_1_288_+_8eca8314065b3dc0fbb5fe5fed019629,HEX9116065.1,51.765,85,41,0,19,273,151,235,1.35e-25,106,74.12,1,0
A00405_539_HLLNCDSX3_4_2108_20952_22122_1_292_+_981ebd79aebe6e1123d76ddb6bd4d3cf,WP_422060752.1,97.938,97,2,0,1,291,176,272,1.57e-58,194,98.97,1,0
A00405_539_HLLNCDSX3_4_2108_20952_22122_1_292_+_981ebd79aebe6e1123d76ddb6bd4d3cf,MHL4154267.1,50.000,96,48,0,4,291,182,277,6.45e-24,103,68.75,1,0
A00405_539_HLLNCDSX3_4_2108_20952_22122_1_292_+_981ebd79aebe6e1123d76ddb6bd4d3cf,WP_198058446.1,52.041,98,45,2,1,288,180,277,2.09e-23,103,70.41,1,0
A00405_539_HLLNCDSX3_4_2108_20952_22122_1_292_+_981ebd79aebe6e1123d76ddb6bd4d3cf,MHL4586217.1,49.485,97,49,0,1,291,181,277,3.32e-23,102,68.04,1,0
A00405_539_HLLNCDSX3_4_2108_20952_22122_1_292_+_981ebd79aebe6e1123d76ddb6bd4d3cf,MFN0219698.1,52.688,93,44,0,13,291,182,274,3.88e-23,102,72.04,1,0
A00405_539_HLLNCDSX3_4_2108_20952_22122_1_292_+_981ebd79aebe6e1123d76ddb6bd4d3cf,MAQ45978.1,50.515,97,46,2,4,288,178,274,6.22e-23,101,73.20,1,0
A00405_539_HLLNCDSX3_4_2108_20952_22122_1_292_+_981ebd79aebe6e1123d76ddb6bd4d3cf,WP_067746744.1,54.639,97,42,2,1,285,174,270,1.10e-22,101,73.20,1,0
A00405_539_HLLNCDSX3_4_2108_20952_22122_1_292_+_981ebd79aebe6e1123d76ddb6bd4d3cf,MGE0240124.1,50.515,97,47,1,1,288,175,271,5.13e-22,99.4,72.16,1,0
A00405_539_HLLNCDSX3_4_2108_20952_22122_1_292_+_981ebd79aebe6e1123d76ddb6bd4d3cf,WP_043318654.1,51.020,98,46,2,1,288,180,277,6.52e-22,99.0,68.37,1,0
A00405_539_HLLNCDSX3_4_2108_20952_22122_1_292_+_981ebd79aebe6e1123d76ddb6bd4d3cf,WP_245729527.1,46.875,96,51,0,1,288,192,287,1.96e-21,97.8,67.71,1,0
A00405_539_HLLNCDSX3_4_2108_20952_22122_1_292_+_981ebd79aebe6e1123d76ddb6bd4d3cf,WP_183266091.1,49.474,95,48,0,1,285,176,270,2.04e-21,97.8,67.37,1,0
A00405_539_HLLNCDSX3_4_2108_20952_22122_1_292_+_981ebd79aebe6e1123d76ddb6bd4d3cf,WP_084312493.1,50.515,97,46,2,1,288,180,275,2.07e-21,97.8,69.07,1,0
A00405_539_HLLNCDSX3_4_2108_20952_22122_1_292_+_981ebd79aebe6e1123d76ddb6bd4d3cf,WP_230190024.1,52.041,98,43,3,1,285,180,276,2.38e-21,97.4,70.41,1,0
A00405_539_HLLNCDSX3_4_2108_20952_22122_1_292_+_981ebd79aebe6e1123d76ddb6bd4d3cf,WP_334174531.1,50.000,98,47,2,1,288,179,276,2.79e-21,97.4,67.35,1,0
A00405_539_HLLNCDSX3_4_2108_20952_22122_1_292_+_981ebd79aebe6e1123d76ddb6bd4d3cf,WP_237345396.1,50.000,98,47,2,1,288,180,277,4.03e-21,97.1,71.43,1,0
A00405_539_HLLNCDSX3_4_2108_20952_22122_1_292_+_981ebd79aebe6e1123d76ddb6bd4d3cf,WP_317307622.1,47.959,98,49,2,1,288,180,277,4.26e-21,97.1,69.39,1,0
A00405_539_HLLNCDSX3_4_2108_20952_22122_1_292_+_981ebd79aebe6e1123d76ddb6bd4d3cf,WP_374439203.1,47.959,98,49,2,1,288,180,277,6.54e-21,96.3,67.35,1,0
A00405_539_HLLNCDSX3_4_2108_20952_22122_1_292_+_981ebd79aebe6e1123d76ddb6bd4d3cf,WP_349361114.1,52.041,98,45,2,1,288,177,274,7.92e-21,96.3,68.37,1,0
A00405_539_HLLNCDSX3_4_2108_20952_22122_1_292_+_981ebd79aebe6e1123d76ddb6bd4d3cf,WP_321142909.1,45.918,98,51,2,1,288,194,291,1.26e-20,95.9,70.41,1,0
A00405_539_HLLNCDSX3_4_2108_20952_22122_1_292_+_981ebd79aebe6e1123d76ddb6bd4d3cf,MEL6264980.1,51.087,92,45,0,13,288,181,272,1.29e-20,95.5,68.48,1,0
A00405_539_HLLNCDSX3_4_2108_20952_22122_1_292_+_981ebd79aebe6e1123d76ddb6bd4d3cf,WP_227421819.1,44.792,96,53,0,1,288,179,274,1.37e-20,95.5,67.71,1,0
A00405_539_HLLNCDSX3_4_2108_20952_22122_1_292_+_981ebd79aebe6e1123d76ddb6bd4d3cf,MGE3773365.1,50.526,95,47,0,1,285,186,280,2.22e-20,95.1,66.32,1,0
A00405_539_HLLNCDSX3_4_2108_20952_22122_1_292_+_981ebd79aebe6e1123d76ddb6bd4d3cf,MEM6385194.1,47.872,94,49,0,1,282,181,274,3.83e-20,94.4,64.89,1,0
A00405_539_HLLNCDSX3_4_2108_20952_22122_1_292_+_981ebd79aebe6e1123d76ddb6bd4d3cf,WP_090347707.1,45.918,98,51,2,1,288,180,277,3.98e-20,94.4,68.37,1,0
A00405_539_HLLNCDSX3_4_2108_20952_22122_1_292_+_981ebd79aebe6e1123d76ddb6bd4d3cf,TVQ55788.1,49.485,97,48,1,1,291,176,271,4.15e-20,94.0,65.98,1,0
A00405_539_HLLNCDSX3_4_2108_20952_22122_1_292_+_981ebd79aebe6e1123d76ddb6bd4d3cf,HET9573936.1,46.939,98,51,1,1,291,177,274,5.04e-20,94.0,69.39,1,0
A00405_539_HLLNCDSX3_4_2108_20952_22122_1_292_+_981ebd79aebe6e1123d76ddb6bd4d3cf,WP_284259847.1,47.368,95,50,0,1,285,178,272,5.14e-20,94.0,65.26,1,0
A00405_539_HLLNCDSX3_4_2108_20952_22122_1_292_+_981ebd79aebe6e1123d76ddb6bd4d3cf,MCE3267530.1,48.421,95,49,0,7,291,178,272,5.65e-20,94.0,65.26,1,0
A00405_539_HLLNCDSX3_4_2108_20952_22122_1_292_+_981ebd79aebe6e1123d76ddb6bd4d3cf,MCR9140189.1,44.211,95,53,0,7,291,179,273,5.82e-20,94.0,65.26,1,0
A00405_539_HLLNCDSX3_4_2108_20952_22122_1_292_+_981ebd79aebe6e1123d76ddb6bd4d3cf,WP_246831487.1,45.833,96,52,0,1,288,10,105,5.99e-20,91.3,61.46,1,0
A00405_539_HLLNCDSX3_4_2108_20952_22122_1_292_+_981ebd79aebe6e1123d76ddb6bd4d3cf,WP_193176299.1,47.423,97,49,2,4,288,177,273,6.35e-20,93.6,68.04,1,0
A00405_539_HLLNCDSX3_4_2108_20952_22122_1_292_+_981ebd79aebe6e1123d76ddb6bd4d3cf,WP_364671627.1,49.462,93,46,1,1,276,176,268,7.45e-20,93.6,67.74,1,0
A00405_539_HLLNCDSX3_4_2108_20952_22122_1_292_+_981ebd79aebe6e1123d76ddb6bd4d3cf,MGD9861602.1,44.792,96,53,0,1,288,180,275,7.76e-20,93.6,65.62,1,0
A00405_539_HLLNCDSX3_4_2108_20952_22122_1_292_+_981ebd79aebe6e1123d76ddb6bd4d3cf,WP_263723328.1,45.833,96,52,0,1,288,179,274,8.94e-20,93.2,64.58,1,0
A00405_539_HLLNCDSX3_4_2108_20952_22122_1_292_+_981ebd79aebe6e1123d76ddb6bd4d3cf,WP_196167527.1,44.898,98,52,2,1,288,179,276,9.84e-20,93.2,68.37,1,0
A00405_539_HLLNCDSX3_4_2108_20952_22122_1_292_+_981ebd79aebe6e1123d76ddb6bd4d3cf,MEN9728540.1,47.423,97,51,0,1,291,174,270,9.90e-20,93.2,64.95,1,0
A00405_539_HLLNCDSX3_4_2108_20952_22122_1_292_+_981ebd79aebe6e1123d76ddb6bd4d3cf,WP_273072518.1,45.833,96,52,0,1,288,54,149,1.19e-19,91.3,61.46,1,0
A00405_539_HLLNCDSX3_4_2108_20952_22122_1_292_+_981ebd79aebe6e1123d76ddb6bd4d3cf,MEL6575589.1,47.872,94,49,0,4,285,178,271,1.21e-19,92.8,64.89,1,0
A00405_539_HLLNCDSX3_4_2108_20952_22122_1_292_+_981ebd79aebe6e1123d76ddb6bd4d3cf,WP_459983166.1,44.681,94,52,0,1,282,182,275,1.41e-19,92.8,70.21,1,0
A00405_539_HLLNCDSX3_4_2108_20952_22122_1_292_+_981ebd79aebe6e1123d76ddb6bd4d3cf,MEM6678758.1,47.872,94,49,0,4,285,178,271,1.44e-19,92.8,64.89,1,0
A00405_539_HLLNCDSX3_4_2108_20952_22122_1_292_+_981ebd79aebe6e1123d76ddb6bd4d3cf,WP_355900851.1,47.872,94,49,0,1,282,178,271,1.49e-19,92.8,64.89,1,0
A00405_539_HLLNCDSX3_4_2108_20952_22122_1_292_+_981ebd79aebe6e1123d76ddb6bd4d3cf,MEO0819534.1,48.936,94,48,0,4,285,177,270,1.98e-19,92.4,63.83,1,0
A00405_539_HLLNCDSX3_4_2108_20952_22122_1_292_+_981ebd79aebe6e1123d76ddb6bd4d3cf,WP_171461075.1,43.878,98,54,1,1,291,177,274,2.35e-19,92.0,62.24,1,0
A00405_539_HLLNCDSX3_4_2108_20952_22122_1_292_+_981ebd79aebe6e1123d76ddb6bd4d3cf,HEX9880982.1,48.421,95,49,0,1,285,176,270,2.45e-19,92.0,67.37,1,0
A00405_539_HLLNCDSX3_4_2108_20952_22122_1_292_+_981ebd79aebe6e1123d76ddb6bd4d3cf,MGQ0457791.1,48.913,92,47,0,16,291,182,273,2.61e-19,92.0,68.48,1,0
A00405_539_HLLNCDSX3_4_2108_20952_22122_1_292_+_981ebd79aebe6e1123d76ddb6bd4d3cf,MGA7457653.1,44.898,98,53,1,1,291,177,274,2.98e-19,91.7,68.37,1,0
A00405_539_HLLNCDSX3_4_2108_20952_22122_1_292_+_981ebd79aebe6e1123d76ddb6bd4d3cf,NCQ23557.1,44.792,96,53,0,1,288,179,274,3.03e-19,91.7,64.58,1,0
A00405_539_HLLNCDSX3_4_2108_20952_22122_1_292_+_981ebd79aebe6e1123d76ddb6bd4d3cf,MHY3127384.1,45.833,96,52,0,4,291,178,273,3.37e-19,91.7,66.67,1,0
A00405_539_HLLNCDSX3_4_2108_20952_22122_1_292_+_981ebd79aebe6e1123d76ddb6bd4d3cf,WP_058068923.1,45.918,98,51,2,1,288,177,274,3.49e-19,91.7,66.33,1,0
A00405_539_HLLNCDSX3_4_2108_20952_22122_1_292_+_981ebd79aebe6e1123d76ddb6bd4d3cf,ELS27914.1,44.898,98,52,2,1,288,128,225,3.78e-19,90.9,66.33,1,0
A00405_539_HLLNCDSX3_4_2108_20952_22122_1_292_+_981ebd79aebe6e1123d76ddb6bd4d3cf,WP_147179478.1,45.918,98,51,2,1,288,181,278,3.99e-19,92.0,68.37,1,0
A00405_539_HLLNCDSX3_4_2108_20952_22122_1_292_+_981ebd79aebe6e1123d76ddb6bd4d3cf,WP_477193535.1,48.958,96,47,2,7,288,182,277,4.10e-19,91.7,67.71,1,0
A00405_539_HLLNCDSX3_4_2108_20952_22122_1_292_+_981ebd79aebe6e1123d76ddb6bd4d3cf,WP_258092088.1,44.792,96,53,0,1,288,181,276,4.21e-19,91.3,64.58,1,0
A00405_539_HLLNCDSX3_4_2108_20952_22122_1_292_+_981ebd79aebe6e1123d76ddb6bd4d3cf,HWU63942.1,48.980,98,48,2,1,288,176,273,4.27e-19,92.0,68.37,1,0
A00405_539_HLLNCDSX3_4_2108_20952_22122_1_292_+_981ebd79aebe6e1123d76ddb6bd4d3cf,MBC6441636.1,49.451,91,46,0,10,282,183,273,4.58e-19,91.3,65.93,1,0
A00405_539_HLLNCDSX3_4_2108_20952_22122_1_292_+_981ebd79aebe6e1123d76ddb6bd4d3cf,MGB6441288.1,45.361,97,52,1,4,291,58,154,4.72e-19,89.7,68.04,1,0
A00405_539_HLLNCDSX3_4_2108_20952_22122_1_292_+_981ebd79aebe6e1123d76ddb6bd4d3cf,WP_036993668.1,44.898,98,52,2,1,288,180,277,4.87e-19,91.3,66.33,1,0
A00405_539_HLLNCDSX3_4_2108_20952_22122_1_292_+_981ebd79aebe6e1123d76ddb6bd4d3cf,WP_503599995.1,47.872,94,49,0,1,282,181,274,5.92e-19,90.9,64.89,1,0
A00405_539_HLLNCDSX3_4_2108_20952_22122_1_292_+_981ebd79aebe6e1123d76ddb6bd4d3cf,WP_379088069.1,44.898,98,53,1,1,291,178,275,6.39e-19,90.9,67.35,1,0
A00405_539_HLLNCDSX3_4_2108_20952_22122_1_292_+_981ebd79aebe6e1123d76ddb6bd4d3cf,MBM3668106.1,47.423,97,51,0,1,291,176,272,6.46e-19,90.9,62.89,1,0
A00405_539_HLLNCDSX3_4_2108_20952_22122_1_292_+_981ebd79aebe6e1123d76ddb6bd4d3cf,MCJ7599673.1,44.211,95,53,0,1,285,181,275,8.07e-19,90.5,67.37,1,0
A00405_539_HLLNCDSX3_4_2108_20952_22122_1_292_+_981ebd79aebe6e1123d76ddb6bd4d3cf,WP_247093641.1,48.454,97,49,1,1,291,174,269,1.22e-18,90.1,60.82,1,0
A00405_539_HLLNCDSX3_4_2108_20952_22122_1_292_+_981ebd79aebe6e1123d76ddb6bd4d3cf,WP_097279306.1,41.667,96,56,0,1,288,177,272,1.23e-18,90.1,64.58,1,0
A00405_539_HLLNCDSX3_4_2108_20952_22122_1_292_+_981ebd79aebe6e1123d76ddb6bd4d3cf,MHI0360896.1,45.745,94,51,0,4,285,177,270,1.26e-18,90.1,60.64,1,0
A00405_539_HLLNCDSX3_4_2108_20952_22122_1_292_+_981ebd79aebe6e1123d76ddb6bd4d3cf,MHN9361118.1,40.625,96,57,0,1,288,11,106,1.33e-18,87.8,62.50,1,0
A00405_539_HLLNCDSX3_4_2108_20952_22122_1_292_+_981ebd79aebe6e1123d76ddb6bd4d3cf,CAI8170095.1,44.211,95,53,0,1,285,181,275,1.35e-18,90.1,64.21,1,0
A00405_539_HLLNCDSX3_4_2108_20952_22122_1_292_+_981ebd79aebe6e1123d76ddb6bd4d3cf,WP_119701887.1,45.918,98,51,2,1,288,180,277,1.41e-18,90.1,66.33,1,0
A00405_539_HLLNCDSX3_4_2108_20952_22122_1_292_+_981ebd79aebe6e1123d76ddb6bd4d3cf,MGC1344732.1,45.361,97,52,1,4,291,178,274,1.46e-18,90.1,68.04,1,0
A00405_539_HLLNCDSX3_4_2108_20952_22122_1_292_+_981ebd79aebe6e1123d76ddb6bd4d3cf,WP_476294570.1,45.918,98,51,2,1,288,180,277,1.52e-18,90.1,67.35,1,0
A00405_539_HLLNCDSX3_4_2108_20952_22122_1_292_+_981ebd79aebe6e1123d76ddb6bd4d3cf,WP_200185577.1,46.392,97,51,1,1,288,177,273,1.53e-18,89.7,69.07,1,0
A00405_539_HLLNCDSX3_4_2108_20952_22122_1_292_+_981ebd79aebe6e1123d76ddb6bd4d3cf,MGI9463137.1,45.263,95,52,0,4,288,177,271,1.60e-18,89.7,64.21,1,0
A00405_539_HLLNCDSX3_4_2108_20952_22122_1_292_+_981ebd79aebe6e1123d76ddb6bd4d3cf,MEM1385852.1,49.474,95,48,0,4,288,178,272,1.71e-18,89.7,65.26,1,0
A00405_539_HLLNCDSX3_4_2108_20952_22122_1_292_+_981ebd79aebe6e1123d76ddb6bd4d3cf,WP_133612159.1,43.878,98,54,1,1,291,177,274,1.77e-18,89.7,68.37,1,0
A00405_539_HLLNCDSX3_4_2108_20952_22122_1_292_+_981ebd79aebe6e1123d76ddb6bd4d3cf,MHM2047134.1,47.917,96,50,0,1,288,172,267,1.81e-18,89.7,62.50,1,0
A00405_539_HLLNCDSX3_4_2108_20952_22122_1_292_+_981ebd79aebe6e1123d76ddb6bd4d3cf,MIA4908655.1,42.708,96,55,0,1,288,48,143,2.09e-18,87.8,64.58,1,0
A00405_539_HLLNCDSX3_4_2108_20952_22122_1_292_+_981ebd79aebe6e1123d76ddb6bd4d3cf,MGZ3269181.1,44.898,98,53,1,1,291,177,274,2.15e-18,89.4,67.35,1,0
A00405_539_HLLNCDSX3_4_2108_20952_22122_1_292_+_981ebd79aebe6e1123d76ddb6bd4d3cf,MEZ5925212.1,45.263,95,52,0,4,288,180,274,2.27e-18,89.4,66.32,1,0
A00405_539_HLLNCDSX3_4_2108_20952_22122_1_292_+_981ebd79aebe6e1123d76ddb6bd4d3cf,XSG81409.1,46.875,96,50,1,1,285,178,273,2.28e-18,89.4,66.67,1,0
A00405_539_HLLNCDSX3_4_2108_20952_22122_1_292_+_981ebd79aebe6e1123d76ddb6bd4d3cf,MFZ1070111.1,44.898,98,53,1,1,291,177,274,2.45e-18,89.4,67.35,1,0
A00405_539_HLLNCDSX3_4_2108_20952_22122_1_292_+_981ebd79aebe6e1123d76ddb6bd4d3cf,MFL5852597.1,45.055,91,50,0,13,285,185,275,2.46e-18,89.4,68.13,1,0
A00405_539_HLLNCDSX3_4_2108_20952_22122_1_292_+_981ebd79aebe6e1123d76ddb6bd4d3cf,WP_361142374.1,48.936,94,48,0,1,282,179,272,2.51e-18,89.4,61.70,1,0
A00405_539_HLLNCDSX3_4_2108_20952_22122_1_292_+_981ebd79aebe6e1123d76ddb6bd4d3cf,GAB4232811.1,50.549,91,45,0,13,285,180,270,2.51e-18,89.4,63.74,1,0
A00405_539_HLLNCDSX3_4_2108_20952_22122_1_292_+_981ebd79aebe6e1123d76ddb6bd4d3cf,WP_252619995.1,46.392,97,51,1,1,291,172,267,2.60e-18,89.4,60.82,1,0
A00405_539_HLLNCDSX3_4_2108_20952_22122_1_292_+_981ebd79aebe6e1123d76ddb6bd4d3cf,WP_297368597.1,45.263,95,52,0,1,285,176,270,2.94e-18,89.0,64.21,1,0
A00405_539_HLLNCDSX3_4_2108_20952_22122_1_292_+_981ebd79aebe6e1123d76ddb6bd4d3cf,MGF1631738.1,46.316,95,51,0,1,285,176,270,3.13e-18,89.0,65.26,1,0
A00405_539_HLLNCDSX3_4_2108_20952_22122_1_292_+_981ebd79aebe6e1123d76ddb6bd4d3cf,MEM7376905.1,44.792,96,53,0,1,288,177,272,3.61e-18,89.0,61.46,1,0
A00405_539_HLLNCDSX3_4_2108_20952_22122_1_292_+_981ebd79aebe6e1123d76ddb6bd4d3cf,WP_260015071.1,43.750,96,54,0,1,288,179,274,3.65e-18,89.0,63.54,1,0
A00405_539_HLLNCDSX3_4_2108_20952_22122_1_292_+_981ebd79aebe6e1123d76ddb6bd4d3cf,KXU37166.1,47.475,99,50,2,1,291,179,277,4.33e-18,88.6,63.64,1,0
A00405_539_HLLNCDSX3_4_2108_20952_22122_1_292_+_981ebd79aebe6e1123d76ddb6bd4d3cf,WP_435106554.1,44.681,94,52,0,1,282,179,272,4.45e-18,88.6,64.89,1,0
A00405_539_HLLNCDSX3_4_2108_20952_22122_1_292_+_981ebd79aebe6e1123d76ddb6bd4d3cf,MCB1431541.1,44.898,98,53,1,1,291,176,273,4.77e-18,87.4,64.29,1,0
A00405_539_HLLNCDSX3_4_2108_20952_22122_1_292_+_981ebd79aebe6e1123d76ddb6bd4d3cf,PRC41644.1,47.959,98,50,1,1,291,178,275,5.05e-18,88.2,60.20,1,0
A00405_539_HLLNCDSX3_4_2108_20952_22122_1_292_+_981ebd79aebe6e1123d76ddb6bd4d3cf,HEY2867934.1,45.745,94,51,0,4,285,38,131,5.06e-18,86.7,61.70,1,0
A00405_539_HLLNCDSX3_4_2108_20952_22122_1_292_+_981ebd79aebe6e1123d76ddb6bd4d3cf,WP_027897354.1,44.444,99,53,2,1,291,179,277,5.09e-18,88.6,62.63,1,0
A00405_539_HLLNCDSX3_4_2108_20952_22122_1_292_+_981ebd79aebe6e1123d76ddb6bd4d3cf,WP_116768104.1,44.681,94,52,0,1,282,176,269,5.30e-18,88.6,65.96,1,0
A00405_539_HLLNCDSX3_4_2108_20952_22122_1_292_+_981ebd79aebe6e1123d76ddb6bd4d3cf,HEY4558113.1,42.553,94,54,0,1,282,179,272,5.32e-18,88.6,65.96,1,0
A00405_539_HLLNCDSX3_4_2108_20952_22122_1_292_+_981ebd79aebe6e1123d76ddb6bd4d3cf,MBD3787242.1,45.745,94,51,0,7,288,185,278,5.66e-18,88.2,62.77,1,0
A00405_539_HLLNCDSX3_4_2108_20952_22122_1_292_+_981ebd79aebe6e1123d76ddb6bd4d3cf,HEY8264090.1,42.105,95,55,0,1,285,178,272,5.85e-18,88.2,66.32,1,0
A00405_539_HLLNCDSX3_4_2108_20952_22122_1_292_+_981ebd79aebe6e1123d76ddb6bd4d3cf,WP_185066330.1,43.750,96,54,0,1,288,180,275,5.86e-18,88.2,64.58,1,0
A00405_539_HLLNCDSX3_4_2108_20952_22122_1_292_+_981ebd79aebe6e1123d76ddb6bd4d3cf,WP_481738030.1,44.330,97,54,0,1,291,180,276,6.03e-18,88.2,63.92,1,0
A00405_539_HLLNCDSX3_4_2108_20952_22122_1_292_+_981ebd79aebe6e1123d76ddb6bd4d3cf,WP_193488324.1,44.792,96,53,0,1,288,178,273,6.33e-18,88.2,60.42,1,0
A00405_539_HLLNCDSX3_4_2144_25943_22498_1_291_+_b63a675850008016b91f6d9617d49ae1,MFN4097559.1,94.792,96,5,0,1,288,4,99,2.85e-49,165,96.88,1,0
A00405_539_HLLNCDSX3_4_2144_25943_22498_1_291_+_b63a675850008016b91f6d9617d49ae1,WP_488275682.1,93.750,96,6,0,1,288,203,298,1.02e-45,162,95.83,1,0
A00405_539_HLLNCDSX3_4_2144_25943_22498_1_291_+_b63a675850008016b91f6d9617d49ae1,PKP94517.1,91.667,96,8,0,1,288,203,298,4.89e-44,157,94.79,1,0
A00405_539_HLLNCDSX3_4_2144_25943_22498_1_291_+_b63a675850008016b91f6d9617d49ae1,WP_264938228.1,90.625,96,9,0,1,288,204,299,5.15e-44,157,94.79,1,0
A00405_539_HLLNCDSX3_4_2144_25943_22498_1_291_+_b63a675850008016b91f6d9617d49ae1,MEG3180888.1,90.625,96,9,0,1,288,203,298,1.35e-43,156,95.83,1,0
A00405_539_HLLNCDSX3_4_2144_25943_22498_1_291_+_b63a675850008016b91f6d9617d49ae1,WP_069320530.1,89.583,96,10,0,1,288,203,298,2.66e-43,155,93.75,1,0
A00405_539_HLLNCDSX3_4_2144_25943_22498_1_291_+_b63a675850008016b91f6d9617d49ae1,WP_187728729.1,89.583,96,10,0,1,288,201,296,3.48e-43,155,93.75,1,0
A00405_539_HLLNCDSX3_4_2144_25943_22498_1_291_+_b63a675850008016b91f6d9617d49ae1,WP_265117114.1,89.583,96,10,0,1,288,203,298,5.26e-43,154,93.75,1,0
A00405_539_HLLNCDSX3_4_2144_25943_22498_1_291_+_b63a675850008016b91f6d9617d49ae1,WP_180142159.1,88.542,96,11,0,1,288,203,298,8.10e-42,151,91.67,1,0
A00405_539_HLLNCDSX3_4_2144_25943_22498_1_291_+_b63a675850008016b91f6d9617d49ae1,WP_294099523.1,86.458,96,13,0,1,288,203,298,9.40e-42,151,90.62,1,0
A00405_539_HLLNCDSX3_4_2144_25943_22498_1_291_+_b63a675850008016b91f6d9617d49ae1,WP_264944143.1,88.542,96,11,0,1,288,205,300,1.25e-41,151,90.62,1,0
A00405_539_HLLNCDSX3_4_2144_25943_22498_1_291_+_b63a675850008016b91f6d9617d49ae1,MEI9928233.1,86.458,96,13,0,1,288,204,299,1.39e-41,151,94.79,1,0
A00405_539_HLLNCDSX3_4_2144_25943_22498_1_291_+_b63a675850008016b91f6d9617d49ae1,WP_294062931.1,85.417,96,14,0,1,288,205,300,1.61e-41,150,93.75,1,0
A00405_539_HLLNCDSX3_4_2144_25943_22498_1_291_+_b63a675850008016b91f6d9617d49ae1,WP_463596127.1,86.458,96,13,0,1,288,204,299,1.63e-41,150,91.67,1,0
A00405_539_HLLNCDSX3_4_2144_25943_22498_1_291_+_b63a675850008016b91f6d9617d49ae1,WP_476234861.1,85.417,96,14,0,1,288,205,300,4.66e-41,149,90.62,1,0
A00405_539_HLLNCDSX3_4_2144_25943_22498_1_291_+_b63a675850008016b91f6d9617d49ae1,WP_404337073.1,84.375,96,15,0,1,288,208,303,5.25e-41,149,93.75,1,0
A00405_539_HLLNCDSX3_4_2144_25943_22498_1_291_+_b63a675850008016b91f6d9617d49ae1,WP_265543532.1,83.333,96,16,0,1,288,205,300,8.44e-41,149,90.62,1,0
A00405_539_HLLNCDSX3_4_2144_25943_22498_1_291_+_b63a675850008016b91f6d9617d49ae1,MFZ5749363.1,88.542,96,11,0,1,288,205,300,1.00e-40,149,90.62,1,0
A00405_539_HLLNCDSX3_4_2144_25943_22498_1_291_+_b63a675850008016b91f6d9617d49ae1,WP_448659690.1,85.417,96,14,0,1,288,203,298,1.20e-40,148,91.67,1,0
A00405_539_HLLNCDSX3_4_2144_25943_22498_1_291_+_b63a675850008016b91f6d9617d49ae1,WP_277313370.1,85.417,96,14,0,1,288,203,298,1.47e-40,148,89.58,1,0
A00405_539_HLLNCDSX3_4_2144_25943_22498_1_291_+_b63a675850008016b91f6d9617d49ae1,WP_448661929.1,83.333,96,16,0,1,288,205,300,1.79e-40,148,90.62,1,0
A00405_539_HLLNCDSX3_4_2144_25943_22498_1_291_+_b63a675850008016b91f6d9617d49ae1,WP_306093385.1,84.375,96,15,0,1,288,205,300,1.89e-40,148,90.62,1,0
A00405_539_HLLNCDSX3_4_2144_25943_22498_1_291_+_b63a675850008016b91f6d9617d49ae1,WP_269574298.1,85.417,96,14,0,1,288,207,302,2.12e-40,148,89.58,1,0
A00405_539_HLLNCDSX3_4_2144_25943_22498_1_291_+_b63a675850008016b91f6d9617d49ae1,WP_233785800.1,84.375,96,15,0,1,288,207,302,2.40e-40,148,91.67,1,0
A00405_539_HLLNCDSX3_4_2144_25943_22498_1_291_+_b63a675850008016b91f6d9617d49ae1,WP_277768703.1,85.417,96,14,0,1,288,203,298,2.51e-40,147,89.58,1,0
A00405_539_HLLNCDSX3_4_2144_25943_22498_1_291_+_b63a675850008016b91f6d9617d49ae1,WP_458815672.1,85.417,96,14,0,1,288,205,300,6.41e-40,147,90.62,1,0
A00405_539_HLLNCDSX3_4_2144_25943_22498_1_291_+_b63a675850008016b91f6d9617d49ae1,WP_346248591.1,84.375,96,15,0,1,288,203,298,8.40e-40,146,90.62,1,0
A00405_539_HLLNCDSX3_4_2144_25943_22498_1_291_+_b63a675850008016b91f6d9617d49ae1,MBX9859469.1,81.250,96,18,0,1,288,16,111,1.01e-39,141,90.62,1,0
A00405_539_HLLNCDSX3_4_2144_25943_22498_1_291_+_b63a675850008016b91f6d9617d49ae1,WP_119036984.1,82.292,96,17,0,1,288,204,299,1.71e-39,145,91.67,1,0
A00405_539_HLLNCDSX3_4_2144_25943_22498_1_291_+_b63a675850008016b91f6d9617d49ae1,WP_448501070.1,82.292,96,17,0,1,288,207,302,2.02e-39,145,91.67,1,0
A00405_539_HLLNCDSX3_4_2144_25943_22498_1_291_+_b63a675850008016b91f6d9617d49ae1,WP_326525252.1,85.417,96,14,0,1,288,206,301,2.28e-39,145,91.67,1,0
A00405_539_HLLNCDSX3_4_2144_25943_22498_1_291_+_b63a675850008016b91f6d9617d49ae1,WP_033922711.1,84.375,96,15,0,1,288,204,299,2.42e-39,145,90.62,1,0
A00405_539_HLLNCDSX3_4_2144_25943_22498_1_291_+_b63a675850008016b91f6d9617d49ae1,MGN6279610.1,84.375,96,15,0,1,288,205,300,3.56e-39,145,91.67,1,0
A00405_539_HLLNCDSX3_4_2144_25943_22498_1_291_+_b63a675850008016b91f6d9617d49ae1,WP_345850411.1,84.375,96,15,0,1,288,205,300,3.80e-39,144,87.50,1,0
A00405_539_HLLNCDSX3_4_2144_25943_22498_1_291_+_b63a675850008016b91f6d9617d49ae1,WP_374140009.1,80.208,96,19,0,1,288,6,101,4.13e-39,139,87.50,1,0
A00405_539_HLLNCDSX3_4_2144_25943_22498_1_291_+_b63a675850008016b91f6d9617d49ae1,HEX7655911.1,84.375,96,15,0,1,288,206,301,4.25e-39,144,91.67,1,0
A00405_539_HLLNCDSX3_4_2144_25943_22498_1_291_+_b63a675850008016b91f6d9617d49ae1,WP_109809661.1,82.292,96,17,0,1,288,201,296,5.29e-39,144,91.67,1,0
A00405_539_HLLNCDSX3_4_2144_25943_22498_1_291_+_b63a675850008016b91f6d9617d49ae1,MGK6318175.1,83.333,96,16,0,1,288,206,301,6.42e-39,144,90.62,1,0
A00405_539_HLLNCDSX3_4_2144_25943_22498_1_291_+_b63a675850008016b91f6d9617d49ae1,MES2336677.1,84.375,96,15,0,1,288,201,296,1.16e-38,143,90.62,1,0
A00405_539_HLLNCDSX3_4_2144_25943_22498_1_291_+_b63a675850008016b91f6d9617d49ae1,WP_294057889.1,83.333,96,16,0,1,288,209,304,1.43e-38,143,87.50,1,0
A00405_539_HLLNCDSX3_4_2144_25943_22498_1_291_+_b63a675850008016b91f6d9617d49ae1,WP_503669100.1,83.333,96,16,0,1,288,204,299,1.79e-38,143,88.54,1,0
A00405_539_HLLNCDSX3_4_2144_25943_22498_1_291_+_b63a675850008016b91f6d9617d49ae1,WP_294040791.1,81.250,96,18,0,1,288,206,301,1.83e-38,143,90.62,1,0
A00405_539_HLLNCDSX3_4_2144_25943_22498_1_291_+_b63a675850008016b91f6d9617d49ae1,WP_348972917.1,81.250,96,18,0,1,288,203,298,1.92e-38,142,89.58,1,0
A00405_539_HLLNCDSX3_4_2144_25943_22498_1_291_+_b63a675850008016b91f6d9617d49ae1,WP_066476661.1,81.250,96,18,0,1,288,205,300,1.92e-38,143,92.71,1,0
A00405_539_HLLNCDSX3_4_2144_25943_22498_1_291_+_b63a675850008016b91f6d9617d49ae1,WP_184004110.1,81.250,96,18,0,1,288,206,301,2.39e-38,142,89.58,1,0
A00405_539_HLLNCDSX3_4_2144_25943_22498_1_291_+_b63a675850008016b91f6d9617d49ae1,WP_483658498.1,78.125,96,21,0,1,288,220,315,2.63e-38,142,94.79,1,0
A00405_539_HLLNCDSX3_4_2144_25943_22498_1_291_+_b63a675850008016b91f6d9617d49ae1,WP_416641923.1,84.375,96,15,0,1,288,209,304,2.71e-38,142,90.62,1,0
A00405_539_HLLNCDSX3_4_2144_25943_22498_1_291_+_b63a675850008016b91f6d9617d49ae1,WP_325490374.1,84.375,96,15,0,1,288,206,301,3.92e-38,142,90.62,1,0
A00405_539_HLLNCDSX3_4_2144_25943_22498_1_291_+_b63a675850008016b91f6d9617d49ae1,WP_044329725.1,82.292,96,17,0,1,288,205,300,4.34e-38,142,89.58,1,0
A00405_539_HLLNCDSX3_4_2144_25943_22498_1_291_+_b63a675850008016b91f6d9617d49ae1,WP_414714240.1,83.333,96,16,0,1,288,208,303,4.61e-38,142,90.62,1,0
A00405_539_HLLNCDSX3_4_2144_25943_22498_1_291_+_b63a675850008016b91f6d9617d49ae1,WP_250749880.1,82.292,96,17,0,1,288,205,300,4.73e-38,142,90.62,1,0
A00405_539_HLLNCDSX3_4_2144_25943_22498_1_291_+_b63a675850008016b91f6d9617d49ae1,WP_159712336.1,84.375,96,15,0,1,288,206,301,5.07e-38,142,89.58,1,0
A00405_539_HLLNCDSX3_4_2144_25943_22498_1_291_+_b63a675850008016b91f6d9617d49ae1,MHY0616299.1,82.292,96,17,0,1,288,204,299,5.20e-38,142,90.62,1,0
A00405_539_HLLNCDSX3_4_2144_25943_22498_1_291_+_b63a675850008016b91f6d9617d49ae1,WP_188056390.1,82.292,96,17,0,1,288,205,300,5.78e-38,141,91.67,1,0
A00405_539_HLLNCDSX3_4_2144_25943_22498_1_291_+_b63a675850008016b91f6d9617d49ae1,MEO7169649.1,79.167,96,20,0,1,288,22,117,6.17e-38,137,88.54,1,0
A00405_539_HLLNCDSX3_4_2144_25943_22498_1_291_+_b63a675850008016b91f6d9617d49ae1,WP_260020509.1,82.292,96,17,0,1,288,204,299,6.29e-38,141,88.54,1,0
A00405_539_HLLNCDSX3_4_2144_25943_22498_1_291_+_b63a675850008016b91f6d9617d49ae1,MFA5988414.1,82.292,96,17,0,1,288,208,303,9.17e-38,141,89.58,1,0
A00405_539_HLLNCDSX3_4_2144_25943_22498_1_291_+_b63a675850008016b91f6d9617d49ae1,WP_284054857.1,81.250,96,18,0,1,288,206,301,1.03e-37,141,87.50,1,0
A00405_539_HLLNCDSX3_4_2144_25943_22498_1_291_+_b63a675850008016b91f6d9617d49ae1,WP_299427105.1,81.250,96,18,0,1,288,208,303,1.04e-37,141,88.54,1,0
A00405_539_HLLNCDSX3_4_2144_25943_22498_1_291_+_b63a675850008016b91f6d9617d49ae1,WP_374135951.1,83.333,96,16,0,1,288,208,303,1.14e-37,140,90.62,1,0
A00405_539_HLLNCDSX3_4_2144_25943_22498_1_291_+_b63a675850008016b91f6d9617d49ae1,WP_325104053.1,85.417,96,14,0,1,288,206,301,1.20e-37,140,89.58,1,0
A00405_539_HLLNCDSX3_4_2144_25943_22498_1_291_+_b63a675850008016b91f6d9617d49ae1,MDE0880655.1,77.083,96,22,0,1,288,3,98,1.52e-37,135,85.42,1,0
A00405_539_HLLNCDSX3_4_2144_25943_22498_1_291_+_b63a675850008016b91f6d9617d49ae1,MHO1805543.1,80.208,96,19,0,1,288,209,304,1.78e-37,140,91.67,1,0
A00405_539_HLLNCDSX3_4_2144_25943_22498_1_291_+_b63a675850008016b91f6d9617d49ae1,WP_482243711.1,81.250,96,18,0,1,288,207,302,2.11e-37,140,89.58,1,0
A00405_539_HLLNCDSX3_4_2144_25943_22498_1_291_+_b63a675850008016b91f6d9617d49ae1,WP_140231500.1,79.167,96,20,0,1,288,206,301,2.21e-37,140,90.62,1,0
A00405_539_HLLNCDSX3_4_2144_25943_22498_1_291_+_b63a675850008016b91f6d9617d49ae1,MDB5709757.1,82.292,96,17,0,1,288,207,302,2.21e-37,140,89.58,1,0
A00405_539_HLLNCDSX3_4_2144_25943_22498_1_291_+_b63a675850008016b91f6d9617d49ae1,WP_343891032.1,83.333,96,16,0,1,288,207,302,2.47e-37,140,88.54,1,0
A00405_539_HLLNCDSX3_4_2144_25943_22498_1_291_+_b63a675850008016b91f6d9617d49ae1,HEU4960242.1,80.208,96,19,0,1,288,205,300,2.61e-37,140,90.62,1,0
A00405_539_HLLNCDSX3_4_2144_25943_22498_1_291_+_b63a675850008016b91f6d9617d49ae1,WP_136941967.1,80.208,96,19,0,1,288,206,301,2.78e-37,140,91.67,1,0
A00405_539_HLLNCDSX3_4_2144_25943_22498_1_291_+_b63a675850008016b91f6d9617d49ae1,MFM9827759.1,83.333,96,16,0,1,288,208,303,2.99e-37,140,87.50,1,0
A00405_539_HLLNCDSX3_4_2144_25943_22498_1_291_+_b63a675850008016b91f6d9617d49ae1,WP_010407157.1,82.292,96,17,0,1,288,207,302,3.15e-37,139,89.58,1,0
A00405_539_HLLNCDSX3_4_2144_25943_22498_1_291_+_b63a675850008016b91f6d9617d49ae1,WP_294109520.1,82.292,96,17,0,1,288,205,300,3.33e-37,139,89.58,1,0
A00405_539_HLLNCDSX3_4_2144_25943_22498_1_291_+_b63a675850008016b91f6d9617d49ae1,WP_459118741.1,79.167,96,20,0,1,288,201,296,5.29e-37,139,91.67,1,0
A00405_539_HLLNCDSX3_4_2144_25943_22498_1_291_+_b63a675850008016b91f6d9617d49ae1,WP_230629497.1,81.250,96,18,0,1,288,204,299,6.30e-37,139,88.54,1,0
A00405_539_HLLNCDSX3_4_2144_25943_22498_1_291_+_b63a675850008016b91f6d9617d49ae1,MGN6376251.1,81.250,96,18,0,1,288,205,300,6.41e-37,139,89.58,1,0
A00405_539_HLLNCDSX3_4_2144_25943_22498_1_291_+_b63a675850008016b91f6d9617d49ae1,MBY8828096.1,82.292,96,17,0,1,288,207,302,6.43e-37,139,88.54,1,0
A00405_539_HLLNCDSX3_4_2144_25943_22498_1_291_+_b63a675850008016b91f6d9617d49ae1,WP_277967829.1,81.250,96,18,0,1,288,209,304,1.04e-36,138,88.54,1,0
A00405_539_HLLNCDSX3_4_2144_25943_22498_1_291_+_b63a675850008016b91f6d9617d49ae1,MFA5964072.1,81.250,96,18,0,1,288,207,302,1.64e-36,138,90.62,1,0
A00405_539_HLLNCDSX3_4_2144_25943_22498_1_291_+_b63a675850008016b91f6d9617d49ae1,WP_375395508.1,78.125,96,21,0,1,288,206,301,1.67e-36,137,89.58,1,0
A00405_539_HLLNCDSX3_4_2144_25943_22498_1_291_+_b63a675850008016b91f6d9617d49ae1,WP_374133048.1,83.333,96,16,0,1,288,208,303,2.04e-36,137,86.46,1,0
A00405_539_HLLNCDSX3_4_2144_25943_22498_1_291_+_b63a675850008016b91f6d9617d49ae1,WP_202094017.1,78.125,96,21,0,1,288,193,288,2.45e-36,137,88.54,1,0
A00405_539_HLLNCDSX3_4_2144_25943_22498_1_291_+_b63a675850008016b91f6d9617d49ae1,MEO5866007.1,82.292,96,17,0,1,288,207,302,2.48e-36,137,87.50,1,0
A00405_539_HLLNCDSX3_4_2144_25943_22498_1_291_+_b63a675850008016b91f6d9617d49ae1,WP_293865921.1,80.208,96,19,0,1,288,207,302,3.74e-36,137,86.46,1,0
A00405_539_HLLNCDSX3_4_2144_25943_22498_1_291_+_b63a675850008016b91f6d9617d49ae1,WP_151954850.1,81.250,96,18,0,1,288,206,301,4.18e-36,137,88.54,1,0
A00405_539_HLLNCDSX3_4_2144_25943_22498_1_291_+_b63a675850008016b91f6d9617d49ae1,WP_503454981.1,79.167,96,20,0,1,288,206,301,4.18e-36,137,86.46,1,0
A00405_539_HLLNCDSX3_4_2144_25943_22498_1_291_+_b63a675850008016b91f6d9617d49ae1,RYD49588.1,85.057,87,13,0,28,288,1,87,4.27e-36,131,89.66,1,0
A00405_539_HLLNCDSX3_4_2144_25943_22498_1_291_+_b63a675850008016b91f6d9617d49ae1,TPG40349.1,81.250,96,18,0,1,288,209,304,4.88e-36,136,88.54,1,0
A00405_539_HLLNCDSX3_4_2144_25943_22498_1_291_+_b63a675850008016b91f6d9617d49ae1,WP_137787368.1,79.167,96,20,0,1,288,206,301,5.73e-36,136,86.46,1,0
A00405_539_HLLNCDSX3_4_2144_25943_22498_1_291_+_b63a675850008016b91f6d9617d49ae1,MDQ2877848.1,79.167,96,20,0,1,288,205,300,5.76e-36,136,88.54,1,0
A00405_539_HLLNCDSX3_4_2144_25943_22498_1_291_+_b63a675850008016b91f6d9617d49ae1,WP_331004888.1,79.167,96,20,0,1,288,213,308,9.49e-36,136,87.50,1,0
A00405_539_HLLNCDSX3_4_2144_25943_22498_1_291_+_b63a675850008016b91f6d9617d49ae1,MDQ2891867.1,80.208,96,19,0,1,288,219,314,1.09e-35,136,87.50,1,0
A00405_539_HLLNCDSX3_4_2144_25943_22498_1_291_+_b63a675850008016b91f6d9617d49ae1,WP_503661474.1,80.208,96,19,0,1,288,206,301,1.16e-35,135,87.50,1,0
A00405_539_HLLNCDSX3_4_2144_25943_22498_1_291_+_b63a675850008016b91f6d9617d49ae1,WP_260599822.1,79.167,96,20,0,1,288,204,299,1.27e-35,135,87.50,1,0
A00405_539_HLLNCDSX3_4_2144_25943_22498_1_291_+_b63a675850008016b91f6d9617d49ae1,WP_034161514.1,80.208,96,19,0,1,288,215,310,1.30e-35,135,87.50,1,0
A00405_539_HLLNCDSX3_4_2144_25943_22498_1_291_+_b63a675850008016b91f6d9617d49ae1,WP_375392427.1,80.208,96,19,0,1,288,206,301,1.73e-35,135,87.50,1,0
A00405_539_HLLNCDSX3_4_2144_25943_22498_1_291_+_b63a675850008016b91f6d9617d49ae1,MES2755335.1,79.167,96,20,0,1,288,203,298,1.98e-35,135,87.50,1,0
A00405_539_HLLNCDSX3_4_2144_25943_22498_1_291_+_b63a675850008016b91f6d9617d49ae1,WP_118862523.1,78.125,96,21,0,1,288,210,305,2.19e-35,135,87.50,1,0
A00405_539_HLLNCDSX3_4_2144_25943_22498_1_291_+_b63a675850008016b91f6d9617d49ae1,MFM6853169.1,79.167,96,20,0,1,288,213,308,2.19e-35,135,88.54,1,0
A00405_539_HLLNCDSX3_4_2144_25943_22498_1_291_+_b63a675850008016b91f6d9617d49ae1,WP_055934418.1,78.125,96,21,0,1,288,210,305,2.38e-35,135,90.62,1,0
A00405_539_HLLNCDSX3_4_2144_25943_22498_1_291_+_b63a675850008016b91f6d9617d49ae1,MGN6692227.1,77.551,98,20,1,1,288,9,106,2.48e-35,130,81.63,1,0
A00405_539_HLLNCDSX3_4_2432_21287_25300_1_243_+_ba90b251dbb9fd9fef23b6cb965a7026,WP_324336981.1,97.500,80,2,0,1,240,338,417,2.80e-49,171,100.00,1,0
A00405_539_HLLNCDSX3_4_2432_21287_25300_1_243_+_ba90b251dbb9fd9fef23b6cb965a7026,WP_298602577.1,96.250,80,3,0,1,240,248,327,3.77e-49,168,98.75,1,0
A00405_539_HLLNCDSX3_4_2432_21287_25300_1_243_+_ba90b251dbb9fd9fef23b6cb965a7026,MBK8629099.1,92.500,80,6,0,1,240,338,417,4.10e-46,162,96.25,1,0
A00405_539_HLLNCDSX3_4_2432_21287_25300_1_243_+_ba90b251dbb9fd9fef23b6cb965a7026,HMT44518.1,85.000,80,12,0,1,240,338,417,4.83e-44,157,95.00,1,0
A00405_539_HLLNCDSX3_4_2432_21287_25300_1_243_+_ba90b251dbb9fd9fef23b6cb965a7026,WP_169945274.1,86.250,80,11,0,1,240,346,425,5.51e-42,152,93.75,1,0
A00405_539_HLLNCDSX3_4_2432_21287_25300_1_243_+_ba90b251dbb9fd9fef23b6cb965a7026,WP_374527600.1,80.000,80,16,0,1,240,341,420,1.14e-38,143,85.00,1,0
A00405_539_HLLNCDSX3_4_2432_21287_25300_1_243_+_ba90b251dbb9fd9fef23b6cb965a7026,MFZ5744581.1,76.250,80,19,0,1,240,338,417,1.14e-35,135,82.50,1,0
A00405_539_HLLNCDSX3_4_2432_21287_25300_1_243_+_ba90b251dbb9fd9fef23b6cb965a7026,HEX5805616.1,71.250,80,23,0,1,240,340,419,3.28e-35,134,85.00,1,0
A00405_539_HLLNCDSX3_4_2432_21287_25300_1_243_+_ba90b251dbb9fd9fef23b6cb965a7026,MHS3020279.1,71.250,80,23,0,1,240,137,216,4.13e-35,129,82.50,1,0
A00405_539_HLLNCDSX3_4_2432_21287_25300_1_243_+_ba90b251dbb9fd9fef23b6cb965a7026,MDN5937941.1,67.500,80,26,0,1,240,22,101,1.60e-34,124,80.00,1,0
A00405_539_HLLNCDSX3_4_2432_21287_25300_1_243_+_ba90b251dbb9fd9fef23b6cb965a7026,MFO1238407.1,72.500,80,22,0,1,240,338,417,1.10e-33,130,83.75,1,0
A00405_539_HLLNCDSX3_4_2432_21287_25300_1_243_+_ba90b251dbb9fd9fef23b6cb965a7026,MHS3021540.1,68.750,80,25,0,1,240,141,220,2.81e-33,124,81.25,1,0
A00405_539_HLLNCDSX3_4_2432_21287_25300_1_243_+_ba90b251dbb9fd9fef23b6cb965a7026,WP_109923047.1,70.000,80,24,0,1,240,338,417,3.85e-33,128,81.25,1,0
A00405_539_HLLNCDSX3_4_2432_21287_25300_1_243_+_ba90b251dbb9fd9fef23b6cb965a7026,HEX9208462.1,72.500,80,22,0,1,240,338,417,6.47e-33,128,81.25,1,0
A00405_539_HLLNCDSX3_4_2432_21287_25300_1_243_+_ba90b251dbb9fd9fef23b6cb965a7026,SEQ47983.1,68.750,80,25,0,1,240,338,417,9.86e-33,127,83.75,1,0
A00405_539_HLLNCDSX3_4_2432_21287_25300_1_243_+_ba90b251dbb9fd9fef23b6cb965a7026,MCC6919380.1,71.250,80,23,0,1,240,337,416,1.08e-32,127,83.75,1,0
A00405_539_HLLNCDSX3_4_2432_21287_25300_1_243_+_ba90b251dbb9fd9fef23b6cb965a7026,MIA4588621.1,70.000,80,24,0,1,240,338,417,2.94e-32,126,82.50,1,0
A00405_539_HLLNCDSX3_4_2432_21287_25300_1_243_+_ba90b251dbb9fd9fef23b6cb965a7026,MEY2921003.1,67.500,80,26,0,1,240,338,417,5.78e-32,125,82.50,1,0
A00405_539_HLLNCDSX3_4_2432_21287_25300_1_243_+_ba90b251dbb9fd9fef23b6cb965a7026,WP_348139197.1,68.750,80,25,0,1,240,343,422,1.20e-31,124,80.00,1,0
A00405_539_HLLNCDSX3_4_2432_21287_25300_1_243_+_ba90b251dbb9fd9fef23b6cb965a7026,MGD9600634.1,68.750,80,25,0,1,240,338,417,1.51e-31,124,81.25,1,0
A00405_539_HLLNCDSX3_4_2432_21287_25300_1_243_+_ba90b251dbb9fd9fef23b6cb965a7026,MHK4142327.1,63.291,79,29,0,4,240,66,144,4.81e-31,116,74.68,1,0
A00405_539_HLLNCDSX3_4_2432_21287_25300_1_243_+_ba90b251dbb9fd9fef23b6cb965a7026,MFY8143750.1,65.823,79,27,0,4,240,171,249,5.09e-31,119,77.22,1,0
A00405_539_HLLNCDSX3_4_2432_21287_25300_1_243_+_ba90b251dbb9fd9fef23b6cb965a7026,WP_295681804.1,70.000,80,24,0,1,240,323,402,5.21e-31,122,78.75,1,0
A00405_539_HLLNCDSX3_4_2432_21287_25300_1_243_+_ba90b251dbb9fd9fef23b6cb965a7026,MDE3117225.1,65.823,79,27,0,4,240,336,414,5.64e-31,122,77.22,1,0
A00405_539_HLLNCDSX3_4_2432_21287_25300_1_243_+_ba90b251dbb9fd9fef23b6cb965a7026,WP_293680192.1,68.354,79,25,0,4,240,335,413,7.53e-31,122,77.22,1,0
A00405_539_HLLNCDSX3_4_2432_21287_25300_1_243_+_ba90b251dbb9fd9fef23b6cb965a7026,MEZ5481849.1,66.250,80,27,0,1,240,257,336,1.02e-30,120,80.00,1,0
A00405_539_HLLNCDSX3_4_2432_21287_25300_1_243_+_ba90b251dbb9fd9fef23b6cb965a7026,MGE4322640.1,67.089,79,26,0,4,240,334,412,1.06e-30,122,78.48,1,0
A00405_539_HLLNCDSX3_4_2432_21287_25300_1_243_+_ba90b251dbb9fd9fef23b6cb965a7026,MIK9314922.1,67.500,80,26,0,1,240,338,417,1.14e-30,122,82.50,1,0
A00405_539_HLLNCDSX3_4_2432_21287_25300_1_243_+_ba90b251dbb9fd9fef23b6cb965a7026,MDD3444150.1,66.250,80,27,0,1,240,338,417,1.43e-30,121,80.00,1,0
A00405_539_HLLNCDSX3_4_2432_21287_25300_1_243_+_ba90b251dbb9fd9fef23b6cb965a7026,MDD3447144.1,63.750,80,29,0,1,240,337,416,1.88e-30,121,80.00,1,0
A00405_539_HLLNCDSX3_4_2432_21287_25300_1_243_+_ba90b251dbb9fd9fef23b6cb965a7026,WP_162851264.1,66.250,80,27,0,1,240,340,419,1.91e-30,121,78.75,1,0
A00405_539_HLLNCDSX3_4_2432_21287_25300_1_243_+_ba90b251dbb9fd9fef23b6cb965a7026,WP_439638984.1,65.000,80,28,0,1,240,340,419,2.01e-30,121,80.00,1,0
A00405_539_HLLNCDSX3_4_2432_21287_25300_1_243_+_ba90b251dbb9fd9fef23b6cb965a7026,WP_409633648.1,68.354,79,25,0,4,240,335,413,2.16e-30,121,75.95,1,0
A00405_539_HLLNCDSX3_4_2432_21287_25300_1_243_+_ba90b251dbb9fd9fef23b6cb965a7026,WP_373065889.1,66.250,80,27,0,1,240,338,417,2.16e-30,121,78.75,1,0
A00405_539_HLLNCDSX3_4_2432_21287_25300_1_243_+_ba90b251dbb9fd9fef23b6cb965a7026,MBI1211743.1,63.291,79,29,0,4,240,335,413,2.32e-30,121,78.48,1,0
A00405_539_HLLNCDSX3_4_2432_21287_25300_1_243_+_ba90b251dbb9fd9fef23b6cb965a7026,WP_325405462.1,65.823,79,27,0,4,240,335,413,2.86e-30,120,78.48,1,0
A00405_539_HLLNCDSX3_4_2432_21287_25300_1_243_+_ba90b251dbb9fd9fef23b6cb965a7026,MES2343182.1,64.557,79,28,0,4,240,62,140,2.91e-30,114,73.42,1,0
A00405_539_HLLNCDSX3_4_2432_21287_25300_1_243_+_ba90b251dbb9fd9fef23b6cb965a7026,MEN9725743.1,66.250,80,27,0,1,240,338,417,3.13e-30,120,80.00,1,0
A00405_539_HLLNCDSX3_4_2432_21287_25300_1_243_+_ba90b251dbb9fd9fef23b6cb965a7026,MCB1666768.1,66.250,80,27,0,1,240,338,417,3.44e-30,120,80.00,1,0
A00405_539_HLLNCDSX3_4_2432_21287_25300_1_243_+_ba90b251dbb9fd9fef23b6cb965a7026,WP_346741856.1,67.500,80,26,0,1,240,338,417,3.74e-30,120,81.25,1,0
A00405_539_HLLNCDSX3_4_2432_21287_25300_1_243_+_ba90b251dbb9fd9fef23b6cb965a7026,MDN5874477.1,63.750,80,29,0,1,240,235,314,3.78e-30,119,77.50,1,0
A00405_539_HLLNCDSX3_4_2432_21287_25300_1_243_+_ba90b251dbb9fd9fef23b6cb965a7026,PKO90586.1,65.000,80,28,0,1,240,338,417,6.03e-30,120,80.00,1,0
A00405_539_HLLNCDSX3_4_2432_21287_25300_1_243_+_ba90b251dbb9fd9fef23b6cb965a7026,MHS3020330.1,63.750,80,29,0,1,240,337,416,6.21e-30,120,78.75,1,0
A00405_539_HLLNCDSX3_4_2432_21287_25300_1_243_+_ba90b251dbb9fd9fef23b6cb965a7026,MDO9222595.1,65.823,79,27,0,4,240,287,365,7.24e-30,119,75.95,1,0
A00405_539_HLLNCDSX3_4_2432_21287_25300_1_243_+_ba90b251dbb9fd9fef23b6cb965a7026,MCB1667532.1,63.750,80,29,0,1,240,337,416,7.38e-30,120,78.75,1,0
A00405_539_HLLNCDSX3_4_2432_21287_25300_1_243_+_ba90b251dbb9fd9fef23b6cb965a7026,MBI1262729.1,66.250,80,27,0,1,240,338,417,7.82e-30,119,77.50,1,0
A00405_539_HLLNCDSX3_4_2432_21287_25300_1_243_+_ba90b251dbb9fd9fef23b6cb965a7026,WP_488902142.1,67.089,79,26,0,4,240,336,414,7.94e-30,119,75.95,1,0
A00405_539_HLLNCDSX3_4_2432_21287_25300_1_243_+_ba90b251dbb9fd9fef23b6cb965a7026,MCK9285212.1,63.750,80,29,0,1,240,337,416,1.26e-29,119,78.75,1,0
A00405_539_HLLNCDSX3_4_2432_21287_25300_1_243_+_ba90b251dbb9fd9fef23b6cb965a7026,TAM13052.1,65.000,80,28,0,1,240,339,418,1.31e-29,119,77.50,1,0
A00405_539_HLLNCDSX3_4_2432_21287_25300_1_243_+_ba90b251dbb9fd9fef23b6cb965a7026,MEJ0046481.1,67.089,79,26,0,4,240,336,414,1.56e-29,119,75.95,1,0
A00405_539_HLLNCDSX3_4_2432_21287_25300_1_243_+_ba90b251dbb9fd9fef23b6cb965a7026,MDO9471461.1,64.557,79,28,0,4,240,334,412,1.74e-29,119,77.22,1,0
A00405_539_HLLNCDSX3_4_2432_21287_25300_1_243_+_ba90b251dbb9fd9fef23b6cb965a7026,MDX5367375.1,63.291,79,29,0,4,240,78,156,1.90e-29,112,73.42,1,0
A00405_539_HLLNCDSX3_4_2432_21287_25300_1_243_+_ba90b251dbb9fd9fef23b6cb965a7026,MBI4697191.1,68.750,80,25,0,1,240,338,417,1.97e-29,119,77.50,1,0
A00405_539_HLLNCDSX3_4_2432_21287_25300_1_243_+_ba90b251dbb9fd9fef23b6cb965a7026,MHQ2366261.1,64.557,79,28,0,4,240,336,414,2.34e-29,118,75.95,1,0
A00405_539_HLLNCDSX3_4_2432_21287_25300_1_243_+_ba90b251dbb9fd9fef23b6cb965a7026,WP_397414486.1,63.750,80,29,0,1,240,334,413,2.48e-29,118,75.00,1,0
A00405_539_HLLNCDSX3_4_2432_21287_25300_1_243_+_ba90b251dbb9fd9fef23b6cb965a7026,MCW0182519.1,62.500,80,30,0,1,240,338,417,2.67e-29,118,78.75,1,0
A00405_539_HLLNCDSX3_4_2432_21287_25300_1_243_+_ba90b251dbb9fd9fef23b6cb965a7026,MHK4226203.1,64.557,79,28,0,4,240,336,414,2.73e-29,118,74.68,1,0
A00405_539_HLLNCDSX3_4_2432_21287_25300_1_243_+_ba90b251dbb9fd9fef23b6cb965a7026,MDR3513908.1,63.291,79,29,0,4,240,336,414,2.76e-29,118,78.48,1,0
A00405_539_HLLNCDSX3_4_2432_21287_25300_1_243_+_ba90b251dbb9fd9fef23b6cb965a7026,MES2724433.1,63.291,79,29,0,4,240,80,158,3.24e-29,112,72.15,1,0
A00405_539_HLLNCDSX3_4_2432_21287_25300_1_243_+_ba90b251dbb9fd9fef23b6cb965a7026,MBI1238021.1,63.291,79,29,0,4,240,335,413,3.32e-29,118,74.68,1,0
A00405_539_HLLNCDSX3_4_2432_21287_25300_1_243_+_ba90b251dbb9fd9fef23b6cb965a7026,MHR4525601.1,63.291,79,29,0,4,240,108,186,3.33e-29,113,73.42,1,0
A00405_539_HLLNCDSX3_4_2432_21287_25300_1_243_+_ba90b251dbb9fd9fef23b6cb965a7026,WP_371309313.1,62.500,80,30,0,1,240,335,414,3.43e-29,118,75.00,1,0
A00405_539_HLLNCDSX3_4_2432_21287_25300_1_243_+_ba90b251dbb9fd9fef23b6cb965a7026,MCC6917689.1,67.089,79,26,0,4,240,335,413,3.46e-29,118,74.68,1,0
A00405_539_HLLNCDSX3_4_2432_21287_25300_1_243_+_ba90b251dbb9fd9fef23b6cb965a7026,MBR9913007.1,63.750,80,29,0,1,240,337,416,3.85e-29,118,78.75,1,0
A00405_539_HLLNCDSX3_4_2432_21287_25300_1_243_+_ba90b251dbb9fd9fef23b6cb965a7026,MDY0046115.1,63.750,80,29,0,1,240,337,416,4.39e-29,117,78.75,1,0
A00405_539_HLLNCDSX3_4_2432_21287_25300_1_243_+_ba90b251dbb9fd9fef23b6cb965a7026,WP_293455731.1,63.750,80,29,0,1,240,334,413,4.54e-29,117,76.25,1,0
A00405_539_HLLNCDSX3_4_2432_21287_25300_1_243_+_ba90b251dbb9fd9fef23b6cb965a7026,WP_293520583.1,63.291,79,29,0,4,240,103,181,4.71e-29,112,73.42,1,0
A00405_539_HLLNCDSX3_4_2432_21287_25300_1_243_+_ba90b251dbb9fd9fef23b6cb965a7026,MCA8898737.1,62.500,80,30,0,1,240,335,414,4.79e-29,117,76.25,1,0
A00405_539_HLLNCDSX3_4_2432_21287_25300_1_243_+_ba90b251dbb9fd9fef23b6cb965a7026,HRD45949.1,63.750,80,29,0,1,240,334,413,5.03e-29,117,76.25,1,0
A00405_539_HLLNCDSX3_4_2432_21287_25300_1_243_+_ba90b251dbb9fd9fef23b6cb965a7026,WP_304734863.1,63.291,79,29,0,4,240,335,413,5.24e-29,117,78.48,1,0
A00405_539_HLLNCDSX3_4_2432_21287_25300_1_243_+_ba90b251dbb9fd9fef23b6cb965a7026,HRK68624.1,64.557,79,28,0,4,240,205,283,6.20e-29,115,74.68,1,0
A00405_539_HLLNCDSX3_4_2432_21287_25300_1_243_+_ba90b251dbb9fd9fef23b6cb965a7026,WP_291071572.1,62.500,80,30,0,1,240,335,414,7.17e-29,117,75.00,1,0
A00405_539_HLLNCDSX3_4_2432_21287_25300_1_243_+_ba90b251dbb9fd9fef23b6cb965a7026,MBP9755733.1,63.291,79,29,0,4,240,44,122,7.55e-29,110,72.15,1,0
A00405_539_HLLNCDSX3_4_2432_21287_25300_1_243_+_ba90b251dbb9fd9fef23b6cb965a7026,HAC58279.1,63.291,79,29,0,4,240,272,350,7.62e-29,116,74.68,1,0
A00405_539_HLLNCDSX3_4_2432_21287_25300_1_243_+_ba90b251dbb9fd9fef23b6cb965a7026,WP_054538361.1,62.500,80,30,0,1,240,340,419,7.70e-29,117,78.75,1,0
A00405_539_HLLNCDSX3_4_2432_21287_25300_1_243_+_ba90b251dbb9fd9fef23b6cb965a7026,WP_099623874.1,65.823,79,27,0,4,240,334,412,8.18e-29,117,75.95,1,0
A00405_539_HLLNCDSX3_4_2432_21287_25300_1_243_+_ba90b251dbb9fd9fef23b6cb965a7026,MFT3728284.1,61.250,80,31,0,1,240,335,414,9.01e-29,117,76.25,1,0
A00405_539_HLLNCDSX3_4_2432_21287_25300_1_243_+_ba90b251dbb9fd9fef23b6cb965a7026,MHK4107889.1,63.291,79,29,0,4,240,335,413,9.98e-29,116,75.95,1,0
A00405_539_HLLNCDSX3_4_2432_21287_25300_1_243_+_ba90b251dbb9fd9fef23b6cb965a7026,MDR3508562.1,64.557,79,28,0,4,240,336,414,1.17e-28,116,75.95,1,0
A00405_539_HLLNCDSX3_4_2432_21287_25300_1_243_+_ba90b251dbb9fd9fef23b6cb965a7026,WP_409607244.1,63.291,79,29,0,4,240,338,416,1.47e-28,116,77.22,1,0
A00405_539_HLLNCDSX3_4_2432_21287_25300_1_243_+_ba90b251dbb9fd9fef23b6cb965a7026,MBI3678009.1,61.250,80,31,0,1,240,336,415,1.90e-28,116,75.00,1,0
A00405_539_HLLNCDSX3_4_2432_21287_25300_1_243_+_ba90b251dbb9fd9fef23b6cb965a7026,WP_131799526.1,63.291,79,29,0,4,240,29,107,2.01e-28,108,75.95,1,0
A00405_539_HLLNCDSX3_4_2432_21287_25300_1_243_+_ba90b251dbb9fd9fef23b6cb965a7026,MBS0409170.1,63.291,79,29,0,4,240,335,413,2.02e-28,115,78.48,1,0
A00405_539_HLLNCDSX3_4_2432_21287_25300_1_243_+_ba90b251dbb9fd9fef23b6cb965a7026,HEX2594690.1,62.500,80,30,0,1,240,336,415,2.15e-28,115,76.25,1,0
A00405_539_HLLNCDSX3_4_2432_21287_25300_1_243_+_ba90b251dbb9fd9fef23b6cb965a7026,EPZ16285.1,62.500,80,30,0,1,240,337,416,2.26e-28,115,77.50,1,0
A00405_539_HLLNCDSX3_4_2432_21287_25300_1_243_+_ba90b251dbb9fd9fef23b6cb965a7026,MBU6372423.1,63.291,79,29,0,4,240,336,414,2.29e-28,115,75.95,1,0
A00405_539_HLLNCDSX3_4_2432_21287_25300_1_243_+_ba90b251dbb9fd9fef23b6cb965a7026,MAN64394.1,63.291,79,29,0,4,240,336,414,2.34e-28,115,75.95,1,0
A00405_539_HLLNCDSX3_4_2432_21287_25300_1_243_+_ba90b251dbb9fd9fef23b6cb965a7026,HVZ70683.1,61.250,80,31,0,1,240,336,415,2.52e-28,115,76.25,1,0
A00405_539_HLLNCDSX3_4_2432_21287_25300_1_243_+_ba90b251dbb9fd9fef23b6cb965a7026,WP_346741310.1,62.025,79,30,0,4,240,336,414,2.65e-28,115,75.95,1,0
A00405_539_HLLNCDSX3_4_2432_21287_25300_1_243_+_ba90b251dbb9fd9fef23b6cb965a7026,WP_454558444.1,63.291,79,29,0,4,240,334,412,2.93e-28,115,75.95,1,0
A00405_539_HLLNCDSX3_4_2432_21287_25300_1_243_+_ba90b251dbb9fd9fef23b6cb965a7026,WP_293473584.1,65.823,79,27,0,4,240,335,413,2.96e-28,115,73.42,1,0
A00405_539_HLLNCDSX3_4_2432_21287_25300_1_243_+_ba90b251dbb9fd9fef23b6cb965a7026,WP_293544020.1,63.291,79,29,0,4,240,183,261,3.11e-28,112,73.42,1,0
A00405_539_HLLNCDSX3_4_2432_21287_25300_1_243_+_ba90b251dbb9fd9fef23b6cb965a7026,MBI4693925.1,62.500,80,30,0,1,240,338,417,3.20e-28,115,77.50,1,0
A00405_539_HLLNCDSX3_4_2432_21287_25300_1_243_+_ba90b251dbb9fd9fef23b6cb965a7026,WP_423308070.1,63.750,80,29,0,1,240,335,414,3.73e-28,115,75.00,1,0
A00405_539_HLLNCDSX3_4_2432_21287_25300_1_243_+_ba90b251dbb9fd9fef23b6cb965a7026,NWH07764.1,63.291,79,29,0,4,240,336,414,3.80e-28,115,74.68,1,0
A00405_539_HLLNCDSX3_4_2432_21287_25300_1_243_+_ba90b251dbb9fd9fef23b6cb965a7026,WP_454858945.1,62.500,80,30,0,1,240,340,419,4.20e-28,115,78.75,1,0
A00405_539_HLLNCDSX3_4_2432_21287_25300_1_243_+_ba90b251dbb9fd9fef23b6cb965a7026,HRE62066.1,64.557,79,28,0,4,240,336,414,4.88e-28,115,74.68,1,0
A00405_539_HLLNCDSX3_4_2432_21287_25300_1_243_+_ba90b251dbb9fd9fef23b6cb965a7026,WP_254834601.1,64.557,79,28,0,4,240,336,414,6.12e-28,114,73.42,1,0
A00405_539_HLLNCDSX3_4_2432_21287_25300_1_243_+_ba90b251dbb9fd9fef23b6cb965a7026,MFM8377008.1,60.759,79,31,0,4,240,92,170,6.57e-28,109,75.95,1,0
A00405_539_HLLNCDSX3_4_2432_21287_25300_1_243_+_ba90b251dbb9fd9fef23b6cb965a7026,MHE2444297.1,63.291,79,29,0,4,240,337,415,6.80e-28,114,74.68,1,0
A00405_539_HLLNCDSX3_4_1133_19199_19492_1_294_-_f696211bbf33e2824c01aee2ec50bcfe,WP_004620498.1,92.784,97,7,0,1,291,300,396,5.91e-57,192,95.88,1,0
A00405_539_HLLNCDSX3_4_1133_19199_19492_1_294_-_f696211bbf33e2824c01aee2ec50bcfe,MFT4251556.1,83.505,97,16,0,1,291,27,123,4.91e-54,176,92.78,1,0
A00405_539_HLLNCDSX3_4_1133_19199_19492_1_294_-_f696211bbf33e2824c01aee2ec50bcfe,WP_099580669.1,90.722,97,9,0,1,291,300,396,2.12e-53,182,92.78,1,0
A00405_539_HLLNCDSX3_4_1133_19199_19492_1_294_-_f696211bbf33e2824c01aee2ec50bcfe,WP_110120888.1,84.536,97,15,0,1,291,300,396,1.34e-51,178,93.81,1,0
A00405_539_HLLNCDSX3_4_1133_19199_19492_1_294_-_f696211bbf33e2824c01aee2ec50bcfe,WP_143755219.1,81.443,97,18,0,1,291,143,239,3.77e-50,170,87.63,1,0
A00405_539_HLLNCDSX3_4_1133_19199_19492_1_294_-_f696211bbf33e2824c01aee2ec50bcfe,HAJ46102.1,78.351,97,21,0,1,291,204,300,7.21e-49,168,90.72,1,0
A00405_539_HLLNCDSX3_4_1133_19199_19492_1_294_-_f696211bbf33e2824c01aee2ec50bcfe,MBO9706905.1,81.443,97,18,0,1,291,296,392,1.02e-48,170,88.66,1,0
A00405_539_HLLNCDSX3_4_1133_19199_19492_1_294_-_f696211bbf33e2824c01aee2ec50bcfe,WP_488899746.1,80.412,97,19,0,1,291,297,393,1.11e-48,170,90.72,1,0
A00405_539_HLLNCDSX3_4_1133_19199_19492_1_294_-_f696211bbf33e2824c01aee2ec50bcfe,WP_108504747.1,81.443,97,18,0,1,291,300,396,2.35e-48,169,88.66,1,0
A00405_539_HLLNCDSX3_4_1133_19199_19492_1_294_-_f696211bbf33e2824c01aee2ec50bcfe,MHR9009587.1,77.320,97,22,0,1,291,183,279,3.48e-48,166,85.57,1,0
A00405_539_HLLNCDSX3_4_1133_19199_19492_1_294_-_f696211bbf33e2824c01aee2ec50bcfe,MEI6441130.1,80.412,97,19,0,1,291,300,396,3.74e-48,169,85.57,1,0
A00405_539_HLLNCDSX3_4_1133_19199_19492_1_294_-_f696211bbf33e2824c01aee2ec50bcfe,MFY8141150.1,78.351,97,21,0,1,291,246,342,4.67e-48,167,90.72,1,0
A00405_539_HLLNCDSX3_4_1133_19199_19492_1_294_-_f696211bbf33e2824c01aee2ec50bcfe,WP_056721088.1,80.412,97,19,0,1,291,295,391,4.69e-48,169,88.66,1,0
A00405_539_HLLNCDSX3_4_1133_19199_19492_1_294_-_f696211bbf33e2824c01aee2ec50bcfe,HAH09935.1,78.351,97,21,0,1,291,296,392,9.83e-48,167,90.72,1,0
A00405_539_HLLNCDSX3_4_1133_19199_19492_1_294_-_f696211bbf33e2824c01aee2ec50bcfe,MBW8858388.1,79.381,97,20,0,1,291,219,315,1.20e-47,166,87.63,1,0
A00405_539_HLLNCDSX3_4_1133_19199_19492_1_294_-_f696211bbf33e2824c01aee2ec50bcfe,WP_426009808.1,80.412,97,19,0,1,291,296,392,1.33e-47,167,88.66,1,0
A00405_539_HLLNCDSX3_4_1133_19199_19492_1_294_-_f696211bbf33e2824c01aee2ec50bcfe,MDO9474079.1,79.381,97,20,0,1,291,297,393,1.52e-47,167,90.72,1,0
A00405_539_HLLNCDSX3_4_1133_19199_19492_1_294_-_f696211bbf33e2824c01aee2ec50bcfe,MCF8503962.1,79.381,97,20,0,1,291,297,393,2.26e-47,167,90.72,1,0
A00405_539_HLLNCDSX3_4_1133_19199_19492_1_294_-_f696211bbf33e2824c01aee2ec50bcfe,WP_305673163.1,80.412,97,19,0,1,291,300,396,2.56e-47,167,88.66,1,0
A00405_539_HLLNCDSX3_4_1133_19199_19492_1_294_-_f696211bbf33e2824c01aee2ec50bcfe,MES2033759.1,79.381,97,20,0,1,291,297,393,2.94e-47,166,87.63,1,0
A00405_539_HLLNCDSX3_4_1133_19199_19492_1_294_-_f696211bbf33e2824c01aee2ec50bcfe,HRD28473.1,77.320,97,22,0,1,291,296,392,3.15e-47,166,88.66,1,0
A00405_539_HLLNCDSX3_4_1133_19199_19492_1_294_-_f696211bbf33e2824c01aee2ec50bcfe,WP_099621213.1,78.351,97,21,0,1,291,297,393,3.17e-47,166,88.66,1,0
A00405_539_HLLNCDSX3_4_1133_19199_19492_1_294_-_f696211bbf33e2824c01aee2ec50bcfe,MBP8248415.1,76.289,97,23,0,1,291,148,244,3.88e-47,162,88.66,1,0
A00405_539_HLLNCDSX3_4_1133_19199_19492_1_294_-_f696211bbf33e2824c01aee2ec50bcfe,HRD46489.1,81.053,95,18,0,1,285,297,391,5.30e-47,164,89.47,1,0
A00405_539_HLLNCDSX3_4_1133_19199_19492_1_294_-_f696211bbf33e2824c01aee2ec50bcfe,WP_310083860.1,78.351,97,21,0,1,291,296,392,6.49e-47,166,89.69,1,0
A00405_539_HLLNCDSX3_4_1133_19199_19492_1_294_-_f696211bbf33e2824c01aee2ec50bcfe,MEY4784106.1,78.351,97,21,0,1,291,296,392,1.63e-46,164,86.60,1,0
A00405_539_HLLNCDSX3_4_1133_19199_19492_1_294_-_f696211bbf33e2824c01aee2ec50bcfe,MBP7649877.1,76.289,97,23,0,1,291,226,322,1.76e-46,163,88.66,1,0
A00405_539_HLLNCDSX3_4_1133_19199_19492_1_294_-_f696211bbf33e2824c01aee2ec50bcfe,MDO8323352.1,78.261,92,20,0,16,291,1,92,4.12e-46,155,88.04,1,0
A00405_539_HLLNCDSX3_4_1133_19199_19492_1_294_-_f696211bbf33e2824c01aee2ec50bcfe,MBP9756930.1,76.289,97,23,0,1,291,300,396,4.33e-46,162,88.66,1,0
A00405_539_HLLNCDSX3_4_1133_19199_19492_1_294_-_f696211bbf33e2824c01aee2ec50bcfe,HVK79307.1,76.289,97,23,0,1,291,173,269,4.41e-46,160,84.54,1,0
A00405_539_HLLNCDSX3_4_1133_19199_19492_1_294_-_f696211bbf33e2824c01aee2ec50bcfe,WP_305760990.1,77.320,97,22,0,1,291,300,396,4.87e-46,163,88.66,1,0
A00405_539_HLLNCDSX3_4_1133_19199_19492_1_294_-_f696211bbf33e2824c01aee2ec50bcfe,UPT62943.1,73.196,97,26,0,1,291,65,161,7.85e-46,156,82.47,1,0
A00405_539_HLLNCDSX3_4_1133_19199_19492_1_294_-_f696211bbf33e2824c01aee2ec50bcfe,MFZ4684829.1,74.227,97,25,0,1,291,54,150,1.05e-45,155,81.44,1,0
A00405_539_HLLNCDSX3_4_1133_19199_19492_1_294_-_f696211bbf33e2824c01aee2ec50bcfe,MDQ0463486.1,77.320,97,22,0,1,291,297,393,1.98e-45,162,86.60,1,0
A00405_539_HLLNCDSX3_4_1133_19199_19492_1_294_-_f696211bbf33e2824c01aee2ec50bcfe,NBU26841.1,73.196,97,26,0,1,291,71,167,3.18e-45,155,85.57,1,0
A00405_539_HLLNCDSX3_4_1133_19199_19492_1_294_-_f696211bbf33e2824c01aee2ec50bcfe,MFO1014592.1,76.289,97,23,0,1,291,302,398,3.43e-45,161,85.57,1,0
A00405_539_HLLNCDSX3_4_1133_19199_19492_1_294_-_f696211bbf33e2824c01aee2ec50bcfe,HEY1881069.1,76.289,97,23,0,1,291,301,397,3.58e-45,161,87.63,1,0
A00405_539_HLLNCDSX3_4_1133_19199_19492_1_294_-_f696211bbf33e2824c01aee2ec50bcfe,MDP1738221.1,76.289,97,23,0,1,291,297,393,3.62e-45,161,87.63,1,0
A00405_539_HLLNCDSX3_4_1133_19199_19492_1_294_-_f696211bbf33e2824c01aee2ec50bcfe,MEQ1818320.1,76.289,97,23,0,1,291,297,393,3.82e-45,161,84.54,1,0
A00405_539_HLLNCDSX3_4_1133_19199_19492_1_294_-_f696211bbf33e2824c01aee2ec50bcfe,WP_257815383.1,73.196,97,26,0,1,291,77,173,4.84e-45,155,84.54,1,0
A00405_539_HLLNCDSX3_4_1133_19199_19492_1_294_-_f696211bbf33e2824c01aee2ec50bcfe,WP_331007083.1,75.258,97,24,0,1,291,298,394,7.37e-45,160,84.54,1,0
A00405_539_HLLNCDSX3_4_1133_19199_19492_1_294_-_f696211bbf33e2824c01aee2ec50bcfe,MDP1632172.1,76.289,97,23,0,1,291,296,392,1.77e-44,159,85.57,1,0
A00405_539_HLLNCDSX3_4_1133_19199_19492_1_294_-_f696211bbf33e2824c01aee2ec50bcfe,MDH4385999.1,77.320,97,22,0,1,291,296,392,2.81e-44,159,86.60,1,0
A00405_539_HLLNCDSX3_4_1133_19199_19492_1_294_-_f696211bbf33e2824c01aee2ec50bcfe,MDB5431564.1,75.258,97,24,0,1,291,298,394,2.93e-44,159,83.51,1,0
A00405_539_HLLNCDSX3_4_1133_19199_19492_1_294_-_f696211bbf33e2824c01aee2ec50bcfe,MHL7324486.1,77.320,97,22,0,1,291,299,395,2.97e-44,159,82.47,1,0
A00405_539_HLLNCDSX3_4_1133_19199_19492_1_294_-_f696211bbf33e2824c01aee2ec50bcfe,MFT3729242.1,74.227,97,25,0,1,291,298,394,4.62e-44,158,83.51,1,0
A00405_539_HLLNCDSX3_4_1133_19199_19492_1_294_-_f696211bbf33e2824c01aee2ec50bcfe,HEY5008956.1,75.258,97,24,0,1,291,276,372,6.16e-44,157,84.54,1,0
A00405_539_HLLNCDSX3_4_1133_19199_19492_1_294_-_f696211bbf33e2824c01aee2ec50bcfe,MIB6249103.1,72.165,97,27,0,1,291,296,392,8.96e-44,157,86.60,1,0
A00405_539_HLLNCDSX3_4_1133_19199_19492_1_294_-_f696211bbf33e2824c01aee2ec50bcfe,MBI5940809.1,74.227,97,25,0,1,291,297,393,1.48e-43,157,86.60,1,0
A00405_539_HLLNCDSX3_4_1133_19199_19492_1_294_-_f696211bbf33e2824c01aee2ec50bcfe,HEY7901522.1,72.165,97,27,0,1,291,301,397,2.08e-43,156,87.63,1,0
A00405_539_HLLNCDSX3_4_1133_19199_19492_1_294_-_f696211bbf33e2824c01aee2ec50bcfe,MEO7027312.1,69.072,97,30,0,1,291,75,171,2.34e-43,150,83.51,1,0
A00405_539_HLLNCDSX3_4_1133_19199_19492_1_294_-_f696211bbf33e2824c01aee2ec50bcfe,HVY02595.1,75.258,97,24,0,1,291,300,396,2.62e-43,156,85.57,1,0
A00405_539_HLLNCDSX3_4_1133_19199_19492_1_294_-_f696211bbf33e2824c01aee2ec50bcfe,MBV1933267.1,70.103,97,29,0,1,291,20,116,2.94e-43,148,81.44,1,0
A00405_539_HLLNCDSX3_4_1133_19199_19492_1_294_-_f696211bbf33e2824c01aee2ec50bcfe,MEQ9316056.1,74.227,97,25,0,1,291,297,393,6.22e-43,155,84.54,1,0
A00405_539_HLLNCDSX3_4_1133_19199_19492_1_294_-_f696211bbf33e2824c01aee2ec50bcfe,HEY7853422.1,74.227,97,25,0,1,291,301,397,6.34e-43,155,85.57,1,0
A00405_539_HLLNCDSX3_4_1133_19199_19492_1_294_-_f696211bbf33e2824c01aee2ec50bcfe,MBI1405818.1,73.196,97,26,0,1,291,300,396,7.07e-43,155,84.54,1,0
A00405_539_HLLNCDSX3_4_1133_19199_19492_1_294_-_f696211bbf33e2824c01aee2ec50bcfe,WP_212271736.1,73.196,97,26,0,1,291,296,392,7.14e-43,155,84.54,1,0
A00405_539_HLLNCDSX3_4_1133_19199_19492_1_294_-_f696211bbf33e2824c01aee2ec50bcfe,MFN3856483.1,74.227,97,25,0,1,291,296,392,7.41e-43,155,84.54,1,0
A00405_539_HLLNCDSX3_4_1133_19199_19492_1_294_-_f696211bbf33e2824c01aee2ec50bcfe,MET0272528.1,69.072,97,30,0,1,291,51,147,8.71e-43,148,82.47,1,0
A00405_539_HLLNCDSX3_4_1133_19199_19492_1_294_-_f696211bbf33e2824c01aee2ec50bcfe,MBI1361114.1,76.289,97,23,0,1,291,296,392,1.12e-42,154,81.44,1,0
A00405_539_HLLNCDSX3_4_1133_19199_19492_1_294_-_f696211bbf33e2824c01aee2ec50bcfe,WP_424340841.1,73.196,97,26,0,1,291,297,393,1.22e-42,154,83.51,1,0
A00405_539_HLLNCDSX3_4_1133_19199_19492_1_294_-_f696211bbf33e2824c01aee2ec50bcfe,MEP6966443.1,74.227,97,25,0,1,291,300,396,1.32e-42,154,84.54,1,0
A00405_539_HLLNCDSX3_4_1133_19199_19492_1_294_-_f696211bbf33e2824c01aee2ec50bcfe,MEQ1780926.1,74.227,97,25,0,1,291,294,390,1.49e-42,154,80.41,1,0
A00405_539_HLLNCDSX3_4_1133_19199_19492_1_294_-_f696211bbf33e2824c01aee2ec50bcfe,WP_271065835.1,74.227,97,25,0,1,291,296,392,1.49e-42,154,83.51,1,0
A00405_539_HLLNCDSX3_4_1133_19199_19492_1_294_-_f696211bbf33e2824c01aee2ec50bcfe,WP_212226676.1,73.196,97,26,0,1,291,296,392,2.22e-42,154,84.54,1,0
A00405_539_HLLNCDSX3_4_1133_19199_19492_1_294_-_f696211bbf33e2824c01aee2ec50bcfe,WP_291614999.1,72.165,97,27,0,1,291,296,392,2.26e-42,154,85.57,1,0
A00405_539_HLLNCDSX3_4_1133_19199_19492_1_294_-_f696211bbf33e2824c01aee2ec50bcfe,WP_306252152.1,73.196,97,26,0,1,291,294,390,2.28e-42,154,80.41,1,0
A00405_539_HLLNCDSX3_4_1133_19199_19492_1_294_-_f696211bbf33e2824c01aee2ec50bcfe,WP_503456766.1,71.134,97,28,0,1,291,296,392,2.32e-42,154,84.54,1,0
A00405_539_HLLNCDSX3_4_1133_19199_19492_1_294_-_f696211bbf33e2824c01aee2ec50bcfe,HEV7693209.1,74.227,97,25,0,1,291,296,392,2.56e-42,154,80.41,1,0
A00405_539_HLLNCDSX3_4_1133_19199_19492_1_294_-_f696211bbf33e2824c01aee2ec50bcfe,OYX49956.1,75.258,97,24,0,1,291,296,392,3.27e-42,153,79.38,1,0
A00405_539_HLLNCDSX3_4_1133_19199_19492_1_294_-_f696211bbf33e2824c01aee2ec50bcfe,HEX5006182.1,73.196,97,26,0,1,291,296,392,3.55e-42,153,81.44,1,0
A00405_539_HLLNCDSX3_4_1133_19199_19492_1_294_-_f696211bbf33e2824c01aee2ec50bcfe,WP_084394183.1,72.165,97,27,0,1,291,297,393,3.76e-42,153,84.54,1,0
A00405_539_HLLNCDSX3_4_1133_19199_19492_1_294_-_f696211bbf33e2824c01aee2ec50bcfe,MEZ6028110.1,75.258,97,24,0,1,291,312,408,6.51e-42,153,79.38,1,0
A00405_539_HLLNCDSX3_4_1133_19199_19492_1_294_-_f696211bbf33e2824c01aee2ec50bcfe,WP_300379179.1,71.134,97,28,0,1,291,297,393,7.80e-42,152,83.51,1,0
A00405_539_HLLNCDSX3_4_1133_19199_19492_1_294_-_f696211bbf33e2824c01aee2ec50bcfe,MGH6910474.1,73.196,97,26,0,1,291,301,397,8.85e-42,152,83.51,1,0
A00405_539_HLLNCDSX3_4_1133_19199_19492_1_294_-_f696211bbf33e2824c01aee2ec50bcfe,HVY89459.1,75.258,97,24,0,1,291,296,392,9.14e-42,152,79.38,1,0
A00405_539_HLLNCDSX3_4_1133_19199_19492_1_294_-_f696211bbf33e2824c01aee2ec50bcfe,WP_300393971.1,71.134,97,28,0,1,291,297,393,9.24e-42,152,82.47,1,0
A00405_539_HLLNCDSX3_4_1133_19199_19492_1_294_-_f696211bbf33e2824c01aee2ec50bcfe,HEY5289904.1,72.165,97,27,0,1,291,301,397,1.03e-41,152,84.54,1,0
A00405_539_HLLNCDSX3_4_1133_19199_19492_1_294_-_f696211bbf33e2824c01aee2ec50bcfe,RYG37417.1,73.196,97,26,0,1,291,296,392,1.44e-41,152,81.44,1,0
A00405_539_HLLNCDSX3_4_1133_19199_19492_1_294_-_f696211bbf33e2824c01aee2ec50bcfe,WP_425228532.1,72.165,97,27,0,1,291,303,399,2.14e-41,151,82.47,1,0
A00405_539_HLLNCDSX3_4_1133_19199_19492_1_294_-_f696211bbf33e2824c01aee2ec50bcfe,WP_298812577.1,73.196,97,26,0,1,291,316,412,2.62e-41,151,82.47,1,0
A00405_539_HLLNCDSX3_4_1133_19199_19492_1_294_-_f696211bbf33e2824c01aee2ec50bcfe,MDX2233050.1,72.165,97,27,0,1,291,300,396,4.03e-41,150,79.38,1,0
A00405_539_HLLNCDSX3_4_1133_19199_19492_1_294_-_f696211bbf33e2824c01aee2ec50bcfe,MHK4141538.1,71.134,97,28,0,1,291,296,392,4.69e-41,150,83.51,1,0
A00405_539_HLLNCDSX3_4_1133_19199_19492_1_294_-_f696211bbf33e2824c01aee2ec50bcfe,MHN4151210.1,69.072,97,30,0,1,291,173,269,4.80e-41,147,81.44,1,0
A00405_539_HLLNCDSX3_4_1133_19199_19492_1_294_-_f696211bbf33e2824c01aee2ec50bcfe,MBY0567148.1,73.196,97,26,0,1,291,298,394,5.00e-41,150,80.41,1,0
A00405_539_HLLNCDSX3_4_1133_19199_19492_1_294_-_f696211bbf33e2824c01aee2ec50bcfe,MGE0829493.1,68.041,97,31,0,1,291,205,301,7.64e-41,148,84.54,1,0
A00405_539_HLLNCDSX3_4_1133_19199_19492_1_294_-_f696211bbf33e2824c01aee2ec50bcfe,WP_166574174.1,72.165,97,27,0,1,291,297,393,1.16e-40,149,83.51,1,0
A00405_539_HLLNCDSX3_4_1133_19199_19492_1_294_-_f696211bbf33e2824c01aee2ec50bcfe,MBU6318329.1,72.165,97,27,0,1,291,296,392,1.46e-40,149,79.38,1,0
A00405_539_HLLNCDSX3_4_1133_19199_19492_1_294_-_f696211bbf33e2824c01aee2ec50bcfe,WP_296220986.1,69.072,97,30,0,1,291,47,143,1.70e-40,142,79.38,1,0
A00405_539_HLLNCDSX3_4_1133_19199_19492_1_294_-_f696211bbf33e2824c01aee2ec50bcfe,MEO0786686.1,72.165,97,27,0,1,291,281,377,1.77e-40,148,79.38,1,0
A00405_539_HLLNCDSX3_4_1133_19199_19492_1_294_-_f696211bbf33e2824c01aee2ec50bcfe,WP_269402252.1,69.072,97,30,0,1,291,297,393,1.86e-40,149,81.44,1,0
A00405_539_HLLNCDSX3_4_1133_19199_19492_1_294_-_f696211bbf33e2824c01aee2ec50bcfe,MEL6212959.1,68.041,97,31,0,1,291,136,232,2.72e-40,144,79.38,1,0
A00405_539_HLLNCDSX3_4_1133_19199_19492_1_294_-_f696211bbf33e2824c01aee2ec50bcfe,WP_375287504.1,73.196,97,26,0,1,291,299,395,3.26e-40,148,80.41,1,0
A00405_539_HLLNCDSX3_4_1133_19199_19492_1_294_-_f696211bbf33e2824c01aee2ec50bcfe,MFT6489453.1,68.041,97,31,0,1,291,296,392,3.49e-40,148,82.47,1,0
A00405_539_HLLNCDSX3_4_1133_19199_19492_1_294_-_f696211bbf33e2824c01aee2ec50bcfe,MEL6828715.1,64.948,97,34,0,1,291,74,170,4.21e-40,142,78.35,1,0
A00405_539_HLLNCDSX3_4_1133_19199_19492_1_294_-_f696211bbf33e2824c01aee2ec50bcfe,MHY0610453.1,73.196,97,26,0,1,291,299,395,4.43e-40,148,80.41,1,0
A00405_539_HLLNCDSX3_4_1133_19199_19492_1_294_-_f696211bbf33e2824c01aee2ec50bcfe,MEL7489885.1,70.103,97,29,0,1,291,299,395,6.20e-40,147,81.44,1,0
A00405_539_HLLNCDSX3_4_1133_19199_19492_1_294_-_f696211bbf33e2824c01aee2ec50bcfe,WP_018147727.1,70.103,97,29,0,1,291,297,393,7.34e-40,147,80.41,1,0
A00405_539_HLLNCDSX3_4_1133_19199_19492_1_294_-_f696211bbf33e2824c01aee2ec50bcfe,MGB0919708.1,64.948,97,34,0,1,291,296,392,1.34e-39,146,84.54,1,0
A00405_539_HLLNCDSX3_4_1133_19199_19492_1_294_-_f696211bbf33e2824c01aee2ec50bcfe,MEE2878321.1,69.072,97,30,0,1,291,297,393,1.45e-39,146,83.51,1,0
A00405_539_HLLNCDSX3_4_2176_13277_15969_1_228_-_fa02245ea39709aa9e38896a5193a093,MBL8192081.1,98.667,75,1,0,1,225,12,86,1.38e-43,152,100.00,1,0
A00405_539_HLLNCDSX3_4_2176_13277_15969_1_228_-_fa02245ea39709aa9e38896a5193a093,HMV51294.1,90.667,75,7,0,1,225,13,87,2.07e-42,144,96.00,1,0
A00405_539_HLLNCDSX3_4_2176_13277_15969_1_228_-_fa02245ea39709aa9e38896a5193a093,MGE0883994.1,100.000,75,0,0,1,225,12,86,5.75e-41,153,100.00,1,0
A00405_539_HLLNCDSX3_4_2176_13277_15969_1_228_-_fa02245ea39709aa9e38896a5193a093,MHS1996879.1,96.000,75,3,0,1,225,12,86,4.08e-40,150,100.00,1,0
A00405_539_HLLNCDSX3_4_2176_13277_15969_1_228_-_fa02245ea39709aa9e38896a5193a093,MBP6824197.1,97.333,75,2,0,1,225,12,86,9.43e-40,149,98.67,1,0
A00405_539_HLLNCDSX3_4_2176_13277_15969_1_228_-_fa02245ea39709aa9e38896a5193a093,HQR31512.1,96.000,75,3,0,1,225,12,86,1.09e-39,149,98.67,1,0
A00405_539_HLLNCDSX3_4_2176_13277_15969_1_228_-_fa02245ea39709aa9e38896a5193a093,MEP7338253.1,92.000,75,6,0,1,225,13,87,2.14e-38,145,97.33,1,0
A00405_539_HLLNCDSX3_4_2176_13277_15969_1_228_-_fa02245ea39709aa9e38896a5193a093,HMY73600.1,90.667,75,7,0,1,225,13,87,2.76e-38,145,96.00,1,0
A00405_539_HLLNCDSX3_4_2176_13277_15969_1_228_-_fa02245ea39709aa9e38896a5193a093,HMV83549.1,90.667,75,7,0,1,225,13,87,4.66e-38,145,96.00,1,0
A00405_539_HLLNCDSX3_4_2176_13277_15969_1_228_-_fa02245ea39709aa9e38896a5193a093,MHL5434552.1,89.333,75,8,0,1,225,12,86,4.79e-38,143,94.67,1,0
A00405_539_HLLNCDSX3_4_2176_13277_15969_1_228_-_fa02245ea39709aa9e38896a5193a093,MDQ3011668.1,84.000,75,12,0,1,225,16,90,6.21e-36,139,94.67,1,0
A00405_539_HLLNCDSX3_4_2176_13277_15969_1_228_-_fa02245ea39709aa9e38896a5193a093,HIR5571750.1,84.000,75,12,0,1,225,13,87,4.73e-35,135,93.33,1,0
A00405_539_HLLNCDSX3_4_2176_13277_15969_1_228_-_fa02245ea39709aa9e38896a5193a093,HWQ33993.1,81.333,75,14,0,1,225,13,87,7.60e-33,130,90.67,1,0
A00405_539_HLLNCDSX3_4_2176_13277_15969_1_228_-_fa02245ea39709aa9e38896a5193a093,MBI1765216.1,81.333,75,14,0,1,225,10,84,3.70e-32,128,88.00,1,0
A00405_539_HLLNCDSX3_4_2176_13277_15969_1_228_-_fa02245ea39709aa9e38896a5193a093,NOT62060.1,78.378,74,16,0,1,222,13,86,1.35e-31,123,87.84,1,0
A00405_539_HLLNCDSX3_4_2176_13277_15969_1_228_-_fa02245ea39709aa9e38896a5193a093,HEY0321554.1,76.000,75,18,0,1,225,19,93,1.59e-30,123,88.00,1,0
A00405_539_HLLNCDSX3_4_2176_13277_15969_1_228_-_fa02245ea39709aa9e38896a5193a093,HVG33798.1,76.000,75,18,0,1,225,21,95,1.69e-30,123,89.33,1,0
A00405_539_HLLNCDSX3_4_2176_13277_15969_1_228_-_fa02245ea39709aa9e38896a5193a093,MFN0124318.1,76.000,75,18,0,1,225,13,87,3.02e-30,122,92.00,1,0
A00405_539_HLLNCDSX3_4_2176_13277_15969_1_228_-_fa02245ea39709aa9e38896a5193a093,MBL8169131.1,76.000,75,18,0,1,225,13,87,4.86e-30,122,88.00,1,0
A00405_539_HLLNCDSX3_4_2176_13277_15969_1_228_-_fa02245ea39709aa9e38896a5193a093,MFN8000061.1,76.000,75,18,0,1,225,13,87,7.60e-30,121,88.00,1,0
A00405_539_HLLNCDSX3_4_2176_13277_15969_1_228_-_fa02245ea39709aa9e38896a5193a093,MDX2029268.1,76.000,75,18,0,1,225,10,84,6.57e-29,119,86.67,1,0
A00405_539_HLLNCDSX3_4_2176_13277_15969_1_228_-_fa02245ea39709aa9e38896a5193a093,MFN0087019.1,74.667,75,19,0,1,225,13,87,3.36e-28,117,86.67,1,0
A00405_539_HLLNCDSX3_4_2176_13277_15969_1_228_-_fa02245ea39709aa9e38896a5193a093,MCY7347662.1,70.667,75,22,0,1,225,8,82,1.59e-27,115,86.67,1,0
A00405_539_HLLNCDSX3_4_2176_13277_15969_1_228_-_fa02245ea39709aa9e38896a5193a093,MEW6128519.1,66.667,75,25,0,1,225,10,84,7.47e-27,113,88.00,1,0
A00405_539_HLLNCDSX3_4_2176_13277_15969_1_228_-_fa02245ea39709aa9e38896a5193a093,MBC7798853.1,71.622,74,21,0,1,222,14,87,1.33e-26,112,85.14,1,0
A00405_539_HLLNCDSX3_4_2176_13277_15969_1_228_-_fa02245ea39709aa9e38896a5193a093,MBL8202945.1,66.667,75,25,0,1,225,13,87,6.72e-26,110,88.00,1,0
A00405_539_HLLNCDSX3_4_2176_13277_15969_1_228_-_fa02245ea39709aa9e38896a5193a093,HME06047.1,64.000,75,27,0,1,225,7,81,7.98e-26,107,82.67,1,0
A00405_539_HLLNCDSX3_4_2176_13277_15969_1_228_-_fa02245ea39709aa9e38896a5193a093,HEV8440448.1,64.000,75,27,0,1,225,13,87,1.20e-25,109,84.00,1,0
A00405_539_HLLNCDSX3_4_2176_13277_15969_1_228_-_fa02245ea39709aa9e38896a5193a093,HIR3432847.1,65.333,75,26,0,1,225,13,87,1.26e-25,109,86.67,1,0
A00405_539_HLLNCDSX3_4_2176_13277_15969_1_228_-_fa02245ea39709aa9e38896a5193a093,HEX4946888.1,65.333,75,26,0,1,225,13,87,2.30e-25,108,86.67,1,0
A00405_539_HLLNCDSX3_4_2176_13277_15969_1_228_-_fa02245ea39709aa9e38896a5193a093,HET8675951.1,78.788,66,14,0,28,225,1,66,6.35e-25,107,89.39,1,0
A00405_539_HLLNCDSX3_4_2176_13277_15969_1_228_-_fa02245ea39709aa9e38896a5193a093,MGE3539645.1,66.667,75,25,0,1,225,12,86,9.83e-25,107,82.67,1,0
A00405_539_HLLNCDSX3_4_2176_13277_15969_1_228_-_fa02245ea39709aa9e38896a5193a093,HVN90615.1,66.667,75,25,0,1,225,12,86,1.45e-24,106,78.67,1,0
A00405_539_HLLNCDSX3_4_2176_13277_15969_1_228_-_fa02245ea39709aa9e38896a5193a093,MHR9649220.1,65.333,75,26,0,1,225,2,76,2.17e-24,105,80.00,1,0
A00405_539_HLLNCDSX3_4_2176_13277_15969_1_228_-_fa02245ea39709aa9e38896a5193a093,HYU14466.1,62.667,75,28,0,1,225,13,87,5.23e-24,105,82.67,1,0
A00405_539_HLLNCDSX3_4_2176_13277_15969_1_228_-_fa02245ea39709aa9e38896a5193a093,HZV97280.1,60.000,75,30,0,1,225,13,87,7.65e-24,104,82.67,1,0
A00405_539_HLLNCDSX3_4_2176_13277_15969_1_228_-_fa02245ea39709aa9e38896a5193a093,HEY5724817.1,58.667,75,31,0,1,225,13,87,9.70e-24,104,82.67,1,0
A00405_539_HLLNCDSX3_4_2176_13277_15969_1_228_-_fa02245ea39709aa9e38896a5193a093,HEX9478426.1,56.000,75,33,0,1,225,13,87,1.45e-23,98.6,78.67,1,0
A00405_539_HLLNCDSX3_4_2176_13277_15969_1_228_-_fa02245ea39709aa9e38896a5193a093,HWO06261.1,54.667,75,34,0,1,225,13,87,1.95e-23,95.5,77.33,1,0
A00405_539_HLLNCDSX3_4_2176_13277_15969_1_228_-_fa02245ea39709aa9e38896a5193a093,HJR02946.1,61.333,75,29,0,1,225,13,87,2.40e-23,102,78.67,1,0
A00405_539_HLLNCDSX3_4_2176_13277_15969_1_228_-_fa02245ea39709aa9e38896a5193a093,HET9926782.1,60.000,75,30,0,1,225,13,87,2.50e-23,102,80.00,1,0
A00405_539_HLLNCDSX3_4_2176_13277_15969_1_228_-_fa02245ea39709aa9e38896a5193a093,HKZ06205.1,58.667,75,31,0,1,225,13,87,2.54e-23,102,82.67,1,0
A00405_539_HLLNCDSX3_4_2176_13277_15969_1_228_-_fa02245ea39709aa9e38896a5193a093,HSE04279.1,61.333,75,29,0,1,225,13,87,2.82e-23,102,80.00,1,0
A00405_539_HLLNCDSX3_4_2176_13277_15969_1_228_-_fa02245ea39709aa9e38896a5193a093,HTK91159.1,60.000,75,30,0,1,225,13,87,2.82e-23,102,81.33,1,0
A00405_539_HLLNCDSX3_4_2176_13277_15969_1_228_-_fa02245ea39709aa9e38896a5193a093,MGH7373990.1,60.000,75,30,0,1,225,13,87,5.25e-23,102,80.00,1,0
A00405_539_HLLNCDSX3_4_2176_13277_15969_1_228_-_fa02245ea39709aa9e38896a5193a093,MGH8672909.1,58.333,72,30,0,1,216,13,84,8.47e-23,93.6,75.00,1,0
A00405_539_HLLNCDSX3_4_2176_13277_15969_1_228_-_fa02245ea39709aa9e38896a5193a093,MDQ6943938.1,56.000,75,33,0,1,225,13,87,1.55e-22,94.4,80.00,1,0
A00405_539_HLLNCDSX3_4_2176_13277_15969_1_228_-_fa02245ea39709aa9e38896a5193a093,MBF6561212.1,60.000,75,30,0,1,225,12,86,4.33e-22,99.4,77.33,1,0
A00405_539_HLLNCDSX3_4_2176_13277_15969_1_228_-_fa02245ea39709aa9e38896a5193a093,MGL4560119.1,54.167,72,33,0,1,216,13,84,6.50e-22,91.3,81.94,1,0
A00405_539_HLLNCDSX3_4_2176_13277_15969_1_228_-_fa02245ea39709aa9e38896a5193a093,MGO9264155.1,61.333,75,29,0,1,225,12,86,7.99e-22,99.0,76.00,1,0
A00405_539_HLLNCDSX3_4_2176_13277_15969_1_228_-_fa02245ea39709aa9e38896a5193a093,HWP77850.1,57.333,75,32,0,1,225,13,87,1.57e-21,97.8,78.67,1,0
A00405_539_HLLNCDSX3_4_2176_13277_15969_1_228_-_fa02245ea39709aa9e38896a5193a093,HWN02296.1,57.333,75,32,0,1,225,13,87,2.03e-21,97.8,78.67,1,0
A00405_539_HLLNCDSX3_4_2176_13277_15969_1_228_-_fa02245ea39709aa9e38896a5193a093,MGH7001591.1,60.000,75,30,0,1,225,12,86,3.03e-21,94.4,77.33,1,0
A00405_539_HLLNCDSX3_4_2176_13277_15969_1_228_-_fa02245ea39709aa9e38896a5193a093,HLZ56693.1,57.333,75,32,0,1,225,21,95,4.29e-21,96.7,78.67,1,0
A00405_539_HLLNCDSX3_4_2176_13277_15969_1_228_-_fa02245ea39709aa9e38896a5193a093,MCB1411906.1,57.333,75,32,0,1,225,13,87,4.74e-21,96.7,82.67,1,0
A00405_539_HLLNCDSX3_4_2176_13277_15969_1_228_-_fa02245ea39709aa9e38896a5193a093,HYC65997.1,54.167,72,33,0,1,216,12,83,5.76e-21,89.0,77.78,1,0
A00405_539_HLLNCDSX3_4_2176_13277_15969_1_228_-_fa02245ea39709aa9e38896a5193a093,HEY1850066.1,60.000,75,30,0,1,225,12,86,8.18e-21,95.9,77.33,1,0
A00405_539_HLLNCDSX3_4_2176_13277_15969_1_228_-_fa02245ea39709aa9e38896a5193a093,MGH7840996.1,60.000,75,30,0,1,225,12,86,1.01e-20,95.5,77.33,1,0
A00405_539_HLLNCDSX3_4_2176_13277_15969_1_228_-_fa02245ea39709aa9e38896a5193a093,MGH7836351.1,60.000,75,30,0,1,225,12,86,1.43e-20,95.1,77.33,1,0
A00405_539_HLLNCDSX3_4_2176_13277_15969_1_228_-_fa02245ea39709aa9e38896a5193a093,MHH6900725.1,58.667,75,31,0,1,225,13,87,2.45e-20,94.7,80.00,1,0
A00405_539_HLLNCDSX3_4_2176_13277_15969_1_228_-_fa02245ea39709aa9e38896a5193a093,HEX3549220.1,57.895,76,31,1,1,225,13,88,2.65e-20,94.4,77.63,1,0
A00405_539_HLLNCDSX3_4_2176_13277_15969_1_228_-_fa02245ea39709aa9e38896a5193a093,MFM2423133.1,53.333,75,35,0,1,225,24,98,4.47e-20,87.4,72.00,1,0
A00405_539_HLLNCDSX3_4_2176_13277_15969_1_228_-_fa02245ea39709aa9e38896a5193a093,MEA2690395.1,56.000,75,33,0,1,225,13,87,4.86e-20,93.6,78.67,1,0
A00405_539_HLLNCDSX3_4_2176_13277_15969_1_228_-_fa02245ea39709aa9e38896a5193a093,MBN9000574.1,54.167,72,33,0,1,216,13,84,5.55e-20,88.2,77.78,1,0
A00405_539_HLLNCDSX3_4_2176_13277_15969_1_228_-_fa02245ea39709aa9e38896a5193a093,MGY4373910.1,52.778,72,34,0,1,216,13,84,6.44e-20,87.8,77.78,1,0
A00405_539_HLLNCDSX3_4_2176_13277_15969_1_228_-_fa02245ea39709aa9e38896a5193a093,MDO9058509.1,51.389,72,35,0,1,216,13,84,7.31e-20,87.8,79.17,1,0
A00405_539_HLLNCDSX3_4_2176_13277_15969_1_228_-_fa02245ea39709aa9e38896a5193a093,WP_338255698.1,58.667,75,31,0,1,225,15,89,7.66e-20,93.2,73.33,1,0
A00405_539_HLLNCDSX3_4_2176_13277_15969_1_228_-_fa02245ea39709aa9e38896a5193a093,MEA2803936.1,54.167,72,33,0,1,216,12,83,7.86e-20,86.7,76.39,1,0
A00405_539_HLLNCDSX3_4_2176_13277_15969_1_228_-_fa02245ea39709aa9e38896a5193a093,MBM3646564.1,54.167,72,33,0,1,216,12,83,9.09e-20,86.7,76.39,1,0
A00405_539_HLLNCDSX3_4_2176_13277_15969_1_228_-_fa02245ea39709aa9e38896a5193a093,HUN59426.1,54.667,75,34,0,1,225,12,86,1.04e-19,92.8,76.00,1,0
A00405_539_HLLNCDSX3_4_2176_13277_15969_1_228_-_fa02245ea39709aa9e38896a5193a093,HTN28151.1,59.722,72,29,0,1,216,13,84,1.36e-19,92.4,73.61,1,0
A00405_539_HLLNCDSX3_4_2176_13277_15969_1_228_-_fa02245ea39709aa9e38896a5193a093,WP_184082483.1,55.556,72,32,0,1,216,13,84,1.65e-19,92.0,81.94,1,0
A00405_539_HLLNCDSX3_4_2176_13277_15969_1_228_-_fa02245ea39709aa9e38896a5193a093,MGL4263752.1,54.167,72,33,0,1,216,13,84,1.92e-19,90.9,81.94,1,0
A00405_539_HLLNCDSX3_4_2176_13277_15969_1_228_-_fa02245ea39709aa9e38896a5193a093,MEA2894313.1,51.389,72,35,0,1,216,13,84,2.01e-19,85.9,77.78,1,0
A00405_539_HLLNCDSX3_4_2176_13277_15969_1_228_-_fa02245ea39709aa9e38896a5193a093,MDQ2857571.1,54.667,75,34,0,1,225,13,87,2.03e-19,92.0,74.67,1,0
A00405_539_HLLNCDSX3_4_2176_13277_15969_1_228_-_fa02245ea39709aa9e38896a5193a093,MDB5070317.1,54.667,75,34,0,1,225,13,87,2.05e-19,92.0,80.00,1,0
A00405_539_HLLNCDSX3_4_2176_13277_15969_1_228_-_fa02245ea39709aa9e38896a5193a093,HXA96971.1,62.667,75,28,0,1,225,13,87,2.09e-19,92.0,80.00,1,0
A00405_539_HLLNCDSX3_4_2176_13277_15969_1_228_-_fa02245ea39709aa9e38896a5193a093,MBN8962934.1,55.556,72,32,0,1,216,13,84,2.28e-19,91.7,83.33,1,0
A00405_539_HLLNCDSX3_4_2176_13277_15969_1_228_-_fa02245ea39709aa9e38896a5193a093,MES2167218.1,54.167,72,33,0,1,216,13,84,2.39e-19,91.7,81.94,1,0
A00405_539_HLLNCDSX3_4_2176_13277_15969_1_228_-_fa02245ea39709aa9e38896a5193a093,MDP9105292.1,54.667,75,34,0,1,225,13,87,2.62e-19,91.7,78.67,1,0
A00405_539_HLLNCDSX3_4_2176_13277_15969_1_228_-_fa02245ea39709aa9e38896a5193a093,MBV9617486.1,56.000,75,33,0,1,225,21,95,2.68e-19,89.4,74.67,1,0
A00405_539_HLLNCDSX3_4_2176_13277_15969_1_228_-_fa02245ea39709aa9e38896a5193a093,HEY7037870.1,62.667,75,28,0,1,225,13,87,2.85e-19,91.7,80.00,1,0
A00405_539_HLLNCDSX3_4_2176_13277_15969_1_228_-_fa02245ea39709aa9e38896a5193a093,HKA63923.1,62.667,75,28,0,1,225,13,87,3.02e-19,91.3,80.00,1,0
A00405_539_HLLNCDSX3_4_2176_13277_15969_1_228_-_fa02245ea39709aa9e38896a5193a093,WP_126627842.1,57.333,75,32,0,1,225,14,88,3.11e-19,91.3,73.33,1,0
A00405_539_HLLNCDSX3_4_2176_13277_15969_1_228_-_fa02245ea39709aa9e38896a5193a093,HKC06388.1,62.667,75,28,0,1,225,13,87,3.24e-19,91.3,80.00,1,0
A00405_539_HLLNCDSX3_4_2176_13277_15969_1_228_-_fa02245ea39709aa9e38896a5193a093,HTL27208.1,58.333,72,30,0,1,216,13,84,3.55e-19,91.3,72.22,1,0
A00405_539_HLLNCDSX3_4_2176_13277_15969_1_228_-_fa02245ea39709aa9e38896a5193a093,WP_327567968.1,52.778,72,34,0,1,216,13,84,3.70e-19,89.0,81.94,1,0
A00405_539_HLLNCDSX3_4_2176_13277_15969_1_228_-_fa02245ea39709aa9e38896a5193a093,HEV8096792.1,58.333,72,30,0,1,216,13,84,3.97e-19,91.3,75.00,1,0
A00405_539_HLLNCDSX3_4_2176_13277_15969_1_228_-_fa02245ea39709aa9e38896a5193a093,HEX9210705.1,51.389,72,35,0,1,216,13,84,4.57e-19,85.5,76.39,1,0
A00405_539_HLLNCDSX3_4_2176_13277_15969_1_228_-_fa02245ea39709aa9e38896a5193a093,MBV9257268.1,56.000,75,33,0,1,225,21,95,4.78e-19,90.9,74.67,1,0
A00405_539_HLLNCDSX3_4_2176_13277_15969_1_228_-_fa02245ea39709aa9e38896a5193a093,MBV9709477.1,56.000,75,33,0,1,225,21,95,5.90e-19,90.5,74.67,1,0
A00405_539_HLLNCDSX3_4_2176_13277_15969_1_228_-_fa02245ea39709aa9e38896a5193a093,HVV41764.1,52.778,72,34,0,1,216,13,84,6.52e-19,90.5,81.94,1,0
A00405_539_HLLNCDSX3_4_2176_13277_15969_1_228_-_fa02245ea39709aa9e38896a5193a093,WP_002711076.1,54.167,72,33,0,1,216,13,84,6.52e-19,90.5,83.33,1,0
A00405_539_HLLNCDSX3_4_2176_13277_15969_1_228_-_fa02245ea39709aa9e38896a5193a093,MEM8754597.1,48.000,75,39,0,1,225,11,85,7.55e-19,85.1,74.67,1,0
A00405_539_HLLNCDSX3_4_2176_13277_15969_1_228_-_fa02245ea39709aa9e38896a5193a093,HKW95750.1,61.333,75,29,0,1,225,13,87,7.85e-19,90.1,80.00,1,0
A00405_539_HLLNCDSX3_4_2176_13277_15969_1_228_-_fa02245ea39709aa9e38896a5193a093,HBY31787.1,48.611,72,37,0,1,216,13,84,8.95e-19,85.1,80.56,1,0
A00405_539_HLLNCDSX3_4_2176_13277_15969_1_228_-_fa02245ea39709aa9e38896a5193a093,WP_126551804.1,58.667,75,31,0,1,225,15,89,9.91e-19,90.1,73.33,1,0
A00405_539_HLLNCDSX3_4_2176_13277_15969_1_228_-_fa02245ea39709aa9e38896a5193a093,MGP8121943.1,52.778,72,34,0,1,216,13,84,1.49e-18,89.4,80.56,1,0
A00405_539_HLLNCDSX3_4_2176_13277_15969_1_228_-_fa02245ea39709aa9e38896a5193a093,WP_490827208.1,54.167,72,33,0,1,216,13,84,1.52e-18,89.4,79.17,1,0
A00405_539_HLLNCDSX3_4_2176_13277_15969_1_228_-_fa02245ea39709aa9e38896a5193a093,HEY5001511.1,53.333,75,35,0,1,225,22,96,1.55e-18,89.4,74.67,1,0


