qseqid,sample,pair_status,abundance,f_targets,r_targets,f_target_id,r_target_id,expected_sources,read_best_source_id,read_pident,read_length,mismatch,evalue,read_bitscore,qlen,matches_expected,read_coverage,classification
M03520:605:000000000-LVNKY:1:1101:13302:14046,as20-2,matched_pair,1,RH.6408CE975B5340AZ0Z,RH.6408CE975B5340AZ0Z,RH.6408CE975B5340AZ0Z,RH.6408CE975B5340AZ0Z,A00405_539_HLLNCDSX3_4_1418_8196_3505_1_290_-_1bf831b7d5cca66c11b01477482cf05f,A00405_539_HLLNCDSX3_4_1418_8196_3505_1_290_-_1bf831b7d5cca66c11b01477482cf05f,98.649,148,2,8.58e-73,263,151,TRUE,0.980132450331126,Matches own primer's target (expected)
M03520:605:000000000-LVNKY:1:1101:18748:8212,as10-2,matched_pair,1,RH.907BE43FC49F4D0Z0Z,RH.907BE43FC49F4D0Z0Z,RH.907BE43FC49F4D0Z0Z,RH.907BE43FC49F4D0Z0Z,A00405_539_HLLNCDSX3_4_1175_3360_14262_1_234_-_90b277c25a351d8118b56495f1520ab8,A00405_539_HLLNCDSX3_4_1175_3360_14262_1_234_-_90b277c25a351d8118b56495f1520ab8,99.31,145,1,8.58e-73,263,151,TRUE,0.960264900662252,Matches own primer's target (expected)
M03520:605:000000000-LVNKY:1:1101:19085:12115,as7-2,chimera,1,RH.3B2B2BB86AB94D3Z0Z,RH.64613722763148BZ0Z,RH.3B2B2BB86AB94D3Z0Z,RH.64613722763148BZ0Z,A00405_539_HLLNCDSX3_4_2273_12391_14716_1_280_+_dc9ad065389b151656592223aedc10ba,,,,,,,,FALSE,,No whole-read match to any target
M03520:605:000000000-LVNKY:1:1101:19243:8951,as10-3,chimera,1,RH.3B2B2BB86AB94D3Z0Z,RH.64613722763148BZ0Z,RH.3B2B2BB86AB94D3Z0Z,RH.64613722763148BZ0Z,A00405_539_HLLNCDSX3_4_2273_12391_14716_1_280_+_dc9ad065389b151656592223aedc10ba,,,,,,,,FALSE,,No whole-read match to any target
M03520:605:000000000-LVNKY:1:1101:20683:21684,as3-3,matched_pair,1,RH.DDB83AFF97C94C6Z0Z,RH.DDB83AFF97C94C6Z0Z,RH.DDB83AFF97C94C6Z0Z,RH.DDB83AFF97C94C6Z0Z,A00405_539_HLLNCDSX3_4_2214_27434_30780_1_238_-_02586f3f6cd19c432ac8d02dc5b6f139,A00405_539_HLLNCDSX3_4_2214_27434_30780_1_238_-_02586f3f6cd19c432ac8d02dc5b6f139,99.138,116,1,1.13e-56,209,151,TRUE,0.768211920529801,Matches own primer's target (expected)
M03520:605:000000000-LVNKY:1:1101:20740:4669,as20-3,chimera,1,RH.3B2B2BB86AB94D3Z0Z,RH.64613722763148BZ0Z,RH.3B2B2BB86AB94D3Z0Z,RH.64613722763148BZ0Z,A00405_539_HLLNCDSX3_4_2273_12391_14716_1_280_+_dc9ad065389b151656592223aedc10ba,,,,,,,,FALSE,,No whole-read match to any target
M03520:605:000000000-LVNKY:1:1101:22592:5346,sd3-1,chimera,1,RH.3B2B2BB86AB94D3Z0Z,RH.64613722763148BZ0Z,RH.3B2B2BB86AB94D3Z0Z,RH.64613722763148BZ0Z,A00405_539_HLLNCDSX3_4_2273_12391_14716_1_280_+_dc9ad065389b151656592223aedc10ba,,,,,,,,FALSE,,No whole-read match to any target
M03520:605:000000000-LVNKY:1:1101:23583:5218,sd10-2,matched_pair,1,RH.27578A9A85FA4A3Z0Z,RH.27578A9A85FA4A3Z0Z,RH.27578A9A85FA4A3Z0Z,RH.27578A9A85FA4A3Z0Z,A00405_539_HLLNCDSX3_4_2413_23728_18349_1_294_+_5c8cf276bfb8a016a1079c51251bc7d6,A00405_539_HLLNCDSX3_4_2413_23728_18349_1_294_+_5c8cf276bfb8a016a1079c51251bc7d6,97.351,151,4,3.99e-71,257,151,TRUE,1,Matches own primer's target (expected)
M03520:605:000000000-LVNKY:1:1101:25010:23879,as3-1,chimera,1,RH.3B2B2BB86AB94D3Z0Z,RH.64613722763148BZ0Z,RH.3B2B2BB86AB94D3Z0Z,RH.64613722763148BZ0Z,A00405_539_HLLNCDSX3_4_2273_12391_14716_1_280_+_dc9ad065389b151656592223aedc10ba,,,,,,,,FALSE,,No whole-read match to any target
M03520:605:000000000-LVNKY:1:1101:6992:22058,as7-2,chimera,1,RH.3B2B2BB86AB94D3Z0Z,RH.64613722763148BZ0Z,RH.3B2B2BB86AB94D3Z0Z,RH.64613722763148BZ0Z,A00405_539_HLLNCDSX3_4_2273_12391_14716_1_280_+_dc9ad065389b151656592223aedc10ba,,,,,,,,FALSE,,No whole-read match to any target
M03520:605:000000000-LVNKY:1:1101:7522:18422,sd10-2,matched_pair,2,RH.517A9FBA2B494D5Z0Z,RH.517A9FBA2B494D5Z0Z,RH.517A9FBA2B494D5Z0Z,RH.517A9FBA2B494D5Z0Z,A00405_539_HLLNCDSX3_4_2144_25943_22498_1_291_+_b63a675850008016b91f6d9617d49ae1,A00405_539_HLLNCDSX3_4_2144_25943_22498_1_291_+_b63a675850008016b91f6d9617d49ae1,100,117,0,6.77e-59,217,151,TRUE,0.774834437086093,Matches own primer's target (expected)
M03520:605:000000000-LVNKY:1:1101:7734:11629,as7-1,matched_pair,1,RH.DDB83AFF97C94C6Z0Z,RH.DDB83AFF97C94C6Z0Z,RH.DDB83AFF97C94C6Z0Z,RH.DDB83AFF97C94C6Z0Z,A00405_539_HLLNCDSX3_4_2214_27434_30780_1_238_-_02586f3f6cd19c432ac8d02dc5b6f139,A00405_539_HLLNCDSX3_4_2214_27434_30780_1_238_-_02586f3f6cd19c432ac8d02dc5b6f139,99.138,116,1,1.13e-56,209,151,TRUE,0.768211920529801,Matches own primer's target (expected)
M03520:605:000000000-LVNKY:1:1101:8840:8240,as20-2,chimera,1,RH.44333617E8F04C0Z0Z,RH.C597F0BA65D4481Z0Z,RH.44333617E8F04C0Z0Z,RH.C597F0BA65D4481Z0Z,A00405_539_HLLNCDSX3_4_2362_27326_33004_1_286_-_08920e28984ffda7ff0f37d186246d68; A00405_539_HLLNCDSX3_4_1253_5231_9204_1_291_+_5232c331b3893acf7a55118f4673f3d0,A00405_539_HLLNCDSX3_4_1253_5231_9204_1_291_+_5232c331b3893acf7a55118f4673f3d0,95.455,44,2,5.58e-15,71.3,151,TRUE,0.291390728476821,Matches own primer's target (expected)
M03520:605:000000000-LVNKY:1:1102:11377:18416,sd3-1,matched_pair,2,RH.27578A9A85FA4A3Z0Z,RH.27578A9A85FA4A3Z0Z,RH.27578A9A85FA4A3Z0Z,RH.27578A9A85FA4A3Z0Z,A00405_539_HLLNCDSX3_4_2413_23728_18349_1_294_+_5c8cf276bfb8a016a1079c51251bc7d6,A00405_539_HLLNCDSX3_4_2413_23728_18349_1_294_+_5c8cf276bfb8a016a1079c51251bc7d6,100,146,0,5.13e-75,270,151,TRUE,0.966887417218543,Matches own primer's target (expected)
M03520:605:000000000-LVNKY:1:1102:12002:22815,as25-3,chimera,1,RH.44333617E8F04C0Z0Z,RH.C597F0BA65D4481Z0Z,RH.44333617E8F04C0Z0Z,RH.C597F0BA65D4481Z0Z,A00405_539_HLLNCDSX3_4_2362_27326_33004_1_286_-_08920e28984ffda7ff0f37d186246d68; A00405_539_HLLNCDSX3_4_1253_5231_9204_1_291_+_5232c331b3893acf7a55118f4673f3d0,A00405_539_HLLNCDSX3_4_1253_5231_9204_1_291_+_5232c331b3893acf7a55118f4673f3d0,95.455,44,2,5.58e-15,71.3,151,TRUE,0.291390728476821,Matches own primer's target (expected)
M03520:605:000000000-LVNKY:1:1102:12716:24787,as7-1,chimera,1,RH.094E5466924B45EZ0Z,RH.A12CDF2B5C80436Z0Z,RH.094E5466924B45EZ0Z,RH.A12CDF2B5C80436Z0Z,A00405_539_HLLNCDSX3_4_2254_17888_3975_1_290_+_288544c16fc112942b22763b2578b935; A00405_539_HLLNCDSX3_4_2563_32868_30138_1_275_-_c7a2dc8142d6cf6abfecf63974bbc06d,,,,,,,,FALSE,,No whole-read match to any target
M03520:605:000000000-LVNKY:1:1102:14920:15446,as10-3,matched_pair,1,RH.2A85EAE5DEAD471Z0Z,RH.2A85EAE5DEAD471Z0Z,RH.2A85EAE5DEAD471Z0Z,RH.2A85EAE5DEAD471Z0Z,A00405_539_HLLNCDSX3_4_1451_30409_6715_1_231_+_018312b314ec0e3d7060fd278ef283f4,A00405_539_HLLNCDSX3_4_1451_30409_6715_1_231_+_018312b314ec0e3d7060fd278ef283f4,99.18,122,1,5.24e-60,220,151,TRUE,0.80794701986755,Matches own primer's target (expected)
M03520:605:000000000-LVNKY:1:1102:18246:16368,sd20-2,chimera,1,RH.3B2B2BB86AB94D3Z0Z,RH.64613722763148BZ0Z,RH.3B2B2BB86AB94D3Z0Z,RH.64613722763148BZ0Z,A00405_539_HLLNCDSX3_4_2273_12391_14716_1_280_+_dc9ad065389b151656592223aedc10ba,,,,,,,,FALSE,,No whole-read match to any target
M03520:605:000000000-LVNKY:1:1102:20083:9794,as30-3,chimera,1,RH.17B3832C9C1D403Z0Z,RH.B3BF5B8B809244BZ0Z,RH.17B3832C9C1D403Z0Z,RH.B3BF5B8B809244BZ0Z,A00405_539_HLLNCDSX3_4_1275_28999_6746_1_288_-_01746c8ccbff3ad2c4beef979ee1bde8; A00405_539_HLLNCDSX3_4_1664_16523_27101_1_264_-_3645ed6f02b5ac023bae1385c93611d5,,,,,,,,FALSE,,No whole-read match to any target
M03520:605:000000000-LVNKY:1:1102:20815:14016,as10-2,chimera,1,RH.3B2B2BB86AB94D3Z0Z,RH.64613722763148BZ0Z,RH.3B2B2BB86AB94D3Z0Z,RH.64613722763148BZ0Z,A00405_539_HLLNCDSX3_4_2273_12391_14716_1_280_+_dc9ad065389b151656592223aedc10ba,,,,,,,,FALSE,,No whole-read match to any target
M03520:605:000000000-LVNKY:1:1102:25861:13276,as7-3,chimera,1,RH.F4E2313A8B92492Z0Z,RH.78B83B8D6A224B1Z0Z,RH.F4E2313A8B92492Z0Z,RH.78B83B8D6A224B1Z0Z,A00405_539_HLLNCDSX3_4_1104_22073_24408_1_293_+_4914a7ba4a2d99ed42b81efb3a62da2b; A00405_539_HLLNCDSX3_4_2568_31955_35697_1_276_+_c92a035b3a55ad1b2109b6fea5d56592,,,,,,,,FALSE,,No whole-read match to any target
M03520:605:000000000-LVNKY:1:1102:27410:11086,as20-1,matched_pair,2,RH.B9EF730EBE6C436Z0Z,RH.B9EF730EBE6C436Z0Z,RH.B9EF730EBE6C436Z0Z,RH.B9EF730EBE6C436Z0Z,A00405_539_HLLNCDSX3_4_2354_31494_20306_1_293_+_9fc4ba7df13b38a1122bbfdc70b1bfa7,A00405_539_HLLNCDSX3_4_2354_31494_20306_1_293_+_9fc4ba7df13b38a1122bbfdc70b1bfa7,98.658,149,2,2.39e-73,265,151,TRUE,0.986754966887417,Matches own primer's target (expected)
M03520:605:000000000-LVNKY:1:1102:4529:13769,sd10-3,chimera,1,RH.3B2B2BB86AB94D3Z0Z,RH.64613722763148BZ0Z,RH.3B2B2BB86AB94D3Z0Z,RH.64613722763148BZ0Z,A00405_539_HLLNCDSX3_4_2273_12391_14716_1_280_+_dc9ad065389b151656592223aedc10ba,,,,,,,,FALSE,,No whole-read match to any target
M03520:605:000000000-LVNKY:1:1102:9856:6788,as7-3,chimera,1,RH.3B2B2BB86AB94D3Z0Z,RH.64613722763148BZ0Z,RH.3B2B2BB86AB94D3Z0Z,RH.64613722763148BZ0Z,A00405_539_HLLNCDSX3_4_2273_12391_14716_1_280_+_dc9ad065389b151656592223aedc10ba,,,,,,,,FALSE,,No whole-read match to any target
M03520:605:000000000-LVNKY:1:1103:11645:8709,sd25-3,matched_pair,1,RH.B9EF730EBE6C436Z0Z,RH.B9EF730EBE6C436Z0Z,RH.B9EF730EBE6C436Z0Z,RH.B9EF730EBE6C436Z0Z,A00405_539_HLLNCDSX3_4_2354_31494_20306_1_293_+_9fc4ba7df13b38a1122bbfdc70b1bfa7,A00405_539_HLLNCDSX3_4_2354_31494_20306_1_293_+_9fc4ba7df13b38a1122bbfdc70b1bfa7,98.658,149,2,2.39e-73,265,151,TRUE,0.986754966887417,Matches own primer's target (expected)
M03520:605:000000000-LVNKY:1:1103:14425:5713,as3-3,chimera,1,RH.3B2B2BB86AB94D3Z0Z,RH.B9EF730EBE6C436Z0Z; RH.64613722763148BZ0Z,RH.3B2B2BB86AB94D3Z0Z,RH.B9EF730EBE6C436Z0Z|RH.64613722763148BZ0Z,A00405_539_HLLNCDSX3_4_2273_12391_14716_1_280_+_dc9ad065389b151656592223aedc10ba; A00405_539_HLLNCDSX3_4_2354_31494_20306_1_293_+_9fc4ba7df13b38a1122bbfdc70b1bfa7,,,,,,,,FALSE,,No whole-read match to any target
M03520:605:000000000-LVNKY:1:1103:15442:8091,as20-3,chimera,1,RH.44333617E8F04C0Z0Z,RH.C597F0BA65D4481Z0Z,RH.44333617E8F04C0Z0Z,RH.C597F0BA65D4481Z0Z,A00405_539_HLLNCDSX3_4_2362_27326_33004_1_286_-_08920e28984ffda7ff0f37d186246d68; A00405_539_HLLNCDSX3_4_1253_5231_9204_1_291_+_5232c331b3893acf7a55118f4673f3d0,A00405_539_HLLNCDSX3_4_1253_5231_9204_1_291_+_5232c331b3893acf7a55118f4673f3d0,95.455,44,2,5.58e-15,71.3,151,TRUE,0.291390728476821,Matches own primer's target (expected)
M03520:605:000000000-LVNKY:1:1103:17998:6283,sd20-2,matched_pair,3,RH.E04EE94198274F7Z0Z,RH.E04EE94198274F7Z0Z,RH.E04EE94198274F7Z0Z,RH.E04EE94198274F7Z0Z,A00405_539_HLLNCDSX3_4_2602_21052_24111_1_292_-_bd1b328e4ee7029fea4cbb06536b8f36,A00405_539_HLLNCDSX3_4_2307_13196_28291_1_273_+_08c022a9cdf0c7266ffcd5bb231ae69a,97.351,151,4,3.99e-71,257,151,FALSE,1,Matches a DIFFERENT target -- LEGITIMATE promiscuity signal (high identity + coverage)
M03520:605:000000000-LVNKY:1:1103:18768:11341,sd25-3,matched_pair,1,RH.0550AF0F57084ADZ0Z,RH.0550AF0F57084ADZ0Z,RH.0550AF0F57084ADZ0Z,RH.0550AF0F57084ADZ0Z,A00405_539_HLLNCDSX3_4_2375_18032_36793_1_294_+_5a260901400c54ea43f4ad67a663e52d,A00405_539_HLLNCDSX3_4_2375_18032_36793_1_294_+_5a260901400c54ea43f4ad67a663e52d,97.794,136,3,1.87e-64,235,151,TRUE,0.900662251655629,Matches own primer's target (expected)
M03520:605:000000000-LVNKY:1:1103:18904:26746,as15-1,matched_pair,1,RH.E253263309B742FZ0Z,RH.E253263309B742FZ0Z,RH.E253263309B742FZ0Z,RH.E253263309B742FZ0Z,A00405_539_HLLNCDSX3_4_1667_3577_14481_1_279_+_5c2b589f92cd328dd27be08801c4b747,A00405_539_HLLNCDSX3_4_1667_3577_14481_1_279_+_5c2b589f92cd328dd27be08801c4b747,98.571,140,2,2.4e-68,248,151,TRUE,0.927152317880795,Matches own primer's target (expected)
M03520:605:000000000-LVNKY:1:1103:23201:19656,as30-3,chimera,1,RH.3B2B2BB86AB94D3Z0Z,RH.64613722763148BZ0Z,RH.3B2B2BB86AB94D3Z0Z,RH.64613722763148BZ0Z,A00405_539_HLLNCDSX3_4_2273_12391_14716_1_280_+_dc9ad065389b151656592223aedc10ba,,,,,,,,FALSE,,No whole-read match to any target
M03520:605:000000000-LVNKY:1:1103:9738:7878,sd20-1,matched_pair,4,RH.8B25A056ABC1444Z0Z,RH.8B25A056ABC1444Z0Z,RH.8B25A056ABC1444Z0Z,RH.8B25A056ABC1444Z0Z,A00405_539_HLLNCDSX3_4_2316_28330_6527_1_279_+_d0519282208358367ba6d805c3abc895,A00405_539_HLLNCDSX3_4_2516_24542_11083_1_284_-_3c21a6cd9e6937764d653129dacfc976,100,146,0,5.13e-75,270,151,FALSE,0.966887417218543,Matches a DIFFERENT target -- LEGITIMATE promiscuity signal (high identity + coverage)
M03520:605:000000000-LVNKY:1:1104:10234:15152,sd25-2,matched_pair,1,RH.DDB83AFF97C94C6Z0Z,RH.DDB83AFF97C94C6Z0Z,RH.DDB83AFF97C94C6Z0Z,RH.DDB83AFF97C94C6Z0Z,A00405_539_HLLNCDSX3_4_2214_27434_30780_1_238_-_02586f3f6cd19c432ac8d02dc5b6f139,A00405_539_HLLNCDSX3_4_2214_27434_30780_1_238_-_02586f3f6cd19c432ac8d02dc5b6f139,93.966,116,7,1.15e-46,176,151,TRUE,0.768211920529801,Matches own primer's target (expected)
M03520:605:000000000-LVNKY:1:1104:15260:6029,as30-3,matched_pair,1,RH.6408CE975B5340AZ0Z,RH.6408CE975B5340AZ0Z,RH.6408CE975B5340AZ0Z,RH.6408CE975B5340AZ0Z,A00405_539_HLLNCDSX3_4_1418_8196_3505_1_290_-_1bf831b7d5cca66c11b01477482cf05f,A00405_539_HLLNCDSX3_4_1418_8196_3505_1_290_-_1bf831b7d5cca66c11b01477482cf05f,97.973,148,3,3.99e-71,257,151,TRUE,0.980132450331126,Matches own primer's target (expected)
M03520:605:000000000-LVNKY:1:1104:15493:20413,sd25-3,matched_pair,3,RH.0550AF0F57084ADZ0Z,RH.0550AF0F57084ADZ0Z,RH.0550AF0F57084ADZ0Z,RH.0550AF0F57084ADZ0Z,A00405_539_HLLNCDSX3_4_2375_18032_36793_1_294_+_5a260901400c54ea43f4ad67a663e52d,A00405_539_HLLNCDSX3_4_2375_18032_36793_1_294_+_5a260901400c54ea43f4ad67a663e52d,98.529,136,2,4.02e-66,241,151,TRUE,0.900662251655629,Matches own primer's target (expected)
M03520:605:000000000-LVNKY:1:1104:16770:7186,sd10-3,matched_pair,2,RH.DDB83AFF97C94C6Z0Z,RH.DDB83AFF97C94C6Z0Z,RH.DDB83AFF97C94C6Z0Z,RH.DDB83AFF97C94C6Z0Z,A00405_539_HLLNCDSX3_4_2214_27434_30780_1_238_-_02586f3f6cd19c432ac8d02dc5b6f139,A00405_539_HLLNCDSX3_4_2214_27434_30780_1_238_-_02586f3f6cd19c432ac8d02dc5b6f139,99.138,116,1,1.13e-56,209,151,TRUE,0.768211920529801,Matches own primer's target (expected)
M03520:605:000000000-LVNKY:1:1104:16984:24718,sd3-1,chimera,1,RH.228524764FCE499Z0Z,RH.116C818B1AAE419Z0Z,RH.228524764FCE499Z0Z,RH.116C818B1AAE419Z0Z,A00405_539_HLLNCDSX3_4_1618_30427_36276_1_292_-_d3089f241c2dd3022eab2b10f1b56187; A00405_539_HLLNCDSX3_4_2551_12111_17769_1_219_+_098c6c33e8818da39a9487e619435839,,,,,,,,FALSE,,No whole-read match to any target
M03520:605:000000000-LVNKY:1:1104:19797:5616,as15-3,chimera,1,RH.44333617E8F04C0Z0Z,RH.C597F0BA65D4481Z0Z,RH.44333617E8F04C0Z0Z,RH.C597F0BA65D4481Z0Z,A00405_539_HLLNCDSX3_4_2362_27326_33004_1_286_-_08920e28984ffda7ff0f37d186246d68; A00405_539_HLLNCDSX3_4_1253_5231_9204_1_291_+_5232c331b3893acf7a55118f4673f3d0,A00405_539_HLLNCDSX3_4_1253_5231_9204_1_291_+_5232c331b3893acf7a55118f4673f3d0,95.455,44,2,5.58e-15,71.3,151,TRUE,0.291390728476821,Matches own primer's target (expected)
M03520:605:000000000-LVNKY:1:1104:21275:27998,sd30-2,matched_pair,1,RH.0BD19D1A26A74EBZ0Z,RH.0BD19D1A26A74EBZ0Z,RH.0BD19D1A26A74EBZ0Z,RH.0BD19D1A26A74EBZ0Z,A00405_539_HLLNCDSX3_4_2576_29315_15749_1_293_+_81ef8281ba5891ff7b36aceec603003c,A00405_539_HLLNCDSX3_4_2576_29315_15749_1_293_+_81ef8281ba5891ff7b36aceec603003c,99.074,108,1,3.17e-52,195,151,TRUE,0.71523178807947,Matches own primer's target (expected)
M03520:605:000000000-LVNKY:1:1104:23845:21764,sd20-1,matched_pair,1,RH.DDB83AFF97C94C6Z0Z,RH.DDB83AFF97C94C6Z0Z,RH.DDB83AFF97C94C6Z0Z,RH.DDB83AFF97C94C6Z0Z,A00405_539_HLLNCDSX3_4_2214_27434_30780_1_238_-_02586f3f6cd19c432ac8d02dc5b6f139,A00405_539_HLLNCDSX3_4_2214_27434_30780_1_238_-_02586f3f6cd19c432ac8d02dc5b6f139,95.69,116,5,5.31e-50,187,151,TRUE,0.768211920529801,Matches own primer's target (expected)
M03520:605:000000000-LVNKY:1:1104:24606:20194,as15-1,chimera,1,RH.44333617E8F04C0Z0Z,RH.C597F0BA65D4481Z0Z,RH.44333617E8F04C0Z0Z,RH.C597F0BA65D4481Z0Z,A00405_539_HLLNCDSX3_4_2362_27326_33004_1_286_-_08920e28984ffda7ff0f37d186246d68; A00405_539_HLLNCDSX3_4_1253_5231_9204_1_291_+_5232c331b3893acf7a55118f4673f3d0,,,,,,,,FALSE,,No whole-read match to any target
M03520:605:000000000-LVNKY:1:1104:24626:17866,as25-1,chimera,1,RH.3B2B2BB86AB94D3Z0Z,RH.64613722763148BZ0Z,RH.3B2B2BB86AB94D3Z0Z,RH.64613722763148BZ0Z,A00405_539_HLLNCDSX3_4_2273_12391_14716_1_280_+_dc9ad065389b151656592223aedc10ba,,,,,,,,FALSE,,No whole-read match to any target
M03520:605:000000000-LVNKY:1:1104:9899:12063,as30-2,matched_pair,1,RH.51338FA06EDB4F0Z0Z,RH.51338FA06EDB4F0Z0Z,RH.51338FA06EDB4F0Z0Z,RH.51338FA06EDB4F0Z0Z,A00405_539_HLLNCDSX3_4_2428_6090_14794_1_294_-_80eeeb5dde92ef47ef076603c990b2f7,A00405_539_HLLNCDSX3_4_2428_6090_14794_1_294_-_80eeeb5dde92ef47ef076603c990b2f7,99.115,113,1,5.27e-55,204,151,TRUE,0.748344370860927,Matches own primer's target (expected)
M03520:605:000000000-LVNKY:1:1105:10670:28269,sd7-2,matched_pair,1,RH.1CC74B91718A42FZ0Z,RH.1CC74B91718A42FZ0Z,RH.1CC74B91718A42FZ0Z,RH.1CC74B91718A42FZ0Z,A00405_539_HLLNCDSX3_4_1434_17553_6433_1_291_+_7a051464df892a132e7368b8e9d3c73a,A00405_539_HLLNCDSX3_4_1434_17553_6433_1_291_+_7a051464df892a132e7368b8e9d3c73a,98.438,128,2,1.13e-61,226,151,TRUE,0.847682119205298,Matches own primer's target (expected)
M03520:605:000000000-LVNKY:1:1105:14254:11514,as30-3,chimera,1,RH.3B2B2BB86AB94D3Z0Z,RH.64613722763148BZ0Z,RH.3B2B2BB86AB94D3Z0Z,RH.64613722763148BZ0Z,A00405_539_HLLNCDSX3_4_2273_12391_14716_1_280_+_dc9ad065389b151656592223aedc10ba,,,,,,,,FALSE,,No whole-read match to any target
M03520:605:000000000-LVNKY:1:1105:18887:18985,sd10-1,matched_pair,1,RH.27578A9A85FA4A3Z0Z,RH.27578A9A85FA4A3Z0Z,RH.27578A9A85FA4A3Z0Z,RH.27578A9A85FA4A3Z0Z,A00405_539_HLLNCDSX3_4_2413_23728_18349_1_294_+_5c8cf276bfb8a016a1079c51251bc7d6,A00405_539_HLLNCDSX3_4_2413_23728_18349_1_294_+_5c8cf276bfb8a016a1079c51251bc7d6,93.377,151,10,4.05e-61,224,151,TRUE,1,Matches own primer's target (expected)
M03520:605:000000000-LVNKY:1:1105:19658:7070,as7-2,chimera,1,RH.3B2B2BB86AB94D3Z0Z,RH.64613722763148BZ0Z,RH.3B2B2BB86AB94D3Z0Z,RH.64613722763148BZ0Z,A00405_539_HLLNCDSX3_4_2273_12391_14716_1_280_+_dc9ad065389b151656592223aedc10ba,,,,,,,,FALSE,,No whole-read match to any target
M03520:605:000000000-LVNKY:1:1105:19789:26235,as25-1,chimera,1,RH.3B2B2BB86AB94D3Z0Z,RH.64613722763148BZ0Z,RH.3B2B2BB86AB94D3Z0Z,RH.64613722763148BZ0Z,A00405_539_HLLNCDSX3_4_2273_12391_14716_1_280_+_dc9ad065389b151656592223aedc10ba,,,,,,,,FALSE,,No whole-read match to any target
M03520:605:000000000-LVNKY:1:1105:21574:16517,as15-2,matched_pair,1,RH.0180E4AB5822472Z0Z,RH.0180E4AB5822472Z0Z,RH.0180E4AB5822472Z0Z,RH.0180E4AB5822472Z0Z,A00405_539_HLLNCDSX3_4_1317_10113_16720_1_286_-_31d6140e2ec5a727161b80806ba9a666,A00405_539_HLLNCDSX3_4_1317_10113_16720_1_286_-_31d6140e2ec5a727161b80806ba9a666,99.138,116,1,1.13e-56,209,151,TRUE,0.768211920529801,Matches own primer's target (expected)
M03520:605:000000000-LVNKY:1:1105:24779:18529,as3-2,chimera,1,RH.44333617E8F04C0Z0Z,RH.C597F0BA65D4481Z0Z,RH.44333617E8F04C0Z0Z,RH.C597F0BA65D4481Z0Z,A00405_539_HLLNCDSX3_4_2362_27326_33004_1_286_-_08920e28984ffda7ff0f37d186246d68; A00405_539_HLLNCDSX3_4_1253_5231_9204_1_291_+_5232c331b3893acf7a55118f4673f3d0,A00405_539_HLLNCDSX3_4_1253_5231_9204_1_291_+_5232c331b3893acf7a55118f4673f3d0,95.455,44,2,5.58e-15,71.3,151,TRUE,0.291390728476821,Matches own primer's target (expected)
M03520:605:000000000-LVNKY:1:1105:4170:17712,as25-3,chimera,1,RH.44333617E8F04C0Z0Z,RH.C597F0BA65D4481Z0Z,RH.44333617E8F04C0Z0Z,RH.C597F0BA65D4481Z0Z,A00405_539_HLLNCDSX3_4_2362_27326_33004_1_286_-_08920e28984ffda7ff0f37d186246d68; A00405_539_HLLNCDSX3_4_1253_5231_9204_1_291_+_5232c331b3893acf7a55118f4673f3d0,A00405_539_HLLNCDSX3_4_1253_5231_9204_1_291_+_5232c331b3893acf7a55118f4673f3d0,95.455,44,2,5.58e-15,71.3,151,TRUE,0.291390728476821,Matches own primer's target (expected)
M03520:605:000000000-LVNKY:1:1105:6026:19138,as7-2,chimera,1,RH.3B2B2BB86AB94D3Z0Z,RH.64613722763148BZ0Z,RH.3B2B2BB86AB94D3Z0Z,RH.64613722763148BZ0Z,A00405_539_HLLNCDSX3_4_2273_12391_14716_1_280_+_dc9ad065389b151656592223aedc10ba,,,,,,,,FALSE,,No whole-read match to any target
M03520:605:000000000-LVNKY:1:1105:8935:5111,sd30-1,matched_pair,4,RH.0BD19D1A26A74EBZ0Z,RH.0BD19D1A26A74EBZ0Z,RH.0BD19D1A26A74EBZ0Z,RH.0BD19D1A26A74EBZ0Z,A00405_539_HLLNCDSX3_4_2576_29315_15749_1_293_+_81ef8281ba5891ff7b36aceec603003c,A00405_539_HLLNCDSX3_4_2576_29315_15749_1_293_+_81ef8281ba5891ff7b36aceec603003c,99.083,109,1,8.83e-53,196,151,TRUE,0.721854304635762,Matches own primer's target (expected)
M03520:605:000000000-LVNKY:1:1105:9301:7785,as3-2,chimera,1,RH.17B3832C9C1D403Z0Z,RH.B3BF5B8B809244BZ0Z,RH.17B3832C9C1D403Z0Z,RH.B3BF5B8B809244BZ0Z,A00405_539_HLLNCDSX3_4_1275_28999_6746_1_288_-_01746c8ccbff3ad2c4beef979ee1bde8; A00405_539_HLLNCDSX3_4_1664_16523_27101_1_264_-_3645ed6f02b5ac023bae1385c93611d5,,,,,,,,FALSE,,No whole-read match to any target
M03520:605:000000000-LVNKY:1:1105:9931:3694,sd7-3,chimera,1,RH.2467895ACA8347EZ0Z,RH.6403441BB3B54F9Z0Z,RH.2467895ACA8347EZ0Z,RH.6403441BB3B54F9Z0Z,A00405_539_HLLNCDSX3_4_1531_8052_30968_1_247_-_5862c2786ef295ff686230ae3a4b65f9; A00405_539_HLLNCDSX3_4_1154_22092_2957_1_260_-_631aa624976f1793d6f025c968587d2a,,,,,,,,FALSE,,No whole-read match to any target
M03520:605:000000000-LVNKY:1:1106:10605:5389,as30-3,matched_pair,3,RH.27578A9A85FA4A3Z0Z,RH.27578A9A85FA4A3Z0Z,RH.27578A9A85FA4A3Z0Z,RH.27578A9A85FA4A3Z0Z,A00405_539_HLLNCDSX3_4_2413_23728_18349_1_294_+_5c8cf276bfb8a016a1079c51251bc7d6,A00405_539_HLLNCDSX3_4_2413_23728_18349_1_294_+_5c8cf276bfb8a016a1079c51251bc7d6,99.338,151,1,3.96e-76,274,151,TRUE,1,Matches own primer's target (expected)
M03520:605:000000000-LVNKY:1:1106:12496:14876,as3-1,chimera,1,RH.44333617E8F04C0Z0Z,RH.C597F0BA65D4481Z0Z,RH.44333617E8F04C0Z0Z,RH.C597F0BA65D4481Z0Z,A00405_539_HLLNCDSX3_4_2362_27326_33004_1_286_-_08920e28984ffda7ff0f37d186246d68; A00405_539_HLLNCDSX3_4_1253_5231_9204_1_291_+_5232c331b3893acf7a55118f4673f3d0,A00405_539_HLLNCDSX3_4_1253_5231_9204_1_291_+_5232c331b3893acf7a55118f4673f3d0,95.455,44,2,5.58e-15,71.3,151,TRUE,0.291390728476821,Matches own primer's target (expected)
M03520:605:000000000-LVNKY:1:1106:14542:5169,sd30-1,chimera,1,RH.3B2B2BB86AB94D3Z0Z,RH.64613722763148BZ0Z,RH.3B2B2BB86AB94D3Z0Z,RH.64613722763148BZ0Z,A00405_539_HLLNCDSX3_4_2273_12391_14716_1_280_+_dc9ad065389b151656592223aedc10ba,,,,,,,,FALSE,,No whole-read match to any target
M03520:605:000000000-LVNKY:1:1106:17202:18355,as30-2,chimera,1,RH.3B2B2BB86AB94D3Z0Z,RH.64613722763148BZ0Z,RH.3B2B2BB86AB94D3Z0Z,RH.64613722763148BZ0Z,A00405_539_HLLNCDSX3_4_2273_12391_14716_1_280_+_dc9ad065389b151656592223aedc10ba,,,,,,,,FALSE,,No whole-read match to any target
M03520:605:000000000-LVNKY:1:1106:18551:19962,sd7-3,matched_pair,1,RH.CA1E204B0C0842DZ0Z; RH.E04EE94198274F7Z0Z,RH.CA1E204B0C0842DZ0Z,RH.CA1E204B0C0842DZ0Z|RH.E04EE94198274F7Z0Z,RH.CA1E204B0C0842DZ0Z,A00405_539_HLLNCDSX3_4_2602_21052_24111_1_292_-_bd1b328e4ee7029fea4cbb06536b8f36,A00405_539_HLLNCDSX3_4_2602_21052_24111_1_292_-_bd1b328e4ee7029fea4cbb06536b8f36,99.338,151,1,3.96e-76,274,151,TRUE,1,Matches own primer's target (expected)
M03520:605:000000000-LVNKY:1:1106:20408:24165,as15-1,chimera,1,RH.44333617E8F04C0Z0Z,RH.C597F0BA65D4481Z0Z,RH.44333617E8F04C0Z0Z,RH.C597F0BA65D4481Z0Z,A00405_539_HLLNCDSX3_4_2362_27326_33004_1_286_-_08920e28984ffda7ff0f37d186246d68; A00405_539_HLLNCDSX3_4_1253_5231_9204_1_291_+_5232c331b3893acf7a55118f4673f3d0,A00405_539_HLLNCDSX3_4_1253_5231_9204_1_291_+_5232c331b3893acf7a55118f4673f3d0,95.455,44,2,5.58e-15,71.3,151,TRUE,0.291390728476821,Matches own primer's target (expected)
M03520:605:000000000-LVNKY:1:1106:21042:24006,as10-3,matched_pair,1,RH.DDB83AFF97C94C6Z0Z,RH.DDB83AFF97C94C6Z0Z,RH.DDB83AFF97C94C6Z0Z,RH.DDB83AFF97C94C6Z0Z,A00405_539_HLLNCDSX3_4_2214_27434_30780_1_238_-_02586f3f6cd19c432ac8d02dc5b6f139,A00405_539_HLLNCDSX3_4_2214_27434_30780_1_238_-_02586f3f6cd19c432ac8d02dc5b6f139,98.276,116,2,5.27e-55,204,151,TRUE,0.768211920529801,Matches own primer's target (expected)
M03520:605:000000000-LVNKY:1:1106:21393:27993,as15-1,matched_pair,1,RH.6408CE975B5340AZ0Z,RH.6408CE975B5340AZ0Z,RH.6408CE975B5340AZ0Z,RH.6408CE975B5340AZ0Z,A00405_539_HLLNCDSX3_4_1418_8196_3505_1_290_-_1bf831b7d5cca66c11b01477482cf05f,A00405_539_HLLNCDSX3_4_1418_8196_3505_1_290_-_1bf831b7d5cca66c11b01477482cf05f,98.649,148,2,8.58e-73,263,151,TRUE,0.980132450331126,Matches own primer's target (expected)
M03520:605:000000000-LVNKY:1:1106:2259:12316,as7-1,chimera,1,RH.3B2B2BB86AB94D3Z0Z,RH.64613722763148BZ0Z,RH.3B2B2BB86AB94D3Z0Z,RH.64613722763148BZ0Z,A00405_539_HLLNCDSX3_4_2273_12391_14716_1_280_+_dc9ad065389b151656592223aedc10ba,,,,,,,,FALSE,,No whole-read match to any target
M03520:605:000000000-LVNKY:1:1106:27591:11444,as15-3,chimera,1,RH.44333617E8F04C0Z0Z,RH.C597F0BA65D4481Z0Z,RH.44333617E8F04C0Z0Z,RH.C597F0BA65D4481Z0Z,A00405_539_HLLNCDSX3_4_2362_27326_33004_1_286_-_08920e28984ffda7ff0f37d186246d68; A00405_539_HLLNCDSX3_4_1253_5231_9204_1_291_+_5232c331b3893acf7a55118f4673f3d0,A00405_539_HLLNCDSX3_4_1253_5231_9204_1_291_+_5232c331b3893acf7a55118f4673f3d0,95.455,44,2,5.58e-15,71.3,151,TRUE,0.291390728476821,Matches own primer's target (expected)
M03520:605:000000000-LVNKY:1:1106:7029:9621,sd10-2,matched_pair,1,RH.CF953F27F5674E1Z0Z,RH.CF953F27F5674E1Z0Z,RH.CF953F27F5674E1Z0Z,RH.CF953F27F5674E1Z0Z,A00405_539_HLLNCDSX3_4_2428_25979_27508_1_293_+_ea053f94656145d4f38e54ebc41708ef,A00405_539_HLLNCDSX3_4_2428_25979_27508_1_293_+_ea053f94656145d4f38e54ebc41708ef,99.206,126,1,3.13e-62,228,151,TRUE,0.834437086092715,Matches own primer's target (expected)
M03520:605:000000000-LVNKY:1:1107:11968:15597,as25-2,matched_pair,2,RH.B9EF730EBE6C436Z0Z,RH.B9EF730EBE6C436Z0Z,RH.B9EF730EBE6C436Z0Z,RH.B9EF730EBE6C436Z0Z,A00405_539_HLLNCDSX3_4_2354_31494_20306_1_293_+_9fc4ba7df13b38a1122bbfdc70b1bfa7,A00405_539_HLLNCDSX3_4_2354_31494_20306_1_293_+_9fc4ba7df13b38a1122bbfdc70b1bfa7,98.658,149,2,2.39e-73,265,151,TRUE,0.986754966887417,Matches own primer's target (expected)
M03520:605:000000000-LVNKY:1:1107:12202:6505,sd10-1,matched_pair,2,RH.0BD19D1A26A74EBZ0Z,RH.0BD19D1A26A74EBZ0Z,RH.0BD19D1A26A74EBZ0Z,RH.0BD19D1A26A74EBZ0Z,A00405_539_HLLNCDSX3_4_2576_29315_15749_1_293_+_81ef8281ba5891ff7b36aceec603003c,A00405_539_HLLNCDSX3_4_2576_29315_15749_1_293_+_81ef8281ba5891ff7b36aceec603003c,99.083,109,1,8.83e-53,196,151,TRUE,0.721854304635762,Matches own primer's target (expected)
M03520:605:000000000-LVNKY:1:1107:12212:18063,sd7-3,matched_pair,1,RH.B9EF730EBE6C436Z0Z,RH.B9EF730EBE6C436Z0Z,RH.B9EF730EBE6C436Z0Z,RH.B9EF730EBE6C436Z0Z,A00405_539_HLLNCDSX3_4_2354_31494_20306_1_293_+_9fc4ba7df13b38a1122bbfdc70b1bfa7,A00405_539_HLLNCDSX3_4_2354_31494_20306_1_293_+_9fc4ba7df13b38a1122bbfdc70b1bfa7,97.987,149,3,1.11e-71,259,151,TRUE,0.986754966887417,Matches own primer's target (expected)
M03520:605:000000000-LVNKY:1:1107:12625:11141,sd7-3,matched_pair,1,RH.0096A141894D447Z0Z,RH.0096A141894D447Z0Z,RH.0096A141894D447Z0Z,RH.0096A141894D447Z0Z,A00405_539_HLLNCDSX3_4_1256_26341_12446_1_294_+_88ec1e8930915f6fd0f1d06309f6b07b,A00405_539_HLLNCDSX3_4_1256_26341_12446_1_294_+_88ec1e8930915f6fd0f1d06309f6b07b,98.675,151,2,1.84e-74,268,151,TRUE,1,Matches own primer's target (expected)
M03520:605:000000000-LVNKY:1:1107:12952:22350,sd7-1,matched_pair,2,RH.0BD19D1A26A74EBZ0Z,RH.0BD19D1A26A74EBZ0Z,RH.0BD19D1A26A74EBZ0Z,RH.0BD19D1A26A74EBZ0Z,A00405_539_HLLNCDSX3_4_2576_29315_15749_1_293_+_81ef8281ba5891ff7b36aceec603003c,A00405_539_HLLNCDSX3_4_2576_29315_15749_1_293_+_81ef8281ba5891ff7b36aceec603003c,97.248,109,3,1.91e-49,185,151,TRUE,0.721854304635762,Matches own primer's target (expected)
M03520:605:000000000-LVNKY:1:1107:13135:6383,as25-2,chimera,1,RH.44333617E8F04C0Z0Z,RH.C597F0BA65D4481Z0Z,RH.44333617E8F04C0Z0Z,RH.C597F0BA65D4481Z0Z,A00405_539_HLLNCDSX3_4_2362_27326_33004_1_286_-_08920e28984ffda7ff0f37d186246d68; A00405_539_HLLNCDSX3_4_1253_5231_9204_1_291_+_5232c331b3893acf7a55118f4673f3d0,A00405_539_HLLNCDSX3_4_1253_5231_9204_1_291_+_5232c331b3893acf7a55118f4673f3d0,95.455,44,2,5.58e-15,71.3,151,TRUE,0.291390728476821,Matches own primer's target (expected)
M03520:605:000000000-LVNKY:1:1107:13520:5493,sd30-1,matched_pair,1,RH.DDB83AFF97C94C6Z0Z,RH.DDB83AFF97C94C6Z0Z,RH.DDB83AFF97C94C6Z0Z,RH.DDB83AFF97C94C6Z0Z,A00405_539_HLLNCDSX3_4_2214_27434_30780_1_238_-_02586f3f6cd19c432ac8d02dc5b6f139,A00405_539_HLLNCDSX3_4_2214_27434_30780_1_238_-_02586f3f6cd19c432ac8d02dc5b6f139,96.026,151,6,8.64e-68,246,151,TRUE,1,Matches own primer's target (expected)
M03520:605:000000000-LVNKY:1:1107:15575:2597,sd7-2,matched_pair,1,RH.0BD19D1A26A74EBZ0Z,RH.0BD19D1A26A74EBZ0Z,RH.0BD19D1A26A74EBZ0Z,RH.0BD19D1A26A74EBZ0Z,A00405_539_HLLNCDSX3_4_2576_29315_15749_1_293_+_81ef8281ba5891ff7b36aceec603003c,A00405_539_HLLNCDSX3_4_2576_29315_15749_1_293_+_81ef8281ba5891ff7b36aceec603003c,99.083,109,1,8.83e-53,196,151,TRUE,0.721854304635762,Matches own primer's target (expected)
M03520:605:000000000-LVNKY:1:1107:16617:4331,as10-3,chimera,1,RH.44333617E8F04C0Z0Z,RH.C597F0BA65D4481Z0Z,RH.44333617E8F04C0Z0Z,RH.C597F0BA65D4481Z0Z,A00405_539_HLLNCDSX3_4_2362_27326_33004_1_286_-_08920e28984ffda7ff0f37d186246d68; A00405_539_HLLNCDSX3_4_1253_5231_9204_1_291_+_5232c331b3893acf7a55118f4673f3d0,A00405_539_HLLNCDSX3_4_1253_5231_9204_1_291_+_5232c331b3893acf7a55118f4673f3d0,95.455,44,2,5.58e-15,71.3,151,TRUE,0.291390728476821,Matches own primer's target (expected)
M03520:605:000000000-LVNKY:1:1107:17253:20344,sd3-1,matched_pair,1,RH.CA1E204B0C0842DZ0Z,RH.CA1E204B0C0842DZ0Z,RH.CA1E204B0C0842DZ0Z,RH.CA1E204B0C0842DZ0Z,A00405_539_HLLNCDSX3_4_2602_21052_24111_1_292_-_bd1b328e4ee7029fea4cbb06536b8f36,A00405_539_HLLNCDSX3_4_2602_21052_24111_1_292_-_bd1b328e4ee7029fea4cbb06536b8f36,99.167,120,1,6.77e-59,217,151,TRUE,0.794701986754967,Matches own primer's target (expected)
M03520:605:000000000-LVNKY:1:1107:18314:4211,as7-2,matched_pair,3,RH.CA1E204B0C0842DZ0Z,RH.CA1E204B0C0842DZ0Z,RH.CA1E204B0C0842DZ0Z,RH.CA1E204B0C0842DZ0Z,A00405_539_HLLNCDSX3_4_2602_21052_24111_1_292_-_bd1b328e4ee7029fea4cbb06536b8f36,A00405_539_HLLNCDSX3_4_2602_21052_24111_1_292_-_bd1b328e4ee7029fea4cbb06536b8f36,95.833,120,5,3.17e-52,195,151,TRUE,0.794701986754967,Matches own primer's target (expected)
M03520:605:000000000-LVNKY:1:1107:19397:27505,as3-1,matched_pair,1,RH.E253263309B742FZ0Z,RH.E253263309B742FZ0Z,RH.E253263309B742FZ0Z,RH.E253263309B742FZ0Z,A00405_539_HLLNCDSX3_4_1667_3577_14481_1_279_+_5c2b589f92cd328dd27be08801c4b747,A00405_539_HLLNCDSX3_4_1667_3577_14481_1_279_+_5c2b589f92cd328dd27be08801c4b747,98.611,144,2,1.44e-70,255,151,TRUE,0.95364238410596,Matches own primer's target (expected)
M03520:605:000000000-LVNKY:1:1107:19513:24186,as25-1,matched_pair,1,RH.B9EF730EBE6C436Z0Z,RH.B9EF730EBE6C436Z0Z,RH.B9EF730EBE6C436Z0Z,RH.B9EF730EBE6C436Z0Z,A00405_539_HLLNCDSX3_4_2354_31494_20306_1_293_+_9fc4ba7df13b38a1122bbfdc70b1bfa7,A00405_539_HLLNCDSX3_4_2354_31494_20306_1_293_+_9fc4ba7df13b38a1122bbfdc70b1bfa7,98.658,149,2,2.39e-73,265,151,TRUE,0.986754966887417,Matches own primer's target (expected)
M03520:605:000000000-LVNKY:1:1107:21292:17122,as20-3,chimera,1,RH.44333617E8F04C0Z0Z,RH.C597F0BA65D4481Z0Z,RH.44333617E8F04C0Z0Z,RH.C597F0BA65D4481Z0Z,A00405_539_HLLNCDSX3_4_2362_27326_33004_1_286_-_08920e28984ffda7ff0f37d186246d68; A00405_539_HLLNCDSX3_4_1253_5231_9204_1_291_+_5232c331b3893acf7a55118f4673f3d0,A00405_539_HLLNCDSX3_4_1253_5231_9204_1_291_+_5232c331b3893acf7a55118f4673f3d0,95.455,44,2,5.58e-15,71.3,151,TRUE,0.291390728476821,Matches own primer's target (expected)
M03520:605:000000000-LVNKY:1:1107:21729:23143,as25-2,matched_pair,1,RH.77300263E6F14F3Z0Z,RH.77300263E6F14F3Z0Z,RH.77300263E6F14F3Z0Z,RH.77300263E6F14F3Z0Z,A00405_539_HLLNCDSX3_4_2633_32687_2550_1_213_-_733d30d25972308310143a09ef0da099,A00405_539_HLLNCDSX3_4_2633_32687_2550_1_213_-_733d30d25972308310143a09ef0da099,99.065,107,1,1.14e-51,193,151,TRUE,0.708609271523179,Matches own primer's target (expected)
M03520:605:000000000-LVNKY:1:1107:2285:14386,as15-2,chimera,1,RH.44333617E8F04C0Z0Z,RH.C597F0BA65D4481Z0Z,RH.44333617E8F04C0Z0Z,RH.C597F0BA65D4481Z0Z,A00405_539_HLLNCDSX3_4_2362_27326_33004_1_286_-_08920e28984ffda7ff0f37d186246d68; A00405_539_HLLNCDSX3_4_1253_5231_9204_1_291_+_5232c331b3893acf7a55118f4673f3d0,A00405_539_HLLNCDSX3_4_1253_5231_9204_1_291_+_5232c331b3893acf7a55118f4673f3d0,95.455,44,2,5.58e-15,71.3,151,TRUE,0.291390728476821,Matches own primer's target (expected)
M03520:605:000000000-LVNKY:1:1107:22865:6401,as20-3,chimera,1,RH.44333617E8F04C0Z0Z,RH.C597F0BA65D4481Z0Z,RH.44333617E8F04C0Z0Z,RH.C597F0BA65D4481Z0Z,A00405_539_HLLNCDSX3_4_2362_27326_33004_1_286_-_08920e28984ffda7ff0f37d186246d68; A00405_539_HLLNCDSX3_4_1253_5231_9204_1_291_+_5232c331b3893acf7a55118f4673f3d0,A00405_539_HLLNCDSX3_4_1253_5231_9204_1_291_+_5232c331b3893acf7a55118f4673f3d0,95.455,44,2,5.58e-15,71.3,151,TRUE,0.291390728476821,Matches own primer's target (expected)
M03520:605:000000000-LVNKY:1:1107:27471:10000,sd30-1,matched_pair,1,RH.2AFFFBA0E81C482Z0Z,RH.2AFFFBA0E81C482Z0Z,RH.2AFFFBA0E81C482Z0Z,RH.2AFFFBA0E81C482Z0Z,A00405_539_HLLNCDSX3_4_1149_18701_36605_1_292_-_4a407c9c3375a6ad5003bdd88d91a484,A00405_539_HLLNCDSX3_4_1149_18701_36605_1_292_-_4a407c9c3375a6ad5003bdd88d91a484,97.391,115,3,8.83e-53,196,151,TRUE,0.76158940397351,Matches own primer's target (expected)
M03520:605:000000000-LVNKY:1:1107:3190:13071,sd30-1,matched_pair,2,RH.51338FA06EDB4F0Z0Z,RH.51338FA06EDB4F0Z0Z,RH.51338FA06EDB4F0Z0Z,RH.51338FA06EDB4F0Z0Z,A00405_539_HLLNCDSX3_4_2428_6090_14794_1_294_-_80eeeb5dde92ef47ef076603c990b2f7,A00405_539_HLLNCDSX3_4_2428_6090_14794_1_294_-_80eeeb5dde92ef47ef076603c990b2f7,99.115,113,1,5.27e-55,204,151,TRUE,0.748344370860927,Matches own primer's target (expected)
M03520:605:000000000-LVNKY:1:1107:3344:9236,as10-3,matched_pair,1,RH.6408CE975B5340AZ0Z,RH.6408CE975B5340AZ0Z,RH.6408CE975B5340AZ0Z,RH.6408CE975B5340AZ0Z,A00405_539_HLLNCDSX3_4_1418_8196_3505_1_290_-_1bf831b7d5cca66c11b01477482cf05f,A00405_539_HLLNCDSX3_4_1418_8196_3505_1_290_-_1bf831b7d5cca66c11b01477482cf05f,97.279,147,4,6.68e-69,250,151,TRUE,0.973509933774834,Matches own primer's target (expected)
M03520:605:000000000-LVNKY:1:1107:4396:17051,sd3-2,matched_pair,1,RH.51338FA06EDB4F0Z0Z,RH.51338FA06EDB4F0Z0Z,RH.51338FA06EDB4F0Z0Z,RH.51338FA06EDB4F0Z0Z,A00405_539_HLLNCDSX3_4_2428_6090_14794_1_294_-_80eeeb5dde92ef47ef076603c990b2f7,A00405_539_HLLNCDSX3_4_2428_6090_14794_1_294_-_80eeeb5dde92ef47ef076603c990b2f7,99.115,113,1,5.27e-55,204,151,TRUE,0.748344370860927,Matches own primer's target (expected)
M03520:605:000000000-LVNKY:1:1107:4676:12172,sd20-2,matched_pair,1,RH.B9EF730EBE6C436Z0Z,RH.B9EF730EBE6C436Z0Z,RH.B9EF730EBE6C436Z0Z,RH.B9EF730EBE6C436Z0Z,A00405_539_HLLNCDSX3_4_2354_31494_20306_1_293_+_9fc4ba7df13b38a1122bbfdc70b1bfa7,A00405_539_HLLNCDSX3_4_2354_31494_20306_1_293_+_9fc4ba7df13b38a1122bbfdc70b1bfa7,97.987,149,3,1.11e-71,259,151,TRUE,0.986754966887417,Matches own primer's target (expected)
M03520:605:000000000-LVNKY:1:1107:7130:25308,as20-1,matched_pair,1,RH.B9EF730EBE6C436Z0Z,RH.B9EF730EBE6C436Z0Z,RH.B9EF730EBE6C436Z0Z,RH.B9EF730EBE6C436Z0Z,A00405_539_HLLNCDSX3_4_2354_31494_20306_1_293_+_9fc4ba7df13b38a1122bbfdc70b1bfa7,A00405_539_HLLNCDSX3_4_2354_31494_20306_1_293_+_9fc4ba7df13b38a1122bbfdc70b1bfa7,98.658,149,2,2.39e-73,265,151,TRUE,0.986754966887417,Matches own primer's target (expected)
M03520:605:000000000-LVNKY:1:1107:8457:5371,sd7-2,matched_pair,1,RH.51338FA06EDB4F0Z0Z,RH.51338FA06EDB4F0Z0Z,RH.51338FA06EDB4F0Z0Z,RH.51338FA06EDB4F0Z0Z,A00405_539_HLLNCDSX3_4_2428_6090_14794_1_294_-_80eeeb5dde92ef47ef076603c990b2f7,A00405_539_HLLNCDSX3_4_2428_6090_14794_1_294_-_80eeeb5dde92ef47ef076603c990b2f7,98.23,113,2,2.45e-53,198,151,TRUE,0.748344370860927,Matches own primer's target (expected)
M03520:605:000000000-LVNKY:1:1108:10400:25559,as15-3,chimera,1,RH.44333617E8F04C0Z0Z,RH.C597F0BA65D4481Z0Z,RH.44333617E8F04C0Z0Z,RH.C597F0BA65D4481Z0Z,A00405_539_HLLNCDSX3_4_2362_27326_33004_1_286_-_08920e28984ffda7ff0f37d186246d68; A00405_539_HLLNCDSX3_4_1253_5231_9204_1_291_+_5232c331b3893acf7a55118f4673f3d0,A00405_539_HLLNCDSX3_4_1253_5231_9204_1_291_+_5232c331b3893acf7a55118f4673f3d0,95.455,44,2,5.58e-15,71.3,151,TRUE,0.291390728476821,Matches own primer's target (expected)
M03520:605:000000000-LVNKY:1:1108:15869:28699,as7-2,matched_pair,2,RH.6408CE975B5340AZ0Z,RH.6408CE975B5340AZ0Z,RH.6408CE975B5340AZ0Z,RH.6408CE975B5340AZ0Z,A00405_539_HLLNCDSX3_4_1418_8196_3505_1_290_-_1bf831b7d5cca66c11b01477482cf05f,A00405_539_HLLNCDSX3_4_1418_8196_3505_1_290_-_1bf831b7d5cca66c11b01477482cf05f,99.324,148,1,1.84e-74,268,151,TRUE,0.980132450331126,Matches own primer's target (expected)
M03520:605:000000000-LVNKY:1:1108:16297:26611,as20-2,chimera,1,RH.44333617E8F04C0Z0Z,RH.C597F0BA65D4481Z0Z,RH.44333617E8F04C0Z0Z,RH.C597F0BA65D4481Z0Z,A00405_539_HLLNCDSX3_4_2362_27326_33004_1_286_-_08920e28984ffda7ff0f37d186246d68; A00405_539_HLLNCDSX3_4_1253_5231_9204_1_291_+_5232c331b3893acf7a55118f4673f3d0,A00405_539_HLLNCDSX3_4_1253_5231_9204_1_291_+_5232c331b3893acf7a55118f4673f3d0,95.455,44,2,5.58e-15,71.3,151,TRUE,0.291390728476821,Matches own primer's target (expected)
M03520:605:000000000-LVNKY:1:1108:16987:2337,as20-2,matched_pair,1,RH.BB24C5C404164F1Z0Z,RH.BB24C5C404164F1Z0Z,RH.BB24C5C404164F1Z0Z,RH.BB24C5C404164F1Z0Z,A00405_539_HLLNCDSX3_4_1336_21558_1532_1_283_-_9c65ca1efaa250c583597d0b1dd5745c,A00405_539_HLLNCDSX3_4_1336_21558_1532_1_283_-_9c65ca1efaa250c583597d0b1dd5745c,99.065,107,1,1.14e-51,193,151,TRUE,0.708609271523179,Matches own primer's target (expected)
M03520:605:000000000-LVNKY:1:1108:26166:15846,as3-3,matched_pair,2,RH.0BD19D1A26A74EBZ0Z,RH.0BD19D1A26A74EBZ0Z,RH.0BD19D1A26A74EBZ0Z,RH.0BD19D1A26A74EBZ0Z,A00405_539_HLLNCDSX3_4_2576_29315_15749_1_293_+_81ef8281ba5891ff7b36aceec603003c,A00405_539_HLLNCDSX3_4_2576_29315_15749_1_293_+_81ef8281ba5891ff7b36aceec603003c,100,106,0,8.83e-53,196,151,TRUE,0.701986754966887,Matches own primer's target (expected)
M03520:605:000000000-LVNKY:1:1108:26380:13031,as20-2,chimera,1,RH.07A081D839E34E7Z0Z,RH.44DCEC943BED412Z0Z,RH.07A081D839E34E7Z0Z,RH.44DCEC943BED412Z0Z,A00405_539_HLLNCDSX3_4_2168_32398_16892_1_287_+_4c997fab1c95be3b1789ce6a18d49b68; A00405_539_HLLNCDSX3_4_1144_21875_1705_1_289_-_2e38050b7207e66297542401e31b9aa3,A00405_539_HLLNCDSX3_4_1144_21875_1705_1_289_-_2e38050b7207e66297542401e31b9aa3,98.718,78,1,1.51e-35,139,151,TRUE,0.516556291390729,Matches own primer's target (expected)
M03520:605:000000000-LVNKY:1:1108:2655:18485,sd20-2,matched_pair,1,RH.69CEA0AC39F4445Z0Z,RH.69CEA0AC39F4445Z0Z,RH.69CEA0AC39F4445Z0Z,RH.69CEA0AC39F4445Z0Z,A00405_539_HLLNCDSX3_4_1402_30318_9439_1_266_-_252b574501f4a55884860c129baf3fba,A00405_539_HLLNCDSX3_4_1402_30318_9439_1_266_-_252b574501f4a55884860c129baf3fba,98.473,131,2,2.42e-63,231,151,TRUE,0.867549668874172,Matches own primer's target (expected)
M03520:605:000000000-LVNKY:1:1108:9886:19775,as15-1,chimera,1,RH.44333617E8F04C0Z0Z,RH.C597F0BA65D4481Z0Z,RH.44333617E8F04C0Z0Z,RH.C597F0BA65D4481Z0Z,A00405_539_HLLNCDSX3_4_2362_27326_33004_1_286_-_08920e28984ffda7ff0f37d186246d68; A00405_539_HLLNCDSX3_4_1253_5231_9204_1_291_+_5232c331b3893acf7a55118f4673f3d0,A00405_539_HLLNCDSX3_4_1253_5231_9204_1_291_+_5232c331b3893acf7a55118f4673f3d0,95.455,44,2,5.58e-15,71.3,151,TRUE,0.291390728476821,Matches own primer's target (expected)
M03520:605:000000000-LVNKY:1:1109:11047:7221,as20-3,matched_pair,1,RH.8B25A056ABC1444Z0Z,RH.8B25A056ABC1444Z0Z,RH.8B25A056ABC1444Z0Z,RH.8B25A056ABC1444Z0Z,A00405_539_HLLNCDSX3_4_2316_28330_6527_1_279_+_d0519282208358367ba6d805c3abc895,A00405_539_HLLNCDSX3_4_2316_28330_6527_1_279_+_d0519282208358367ba6d805c3abc895,98.639,147,2,3.09e-72,261,151,TRUE,0.973509933774834,Matches own primer's target (expected)
M03520:605:000000000-LVNKY:1:1109:12470:12384,as3-3,chimera,1,RH.17B3832C9C1D403Z0Z,RH.B3BF5B8B809244BZ0Z,RH.17B3832C9C1D403Z0Z,RH.B3BF5B8B809244BZ0Z,A00405_539_HLLNCDSX3_4_1275_28999_6746_1_288_-_01746c8ccbff3ad2c4beef979ee1bde8; A00405_539_HLLNCDSX3_4_1664_16523_27101_1_264_-_3645ed6f02b5ac023bae1385c93611d5,,,,,,,,FALSE,,No whole-read match to any target
M03520:605:000000000-LVNKY:1:1109:13845:8131,as25-3,chimera,1,RH.44333617E8F04C0Z0Z,RH.C597F0BA65D4481Z0Z,RH.44333617E8F04C0Z0Z,RH.C597F0BA65D4481Z0Z,A00405_539_HLLNCDSX3_4_2362_27326_33004_1_286_-_08920e28984ffda7ff0f37d186246d68; A00405_539_HLLNCDSX3_4_1253_5231_9204_1_291_+_5232c331b3893acf7a55118f4673f3d0,A00405_539_HLLNCDSX3_4_1253_5231_9204_1_291_+_5232c331b3893acf7a55118f4673f3d0,95.455,44,2,5.58e-15,71.3,151,TRUE,0.291390728476821,Matches own primer's target (expected)
M03520:605:000000000-LVNKY:1:1109:14835:25988,as15-3,matched_pair,1,RH.0C6EF86AB29A422Z0Z,RH.0C6EF86AB29A422Z0Z,RH.0C6EF86AB29A422Z0Z,RH.0C6EF86AB29A422Z0Z,A00405_539_HLLNCDSX3_4_1133_19199_19492_1_294_-_f696211bbf33e2824c01aee2ec50bcfe,A00405_539_HLLNCDSX3_4_1133_19199_19492_1_294_-_f696211bbf33e2824c01aee2ec50bcfe,98.305,118,2,4.08e-56,207,151,TRUE,0.781456953642384,Matches own primer's target (expected)
M03520:605:000000000-LVNKY:1:1109:16607:17583,as30-3,matched_pair,1,RH.E253263309B742FZ0Z,RH.E253263309B742FZ0Z,RH.E253263309B742FZ0Z,RH.E253263309B742FZ0Z,A00405_539_HLLNCDSX3_4_1667_3577_14481_1_279_+_5c2b589f92cd328dd27be08801c4b747,A00405_539_HLLNCDSX3_4_1667_3577_14481_1_279_+_5c2b589f92cd328dd27be08801c4b747,97.857,140,3,1.12e-66,243,151,TRUE,0.927152317880795,Matches own primer's target (expected)
M03520:605:000000000-LVNKY:1:1109:17451:9007,as10-2,matched_pair,1,RH.78B83B8D6A224B1Z0Z,RH.78B83B8D6A224B1Z0Z,RH.78B83B8D6A224B1Z0Z,RH.78B83B8D6A224B1Z0Z,A00405_539_HLLNCDSX3_4_1104_22073_24408_1_293_+_4914a7ba4a2d99ed42b81efb3a62da2b,A00405_539_HLLNCDSX3_4_1104_22073_24408_1_293_+_4914a7ba4a2d99ed42b81efb3a62da2b,99.265,136,1,8.64e-68,246,151,TRUE,0.900662251655629,Matches own primer's target (expected)
M03520:605:000000000-LVNKY:1:1109:18701:24492,sd15-2,matched_pair,1,RH.DDB83AFF97C94C6Z0Z,RH.DDB83AFF97C94C6Z0Z,RH.DDB83AFF97C94C6Z0Z,RH.DDB83AFF97C94C6Z0Z,A00405_539_HLLNCDSX3_4_2214_27434_30780_1_238_-_02586f3f6cd19c432ac8d02dc5b6f139,A00405_539_HLLNCDSX3_4_2214_27434_30780_1_238_-_02586f3f6cd19c432ac8d02dc5b6f139,98.276,116,2,5.27e-55,204,151,TRUE,0.768211920529801,Matches own primer's target (expected)
M03520:605:000000000-LVNKY:1:1109:18942:22916,as15-3,matched_pair,1,RH.2A85EAE5DEAD471Z0Z,RH.2A85EAE5DEAD471Z0Z,RH.2A85EAE5DEAD471Z0Z,RH.2A85EAE5DEAD471Z0Z,A00405_539_HLLNCDSX3_4_1451_30409_6715_1_231_+_018312b314ec0e3d7060fd278ef283f4,A00405_539_HLLNCDSX3_4_1451_30409_6715_1_231_+_018312b314ec0e3d7060fd278ef283f4,99.18,122,1,5.24e-60,220,151,TRUE,0.80794701986755,Matches own primer's target (expected)
M03520:605:000000000-LVNKY:1:1109:21749:6956,as3-3,chimera,1,RH.609947B6947F457Z0Z,RH.A12CDF2B5C80436Z0Z,RH.609947B6947F457Z0Z,RH.A12CDF2B5C80436Z0Z,A00405_539_HLLNCDSX3_4_2461_3947_20603_1_294_+_8fe128bc725ad345d4357d5a9d24cdb7; A00405_539_HLLNCDSX3_4_2563_32868_30138_1_275_-_c7a2dc8142d6cf6abfecf63974bbc06d,,,,,,,,FALSE,,No whole-read match to any target
M03520:605:000000000-LVNKY:1:1109:24783:4685,sd20-1,matched_pair,1,RH.8B25A056ABC1444Z0Z,RH.8B25A056ABC1444Z0Z,RH.8B25A056ABC1444Z0Z,RH.8B25A056ABC1444Z0Z,A00405_539_HLLNCDSX3_4_2316_28330_6527_1_279_+_d0519282208358367ba6d805c3abc895,A00405_539_HLLNCDSX3_4_2316_28330_6527_1_279_+_d0519282208358367ba6d805c3abc895,98.639,147,2,3.09e-72,261,151,TRUE,0.973509933774834,Matches own primer's target (expected)
M03520:605:000000000-LVNKY:1:1109:26476:23891,sd25-1,matched_pair,1,RH.0550AF0F57084ADZ0Z,RH.0550AF0F57084ADZ0Z,RH.0550AF0F57084ADZ0Z,RH.0550AF0F57084ADZ0Z,A00405_539_HLLNCDSX3_4_2375_18032_36793_1_294_+_5a260901400c54ea43f4ad67a663e52d,A00405_539_HLLNCDSX3_4_2375_18032_36793_1_294_+_5a260901400c54ea43f4ad67a663e52d,98.529,136,2,4.02e-66,241,151,TRUE,0.900662251655629,Matches own primer's target (expected)
M03520:605:000000000-LVNKY:1:1110:10199:12118,sd20-2,matched_pair,1,RH.B9EF730EBE6C436Z0Z,RH.B9EF730EBE6C436Z0Z,RH.B9EF730EBE6C436Z0Z,RH.B9EF730EBE6C436Z0Z,A00405_539_HLLNCDSX3_4_2354_31494_20306_1_293_+_9fc4ba7df13b38a1122bbfdc70b1bfa7,A00405_539_HLLNCDSX3_4_2354_31494_20306_1_293_+_9fc4ba7df13b38a1122bbfdc70b1bfa7,99.324,148,1,1.84e-74,268,151,TRUE,0.980132450331126,Matches own primer's target (expected)
M03520:605:000000000-LVNKY:1:1110:14996:16831,as30-3,chimera,1,RH.F4E2313A8B92492Z0Z,RH.78B83B8D6A224B1Z0Z,RH.F4E2313A8B92492Z0Z,RH.78B83B8D6A224B1Z0Z,A00405_539_HLLNCDSX3_4_1104_22073_24408_1_293_+_4914a7ba4a2d99ed42b81efb3a62da2b; A00405_539_HLLNCDSX3_4_2568_31955_35697_1_276_+_c92a035b3a55ad1b2109b6fea5d56592,,,,,,,,FALSE,,No whole-read match to any target
M03520:605:000000000-LVNKY:1:1110:19800:11436,as20-2,chimera,1,RH.44333617E8F04C0Z0Z,RH.C597F0BA65D4481Z0Z,RH.44333617E8F04C0Z0Z,RH.C597F0BA65D4481Z0Z,A00405_539_HLLNCDSX3_4_2362_27326_33004_1_286_-_08920e28984ffda7ff0f37d186246d68; A00405_539_HLLNCDSX3_4_1253_5231_9204_1_291_+_5232c331b3893acf7a55118f4673f3d0,A00405_539_HLLNCDSX3_4_1253_5231_9204_1_291_+_5232c331b3893acf7a55118f4673f3d0,95.455,44,2,5.58e-15,71.3,151,TRUE,0.291390728476821,Matches own primer's target (expected)
M03520:605:000000000-LVNKY:1:1110:20293:6074,as15-1,chimera,1,RH.3B2B2BB86AB94D3Z0Z,RH.64613722763148BZ0Z,RH.3B2B2BB86AB94D3Z0Z,RH.64613722763148BZ0Z,A00405_539_HLLNCDSX3_4_2273_12391_14716_1_280_+_dc9ad065389b151656592223aedc10ba,,,,,,,,FALSE,,No whole-read match to any target
M03520:605:000000000-LVNKY:1:1110:23142:26235,sd15-2,matched_pair,1,RH.2A8AD21024974C0Z0Z,RH.2A8AD21024974C0Z0Z,RH.2A8AD21024974C0Z0Z,RH.2A8AD21024974C0Z0Z,A00405_539_HLLNCDSX3_4_1334_11930_16266_1_258_+_048a394d3695a8abb0c425f7d9b7201d,A00405_539_HLLNCDSX3_4_1334_11930_16266_1_258_+_048a394d3695a8abb0c425f7d9b7201d,97.541,122,3,1.13e-56,209,151,TRUE,0.80794701986755,Matches own primer's target (expected)
M03520:605:000000000-LVNKY:1:1110:26618:23734,sd3-1,chimera,1,RH.3B2B2BB86AB94D3Z0Z,RH.64613722763148BZ0Z,RH.3B2B2BB86AB94D3Z0Z,RH.64613722763148BZ0Z,A00405_539_HLLNCDSX3_4_2273_12391_14716_1_280_+_dc9ad065389b151656592223aedc10ba,,,,,,,,FALSE,,No whole-read match to any target
M03520:605:000000000-LVNKY:1:1110:6112:19827,as25-2,chimera,1,RH.17B3832C9C1D403Z0Z,RH.B3BF5B8B809244BZ0Z,RH.17B3832C9C1D403Z0Z,RH.B3BF5B8B809244BZ0Z,A00405_539_HLLNCDSX3_4_1275_28999_6746_1_288_-_01746c8ccbff3ad2c4beef979ee1bde8; A00405_539_HLLNCDSX3_4_1664_16523_27101_1_264_-_3645ed6f02b5ac023bae1385c93611d5,,,,,,,,FALSE,,No whole-read match to any target
M03520:605:000000000-LVNKY:1:1110:7569:15262,as30-3,chimera,1,RH.3B2B2BB86AB94D3Z0Z,RH.64613722763148BZ0Z,RH.3B2B2BB86AB94D3Z0Z,RH.64613722763148BZ0Z,A00405_539_HLLNCDSX3_4_2273_12391_14716_1_280_+_dc9ad065389b151656592223aedc10ba,,,,,,,,FALSE,,No whole-read match to any target
M03520:605:000000000-LVNKY:1:1110:9341:19419,as15-2,matched_pair,1,RH.2AFFFBA0E81C482Z0Z,RH.2AFFFBA0E81C482Z0Z,RH.2AFFFBA0E81C482Z0Z,RH.2AFFFBA0E81C482Z0Z,A00405_539_HLLNCDSX3_4_1149_18701_36605_1_292_-_4a407c9c3375a6ad5003bdd88d91a484,A00405_539_HLLNCDSX3_4_1149_18701_36605_1_292_-_4a407c9c3375a6ad5003bdd88d91a484,99.13,115,1,4.08e-56,207,151,TRUE,0.76158940397351,Matches own primer's target (expected)
M03520:605:000000000-LVNKY:1:1111:13453:28479,sd15-2,matched_pair,1,RH.7CE39E25906745AZ0Z,RH.7CE39E25906745AZ0Z,RH.7CE39E25906745AZ0Z,RH.7CE39E25906745AZ0Z,A00405_539_HLLNCDSX3_4_1406_19262_13119_1_287_+_7e2b216f62b2af90b0db370fe85efc1c,A00405_539_HLLNCDSX3_4_1406_19262_13119_1_287_+_7e2b216f62b2af90b0db370fe85efc1c,99.2,125,1,1.13e-61,226,151,TRUE,0.827814569536424,Matches own primer's target (expected)
M03520:605:000000000-LVNKY:1:1111:14295:4957,as30-2,chimera,1,RH.17B3832C9C1D403Z0Z,RH.B3BF5B8B809244BZ0Z,RH.17B3832C9C1D403Z0Z,RH.B3BF5B8B809244BZ0Z,A00405_539_HLLNCDSX3_4_1275_28999_6746_1_288_-_01746c8ccbff3ad2c4beef979ee1bde8; A00405_539_HLLNCDSX3_4_1664_16523_27101_1_264_-_3645ed6f02b5ac023bae1385c93611d5,,,,,,,,FALSE,,No whole-read match to any target
M03520:605:000000000-LVNKY:1:1111:17434:6715,sd10-2,chimera,1,RH.17B3832C9C1D403Z0Z,RH.B3BF5B8B809244BZ0Z; RH.27578A9A85FA4A3Z0Z,RH.17B3832C9C1D403Z0Z,RH.B3BF5B8B809244BZ0Z|RH.27578A9A85FA4A3Z0Z,A00405_539_HLLNCDSX3_4_1275_28999_6746_1_288_-_01746c8ccbff3ad2c4beef979ee1bde8; A00405_539_HLLNCDSX3_4_2413_23728_18349_1_294_+_5c8cf276bfb8a016a1079c51251bc7d6; A00405_539_HLLNCDSX3_4_1664_16523_27101_1_264_-_3645ed6f02b5ac023bae1385c93611d5,,,,,,,,FALSE,,No whole-read match to any target
M03520:605:000000000-LVNKY:1:1111:19072:25393,as25-3,chimera,1,RH.44333617E8F04C0Z0Z,RH.C597F0BA65D4481Z0Z,RH.44333617E8F04C0Z0Z,RH.C597F0BA65D4481Z0Z,A00405_539_HLLNCDSX3_4_2362_27326_33004_1_286_-_08920e28984ffda7ff0f37d186246d68; A00405_539_HLLNCDSX3_4_1253_5231_9204_1_291_+_5232c331b3893acf7a55118f4673f3d0,A00405_539_HLLNCDSX3_4_1253_5231_9204_1_291_+_5232c331b3893acf7a55118f4673f3d0,95.455,44,2,5.58e-15,71.3,151,TRUE,0.291390728476821,Matches own primer's target (expected)
M03520:605:000000000-LVNKY:1:1111:19666:15875,as15-3,chimera,1,RH.3B2B2BB86AB94D3Z0Z,RH.64613722763148BZ0Z,RH.3B2B2BB86AB94D3Z0Z,RH.64613722763148BZ0Z,A00405_539_HLLNCDSX3_4_2273_12391_14716_1_280_+_dc9ad065389b151656592223aedc10ba,,,,,,,,FALSE,,No whole-read match to any target
M03520:605:000000000-LVNKY:1:1111:19779:24224,sd30-1,matched_pair,1,RH.0550AF0F57084ADZ0Z,RH.0550AF0F57084ADZ0Z,RH.0550AF0F57084ADZ0Z,RH.0550AF0F57084ADZ0Z,A00405_539_HLLNCDSX3_4_2375_18032_36793_1_294_+_5a260901400c54ea43f4ad67a663e52d,A00405_539_HLLNCDSX3_4_2375_18032_36793_1_294_+_5a260901400c54ea43f4ad67a663e52d,99.265,136,1,8.64e-68,246,151,TRUE,0.900662251655629,Matches own primer's target (expected)
M03520:605:000000000-LVNKY:1:1111:21480:18739,as25-1,chimera,1,RH.3B2B2BB86AB94D3Z0Z,RH.64613722763148BZ0Z,RH.3B2B2BB86AB94D3Z0Z,RH.64613722763148BZ0Z,A00405_539_HLLNCDSX3_4_2273_12391_14716_1_280_+_dc9ad065389b151656592223aedc10ba,,,,,,,,FALSE,,No whole-read match to any target
M03520:605:000000000-LVNKY:1:1111:24673:11474,as10-2,matched_pair,2,RH.2AFFFBA0E81C482Z0Z,RH.2AFFFBA0E81C482Z0Z,RH.2AFFFBA0E81C482Z0Z,RH.2AFFFBA0E81C482Z0Z,A00405_539_HLLNCDSX3_4_1149_18701_36605_1_292_-_4a407c9c3375a6ad5003bdd88d91a484,A00405_539_HLLNCDSX3_4_1149_18701_36605_1_292_-_4a407c9c3375a6ad5003bdd88d91a484,100,114,0,3.15e-57,211,151,TRUE,0.754966887417219,Matches own primer's target (expected)
M03520:605:000000000-LVNKY:1:1111:24937:14923,as3-2,chimera,1,RH.44333617E8F04C0Z0Z,RH.C597F0BA65D4481Z0Z,RH.44333617E8F04C0Z0Z,RH.C597F0BA65D4481Z0Z,A00405_539_HLLNCDSX3_4_2362_27326_33004_1_286_-_08920e28984ffda7ff0f37d186246d68; A00405_539_HLLNCDSX3_4_1253_5231_9204_1_291_+_5232c331b3893acf7a55118f4673f3d0,A00405_539_HLLNCDSX3_4_1253_5231_9204_1_291_+_5232c331b3893acf7a55118f4673f3d0,95.455,44,2,5.58e-15,71.3,151,TRUE,0.291390728476821,Matches own primer's target (expected)
M03520:605:000000000-LVNKY:1:1111:25371:10114,as20-2,chimera,1,RH.44333617E8F04C0Z0Z,RH.C597F0BA65D4481Z0Z,RH.44333617E8F04C0Z0Z,RH.C597F0BA65D4481Z0Z,A00405_539_HLLNCDSX3_4_2362_27326_33004_1_286_-_08920e28984ffda7ff0f37d186246d68; A00405_539_HLLNCDSX3_4_1253_5231_9204_1_291_+_5232c331b3893acf7a55118f4673f3d0,A00405_539_HLLNCDSX3_4_1253_5231_9204_1_291_+_5232c331b3893acf7a55118f4673f3d0,95.455,44,2,5.58e-15,71.3,151,TRUE,0.291390728476821,Matches own primer's target (expected)
M03520:605:000000000-LVNKY:1:1111:26790:8619,as3-2,chimera,1,RH.3B2B2BB86AB94D3Z0Z,RH.64613722763148BZ0Z,RH.3B2B2BB86AB94D3Z0Z,RH.64613722763148BZ0Z,A00405_539_HLLNCDSX3_4_2273_12391_14716_1_280_+_dc9ad065389b151656592223aedc10ba,,,,,,,,FALSE,,No whole-read match to any target
M03520:605:000000000-LVNKY:1:1111:27173:16106,as20-2,chimera,1,RH.3B2B2BB86AB94D3Z0Z,RH.64613722763148BZ0Z,RH.3B2B2BB86AB94D3Z0Z,RH.64613722763148BZ0Z,A00405_539_HLLNCDSX3_4_2273_12391_14716_1_280_+_dc9ad065389b151656592223aedc10ba,,,,,,,,FALSE,,No whole-read match to any target
M03520:605:000000000-LVNKY:1:1111:28124:20675,as30-2,matched_pair,1,RH.B9EF730EBE6C436Z0Z,RH.B9EF730EBE6C436Z0Z,RH.B9EF730EBE6C436Z0Z,RH.B9EF730EBE6C436Z0Z,A00405_539_HLLNCDSX3_4_2354_31494_20306_1_293_+_9fc4ba7df13b38a1122bbfdc70b1bfa7,A00405_539_HLLNCDSX3_4_2354_31494_20306_1_293_+_9fc4ba7df13b38a1122bbfdc70b1bfa7,99.32,147,1,6.63e-74,267,151,TRUE,0.973509933774834,Matches own primer's target (expected)
M03520:605:000000000-LVNKY:1:1111:3818:8457,as10-1,chimera,1,RH.44333617E8F04C0Z0Z,RH.C597F0BA65D4481Z0Z,RH.44333617E8F04C0Z0Z,RH.C597F0BA65D4481Z0Z,A00405_539_HLLNCDSX3_4_2362_27326_33004_1_286_-_08920e28984ffda7ff0f37d186246d68; A00405_539_HLLNCDSX3_4_1253_5231_9204_1_291_+_5232c331b3893acf7a55118f4673f3d0,A00405_539_HLLNCDSX3_4_1253_5231_9204_1_291_+_5232c331b3893acf7a55118f4673f3d0,95.455,44,2,5.58e-15,71.3,151,TRUE,0.291390728476821,Matches own primer's target (expected)
M03520:605:000000000-LVNKY:1:1112:11501:2192,sd25-3,matched_pair,3,RH.2A8AD21024974C0Z0Z,RH.2A8AD21024974C0Z0Z,RH.2A8AD21024974C0Z0Z,RH.2A8AD21024974C0Z0Z,A00405_539_HLLNCDSX3_4_1334_11930_16266_1_258_+_048a394d3695a8abb0c425f7d9b7201d,A00405_539_HLLNCDSX3_4_1334_11930_16266_1_258_+_048a394d3695a8abb0c425f7d9b7201d,99.18,122,1,5.24e-60,220,151,TRUE,0.80794701986755,Matches own primer's target (expected)
M03520:605:000000000-LVNKY:1:1112:12803:14188,as25-3,matched_pair,1,RH.6408CE975B5340AZ0Z,RH.6408CE975B5340AZ0Z,RH.6408CE975B5340AZ0Z,RH.6408CE975B5340AZ0Z,A00405_539_HLLNCDSX3_4_1418_8196_3505_1_290_-_1bf831b7d5cca66c11b01477482cf05f,A00405_539_HLLNCDSX3_4_1418_8196_3505_1_290_-_1bf831b7d5cca66c11b01477482cf05f,99.315,146,1,2.39e-73,265,151,TRUE,0.966887417218543,Matches own primer's target (expected)
M03520:605:000000000-LVNKY:1:1112:15006:9529,sd20-2,matched_pair,1,RH.2AFFFBA0E81C482Z0Z,RH.2AFFFBA0E81C482Z0Z,RH.2AFFFBA0E81C482Z0Z,RH.2AFFFBA0E81C482Z0Z,A00405_539_HLLNCDSX3_4_1149_18701_36605_1_292_-_4a407c9c3375a6ad5003bdd88d91a484,A00405_539_HLLNCDSX3_4_1149_18701_36605_1_292_-_4a407c9c3375a6ad5003bdd88d91a484,99.13,115,1,4.08e-56,207,151,TRUE,0.76158940397351,Matches own primer's target (expected)
M03520:605:000000000-LVNKY:1:1112:15549:16430,sd30-2,matched_pair,1,RH.DDB83AFF97C94C6Z0Z,RH.DDB83AFF97C94C6Z0Z,RH.DDB83AFF97C94C6Z0Z,RH.DDB83AFF97C94C6Z0Z,A00405_539_HLLNCDSX3_4_2214_27434_30780_1_238_-_02586f3f6cd19c432ac8d02dc5b6f139,A00405_539_HLLNCDSX3_4_2214_27434_30780_1_238_-_02586f3f6cd19c432ac8d02dc5b6f139,99.138,116,1,1.13e-56,209,151,TRUE,0.768211920529801,Matches own primer's target (expected)
M03520:605:000000000-LVNKY:1:1112:20434:11445,sd3-2,matched_pair,1,RH.0BD19D1A26A74EBZ0Z,RH.0BD19D1A26A74EBZ0Z,RH.0BD19D1A26A74EBZ0Z,RH.0BD19D1A26A74EBZ0Z,A00405_539_HLLNCDSX3_4_2576_29315_15749_1_293_+_81ef8281ba5891ff7b36aceec603003c,A00405_539_HLLNCDSX3_4_2576_29315_15749_1_293_+_81ef8281ba5891ff7b36aceec603003c,100,109,0,1.9e-54,202,151,TRUE,0.721854304635762,Matches own primer's target (expected)
M03520:605:000000000-LVNKY:1:1112:22166:10512,as10-3,chimera,1,RH.3B2B2BB86AB94D3Z0Z,RH.64613722763148BZ0Z,RH.3B2B2BB86AB94D3Z0Z,RH.64613722763148BZ0Z,A00405_539_HLLNCDSX3_4_2273_12391_14716_1_280_+_dc9ad065389b151656592223aedc10ba,,,,,,,,FALSE,,No whole-read match to any target
M03520:605:000000000-LVNKY:1:1112:22768:12263,as3-2,chimera,1,RH.44333617E8F04C0Z0Z,RH.C597F0BA65D4481Z0Z,RH.44333617E8F04C0Z0Z,RH.C597F0BA65D4481Z0Z,A00405_539_HLLNCDSX3_4_2362_27326_33004_1_286_-_08920e28984ffda7ff0f37d186246d68; A00405_539_HLLNCDSX3_4_1253_5231_9204_1_291_+_5232c331b3893acf7a55118f4673f3d0,A00405_539_HLLNCDSX3_4_1253_5231_9204_1_291_+_5232c331b3893acf7a55118f4673f3d0,95.455,44,2,5.58e-15,71.3,151,TRUE,0.291390728476821,Matches own primer's target (expected)
M03520:605:000000000-LVNKY:1:1112:3411:15746,as3-3,chimera,1,RH.44333617E8F04C0Z0Z,RH.C597F0BA65D4481Z0Z,RH.44333617E8F04C0Z0Z,RH.C597F0BA65D4481Z0Z,A00405_539_HLLNCDSX3_4_2362_27326_33004_1_286_-_08920e28984ffda7ff0f37d186246d68; A00405_539_HLLNCDSX3_4_1253_5231_9204_1_291_+_5232c331b3893acf7a55118f4673f3d0,A00405_539_HLLNCDSX3_4_1253_5231_9204_1_291_+_5232c331b3893acf7a55118f4673f3d0,95.455,44,2,5.58e-15,71.3,151,TRUE,0.291390728476821,Matches own primer's target (expected)
M03520:605:000000000-LVNKY:1:1112:3697:19024,as10-2,chimera,1,RH.44333617E8F04C0Z0Z,RH.C597F0BA65D4481Z0Z,RH.44333617E8F04C0Z0Z,RH.C597F0BA65D4481Z0Z,A00405_539_HLLNCDSX3_4_2362_27326_33004_1_286_-_08920e28984ffda7ff0f37d186246d68; A00405_539_HLLNCDSX3_4_1253_5231_9204_1_291_+_5232c331b3893acf7a55118f4673f3d0,A00405_539_HLLNCDSX3_4_1253_5231_9204_1_291_+_5232c331b3893acf7a55118f4673f3d0,95.455,44,2,5.58e-15,71.3,151,TRUE,0.291390728476821,Matches own primer's target (expected)
M03520:605:000000000-LVNKY:1:1112:3921:18750,sd20-2,matched_pair,1,RH.0550AF0F57084ADZ0Z,RH.0550AF0F57084ADZ0Z,RH.0550AF0F57084ADZ0Z,RH.0550AF0F57084ADZ0Z,A00405_539_HLLNCDSX3_4_2375_18032_36793_1_294_+_5a260901400c54ea43f4ad67a663e52d,A00405_539_HLLNCDSX3_4_2375_18032_36793_1_294_+_5a260901400c54ea43f4ad67a663e52d,99.265,136,1,8.64e-68,246,151,TRUE,0.900662251655629,Matches own primer's target (expected)
M03520:605:000000000-LVNKY:1:1112:4508:19523,as10-3,chimera,1,RH.44333617E8F04C0Z0Z,RH.C597F0BA65D4481Z0Z,RH.44333617E8F04C0Z0Z,RH.C597F0BA65D4481Z0Z,A00405_539_HLLNCDSX3_4_2362_27326_33004_1_286_-_08920e28984ffda7ff0f37d186246d68; A00405_539_HLLNCDSX3_4_1253_5231_9204_1_291_+_5232c331b3893acf7a55118f4673f3d0,A00405_539_HLLNCDSX3_4_1253_5231_9204_1_291_+_5232c331b3893acf7a55118f4673f3d0,95.455,44,2,5.58e-15,71.3,151,TRUE,0.291390728476821,Matches own primer's target (expected)
M03520:605:000000000-LVNKY:1:1112:5814:24770,sd3-2,matched_pair,1,RH.DDB83AFF97C94C6Z0Z,RH.DDB83AFF97C94C6Z0Z,RH.DDB83AFF97C94C6Z0Z,RH.DDB83AFF97C94C6Z0Z,A00405_539_HLLNCDSX3_4_2214_27434_30780_1_238_-_02586f3f6cd19c432ac8d02dc5b6f139,A00405_539_HLLNCDSX3_4_2214_27434_30780_1_238_-_02586f3f6cd19c432ac8d02dc5b6f139,98.276,116,2,5.27e-55,204,151,TRUE,0.768211920529801,Matches own primer's target (expected)
M03520:605:000000000-LVNKY:1:1112:6336:5417,as3-2,chimera,1,RH.3B2B2BB86AB94D3Z0Z,RH.64613722763148BZ0Z,RH.3B2B2BB86AB94D3Z0Z,RH.64613722763148BZ0Z,A00405_539_HLLNCDSX3_4_2273_12391_14716_1_280_+_dc9ad065389b151656592223aedc10ba,,,,,,,,FALSE,,No whole-read match to any target
M03520:605:000000000-LVNKY:1:1113:11011:6941,as10-1,chimera,1,RH.3B2B2BB86AB94D3Z0Z,RH.64613722763148BZ0Z,RH.3B2B2BB86AB94D3Z0Z,RH.64613722763148BZ0Z,A00405_539_HLLNCDSX3_4_2273_12391_14716_1_280_+_dc9ad065389b151656592223aedc10ba,,,,,,,,FALSE,,No whole-read match to any target
M03520:605:000000000-LVNKY:1:1113:11073:2362,as20-1,matched_pair,1,RH.DDB83AFF97C94C6Z0Z,RH.DDB83AFF97C94C6Z0Z,RH.DDB83AFF97C94C6Z0Z,RH.DDB83AFF97C94C6Z0Z,A00405_539_HLLNCDSX3_4_2214_27434_30780_1_238_-_02586f3f6cd19c432ac8d02dc5b6f139,A00405_539_HLLNCDSX3_4_2214_27434_30780_1_238_-_02586f3f6cd19c432ac8d02dc5b6f139,97.351,151,4,3.99e-71,257,151,TRUE,1,Matches own primer's target (expected)
M03520:605:000000000-LVNKY:1:1113:11520:22873,sd10-2,matched_pair,1,RH.B9EF730EBE6C436Z0Z,RH.B9EF730EBE6C436Z0Z,RH.B9EF730EBE6C436Z0Z,RH.B9EF730EBE6C436Z0Z,A00405_539_HLLNCDSX3_4_2354_31494_20306_1_293_+_9fc4ba7df13b38a1122bbfdc70b1bfa7,A00405_539_HLLNCDSX3_4_2354_31494_20306_1_293_+_9fc4ba7df13b38a1122bbfdc70b1bfa7,98.658,149,1,8.58e-73,263,151,TRUE,0.986754966887417,Matches own primer's target (expected)
M03520:605:000000000-LVNKY:1:1113:15335:15360,sd30-1,chimera,1,RH.3B2B2BB86AB94D3Z0Z,RH.64613722763148BZ0Z,RH.3B2B2BB86AB94D3Z0Z,RH.64613722763148BZ0Z,A00405_539_HLLNCDSX3_4_2273_12391_14716_1_280_+_dc9ad065389b151656592223aedc10ba,,,,,,,,FALSE,,No whole-read match to any target
M03520:605:000000000-LVNKY:1:1113:16573:23317,as7-3,matched_pair,1,RH.7CE39E25906745AZ0Z,RH.7CE39E25906745AZ0Z,RH.7CE39E25906745AZ0Z,RH.7CE39E25906745AZ0Z,A00405_539_HLLNCDSX3_4_1406_19262_13119_1_287_+_7e2b216f62b2af90b0db370fe85efc1c,A00405_539_HLLNCDSX3_4_1406_19262_13119_1_287_+_7e2b216f62b2af90b0db370fe85efc1c,96.8,125,4,1.13e-56,209,151,TRUE,0.827814569536424,Matches own primer's target (expected)
M03520:605:000000000-LVNKY:1:1113:20175:20597,sd10-2,matched_pair,1,RH.DDB83AFF97C94C6Z0Z,RH.DDB83AFF97C94C6Z0Z,RH.DDB83AFF97C94C6Z0Z,RH.DDB83AFF97C94C6Z0Z,A00405_539_HLLNCDSX3_4_2214_27434_30780_1_238_-_02586f3f6cd19c432ac8d02dc5b6f139,A00405_539_HLLNCDSX3_4_2214_27434_30780_1_238_-_02586f3f6cd19c432ac8d02dc5b6f139,97.414,116,3,2.45e-53,198,151,TRUE,0.768211920529801,Matches own primer's target (expected)
M03520:605:000000000-LVNKY:1:1113:22801:20340,as15-2,matched_pair,1,RH.27578A9A85FA4A3Z0Z,RH.27578A9A85FA4A3Z0Z,RH.27578A9A85FA4A3Z0Z,RH.27578A9A85FA4A3Z0Z,A00405_539_HLLNCDSX3_4_2413_23728_18349_1_294_+_5c8cf276bfb8a016a1079c51251bc7d6,A00405_539_HLLNCDSX3_4_2413_23728_18349_1_294_+_5c8cf276bfb8a016a1079c51251bc7d6,98.675,151,2,1.84e-74,268,151,TRUE,1,Matches own primer's target (expected)
M03520:605:000000000-LVNKY:1:1113:26183:19261,as30-3,chimera,1,RH.609947B6947F457Z0Z,RH.A12CDF2B5C80436Z0Z,RH.609947B6947F457Z0Z,RH.A12CDF2B5C80436Z0Z,A00405_539_HLLNCDSX3_4_2461_3947_20603_1_294_+_8fe128bc725ad345d4357d5a9d24cdb7; A00405_539_HLLNCDSX3_4_2563_32868_30138_1_275_-_c7a2dc8142d6cf6abfecf63974bbc06d,,,,,,,,FALSE,,No whole-read match to any target
M03520:605:000000000-LVNKY:1:1113:7046:16607,sd7-1,matched_pair,1,RH.CF953F27F5674E1Z0Z,RH.CF953F27F5674E1Z0Z,RH.CF953F27F5674E1Z0Z,RH.CF953F27F5674E1Z0Z,A00405_539_HLLNCDSX3_4_2428_25979_27508_1_293_+_ea053f94656145d4f38e54ebc41708ef,A00405_539_HLLNCDSX3_4_2428_25979_27508_1_293_+_ea053f94656145d4f38e54ebc41708ef,98.413,126,2,1.46e-60,222,151,TRUE,0.834437086092715,Matches own primer's target (expected)
M03520:605:000000000-LVNKY:1:1114:10849:17956,as3-2,matched_pair,1,RH.0C6EF86AB29A422Z0Z,RH.0C6EF86AB29A422Z0Z,RH.0C6EF86AB29A422Z0Z,RH.0C6EF86AB29A422Z0Z,A00405_539_HLLNCDSX3_4_1133_19199_19492_1_294_-_f696211bbf33e2824c01aee2ec50bcfe,A00405_539_HLLNCDSX3_4_1133_19199_19492_1_294_-_f696211bbf33e2824c01aee2ec50bcfe,98.305,118,2,4.08e-56,207,151,TRUE,0.781456953642384,Matches own primer's target (expected)
M03520:605:000000000-LVNKY:1:1114:14418:27901,as20-2,matched_pair,1,RH.0BD19D1A26A74EBZ0Z,RH.0BD19D1A26A74EBZ0Z,RH.0BD19D1A26A74EBZ0Z,RH.0BD19D1A26A74EBZ0Z,A00405_539_HLLNCDSX3_4_2576_29315_15749_1_293_+_81ef8281ba5891ff7b36aceec603003c,A00405_539_HLLNCDSX3_4_2576_29315_15749_1_293_+_81ef8281ba5891ff7b36aceec603003c,99.083,109,1,8.83e-53,196,151,TRUE,0.721854304635762,Matches own primer's target (expected)
M03520:605:000000000-LVNKY:1:1114:15295:21560,as3-3,chimera,1,RH.3B2B2BB86AB94D3Z0Z,RH.64613722763148BZ0Z,RH.3B2B2BB86AB94D3Z0Z,RH.64613722763148BZ0Z,A00405_539_HLLNCDSX3_4_2273_12391_14716_1_280_+_dc9ad065389b151656592223aedc10ba,,,,,,,,FALSE,,No whole-read match to any target
M03520:605:000000000-LVNKY:1:1114:20811:24588,as15-3,chimera,1,RH.44333617E8F04C0Z0Z,RH.C597F0BA65D4481Z0Z,RH.44333617E8F04C0Z0Z,RH.C597F0BA65D4481Z0Z,A00405_539_HLLNCDSX3_4_2362_27326_33004_1_286_-_08920e28984ffda7ff0f37d186246d68; A00405_539_HLLNCDSX3_4_1253_5231_9204_1_291_+_5232c331b3893acf7a55118f4673f3d0,A00405_539_HLLNCDSX3_4_1253_5231_9204_1_291_+_5232c331b3893acf7a55118f4673f3d0,95.455,44,2,5.58e-15,71.3,151,TRUE,0.291390728476821,Matches own primer's target (expected)
M03520:605:000000000-LVNKY:1:1114:21279:5288,as3-3,chimera,1,RH.FDEF34A308684D6Z0Z,RH.C597F0BA65D4481Z0Z,RH.FDEF34A308684D6Z0Z,RH.C597F0BA65D4481Z0Z,A00405_539_HLLNCDSX3_4_1253_5231_9204_1_291_+_5232c331b3893acf7a55118f4673f3d0; A00405_539_HLLNCDSX3_4_1178_12373_36385_1_292_-_8b8f21f75f2bd01a9ad02d01e5ec2145,A00405_539_HLLNCDSX3_4_1253_5231_9204_1_291_+_5232c331b3893acf7a55118f4673f3d0,100,36,0,7.22e-14,67.6,151,TRUE,0.23841059602649,Matches own primer's target (expected)
M03520:605:000000000-LVNKY:1:1114:24351:11553,sd30-2,matched_pair,1,RH.2AFFFBA0E81C482Z0Z,RH.2AFFFBA0E81C482Z0Z,RH.2AFFFBA0E81C482Z0Z,RH.2AFFFBA0E81C482Z0Z,A00405_539_HLLNCDSX3_4_1149_18701_36605_1_292_-_4a407c9c3375a6ad5003bdd88d91a484,A00405_539_HLLNCDSX3_4_1149_18701_36605_1_292_-_4a407c9c3375a6ad5003bdd88d91a484,98.261,115,2,1.9e-54,202,151,TRUE,0.76158940397351,Matches own primer's target (expected)
M03520:605:000000000-LVNKY:1:1114:25619:11384,sd30-1,matched_pair,1,RH.E04EE94198274F7Z0Z,RH.E04EE94198274F7Z0Z,RH.E04EE94198274F7Z0Z,RH.E04EE94198274F7Z0Z,A00405_539_HLLNCDSX3_4_2602_21052_24111_1_292_-_bd1b328e4ee7029fea4cbb06536b8f36,A00405_539_HLLNCDSX3_4_2307_13196_28291_1_273_+_08c022a9cdf0c7266ffcd5bb231ae69a,97.351,151,4,3.99e-71,257,151,FALSE,1,Matches a DIFFERENT target -- LEGITIMATE promiscuity signal (high identity + coverage)
M03520:605:000000000-LVNKY:1:1114:27267:16066,as7-2,chimera,1,RH.3B2B2BB86AB94D3Z0Z,RH.64613722763148BZ0Z,RH.3B2B2BB86AB94D3Z0Z,RH.64613722763148BZ0Z,A00405_539_HLLNCDSX3_4_2273_12391_14716_1_280_+_dc9ad065389b151656592223aedc10ba,,,,,,,,FALSE,,No whole-read match to any target
M03520:605:000000000-LVNKY:1:1114:28048:19972,sd7-3,chimera,1,RH.3B2B2BB86AB94D3Z0Z,RH.64613722763148BZ0Z,RH.3B2B2BB86AB94D3Z0Z,RH.64613722763148BZ0Z,A00405_539_HLLNCDSX3_4_2273_12391_14716_1_280_+_dc9ad065389b151656592223aedc10ba,,,,,,,,FALSE,,No whole-read match to any target
M03520:605:000000000-LVNKY:1:1114:6966:25723,as20-2,chimera,1,RH.44333617E8F04C0Z0Z,RH.C597F0BA65D4481Z0Z,RH.44333617E8F04C0Z0Z,RH.C597F0BA65D4481Z0Z,A00405_539_HLLNCDSX3_4_2362_27326_33004_1_286_-_08920e28984ffda7ff0f37d186246d68; A00405_539_HLLNCDSX3_4_1253_5231_9204_1_291_+_5232c331b3893acf7a55118f4673f3d0,A00405_539_HLLNCDSX3_4_1253_5231_9204_1_291_+_5232c331b3893acf7a55118f4673f3d0,95.455,44,2,5.58e-15,71.3,151,TRUE,0.291390728476821,Matches own primer's target (expected)
M03520:605:000000000-LVNKY:1:1114:8121:15940,as7-2,chimera,1,RH.3B2B2BB86AB94D3Z0Z,RH.64613722763148BZ0Z,RH.3B2B2BB86AB94D3Z0Z,RH.64613722763148BZ0Z,A00405_539_HLLNCDSX3_4_2273_12391_14716_1_280_+_dc9ad065389b151656592223aedc10ba,,,,,,,,FALSE,,No whole-read match to any target
M03520:605:000000000-LVNKY:1:2101:10141:14552,sd10-1,matched_pair,1,RH.DDB83AFF97C94C6Z0Z,RH.DDB83AFF97C94C6Z0Z,RH.DDB83AFF97C94C6Z0Z,RH.DDB83AFF97C94C6Z0Z,A00405_539_HLLNCDSX3_4_2214_27434_30780_1_238_-_02586f3f6cd19c432ac8d02dc5b6f139,A00405_539_HLLNCDSX3_4_2214_27434_30780_1_238_-_02586f3f6cd19c432ac8d02dc5b6f139,94.828,116,3,3.2e-47,178,151,TRUE,0.768211920529801,Matches own primer's target (expected)
M03520:605:000000000-LVNKY:1:2101:11377:17805,as20-1,matched_pair,2,RH.0C6EF86AB29A422Z0Z,RH.0C6EF86AB29A422Z0Z,RH.0C6EF86AB29A422Z0Z,RH.0C6EF86AB29A422Z0Z,A00405_539_HLLNCDSX3_4_1133_19199_19492_1_294_-_f696211bbf33e2824c01aee2ec50bcfe,A00405_539_HLLNCDSX3_4_1133_19199_19492_1_294_-_f696211bbf33e2824c01aee2ec50bcfe,94.915,118,6,1.91e-49,185,151,TRUE,0.781456953642384,Matches own primer's target (expected)
M03520:605:000000000-LVNKY:1:2101:15567:4731,as20-2,chimera,1,RH.44333617E8F04C0Z0Z,RH.C597F0BA65D4481Z0Z,RH.44333617E8F04C0Z0Z,RH.C597F0BA65D4481Z0Z,A00405_539_HLLNCDSX3_4_2362_27326_33004_1_286_-_08920e28984ffda7ff0f37d186246d68; A00405_539_HLLNCDSX3_4_1253_5231_9204_1_291_+_5232c331b3893acf7a55118f4673f3d0,A00405_539_HLLNCDSX3_4_1253_5231_9204_1_291_+_5232c331b3893acf7a55118f4673f3d0,95.455,44,2,5.58e-15,71.3,151,TRUE,0.291390728476821,Matches own primer's target (expected)
M03520:605:000000000-LVNKY:1:2101:19300:2596,as10-3,matched_pair,2,RH.25F43EF2A0F1421Z0Z,RH.25F43EF2A0F1421Z0Z,RH.25F43EF2A0F1421Z0Z,RH.25F43EF2A0F1421Z0Z,A00405_539_HLLNCDSX3_4_2536_7952_30984_1_279_+_0477fcf26c74fdea1d47fdaf9816091b,A00405_539_HLLNCDSX3_4_2536_7952_30984_1_279_+_0477fcf26c74fdea1d47fdaf9816091b,99.333,150,1,1.43e-75,272,151,TRUE,0.993377483443709,Matches own primer's target (expected)
M03520:605:000000000-LVNKY:1:2101:19414:3189,sd3-1,matched_pair,1,RH.DDB83AFF97C94C6Z0Z,RH.DDB83AFF97C94C6Z0Z,RH.DDB83AFF97C94C6Z0Z,RH.DDB83AFF97C94C6Z0Z,A00405_539_HLLNCDSX3_4_2214_27434_30780_1_238_-_02586f3f6cd19c432ac8d02dc5b6f139,A00405_539_HLLNCDSX3_4_2214_27434_30780_1_238_-_02586f3f6cd19c432ac8d02dc5b6f139,94.828,116,6,2.47e-48,182,151,TRUE,0.768211920529801,Matches own primer's target (expected)
M03520:605:000000000-LVNKY:1:2101:21082:3300,sd25-2,matched_pair,1,RH.27578A9A85FA4A3Z0Z,RH.27578A9A85FA4A3Z0Z,RH.27578A9A85FA4A3Z0Z,RH.27578A9A85FA4A3Z0Z,A00405_539_HLLNCDSX3_4_2413_23728_18349_1_294_+_5c8cf276bfb8a016a1079c51251bc7d6,A00405_539_HLLNCDSX3_4_2413_23728_18349_1_294_+_5c8cf276bfb8a016a1079c51251bc7d6,99.338,151,1,3.96e-76,274,151,TRUE,1,Matches own primer's target (expected)
M03520:605:000000000-LVNKY:1:2101:2388:18658,as25-1,chimera,1,RH.F4E2313A8B92492Z0Z,RH.78B83B8D6A224B1Z0Z,RH.F4E2313A8B92492Z0Z,RH.78B83B8D6A224B1Z0Z,A00405_539_HLLNCDSX3_4_1104_22073_24408_1_293_+_4914a7ba4a2d99ed42b81efb3a62da2b; A00405_539_HLLNCDSX3_4_2568_31955_35697_1_276_+_c92a035b3a55ad1b2109b6fea5d56592,,,,,,,,FALSE,,No whole-read match to any target
M03520:605:000000000-LVNKY:1:2101:25557:22399,as7-2,matched_pair,1,RH.CA1E204B0C0842DZ0Z,RH.CA1E204B0C0842DZ0Z,RH.CA1E204B0C0842DZ0Z,RH.CA1E204B0C0842DZ0Z,A00405_539_HLLNCDSX3_4_2602_21052_24111_1_292_-_bd1b328e4ee7029fea4cbb06536b8f36,A00405_539_HLLNCDSX3_4_2602_21052_24111_1_292_-_bd1b328e4ee7029fea4cbb06536b8f36,99.167,120,1,6.77e-59,217,151,TRUE,0.794701986754967,Matches own primer's target (expected)
M03520:605:000000000-LVNKY:1:2101:26725:12116,as3-3,matched_pair,1,RH.0C6EF86AB29A422Z0Z,RH.0C6EF86AB29A422Z0Z,RH.0C6EF86AB29A422Z0Z,RH.0C6EF86AB29A422Z0Z,A00405_539_HLLNCDSX3_4_1133_19199_19492_1_294_-_f696211bbf33e2824c01aee2ec50bcfe,A00405_539_HLLNCDSX3_4_1133_19199_19492_1_294_-_f696211bbf33e2824c01aee2ec50bcfe,93.22,118,8,4.14e-46,174,151,TRUE,0.781456953642384,Matches own primer's target (expected)
M03520:605:000000000-LVNKY:1:2101:27428:14090,as3-3,matched_pair,1,RH.DDB83AFF97C94C6Z0Z,RH.DDB83AFF97C94C6Z0Z,RH.DDB83AFF97C94C6Z0Z,RH.DDB83AFF97C94C6Z0Z,A00405_539_HLLNCDSX3_4_2214_27434_30780_1_238_-_02586f3f6cd19c432ac8d02dc5b6f139,A00405_539_HLLNCDSX3_4_2214_27434_30780_1_238_-_02586f3f6cd19c432ac8d02dc5b6f139,98.675,151,2,1.84e-74,268,151,TRUE,1,Matches own primer's target (expected)
M03520:605:000000000-LVNKY:1:2101:9109:10024,sd25-3,matched_pair,1,RH.0096A141894D447Z0Z,RH.0096A141894D447Z0Z,RH.0096A141894D447Z0Z,RH.0096A141894D447Z0Z,A00405_539_HLLNCDSX3_4_1256_26341_12446_1_294_+_88ec1e8930915f6fd0f1d06309f6b07b,A00405_539_HLLNCDSX3_4_1256_26341_12446_1_294_+_88ec1e8930915f6fd0f1d06309f6b07b,98.675,151,2,1.84e-74,268,151,TRUE,1,Matches own primer's target (expected)
M03520:605:000000000-LVNKY:1:2101:9313:19006,sd3-1,chimera,1,RH.3B2B2BB86AB94D3Z0Z,RH.64613722763148BZ0Z,RH.3B2B2BB86AB94D3Z0Z,RH.64613722763148BZ0Z,A00405_539_HLLNCDSX3_4_2273_12391_14716_1_280_+_dc9ad065389b151656592223aedc10ba,,,,,,,,FALSE,,No whole-read match to any target
M03520:605:000000000-LVNKY:1:2102:11679:26350,as25-3,chimera,1,RH.3B2B2BB86AB94D3Z0Z,RH.64613722763148BZ0Z,RH.3B2B2BB86AB94D3Z0Z,RH.64613722763148BZ0Z,A00405_539_HLLNCDSX3_4_2273_12391_14716_1_280_+_dc9ad065389b151656592223aedc10ba,,,,,,,,FALSE,,No whole-read match to any target
M03520:605:000000000-LVNKY:1:2102:11970:23643,as10-1,chimera,1,RH.44333617E8F04C0Z0Z,RH.C597F0BA65D4481Z0Z,RH.44333617E8F04C0Z0Z,RH.C597F0BA65D4481Z0Z,A00405_539_HLLNCDSX3_4_2362_27326_33004_1_286_-_08920e28984ffda7ff0f37d186246d68; A00405_539_HLLNCDSX3_4_1253_5231_9204_1_291_+_5232c331b3893acf7a55118f4673f3d0,A00405_539_HLLNCDSX3_4_1253_5231_9204_1_291_+_5232c331b3893acf7a55118f4673f3d0,95.455,44,2,5.58e-15,71.3,151,TRUE,0.291390728476821,Matches own primer's target (expected)
M03520:605:000000000-LVNKY:1:2102:14356:3531,as15-1,matched_pair,1,RH.6408CE975B5340AZ0Z,RH.6408CE975B5340AZ0Z,RH.6408CE975B5340AZ0Z,RH.6408CE975B5340AZ0Z,A00405_539_HLLNCDSX3_4_1418_8196_3505_1_290_-_1bf831b7d5cca66c11b01477482cf05f,A00405_539_HLLNCDSX3_4_1418_8196_3505_1_290_-_1bf831b7d5cca66c11b01477482cf05f,98.649,148,1,3.09e-72,261,151,TRUE,0.980132450331126,Matches own primer's target (expected)
M03520:605:000000000-LVNKY:1:2102:15584:12208,as3-3,chimera,1,RH.3B2B2BB86AB94D3Z0Z,RH.64613722763148BZ0Z,RH.3B2B2BB86AB94D3Z0Z,RH.64613722763148BZ0Z,A00405_539_HLLNCDSX3_4_2273_12391_14716_1_280_+_dc9ad065389b151656592223aedc10ba,,,,,,,,FALSE,,No whole-read match to any target
M03520:605:000000000-LVNKY:1:2102:17196:7463,as30-3,matched_pair,1,RH.8B25A056ABC1444Z0Z,RH.8B25A056ABC1444Z0Z,RH.8B25A056ABC1444Z0Z,RH.8B25A056ABC1444Z0Z,A00405_539_HLLNCDSX3_4_2316_28330_6527_1_279_+_d0519282208358367ba6d805c3abc895,A00405_539_HLLNCDSX3_4_2316_28330_6527_1_279_+_d0519282208358367ba6d805c3abc895,99.32,147,1,6.63e-74,267,151,TRUE,0.973509933774834,Matches own primer's target (expected)
M03520:605:000000000-LVNKY:1:2102:17382:14724,as10-3,chimera,1,RH.44333617E8F04C0Z0Z,RH.C597F0BA65D4481Z0Z,RH.44333617E8F04C0Z0Z,RH.C597F0BA65D4481Z0Z,A00405_539_HLLNCDSX3_4_2362_27326_33004_1_286_-_08920e28984ffda7ff0f37d186246d68; A00405_539_HLLNCDSX3_4_1253_5231_9204_1_291_+_5232c331b3893acf7a55118f4673f3d0,A00405_539_HLLNCDSX3_4_1253_5231_9204_1_291_+_5232c331b3893acf7a55118f4673f3d0,95.455,44,2,5.58e-15,71.3,151,TRUE,0.291390728476821,Matches own primer's target (expected)
M03520:605:000000000-LVNKY:1:2102:17978:12947,as10-3,chimera,1,RH.44333617E8F04C0Z0Z,RH.C597F0BA65D4481Z0Z,RH.44333617E8F04C0Z0Z,RH.C597F0BA65D4481Z0Z,A00405_539_HLLNCDSX3_4_2362_27326_33004_1_286_-_08920e28984ffda7ff0f37d186246d68; A00405_539_HLLNCDSX3_4_1253_5231_9204_1_291_+_5232c331b3893acf7a55118f4673f3d0,A00405_539_HLLNCDSX3_4_1253_5231_9204_1_291_+_5232c331b3893acf7a55118f4673f3d0,95.455,44,2,5.58e-15,71.3,151,TRUE,0.291390728476821,Matches own primer's target (expected)
M03520:605:000000000-LVNKY:1:2102:19744:13393,as10-1,chimera,1,RH.44333617E8F04C0Z0Z,RH.C597F0BA65D4481Z0Z,RH.44333617E8F04C0Z0Z,RH.C597F0BA65D4481Z0Z,A00405_539_HLLNCDSX3_4_2362_27326_33004_1_286_-_08920e28984ffda7ff0f37d186246d68; A00405_539_HLLNCDSX3_4_1253_5231_9204_1_291_+_5232c331b3893acf7a55118f4673f3d0,A00405_539_HLLNCDSX3_4_1253_5231_9204_1_291_+_5232c331b3893acf7a55118f4673f3d0,95.455,44,2,5.58e-15,71.3,151,TRUE,0.291390728476821,Matches own primer's target (expected)
M03520:605:000000000-LVNKY:1:2102:20058:6159,as3-1,chimera,1,RH.3B2B2BB86AB94D3Z0Z,RH.64613722763148BZ0Z,RH.3B2B2BB86AB94D3Z0Z,RH.64613722763148BZ0Z,A00405_539_HLLNCDSX3_4_2273_12391_14716_1_280_+_dc9ad065389b151656592223aedc10ba,,,,,,,,FALSE,,No whole-read match to any target
M03520:605:000000000-LVNKY:1:2102:20356:16468,as15-1,chimera,1,RH.44333617E8F04C0Z0Z,RH.C597F0BA65D4481Z0Z,RH.44333617E8F04C0Z0Z,RH.C597F0BA65D4481Z0Z,A00405_539_HLLNCDSX3_4_2362_27326_33004_1_286_-_08920e28984ffda7ff0f37d186246d68; A00405_539_HLLNCDSX3_4_1253_5231_9204_1_291_+_5232c331b3893acf7a55118f4673f3d0,A00405_539_HLLNCDSX3_4_1253_5231_9204_1_291_+_5232c331b3893acf7a55118f4673f3d0,95.455,44,2,5.58e-15,71.3,151,TRUE,0.291390728476821,Matches own primer's target (expected)
M03520:605:000000000-LVNKY:1:2102:3605:22277,sd15-2,matched_pair,1,RH.0096A141894D447Z0Z,RH.0096A141894D447Z0Z,RH.0096A141894D447Z0Z,RH.0096A141894D447Z0Z,A00405_539_HLLNCDSX3_4_1256_26341_12446_1_294_+_88ec1e8930915f6fd0f1d06309f6b07b,A00405_539_HLLNCDSX3_4_1256_26341_12446_1_294_+_88ec1e8930915f6fd0f1d06309f6b07b,99.338,151,1,3.96e-76,274,151,TRUE,1,Matches own primer's target (expected)
M03520:605:000000000-LVNKY:1:2102:7879:5773,sd15-2,matched_pair,1,RH.69CEA0AC39F4445Z0Z,RH.69CEA0AC39F4445Z0Z,RH.69CEA0AC39F4445Z0Z,RH.69CEA0AC39F4445Z0Z,A00405_539_HLLNCDSX3_4_1402_30318_9439_1_266_-_252b574501f4a55884860c129baf3fba,A00405_539_HLLNCDSX3_4_1402_30318_9439_1_266_-_252b574501f4a55884860c129baf3fba,98.473,131,2,2.42e-63,231,151,TRUE,0.867549668874172,Matches own primer's target (expected)
M03520:605:000000000-LVNKY:1:2103:14083:19229,as15-3,matched_pair,2,RH.2A8AD21024974C0Z0Z,RH.2A8AD21024974C0Z0Z,RH.2A8AD21024974C0Z0Z,RH.2A8AD21024974C0Z0Z,A00405_539_HLLNCDSX3_4_1334_11930_16266_1_258_+_048a394d3695a8abb0c425f7d9b7201d,A00405_539_HLLNCDSX3_4_1334_11930_16266_1_258_+_048a394d3695a8abb0c425f7d9b7201d,98.361,122,2,2.44e-58,215,151,TRUE,0.80794701986755,Matches own primer's target (expected)
M03520:605:000000000-LVNKY:1:2103:15793:26434,sd15-2,matched_pair,1,RH.2FAAAF0B6CBD407Z0Z,RH.2FAAAF0B6CBD407Z0Z,RH.2FAAAF0B6CBD407Z0Z,RH.2FAAAF0B6CBD407Z0Z,A00405_539_HLLNCDSX3_4_2457_26865_7560_1_239_-_cd41f267425258d99b916bd8a3f65d63,A00405_539_HLLNCDSX3_4_2457_26865_7560_1_239_-_cd41f267425258d99b916bd8a3f65d63,98.462,130,2,8.7e-63,230,151,TRUE,0.860927152317881,Matches own primer's target (expected)
M03520:605:000000000-LVNKY:1:2103:2725:10632,as10-3,matched_pair,3,RH.DDB83AFF97C94C6Z0Z,RH.DDB83AFF97C94C6Z0Z,RH.DDB83AFF97C94C6Z0Z,RH.DDB83AFF97C94C6Z0Z,A00405_539_HLLNCDSX3_4_2214_27434_30780_1_238_-_02586f3f6cd19c432ac8d02dc5b6f139,A00405_539_HLLNCDSX3_4_2214_27434_30780_1_238_-_02586f3f6cd19c432ac8d02dc5b6f139,95.69,116,5,5.31e-50,187,151,TRUE,0.768211920529801,Matches own primer's target (expected)
M03520:605:000000000-LVNKY:1:2103:6554:14176,as15-2,chimera,1,RH.44333617E8F04C0Z0Z,RH.C597F0BA65D4481Z0Z,RH.44333617E8F04C0Z0Z,RH.C597F0BA65D4481Z0Z,A00405_539_HLLNCDSX3_4_2362_27326_33004_1_286_-_08920e28984ffda7ff0f37d186246d68; A00405_539_HLLNCDSX3_4_1253_5231_9204_1_291_+_5232c331b3893acf7a55118f4673f3d0,A00405_539_HLLNCDSX3_4_1253_5231_9204_1_291_+_5232c331b3893acf7a55118f4673f3d0,95.455,44,2,5.58e-15,71.3,151,TRUE,0.291390728476821,Matches own primer's target (expected)
M03520:605:000000000-LVNKY:1:2103:9652:9247,as15-1,chimera,1,RH.3B2B2BB86AB94D3Z0Z,RH.64613722763148BZ0Z,RH.3B2B2BB86AB94D3Z0Z,RH.64613722763148BZ0Z,A00405_539_HLLNCDSX3_4_2273_12391_14716_1_280_+_dc9ad065389b151656592223aedc10ba,,,,,,,,FALSE,,No whole-read match to any target
M03520:605:000000000-LVNKY:1:2104:10056:17691,as7-3,chimera,1,RH.3B2B2BB86AB94D3Z0Z,RH.64613722763148BZ0Z,RH.3B2B2BB86AB94D3Z0Z,RH.64613722763148BZ0Z,A00405_539_HLLNCDSX3_4_2273_12391_14716_1_280_+_dc9ad065389b151656592223aedc10ba,,,,,,,,FALSE,,No whole-read match to any target
M03520:605:000000000-LVNKY:1:2104:11536:16364,as7-3,chimera,1,RH.F4E2313A8B92492Z0Z,RH.78B83B8D6A224B1Z0Z,RH.F4E2313A8B92492Z0Z,RH.78B83B8D6A224B1Z0Z,A00405_539_HLLNCDSX3_4_1104_22073_24408_1_293_+_4914a7ba4a2d99ed42b81efb3a62da2b; A00405_539_HLLNCDSX3_4_2568_31955_35697_1_276_+_c92a035b3a55ad1b2109b6fea5d56592,,,,,,,,FALSE,,No whole-read match to any target
M03520:605:000000000-LVNKY:1:2104:13785:4643,as15-3,chimera,1,RH.44333617E8F04C0Z0Z,RH.C597F0BA65D4481Z0Z,RH.44333617E8F04C0Z0Z,RH.C597F0BA65D4481Z0Z,A00405_539_HLLNCDSX3_4_2362_27326_33004_1_286_-_08920e28984ffda7ff0f37d186246d68; A00405_539_HLLNCDSX3_4_1253_5231_9204_1_291_+_5232c331b3893acf7a55118f4673f3d0,A00405_539_HLLNCDSX3_4_1253_5231_9204_1_291_+_5232c331b3893acf7a55118f4673f3d0,95.455,44,2,5.58e-15,71.3,151,TRUE,0.291390728476821,Matches own primer's target (expected)
M03520:605:000000000-LVNKY:1:2104:15521:27199,sd20-2,matched_pair,2,RH.B9EF730EBE6C436Z0Z,RH.B9EF730EBE6C436Z0Z,RH.B9EF730EBE6C436Z0Z,RH.B9EF730EBE6C436Z0Z,A00405_539_HLLNCDSX3_4_2354_31494_20306_1_293_+_9fc4ba7df13b38a1122bbfdc70b1bfa7,A00405_539_HLLNCDSX3_4_2354_31494_20306_1_293_+_9fc4ba7df13b38a1122bbfdc70b1bfa7,99.329,149,1,5.13e-75,270,151,TRUE,0.986754966887417,Matches own primer's target (expected)
M03520:605:000000000-LVNKY:1:2104:17944:5156,as25-3,chimera,1,RH.AB03371A973C4B1Z0Z,RH.DDB83AFF97C94C6Z0Z,RH.AB03371A973C4B1Z0Z,RH.DDB83AFF97C94C6Z0Z,A00405_539_HLLNCDSX3_4_2338_24804_12132_1_267_-_0fbcd3da4cdce3429a6d4ec16dbf96b3; A00405_539_HLLNCDSX3_4_2214_27434_30780_1_238_-_02586f3f6cd19c432ac8d02dc5b6f139,A00405_539_HLLNCDSX3_4_2214_27434_30780_1_238_-_02586f3f6cd19c432ac8d02dc5b6f139,96.512,86,3,1.17e-36,143,151,TRUE,0.56953642384106,Matches own primer's target (expected)
M03520:605:000000000-LVNKY:1:2104:17945:23355,as7-1,chimera,1,RH.DFDFC4BAE42E446Z0Z,RH.A12CDF2B5C80436Z0Z,RH.DFDFC4BAE42E446Z0Z,RH.A12CDF2B5C80436Z0Z,A00405_539_HLLNCDSX3_4_2563_32868_30138_1_275_-_c7a2dc8142d6cf6abfecf63974bbc06d; A00405_539_HLLNCDSX3_4_1566_3206_3286_31_285_-_9240c17fdc3d48b79bff20ccd689a43e,,,,,,,,FALSE,,No whole-read match to any target
M03520:605:000000000-LVNKY:1:2104:20234:14991,as20-3,matched_pair,1,RH.2A8AD21024974C0Z0Z,RH.2A8AD21024974C0Z0Z,RH.2A8AD21024974C0Z0Z,RH.2A8AD21024974C0Z0Z,A00405_539_HLLNCDSX3_4_1334_11930_16266_1_258_+_048a394d3695a8abb0c425f7d9b7201d,A00405_539_HLLNCDSX3_4_1334_11930_16266_1_258_+_048a394d3695a8abb0c425f7d9b7201d,99.18,122,1,5.24e-60,220,151,TRUE,0.80794701986755,Matches own primer's target (expected)
M03520:605:000000000-LVNKY:1:2104:20605:15661,as15-1,matched_pair,1,RH.44DCEC943BED412Z0Z,RH.44DCEC943BED412Z0Z,RH.44DCEC943BED412Z0Z,RH.44DCEC943BED412Z0Z,A00405_539_HLLNCDSX3_4_1144_21875_1705_1_289_-_2e38050b7207e66297542401e31b9aa3,A00405_539_HLLNCDSX3_4_1144_21875_1705_1_289_-_2e38050b7207e66297542401e31b9aa3,99.265,136,1,8.64e-68,246,151,TRUE,0.900662251655629,Matches own primer's target (expected)
M03520:605:000000000-LVNKY:1:2104:21832:7005,as15-1,chimera,1,RH.3B2B2BB86AB94D3Z0Z,RH.64613722763148BZ0Z,RH.3B2B2BB86AB94D3Z0Z,RH.64613722763148BZ0Z,A00405_539_HLLNCDSX3_4_2273_12391_14716_1_280_+_dc9ad065389b151656592223aedc10ba,,,,,,,,FALSE,,No whole-read match to any target
M03520:605:000000000-LVNKY:1:2104:7422:8006,sd10-2,matched_pair,1,RH.2A8AD21024974C0Z0Z,RH.2A8AD21024974C0Z0Z,RH.2A8AD21024974C0Z0Z,RH.2A8AD21024974C0Z0Z,A00405_539_HLLNCDSX3_4_1334_11930_16266_1_258_+_048a394d3695a8abb0c425f7d9b7201d,A00405_539_HLLNCDSX3_4_1334_11930_16266_1_258_+_048a394d3695a8abb0c425f7d9b7201d,97.541,122,3,1.13e-56,209,151,TRUE,0.80794701986755,Matches own primer's target (expected)
M03520:605:000000000-LVNKY:1:2104:9766:8017,sd30-2,chimera,1,RH.609947B6947F457Z0Z,RH.A12CDF2B5C80436Z0Z,RH.609947B6947F457Z0Z,RH.A12CDF2B5C80436Z0Z,A00405_539_HLLNCDSX3_4_2461_3947_20603_1_294_+_8fe128bc725ad345d4357d5a9d24cdb7; A00405_539_HLLNCDSX3_4_2563_32868_30138_1_275_-_c7a2dc8142d6cf6abfecf63974bbc06d,,,,,,,,FALSE,,No whole-read match to any target
M03520:605:000000000-LVNKY:1:2105:12016:3645,as15-3,matched_pair,1,RH.27578A9A85FA4A3Z0Z,RH.27578A9A85FA4A3Z0Z,RH.27578A9A85FA4A3Z0Z,RH.27578A9A85FA4A3Z0Z,A00405_539_HLLNCDSX3_4_2413_23728_18349_1_294_+_5c8cf276bfb8a016a1079c51251bc7d6,A00405_539_HLLNCDSX3_4_2413_23728_18349_1_294_+_5c8cf276bfb8a016a1079c51251bc7d6,98.675,151,2,1.84e-74,268,151,TRUE,1,Matches own primer's target (expected)
M03520:605:000000000-LVNKY:1:2105:14824:14523,as15-1,chimera,1,RH.44333617E8F04C0Z0Z,RH.C597F0BA65D4481Z0Z,RH.44333617E8F04C0Z0Z,RH.C597F0BA65D4481Z0Z,A00405_539_HLLNCDSX3_4_2362_27326_33004_1_286_-_08920e28984ffda7ff0f37d186246d68; A00405_539_HLLNCDSX3_4_1253_5231_9204_1_291_+_5232c331b3893acf7a55118f4673f3d0,A00405_539_HLLNCDSX3_4_1253_5231_9204_1_291_+_5232c331b3893acf7a55118f4673f3d0,95.455,44,2,5.58e-15,71.3,151,TRUE,0.291390728476821,Matches own primer's target (expected)
M03520:605:000000000-LVNKY:1:2105:18385:25300,as7-3,matched_pair,1,RH.E04EE94198274F7Z0Z,RH.E04EE94198274F7Z0Z,RH.E04EE94198274F7Z0Z,RH.E04EE94198274F7Z0Z,A00405_539_HLLNCDSX3_4_2602_21052_24111_1_292_-_bd1b328e4ee7029fea4cbb06536b8f36,A00405_539_HLLNCDSX3_4_2307_13196_28291_1_273_+_08c022a9cdf0c7266ffcd5bb231ae69a,97.351,151,4,3.99e-71,257,151,FALSE,1,Matches a DIFFERENT target -- LEGITIMATE promiscuity signal (high identity + coverage)
M03520:605:000000000-LVNKY:1:2105:20422:23647,as7-2,chimera,1,RH.3C4181E04665462Z0Z,RH.B9EF730EBE6C436Z0Z,RH.3C4181E04665462Z0Z,RH.B9EF730EBE6C436Z0Z,A00405_539_HLLNCDSX3_4_2341_27814_36793_1_290_-_85d9147d27dd7f524cde8abec7878ee0; A00405_539_HLLNCDSX3_4_2354_31494_20306_1_293_+_9fc4ba7df13b38a1122bbfdc70b1bfa7,A00405_539_HLLNCDSX3_4_2354_31494_20306_1_293_+_9fc4ba7df13b38a1122bbfdc70b1bfa7,97.436,39,1,7.22e-14,67.6,151,TRUE,0.258278145695364,Matches own primer's target (expected)
M03520:605:000000000-LVNKY:1:2105:20761:10836,sd3-2,chimera,1,RH.3B2B2BB86AB94D3Z0Z,RH.64613722763148BZ0Z,RH.3B2B2BB86AB94D3Z0Z,RH.64613722763148BZ0Z,A00405_539_HLLNCDSX3_4_2273_12391_14716_1_280_+_dc9ad065389b151656592223aedc10ba,,,,,,,,FALSE,,No whole-read match to any target
M03520:605:000000000-LVNKY:1:2105:21023:19839,as10-1,chimera,1,RH.44333617E8F04C0Z0Z,RH.C597F0BA65D4481Z0Z,RH.44333617E8F04C0Z0Z,RH.C597F0BA65D4481Z0Z,A00405_539_HLLNCDSX3_4_2362_27326_33004_1_286_-_08920e28984ffda7ff0f37d186246d68; A00405_539_HLLNCDSX3_4_1253_5231_9204_1_291_+_5232c331b3893acf7a55118f4673f3d0,A00405_539_HLLNCDSX3_4_1253_5231_9204_1_291_+_5232c331b3893acf7a55118f4673f3d0,95.455,44,2,5.58e-15,71.3,151,TRUE,0.291390728476821,Matches own primer's target (expected)
M03520:605:000000000-LVNKY:1:2105:23105:8641,as25-1,matched_pair,1,RH.2AFFFBA0E81C482Z0Z,RH.2AFFFBA0E81C482Z0Z,RH.2AFFFBA0E81C482Z0Z,RH.2AFFFBA0E81C482Z0Z,A00405_539_HLLNCDSX3_4_1149_18701_36605_1_292_-_4a407c9c3375a6ad5003bdd88d91a484,A00405_539_HLLNCDSX3_4_1149_18701_36605_1_292_-_4a407c9c3375a6ad5003bdd88d91a484,98.261,115,1,6.82e-54,200,151,TRUE,0.76158940397351,Matches own primer's target (expected)
M03520:605:000000000-LVNKY:1:2105:25963:19852,as20-2,matched_pair,1,RH.7CE39E25906745AZ0Z,RH.7CE39E25906745AZ0Z,RH.7CE39E25906745AZ0Z,RH.7CE39E25906745AZ0Z,A00405_539_HLLNCDSX3_4_1406_19262_13119_1_287_+_7e2b216f62b2af90b0db370fe85efc1c,A00405_539_HLLNCDSX3_4_1406_19262_13119_1_287_+_7e2b216f62b2af90b0db370fe85efc1c,96,125,5,5.27e-55,204,151,TRUE,0.827814569536424,Matches own primer's target (expected)
M03520:605:000000000-LVNKY:1:2105:29267:17096,as10-2,matched_pair,1,RH.DC4B788FBB14440Z0Z,RH.DC4B788FBB14440Z0Z,RH.DC4B788FBB14440Z0Z,RH.DC4B788FBB14440Z0Z,A00405_539_HLLNCDSX3_4_1434_25970_15123_1_277_-_22da4f7dd50ed0d4d5b7fedbea270f42,A00405_539_HLLNCDSX3_4_1434_25970_15123_1_277_-_22da4f7dd50ed0d4d5b7fedbea270f42,98.361,122,2,2.44e-58,215,151,TRUE,0.80794701986755,Matches own primer's target (expected)
M03520:605:000000000-LVNKY:1:2106:14822:25043,as20-2,matched_pair,1,RH.6408CE975B5340AZ0Z,RH.6408CE975B5340AZ0Z,RH.6408CE975B5340AZ0Z,RH.6408CE975B5340AZ0Z,A00405_539_HLLNCDSX3_4_1418_8196_3505_1_290_-_1bf831b7d5cca66c11b01477482cf05f,A00405_539_HLLNCDSX3_4_1418_8196_3505_1_290_-_1bf831b7d5cca66c11b01477482cf05f,98.649,148,2,8.58e-73,263,151,TRUE,0.980132450331126,Matches own primer's target (expected)
M03520:605:000000000-LVNKY:1:2106:14934:24756,as25-2,chimera,1,RH.AD51C83F68EC43DZ0Z,RH.472FFF3FDAC74C3Z0Z,RH.AD51C83F68EC43DZ0Z,RH.472FFF3FDAC74C3Z0Z,A00405_539_HLLNCDSX3_4_2230_8576_25801_1_211_+_ad6f47d1591ae38712e5f64fe960145a; A00405_539_HLLNCDSX3_4_1446_18982_4773_1_206_+_03c1919925d5f54a37235f03699e4e1e,,,,,,,,FALSE,,No whole-read match to any target
M03520:605:000000000-LVNKY:1:2106:17553:12655,sd10-3,matched_pair,2,RH.0096A141894D447Z0Z,RH.0096A141894D447Z0Z,RH.0096A141894D447Z0Z,RH.0096A141894D447Z0Z,A00405_539_HLLNCDSX3_4_1256_26341_12446_1_294_+_88ec1e8930915f6fd0f1d06309f6b07b,A00405_539_HLLNCDSX3_4_1256_26341_12446_1_294_+_88ec1e8930915f6fd0f1d06309f6b07b,96.026,151,6,8.64e-68,246,151,TRUE,1,Matches own primer's target (expected)
M03520:605:000000000-LVNKY:1:2106:19640:6668,as7-3,chimera,1,RH.3B2B2BB86AB94D3Z0Z,RH.64613722763148BZ0Z,RH.3B2B2BB86AB94D3Z0Z,RH.64613722763148BZ0Z,A00405_539_HLLNCDSX3_4_2273_12391_14716_1_280_+_dc9ad065389b151656592223aedc10ba,,,,,,,,FALSE,,No whole-read match to any target
M03520:605:000000000-LVNKY:1:2106:28534:10466,as25-3,matched_pair,1,RH.2A85EAE5DEAD471Z0Z,RH.2A85EAE5DEAD471Z0Z,RH.2A85EAE5DEAD471Z0Z,RH.2A85EAE5DEAD471Z0Z,A00405_539_HLLNCDSX3_4_1451_30409_6715_1_231_+_018312b314ec0e3d7060fd278ef283f4,A00405_539_HLLNCDSX3_4_1451_30409_6715_1_231_+_018312b314ec0e3d7060fd278ef283f4,99.18,122,1,5.24e-60,220,151,TRUE,0.80794701986755,Matches own primer's target (expected)
M03520:605:000000000-LVNKY:1:2106:3787:8477,as25-3,matched_pair,1,RH.2A8AD21024974C0Z0Z,RH.2A8AD21024974C0Z0Z,RH.2A8AD21024974C0Z0Z,RH.2A8AD21024974C0Z0Z,A00405_539_HLLNCDSX3_4_1334_11930_16266_1_258_+_048a394d3695a8abb0c425f7d9b7201d,A00405_539_HLLNCDSX3_4_1334_11930_16266_1_258_+_048a394d3695a8abb0c425f7d9b7201d,99.174,121,1,1.88e-59,219,151,TRUE,0.801324503311258,Matches own primer's target (expected)
M03520:605:000000000-LVNKY:1:2106:6909:12901,as25-2,matched_pair,1,RH.2A85EAE5DEAD471Z0Z,RH.2A85EAE5DEAD471Z0Z,RH.2A85EAE5DEAD471Z0Z,RH.2A85EAE5DEAD471Z0Z,A00405_539_HLLNCDSX3_4_1451_30409_6715_1_231_+_018312b314ec0e3d7060fd278ef283f4,A00405_539_HLLNCDSX3_4_1451_30409_6715_1_231_+_018312b314ec0e3d7060fd278ef283f4,98.361,122,2,2.44e-58,215,151,TRUE,0.80794701986755,Matches own primer's target (expected)
M03520:605:000000000-LVNKY:1:2106:8929:22688,sd25-2,chimera,3,RH.27578A9A85FA4A3Z0Z,RH.A0CAD38B29E24F8Z0Z,RH.27578A9A85FA4A3Z0Z,RH.A0CAD38B29E24F8Z0Z,A00405_539_HLLNCDSX3_4_2413_23728_18349_1_294_+_5c8cf276bfb8a016a1079c51251bc7d6; A00405_539_HLLNCDSX3_4_1234_2320_12367_1_293_+_110acef9f59b8ef92f72122480f7b94b,A00405_539_HLLNCDSX3_4_2413_23728_18349_1_294_+_5c8cf276bfb8a016a1079c51251bc7d6,100,131,0,1.12e-66,243,151,TRUE,0.867549668874172,Matches own primer's target (expected)
M03520:605:000000000-LVNKY:1:2106:9535:22382,sd7-3,chimera,1,RH.3B2B2BB86AB94D3Z0Z,RH.64613722763148BZ0Z,RH.3B2B2BB86AB94D3Z0Z,RH.64613722763148BZ0Z,A00405_539_HLLNCDSX3_4_2273_12391_14716_1_280_+_dc9ad065389b151656592223aedc10ba,,,,,,,,FALSE,,No whole-read match to any target
M03520:605:000000000-LVNKY:1:2107:10542:19847,sd7-1,matched_pair,1,RH.2091F326F74640CZ0Z,RH.2091F326F74640CZ0Z,RH.2091F326F74640CZ0Z,RH.2091F326F74640CZ0Z,A00405_539_HLLNCDSX3_4_2236_24614_29841_1_293_+_04ca48409a1ee33b09ee3f0431a9bece,A00405_539_HLLNCDSX3_4_2236_24614_29841_1_293_+_04ca48409a1ee33b09ee3f0431a9bece,99.338,151,1,3.96e-76,274,151,TRUE,1,Matches own primer's target (expected)
M03520:605:000000000-LVNKY:1:2107:11925:13504,sd7-1,chimera,1,RH.3B2B2BB86AB94D3Z0Z,RH.64613722763148BZ0Z,RH.3B2B2BB86AB94D3Z0Z,RH.64613722763148BZ0Z,A00405_539_HLLNCDSX3_4_2273_12391_14716_1_280_+_dc9ad065389b151656592223aedc10ba,,,,,,,,FALSE,,No whole-read match to any target
M03520:605:000000000-LVNKY:1:2107:14957:4192,as10-1,matched_pair,2,RH.B5A2E3C1CC8E44AZ0Z,RH.B5A2E3C1CC8E44AZ0Z,RH.B5A2E3C1CC8E44AZ0Z,RH.B5A2E3C1CC8E44AZ0Z,A00405_539_HLLNCDSX3_4_1552_13096_18098_1_254_-_5182f127b2cf4a4a6a0d11e3cd53ecdb,A00405_539_HLLNCDSX3_4_1552_13096_18098_1_254_-_5182f127b2cf4a4a6a0d11e3cd53ecdb,99.286,140,1,5.16e-70,254,151,TRUE,0.927152317880795,Matches own primer's target (expected)
M03520:605:000000000-LVNKY:1:2107:20795:11651,as3-2,chimera,1,RH.3B2B2BB86AB94D3Z0Z,RH.64613722763148BZ0Z,RH.3B2B2BB86AB94D3Z0Z,RH.64613722763148BZ0Z,A00405_539_HLLNCDSX3_4_2273_12391_14716_1_280_+_dc9ad065389b151656592223aedc10ba,,,,,,,,FALSE,,No whole-read match to any target
M03520:605:000000000-LVNKY:1:2107:25646:9426,as7-2,chimera,1,RH.3B2B2BB86AB94D3Z0Z,RH.64613722763148BZ0Z,RH.3B2B2BB86AB94D3Z0Z,RH.64613722763148BZ0Z,A00405_539_HLLNCDSX3_4_2273_12391_14716_1_280_+_dc9ad065389b151656592223aedc10ba,,,,,,,,FALSE,,No whole-read match to any target
M03520:605:000000000-LVNKY:1:2107:26103:11180,sd10-2,matched_pair,1,RH.0550AF0F57084ADZ0Z,RH.0550AF0F57084ADZ0Z,RH.0550AF0F57084ADZ0Z,RH.0550AF0F57084ADZ0Z,A00405_539_HLLNCDSX3_4_2375_18032_36793_1_294_+_5a260901400c54ea43f4ad67a663e52d,A00405_539_HLLNCDSX3_4_2375_18032_36793_1_294_+_5a260901400c54ea43f4ad67a663e52d,99.265,136,1,8.64e-68,246,151,TRUE,0.900662251655629,Matches own primer's target (expected)
M03520:605:000000000-LVNKY:1:2107:9732:25978,sd25-2,matched_pair,1,RH.6572108A164E48EZ0Z,RH.6572108A164E48EZ0Z,RH.6572108A164E48EZ0Z,RH.6572108A164E48EZ0Z,A00405_539_HLLNCDSX3_4_2170_22381_8938_1_289_-_5eaf02e2ec49222f3f23b439151ed5af,A00405_539_HLLNCDSX3_4_2170_22381_8938_1_289_-_5eaf02e2ec49222f3f23b439151ed5af,98.319,119,2,1.13e-56,209,151,TRUE,0.788079470198676,Matches own primer's target (expected)
M03520:605:000000000-LVNKY:1:2108:10840:7848,sd25-3,matched_pair,1,RH.2091F326F74640CZ0Z,RH.2091F326F74640CZ0Z,RH.2091F326F74640CZ0Z,RH.2091F326F74640CZ0Z,A00405_539_HLLNCDSX3_4_2236_24614_29841_1_293_+_04ca48409a1ee33b09ee3f0431a9bece,A00405_539_HLLNCDSX3_4_2236_24614_29841_1_293_+_04ca48409a1ee33b09ee3f0431a9bece,98.675,151,2,1.84e-74,268,151,TRUE,1,Matches own primer's target (expected)
M03520:605:000000000-LVNKY:1:2108:15672:28693,as15-1,matched_pair,1,RH.7CE39E25906745AZ0Z,RH.7CE39E25906745AZ0Z,RH.7CE39E25906745AZ0Z,RH.7CE39E25906745AZ0Z,A00405_539_HLLNCDSX3_4_1406_19262_13119_1_287_+_7e2b216f62b2af90b0db370fe85efc1c,A00405_539_HLLNCDSX3_4_1406_19262_13119_1_287_+_7e2b216f62b2af90b0db370fe85efc1c,89.344,122,13,5.39e-40,154,151,TRUE,0.80794701986755,Matches own primer's target but LOW identity (divergent variant)
M03520:605:000000000-LVNKY:1:2108:17060:21665,as10-1,matched_pair,1,RH.DDB83AFF97C94C6Z0Z,RH.DDB83AFF97C94C6Z0Z,RH.DDB83AFF97C94C6Z0Z,RH.DDB83AFF97C94C6Z0Z,A00405_539_HLLNCDSX3_4_2214_27434_30780_1_238_-_02586f3f6cd19c432ac8d02dc5b6f139,A00405_539_HLLNCDSX3_4_2214_27434_30780_1_238_-_02586f3f6cd19c432ac8d02dc5b6f139,95.69,116,5,5.31e-50,187,151,TRUE,0.768211920529801,Matches own primer's target (expected)
M03520:605:000000000-LVNKY:1:2108:17703:15048,as25-2,matched_pair,1,RH.2FAAAF0B6CBD407Z0Z,RH.2FAAAF0B6CBD407Z0Z,RH.2FAAAF0B6CBD407Z0Z,RH.2FAAAF0B6CBD407Z0Z,A00405_539_HLLNCDSX3_4_2457_26865_7560_1_239_-_cd41f267425258d99b916bd8a3f65d63,A00405_539_HLLNCDSX3_4_2457_26865_7560_1_239_-_cd41f267425258d99b916bd8a3f65d63,97.692,130,3,4.05e-61,224,151,TRUE,0.860927152317881,Matches own primer's target (expected)
M03520:605:000000000-LVNKY:1:2108:22748:14220,as7-1,chimera,1,RH.3B2B2BB86AB94D3Z0Z,RH.64613722763148BZ0Z,RH.3B2B2BB86AB94D3Z0Z,RH.64613722763148BZ0Z,A00405_539_HLLNCDSX3_4_2273_12391_14716_1_280_+_dc9ad065389b151656592223aedc10ba,,,,,,,,FALSE,,No whole-read match to any target
M03520:605:000000000-LVNKY:1:2108:24911:20038,sd7-1,chimera,1,RH.3B2B2BB86AB94D3Z0Z,RH.64613722763148BZ0Z,RH.3B2B2BB86AB94D3Z0Z,RH.64613722763148BZ0Z,A00405_539_HLLNCDSX3_4_2273_12391_14716_1_280_+_dc9ad065389b151656592223aedc10ba,,,,,,,,FALSE,,No whole-read match to any target
M03520:605:000000000-LVNKY:1:2108:2724:18450,as7-1,chimera,1,RH.3B2B2BB86AB94D3Z0Z,RH.64613722763148BZ0Z,RH.3B2B2BB86AB94D3Z0Z,RH.64613722763148BZ0Z,A00405_539_HLLNCDSX3_4_2273_12391_14716_1_280_+_dc9ad065389b151656592223aedc10ba,,,,,,,,FALSE,,No whole-read match to any target
M03520:605:000000000-LVNKY:1:2108:7701:18417,as20-2,matched_pair,1,RH.6408CE975B5340AZ0Z,RH.6408CE975B5340AZ0Z,RH.6408CE975B5340AZ0Z,RH.6408CE975B5340AZ0Z,A00405_539_HLLNCDSX3_4_1418_8196_3505_1_290_-_1bf831b7d5cca66c11b01477482cf05f,A00405_539_HLLNCDSX3_4_1418_8196_3505_1_290_-_1bf831b7d5cca66c11b01477482cf05f,98.649,148,2,8.58e-73,263,151,TRUE,0.980132450331126,Matches own primer's target (expected)
M03520:605:000000000-LVNKY:1:2109:11691:12216,sd25-1,matched_pair,1,RH.DDB83AFF97C94C6Z0Z,RH.DDB83AFF97C94C6Z0Z,RH.DDB83AFF97C94C6Z0Z,RH.DDB83AFF97C94C6Z0Z,A00405_539_HLLNCDSX3_4_2214_27434_30780_1_238_-_02586f3f6cd19c432ac8d02dc5b6f139,A00405_539_HLLNCDSX3_4_2214_27434_30780_1_238_-_02586f3f6cd19c432ac8d02dc5b6f139,96.396,111,4,6.87e-49,183,151,TRUE,0.735099337748344,Matches own primer's target (expected)
M03520:605:000000000-LVNKY:1:2109:12688:26507,sd10-1,matched_pair,1,RH.0BD19D1A26A74EBZ0Z,RH.0BD19D1A26A74EBZ0Z,RH.0BD19D1A26A74EBZ0Z,RH.0BD19D1A26A74EBZ0Z,A00405_539_HLLNCDSX3_4_2576_29315_15749_1_293_+_81ef8281ba5891ff7b36aceec603003c,A00405_539_HLLNCDSX3_4_2576_29315_15749_1_293_+_81ef8281ba5891ff7b36aceec603003c,99.083,109,1,8.83e-53,196,151,TRUE,0.721854304635762,Matches own primer's target (expected)
M03520:605:000000000-LVNKY:1:2109:13244:13547,sd30-2,chimera,1,RH.3B2B2BB86AB94D3Z0Z,RH.64613722763148BZ0Z,RH.3B2B2BB86AB94D3Z0Z,RH.64613722763148BZ0Z,A00405_539_HLLNCDSX3_4_2273_12391_14716_1_280_+_dc9ad065389b151656592223aedc10ba,,,,,,,,FALSE,,No whole-read match to any target
M03520:605:000000000-LVNKY:1:2109:13532:14757,as25-3,chimera,1,RH.44333617E8F04C0Z0Z,RH.C597F0BA65D4481Z0Z,RH.44333617E8F04C0Z0Z,RH.C597F0BA65D4481Z0Z,A00405_539_HLLNCDSX3_4_2362_27326_33004_1_286_-_08920e28984ffda7ff0f37d186246d68; A00405_539_HLLNCDSX3_4_1253_5231_9204_1_291_+_5232c331b3893acf7a55118f4673f3d0,A00405_539_HLLNCDSX3_4_1253_5231_9204_1_291_+_5232c331b3893acf7a55118f4673f3d0,95.455,44,2,5.58e-15,71.3,151,TRUE,0.291390728476821,Matches own primer's target (expected)
M03520:605:000000000-LVNKY:1:2109:14104:26939,as3-3,matched_pair,1,RH.78B83B8D6A224B1Z0Z,RH.78B83B8D6A224B1Z0Z,RH.78B83B8D6A224B1Z0Z,RH.78B83B8D6A224B1Z0Z,A00405_539_HLLNCDSX3_4_1104_22073_24408_1_293_+_4914a7ba4a2d99ed42b81efb3a62da2b,A00405_539_HLLNCDSX3_4_1104_22073_24408_1_293_+_4914a7ba4a2d99ed42b81efb3a62da2b,91.912,136,11,4.11e-51,191,151,TRUE,0.900662251655629,Matches own primer's target (expected)
M03520:605:000000000-LVNKY:1:2109:16677:16753,sd25-1,matched_pair,1,RH.27578A9A85FA4A3Z0Z,RH.27578A9A85FA4A3Z0Z,RH.27578A9A85FA4A3Z0Z,RH.27578A9A85FA4A3Z0Z,A00405_539_HLLNCDSX3_4_2413_23728_18349_1_294_+_5c8cf276bfb8a016a1079c51251bc7d6,A00405_539_HLLNCDSX3_4_2413_23728_18349_1_294_+_5c8cf276bfb8a016a1079c51251bc7d6,92.715,151,11,1.88e-59,219,151,TRUE,1,Matches own primer's target (expected)
M03520:605:000000000-LVNKY:1:2109:17656:19023,as15-3,chimera,1,RH.44333617E8F04C0Z0Z,RH.C597F0BA65D4481Z0Z,RH.44333617E8F04C0Z0Z,RH.C597F0BA65D4481Z0Z,A00405_539_HLLNCDSX3_4_2362_27326_33004_1_286_-_08920e28984ffda7ff0f37d186246d68; A00405_539_HLLNCDSX3_4_1253_5231_9204_1_291_+_5232c331b3893acf7a55118f4673f3d0,A00405_539_HLLNCDSX3_4_1253_5231_9204_1_291_+_5232c331b3893acf7a55118f4673f3d0,95.455,44,2,5.58e-15,71.3,151,TRUE,0.291390728476821,Matches own primer's target (expected)
M03520:605:000000000-LVNKY:1:2109:18797:11051,as25-3,matched_pair,1,RH.DDB83AFF97C94C6Z0Z,RH.DDB83AFF97C94C6Z0Z,RH.DDB83AFF97C94C6Z0Z,RH.DDB83AFF97C94C6Z0Z,A00405_539_HLLNCDSX3_4_2214_27434_30780_1_238_-_02586f3f6cd19c432ac8d02dc5b6f139,A00405_539_HLLNCDSX3_4_2214_27434_30780_1_238_-_02586f3f6cd19c432ac8d02dc5b6f139,96.552,116,4,1.14e-51,193,151,TRUE,0.768211920529801,Matches own primer's target (expected)
M03520:605:000000000-LVNKY:1:2109:21980:10858,as3-1,matched_pair,1,RH.8B25A056ABC1444Z0Z,RH.8B25A056ABC1444Z0Z,RH.8B25A056ABC1444Z0Z,RH.8B25A056ABC1444Z0Z,A00405_539_HLLNCDSX3_4_2316_28330_6527_1_279_+_d0519282208358367ba6d805c3abc895,A00405_539_HLLNCDSX3_4_2316_28330_6527_1_279_+_d0519282208358367ba6d805c3abc895,98.675,151,2,1.84e-74,268,151,TRUE,1,Matches own primer's target (expected)
M03520:605:000000000-LVNKY:1:2109:23736:22435,sd10-1,matched_pair,1,RH.2A8AD21024974C0Z0Z,RH.2A8AD21024974C0Z0Z,RH.2A8AD21024974C0Z0Z,RH.2A8AD21024974C0Z0Z,A00405_539_HLLNCDSX3_4_1334_11930_16266_1_258_+_048a394d3695a8abb0c425f7d9b7201d,A00405_539_HLLNCDSX3_4_1334_11930_16266_1_258_+_048a394d3695a8abb0c425f7d9b7201d,99.18,122,1,5.24e-60,220,151,TRUE,0.80794701986755,Matches own primer's target (expected)
M03520:605:000000000-LVNKY:1:2109:24477:10373,as3-3,chimera,1,RH.3B2B2BB86AB94D3Z0Z,RH.64613722763148BZ0Z,RH.3B2B2BB86AB94D3Z0Z,RH.64613722763148BZ0Z,A00405_539_HLLNCDSX3_4_2273_12391_14716_1_280_+_dc9ad065389b151656592223aedc10ba,,,,,,,,FALSE,,No whole-read match to any target
M03520:605:000000000-LVNKY:1:2109:26577:21125,as3-1,matched_pair,1,RH.7CE39E25906745AZ0Z,RH.7CE39E25906745AZ0Z,RH.7CE39E25906745AZ0Z,RH.7CE39E25906745AZ0Z,A00405_539_HLLNCDSX3_4_1406_19262_13119_1_287_+_7e2b216f62b2af90b0db370fe85efc1c,A00405_539_HLLNCDSX3_4_1406_19262_13119_1_287_+_7e2b216f62b2af90b0db370fe85efc1c,98.4,125,2,5.24e-60,220,151,TRUE,0.827814569536424,Matches own primer's target (expected)
M03520:605:000000000-LVNKY:1:2110:15015:15832,sd7-1,matched_pair,1,RH.9CE451C90696466Z0Z,RH.9CE451C90696466Z0Z,RH.9CE451C90696466Z0Z,RH.9CE451C90696466Z0Z,A00405_539_HLLNCDSX3_4_1375_12608_23015_1_286_+_4c40774dc4fd3de664d8acc8a812a323,A00405_539_HLLNCDSX3_4_1375_12608_23015_1_286_+_4c40774dc4fd3de664d8acc8a812a323,98.305,118,2,4.08e-56,207,151,TRUE,0.781456953642384,Matches own primer's target (expected)
M03520:605:000000000-LVNKY:1:2110:15211:14610,as3-1,chimera,1,RH.3B2B2BB86AB94D3Z0Z,RH.64613722763148BZ0Z,RH.3B2B2BB86AB94D3Z0Z,RH.64613722763148BZ0Z,A00405_539_HLLNCDSX3_4_2273_12391_14716_1_280_+_dc9ad065389b151656592223aedc10ba,,,,,,,,FALSE,,No whole-read match to any target
M03520:605:000000000-LVNKY:1:2110:17369:16907,as20-2,chimera,1,RH.44333617E8F04C0Z0Z,RH.C597F0BA65D4481Z0Z,RH.44333617E8F04C0Z0Z,RH.C597F0BA65D4481Z0Z,A00405_539_HLLNCDSX3_4_2362_27326_33004_1_286_-_08920e28984ffda7ff0f37d186246d68; A00405_539_HLLNCDSX3_4_1253_5231_9204_1_291_+_5232c331b3893acf7a55118f4673f3d0,A00405_539_HLLNCDSX3_4_1253_5231_9204_1_291_+_5232c331b3893acf7a55118f4673f3d0,95.455,44,2,5.58e-15,71.3,151,TRUE,0.291390728476821,Matches own primer's target (expected)
M03520:605:000000000-LVNKY:1:2110:22030:14600,as3-1,chimera,1,RH.3B2B2BB86AB94D3Z0Z,RH.64613722763148BZ0Z,RH.3B2B2BB86AB94D3Z0Z,RH.64613722763148BZ0Z,A00405_539_HLLNCDSX3_4_2273_12391_14716_1_280_+_dc9ad065389b151656592223aedc10ba,,,,,,,,FALSE,,No whole-read match to any target
M03520:605:000000000-LVNKY:1:2110:23470:5972,as7-3,chimera,1,RH.3B2B2BB86AB94D3Z0Z,RH.85A5303CAAF54ADZ0Z; RH.64613722763148BZ0Z,RH.3B2B2BB86AB94D3Z0Z,RH.85A5303CAAF54ADZ0Z|RH.64613722763148BZ0Z,A00405_539_HLLNCDSX3_4_2273_12391_14716_1_280_+_dc9ad065389b151656592223aedc10ba; A00405_539_HLLNCDSX3_4_1154_13485_33489_5_274_-_d073362756742bb4412cb50ca2f1f2c4,,,,,,,,FALSE,,No whole-read match to any target
M03520:605:000000000-LVNKY:1:2110:27628:14652,as15-1,chimera,1,RH.44333617E8F04C0Z0Z,RH.C597F0BA65D4481Z0Z,RH.44333617E8F04C0Z0Z,RH.C597F0BA65D4481Z0Z,A00405_539_HLLNCDSX3_4_2362_27326_33004_1_286_-_08920e28984ffda7ff0f37d186246d68; A00405_539_HLLNCDSX3_4_1253_5231_9204_1_291_+_5232c331b3893acf7a55118f4673f3d0,A00405_539_HLLNCDSX3_4_1253_5231_9204_1_291_+_5232c331b3893acf7a55118f4673f3d0,95.455,44,2,5.58e-15,71.3,151,TRUE,0.291390728476821,Matches own primer's target (expected)
M03520:605:000000000-LVNKY:1:2110:5286:21306,sd3-1,chimera,1,RH.3B2B2BB86AB94D3Z0Z,RH.64613722763148BZ0Z,RH.3B2B2BB86AB94D3Z0Z,RH.64613722763148BZ0Z,A00405_539_HLLNCDSX3_4_2273_12391_14716_1_280_+_dc9ad065389b151656592223aedc10ba,,,,,,,,FALSE,,No whole-read match to any target
M03520:605:000000000-LVNKY:1:2110:6574:23408,as15-1,matched_pair,1,RH.6408CE975B5340AZ0Z,RH.6408CE975B5340AZ0Z,RH.6408CE975B5340AZ0Z,RH.6408CE975B5340AZ0Z,A00405_539_HLLNCDSX3_4_1418_8196_3505_1_290_-_1bf831b7d5cca66c11b01477482cf05f,A00405_539_HLLNCDSX3_4_1418_8196_3505_1_290_-_1bf831b7d5cca66c11b01477482cf05f,98.649,148,2,8.58e-73,263,151,TRUE,0.980132450331126,Matches own primer's target (expected)
M03520:605:000000000-LVNKY:1:2110:6721:8921,sd20-1,matched_pair,1,RH.2AFFFBA0E81C482Z0Z,RH.2AFFFBA0E81C482Z0Z,RH.2AFFFBA0E81C482Z0Z,RH.2AFFFBA0E81C482Z0Z,A00405_539_HLLNCDSX3_4_1149_18701_36605_1_292_-_4a407c9c3375a6ad5003bdd88d91a484,A00405_539_HLLNCDSX3_4_1149_18701_36605_1_292_-_4a407c9c3375a6ad5003bdd88d91a484,99.13,115,1,4.08e-56,207,151,TRUE,0.76158940397351,Matches own primer's target (expected)
M03520:605:000000000-LVNKY:1:2110:8581:12392,as20-1,chimera,1,RH.3B2B2BB86AB94D3Z0Z,RH.64613722763148BZ0Z,RH.3B2B2BB86AB94D3Z0Z,RH.64613722763148BZ0Z,A00405_539_HLLNCDSX3_4_2273_12391_14716_1_280_+_dc9ad065389b151656592223aedc10ba,,,,,,,,FALSE,,No whole-read match to any target
M03520:605:000000000-LVNKY:1:2111:19044:22550,as15-2,chimera,1,RH.44333617E8F04C0Z0Z,RH.C597F0BA65D4481Z0Z,RH.44333617E8F04C0Z0Z,RH.C597F0BA65D4481Z0Z,A00405_539_HLLNCDSX3_4_2362_27326_33004_1_286_-_08920e28984ffda7ff0f37d186246d68; A00405_539_HLLNCDSX3_4_1253_5231_9204_1_291_+_5232c331b3893acf7a55118f4673f3d0,A00405_539_HLLNCDSX3_4_1253_5231_9204_1_291_+_5232c331b3893acf7a55118f4673f3d0,95.455,44,2,5.58e-15,71.3,151,TRUE,0.291390728476821,Matches own primer's target (expected)
M03520:605:000000000-LVNKY:1:2111:22594:17538,sd10-3,matched_pair,1,RH.B9EF730EBE6C436Z0Z,RH.B9EF730EBE6C436Z0Z,RH.B9EF730EBE6C436Z0Z,RH.B9EF730EBE6C436Z0Z,A00405_539_HLLNCDSX3_4_2354_31494_20306_1_293_+_9fc4ba7df13b38a1122bbfdc70b1bfa7,A00405_539_HLLNCDSX3_4_2354_31494_20306_1_293_+_9fc4ba7df13b38a1122bbfdc70b1bfa7,97.987,149,3,1.11e-71,259,151,TRUE,0.986754966887417,Matches own primer's target (expected)
M03520:605:000000000-LVNKY:1:2111:3758:9308,as7-2,chimera,1,RH.3B2B2BB86AB94D3Z0Z,RH.64613722763148BZ0Z,RH.3B2B2BB86AB94D3Z0Z,RH.64613722763148BZ0Z,A00405_539_HLLNCDSX3_4_2273_12391_14716_1_280_+_dc9ad065389b151656592223aedc10ba,,,,,,,,FALSE,,No whole-read match to any target
M03520:605:000000000-LVNKY:1:2111:3799:17128,as25-3,chimera,1,RH.44333617E8F04C0Z0Z,RH.C597F0BA65D4481Z0Z,RH.44333617E8F04C0Z0Z,RH.C597F0BA65D4481Z0Z,A00405_539_HLLNCDSX3_4_2362_27326_33004_1_286_-_08920e28984ffda7ff0f37d186246d68; A00405_539_HLLNCDSX3_4_1253_5231_9204_1_291_+_5232c331b3893acf7a55118f4673f3d0,A00405_539_HLLNCDSX3_4_1253_5231_9204_1_291_+_5232c331b3893acf7a55118f4673f3d0,93.182,44,3,2.6e-13,65.8,151,TRUE,0.291390728476821,Matches own primer's target (expected)
M03520:605:000000000-LVNKY:1:2111:4099:20348,as3-3,chimera,1,RH.3B2B2BB86AB94D3Z0Z,RH.64613722763148BZ0Z,RH.3B2B2BB86AB94D3Z0Z,RH.64613722763148BZ0Z,A00405_539_HLLNCDSX3_4_2273_12391_14716_1_280_+_dc9ad065389b151656592223aedc10ba,,,,,,,,FALSE,,No whole-read match to any target
M03520:605:000000000-LVNKY:1:2111:6064:17948,as30-3,chimera,1,RH.609947B6947F457Z0Z,RH.A12CDF2B5C80436Z0Z,RH.609947B6947F457Z0Z,RH.A12CDF2B5C80436Z0Z,A00405_539_HLLNCDSX3_4_2461_3947_20603_1_294_+_8fe128bc725ad345d4357d5a9d24cdb7; A00405_539_HLLNCDSX3_4_2563_32868_30138_1_275_-_c7a2dc8142d6cf6abfecf63974bbc06d,,,,,,,,FALSE,,No whole-read match to any target
M03520:605:000000000-LVNKY:1:2112:13359:12094,as7-3,chimera,1,RH.E50C44E6F0174B8Z0Z,RH.B9EF730EBE6C436Z0Z,RH.E50C44E6F0174B8Z0Z,RH.B9EF730EBE6C436Z0Z,A00405_539_HLLNCDSX3_4_2354_31494_20306_1_293_+_9fc4ba7df13b38a1122bbfdc70b1bfa7; A00405_539_HLLNCDSX3_4_2274_5032_1407_1_281_-_55e0198a26039baf44b805bae07c848a,A00405_539_HLLNCDSX3_4_2354_31494_20306_1_293_+_9fc4ba7df13b38a1122bbfdc70b1bfa7,100,50,0,1.19e-21,93.5,151,TRUE,0.33112582781457,Matches own primer's target (expected)
M03520:605:000000000-LVNKY:1:2112:18504:5674,as3-3,chimera,1,RH.3B2B2BB86AB94D3Z0Z,RH.64613722763148BZ0Z,RH.3B2B2BB86AB94D3Z0Z,RH.64613722763148BZ0Z,A00405_539_HLLNCDSX3_4_2273_12391_14716_1_280_+_dc9ad065389b151656592223aedc10ba,,,,,,,,FALSE,,No whole-read match to any target
M03520:605:000000000-LVNKY:1:2112:18703:3549,as7-2,chimera,1,RH.44333617E8F04C0Z0Z,RH.C597F0BA65D4481Z0Z,RH.44333617E8F04C0Z0Z,RH.C597F0BA65D4481Z0Z,A00405_539_HLLNCDSX3_4_2362_27326_33004_1_286_-_08920e28984ffda7ff0f37d186246d68; A00405_539_HLLNCDSX3_4_1253_5231_9204_1_291_+_5232c331b3893acf7a55118f4673f3d0,A00405_539_HLLNCDSX3_4_1253_5231_9204_1_291_+_5232c331b3893acf7a55118f4673f3d0,95.455,44,2,5.58e-15,71.3,151,TRUE,0.291390728476821,Matches own primer's target (expected)
M03520:605:000000000-LVNKY:1:2112:19301:22133,as25-3,chimera,1,RH.3B2B2BB86AB94D3Z0Z,RH.64613722763148BZ0Z,RH.3B2B2BB86AB94D3Z0Z,RH.64613722763148BZ0Z,A00405_539_HLLNCDSX3_4_2273_12391_14716_1_280_+_dc9ad065389b151656592223aedc10ba,,,,,,,,FALSE,,No whole-read match to any target
M03520:605:000000000-LVNKY:1:2112:20791:9273,as20-1,chimera,1,RH.44333617E8F04C0Z0Z,RH.C597F0BA65D4481Z0Z,RH.44333617E8F04C0Z0Z,RH.C597F0BA65D4481Z0Z,A00405_539_HLLNCDSX3_4_2362_27326_33004_1_286_-_08920e28984ffda7ff0f37d186246d68; A00405_539_HLLNCDSX3_4_1253_5231_9204_1_291_+_5232c331b3893acf7a55118f4673f3d0,A00405_539_HLLNCDSX3_4_1253_5231_9204_1_291_+_5232c331b3893acf7a55118f4673f3d0,95.455,44,2,5.58e-15,71.3,151,TRUE,0.291390728476821,Matches own primer's target (expected)
M03520:605:000000000-LVNKY:1:2112:20940:14095,sd30-1,chimera,1,RH.609947B6947F457Z0Z,RH.A12CDF2B5C80436Z0Z,RH.609947B6947F457Z0Z,RH.A12CDF2B5C80436Z0Z,A00405_539_HLLNCDSX3_4_2461_3947_20603_1_294_+_8fe128bc725ad345d4357d5a9d24cdb7; A00405_539_HLLNCDSX3_4_2563_32868_30138_1_275_-_c7a2dc8142d6cf6abfecf63974bbc06d,,,,,,,,FALSE,,No whole-read match to any target
M03520:605:000000000-LVNKY:1:2112:21941:26361,sd20-1,matched_pair,1,RH.7CE39E25906745AZ0Z,RH.7CE39E25906745AZ0Z,RH.7CE39E25906745AZ0Z,RH.7CE39E25906745AZ0Z,A00405_539_HLLNCDSX3_4_1406_19262_13119_1_287_+_7e2b216f62b2af90b0db370fe85efc1c,A00405_539_HLLNCDSX3_4_1406_19262_13119_1_287_+_7e2b216f62b2af90b0db370fe85efc1c,95.968,124,5,1.9e-54,202,151,TRUE,0.821192052980132,Matches own primer's target (expected)
M03520:605:000000000-LVNKY:1:2112:24358:18863,sd3-2,matched_pair,1,RH.B9EF730EBE6C436Z0Z,RH.B9EF730EBE6C436Z0Z,RH.B9EF730EBE6C436Z0Z,RH.B9EF730EBE6C436Z0Z,A00405_539_HLLNCDSX3_4_2354_31494_20306_1_293_+_9fc4ba7df13b38a1122bbfdc70b1bfa7,A00405_539_HLLNCDSX3_4_2354_31494_20306_1_293_+_9fc4ba7df13b38a1122bbfdc70b1bfa7,97.987,149,2,3.99e-71,257,151,TRUE,0.986754966887417,Matches own primer's target (expected)
M03520:605:000000000-LVNKY:1:2112:25741:18460,as25-1,matched_pair,1,RH.E253263309B742FZ0Z,RH.E253263309B742FZ0Z,RH.E253263309B742FZ0Z,RH.E253263309B742FZ0Z,A00405_539_HLLNCDSX3_4_1667_3577_14481_1_279_+_5c2b589f92cd328dd27be08801c4b747,A00405_539_HLLNCDSX3_4_1667_3577_14481_1_279_+_5c2b589f92cd328dd27be08801c4b747,98.571,140,2,2.4e-68,248,151,TRUE,0.927152317880795,Matches own primer's target (expected)
M03520:605:000000000-LVNKY:1:2112:6007:5759,as10-2,matched_pair,1,RH.B9EF730EBE6C436Z0Z,RH.B9EF730EBE6C436Z0Z,RH.B9EF730EBE6C436Z0Z,RH.B9EF730EBE6C436Z0Z,A00405_539_HLLNCDSX3_4_2354_31494_20306_1_293_+_9fc4ba7df13b38a1122bbfdc70b1bfa7,A00405_539_HLLNCDSX3_4_2354_31494_20306_1_293_+_9fc4ba7df13b38a1122bbfdc70b1bfa7,98.658,149,2,2.39e-73,265,151,TRUE,0.986754966887417,Matches own primer's target (expected)
M03520:605:000000000-LVNKY:1:2112:7327:19360,as15-2,chimera,1,RH.44333617E8F04C0Z0Z,RH.C597F0BA65D4481Z0Z,RH.44333617E8F04C0Z0Z,RH.C597F0BA65D4481Z0Z,A00405_539_HLLNCDSX3_4_2362_27326_33004_1_286_-_08920e28984ffda7ff0f37d186246d68; A00405_539_HLLNCDSX3_4_1253_5231_9204_1_291_+_5232c331b3893acf7a55118f4673f3d0,A00405_539_HLLNCDSX3_4_1253_5231_9204_1_291_+_5232c331b3893acf7a55118f4673f3d0,95.455,44,2,5.58e-15,71.3,151,TRUE,0.291390728476821,Matches own primer's target (expected)
M03520:605:000000000-LVNKY:1:2112:9061:16390,as3-2,chimera,1,RH.3B2B2BB86AB94D3Z0Z,RH.64613722763148BZ0Z,RH.3B2B2BB86AB94D3Z0Z,RH.64613722763148BZ0Z,A00405_539_HLLNCDSX3_4_2273_12391_14716_1_280_+_dc9ad065389b151656592223aedc10ba,,,,,,,,FALSE,,No whole-read match to any target
M03520:605:000000000-LVNKY:1:2113:10897:21292,as25-2,chimera,1,RH.44333617E8F04C0Z0Z,RH.C597F0BA65D4481Z0Z,RH.44333617E8F04C0Z0Z,RH.C597F0BA65D4481Z0Z,A00405_539_HLLNCDSX3_4_2362_27326_33004_1_286_-_08920e28984ffda7ff0f37d186246d68; A00405_539_HLLNCDSX3_4_1253_5231_9204_1_291_+_5232c331b3893acf7a55118f4673f3d0,A00405_539_HLLNCDSX3_4_1253_5231_9204_1_291_+_5232c331b3893acf7a55118f4673f3d0,95.455,44,2,5.58e-15,71.3,151,TRUE,0.291390728476821,Matches own primer's target (expected)
M03520:605:000000000-LVNKY:1:2113:11026:6787,sd25-3,matched_pair,1,RH.DDB83AFF97C94C6Z0Z,RH.DDB83AFF97C94C6Z0Z,RH.DDB83AFF97C94C6Z0Z,RH.DDB83AFF97C94C6Z0Z,A00405_539_HLLNCDSX3_4_2214_27434_30780_1_238_-_02586f3f6cd19c432ac8d02dc5b6f139,A00405_539_HLLNCDSX3_4_2214_27434_30780_1_238_-_02586f3f6cd19c432ac8d02dc5b6f139,94.828,116,6,2.47e-48,182,151,TRUE,0.768211920529801,Matches own primer's target (expected)
M03520:605:000000000-LVNKY:1:2113:12083:21318,sd10-1,matched_pair,1,RH.DDB83AFF97C94C6Z0Z,RH.DDB83AFF97C94C6Z0Z,RH.DDB83AFF97C94C6Z0Z,RH.DDB83AFF97C94C6Z0Z,A00405_539_HLLNCDSX3_4_2214_27434_30780_1_238_-_02586f3f6cd19c432ac8d02dc5b6f139,A00405_539_HLLNCDSX3_4_2214_27434_30780_1_238_-_02586f3f6cd19c432ac8d02dc5b6f139,99.138,116,1,1.13e-56,209,151,TRUE,0.768211920529801,Matches own primer's target (expected)
M03520:605:000000000-LVNKY:1:2113:15073:11703,as20-3,matched_pair,1,RH.1CC74B91718A42FZ0Z,RH.1CC74B91718A42FZ0Z,RH.1CC74B91718A42FZ0Z,RH.1CC74B91718A42FZ0Z,A00405_539_HLLNCDSX3_4_1434_17553_6433_1_291_+_7a051464df892a132e7368b8e9d3c73a,A00405_539_HLLNCDSX3_4_1434_17553_6433_1_291_+_7a051464df892a132e7368b8e9d3c73a,98.438,128,2,1.13e-61,226,151,TRUE,0.847682119205298,Matches own primer's target (expected)
M03520:605:000000000-LVNKY:1:2113:15152:13734,as10-3,matched_pair,1,RH.2AFFFBA0E81C482Z0Z,RH.2AFFFBA0E81C482Z0Z,RH.2AFFFBA0E81C482Z0Z,RH.2AFFFBA0E81C482Z0Z,A00405_539_HLLNCDSX3_4_1149_18701_36605_1_292_-_4a407c9c3375a6ad5003bdd88d91a484,A00405_539_HLLNCDSX3_4_1149_18701_36605_1_292_-_4a407c9c3375a6ad5003bdd88d91a484,98.261,115,2,1.9e-54,202,151,TRUE,0.76158940397351,Matches own primer's target (expected)
M03520:605:000000000-LVNKY:1:2113:19190:15948,as25-2,matched_pair,1,RH.6408CE975B5340AZ0Z,RH.6408CE975B5340AZ0Z,RH.6408CE975B5340AZ0Z,RH.6408CE975B5340AZ0Z,A00405_539_HLLNCDSX3_4_1418_8196_3505_1_290_-_1bf831b7d5cca66c11b01477482cf05f,A00405_539_HLLNCDSX3_4_1418_8196_3505_1_290_-_1bf831b7d5cca66c11b01477482cf05f,99.324,148,1,1.84e-74,268,151,TRUE,0.980132450331126,Matches own primer's target (expected)
M03520:605:000000000-LVNKY:1:2113:21430:11122,as3-2,chimera,1,RH.609947B6947F457Z0Z,RH.A12CDF2B5C80436Z0Z,RH.609947B6947F457Z0Z,RH.A12CDF2B5C80436Z0Z,A00405_539_HLLNCDSX3_4_2461_3947_20603_1_294_+_8fe128bc725ad345d4357d5a9d24cdb7; A00405_539_HLLNCDSX3_4_2563_32868_30138_1_275_-_c7a2dc8142d6cf6abfecf63974bbc06d,,,,,,,,FALSE,,No whole-read match to any target
M03520:605:000000000-LVNKY:1:2113:22218:22305,as15-1,chimera,1,RH.44333617E8F04C0Z0Z,RH.C597F0BA65D4481Z0Z,RH.44333617E8F04C0Z0Z,RH.C597F0BA65D4481Z0Z,A00405_539_HLLNCDSX3_4_2362_27326_33004_1_286_-_08920e28984ffda7ff0f37d186246d68; A00405_539_HLLNCDSX3_4_1253_5231_9204_1_291_+_5232c331b3893acf7a55118f4673f3d0,A00405_539_HLLNCDSX3_4_1253_5231_9204_1_291_+_5232c331b3893acf7a55118f4673f3d0,95.455,44,2,5.58e-15,71.3,151,TRUE,0.291390728476821,Matches own primer's target (expected)
M03520:605:000000000-LVNKY:1:2113:22996:11326,as10-3,chimera,1,RH.3B2B2BB86AB94D3Z0Z,RH.64613722763148BZ0Z,RH.3B2B2BB86AB94D3Z0Z,RH.64613722763148BZ0Z,A00405_539_HLLNCDSX3_4_2273_12391_14716_1_280_+_dc9ad065389b151656592223aedc10ba,,,,,,,,FALSE,,No whole-read match to any target
M03520:605:000000000-LVNKY:1:2114:14209:26428,sd3-1,matched_pair,1,RH.B9EF730EBE6C436Z0Z,RH.B9EF730EBE6C436Z0Z,RH.B9EF730EBE6C436Z0Z,RH.B9EF730EBE6C436Z0Z,A00405_539_HLLNCDSX3_4_2354_31494_20306_1_293_+_9fc4ba7df13b38a1122bbfdc70b1bfa7,A00405_539_HLLNCDSX3_4_2354_31494_20306_1_293_+_9fc4ba7df13b38a1122bbfdc70b1bfa7,96.644,149,5,2.4e-68,248,151,TRUE,0.986754966887417,Matches own primer's target (expected)
M03520:605:000000000-LVNKY:1:2114:14717:17774,as25-2,chimera,1,RH.44333617E8F04C0Z0Z,RH.C597F0BA65D4481Z0Z,RH.44333617E8F04C0Z0Z,RH.C597F0BA65D4481Z0Z,A00405_539_HLLNCDSX3_4_2362_27326_33004_1_286_-_08920e28984ffda7ff0f37d186246d68; A00405_539_HLLNCDSX3_4_1253_5231_9204_1_291_+_5232c331b3893acf7a55118f4673f3d0,A00405_539_HLLNCDSX3_4_1253_5231_9204_1_291_+_5232c331b3893acf7a55118f4673f3d0,95.455,44,2,5.58e-15,71.3,151,TRUE,0.291390728476821,Matches own primer's target (expected)
M03520:605:000000000-LVNKY:1:2114:18573:20217,sd3-2,matched_pair,1,RH.DDB83AFF97C94C6Z0Z,RH.DDB83AFF97C94C6Z0Z,RH.DDB83AFF97C94C6Z0Z,RH.DDB83AFF97C94C6Z0Z,A00405_539_HLLNCDSX3_4_2214_27434_30780_1_238_-_02586f3f6cd19c432ac8d02dc5b6f139,A00405_539_HLLNCDSX3_4_2214_27434_30780_1_238_-_02586f3f6cd19c432ac8d02dc5b6f139,95.69,116,5,5.31e-50,187,151,TRUE,0.768211920529801,Matches own primer's target (expected)
M03520:605:000000000-LVNKY:1:2114:21736:14322,as30-3,chimera,1,RH.3B2B2BB86AB94D3Z0Z,RH.64613722763148BZ0Z,RH.3B2B2BB86AB94D3Z0Z,RH.64613722763148BZ0Z,A00405_539_HLLNCDSX3_4_2273_12391_14716_1_280_+_dc9ad065389b151656592223aedc10ba,,,,,,,,FALSE,,No whole-read match to any target
M03520:605:000000000-LVNKY:1:2114:22894:10780,as7-2,chimera,1,RH.3B2B2BB86AB94D3Z0Z,RH.64613722763148BZ0Z,RH.3B2B2BB86AB94D3Z0Z,RH.64613722763148BZ0Z,A00405_539_HLLNCDSX3_4_2273_12391_14716_1_280_+_dc9ad065389b151656592223aedc10ba,,,,,,,,FALSE,,No whole-read match to any target
M03520:605:000000000-LVNKY:1:2114:24134:18932,sd30-1,matched_pair,1,RH.2AFFFBA0E81C482Z0Z,RH.2AFFFBA0E81C482Z0Z,RH.2AFFFBA0E81C482Z0Z,RH.2AFFFBA0E81C482Z0Z,A00405_539_HLLNCDSX3_4_1149_18701_36605_1_292_-_4a407c9c3375a6ad5003bdd88d91a484,A00405_539_HLLNCDSX3_4_1149_18701_36605_1_292_-_4a407c9c3375a6ad5003bdd88d91a484,98.261,115,2,1.9e-54,202,151,TRUE,0.76158940397351,Matches own primer's target (expected)
M03520:605:000000000-LVNKY:1:2114:26330:12598,as10-1,chimera,1,RH.3B2B2BB86AB94D3Z0Z,RH.64613722763148BZ0Z,RH.3B2B2BB86AB94D3Z0Z,RH.64613722763148BZ0Z,A00405_539_HLLNCDSX3_4_2273_12391_14716_1_280_+_dc9ad065389b151656592223aedc10ba,,,,,,,,FALSE,,No whole-read match to any target
M03520:605:000000000-LVNKY:1:2114:4691:11983,as7-2,chimera,1,RH.3B2B2BB86AB94D3Z0Z,RH.64613722763148BZ0Z,RH.3B2B2BB86AB94D3Z0Z,RH.64613722763148BZ0Z,A00405_539_HLLNCDSX3_4_2273_12391_14716_1_280_+_dc9ad065389b151656592223aedc10ba,,,,,,,,FALSE,,No whole-read match to any target
M03520:605:000000000-LVNKY:1:2114:5125:14989,as20-1,chimera,1,RH.44333617E8F04C0Z0Z,RH.C597F0BA65D4481Z0Z,RH.44333617E8F04C0Z0Z,RH.C597F0BA65D4481Z0Z,A00405_539_HLLNCDSX3_4_2362_27326_33004_1_286_-_08920e28984ffda7ff0f37d186246d68; A00405_539_HLLNCDSX3_4_1253_5231_9204_1_291_+_5232c331b3893acf7a55118f4673f3d0,A00405_539_HLLNCDSX3_4_1253_5231_9204_1_291_+_5232c331b3893acf7a55118f4673f3d0,95.455,44,2,5.58e-15,71.3,151,TRUE,0.291390728476821,Matches own primer's target (expected)
M03520:605:000000000-LVNKY:1:2114:7037:10681,sd15-2,matched_pair,1,RH.CF953F27F5674E1Z0Z,RH.CF953F27F5674E1Z0Z,RH.CF953F27F5674E1Z0Z,RH.CF953F27F5674E1Z0Z,A00405_539_HLLNCDSX3_4_2428_25979_27508_1_293_+_ea053f94656145d4f38e54ebc41708ef,A00405_539_HLLNCDSX3_4_2428_25979_27508_1_293_+_ea053f94656145d4f38e54ebc41708ef,99.206,126,1,3.13e-62,228,151,TRUE,0.834437086092715,Matches own primer's target (expected)
M03520:605:000000000-LVNKY:1:2114:7238:11475,sd7-3,matched_pair,2,RH.51338FA06EDB4F0Z0Z,RH.51338FA06EDB4F0Z0Z,RH.51338FA06EDB4F0Z0Z,RH.51338FA06EDB4F0Z0Z,A00405_539_HLLNCDSX3_4_2428_6090_14794_1_294_-_80eeeb5dde92ef47ef076603c990b2f7,A00405_539_HLLNCDSX3_4_2428_6090_14794_1_294_-_80eeeb5dde92ef47ef076603c990b2f7,100,113,0,1.13e-56,209,151,TRUE,0.748344370860927,Matches own primer's target (expected)
M03520:605:000000000-LVNKY:1:2114:9228:14404,as20-2,chimera,1,RH.44333617E8F04C0Z0Z,RH.C597F0BA65D4481Z0Z,RH.44333617E8F04C0Z0Z,RH.C597F0BA65D4481Z0Z,A00405_539_HLLNCDSX3_4_2362_27326_33004_1_286_-_08920e28984ffda7ff0f37d186246d68; A00405_539_HLLNCDSX3_4_1253_5231_9204_1_291_+_5232c331b3893acf7a55118f4673f3d0,A00405_539_HLLNCDSX3_4_1253_5231_9204_1_291_+_5232c331b3893acf7a55118f4673f3d0,95.455,44,2,5.58e-15,71.3,151,TRUE,0.291390728476821,Matches own primer's target (expected)
M03520:605:000000000-LVNKY:1:2114:9336:8525,as3-1,chimera,1,RH.3B2B2BB86AB94D3Z0Z,RH.64613722763148BZ0Z,RH.3B2B2BB86AB94D3Z0Z,RH.64613722763148BZ0Z,A00405_539_HLLNCDSX3_4_2273_12391_14716_1_280_+_dc9ad065389b151656592223aedc10ba,,,,,,,,FALSE,,No whole-read match to any target
