M03520:605:000000000-LVNKY:1:1101:17410:1575;size=26736	RH.E253263309B742FZ0Z_R	100.000	26	0	2.98e-10	52.0
M03520:605:000000000-LVNKY:1:1101:17410:1575;size=26736	RH.E253263309B742FZ0Z_F	100.000	26	0	2.98e-10	52.0
M03520:605:000000000-LVNKY:1:1101:16525:1906;size=8982	RH.6408CE975B5340AZ0Z_R	100.000	26	0	2.98e-10	52.0
M03520:605:000000000-LVNKY:1:1101:16525:1906;size=8982	RH.6408CE975B5340AZ0Z_F	100.000	26	0	2.98e-10	52.0
M03520:605:000000000-LVNKY:1:1101:15771:2401;size=5377	RH.B9EF730EBE6C436Z0Z_R	100.000	25	0	1.18e-09	50.1
M03520:605:000000000-LVNKY:1:1101:15771:2401;size=5377	RH.B9EF730EBE6C436Z0Z_F	100.000	25	0	1.18e-09	50.1
M03520:605:000000000-LVNKY:1:1101:14749:1521;size=3797	RH.2AFFFBA0E81C482Z0Z_R	100.000	23	0	1.84e-08	46.1
M03520:605:000000000-LVNKY:1:1101:14749:1521;size=3797	RH.2AFFFBA0E81C482Z0Z_F	100.000	23	0	1.84e-08	46.1
M03520:605:000000000-LVNKY:1:1101:13599:1688;size=3510	RH.25F43EF2A0F1421Z0Z_F	100.000	24	0	4.65e-09	48.1
M03520:605:000000000-LVNKY:1:1101:13599:1688;size=3510	RH.25F43EF2A0F1421Z0Z_R	100.000	23	0	1.84e-08	46.1
M03520:605:000000000-LVNKY:1:1101:19377:1877;size=2957	RH.2A85EAE5DEAD471Z0Z_R	100.000	25	0	1.18e-09	50.1
M03520:605:000000000-LVNKY:1:1101:19377:1877;size=2957	RH.2A85EAE5DEAD471Z0Z_F	100.000	25	0	1.18e-09	50.1
M03520:605:000000000-LVNKY:1:1101:15065:2202;size=2436	RH.DDB83AFF97C94C6Z0Z_R	100.000	25	0	1.18e-09	50.1
M03520:605:000000000-LVNKY:1:1101:15065:2202;size=2436	RH.DDB83AFF97C94C6Z0Z_F	100.000	24	0	4.65e-09	48.1
M03520:605:000000000-LVNKY:1:1101:19212:1773;size=2297	RH.DDB83AFF97C94C6Z0Z_R	100.000	25	0	1.18e-09	50.1
M03520:605:000000000-LVNKY:1:1101:19212:1773;size=2297	RH.DDB83AFF97C94C6Z0Z_F	100.000	24	0	4.65e-09	48.1
M03520:605:000000000-LVNKY:1:1101:14318:1434;size=2134	RH.B2A7FEFE5F5C48AZ0Z_F	100.000	24	0	4.65e-09	48.1
M03520:605:000000000-LVNKY:1:1101:14318:1434;size=2134	RH.B2A7FEFE5F5C48AZ0Z_R	100.000	23	0	1.84e-08	46.1
M03520:605:000000000-LVNKY:1:1101:17389:2011;size=2097	RH.27578A9A85FA4A3Z0Z_F	100.000	24	0	4.65e-09	48.1
M03520:605:000000000-LVNKY:1:1101:17389:2011;size=2097	RH.27578A9A85FA4A3Z0Z_R	100.000	22	0	7.27e-08	44.1
M03520:605:000000000-LVNKY:1:1101:12957:1770;size=1750	RH.7CE39E25906745AZ0Z_R	100.000	26	0	2.98e-10	52.0
M03520:605:000000000-LVNKY:1:1101:12957:1770;size=1750	RH.7CE39E25906745AZ0Z_F	100.000	25	0	1.18e-09	50.1
M03520:605:000000000-LVNKY:1:1101:11269:2687;size=1345	RH.72B9E3F522264B3Z0Z_F	100.000	22	0	7.27e-08	44.1
M03520:605:000000000-LVNKY:1:1101:14711:3288;size=1296	RH.7CE39E25906745AZ0Z_R	100.000	26	0	2.98e-10	52.0
M03520:605:000000000-LVNKY:1:1101:14711:3288;size=1296	RH.7CE39E25906745AZ0Z_F	100.000	25	0	1.18e-09	50.1
M03520:605:000000000-LVNKY:1:1101:11887:2359;size=1189	RH.517A9FBA2B494D5Z0Z_F	100.000	25	0	1.18e-09	50.1
M03520:605:000000000-LVNKY:1:1101:11887:2359;size=1189	RH.517A9FBA2B494D5Z0Z_R	100.000	24	0	4.65e-09	48.1
M03520:605:000000000-LVNKY:1:1101:16684:1379;size=1130	RH.51338FA06EDB4F0Z0Z_R	100.000	25	0	1.18e-09	50.1
M03520:605:000000000-LVNKY:1:1101:16684:1379;size=1130	RH.51338FA06EDB4F0Z0Z_F	100.000	25	0	1.18e-09	50.1
M03520:605:000000000-LVNKY:1:1101:10037:3367;size=1121	RH.0096A141894D447Z0Z_F	100.000	24	0	4.65e-09	48.1
M03520:605:000000000-LVNKY:1:1101:10037:3367;size=1121	RH.0096A141894D447Z0Z_R	100.000	21	0	2.87e-07	42.1
M03520:605:000000000-LVNKY:1:1101:16309:28151;size=1056	RH.E253263309B742FZ0Z_F	100.000	26	0	2.98e-10	52.0
M03520:605:000000000-LVNKY:1:1101:16309:28151;size=1056	RH.E253263309B742FZ0Z_R	96.154	26	1	7.27e-08	44.1
M03520:605:000000000-LVNKY:1:1101:20502:2584;size=1010	RH.2A8AD21024974C0Z0Z_F	100.000	26	0	2.98e-10	52.0
M03520:605:000000000-LVNKY:1:1101:20502:2584;size=1010	RH.2A8AD21024974C0Z0Z_R	100.000	25	0	1.18e-09	50.1
M03520:605:000000000-LVNKY:1:1101:17209:2104;size=1006	RH.B9EF730EBE6C436Z0Z_F	100.000	25	0	1.18e-09	50.1
M03520:605:000000000-LVNKY:1:1101:17209:2104;size=1006	RH.B9EF730EBE6C436Z0Z_R	100.000	25	0	1.18e-09	50.1
M03520:605:000000000-LVNKY:1:1101:16759:6903;size=968	RH.72B9E3F522264B3Z0Z_F	100.000	22	0	7.27e-08	44.1
M03520:605:000000000-LVNKY:1:1101:16759:6903;size=968	RH.72B9E3F522264B3Z0Z_R	100.000	20	0	1.13e-06	40.1
M03520:605:000000000-LVNKY:1:1101:11740:4018;size=961	RH.0096A141894D447Z0Z_F	100.000	24	0	4.65e-09	48.1
M03520:605:000000000-LVNKY:1:1101:11740:4018;size=961	RH.0096A141894D447Z0Z_R	100.000	21	0	2.87e-07	42.1
M03520:605:000000000-LVNKY:1:1101:21418:2604;size=957	RH.72B9E3F522264B3Z0Z_F	100.000	22	0	7.27e-08	44.1
M03520:605:000000000-LVNKY:1:1101:21418:2604;size=957	RH.72B9E3F522264B3Z0Z_R	100.000	20	0	1.13e-06	40.1
M03520:605:000000000-LVNKY:1:1101:16903:4038;size=900	RH.BE09C1F6EE4B426Z0Z_R	100.000	23	0	1.84e-08	46.1
M03520:605:000000000-LVNKY:1:1101:16903:4038;size=900	RH.BE09C1F6EE4B426Z0Z_F	100.000	22	0	7.27e-08	44.1
M03520:605:000000000-LVNKY:1:1101:13142:2996;size=865	RH.0BD19D1A26A74EBZ0Z_F	100.000	25	0	1.18e-09	50.1
M03520:605:000000000-LVNKY:1:1101:13142:2996;size=865	RH.0BD19D1A26A74EBZ0Z_R	100.000	24	0	4.65e-09	48.1
M03520:605:000000000-LVNKY:1:1101:12726:5099;size=852	RH.2AFFFBA0E81C482Z0Z_R	100.000	23	0	1.84e-08	46.1
M03520:605:000000000-LVNKY:1:1101:12726:5099;size=852	RH.2AFFFBA0E81C482Z0Z_F	100.000	23	0	1.84e-08	46.1
M03520:605:000000000-LVNKY:1:1101:20905:3568;size=636	RH.9726AFF14C0D4B3Z0Z_R	100.000	25	0	1.18e-09	50.1
M03520:605:000000000-LVNKY:1:1101:20905:3568;size=636	RH.9726AFF14C0D4B3Z0Z_F	100.000	24	0	4.65e-09	48.1
M03520:605:000000000-LVNKY:1:1101:10624:3735;size=575	RH.8B25A056ABC1444Z0Z_F	100.000	25	0	1.18e-09	50.1
M03520:605:000000000-LVNKY:1:1101:10624:3735;size=575	RH.8B25A056ABC1444Z0Z_R	100.000	24	0	4.65e-09	48.1
M03520:605:000000000-LVNKY:1:1101:14217:1835;size=543	RH.40933F98BDDD40FZ0Z_F	100.000	25	0	1.18e-09	50.1
M03520:605:000000000-LVNKY:1:1101:14217:1835;size=543	RH.40933F98BDDD40FZ0Z_R	100.000	24	0	4.65e-09	48.1
M03520:605:000000000-LVNKY:1:1101:11994:6878;size=519	RH.A2C9012430E34ADZ0Z_R	100.000	24	0	4.65e-09	48.1
M03520:605:000000000-LVNKY:1:1101:11994:6878;size=519	RH.A2C9012430E34ADZ0Z_F	100.000	24	0	4.65e-09	48.1
M03520:605:000000000-LVNKY:1:1101:12253:6763;size=483	RH.72B9E3F522264B3Z0Z_F	100.000	22	0	7.27e-08	44.1
M03520:605:000000000-LVNKY:1:1101:14849:8233;size=459	RH.321690A69B1C40DZ0Z_R	100.000	22	0	7.27e-08	44.1
M03520:605:000000000-LVNKY:1:1101:14849:8233;size=459	RH.321690A69B1C40DZ0Z_F	100.000	21	0	2.87e-07	42.1
M03520:605:000000000-LVNKY:1:1101:17386:3393;size=429	RH.E04EE94198274F7Z0Z_F	100.000	25	0	1.18e-09	50.1
M03520:605:000000000-LVNKY:1:1101:17386:3393;size=429	RH.E04EE94198274F7Z0Z_R	95.833	24	1	1.13e-06	40.1
M03520:605:000000000-LVNKY:1:1101:18471:4299;size=419	RH.E253263309B742FZ0Z_F	100.000	26	0	2.98e-10	52.0
M03520:605:000000000-LVNKY:1:1101:18471:4299;size=419	RH.E253263309B742FZ0Z_R	100.000	26	0	2.98e-10	52.0
M03520:605:000000000-LVNKY:1:1101:15017:3563;size=417	RH.F4E2313A8B92492Z0Z_F	100.000	24	0	4.65e-09	48.1
M03520:605:000000000-LVNKY:1:1101:15017:3563;size=417	RH.F4E2313A8B92492Z0Z_R	100.000	19	0	4.48e-06	38.2
M03520:605:000000000-LVNKY:1:1101:27525:7879;size=411	RH.6DE797B0D3F544DZ0Z_F	100.000	26	0	2.98e-10	52.0
M03520:605:000000000-LVNKY:1:1101:16847:5161;size=392	RH.85A5303CAAF54ADZ0Z_R	100.000	22	0	7.27e-08	44.1
M03520:605:000000000-LVNKY:1:1101:16847:5161;size=392	RH.85A5303CAAF54ADZ0Z_F	100.000	21	0	2.87e-07	42.1
M03520:605:000000000-LVNKY:1:1101:18625:4681;size=358	RH.BB24C5C404164F1Z0Z_R	100.000	23	0	1.84e-08	46.1
M03520:605:000000000-LVNKY:1:1101:18625:4681;size=358	RH.BB24C5C404164F1Z0Z_F	100.000	22	0	7.27e-08	44.1
M03520:605:000000000-LVNKY:1:1101:19205:4541;size=357	RH.094E5466924B45EZ0Z_F	100.000	26	0	2.98e-10	52.0
M03520:605:000000000-LVNKY:1:1101:19205:4541;size=357	RH.094E5466924B45EZ0Z_R	100.000	25	0	1.18e-09	50.1
M03520:605:000000000-LVNKY:1:1102:12282:9330;size=354	RH.6408CE975B5340AZ0Z_F	100.000	26	0	2.98e-10	52.0
M03520:605:000000000-LVNKY:1:1102:12282:9330;size=354	RH.6408CE975B5340AZ0Z_R	96.154	26	1	7.27e-08	44.1
M03520:605:000000000-LVNKY:1:1101:13071:4136;size=315	RH.517A9FBA2B494D5Z0Z_F	100.000	25	0	1.18e-09	50.1
M03520:605:000000000-LVNKY:1:1101:13071:4136;size=315	RH.517A9FBA2B494D5Z0Z_R	100.000	24	0	4.65e-09	48.1
M03520:605:000000000-LVNKY:1:1101:17868:10033;size=295	RH.517A9FBA2B494D5Z0Z_F	100.000	25	0	1.18e-09	50.1
M03520:605:000000000-LVNKY:1:1101:17868:10033;size=295	RH.517A9FBA2B494D5Z0Z_R	100.000	24	0	4.65e-09	48.1
M03520:605:000000000-LVNKY:1:1101:17454:4917;size=287	RH.094E5466924B45EZ0Z_F	100.000	26	0	2.98e-10	52.0
M03520:605:000000000-LVNKY:1:1101:17454:4917;size=287	RH.094E5466924B45EZ0Z_R	100.000	25	0	1.18e-09	50.1
M03520:605:000000000-LVNKY:1:1101:20412:3121;size=286	RH.DDB83AFF97C94C6Z0Z_R	100.000	25	0	1.18e-09	50.1
M03520:605:000000000-LVNKY:1:1101:20412:3121;size=286	RH.DDB83AFF97C94C6Z0Z_F	100.000	24	0	4.65e-09	48.1
M03520:605:000000000-LVNKY:1:1103:24333:22156;size=252	RH.B9EF730EBE6C436Z0Z_F	100.000	25	0	1.18e-09	50.1
M03520:605:000000000-LVNKY:1:1103:24333:22156;size=252	RH.B9EF730EBE6C436Z0Z_R	96.000	25	1	2.87e-07	42.1
M03520:605:000000000-LVNKY:1:1101:15276:4651;size=243	RH.B9EF730EBE6C436Z0Z_F	100.000	25	0	1.18e-09	50.1
M03520:605:000000000-LVNKY:1:1101:15276:4651;size=243	RH.B9EF730EBE6C436Z0Z_R	100.000	25	0	1.18e-09	50.1
M03520:605:000000000-LVNKY:1:1101:16572:1516;size=238	RH.F4E2313A8B92492Z0Z_F	100.000	24	0	4.65e-09	48.1
M03520:605:000000000-LVNKY:1:1101:16572:1516;size=238	RH.F4E2313A8B92492Z0Z_R	100.000	19	0	4.48e-06	38.2
M03520:605:000000000-LVNKY:1:1101:18287:2923;size=232	RH.CF953F27F5674E1Z0Z_F	100.000	26	0	2.98e-10	52.0
M03520:605:000000000-LVNKY:1:1101:18287:2923;size=232	RH.CF953F27F5674E1Z0Z_R	100.000	25	0	1.18e-09	50.1
M03520:605:000000000-LVNKY:1:1101:8674:4847;size=231	RH.6DE797B0D3F544DZ0Z_F	100.000	26	0	2.98e-10	52.0
M03520:605:000000000-LVNKY:1:1101:9863:3641;size=214	RH.DDB83AFF97C94C6Z0Z_R	100.000	25	0	1.18e-09	50.1
M03520:605:000000000-LVNKY:1:1101:9863:3641;size=214	RH.DDB83AFF97C94C6Z0Z_F	100.000	24	0	4.65e-09	48.1
M03520:605:000000000-LVNKY:1:1101:23543:4853;size=209	RH.72B9E3F522264B3Z0Z_F	100.000	22	0	7.27e-08	44.1
M03520:605:000000000-LVNKY:1:1101:23543:4853;size=209	RH.72B9E3F522264B3Z0Z_R	100.000	20	0	1.13e-06	40.1
M03520:605:000000000-LVNKY:1:1101:17160:16253;size=204	RH.E253263309B742FZ0Z_R	100.000	26	0	2.98e-10	52.0
M03520:605:000000000-LVNKY:1:1101:20398:3453;size=203	RH.04A0205BEA6C49EZ0Z_R	100.000	24	0	4.65e-09	48.1
M03520:605:000000000-LVNKY:1:1101:20398:3453;size=203	RH.04A0205BEA6C49EZ0Z_F	100.000	23	0	1.84e-08	46.1
M03520:605:000000000-LVNKY:1:1101:13145:6200;size=201	RH.1CC74B91718A42FZ0Z_R	100.000	25	0	1.18e-09	50.1
M03520:605:000000000-LVNKY:1:1101:13145:6200;size=201	RH.1CC74B91718A42FZ0Z_F	100.000	24	0	4.65e-09	48.1
M03520:605:000000000-LVNKY:1:1101:17059:3624;size=200	RH.0C6EF86AB29A422Z0Z_R	100.000	23	0	1.84e-08	46.1
M03520:605:000000000-LVNKY:1:1101:17059:3624;size=200	RH.0C6EF86AB29A422Z0Z_F	100.000	23	0	1.84e-08	46.1
M03520:605:000000000-LVNKY:1:1101:7625:9854;size=196	RH.E04EE94198274F7Z0Z_F	100.000	25	0	1.18e-09	50.1
M03520:605:000000000-LVNKY:1:1101:7625:9854;size=196	RH.E04EE94198274F7Z0Z_R	95.833	24	1	1.13e-06	40.1
M03520:605:000000000-LVNKY:1:1101:23943:12257;size=178	RH.77300263E6F14F3Z0Z_F	100.000	24	0	4.65e-09	48.1
M03520:605:000000000-LVNKY:1:1101:23943:12257;size=178	RH.77300263E6F14F3Z0Z_R	100.000	23	0	1.84e-08	46.1
M03520:605:000000000-LVNKY:1:1101:26899:7391;size=177	RH.517A9FBA2B494D5Z0Z_F	100.000	25	0	1.18e-09	50.1
M03520:605:000000000-LVNKY:1:1101:26899:7391;size=177	RH.517A9FBA2B494D5Z0Z_R	100.000	24	0	4.65e-09	48.1
M03520:605:000000000-LVNKY:1:1101:17481:2240;size=176	RH.541A1C9A5856408Z0Z_F	100.000	24	0	4.65e-09	48.1
M03520:605:000000000-LVNKY:1:1101:19486:5527;size=168	RH.DDB83AFF97C94C6Z0Z_R	100.000	25	0	1.18e-09	50.1
M03520:605:000000000-LVNKY:1:1101:19486:5527;size=168	RH.DDB83AFF97C94C6Z0Z_F	100.000	24	0	4.65e-09	48.1
M03520:605:000000000-LVNKY:1:1101:8885:8535;size=160	RH.2091F326F74640CZ0Z_F	100.000	24	0	4.65e-09	48.1
M03520:605:000000000-LVNKY:1:1101:8885:8535;size=160	RH.2091F326F74640CZ0Z_R	100.000	22	0	7.27e-08	44.1
M03520:605:000000000-LVNKY:1:1107:16459:1511;size=158	RH.2AFFFBA0E81C482Z0Z_R	100.000	23	0	1.84e-08	46.1
M03520:605:000000000-LVNKY:1:1107:16459:1511;size=158	RH.2AFFFBA0E81C482Z0Z_F	100.000	23	0	1.84e-08	46.1
M03520:605:000000000-LVNKY:1:1101:10799:16939;size=157	RH.6572108A164E48EZ0Z_R	100.000	25	0	1.18e-09	50.1
M03520:605:000000000-LVNKY:1:1101:10799:16939;size=157	RH.F7E3D42951B44CCZ0Z_F	100.000	21	0	2.87e-07	42.1
M03520:605:000000000-LVNKY:1:1101:15391:3691;size=156	RH.159AE449CD74409Z0Z_R	100.000	23	0	1.84e-08	46.1
M03520:605:000000000-LVNKY:1:1101:15391:3691;size=156	RH.159AE449CD74409Z0Z_F	100.000	22	0	7.27e-08	44.1
M03520:605:000000000-LVNKY:1:1101:7601:7037;size=153	RH.E253263309B742FZ0Z_R	100.000	26	0	2.98e-10	52.0
M03520:605:000000000-LVNKY:1:1101:7601:7037;size=153	RH.E253263309B742FZ0Z_F	100.000	26	0	2.98e-10	52.0
M03520:605:000000000-LVNKY:1:1101:18501:4639;size=148	RH.65A22C27EE034ECZ0Z_R	100.000	25	0	1.18e-09	50.1
M03520:605:000000000-LVNKY:1:1101:18501:4639;size=148	RH.65A22C27EE034ECZ0Z_F	100.000	25	0	1.18e-09	50.1
M03520:605:000000000-LVNKY:1:1101:9789:7365;size=145	RH.BCDAADAE5A244DDZ0Z_R	100.000	24	0	4.65e-09	48.1
M03520:605:000000000-LVNKY:1:1101:9789:7365;size=145	RH.BCDAADAE5A244DDZ0Z_F	100.000	22	0	7.27e-08	44.1
M03520:605:000000000-LVNKY:1:1101:13154:4737;size=143	RH.F2F19E4203944BDZ0Z_R	100.000	22	0	7.27e-08	44.1
M03520:605:000000000-LVNKY:1:1101:13154:4737;size=143	RH.F2F19E4203944BDZ0Z_F	100.000	22	0	7.27e-08	44.1
M03520:605:000000000-LVNKY:1:1101:20286:5933;size=143	RH.6D324B1B4164459Z0Z_R	100.000	21	0	2.87e-07	42.1
M03520:605:000000000-LVNKY:1:1101:20286:5933;size=143	RH.6D324B1B4164459Z0Z_F	100.000	21	0	2.87e-07	42.1
M03520:605:000000000-LVNKY:1:1105:14295:25766;size=142	RH.25F43EF2A0F1421Z0Z_F	100.000	24	0	4.65e-09	48.1
M03520:605:000000000-LVNKY:1:1105:14295:25766;size=142	RH.25F43EF2A0F1421Z0Z_R	100.000	21	0	2.87e-07	42.1
M03520:605:000000000-LVNKY:1:1101:14378:3450;size=139	RH.CA1E204B0C0842DZ0Z_F	100.000	26	0	2.98e-10	52.0
M03520:605:000000000-LVNKY:1:1101:14378:3450;size=139	RH.CA1E204B0C0842DZ0Z_R	100.000	24	0	4.65e-09	48.1
M03520:605:000000000-LVNKY:1:1101:13862:11802;size=131	RH.E253263309B742FZ0Z_R	100.000	26	0	2.98e-10	52.0
M03520:605:000000000-LVNKY:1:1101:13862:11802;size=131	RH.E253263309B742FZ0Z_F	100.000	26	0	2.98e-10	52.0
M03520:605:000000000-LVNKY:1:1101:13556:21237;size=124	RH.0096A141894D447Z0Z_F	100.000	24	0	4.65e-09	48.1
M03520:605:000000000-LVNKY:1:1101:20119:3352;size=123	RH.E253263309B742FZ0Z_F	100.000	26	0	2.98e-10	52.0
M03520:605:000000000-LVNKY:1:1101:20119:3352;size=123	RH.E253263309B742FZ0Z_R	100.000	26	0	2.98e-10	52.0
M03520:605:000000000-LVNKY:1:1101:8329:8150;size=119	RH.8B25A056ABC1444Z0Z_R	100.000	24	0	4.65e-09	48.1
M03520:605:000000000-LVNKY:1:1101:8329:8150;size=119	RH.8B25A056ABC1444Z0Z_F	100.000	22	0	7.27e-08	44.1
M03520:605:000000000-LVNKY:1:1101:26915:10057;size=118	RH.5F6424ABBC3C47BZ0Z_F	100.000	25	0	1.18e-09	50.1
M03520:605:000000000-LVNKY:1:1101:12821:2052;size=115	RH.E253263309B742FZ0Z_F	100.000	26	0	2.98e-10	52.0
M03520:605:000000000-LVNKY:1:1101:12821:2052;size=115	RH.E253263309B742FZ0Z_R	96.154	26	1	7.27e-08	44.1
M03520:605:000000000-LVNKY:1:1101:14268:5252;size=114	RH.F2F19E4203944BDZ0Z_F	100.000	22	0	7.27e-08	44.1
M03520:605:000000000-LVNKY:1:1101:19420:11106;size=113	RH.E1EC16E9830F4AFZ0Z_R	100.000	25	0	1.18e-09	50.1
M03520:605:000000000-LVNKY:1:1101:19420:11106;size=113	RH.E1EC16E9830F4AFZ0Z_F	100.000	25	0	1.18e-09	50.1
M03520:605:000000000-LVNKY:1:1101:8588:4653;size=112	RH.2A8AD21024974C0Z0Z_F	100.000	26	0	2.98e-10	52.0
M03520:605:000000000-LVNKY:1:1101:8588:4653;size=112	RH.2A8AD21024974C0Z0Z_R	100.000	25	0	1.18e-09	50.1
M03520:605:000000000-LVNKY:1:1101:4500:10466;size=111	RH.B9EF730EBE6C436Z0Z_F	100.000	25	0	1.18e-09	50.1
M03520:605:000000000-LVNKY:1:1101:4500:10466;size=111	RH.B9EF730EBE6C436Z0Z_R	100.000	25	0	1.18e-09	50.1
M03520:605:000000000-LVNKY:1:1101:4095:20489;size=110	RH.6572108A164E48EZ0Z_R	100.000	25	0	1.18e-09	50.1
M03520:605:000000000-LVNKY:1:1101:4095:20489;size=110	RH.6572108A164E48EZ0Z_F	100.000	24	0	4.65e-09	48.1
M03520:605:000000000-LVNKY:1:1106:20590:4507;size=110	RH.DDB83AFF97C94C6Z0Z_R	100.000	25	0	1.18e-09	50.1
M03520:605:000000000-LVNKY:1:1106:20590:4507;size=110	RH.DDB83AFF97C94C6Z0Z_F	100.000	24	0	4.65e-09	48.1
M03520:605:000000000-LVNKY:1:1101:24173:12798;size=106	RH.E253263309B742FZ0Z_R	100.000	26	0	2.98e-10	52.0
M03520:605:000000000-LVNKY:1:1101:24173:12798;size=106	RH.E253263309B742FZ0Z_F	100.000	26	0	2.98e-10	52.0
M03520:605:000000000-LVNKY:1:1101:14323:13260;size=101	RH.27578A9A85FA4A3Z0Z_F	100.000	21	0	2.87e-07	42.1
M03520:605:000000000-LVNKY:1:1101:14323:13260;size=101	RH.27578A9A85FA4A3Z0Z_R	100.000	19	0	4.48e-06	38.2
M03520:605:000000000-LVNKY:1:1101:19796:10890;size=99	RH.27578A9A85FA4A3Z0Z_F	100.000	24	0	4.65e-09	48.1
M03520:605:000000000-LVNKY:1:1101:19796:10890;size=99	RH.27578A9A85FA4A3Z0Z_R	100.000	22	0	7.27e-08	44.1
M03520:605:000000000-LVNKY:1:1101:22672:3470;size=97	RH.E253263309B742FZ0Z_F	100.000	26	0	2.98e-10	52.0
M03520:605:000000000-LVNKY:1:1101:22672:3470;size=97	RH.E253263309B742FZ0Z_R	100.000	26	0	2.98e-10	52.0
M03520:605:000000000-LVNKY:1:1101:23691:14153;size=96	RH.E253263309B742FZ0Z_F	100.000	26	0	2.98e-10	52.0
M03520:605:000000000-LVNKY:1:1101:23691:14153;size=96	RH.E253263309B742FZ0Z_R	100.000	26	0	2.98e-10	52.0
M03520:605:000000000-LVNKY:1:1101:8391:5844;size=96	RH.E253263309B742FZ0Z_F	100.000	26	0	2.98e-10	52.0
M03520:605:000000000-LVNKY:1:1101:8391:5844;size=96	RH.E253263309B742FZ0Z_R	100.000	26	0	2.98e-10	52.0
M03520:605:000000000-LVNKY:1:1101:12216:16240;size=95	RH.E253263309B742FZ0Z_R	100.000	26	0	2.98e-10	52.0
M03520:605:000000000-LVNKY:1:1101:12216:16240;size=95	RH.E253263309B742FZ0Z_F	100.000	26	0	2.98e-10	52.0
M03520:605:000000000-LVNKY:1:1101:21488:4457;size=95	RH.0C6EF86AB29A422Z0Z_R	100.000	23	0	1.84e-08	46.1
M03520:605:000000000-LVNKY:1:1101:21488:4457;size=95	RH.0C6EF86AB29A422Z0Z_F	100.000	23	0	1.84e-08	46.1
M03520:605:000000000-LVNKY:1:1101:24804:17620;size=95	RH.E253263309B742FZ0Z_R	100.000	26	0	2.98e-10	52.0
M03520:605:000000000-LVNKY:1:1101:24804:17620;size=95	RH.E253263309B742FZ0Z_F	100.000	26	0	2.98e-10	52.0
M03520:605:000000000-LVNKY:1:1101:9720:5999;size=94	RH.E253263309B742FZ0Z_F	100.000	26	0	2.98e-10	52.0
M03520:605:000000000-LVNKY:1:1101:9720:5999;size=94	RH.E253263309B742FZ0Z_R	96.154	26	1	7.27e-08	44.1
M03520:605:000000000-LVNKY:1:1101:4829:15074;size=93	RH.E253263309B742FZ0Z_R	100.000	26	0	2.98e-10	52.0
M03520:605:000000000-LVNKY:1:1101:4829:15074;size=93	RH.E253263309B742FZ0Z_F	100.000	26	0	2.98e-10	52.0
M03520:605:000000000-LVNKY:1:1101:15510:2432;size=92	RH.0C6EF86AB29A422Z0Z_R	100.000	23	0	1.84e-08	46.1
M03520:605:000000000-LVNKY:1:1101:15510:2432;size=92	RH.0C6EF86AB29A422Z0Z_F	100.000	23	0	1.84e-08	46.1
M03520:605:000000000-LVNKY:1:1107:17395:1567;size=91	RH.DDB83AFF97C94C6Z0Z_R	100.000	25	0	1.18e-09	50.1
M03520:605:000000000-LVNKY:1:1107:17395:1567;size=91	RH.DDB83AFF97C94C6Z0Z_F	100.000	24	0	4.65e-09	48.1
M03520:605:000000000-LVNKY:1:1101:12040:16519;size=90	RH.E253263309B742FZ0Z_F	100.000	26	0	2.98e-10	52.0
M03520:605:000000000-LVNKY:1:1101:12040:16519;size=90	RH.E253263309B742FZ0Z_R	100.000	26	0	2.98e-10	52.0
M03520:605:000000000-LVNKY:1:1101:17394:6004;size=87	RH.E253263309B742FZ0Z_F	100.000	26	0	2.98e-10	52.0
M03520:605:000000000-LVNKY:1:1101:17394:6004;size=87	RH.E253263309B742FZ0Z_R	100.000	26	0	2.98e-10	52.0
M03520:605:000000000-LVNKY:1:1101:19784:7006;size=84	RH.72B9E3F522264B3Z0Z_F	100.000	22	0	7.27e-08	44.1
M03520:605:000000000-LVNKY:1:1107:16985:2191;size=83	RH.27578A9A85FA4A3Z0Z_F	100.000	24	0	4.65e-09	48.1
M03520:605:000000000-LVNKY:1:1107:16985:2191;size=83	RH.27578A9A85FA4A3Z0Z_R	100.000	22	0	7.27e-08	44.1
M03520:605:000000000-LVNKY:1:1101:16656:3852;size=82	RH.0096A141894D447Z0Z_F	100.000	24	0	4.65e-09	48.1
M03520:605:000000000-LVNKY:1:1101:18304:18592;size=82	RH.E253263309B742FZ0Z_R	100.000	26	0	2.98e-10	52.0
M03520:605:000000000-LVNKY:1:1101:18304:18592;size=82	RH.E253263309B742FZ0Z_F	100.000	26	0	2.98e-10	52.0
M03520:605:000000000-LVNKY:1:1101:5662:7877;size=82	RH.E253263309B742FZ0Z_F	100.000	26	0	2.98e-10	52.0
M03520:605:000000000-LVNKY:1:1101:5662:7877;size=82	RH.E253263309B742FZ0Z_R	100.000	26	0	2.98e-10	52.0
M03520:605:000000000-LVNKY:1:1101:22025:3927;size=81	RH.E253263309B742FZ0Z_R	100.000	26	0	2.98e-10	52.0
M03520:605:000000000-LVNKY:1:1101:22025:3927;size=81	RH.E253263309B742FZ0Z_F	100.000	26	0	2.98e-10	52.0
M03520:605:000000000-LVNKY:1:1101:14485:8904;size=80	RH.E253263309B742FZ0Z_F	100.000	26	0	2.98e-10	52.0
M03520:605:000000000-LVNKY:1:1101:14485:8904;size=80	RH.E253263309B742FZ0Z_R	100.000	26	0	2.98e-10	52.0
M03520:605:000000000-LVNKY:1:1101:15266:6350;size=80	RH.E253263309B742FZ0Z_F	100.000	26	0	2.98e-10	52.0
M03520:605:000000000-LVNKY:1:1101:15266:6350;size=80	RH.E253263309B742FZ0Z_R	100.000	24	0	4.65e-09	48.1
M03520:605:000000000-LVNKY:1:1101:27612:10794;size=79	RH.E253263309B742FZ0Z_R	100.000	26	0	2.98e-10	52.0
M03520:605:000000000-LVNKY:1:1101:27612:10794;size=79	RH.E253263309B742FZ0Z_F	100.000	26	0	2.98e-10	52.0
M03520:605:000000000-LVNKY:1:1101:27681:13768;size=79	RH.0180E4AB5822472Z0Z_R	100.000	25	0	1.18e-09	50.1
M03520:605:000000000-LVNKY:1:1101:27681:13768;size=79	RH.0180E4AB5822472Z0Z_F	100.000	23	0	1.84e-08	46.1
M03520:605:000000000-LVNKY:1:1107:12344:1900;size=79	RH.7CE39E25906745AZ0Z_R	100.000	26	0	2.98e-10	52.0
M03520:605:000000000-LVNKY:1:1107:12344:1900;size=79	RH.7CE39E25906745AZ0Z_F	100.000	25	0	1.18e-09	50.1
M03520:605:000000000-LVNKY:1:1101:16732:7994;size=76	RH.7065AAC04A2148EZ0Z_R	100.000	25	0	1.18e-09	50.1
M03520:605:000000000-LVNKY:1:1101:16732:7994;size=76	RH.7065AAC04A2148EZ0Z_F	100.000	24	0	4.65e-09	48.1
M03520:605:000000000-LVNKY:1:1101:19489:11610;size=76	RH.69CEA0AC39F4445Z0Z_F	100.000	24	0	4.65e-09	48.1
M03520:605:000000000-LVNKY:1:1101:19489:11610;size=76	RH.69CEA0AC39F4445Z0Z_R	100.000	23	0	1.84e-08	46.1
M03520:605:000000000-LVNKY:1:1101:12753:8296;size=75	RH.0C36971D26FA41BZ0Z_R	100.000	22	0	7.27e-08	44.1
M03520:605:000000000-LVNKY:1:1101:12753:8296;size=75	RH.0C36971D26FA41BZ0Z_F	100.000	22	0	7.27e-08	44.1
M03520:605:000000000-LVNKY:1:1102:6842:14188;size=75	RH.E253263309B742FZ0Z_R	100.000	26	0	2.98e-10	52.0
M03520:605:000000000-LVNKY:1:1102:6842:14188;size=75	RH.E253263309B742FZ0Z_F	100.000	26	0	2.98e-10	52.0
M03520:605:000000000-LVNKY:1:1101:10050:8336;size=73	RH.E253263309B742FZ0Z_F	100.000	26	0	2.98e-10	52.0
M03520:605:000000000-LVNKY:1:1101:10050:8336;size=73	RH.E253263309B742FZ0Z_R	100.000	26	0	2.98e-10	52.0
M03520:605:000000000-LVNKY:1:1101:14479:10956;size=73	RH.E253263309B742FZ0Z_F	100.000	26	0	2.98e-10	52.0
M03520:605:000000000-LVNKY:1:1101:14479:10956;size=73	RH.E253263309B742FZ0Z_R	96.154	26	1	7.27e-08	44.1
M03520:605:000000000-LVNKY:1:1101:26808:15092;size=73	RH.E253263309B742FZ0Z_R	100.000	26	0	2.98e-10	52.0
M03520:605:000000000-LVNKY:1:1101:26808:15092;size=73	RH.E253263309B742FZ0Z_F	100.000	26	0	2.98e-10	52.0
M03520:605:000000000-LVNKY:1:1101:27307:8929;size=73	RH.6D324B1B4164459Z0Z_F	100.000	21	0	2.87e-07	42.1
M03520:605:000000000-LVNKY:1:1101:27307:8929;size=73	RH.6D324B1B4164459Z0Z_R	100.000	21	0	2.87e-07	42.1
M03520:605:000000000-LVNKY:1:1101:14264:7578;size=72	RH.E253263309B742FZ0Z_F	100.000	26	0	2.98e-10	52.0
M03520:605:000000000-LVNKY:1:1101:14264:7578;size=72	RH.E253263309B742FZ0Z_R	100.000	24	0	4.65e-09	48.1
M03520:605:000000000-LVNKY:1:1101:6189:18717;size=72	RH.CA1E204B0C0842DZ0Z_F	100.000	26	0	2.98e-10	52.0
M03520:605:000000000-LVNKY:1:1101:6189:18717;size=72	RH.E04EE94198274F7Z0Z_F	100.000	25	0	1.18e-09	50.1
M03520:605:000000000-LVNKY:1:1101:6189:18717;size=72	RH.CA1E204B0C0842DZ0Z_R	100.000	24	0	4.65e-09	48.1
M03520:605:000000000-LVNKY:1:1101:29326:12127;size=71	RH.E253263309B742FZ0Z_R	100.000	26	0	2.98e-10	52.0
M03520:605:000000000-LVNKY:1:1101:29326:12127;size=71	RH.E253263309B742FZ0Z_F	100.000	26	0	2.98e-10	52.0
M03520:605:000000000-LVNKY:1:1101:7517:19584;size=71	RH.E253263309B742FZ0Z_F	100.000	26	0	2.98e-10	52.0
M03520:605:000000000-LVNKY:1:1101:7517:19584;size=71	RH.E253263309B742FZ0Z_R	96.154	26	1	7.27e-08	44.1
M03520:605:000000000-LVNKY:1:1102:8890:19279;size=71	RH.72B9E3F522264B3Z0Z_F	100.000	22	0	7.27e-08	44.1
M03520:605:000000000-LVNKY:1:1101:16857:1695;size=70	RH.E253263309B742FZ0Z_R	100.000	26	0	2.98e-10	52.0
M03520:605:000000000-LVNKY:1:1101:16857:1695;size=70	RH.E253263309B742FZ0Z_F	100.000	26	0	2.98e-10	52.0
M03520:605:000000000-LVNKY:1:1101:15208:4702;size=68	RH.E253263309B742FZ0Z_R	100.000	26	0	2.98e-10	52.0
M03520:605:000000000-LVNKY:1:1101:15208:4702;size=68	RH.E253263309B742FZ0Z_F	100.000	22	0	7.27e-08	44.1
M03520:605:000000000-LVNKY:1:1101:20685:14192;size=68	RH.E253263309B742FZ0Z_R	100.000	26	0	2.98e-10	52.0
M03520:605:000000000-LVNKY:1:1101:20685:14192;size=68	RH.E253263309B742FZ0Z_F	100.000	26	0	2.98e-10	52.0
M03520:605:000000000-LVNKY:1:1101:7022:10933;size=68	RH.B9EF730EBE6C436Z0Z_R	100.000	25	0	1.18e-09	50.1
M03520:605:000000000-LVNKY:1:1101:7022:10933;size=68	RH.609947B6947F457Z0Z_F	100.000	21	0	2.87e-07	42.1
M03520:605:000000000-LVNKY:1:1101:7022:10933;size=68	RH.A12CDF2B5C80436Z0Z_R	100.000	20	0	1.13e-06	40.1
M03520:605:000000000-LVNKY:1:1101:6633:5660;size=67	RH.E253263309B742FZ0Z_R	100.000	26	0	2.98e-10	52.0
M03520:605:000000000-LVNKY:1:1101:6633:5660;size=67	RH.E253263309B742FZ0Z_F	100.000	25	0	1.18e-09	50.1
M03520:605:000000000-LVNKY:1:1101:12928:8434;size=66	RH.30AADA7B15FF458Z0Z_R	100.000	25	0	1.18e-09	50.1
M03520:605:000000000-LVNKY:1:1101:12928:8434;size=66	RH.30AADA7B15FF458Z0Z_F	100.000	24	0	4.65e-09	48.1
M03520:605:000000000-LVNKY:1:1101:19183:25255;size=66	RH.E253263309B742FZ0Z_F	100.000	26	0	2.98e-10	52.0
M03520:605:000000000-LVNKY:1:1101:19183:25255;size=66	RH.E253263309B742FZ0Z_R	100.000	22	0	7.27e-08	44.1
M03520:605:000000000-LVNKY:1:1101:14521:10676;size=65	RH.EC6296CB62D84DBZ0Z_R	100.000	23	0	1.84e-08	46.1
M03520:605:000000000-LVNKY:1:1101:14521:10676;size=65	RH.EC6296CB62D84DBZ0Z_F	100.000	23	0	1.84e-08	46.1
M03520:605:000000000-LVNKY:1:1101:15357:7184;size=64	RH.E253263309B742FZ0Z_F	100.000	26	0	2.98e-10	52.0
M03520:605:000000000-LVNKY:1:1101:15357:7184;size=64	RH.E253263309B742FZ0Z_R	100.000	26	0	2.98e-10	52.0
M03520:605:000000000-LVNKY:1:1101:19275:4445;size=64	RH.E253263309B742FZ0Z_R	100.000	26	0	2.98e-10	52.0
M03520:605:000000000-LVNKY:1:1101:19275:4445;size=64	RH.E253263309B742FZ0Z_F	96.154	26	1	7.27e-08	44.1
M03520:605:000000000-LVNKY:1:1101:21011:12143;size=63	RH.25F43EF2A0F1421Z0Z_F	100.000	24	0	4.65e-09	48.1
M03520:605:000000000-LVNKY:1:1101:21011:12143;size=63	RH.25F43EF2A0F1421Z0Z_R	100.000	23	0	1.84e-08	46.1
M03520:605:000000000-LVNKY:1:1101:15610:3859;size=62	RH.B9EF730EBE6C436Z0Z_R	100.000	25	0	1.18e-09	50.1
M03520:605:000000000-LVNKY:1:1101:15610:3859;size=62	RH.3B2B2BB86AB94D3Z0Z_F	100.000	21	0	2.87e-07	42.1
M03520:605:000000000-LVNKY:1:1101:15610:3859;size=62	RH.64613722763148BZ0Z_R	100.000	19	0	4.48e-06	38.2
M03520:605:000000000-LVNKY:1:1101:16708:13018;size=62	RH.321690A69B1C40DZ0Z_R	100.000	22	0	7.27e-08	44.1
M03520:605:000000000-LVNKY:1:1101:16708:13018;size=62	RH.321690A69B1C40DZ0Z_F	100.000	21	0	2.87e-07	42.1
M03520:605:000000000-LVNKY:1:1107:18264:1963;size=62	RH.B9EF730EBE6C436Z0Z_F	100.000	25	0	1.18e-09	50.1
M03520:605:000000000-LVNKY:1:1107:18264:1963;size=62	RH.B9EF730EBE6C436Z0Z_R	96.000	25	1	2.87e-07	42.1
M03520:605:000000000-LVNKY:1:1101:15973:6053;size=61	RH.E253263309B742FZ0Z_R	100.000	26	0	2.98e-10	52.0
M03520:605:000000000-LVNKY:1:1101:15973:6053;size=61	RH.E253263309B742FZ0Z_F	100.000	26	0	2.98e-10	52.0
M03520:605:000000000-LVNKY:1:1101:22447:13108;size=61	RH.78B83B8D6A224B1Z0Z_R	100.000	23	0	1.84e-08	46.1
M03520:605:000000000-LVNKY:1:1101:22447:13108;size=61	RH.78B83B8D6A224B1Z0Z_F	100.000	22	0	7.27e-08	44.1
M03520:605:000000000-LVNKY:1:1102:29107:13455;size=61	RH.E253263309B742FZ0Z_R	100.000	26	0	2.98e-10	52.0
M03520:605:000000000-LVNKY:1:1102:29107:13455;size=61	RH.E253263309B742FZ0Z_F	100.000	26	0	2.98e-10	52.0
M03520:605:000000000-LVNKY:1:1108:20731:11662;size=61	RH.6408CE975B5340AZ0Z_F	100.000	26	0	2.98e-10	52.0
M03520:605:000000000-LVNKY:1:1108:20731:11662;size=61	RH.6408CE975B5340AZ0Z_R	96.154	26	1	7.27e-08	44.1
M03520:605:000000000-LVNKY:1:1101:16795:9970;size=60	RH.E253263309B742FZ0Z_R	100.000	26	0	2.98e-10	52.0
M03520:605:000000000-LVNKY:1:1101:16795:9970;size=60	RH.E253263309B742FZ0Z_F	96.154	26	1	7.27e-08	44.1
M03520:605:000000000-LVNKY:1:1101:10627:14884;size=59	RH.E253263309B742FZ0Z_F	100.000	26	0	2.98e-10	52.0
M03520:605:000000000-LVNKY:1:1101:10627:14884;size=59	RH.E253263309B742FZ0Z_R	96.154	26	1	7.27e-08	44.1
M03520:605:000000000-LVNKY:1:1101:28349:18905;size=57	RH.E253263309B742FZ0Z_F	100.000	26	0	2.98e-10	52.0
M03520:605:000000000-LVNKY:1:1101:28349:18905;size=57	RH.E253263309B742FZ0Z_R	100.000	26	0	2.98e-10	52.0
M03520:605:000000000-LVNKY:1:1101:3499:16804;size=57	RH.6408CE975B5340AZ0Z_R	100.000	26	0	2.98e-10	52.0
M03520:605:000000000-LVNKY:1:1101:3499:16804;size=57	RH.6408CE975B5340AZ0Z_F	100.000	26	0	2.98e-10	52.0
M03520:605:000000000-LVNKY:1:1101:20708:6549;size=55	RH.094E5466924B45EZ0Z_F	100.000	26	0	2.98e-10	52.0
M03520:605:000000000-LVNKY:1:1101:20708:6549;size=55	RH.094E5466924B45EZ0Z_R	100.000	25	0	1.18e-09	50.1
M03520:605:000000000-LVNKY:1:1101:21236:20605;size=55	RH.E253263309B742FZ0Z_F	100.000	26	0	2.98e-10	52.0
M03520:605:000000000-LVNKY:1:1101:21236:20605;size=55	RH.E253263309B742FZ0Z_R	100.000	26	0	2.98e-10	52.0
M03520:605:000000000-LVNKY:1:1107:20398:2435;size=55	RH.51338FA06EDB4F0Z0Z_R	100.000	25	0	1.18e-09	50.1
M03520:605:000000000-LVNKY:1:1107:20398:2435;size=55	RH.51338FA06EDB4F0Z0Z_F	100.000	25	0	1.18e-09	50.1
M03520:605:000000000-LVNKY:1:1101:11801:12719;size=54	RH.E253263309B742FZ0Z_R	100.000	26	0	2.98e-10	52.0
M03520:605:000000000-LVNKY:1:1101:11801:12719;size=54	RH.E253263309B742FZ0Z_F	100.000	26	0	2.98e-10	52.0
M03520:605:000000000-LVNKY:1:1101:23287:4471;size=54	RH.E253263309B742FZ0Z_F	100.000	26	0	2.98e-10	52.0
M03520:605:000000000-LVNKY:1:1101:23287:4471;size=54	RH.E253263309B742FZ0Z_R	100.000	23	0	1.84e-08	46.1
M03520:605:000000000-LVNKY:1:1101:27326:11711;size=54	RH.E253263309B742FZ0Z_F	100.000	26	0	2.98e-10	52.0
M03520:605:000000000-LVNKY:1:1101:27326:11711;size=54	RH.E253263309B742FZ0Z_R	100.000	26	0	2.98e-10	52.0
M03520:605:000000000-LVNKY:1:1101:4464:9260;size=54	RH.E253263309B742FZ0Z_R	100.000	26	0	2.98e-10	52.0
M03520:605:000000000-LVNKY:1:1101:4464:9260;size=54	RH.E253263309B742FZ0Z_F	100.000	26	0	2.98e-10	52.0
M03520:605:000000000-LVNKY:1:1101:22779:15569;size=53	RH.E253263309B742FZ0Z_F	100.000	26	0	2.98e-10	52.0
M03520:605:000000000-LVNKY:1:1101:22779:15569;size=53	RH.E253263309B742FZ0Z_R	100.000	26	0	2.98e-10	52.0
M03520:605:000000000-LVNKY:1:1102:4944:16074;size=53	RH.E253263309B742FZ0Z_R	100.000	26	0	2.98e-10	52.0
M03520:605:000000000-LVNKY:1:1102:4944:16074;size=53	RH.E253263309B742FZ0Z_F	100.000	23	0	1.84e-08	46.1
M03520:605:000000000-LVNKY:1:1101:10168:14486;size=50	RH.E253263309B742FZ0Z_R	100.000	26	0	2.98e-10	52.0
M03520:605:000000000-LVNKY:1:1101:10168:14486;size=50	RH.E253263309B742FZ0Z_F	100.000	26	0	2.98e-10	52.0
M03520:605:000000000-LVNKY:1:1107:12783:2248;size=50	RH.72B9E3F522264B3Z0Z_F	100.000	22	0	7.27e-08	44.1
M03520:605:000000000-LVNKY:1:1107:9911:2793;size=50	RH.7CE39E25906745AZ0Z_R	100.000	26	0	2.98e-10	52.0
M03520:605:000000000-LVNKY:1:1107:9911:2793;size=50	RH.7CE39E25906745AZ0Z_F	100.000	25	0	1.18e-09	50.1
M03520:605:000000000-LVNKY:1:1101:23756:6910;size=49	RH.5F6424ABBC3C47BZ0Z_F	100.000	25	0	1.18e-09	50.1
M03520:605:000000000-LVNKY:1:1101:26464:9350;size=49	RH.77AF146DFCE1428Z0Z_R	100.000	24	0	4.65e-09	48.1
M03520:605:000000000-LVNKY:1:1101:26464:9350;size=49	RH.77AF146DFCE1428Z0Z_F	100.000	23	0	1.84e-08	46.1
M03520:605:000000000-LVNKY:1:1101:4010:11857;size=49	RH.E253263309B742FZ0Z_R	100.000	26	0	2.98e-10	52.0
M03520:605:000000000-LVNKY:1:1101:4010:11857;size=49	RH.E253263309B742FZ0Z_F	96.154	26	1	7.27e-08	44.1
M03520:605:000000000-LVNKY:1:1102:19890:21484;size=49	RH.E253263309B742FZ0Z_R	100.000	26	0	2.98e-10	52.0
M03520:605:000000000-LVNKY:1:1102:19890:21484;size=49	RH.E253263309B742FZ0Z_F	100.000	26	0	2.98e-10	52.0
M03520:605:000000000-LVNKY:1:1101:12897:10474;size=48	RH.E253263309B742FZ0Z_F	100.000	26	0	2.98e-10	52.0
M03520:605:000000000-LVNKY:1:1101:12897:10474;size=48	RH.E253263309B742FZ0Z_R	96.154	26	1	7.27e-08	44.1
M03520:605:000000000-LVNKY:1:1101:16969:8413;size=48	RH.E253263309B742FZ0Z_R	100.000	26	0	2.98e-10	52.0
M03520:605:000000000-LVNKY:1:1101:16969:8413;size=48	RH.E253263309B742FZ0Z_F	96.154	26	1	7.27e-08	44.1
M03520:605:000000000-LVNKY:1:1101:21717:3059;size=48	RH.E253263309B742FZ0Z_F	100.000	26	0	2.98e-10	52.0
M03520:605:000000000-LVNKY:1:1101:21717:3059;size=48	RH.E253263309B742FZ0Z_R	96.154	26	1	7.27e-08	44.1
M03520:605:000000000-LVNKY:1:1101:22723:6413;size=48	RH.E50C44E6F0174B8Z0Z_F	100.000	22	0	7.27e-08	44.1
M03520:605:000000000-LVNKY:1:1101:22723:6413;size=48	RH.E50C44E6F0174B8Z0Z_R	100.000	22	0	7.27e-08	44.1
M03520:605:000000000-LVNKY:1:1101:6576:11090;size=48	RH.AD51C83F68EC43DZ0Z_F	100.000	23	0	1.84e-08	46.1
M03520:605:000000000-LVNKY:1:1101:6576:11090;size=48	RH.AD51C83F68EC43DZ0Z_R	100.000	21	0	2.87e-07	42.1
M03520:605:000000000-LVNKY:1:1101:10408:8679;size=47	RH.E253263309B742FZ0Z_R	100.000	26	0	2.98e-10	52.0
M03520:605:000000000-LVNKY:1:1101:10408:8679;size=47	RH.E253263309B742FZ0Z_F	100.000	24	0	4.65e-09	48.1
M03520:605:000000000-LVNKY:1:1101:10416:3640;size=47	RH.E253263309B742FZ0Z_R	100.000	26	0	2.98e-10	52.0
M03520:605:000000000-LVNKY:1:1101:10416:3640;size=47	RH.E253263309B742FZ0Z_F	100.000	26	0	2.98e-10	52.0
M03520:605:000000000-LVNKY:1:1101:28223:10419;size=47	RH.B5A2E3C1CC8E44AZ0Z_F	100.000	23	0	1.84e-08	46.1
M03520:605:000000000-LVNKY:1:1101:28223:10419;size=47	RH.B5A2E3C1CC8E44AZ0Z_R	100.000	22	0	7.27e-08	44.1
M03520:605:000000000-LVNKY:1:1102:13660:17967;size=47	RH.E253263309B742FZ0Z_F	100.000	26	0	2.98e-10	52.0
M03520:605:000000000-LVNKY:1:1102:13660:17967;size=47	RH.E253263309B742FZ0Z_R	100.000	26	0	2.98e-10	52.0
M03520:605:000000000-LVNKY:1:1102:16229:13842;size=47	RH.85A5303CAAF54ADZ0Z_R	100.000	22	0	7.27e-08	44.1
M03520:605:000000000-LVNKY:1:1102:16229:13842;size=47	RH.85A5303CAAF54ADZ0Z_F	100.000	21	0	2.87e-07	42.1
M03520:605:000000000-LVNKY:1:1102:20642:3768;size=47	RH.2FAAAF0B6CBD407Z0Z_R	100.000	23	0	1.84e-08	46.1
M03520:605:000000000-LVNKY:1:1102:20642:3768;size=47	RH.2FAAAF0B6CBD407Z0Z_F	100.000	22	0	7.27e-08	44.1
M03520:605:000000000-LVNKY:1:1101:24681:7372;size=46	RH.E253263309B742FZ0Z_R	100.000	26	0	2.98e-10	52.0
M03520:605:000000000-LVNKY:1:1101:24681:7372;size=46	RH.E253263309B742FZ0Z_F	100.000	26	0	2.98e-10	52.0
M03520:605:000000000-LVNKY:1:1101:8800:10481;size=46	RH.E253263309B742FZ0Z_F	100.000	26	0	2.98e-10	52.0
M03520:605:000000000-LVNKY:1:1101:8800:10481;size=46	RH.E253263309B742FZ0Z_R	100.000	26	0	2.98e-10	52.0
M03520:605:000000000-LVNKY:1:1101:9891:6424;size=46	RH.E253263309B742FZ0Z_R	100.000	26	0	2.98e-10	52.0
M03520:605:000000000-LVNKY:1:1101:9891:6424;size=46	RH.E253263309B742FZ0Z_F	96.154	26	1	7.27e-08	44.1
M03520:605:000000000-LVNKY:1:1101:20131:4238;size=44	RH.6408CE975B5340AZ0Z_R	100.000	26	0	2.98e-10	52.0
M03520:605:000000000-LVNKY:1:1101:20131:4238;size=44	RH.6408CE975B5340AZ0Z_F	100.000	26	0	2.98e-10	52.0
M03520:605:000000000-LVNKY:1:1101:8932:16957;size=44	RH.E253263309B742FZ0Z_F	100.000	26	0	2.98e-10	52.0
M03520:605:000000000-LVNKY:1:1101:8932:16957;size=44	RH.E253263309B742FZ0Z_R	96.154	26	1	7.27e-08	44.1
M03520:605:000000000-LVNKY:1:1102:8714:26982;size=44	RH.B2A7FEFE5F5C48AZ0Z_F	100.000	24	0	4.65e-09	48.1
M03520:605:000000000-LVNKY:1:1102:8714:26982;size=44	RH.B2A7FEFE5F5C48AZ0Z_R	100.000	23	0	1.84e-08	46.1
M03520:605:000000000-LVNKY:1:1101:17110:13139;size=43	RH.2A8AD21024974C0Z0Z_F	100.000	26	0	2.98e-10	52.0
M03520:605:000000000-LVNKY:1:1101:19523:11290;size=43	RH.E253263309B742FZ0Z_R	100.000	26	0	2.98e-10	52.0
M03520:605:000000000-LVNKY:1:1101:19523:11290;size=43	RH.E253263309B742FZ0Z_F	100.000	26	0	2.98e-10	52.0
M03520:605:000000000-LVNKY:1:1101:22812:5626;size=43	RH.6408CE975B5340AZ0Z_R	100.000	26	0	2.98e-10	52.0
M03520:605:000000000-LVNKY:1:1101:22812:5626;size=43	RH.6408CE975B5340AZ0Z_F	100.000	26	0	2.98e-10	52.0
M03520:605:000000000-LVNKY:1:1101:5597:16393;size=43	RH.5F6424ABBC3C47BZ0Z_F	100.000	25	0	1.18e-09	50.1
M03520:605:000000000-LVNKY:1:1103:13504:12752;size=43	RH.0E12152EC5E54F0Z0Z_F	100.000	24	0	4.65e-09	48.1
M03520:605:000000000-LVNKY:1:1103:13504:12752;size=43	RH.0E12152EC5E54F0Z0Z_R	100.000	23	0	1.84e-08	46.1
M03520:605:000000000-LVNKY:1:1107:17885:3968;size=43	RH.72B9E3F522264B3Z0Z_F	100.000	22	0	7.27e-08	44.1
M03520:605:000000000-LVNKY:1:1107:17885:3968;size=43	RH.72B9E3F522264B3Z0Z_R	100.000	20	0	1.13e-06	40.1
M03520:605:000000000-LVNKY:1:1101:11223:5160;size=42	RH.E253263309B742FZ0Z_F	100.000	26	0	2.98e-10	52.0
M03520:605:000000000-LVNKY:1:1101:11223:5160;size=42	RH.E253263309B742FZ0Z_R	96.154	26	1	7.27e-08	44.1
M03520:605:000000000-LVNKY:1:1101:22199:20078;size=42	RH.72B9E3F522264B3Z0Z_F	100.000	22	0	7.27e-08	44.1
M03520:605:000000000-LVNKY:1:1101:22199:20078;size=42	RH.72B9E3F522264B3Z0Z_R	100.000	20	0	1.13e-06	40.1
M03520:605:000000000-LVNKY:1:1101:26325:15640;size=42	RH.E253263309B742FZ0Z_F	100.000	26	0	2.98e-10	52.0
M03520:605:000000000-LVNKY:1:1101:26325:15640;size=42	RH.E253263309B742FZ0Z_R	100.000	26	0	2.98e-10	52.0
M03520:605:000000000-LVNKY:1:1103:9414:20608;size=42	RH.E253263309B742FZ0Z_R	100.000	26	0	2.98e-10	52.0
M03520:605:000000000-LVNKY:1:1103:9414:20608;size=42	RH.E253263309B742FZ0Z_F	100.000	22	0	7.27e-08	44.1
M03520:605:000000000-LVNKY:1:1101:20750:15204;size=41	RH.6572108A164E48EZ0Z_F	100.000	24	0	4.65e-09	48.1
M03520:605:000000000-LVNKY:1:1101:26300:22344;size=41	RH.E253263309B742FZ0Z_R	100.000	26	0	2.98e-10	52.0
M03520:605:000000000-LVNKY:1:1101:26300:22344;size=41	RH.E253263309B742FZ0Z_F	100.000	26	0	2.98e-10	52.0
M03520:605:000000000-LVNKY:1:1101:6153:10922;size=41	RH.E253263309B742FZ0Z_F	100.000	26	0	2.98e-10	52.0
M03520:605:000000000-LVNKY:1:1101:6153:10922;size=41	RH.E253263309B742FZ0Z_R	100.000	26	0	2.98e-10	52.0
M03520:605:000000000-LVNKY:1:1102:17994:2056;size=41	RH.BC5098DD1C484D4Z0Z_R	100.000	23	0	1.84e-08	46.1
M03520:605:000000000-LVNKY:1:1102:17994:2056;size=41	RH.BC5098DD1C484D4Z0Z_F	100.000	22	0	7.27e-08	44.1
M03520:605:000000000-LVNKY:1:1107:13394:1671;size=41	RH.72B9E3F522264B3Z0Z_F	100.000	22	0	7.27e-08	44.1
M03520:605:000000000-LVNKY:1:1107:13394:1671;size=41	RH.72B9E3F522264B3Z0Z_R	100.000	20	0	1.13e-06	40.1
M03520:605:000000000-LVNKY:1:1101:10326:18362;size=40	RH.25F43EF2A0F1421Z0Z_F	100.000	24	0	4.65e-09	48.1
M03520:605:000000000-LVNKY:1:1101:17269:4688;size=40	RH.E253263309B742FZ0Z_F	100.000	26	0	2.98e-10	52.0
M03520:605:000000000-LVNKY:1:1101:17269:4688;size=40	RH.E253263309B742FZ0Z_R	100.000	26	0	2.98e-10	52.0
M03520:605:000000000-LVNKY:1:1101:18772:11228;size=40	RH.E253263309B742FZ0Z_R	100.000	26	0	2.98e-10	52.0
M03520:605:000000000-LVNKY:1:1101:18772:11228;size=40	RH.E253263309B742FZ0Z_F	100.000	26	0	2.98e-10	52.0
M03520:605:000000000-LVNKY:1:1101:18918:24254;size=40	RH.27578A9A85FA4A3Z0Z_F	100.000	24	0	4.65e-09	48.1
M03520:605:000000000-LVNKY:1:1101:18918:24254;size=40	RH.27578A9A85FA4A3Z0Z_R	100.000	22	0	7.27e-08	44.1
M03520:605:000000000-LVNKY:1:1101:21895:10332;size=40	RH.0096A141894D447Z0Z_F	100.000	24	0	4.65e-09	48.1
M03520:605:000000000-LVNKY:1:1102:17161:20564;size=40	RH.E253263309B742FZ0Z_R	100.000	26	0	2.98e-10	52.0
M03520:605:000000000-LVNKY:1:1102:17161:20564;size=40	RH.E253263309B742FZ0Z_F	100.000	26	0	2.98e-10	52.0
M03520:605:000000000-LVNKY:1:1101:17783:14635;size=39	RH.38A1B8CF9D5C4D1Z0Z_R	100.000	23	0	1.84e-08	46.1
M03520:605:000000000-LVNKY:1:1101:17783:14635;size=39	RH.B653F449126B4A1Z0Z_F	100.000	21	0	2.87e-07	42.1
M03520:605:000000000-LVNKY:1:1101:18823:8780;size=39	RH.2091F326F74640CZ0Z_F	100.000	24	0	4.65e-09	48.1
M03520:605:000000000-LVNKY:1:1101:18823:8780;size=39	RH.2091F326F74640CZ0Z_R	100.000	22	0	7.27e-08	44.1
M03520:605:000000000-LVNKY:1:1101:21996:10838;size=39	RH.E253263309B742FZ0Z_R	100.000	26	0	2.98e-10	52.0
M03520:605:000000000-LVNKY:1:1101:21996:10838;size=39	RH.E253263309B742FZ0Z_F	96.154	26	1	7.27e-08	44.1
M03520:605:000000000-LVNKY:1:1102:5455:13724;size=39	RH.E253263309B742FZ0Z_R	100.000	26	0	2.98e-10	52.0
M03520:605:000000000-LVNKY:1:1102:5455:13724;size=39	RH.E253263309B742FZ0Z_F	96.154	26	1	7.27e-08	44.1
M03520:605:000000000-LVNKY:1:1102:9328:22978;size=39	RH.E253263309B742FZ0Z_F	100.000	26	0	2.98e-10	52.0
M03520:605:000000000-LVNKY:1:1102:9328:22978;size=39	RH.E253263309B742FZ0Z_R	100.000	23	0	1.84e-08	46.1
M03520:605:000000000-LVNKY:1:1101:7865:5065;size=38	RH.E253263309B742FZ0Z_F	100.000	26	0	2.98e-10	52.0
M03520:605:000000000-LVNKY:1:1101:7865:5065;size=38	RH.E253263309B742FZ0Z_R	96.154	26	1	7.27e-08	44.1
M03520:605:000000000-LVNKY:1:1102:6202:19811;size=38	RH.E253263309B742FZ0Z_F	100.000	26	0	2.98e-10	52.0
M03520:605:000000000-LVNKY:1:1102:6202:19811;size=38	RH.E253263309B742FZ0Z_R	96.154	26	1	7.27e-08	44.1
M03520:605:000000000-LVNKY:1:1107:19144:1853;size=38	RH.2AFFFBA0E81C482Z0Z_F	100.000	23	0	1.84e-08	46.1
M03520:605:000000000-LVNKY:1:1107:19144:1853;size=38	RH.2AFFFBA0E81C482Z0Z_R	100.000	23	0	1.84e-08	46.1
M03520:605:000000000-LVNKY:1:1101:2626:13621;size=37	RH.E253263309B742FZ0Z_R	100.000	26	0	2.98e-10	52.0
M03520:605:000000000-LVNKY:1:1101:2626:13621;size=37	RH.E253263309B742FZ0Z_F	100.000	26	0	2.98e-10	52.0
M03520:605:000000000-LVNKY:1:1101:5377:12262;size=37	RH.E253263309B742FZ0Z_R	100.000	26	0	2.98e-10	52.0
M03520:605:000000000-LVNKY:1:1101:5377:12262;size=37	RH.E253263309B742FZ0Z_F	100.000	26	0	2.98e-10	52.0
M03520:605:000000000-LVNKY:1:1102:24149:9348;size=37	RH.6DE797B0D3F544DZ0Z_F	100.000	26	0	2.98e-10	52.0
M03520:605:000000000-LVNKY:1:1101:21509:8945;size=36	RH.B9EF730EBE6C436Z0Z_R	100.000	25	0	1.18e-09	50.1
M03520:605:000000000-LVNKY:1:1101:21509:8945;size=36	RH.B9EF730EBE6C436Z0Z_F	100.000	25	0	1.18e-09	50.1
M03520:605:000000000-LVNKY:1:1101:22654:10563;size=36	RH.E253263309B742FZ0Z_R	100.000	26	0	2.98e-10	52.0
M03520:605:000000000-LVNKY:1:1101:22654:10563;size=36	RH.E253263309B742FZ0Z_F	100.000	26	0	2.98e-10	52.0
M03520:605:000000000-LVNKY:1:1101:4944:18327;size=36	RH.E253263309B742FZ0Z_R	100.000	26	0	2.98e-10	52.0
M03520:605:000000000-LVNKY:1:1101:4944:18327;size=36	RH.E253263309B742FZ0Z_F	100.000	26	0	2.98e-10	52.0
M03520:605:000000000-LVNKY:1:1102:17021:16834;size=36	RH.E253263309B742FZ0Z_R	100.000	26	0	2.98e-10	52.0
M03520:605:000000000-LVNKY:1:1102:17021:16834;size=36	RH.E253263309B742FZ0Z_F	100.000	26	0	2.98e-10	52.0
M03520:605:000000000-LVNKY:1:1101:13569:2466;size=35	RH.E253263309B742FZ0Z_R	100.000	26	0	2.98e-10	52.0
M03520:605:000000000-LVNKY:1:1101:13569:2466;size=35	RH.E253263309B742FZ0Z_F	96.154	26	1	7.27e-08	44.1
M03520:605:000000000-LVNKY:1:1102:15644:3615;size=35	RH.6408CE975B5340AZ0Z_R	100.000	26	0	2.98e-10	52.0
M03520:605:000000000-LVNKY:1:1102:15644:3615;size=35	RH.6408CE975B5340AZ0Z_F	100.000	26	0	2.98e-10	52.0
M03520:605:000000000-LVNKY:1:1102:19289:20900;size=35	RH.0096A141894D447Z0Z_F	100.000	24	0	4.65e-09	48.1
M03520:605:000000000-LVNKY:1:1102:19289:20900;size=35	RH.0096A141894D447Z0Z_R	100.000	21	0	2.87e-07	42.1
M03520:605:000000000-LVNKY:1:1102:19410:11063;size=35	RH.6408CE975B5340AZ0Z_R	100.000	26	0	2.98e-10	52.0
M03520:605:000000000-LVNKY:1:1102:19410:11063;size=35	RH.6408CE975B5340AZ0Z_F	100.000	26	0	2.98e-10	52.0
M03520:605:000000000-LVNKY:1:1102:20760:11395;size=35	RH.2A85EAE5DEAD471Z0Z_F	100.000	25	0	1.18e-09	50.1
M03520:605:000000000-LVNKY:1:1102:20760:11395;size=35	RH.2A85EAE5DEAD471Z0Z_R	96.000	25	1	2.87e-07	42.1
M03520:605:000000000-LVNKY:1:1102:27037:10283;size=35	RH.72B9E3F522264B3Z0Z_F	100.000	22	0	7.27e-08	44.1
M03520:605:000000000-LVNKY:1:1102:27037:10283;size=35	RH.72B9E3F522264B3Z0Z_R	100.000	20	0	1.13e-06	40.1
M03520:605:000000000-LVNKY:1:1102:7893:9726;size=35	RH.1C17A84686A7401Z0Z_F	100.000	22	0	7.27e-08	44.1
M03520:605:000000000-LVNKY:1:1102:7893:9726;size=35	RH.25F43EF2A0F1421Z0Z_R	100.000	20	0	1.13e-06	40.1
M03520:605:000000000-LVNKY:1:1101:12829:13461;size=34	RH.B9EF730EBE6C436Z0Z_R	100.000	25	0	1.18e-09	50.1
M03520:605:000000000-LVNKY:1:1101:12829:13461;size=34	RH.609947B6947F457Z0Z_F	100.000	21	0	2.87e-07	42.1
M03520:605:000000000-LVNKY:1:1101:12829:13461;size=34	RH.A12CDF2B5C80436Z0Z_R	100.000	20	0	1.13e-06	40.1
M03520:605:000000000-LVNKY:1:1101:14290:6580;size=34	RH.E253263309B742FZ0Z_R	100.000	26	0	2.98e-10	52.0
M03520:605:000000000-LVNKY:1:1101:14290:6580;size=34	RH.E253263309B742FZ0Z_F	100.000	26	0	2.98e-10	52.0
M03520:605:000000000-LVNKY:1:1101:14851:19127;size=34	RH.E253263309B742FZ0Z_R	100.000	26	0	2.98e-10	52.0
M03520:605:000000000-LVNKY:1:1101:14851:19127;size=34	RH.E253263309B742FZ0Z_F	96.154	26	1	7.27e-08	44.1
M03520:605:000000000-LVNKY:1:1101:23621:8706;size=34	RH.E253263309B742FZ0Z_R	100.000	26	0	2.98e-10	52.0
M03520:605:000000000-LVNKY:1:1101:23621:8706;size=34	RH.E253263309B742FZ0Z_F	100.000	26	0	2.98e-10	52.0
M03520:605:000000000-LVNKY:1:1102:12343:2029;size=34	RH.E253263309B742FZ0Z_R	100.000	26	0	2.98e-10	52.0
M03520:605:000000000-LVNKY:1:1102:12343:2029;size=34	RH.E253263309B742FZ0Z_F	100.000	26	0	2.98e-10	52.0
M03520:605:000000000-LVNKY:1:1104:28063:21682;size=34	RH.E253263309B742FZ0Z_R	100.000	26	0	2.98e-10	52.0
M03520:605:000000000-LVNKY:1:1104:28063:21682;size=34	RH.E253263309B742FZ0Z_F	100.000	26	0	2.98e-10	52.0
M03520:605:000000000-LVNKY:1:1101:18838:6163;size=33	RH.B653F449126B4A1Z0Z_F	100.000	23	0	1.84e-08	46.1
M03520:605:000000000-LVNKY:1:1101:18838:6163;size=33	RH.B653F449126B4A1Z0Z_R	100.000	21	0	2.87e-07	42.1
M03520:605:000000000-LVNKY:1:1101:22821:15653;size=33	RH.2FAAAF0B6CBD407Z0Z_R	100.000	23	0	1.84e-08	46.1
M03520:605:000000000-LVNKY:1:1101:22821:15653;size=33	RH.2FAAAF0B6CBD407Z0Z_F	100.000	22	0	7.27e-08	44.1
M03520:605:000000000-LVNKY:1:1101:24982:20881;size=33	RH.B9EF730EBE6C436Z0Z_R	100.000	25	0	1.18e-09	50.1
M03520:605:000000000-LVNKY:1:1101:24982:20881;size=33	RH.3B2B2BB86AB94D3Z0Z_F	100.000	21	0	2.87e-07	42.1
M03520:605:000000000-LVNKY:1:1101:24982:20881;size=33	RH.64613722763148BZ0Z_R	100.000	19	0	4.48e-06	38.2
M03520:605:000000000-LVNKY:1:1103:12210:3954;size=33	RH.0BD19D1A26A74EBZ0Z_F	100.000	25	0	1.18e-09	50.1
M03520:605:000000000-LVNKY:1:1103:12210:3954;size=33	RH.0BD19D1A26A74EBZ0Z_R	100.000	24	0	4.65e-09	48.1
M03520:605:000000000-LVNKY:1:1103:18350:11242;size=33	RH.E253263309B742FZ0Z_R	100.000	26	0	2.98e-10	52.0
M03520:605:000000000-LVNKY:1:1103:18350:11242;size=33	RH.E253263309B742FZ0Z_F	100.000	26	0	2.98e-10	52.0
M03520:605:000000000-LVNKY:1:1101:12567:7282;size=32	RH.F3CB70E6BDD6435Z0Z_R	100.000	20	0	1.13e-06	40.1
M03520:605:000000000-LVNKY:1:1101:12876:13396;size=32	RH.7C3D657FDC54468Z0Z_R	100.000	22	0	7.27e-08	44.1
M03520:605:000000000-LVNKY:1:1101:12876:13396;size=32	RH.098C2C0732D843BZ0Z_F	100.000	22	0	7.27e-08	44.1
M03520:605:000000000-LVNKY:1:1101:15460:10056;size=32	RH.0550AF0F57084ADZ0Z_F	100.000	24	0	4.65e-09	48.1
M03520:605:000000000-LVNKY:1:1101:15460:10056;size=32	RH.0550AF0F57084ADZ0Z_R	100.000	22	0	7.27e-08	44.1
M03520:605:000000000-LVNKY:1:1101:15837:14850;size=32	RH.2A85EAE5DEAD471Z0Z_R	100.000	25	0	1.18e-09	50.1
M03520:605:000000000-LVNKY:1:1101:15837:14850;size=32	RH.2A85EAE5DEAD471Z0Z_F	100.000	25	0	1.18e-09	50.1
M03520:605:000000000-LVNKY:1:1101:18207:3166;size=32	RH.E253263309B742FZ0Z_R	100.000	26	0	2.98e-10	52.0
M03520:605:000000000-LVNKY:1:1101:18207:3166;size=32	RH.E253263309B742FZ0Z_F	96.154	26	1	7.27e-08	44.1
M03520:605:000000000-LVNKY:1:1102:13454:11234;size=32	RH.E253263309B742FZ0Z_F	100.000	26	0	2.98e-10	52.0
M03520:605:000000000-LVNKY:1:1102:13454:11234;size=32	RH.E253263309B742FZ0Z_R	100.000	22	0	7.27e-08	44.1
M03520:605:000000000-LVNKY:1:1102:5509:16478;size=32	RH.E253263309B742FZ0Z_R	100.000	26	0	2.98e-10	52.0
M03520:605:000000000-LVNKY:1:1102:5509:16478;size=32	RH.E253263309B742FZ0Z_F	100.000	25	0	1.18e-09	50.1
M03520:605:000000000-LVNKY:1:1103:28262:9868;size=32	RH.E253263309B742FZ0Z_R	100.000	26	0	2.98e-10	52.0
M03520:605:000000000-LVNKY:1:1103:28262:9868;size=32	RH.E253263309B742FZ0Z_F	100.000	26	0	2.98e-10	52.0
M03520:605:000000000-LVNKY:1:1107:18025:2129;size=32	RH.0096A141894D447Z0Z_F	100.000	24	0	4.65e-09	48.1
M03520:605:000000000-LVNKY:1:1107:18025:2129;size=32	RH.0096A141894D447Z0Z_R	100.000	21	0	2.87e-07	42.1
M03520:605:000000000-LVNKY:1:1101:20876:25355;size=31	RH.6408CE975B5340AZ0Z_R	100.000	26	0	2.98e-10	52.0
M03520:605:000000000-LVNKY:1:1101:20876:25355;size=31	RH.6408CE975B5340AZ0Z_F	100.000	26	0	2.98e-10	52.0
M03520:605:000000000-LVNKY:1:1102:19902:7217;size=31	RH.E253263309B742FZ0Z_R	100.000	26	0	2.98e-10	52.0
M03520:605:000000000-LVNKY:1:1102:19902:7217;size=31	RH.E253263309B742FZ0Z_F	100.000	26	0	2.98e-10	52.0
M03520:605:000000000-LVNKY:1:1102:24024:4437;size=31	RH.E253263309B742FZ0Z_R	100.000	26	0	2.98e-10	52.0
M03520:605:000000000-LVNKY:1:1102:24024:4437;size=31	RH.E253263309B742FZ0Z_F	100.000	26	0	2.98e-10	52.0
M03520:605:000000000-LVNKY:1:1101:13303:12623;size=30	RH.E253263309B742FZ0Z_R	100.000	26	0	2.98e-10	52.0
M03520:605:000000000-LVNKY:1:1101:13303:12623;size=30	RH.E253263309B742FZ0Z_F	100.000	26	0	2.98e-10	52.0
M03520:605:000000000-LVNKY:1:1101:16746:3137;size=30	RH.094E5466924B45EZ0Z_F	100.000	26	0	2.98e-10	52.0
M03520:605:000000000-LVNKY:1:1101:16746:3137;size=30	RH.094E5466924B45EZ0Z_R	100.000	25	0	1.18e-09	50.1
M03520:605:000000000-LVNKY:1:1101:26033:14083;size=30	RH.3B2B2BB86AB94D3Z0Z_F	100.000	26	0	2.98e-10	52.0
M03520:605:000000000-LVNKY:1:1101:26033:14083;size=30	RH.3B2B2BB86AB94D3Z0Z_R	100.000	25	0	1.18e-09	50.1
M03520:605:000000000-LVNKY:1:1101:26033:14083;size=30	RH.64613722763148BZ0Z_R	100.000	19	0	4.48e-06	38.2
M03520:605:000000000-LVNKY:1:1101:4672:7127;size=30	RH.B9EF730EBE6C436Z0Z_R	100.000	25	0	1.18e-09	50.1
M03520:605:000000000-LVNKY:1:1101:4672:7127;size=30	RH.B9EF730EBE6C436Z0Z_F	100.000	25	0	1.18e-09	50.1
M03520:605:000000000-LVNKY:1:1102:8629:17880;size=30	RH.CA1E204B0C0842DZ0Z_F	100.000	26	0	2.98e-10	52.0
M03520:605:000000000-LVNKY:1:1102:8629:17880;size=30	RH.CA1E204B0C0842DZ0Z_R	100.000	24	0	4.65e-09	48.1
M03520:605:000000000-LVNKY:1:1107:15832:4349;size=30	RH.0BD19D1A26A74EBZ0Z_F	100.000	25	0	1.18e-09	50.1
M03520:605:000000000-LVNKY:1:1107:15832:4349;size=30	RH.0BD19D1A26A74EBZ0Z_R	100.000	24	0	4.65e-09	48.1
M03520:605:000000000-LVNKY:1:1101:14241:15162;size=29	RH.BC5098DD1C484D4Z0Z_R	100.000	23	0	1.84e-08	46.1
M03520:605:000000000-LVNKY:1:1101:14241:15162;size=29	RH.BC5098DD1C484D4Z0Z_F	100.000	22	0	7.27e-08	44.1
M03520:605:000000000-LVNKY:1:1101:14709:7253;size=29	RH.6408CE975B5340AZ0Z_R	100.000	26	0	2.98e-10	52.0
M03520:605:000000000-LVNKY:1:1101:14709:7253;size=29	RH.6408CE975B5340AZ0Z_F	100.000	26	0	2.98e-10	52.0
M03520:605:000000000-LVNKY:1:1101:15448:12881;size=29	RH.E253263309B742FZ0Z_F	100.000	26	0	2.98e-10	52.0
M03520:605:000000000-LVNKY:1:1101:15448:12881;size=29	RH.E253263309B742FZ0Z_R	96.154	26	1	7.27e-08	44.1
M03520:605:000000000-LVNKY:1:1101:17378:21058;size=29	RH.E253263309B742FZ0Z_R	100.000	26	0	2.98e-10	52.0
M03520:605:000000000-LVNKY:1:1101:17378:21058;size=29	RH.E253263309B742FZ0Z_F	96.154	26	1	7.27e-08	44.1
M03520:605:000000000-LVNKY:1:1101:3097:20772;size=29	RH.B9EF730EBE6C436Z0Z_R	100.000	25	0	1.18e-09	50.1
M03520:605:000000000-LVNKY:1:1102:13932:3971;size=29	RH.E253263309B742FZ0Z_R	100.000	26	0	2.98e-10	52.0
M03520:605:000000000-LVNKY:1:1102:13932:3971;size=29	RH.E253263309B742FZ0Z_F	100.000	26	0	2.98e-10	52.0
M03520:605:000000000-LVNKY:1:1101:10453:11270;size=28	RH.6408CE975B5340AZ0Z_F	100.000	26	0	2.98e-10	52.0
M03520:605:000000000-LVNKY:1:1101:10453:11270;size=28	RH.6408CE975B5340AZ0Z_R	96.154	26	1	7.27e-08	44.1
M03520:605:000000000-LVNKY:1:1101:13368:14590;size=28	RH.E253263309B742FZ0Z_F	100.000	26	0	2.98e-10	52.0
M03520:605:000000000-LVNKY:1:1101:13368:14590;size=28	RH.E253263309B742FZ0Z_R	96.154	26	1	7.27e-08	44.1
M03520:605:000000000-LVNKY:1:1101:14919:26985;size=28	RH.0BD19D1A26A74EBZ0Z_F	100.000	25	0	1.18e-09	50.1
M03520:605:000000000-LVNKY:1:1101:14919:26985;size=28	RH.0BD19D1A26A74EBZ0Z_R	100.000	24	0	4.65e-09	48.1
M03520:605:000000000-LVNKY:1:1101:20303:13642;size=28	RH.E253263309B742FZ0Z_R	100.000	26	0	2.98e-10	52.0
M03520:605:000000000-LVNKY:1:1101:20303:13642;size=28	RH.E253263309B742FZ0Z_F	100.000	26	0	2.98e-10	52.0
M03520:605:000000000-LVNKY:1:1101:23749:7681;size=28	RH.7C3D657FDC54468Z0Z_F	100.000	23	0	1.84e-08	46.1
M03520:605:000000000-LVNKY:1:1101:23749:7681;size=28	RH.7C3D657FDC54468Z0Z_R	100.000	22	0	7.27e-08	44.1
M03520:605:000000000-LVNKY:1:1101:24130:19796;size=28	RH.6408CE975B5340AZ0Z_R	100.000	26	0	2.98e-10	52.0
M03520:605:000000000-LVNKY:1:1101:24130:19796;size=28	RH.6408CE975B5340AZ0Z_F	100.000	26	0	2.98e-10	52.0
M03520:605:000000000-LVNKY:1:1101:25373:9813;size=28	RH.E253263309B742FZ0Z_F	100.000	26	0	2.98e-10	52.0
M03520:605:000000000-LVNKY:1:1101:25373:9813;size=28	RH.E253263309B742FZ0Z_R	96.154	26	1	7.27e-08	44.1
M03520:605:000000000-LVNKY:1:1101:25533:14563;size=28	RH.6408CE975B5340AZ0Z_R	100.000	26	0	2.98e-10	52.0
M03520:605:000000000-LVNKY:1:1101:25533:14563;size=28	RH.6408CE975B5340AZ0Z_F	100.000	26	0	2.98e-10	52.0
M03520:605:000000000-LVNKY:1:1101:7362:6741;size=28	RH.E253263309B742FZ0Z_R	100.000	26	0	2.98e-10	52.0
M03520:605:000000000-LVNKY:1:1101:7362:6741;size=28	RH.E253263309B742FZ0Z_F	100.000	26	0	2.98e-10	52.0
M03520:605:000000000-LVNKY:1:1102:6150:16355;size=28	RH.6408CE975B5340AZ0Z_R	100.000	26	0	2.98e-10	52.0
M03520:605:000000000-LVNKY:1:1102:6150:16355;size=28	RH.6408CE975B5340AZ0Z_F	100.000	26	0	2.98e-10	52.0
M03520:605:000000000-LVNKY:1:1103:17225:1812;size=28	RH.E253263309B742FZ0Z_R	100.000	26	0	2.98e-10	52.0
M03520:605:000000000-LVNKY:1:1103:17225:1812;size=28	RH.E253263309B742FZ0Z_F	100.000	26	0	2.98e-10	52.0
M03520:605:000000000-LVNKY:1:1101:11282:10855;size=27	RH.6408CE975B5340AZ0Z_R	100.000	26	0	2.98e-10	52.0
M03520:605:000000000-LVNKY:1:1101:11282:10855;size=27	RH.6408CE975B5340AZ0Z_F	100.000	26	0	2.98e-10	52.0
M03520:605:000000000-LVNKY:1:1101:13246:5000;size=27	RH.6408CE975B5340AZ0Z_R	100.000	26	0	2.98e-10	52.0
M03520:605:000000000-LVNKY:1:1101:13246:5000;size=27	RH.6408CE975B5340AZ0Z_F	100.000	26	0	2.98e-10	52.0
M03520:605:000000000-LVNKY:1:1101:17180:17102;size=27	RH.094E5466924B45EZ0Z_F	100.000	26	0	2.98e-10	52.0
M03520:605:000000000-LVNKY:1:1101:17180:17102;size=27	RH.094E5466924B45EZ0Z_R	100.000	25	0	1.18e-09	50.1
M03520:605:000000000-LVNKY:1:1101:18265:22402;size=27	RH.E253263309B742FZ0Z_F	100.000	26	0	2.98e-10	52.0
M03520:605:000000000-LVNKY:1:1101:18265:22402;size=27	RH.E253263309B742FZ0Z_R	96.154	26	1	7.27e-08	44.1
M03520:605:000000000-LVNKY:1:1101:19169:14345;size=27	RH.E253263309B742FZ0Z_R	100.000	26	0	2.98e-10	52.0
M03520:605:000000000-LVNKY:1:1101:19169:14345;size=27	RH.E253263309B742FZ0Z_F	100.000	26	0	2.98e-10	52.0
M03520:605:000000000-LVNKY:1:1101:19585:12614;size=27	RH.B9EF730EBE6C436Z0Z_F	100.000	25	0	1.18e-09	50.1
M03520:605:000000000-LVNKY:1:1101:19585:12614;size=27	RH.B9EF730EBE6C436Z0Z_R	100.000	25	0	1.18e-09	50.1
M03520:605:000000000-LVNKY:1:1101:20226:19684;size=27	RH.25F43EF2A0F1421Z0Z_F	100.000	24	0	4.65e-09	48.1
M03520:605:000000000-LVNKY:1:1101:25414:6504;size=27	RH.E253263309B742FZ0Z_R	100.000	26	0	2.98e-10	52.0
M03520:605:000000000-LVNKY:1:1101:25414:6504;size=27	RH.E253263309B742FZ0Z_F	100.000	26	0	2.98e-10	52.0
M03520:605:000000000-LVNKY:1:1102:24288:14142;size=27	RH.2A85EAE5DEAD471Z0Z_R	100.000	25	0	1.18e-09	50.1
M03520:605:000000000-LVNKY:1:1102:24288:14142;size=27	RH.2A85EAE5DEAD471Z0Z_F	100.000	25	0	1.18e-09	50.1
M03520:605:000000000-LVNKY:1:1102:24611:9316;size=27	RH.E253263309B742FZ0Z_R	100.000	26	0	2.98e-10	52.0
M03520:605:000000000-LVNKY:1:1102:24611:9316;size=27	RH.E253263309B742FZ0Z_F	100.000	26	0	2.98e-10	52.0
M03520:605:000000000-LVNKY:1:1107:12629:3961;size=27	RH.E253263309B742FZ0Z_F	100.000	26	0	2.98e-10	52.0
M03520:605:000000000-LVNKY:1:1107:12629:3961;size=27	RH.E253263309B742FZ0Z_R	96.154	26	1	7.27e-08	44.1
M03520:605:000000000-LVNKY:1:1101:10738:22248;size=26	RH.0C6EF86AB29A422Z0Z_R	100.000	23	0	1.84e-08	46.1
M03520:605:000000000-LVNKY:1:1101:10738:22248;size=26	RH.0C6EF86AB29A422Z0Z_F	100.000	23	0	1.84e-08	46.1
M03520:605:000000000-LVNKY:1:1101:12765:9528;size=26	RH.E253263309B742FZ0Z_R	100.000	26	0	2.98e-10	52.0
M03520:605:000000000-LVNKY:1:1101:12765:9528;size=26	RH.E253263309B742FZ0Z_F	100.000	26	0	2.98e-10	52.0
M03520:605:000000000-LVNKY:1:1101:14743:4409;size=26	RH.E253263309B742FZ0Z_R	100.000	26	0	2.98e-10	52.0
M03520:605:000000000-LVNKY:1:1101:14743:4409;size=26	RH.E253263309B742FZ0Z_F	100.000	26	0	2.98e-10	52.0
M03520:605:000000000-LVNKY:1:1101:15426:19171;size=26	RH.E253263309B742FZ0Z_R	100.000	26	0	2.98e-10	52.0
M03520:605:000000000-LVNKY:1:1101:15426:19171;size=26	RH.E253263309B742FZ0Z_F	100.000	26	0	2.98e-10	52.0
M03520:605:000000000-LVNKY:1:1101:21979:16909;size=26	RH.E253263309B742FZ0Z_R	100.000	26	0	2.98e-10	52.0
M03520:605:000000000-LVNKY:1:1101:21979:16909;size=26	RH.E253263309B742FZ0Z_F	100.000	26	0	2.98e-10	52.0
M03520:605:000000000-LVNKY:1:1101:23528:7422;size=26	RH.E253263309B742FZ0Z_R	100.000	26	0	2.98e-10	52.0
M03520:605:000000000-LVNKY:1:1101:23528:7422;size=26	RH.E253263309B742FZ0Z_F	100.000	26	0	2.98e-10	52.0
M03520:605:000000000-LVNKY:1:1101:23679:7703;size=26	RH.E253263309B742FZ0Z_F	100.000	26	0	2.98e-10	52.0
M03520:605:000000000-LVNKY:1:1101:23679:7703;size=26	RH.E253263309B742FZ0Z_R	100.000	26	0	2.98e-10	52.0
M03520:605:000000000-LVNKY:1:1101:28513:18256;size=26	RH.E253263309B742FZ0Z_F	100.000	26	0	2.98e-10	52.0
M03520:605:000000000-LVNKY:1:1101:28513:18256;size=26	RH.E253263309B742FZ0Z_R	100.000	26	0	2.98e-10	52.0
M03520:605:000000000-LVNKY:1:1102:14358:18274;size=26	RH.609947B6947F457Z0Z_F	100.000	21	0	2.87e-07	42.1
M03520:605:000000000-LVNKY:1:1102:14358:18274;size=26	RH.A12CDF2B5C80436Z0Z_R	100.000	20	0	1.13e-06	40.1
M03520:605:000000000-LVNKY:1:1103:16502:12554;size=26	RH.6408CE975B5340AZ0Z_R	100.000	26	0	2.98e-10	52.0
M03520:605:000000000-LVNKY:1:1103:16502:12554;size=26	RH.6408CE975B5340AZ0Z_F	100.000	26	0	2.98e-10	52.0
M03520:605:000000000-LVNKY:1:1101:18959:24815;size=25	RH.E253263309B742FZ0Z_R	100.000	26	0	2.98e-10	52.0
M03520:605:000000000-LVNKY:1:1101:18959:24815;size=25	RH.E253263309B742FZ0Z_F	100.000	26	0	2.98e-10	52.0
M03520:605:000000000-LVNKY:1:1101:21475:19349;size=25	RH.DDB83AFF97C94C6Z0Z_F	100.000	24	0	4.65e-09	48.1
M03520:605:000000000-LVNKY:1:1101:21475:19349;size=25	RH.DDB83AFF97C94C6Z0Z_R	100.000	19	0	4.48e-06	38.2
M03520:605:000000000-LVNKY:1:1101:21475:19349;size=25	RH.256B9DD95E5E4EDZ0Z_R	100.000	19	0	4.48e-06	38.2
M03520:605:000000000-LVNKY:1:1101:5414:20786;size=25	RH.517A9FBA2B494D5Z0Z_F	100.000	25	0	1.18e-09	50.1
M03520:605:000000000-LVNKY:1:1101:5414:20786;size=25	RH.517A9FBA2B494D5Z0Z_R	100.000	24	0	4.65e-09	48.1
M03520:605:000000000-LVNKY:1:1102:10767:6207;size=25	RH.E253263309B742FZ0Z_R	100.000	26	0	2.98e-10	52.0
M03520:605:000000000-LVNKY:1:1102:10767:6207;size=25	RH.E253263309B742FZ0Z_F	100.000	26	0	2.98e-10	52.0
M03520:605:000000000-LVNKY:1:1102:11943:15058;size=25	RH.6408CE975B5340AZ0Z_R	100.000	26	0	2.98e-10	52.0
M03520:605:000000000-LVNKY:1:1102:11943:15058;size=25	RH.6408CE975B5340AZ0Z_F	100.000	26	0	2.98e-10	52.0
M03520:605:000000000-LVNKY:1:1102:21688:11852;size=25	RH.E253263309B742FZ0Z_R	100.000	26	0	2.98e-10	52.0
M03520:605:000000000-LVNKY:1:1102:21688:11852;size=25	RH.E253263309B742FZ0Z_F	100.000	26	0	2.98e-10	52.0
M03520:605:000000000-LVNKY:1:1103:24148:13781;size=25	RH.E253263309B742FZ0Z_R	100.000	26	0	2.98e-10	52.0
M03520:605:000000000-LVNKY:1:1103:24148:13781;size=25	RH.E253263309B742FZ0Z_F	100.000	26	0	2.98e-10	52.0
M03520:605:000000000-LVNKY:1:1104:8857:18879;size=25	RH.2A85EAE5DEAD471Z0Z_R	100.000	25	0	1.18e-09	50.1
M03520:605:000000000-LVNKY:1:1104:8857:18879;size=25	RH.2A85EAE5DEAD471Z0Z_F	100.000	25	0	1.18e-09	50.1
M03520:605:000000000-LVNKY:1:1101:10672:27664;size=24	RH.6408CE975B5340AZ0Z_R	100.000	26	0	2.98e-10	52.0
M03520:605:000000000-LVNKY:1:1101:10672:27664;size=24	RH.6408CE975B5340AZ0Z_F	100.000	26	0	2.98e-10	52.0
M03520:605:000000000-LVNKY:1:1101:16458:6971;size=24	RH.27578A9A85FA4A3Z0Z_R	100.000	22	0	7.27e-08	44.1
M03520:605:000000000-LVNKY:1:1101:17421:4050;size=24	RH.6D324B1B4164459Z0Z_R	100.000	21	0	2.87e-07	42.1
M03520:605:000000000-LVNKY:1:1101:17421:4050;size=24	RH.6D324B1B4164459Z0Z_F	100.000	21	0	2.87e-07	42.1
M03520:605:000000000-LVNKY:1:1101:19156:4895;size=24	RH.2AFFFBA0E81C482Z0Z_R	100.000	23	0	1.84e-08	46.1
M03520:605:000000000-LVNKY:1:1101:19156:4895;size=24	RH.2AFFFBA0E81C482Z0Z_F	100.000	23	0	1.84e-08	46.1
M03520:605:000000000-LVNKY:1:1101:5195:10478;size=24	RH.6572108A164E48EZ0Z_R	100.000	25	0	1.18e-09	50.1
M03520:605:000000000-LVNKY:1:1101:5195:10478;size=24	RH.6572108A164E48EZ0Z_F	100.000	24	0	4.65e-09	48.1
M03520:605:000000000-LVNKY:1:1102:15972:9398;size=24	RH.E253263309B742FZ0Z_F	100.000	26	0	2.98e-10	52.0
M03520:605:000000000-LVNKY:1:1102:15972:9398;size=24	RH.E253263309B742FZ0Z_R	100.000	25	0	1.18e-09	50.1
M03520:605:000000000-LVNKY:1:1102:16621:8871;size=24	RH.6408CE975B5340AZ0Z_R	100.000	26	0	2.98e-10	52.0
M03520:605:000000000-LVNKY:1:1102:16621:8871;size=24	RH.6408CE975B5340AZ0Z_F	100.000	22	0	7.27e-08	44.1
M03520:605:000000000-LVNKY:1:1102:22183:7454;size=24	RH.6408CE975B5340AZ0Z_R	100.000	26	0	2.98e-10	52.0
M03520:605:000000000-LVNKY:1:1102:22183:7454;size=24	RH.6408CE975B5340AZ0Z_F	100.000	26	0	2.98e-10	52.0
M03520:605:000000000-LVNKY:1:1103:22206:20435;size=24	RH.3EBEBCF3296E4B4Z0Z_R	100.000	23	0	1.84e-08	46.1
M03520:605:000000000-LVNKY:1:1103:22206:20435;size=24	RH.3EBEBCF3296E4B4Z0Z_F	100.000	22	0	7.27e-08	44.1
M03520:605:000000000-LVNKY:1:1104:11271:5499;size=24	RH.E253263309B742FZ0Z_R	100.000	26	0	2.98e-10	52.0
M03520:605:000000000-LVNKY:1:1104:11271:5499;size=24	RH.E253263309B742FZ0Z_F	100.000	26	0	2.98e-10	52.0
M03520:605:000000000-LVNKY:1:1107:15735:1423;size=24	RH.8B25A056ABC1444Z0Z_F	100.000	25	0	1.18e-09	50.1
M03520:605:000000000-LVNKY:1:1107:15735:1423;size=24	RH.8B25A056ABC1444Z0Z_R	95.833	24	1	1.13e-06	40.1
M03520:605:000000000-LVNKY:1:1101:14002:23530;size=23	RH.E253263309B742FZ0Z_F	100.000	26	0	2.98e-10	52.0
M03520:605:000000000-LVNKY:1:1101:14002:23530;size=23	RH.E253263309B742FZ0Z_R	100.000	19	0	4.48e-06	38.2
M03520:605:000000000-LVNKY:1:1101:17364:11270;size=23	RH.6408CE975B5340AZ0Z_R	100.000	26	0	2.98e-10	52.0
M03520:605:000000000-LVNKY:1:1101:17364:11270;size=23	RH.6408CE975B5340AZ0Z_F	100.000	26	0	2.98e-10	52.0
M03520:605:000000000-LVNKY:1:1101:18257:11049;size=23	RH.B9EF730EBE6C436Z0Z_R	100.000	25	0	1.18e-09	50.1
M03520:605:000000000-LVNKY:1:1101:18257:11049;size=23	RH.3B2B2BB86AB94D3Z0Z_F	100.000	21	0	2.87e-07	42.1
M03520:605:000000000-LVNKY:1:1101:18257:11049;size=23	RH.64613722763148BZ0Z_R	100.000	19	0	4.48e-06	38.2
M03520:605:000000000-LVNKY:1:1101:24103:12954;size=23	RH.E253263309B742FZ0Z_R	100.000	26	0	2.98e-10	52.0
M03520:605:000000000-LVNKY:1:1101:24103:12954;size=23	RH.E253263309B742FZ0Z_F	100.000	26	0	2.98e-10	52.0
M03520:605:000000000-LVNKY:1:1101:24293:8714;size=23	RH.E253263309B742FZ0Z_R	100.000	26	0	2.98e-10	52.0
M03520:605:000000000-LVNKY:1:1101:24293:8714;size=23	RH.E253263309B742FZ0Z_F	96.154	26	1	7.27e-08	44.1
M03520:605:000000000-LVNKY:1:1101:25887:11551;size=23	RH.5F6424ABBC3C47BZ0Z_F	100.000	25	0	1.18e-09	50.1
M03520:605:000000000-LVNKY:1:1101:9243:11114;size=23	RH.E253263309B742FZ0Z_R	100.000	26	0	2.98e-10	52.0
M03520:605:000000000-LVNKY:1:1101:9243:11114;size=23	RH.E253263309B742FZ0Z_F	100.000	26	0	2.98e-10	52.0
M03520:605:000000000-LVNKY:1:1102:5775:7880;size=23	RH.6408CE975B5340AZ0Z_F	100.000	26	0	2.98e-10	52.0
M03520:605:000000000-LVNKY:1:1102:5775:7880;size=23	RH.6408CE975B5340AZ0Z_R	100.000	24	0	4.65e-09	48.1
M03520:605:000000000-LVNKY:1:1103:6895:8620;size=23	RH.E253263309B742FZ0Z_R	100.000	26	0	2.98e-10	52.0
M03520:605:000000000-LVNKY:1:1103:6895:8620;size=23	RH.E253263309B742FZ0Z_F	100.000	26	0	2.98e-10	52.0
M03520:605:000000000-LVNKY:1:1101:11030:12944;size=22	RH.F8075AAECB0140EZ0Z_R	100.000	22	0	7.27e-08	44.1
M03520:605:000000000-LVNKY:1:1101:11030:12944;size=22	RH.F8075AAECB0140EZ0Z_F	100.000	19	0	4.48e-06	38.2
M03520:605:000000000-LVNKY:1:1101:11880:7084;size=22	RH.E253263309B742FZ0Z_F	100.000	26	0	2.98e-10	52.0
M03520:605:000000000-LVNKY:1:1101:11880:7084;size=22	RH.E253263309B742FZ0Z_R	96.154	26	1	7.27e-08	44.1
M03520:605:000000000-LVNKY:1:1101:13339:13616;size=22	RH.2AFFFBA0E81C482Z0Z_R	100.000	23	0	1.84e-08	46.1
M03520:605:000000000-LVNKY:1:1101:13339:13616;size=22	RH.2AFFFBA0E81C482Z0Z_F	100.000	23	0	1.84e-08	46.1
M03520:605:000000000-LVNKY:1:1101:13540:19495;size=22	RH.85A5303CAAF54ADZ0Z_R	100.000	22	0	7.27e-08	44.1
M03520:605:000000000-LVNKY:1:1101:13540:19495;size=22	RH.85A5303CAAF54ADZ0Z_F	100.000	21	0	2.87e-07	42.1
M03520:605:000000000-LVNKY:1:1101:20722:11786;size=22	RH.E253263309B742FZ0Z_F	100.000	26	0	2.98e-10	52.0
M03520:605:000000000-LVNKY:1:1101:20722:11786;size=22	RH.E253263309B742FZ0Z_R	96.154	26	1	7.27e-08	44.1
M03520:605:000000000-LVNKY:1:1101:22772:8693;size=22	RH.0096A141894D447Z0Z_F	100.000	24	0	4.65e-09	48.1
M03520:605:000000000-LVNKY:1:1101:3722:13925;size=22	RH.6408CE975B5340AZ0Z_F	100.000	26	0	2.98e-10	52.0
M03520:605:000000000-LVNKY:1:1101:3722:13925;size=22	RH.6408CE975B5340AZ0Z_R	96.154	26	1	7.27e-08	44.1
M03520:605:000000000-LVNKY:1:1101:6283:22330;size=22	RH.B9EF730EBE6C436Z0Z_F	100.000	25	0	1.18e-09	50.1
M03520:605:000000000-LVNKY:1:1101:6283:22330;size=22	RH.B9EF730EBE6C436Z0Z_R	100.000	25	0	1.18e-09	50.1
M03520:605:000000000-LVNKY:1:1101:8006:13585;size=22	RH.6408CE975B5340AZ0Z_F	100.000	26	0	2.98e-10	52.0
M03520:605:000000000-LVNKY:1:1101:8006:13585;size=22	RH.6408CE975B5340AZ0Z_R	96.154	26	1	7.27e-08	44.1
M03520:605:000000000-LVNKY:1:1101:9273:18092;size=22	RH.6408CE975B5340AZ0Z_R	100.000	26	0	2.98e-10	52.0
M03520:605:000000000-LVNKY:1:1101:9273:18092;size=22	RH.6408CE975B5340AZ0Z_F	100.000	26	0	2.98e-10	52.0
M03520:605:000000000-LVNKY:1:1101:9276:17318;size=22	RH.27578A9A85FA4A3Z0Z_F	100.000	24	0	4.65e-09	48.1
M03520:605:000000000-LVNKY:1:1101:9276:17318;size=22	RH.27578A9A85FA4A3Z0Z_R	100.000	22	0	7.27e-08	44.1
M03520:605:000000000-LVNKY:1:1102:10481:10913;size=22	RH.0550AF0F57084ADZ0Z_R	100.000	22	0	7.27e-08	44.1
M03520:605:000000000-LVNKY:1:1102:10481:10913;size=22	RH.3B2B2BB86AB94D3Z0Z_F	100.000	21	0	2.87e-07	42.1
M03520:605:000000000-LVNKY:1:1102:10481:10913;size=22	RH.64613722763148BZ0Z_R	100.000	19	0	4.48e-06	38.2
M03520:605:000000000-LVNKY:1:1102:13286:5881;size=22	RH.72B9E3F522264B3Z0Z_F	100.000	22	0	7.27e-08	44.1
M03520:605:000000000-LVNKY:1:1102:13286:5881;size=22	RH.72B9E3F522264B3Z0Z_R	100.000	20	0	1.13e-06	40.1
M03520:605:000000000-LVNKY:1:1102:13328:15027;size=22	RH.E253263309B742FZ0Z_R	100.000	26	0	2.98e-10	52.0
M03520:605:000000000-LVNKY:1:1102:13328:15027;size=22	RH.E253263309B742FZ0Z_F	100.000	26	0	2.98e-10	52.0
M03520:605:000000000-LVNKY:1:1102:16903:3670;size=22	RH.6408CE975B5340AZ0Z_R	100.000	26	0	2.98e-10	52.0
M03520:605:000000000-LVNKY:1:1102:16903:3670;size=22	RH.6408CE975B5340AZ0Z_F	100.000	26	0	2.98e-10	52.0
M03520:605:000000000-LVNKY:1:1102:23190:4870;size=22	RH.C597F0BA65D4481Z0Z_R	100.000	24	0	4.65e-09	48.1
M03520:605:000000000-LVNKY:1:1102:23190:4870;size=22	RH.C597F0BA65D4481Z0Z_F	100.000	24	0	4.65e-09	48.1
M03520:605:000000000-LVNKY:1:1107:9975:4335;size=22	RH.BE09C1F6EE4B426Z0Z_R	100.000	23	0	1.84e-08	46.1
M03520:605:000000000-LVNKY:1:1107:9975:4335;size=22	RH.BE09C1F6EE4B426Z0Z_F	100.000	22	0	7.27e-08	44.1
M03520:605:000000000-LVNKY:1:1101:10975:8177;size=21	RH.72B9E3F522264B3Z0Z_F	100.000	22	0	7.27e-08	44.1
M03520:605:000000000-LVNKY:1:1101:20310:21268;size=21	RH.2A8AD21024974C0Z0Z_F	100.000	26	0	2.98e-10	52.0
M03520:605:000000000-LVNKY:1:1101:20310:21268;size=21	RH.2A8AD21024974C0Z0Z_R	100.000	25	0	1.18e-09	50.1
M03520:605:000000000-LVNKY:1:1101:21211:13417;size=21	RH.2A8AD21024974C0Z0Z_F	100.000	26	0	2.98e-10	52.0
M03520:605:000000000-LVNKY:1:1101:21211:13417;size=21	RH.2A8AD21024974C0Z0Z_R	100.000	25	0	1.18e-09	50.1
M03520:605:000000000-LVNKY:1:1101:6771:8477;size=21	RH.6408CE975B5340AZ0Z_R	100.000	26	0	2.98e-10	52.0
M03520:605:000000000-LVNKY:1:1101:6771:8477;size=21	RH.6408CE975B5340AZ0Z_F	100.000	26	0	2.98e-10	52.0
M03520:605:000000000-LVNKY:1:1102:17087:11971;size=21	RH.E253263309B742FZ0Z_R	100.000	26	0	2.98e-10	52.0
M03520:605:000000000-LVNKY:1:1102:17087:11971;size=21	RH.E253263309B742FZ0Z_F	100.000	26	0	2.98e-10	52.0
M03520:605:000000000-LVNKY:1:1102:24410:20546;size=21	RH.F2F19E4203944BDZ0Z_F	100.000	22	0	7.27e-08	44.1
M03520:605:000000000-LVNKY:1:1103:13000:7658;size=21	RH.6408CE975B5340AZ0Z_F	100.000	26	0	2.98e-10	52.0
M03520:605:000000000-LVNKY:1:1103:13000:7658;size=21	RH.6408CE975B5340AZ0Z_R	96.154	26	1	7.27e-08	44.1
M03520:605:000000000-LVNKY:1:1103:16407:24333;size=21	RH.E253263309B742FZ0Z_R	100.000	26	0	2.98e-10	52.0
M03520:605:000000000-LVNKY:1:1103:16407:24333;size=21	RH.E253263309B742FZ0Z_F	100.000	26	0	2.98e-10	52.0
M03520:605:000000000-LVNKY:1:1103:26104:10709;size=21	RH.6408CE975B5340AZ0Z_R	100.000	26	0	2.98e-10	52.0
M03520:605:000000000-LVNKY:1:1103:26104:10709;size=21	RH.6408CE975B5340AZ0Z_F	100.000	26	0	2.98e-10	52.0
M03520:605:000000000-LVNKY:1:1105:8051:4162;size=21	RH.E253263309B742FZ0Z_F	100.000	26	0	2.98e-10	52.0
M03520:605:000000000-LVNKY:1:1105:8051:4162;size=21	RH.E253263309B742FZ0Z_R	96.154	26	1	7.27e-08	44.1
M03520:605:000000000-LVNKY:1:1107:13283:2619;size=21	RH.E04EE94198274F7Z0Z_F	100.000	25	0	1.18e-09	50.1
M03520:605:000000000-LVNKY:1:1107:13283:2619;size=21	RH.E04EE94198274F7Z0Z_R	95.833	24	1	1.13e-06	40.1
M03520:605:000000000-LVNKY:1:1107:19766:3497;size=21	RH.72B9E3F522264B3Z0Z_F	100.000	22	0	7.27e-08	44.1
M03520:605:000000000-LVNKY:1:1101:11333:8095;size=20	RH.6408CE975B5340AZ0Z_R	100.000	26	0	2.98e-10	52.0
M03520:605:000000000-LVNKY:1:1101:11333:8095;size=20	RH.6408CE975B5340AZ0Z_F	100.000	26	0	2.98e-10	52.0
M03520:605:000000000-LVNKY:1:1101:13333:8322;size=20	RH.E253263309B742FZ0Z_R	100.000	26	0	2.98e-10	52.0
M03520:605:000000000-LVNKY:1:1101:13333:8322;size=20	RH.E253263309B742FZ0Z_F	100.000	22	0	7.27e-08	44.1
M03520:605:000000000-LVNKY:1:1101:24174:12224;size=20	RH.B9EF730EBE6C436Z0Z_R	100.000	25	0	1.18e-09	50.1
M03520:605:000000000-LVNKY:1:1101:24174:12224;size=20	RH.B9EF730EBE6C436Z0Z_F	100.000	23	0	1.84e-08	46.1
M03520:605:000000000-LVNKY:1:1101:26531:11330;size=20	RH.E253263309B742FZ0Z_R	100.000	26	0	2.98e-10	52.0
M03520:605:000000000-LVNKY:1:1101:26531:11330;size=20	RH.E253263309B742FZ0Z_F	100.000	26	0	2.98e-10	52.0
M03520:605:000000000-LVNKY:1:1102:12378:10075;size=20	RH.E253263309B742FZ0Z_R	100.000	26	0	2.98e-10	52.0
M03520:605:000000000-LVNKY:1:1102:12378:10075;size=20	RH.E253263309B742FZ0Z_F	96.154	26	1	7.27e-08	44.1
M03520:605:000000000-LVNKY:1:1102:16354:26484;size=20	RH.E253263309B742FZ0Z_F	100.000	26	0	2.98e-10	52.0
M03520:605:000000000-LVNKY:1:1102:16354:26484;size=20	RH.E253263309B742FZ0Z_R	96.154	26	1	7.27e-08	44.1
M03520:605:000000000-LVNKY:1:1102:18771:7067;size=20	RH.E253263309B742FZ0Z_R	100.000	26	0	2.98e-10	52.0
M03520:605:000000000-LVNKY:1:1102:18771:7067;size=20	RH.E253263309B742FZ0Z_F	100.000	26	0	2.98e-10	52.0
M03520:605:000000000-LVNKY:1:1102:19590:6537;size=20	RH.DDB83AFF97C94C6Z0Z_R	100.000	25	0	1.18e-09	50.1
M03520:605:000000000-LVNKY:1:1102:19590:6537;size=20	RH.DDB83AFF97C94C6Z0Z_F	100.000	24	0	4.65e-09	48.1
M03520:605:000000000-LVNKY:1:1102:20746:13362;size=20	RH.FB9325B19424480Z0Z_F	100.000	21	0	2.87e-07	42.1
M03520:605:000000000-LVNKY:1:1102:21066:4723;size=20	RH.CA1E204B0C0842DZ0Z_F	100.000	26	0	2.98e-10	52.0
M03520:605:000000000-LVNKY:1:1102:21066:4723;size=20	RH.E04EE94198274F7Z0Z_F	100.000	25	0	1.18e-09	50.1
M03520:605:000000000-LVNKY:1:1102:21066:4723;size=20	RH.CA1E204B0C0842DZ0Z_R	100.000	24	0	4.65e-09	48.1
M03520:605:000000000-LVNKY:1:1102:25928:19919;size=20	RH.6408CE975B5340AZ0Z_R	100.000	26	0	2.98e-10	52.0
M03520:605:000000000-LVNKY:1:1102:25928:19919;size=20	RH.6408CE975B5340AZ0Z_F	100.000	26	0	2.98e-10	52.0
M03520:605:000000000-LVNKY:1:1102:28331:14249;size=20	RH.6408CE975B5340AZ0Z_R	100.000	26	0	2.98e-10	52.0
M03520:605:000000000-LVNKY:1:1102:28331:14249;size=20	RH.6408CE975B5340AZ0Z_F	100.000	26	0	2.98e-10	52.0
M03520:605:000000000-LVNKY:1:1102:3807:8211;size=20	RH.7E59D32B4EDB4C3Z0Z_F	100.000	23	0	1.84e-08	46.1
M03520:605:000000000-LVNKY:1:1102:3807:8211;size=20	RH.7E59D32B4EDB4C3Z0Z_R	100.000	19	0	4.48e-06	38.2
M03520:605:000000000-LVNKY:1:1102:5563:10727;size=20	RH.B9EF730EBE6C436Z0Z_F	100.000	25	0	1.18e-09	50.1
M03520:605:000000000-LVNKY:1:1102:5563:10727;size=20	RH.B9EF730EBE6C436Z0Z_R	100.000	25	0	1.18e-09	50.1
M03520:605:000000000-LVNKY:1:1102:8314:13391;size=20	RH.B9EF730EBE6C436Z0Z_R	100.000	25	0	1.18e-09	50.1
M03520:605:000000000-LVNKY:1:1102:8314:13391;size=20	RH.B9EF730EBE6C436Z0Z_F	100.000	25	0	1.18e-09	50.1
M03520:605:000000000-LVNKY:1:1102:8443:4326;size=20	RH.E253263309B742FZ0Z_R	100.000	26	0	2.98e-10	52.0
M03520:605:000000000-LVNKY:1:1102:8443:4326;size=20	RH.E253263309B742FZ0Z_F	100.000	26	0	2.98e-10	52.0
M03520:605:000000000-LVNKY:1:1103:11585:12137;size=20	RH.2A8AD21024974C0Z0Z_F	100.000	26	0	2.98e-10	52.0
M03520:605:000000000-LVNKY:1:1103:11585:12137;size=20	RH.2A8AD21024974C0Z0Z_R	100.000	25	0	1.18e-09	50.1
M03520:605:000000000-LVNKY:1:1104:10019:24008;size=20	RH.E253263309B742FZ0Z_R	100.000	26	0	2.98e-10	52.0
M03520:605:000000000-LVNKY:1:1104:10019:24008;size=20	RH.E253263309B742FZ0Z_F	100.000	26	0	2.98e-10	52.0
M03520:605:000000000-LVNKY:1:1105:24057:9481;size=20	RH.2AFFFBA0E81C482Z0Z_R	100.000	23	0	1.84e-08	46.1
M03520:605:000000000-LVNKY:1:1105:24057:9481;size=20	RH.2AFFFBA0E81C482Z0Z_F	100.000	23	0	1.84e-08	46.1
M03520:605:000000000-LVNKY:1:1101:13709:11166;size=19	RH.E253263309B742FZ0Z_F	100.000	26	0	2.98e-10	52.0
M03520:605:000000000-LVNKY:1:1101:13709:11166;size=19	RH.E253263309B742FZ0Z_R	96.154	26	1	7.27e-08	44.1
M03520:605:000000000-LVNKY:1:1101:14730:23077;size=19	RH.6408CE975B5340AZ0Z_R	100.000	26	0	2.98e-10	52.0
M03520:605:000000000-LVNKY:1:1101:14730:23077;size=19	RH.6408CE975B5340AZ0Z_F	100.000	26	0	2.98e-10	52.0
M03520:605:000000000-LVNKY:1:1101:18687:7701;size=19	RH.6408CE975B5340AZ0Z_R	100.000	26	0	2.98e-10	52.0
M03520:605:000000000-LVNKY:1:1101:18687:7701;size=19	RH.6408CE975B5340AZ0Z_F	100.000	26	0	2.98e-10	52.0
M03520:605:000000000-LVNKY:1:1101:20782:27921;size=19	RH.2A85EAE5DEAD471Z0Z_R	100.000	25	0	1.18e-09	50.1
M03520:605:000000000-LVNKY:1:1101:20782:27921;size=19	RH.2A85EAE5DEAD471Z0Z_F	100.000	25	0	1.18e-09	50.1
M03520:605:000000000-LVNKY:1:1101:8095:10286;size=19	RH.6408CE975B5340AZ0Z_R	100.000	26	0	2.98e-10	52.0
M03520:605:000000000-LVNKY:1:1101:8095:10286;size=19	RH.6408CE975B5340AZ0Z_F	100.000	26	0	2.98e-10	52.0
M03520:605:000000000-LVNKY:1:1101:9496:18357;size=19	RH.6408CE975B5340AZ0Z_R	100.000	26	0	2.98e-10	52.0
M03520:605:000000000-LVNKY:1:1101:9496:18357;size=19	RH.6408CE975B5340AZ0Z_F	100.000	26	0	2.98e-10	52.0
M03520:605:000000000-LVNKY:1:1102:11262:5834;size=19	RH.B9EF730EBE6C436Z0Z_R	100.000	25	0	1.18e-09	50.1
M03520:605:000000000-LVNKY:1:1102:11262:5834;size=19	RH.B9EF730EBE6C436Z0Z_F	100.000	25	0	1.18e-09	50.1
M03520:605:000000000-LVNKY:1:1102:26816:11465;size=19	RH.E253263309B742FZ0Z_R	100.000	26	0	2.98e-10	52.0
M03520:605:000000000-LVNKY:1:1102:26816:11465;size=19	RH.E253263309B742FZ0Z_F	100.000	23	0	1.84e-08	46.1
M03520:605:000000000-LVNKY:1:1103:11134:8085;size=19	RH.E253263309B742FZ0Z_R	100.000	26	0	2.98e-10	52.0
M03520:605:000000000-LVNKY:1:1103:11134:8085;size=19	RH.E253263309B742FZ0Z_F	100.000	26	0	2.98e-10	52.0
M03520:605:000000000-LVNKY:1:1103:12009:11825;size=19	RH.7BE9BDD578FB4EEZ0Z_R	100.000	21	0	2.87e-07	42.1
M03520:605:000000000-LVNKY:1:1103:12009:11825;size=19	RH.7BE9BDD578FB4EEZ0Z_F	100.000	21	0	2.87e-07	42.1
M03520:605:000000000-LVNKY:1:1103:7133:17104;size=19	RH.6408CE975B5340AZ0Z_R	100.000	26	0	2.98e-10	52.0
M03520:605:000000000-LVNKY:1:1103:7133:17104;size=19	RH.6408CE975B5340AZ0Z_F	100.000	26	0	2.98e-10	52.0
M03520:605:000000000-LVNKY:1:1104:16372:8638;size=19	RH.B9EF730EBE6C436Z0Z_R	100.000	25	0	1.18e-09	50.1
M03520:605:000000000-LVNKY:1:1104:16372:8638;size=19	RH.B9EF730EBE6C436Z0Z_F	100.000	25	0	1.18e-09	50.1
M03520:605:000000000-LVNKY:1:1104:7853:17312;size=19	RH.6408CE975B5340AZ0Z_F	100.000	26	0	2.98e-10	52.0
M03520:605:000000000-LVNKY:1:1104:7853:17312;size=19	RH.6408CE975B5340AZ0Z_R	96.154	26	1	7.27e-08	44.1
M03520:605:000000000-LVNKY:1:1107:13653:2774;size=19	RH.A2C9012430E34ADZ0Z_F	100.000	24	0	4.65e-09	48.1
M03520:605:000000000-LVNKY:1:1107:13653:2774;size=19	RH.A2C9012430E34ADZ0Z_R	95.833	24	1	1.13e-06	40.1
M03520:605:000000000-LVNKY:1:1101:12029:5508;size=18	RH.B9EF730EBE6C436Z0Z_F	100.000	25	0	1.18e-09	50.1
M03520:605:000000000-LVNKY:1:1101:12029:5508;size=18	RH.B9EF730EBE6C436Z0Z_R	100.000	25	0	1.18e-09	50.1
M03520:605:000000000-LVNKY:1:1101:12936:2616;size=18	RH.6D324B1B4164459Z0Z_R	100.000	21	0	2.87e-07	42.1
M03520:605:000000000-LVNKY:1:1101:12936:2616;size=18	RH.6D324B1B4164459Z0Z_F	100.000	21	0	2.87e-07	42.1
M03520:605:000000000-LVNKY:1:1101:14246:24244;size=18	RH.0550AF0F57084ADZ0Z_R	100.000	22	0	7.27e-08	44.1
M03520:605:000000000-LVNKY:1:1101:14246:24244;size=18	RH.609947B6947F457Z0Z_F	100.000	21	0	2.87e-07	42.1
M03520:605:000000000-LVNKY:1:1101:14246:24244;size=18	RH.A12CDF2B5C80436Z0Z_R	100.000	20	0	1.13e-06	40.1
M03520:605:000000000-LVNKY:1:1101:19527:23022;size=18	RH.5F6424ABBC3C47BZ0Z_F	100.000	25	0	1.18e-09	50.1
M03520:605:000000000-LVNKY:1:1101:22509:7883;size=18	RH.6408CE975B5340AZ0Z_F	100.000	26	0	2.98e-10	52.0
M03520:605:000000000-LVNKY:1:1101:22509:7883;size=18	RH.6408CE975B5340AZ0Z_R	100.000	22	0	7.27e-08	44.1
M03520:605:000000000-LVNKY:1:1101:24962:12708;size=18	RH.6408CE975B5340AZ0Z_R	100.000	26	0	2.98e-10	52.0
M03520:605:000000000-LVNKY:1:1101:24962:12708;size=18	RH.6408CE975B5340AZ0Z_F	100.000	26	0	2.98e-10	52.0
M03520:605:000000000-LVNKY:1:1101:25103:11301;size=18	RH.6408CE975B5340AZ0Z_R	100.000	26	0	2.98e-10	52.0
M03520:605:000000000-LVNKY:1:1101:25103:11301;size=18	RH.6408CE975B5340AZ0Z_F	100.000	26	0	2.98e-10	52.0
M03520:605:000000000-LVNKY:1:1101:27892:9813;size=18	RH.609947B6947F457Z0Z_F	100.000	21	0	2.87e-07	42.1
M03520:605:000000000-LVNKY:1:1101:27892:9813;size=18	RH.A12CDF2B5C80436Z0Z_R	100.000	20	0	1.13e-06	40.1
M03520:605:000000000-LVNKY:1:1101:8512:4558;size=18	RH.7CE39E25906745AZ0Z_R	100.000	26	0	2.98e-10	52.0
M03520:605:000000000-LVNKY:1:1101:8512:4558;size=18	RH.7CE39E25906745AZ0Z_F	100.000	25	0	1.18e-09	50.1
M03520:605:000000000-LVNKY:1:1101:9306:4852;size=18	RH.E253263309B742FZ0Z_F	100.000	26	0	2.98e-10	52.0
M03520:605:000000000-LVNKY:1:1101:9306:4852;size=18	RH.E253263309B742FZ0Z_R	96.154	26	1	7.27e-08	44.1
M03520:605:000000000-LVNKY:1:1102:11978:22646;size=18	RH.E253263309B742FZ0Z_R	100.000	26	0	2.98e-10	52.0
M03520:605:000000000-LVNKY:1:1102:11978:22646;size=18	RH.E253263309B742FZ0Z_F	100.000	26	0	2.98e-10	52.0
M03520:605:000000000-LVNKY:1:1102:13472:15579;size=18	RH.2AFFFBA0E81C482Z0Z_R	100.000	23	0	1.84e-08	46.1
M03520:605:000000000-LVNKY:1:1102:13472:15579;size=18	RH.2AFFFBA0E81C482Z0Z_F	100.000	23	0	1.84e-08	46.1
M03520:605:000000000-LVNKY:1:1102:17551:6873;size=18	RH.E253263309B742FZ0Z_R	100.000	26	0	2.98e-10	52.0
M03520:605:000000000-LVNKY:1:1102:17551:6873;size=18	RH.E253263309B742FZ0Z_F	100.000	26	0	2.98e-10	52.0
M03520:605:000000000-LVNKY:1:1102:18278:15838;size=18	RH.25F43EF2A0F1421Z0Z_F	100.000	24	0	4.65e-09	48.1
M03520:605:000000000-LVNKY:1:1102:18278:15838;size=18	RH.25F43EF2A0F1421Z0Z_R	100.000	23	0	1.84e-08	46.1
M03520:605:000000000-LVNKY:1:1102:26490:22324;size=18	RH.E253263309B742FZ0Z_R	100.000	26	0	2.98e-10	52.0
M03520:605:000000000-LVNKY:1:1102:26490:22324;size=18	RH.E253263309B742FZ0Z_F	96.154	26	1	7.27e-08	44.1
M03520:605:000000000-LVNKY:1:1103:8170:25232;size=18	RH.E253263309B742FZ0Z_R	100.000	26	0	2.98e-10	52.0
M03520:605:000000000-LVNKY:1:1103:8170:25232;size=18	RH.E253263309B742FZ0Z_F	100.000	26	0	2.98e-10	52.0
M03520:605:000000000-LVNKY:1:1104:5623:24750;size=18	RH.517A9FBA2B494D5Z0Z_F	100.000	25	0	1.18e-09	50.1
M03520:605:000000000-LVNKY:1:1104:5623:24750;size=18	RH.517A9FBA2B494D5Z0Z_R	100.000	21	0	2.87e-07	42.1
M03520:605:000000000-LVNKY:1:1105:16215:2712;size=18	RH.6408CE975B5340AZ0Z_R	100.000	26	0	2.98e-10	52.0
M03520:605:000000000-LVNKY:1:1105:16215:2712;size=18	RH.6408CE975B5340AZ0Z_F	100.000	26	0	2.98e-10	52.0
M03520:605:000000000-LVNKY:1:1101:12912:23226;size=17	RH.6408CE975B5340AZ0Z_R	100.000	26	0	2.98e-10	52.0
M03520:605:000000000-LVNKY:1:1101:12912:23226;size=17	RH.6408CE975B5340AZ0Z_F	100.000	25	0	1.18e-09	50.1
M03520:605:000000000-LVNKY:1:1101:13513:12538;size=17	RH.6572108A164E48EZ0Z_R	100.000	25	0	1.18e-09	50.1
M03520:605:000000000-LVNKY:1:1101:13513:12538;size=17	RH.F7E3D42951B44CCZ0Z_F	100.000	22	0	7.27e-08	44.1
M03520:605:000000000-LVNKY:1:1101:13513:12538;size=17	RH.6572108A164E48EZ0Z_F	95.652	23	1	4.48e-06	38.2
M03520:605:000000000-LVNKY:1:1101:13598:3098;size=17	RH.4BFC7FED0F6445DZ0Z_R	100.000	21	0	2.87e-07	42.1
M03520:605:000000000-LVNKY:1:1101:13598:3098;size=17	RH.4BFC7FED0F6445DZ0Z_F	100.000	21	0	2.87e-07	42.1
M03520:605:000000000-LVNKY:1:1101:18124:7962;size=17	RH.E253263309B742FZ0Z_R	100.000	26	0	2.98e-10	52.0
M03520:605:000000000-LVNKY:1:1101:18124:7962;size=17	RH.E253263309B742FZ0Z_F	100.000	26	0	2.98e-10	52.0
M03520:605:000000000-LVNKY:1:1101:20670:8173;size=17	RH.2AFFFBA0E81C482Z0Z_R	100.000	23	0	1.84e-08	46.1
M03520:605:000000000-LVNKY:1:1101:20670:8173;size=17	RH.2AFFFBA0E81C482Z0Z_F	100.000	23	0	1.84e-08	46.1
M03520:605:000000000-LVNKY:1:1101:20676:3667;size=17	RH.E253263309B742FZ0Z_F	100.000	26	0	2.98e-10	52.0
M03520:605:000000000-LVNKY:1:1101:20676:3667;size=17	RH.E253263309B742FZ0Z_R	96.154	26	1	7.27e-08	44.1
M03520:605:000000000-LVNKY:1:1101:21656:22853;size=17	RH.BC5098DD1C484D4Z0Z_R	100.000	23	0	1.84e-08	46.1
M03520:605:000000000-LVNKY:1:1101:21656:22853;size=17	RH.BC5098DD1C484D4Z0Z_F	100.000	22	0	7.27e-08	44.1
M03520:605:000000000-LVNKY:1:1101:22998:8107;size=17	RH.2A85EAE5DEAD471Z0Z_F	100.000	25	0	1.18e-09	50.1
M03520:605:000000000-LVNKY:1:1101:22998:8107;size=17	RH.2A85EAE5DEAD471Z0Z_R	100.000	25	0	1.18e-09	50.1
M03520:605:000000000-LVNKY:1:1101:23746:23365;size=17	RH.25F43EF2A0F1421Z0Z_F	100.000	24	0	4.65e-09	48.1
M03520:605:000000000-LVNKY:1:1101:23746:23365;size=17	RH.25F43EF2A0F1421Z0Z_R	100.000	23	0	1.84e-08	46.1
M03520:605:000000000-LVNKY:1:1101:24884:10505;size=17	RH.72B9E3F522264B3Z0Z_F	100.000	22	0	7.27e-08	44.1
M03520:605:000000000-LVNKY:1:1101:24884:10505;size=17	RH.72B9E3F522264B3Z0Z_R	100.000	20	0	1.13e-06	40.1
M03520:605:000000000-LVNKY:1:1101:7724:26373;size=17	RH.B9EF730EBE6C436Z0Z_F	100.000	25	0	1.18e-09	50.1
M03520:605:000000000-LVNKY:1:1101:7724:26373;size=17	RH.B9EF730EBE6C436Z0Z_R	100.000	25	0	1.18e-09	50.1
M03520:605:000000000-LVNKY:1:1101:8951:9537;size=17	RH.DB98783D89B9417Z0Z_R	100.000	25	0	1.18e-09	50.1
M03520:605:000000000-LVNKY:1:1101:8951:9537;size=17	RH.DB98783D89B9417Z0Z_F	100.000	23	0	1.84e-08	46.1
M03520:605:000000000-LVNKY:1:1102:10157:16105;size=17	RH.B9EF730EBE6C436Z0Z_R	100.000	25	0	1.18e-09	50.1
M03520:605:000000000-LVNKY:1:1102:10157:16105;size=17	RH.B9EF730EBE6C436Z0Z_F	100.000	25	0	1.18e-09	50.1
M03520:605:000000000-LVNKY:1:1102:16048:27767;size=17	RH.2A85EAE5DEAD471Z0Z_R	100.000	25	0	1.18e-09	50.1
M03520:605:000000000-LVNKY:1:1102:16048:27767;size=17	RH.2A85EAE5DEAD471Z0Z_F	100.000	25	0	1.18e-09	50.1
M03520:605:000000000-LVNKY:1:1102:17430:3319;size=17	RH.A2C9012430E34ADZ0Z_R	100.000	24	0	4.65e-09	48.1
M03520:605:000000000-LVNKY:1:1102:17430:3319;size=17	RH.A2C9012430E34ADZ0Z_F	100.000	24	0	4.65e-09	48.1
M03520:605:000000000-LVNKY:1:1102:17952:9058;size=17	RH.E253263309B742FZ0Z_R	100.000	26	0	2.98e-10	52.0
M03520:605:000000000-LVNKY:1:1102:17952:9058;size=17	RH.E253263309B742FZ0Z_F	96.154	26	1	7.27e-08	44.1
M03520:605:000000000-LVNKY:1:1102:18925:17332;size=17	RH.6408CE975B5340AZ0Z_F	100.000	26	0	2.98e-10	52.0
M03520:605:000000000-LVNKY:1:1102:18925:17332;size=17	RH.6408CE975B5340AZ0Z_R	96.154	26	1	7.27e-08	44.1
M03520:605:000000000-LVNKY:1:1103:28050:19277;size=17	RH.B9EF730EBE6C436Z0Z_R	100.000	25	0	1.18e-09	50.1
M03520:605:000000000-LVNKY:1:1103:28050:19277;size=17	RH.B9EF730EBE6C436Z0Z_F	100.000	22	0	7.27e-08	44.1
M03520:605:000000000-LVNKY:1:1103:6270:6378;size=17	RH.6408CE975B5340AZ0Z_F	100.000	26	0	2.98e-10	52.0
M03520:605:000000000-LVNKY:1:1103:6270:6378;size=17	RH.6408CE975B5340AZ0Z_R	96.154	26	1	7.27e-08	44.1
M03520:605:000000000-LVNKY:1:1104:25127:13416;size=17	RH.B9EF730EBE6C436Z0Z_R	100.000	25	0	1.18e-09	50.1
M03520:605:000000000-LVNKY:1:1104:25127:13416;size=17	RH.B9EF730EBE6C436Z0Z_F	100.000	25	0	1.18e-09	50.1
M03520:605:000000000-LVNKY:1:1106:21831:4799;size=17	RH.5F6424ABBC3C47BZ0Z_F	100.000	25	0	1.18e-09	50.1
M03520:605:000000000-LVNKY:1:1101:11118:4449;size=16	RH.6408CE975B5340AZ0Z_R	100.000	26	0	2.98e-10	52.0
M03520:605:000000000-LVNKY:1:1101:11118:4449;size=16	RH.6408CE975B5340AZ0Z_F	100.000	26	0	2.98e-10	52.0
M03520:605:000000000-LVNKY:1:1101:13722:17893;size=16	RH.C597F0BA65D4481Z0Z_R	100.000	24	0	4.65e-09	48.1
M03520:605:000000000-LVNKY:1:1101:13722:17893;size=16	RH.C597F0BA65D4481Z0Z_F	100.000	24	0	4.65e-09	48.1
M03520:605:000000000-LVNKY:1:1101:14702:5025;size=16	RH.B9EF730EBE6C436Z0Z_F	100.000	25	0	1.18e-09	50.1
M03520:605:000000000-LVNKY:1:1101:14702:5025;size=16	RH.B9EF730EBE6C436Z0Z_R	100.000	22	0	7.27e-08	44.1
M03520:605:000000000-LVNKY:1:1101:19853:4827;size=16	RH.5F6424ABBC3C47BZ0Z_F	100.000	25	0	1.18e-09	50.1
M03520:605:000000000-LVNKY:1:1101:20541:8958;size=16	RH.E253263309B742FZ0Z_R	100.000	26	0	2.98e-10	52.0
M03520:605:000000000-LVNKY:1:1101:20541:8958;size=16	RH.E253263309B742FZ0Z_F	100.000	26	0	2.98e-10	52.0
M03520:605:000000000-LVNKY:1:1101:24492:11594;size=16	RH.E253263309B742FZ0Z_F	100.000	26	0	2.98e-10	52.0
M03520:605:000000000-LVNKY:1:1101:24492:11594;size=16	RH.E253263309B742FZ0Z_R	100.000	25	0	1.18e-09	50.1
M03520:605:000000000-LVNKY:1:1101:26105:18869;size=16	RH.72B9E3F522264B3Z0Z_F	100.000	22	0	7.27e-08	44.1
M03520:605:000000000-LVNKY:1:1101:26105:18869;size=16	RH.72B9E3F522264B3Z0Z_R	100.000	20	0	1.13e-06	40.1
M03520:605:000000000-LVNKY:1:1101:26715:20818;size=16	RH.6408CE975B5340AZ0Z_F	100.000	26	0	2.98e-10	52.0
M03520:605:000000000-LVNKY:1:1101:26715:20818;size=16	RH.6408CE975B5340AZ0Z_R	96.154	26	1	7.27e-08	44.1
M03520:605:000000000-LVNKY:1:1101:27938:15820;size=16	RH.6408CE975B5340AZ0Z_R	100.000	26	0	2.98e-10	52.0
M03520:605:000000000-LVNKY:1:1101:27938:15820;size=16	RH.6408CE975B5340AZ0Z_F	96.154	26	1	7.27e-08	44.1
M03520:605:000000000-LVNKY:1:1102:14649:13606;size=16	RH.44DCEC943BED412Z0Z_R	100.000	23	0	1.84e-08	46.1
M03520:605:000000000-LVNKY:1:1102:14649:13606;size=16	RH.44DCEC943BED412Z0Z_F	100.000	23	0	1.84e-08	46.1
M03520:605:000000000-LVNKY:1:1102:15244:25247;size=16	RH.6408CE975B5340AZ0Z_R	100.000	26	0	2.98e-10	52.0
M03520:605:000000000-LVNKY:1:1102:15244:25247;size=16	RH.6408CE975B5340AZ0Z_F	100.000	26	0	2.98e-10	52.0
M03520:605:000000000-LVNKY:1:1102:5229:10126;size=16	RH.E253263309B742FZ0Z_R	100.000	26	0	2.98e-10	52.0
M03520:605:000000000-LVNKY:1:1102:5229:10126;size=16	RH.E253263309B742FZ0Z_F	96.154	26	1	7.27e-08	44.1
M03520:605:000000000-LVNKY:1:1102:7456:20778;size=16	RH.E253263309B742FZ0Z_R	100.000	26	0	2.98e-10	52.0
M03520:605:000000000-LVNKY:1:1102:7456:20778;size=16	RH.E253263309B742FZ0Z_F	100.000	26	0	2.98e-10	52.0
M03520:605:000000000-LVNKY:1:1102:8649:14787;size=16	RH.609947B6947F457Z0Z_F	100.000	21	0	2.87e-07	42.1
M03520:605:000000000-LVNKY:1:1102:8649:14787;size=16	RH.A12CDF2B5C80436Z0Z_R	100.000	20	0	1.13e-06	40.1
M03520:605:000000000-LVNKY:1:1103:6847:7865;size=16	RH.0096A141894D447Z0Z_F	100.000	24	0	4.65e-09	48.1
M03520:605:000000000-LVNKY:1:1104:14726:11106;size=16	RH.25F43EF2A0F1421Z0Z_F	100.000	24	0	4.65e-09	48.1
M03520:605:000000000-LVNKY:1:1104:14726:11106;size=16	RH.25F43EF2A0F1421Z0Z_R	100.000	23	0	1.84e-08	46.1
M03520:605:000000000-LVNKY:1:1104:17264:17975;size=16	RH.6408CE975B5340AZ0Z_R	100.000	26	0	2.98e-10	52.0
M03520:605:000000000-LVNKY:1:1104:17264:17975;size=16	RH.609947B6947F457Z0Z_F	100.000	21	0	2.87e-07	42.1
M03520:605:000000000-LVNKY:1:1104:17264:17975;size=16	RH.A12CDF2B5C80436Z0Z_R	100.000	20	0	1.13e-06	40.1
M03520:605:000000000-LVNKY:1:1104:23649:6572;size=16	RH.B9EF730EBE6C436Z0Z_R	100.000	25	0	1.18e-09	50.1
M03520:605:000000000-LVNKY:1:1104:23649:6572;size=16	RH.B9EF730EBE6C436Z0Z_F	100.000	25	0	1.18e-09	50.1
M03520:605:000000000-LVNKY:1:1104:27969:19809;size=16	RH.E253263309B742FZ0Z_R	100.000	26	0	2.98e-10	52.0
M03520:605:000000000-LVNKY:1:1104:27969:19809;size=16	RH.E253263309B742FZ0Z_F	100.000	26	0	2.98e-10	52.0
M03520:605:000000000-LVNKY:1:1105:11696:18954;size=16	RH.B9EF730EBE6C436Z0Z_R	100.000	25	0	1.18e-09	50.1
M03520:605:000000000-LVNKY:1:1105:15733:1777;size=16	RH.B9EF730EBE6C436Z0Z_R	100.000	25	0	1.18e-09	50.1
M03520:605:000000000-LVNKY:1:1105:15733:1777;size=16	RH.E50C44E6F0174B8Z0Z_F	100.000	20	0	1.13e-06	40.1
M03520:605:000000000-LVNKY:1:1105:19639:14207;size=16	RH.E253263309B742FZ0Z_R	100.000	26	0	2.98e-10	52.0
M03520:605:000000000-LVNKY:1:1105:19639:14207;size=16	RH.E253263309B742FZ0Z_F	100.000	26	0	2.98e-10	52.0
M03520:605:000000000-LVNKY:1:1108:5392:11195;size=16	RH.2AFFFBA0E81C482Z0Z_R	100.000	23	0	1.84e-08	46.1
M03520:605:000000000-LVNKY:1:1108:5392:11195;size=16	RH.2AFFFBA0E81C482Z0Z_F	100.000	23	0	1.84e-08	46.1
M03520:605:000000000-LVNKY:1:1101:11535:8009;size=15	RH.B9EF730EBE6C436Z0Z_F	100.000	25	0	1.18e-09	50.1
M03520:605:000000000-LVNKY:1:1101:11535:8009;size=15	RH.B9EF730EBE6C436Z0Z_R	100.000	25	0	1.18e-09	50.1
M03520:605:000000000-LVNKY:1:1101:12507:22446;size=15	RH.B9EF730EBE6C436Z0Z_R	100.000	25	0	1.18e-09	50.1
M03520:605:000000000-LVNKY:1:1101:12507:22446;size=15	RH.B9EF730EBE6C436Z0Z_F	96.000	25	1	2.87e-07	42.1
M03520:605:000000000-LVNKY:1:1101:12860:6302;size=15	RH.2AFFFBA0E81C482Z0Z_F	100.000	23	0	1.84e-08	46.1
M03520:605:000000000-LVNKY:1:1101:12860:6302;size=15	RH.2AFFFBA0E81C482Z0Z_R	100.000	20	0	1.13e-06	40.1
M03520:605:000000000-LVNKY:1:1101:13153:5647;size=15	RH.72B9E3F522264B3Z0Z_F	100.000	22	0	7.27e-08	44.1
M03520:605:000000000-LVNKY:1:1101:14124:15768;size=15	RH.DDB83AFF97C94C6Z0Z_F	100.000	24	0	4.65e-09	48.1
M03520:605:000000000-LVNKY:1:1101:17630:10281;size=15	RH.6408CE975B5340AZ0Z_R	100.000	26	0	2.98e-10	52.0
M03520:605:000000000-LVNKY:1:1101:17630:10281;size=15	RH.6408CE975B5340AZ0Z_F	100.000	23	0	1.84e-08	46.1
M03520:605:000000000-LVNKY:1:1101:18292:24866;size=15	RH.6408CE975B5340AZ0Z_R	100.000	26	0	2.98e-10	52.0
M03520:605:000000000-LVNKY:1:1101:18292:24866;size=15	RH.6408CE975B5340AZ0Z_F	100.000	26	0	2.98e-10	52.0
M03520:605:000000000-LVNKY:1:1101:18348:13767;size=15	RH.DDB83AFF97C94C6Z0Z_F	100.000	24	0	4.65e-09	48.1
M03520:605:000000000-LVNKY:1:1101:18348:13767;size=15	RH.6572108A164E48EZ0Z_F	100.000	24	0	4.65e-09	48.1
M03520:605:000000000-LVNKY:1:1101:18857:6272;size=15	RH.2A85EAE5DEAD471Z0Z_R	100.000	25	0	1.18e-09	50.1
M03520:605:000000000-LVNKY:1:1101:18857:6272;size=15	RH.2A85EAE5DEAD471Z0Z_F	100.000	25	0	1.18e-09	50.1
M03520:605:000000000-LVNKY:1:1101:20438:12328;size=15	RH.72B9E3F522264B3Z0Z_F	100.000	22	0	7.27e-08	44.1
M03520:605:000000000-LVNKY:1:1101:20438:12328;size=15	RH.72B9E3F522264B3Z0Z_R	100.000	20	0	1.13e-06	40.1
M03520:605:000000000-LVNKY:1:1101:20556:4846;size=15	RH.B9EF730EBE6C436Z0Z_R	100.000	25	0	1.18e-09	50.1
M03520:605:000000000-LVNKY:1:1101:25353:23095;size=15	RH.B9EF730EBE6C436Z0Z_R	100.000	25	0	1.18e-09	50.1
M03520:605:000000000-LVNKY:1:1101:25353:23095;size=15	RH.B9EF730EBE6C436Z0Z_F	100.000	25	0	1.18e-09	50.1
M03520:605:000000000-LVNKY:1:1101:3822:14476;size=15	RH.6408CE975B5340AZ0Z_F	100.000	26	0	2.98e-10	52.0
M03520:605:000000000-LVNKY:1:1101:3822:14476;size=15	RH.6408CE975B5340AZ0Z_R	96.154	26	1	7.27e-08	44.1
M03520:605:000000000-LVNKY:1:1101:4545:21342;size=15	RH.E253263309B742FZ0Z_R	100.000	26	0	2.98e-10	52.0
M03520:605:000000000-LVNKY:1:1101:4545:21342;size=15	RH.E253263309B742FZ0Z_F	100.000	26	0	2.98e-10	52.0
M03520:605:000000000-LVNKY:1:1101:5934:16102;size=15	RH.F3CB70E6BDD6435Z0Z_F	100.000	25	0	1.18e-09	50.1
M03520:605:000000000-LVNKY:1:1101:5934:16102;size=15	RH.F3CB70E6BDD6435Z0Z_R	100.000	24	0	4.65e-09	48.1
M03520:605:000000000-LVNKY:1:1101:7889:17625;size=15	RH.B9EF730EBE6C436Z0Z_R	100.000	25	0	1.18e-09	50.1
M03520:605:000000000-LVNKY:1:1101:7889:17625;size=15	RH.B9EF730EBE6C436Z0Z_F	100.000	25	0	1.18e-09	50.1
M03520:605:000000000-LVNKY:1:1101:9505:23677;size=15	RH.6408CE975B5340AZ0Z_R	100.000	26	0	2.98e-10	52.0
M03520:605:000000000-LVNKY:1:1101:9505:23677;size=15	RH.6408CE975B5340AZ0Z_F	100.000	23	0	1.84e-08	46.1
M03520:605:000000000-LVNKY:1:1101:9832:5692;size=15	RH.B9EF730EBE6C436Z0Z_R	100.000	25	0	1.18e-09	50.1
M03520:605:000000000-LVNKY:1:1101:9832:5692;size=15	RH.B9EF730EBE6C436Z0Z_F	100.000	25	0	1.18e-09	50.1
M03520:605:000000000-LVNKY:1:1102:10959:9159;size=15	RH.E253263309B742FZ0Z_F	100.000	26	0	2.98e-10	52.0
M03520:605:000000000-LVNKY:1:1102:10959:9159;size=15	RH.E253263309B742FZ0Z_R	96.154	26	1	7.27e-08	44.1
M03520:605:000000000-LVNKY:1:1102:14987:23818;size=15	RH.E253263309B742FZ0Z_R	100.000	26	0	2.98e-10	52.0
M03520:605:000000000-LVNKY:1:1102:24579:6453;size=15	RH.E253263309B742FZ0Z_F	100.000	26	0	2.98e-10	52.0
M03520:605:000000000-LVNKY:1:1102:24579:6453;size=15	RH.E253263309B742FZ0Z_R	100.000	22	0	7.27e-08	44.1
M03520:605:000000000-LVNKY:1:1102:25626:19096;size=15	RH.B9EF730EBE6C436Z0Z_R	100.000	25	0	1.18e-09	50.1
M03520:605:000000000-LVNKY:1:1102:25626:19096;size=15	RH.3B2B2BB86AB94D3Z0Z_F	100.000	21	0	2.87e-07	42.1
M03520:605:000000000-LVNKY:1:1102:25626:19096;size=15	RH.64613722763148BZ0Z_R	100.000	19	0	4.48e-06	38.2
M03520:605:000000000-LVNKY:1:1102:7841:9246;size=15	RH.6408CE975B5340AZ0Z_F	100.000	26	0	2.98e-10	52.0
M03520:605:000000000-LVNKY:1:1102:7841:9246;size=15	RH.6408CE975B5340AZ0Z_R	96.154	26	1	7.27e-08	44.1
M03520:605:000000000-LVNKY:1:1102:9334:9852;size=15	RH.6408CE975B5340AZ0Z_R	100.000	26	0	2.98e-10	52.0
M03520:605:000000000-LVNKY:1:1102:9334:9852;size=15	RH.6408CE975B5340AZ0Z_F	100.000	26	0	2.98e-10	52.0
M03520:605:000000000-LVNKY:1:1102:9653:3719;size=15	RH.25F43EF2A0F1421Z0Z_F	100.000	24	0	4.65e-09	48.1
M03520:605:000000000-LVNKY:1:1102:9653:3719;size=15	RH.25F43EF2A0F1421Z0Z_R	100.000	23	0	1.84e-08	46.1
M03520:605:000000000-LVNKY:1:1103:14330:21433;size=15	RH.6408CE975B5340AZ0Z_R	100.000	26	0	2.98e-10	52.0
M03520:605:000000000-LVNKY:1:1103:14330:21433;size=15	RH.6408CE975B5340AZ0Z_F	100.000	26	0	2.98e-10	52.0
M03520:605:000000000-LVNKY:1:1103:14407:15476;size=15	RH.E253263309B742FZ0Z_R	100.000	26	0	2.98e-10	52.0
M03520:605:000000000-LVNKY:1:1103:14407:15476;size=15	RH.E253263309B742FZ0Z_F	100.000	26	0	2.98e-10	52.0
M03520:605:000000000-LVNKY:1:1103:14756:25942;size=15	RH.B9EF730EBE6C436Z0Z_R	100.000	25	0	1.18e-09	50.1
M03520:605:000000000-LVNKY:1:1103:14756:25942;size=15	RH.3B2B2BB86AB94D3Z0Z_F	100.000	21	0	2.87e-07	42.1
M03520:605:000000000-LVNKY:1:1103:14756:25942;size=15	RH.64613722763148BZ0Z_R	100.000	19	0	4.48e-06	38.2
M03520:605:000000000-LVNKY:1:1103:18672:16898;size=15	RH.E253263309B742FZ0Z_R	100.000	26	0	2.98e-10	52.0
M03520:605:000000000-LVNKY:1:1103:18672:16898;size=15	RH.E253263309B742FZ0Z_F	100.000	26	0	2.98e-10	52.0
M03520:605:000000000-LVNKY:1:1103:19773:21145;size=15	RH.25F43EF2A0F1421Z0Z_F	100.000	24	0	4.65e-09	48.1
M03520:605:000000000-LVNKY:1:1103:19773:21145;size=15	RH.25F43EF2A0F1421Z0Z_R	100.000	23	0	1.84e-08	46.1
M03520:605:000000000-LVNKY:1:1103:21685:9802;size=15	RH.B9EF730EBE6C436Z0Z_R	100.000	25	0	1.18e-09	50.1
M03520:605:000000000-LVNKY:1:1104:13005:5215;size=15	RH.6408CE975B5340AZ0Z_R	100.000	26	0	2.98e-10	52.0
M03520:605:000000000-LVNKY:1:1104:13005:5215;size=15	RH.6408CE975B5340AZ0Z_F	96.154	26	1	7.27e-08	44.1
M03520:605:000000000-LVNKY:1:1104:24031:10774;size=15	RH.6408CE975B5340AZ0Z_R	100.000	26	0	2.98e-10	52.0
M03520:605:000000000-LVNKY:1:1104:24031:10774;size=15	RH.6408CE975B5340AZ0Z_F	100.000	26	0	2.98e-10	52.0
M03520:605:000000000-LVNKY:1:1105:25443:16123;size=15	RH.6408CE975B5340AZ0Z_F	100.000	26	0	2.98e-10	52.0
M03520:605:000000000-LVNKY:1:1105:25443:16123;size=15	RH.6408CE975B5340AZ0Z_R	100.000	25	0	1.18e-09	50.1
M03520:605:000000000-LVNKY:1:1106:25575:15660;size=15	RH.2AFFFBA0E81C482Z0Z_R	100.000	23	0	1.84e-08	46.1
M03520:605:000000000-LVNKY:1:1106:25575:15660;size=15	RH.2AFFFBA0E81C482Z0Z_F	100.000	23	0	1.84e-08	46.1
M03520:605:000000000-LVNKY:1:1106:8515:23695;size=15	RH.6408CE975B5340AZ0Z_R	100.000	26	0	2.98e-10	52.0
M03520:605:000000000-LVNKY:1:1106:8515:23695;size=15	RH.6408CE975B5340AZ0Z_F	96.154	26	1	7.27e-08	44.1
M03520:605:000000000-LVNKY:1:1101:16275:23871;size=14	RH.E253263309B742FZ0Z_R	100.000	26	0	2.98e-10	52.0
M03520:605:000000000-LVNKY:1:1101:16275:23871;size=14	RH.E253263309B742FZ0Z_F	100.000	26	0	2.98e-10	52.0
M03520:605:000000000-LVNKY:1:1101:16420:2090;size=14	RH.E253263309B742FZ0Z_R	100.000	26	0	2.98e-10	52.0
M03520:605:000000000-LVNKY:1:1101:16420:2090;size=14	RH.E253263309B742FZ0Z_F	100.000	26	0	2.98e-10	52.0
M03520:605:000000000-LVNKY:1:1101:17297:2702;size=14	RH.6408CE975B5340AZ0Z_R	100.000	26	0	2.98e-10	52.0
M03520:605:000000000-LVNKY:1:1101:17297:2702;size=14	RH.6408CE975B5340AZ0Z_F	100.000	26	0	2.98e-10	52.0
M03520:605:000000000-LVNKY:1:1101:18203:21421;size=14	RH.E253263309B742FZ0Z_R	100.000	26	0	2.98e-10	52.0
M03520:605:000000000-LVNKY:1:1101:18203:21421;size=14	RH.E253263309B742FZ0Z_F	100.000	26	0	2.98e-10	52.0
M03520:605:000000000-LVNKY:1:1101:20997:8019;size=14	RH.2091F326F74640CZ0Z_R	100.000	22	0	7.27e-08	44.1
M03520:605:000000000-LVNKY:1:1101:20997:8019;size=14	RH.2091F326F74640CZ0Z_F	95.833	24	1	1.13e-06	40.1
M03520:605:000000000-LVNKY:1:1101:21326:6902;size=14	RH.E253263309B742FZ0Z_R	100.000	26	0	2.98e-10	52.0
M03520:605:000000000-LVNKY:1:1101:21326:6902;size=14	RH.E253263309B742FZ0Z_F	100.000	26	0	2.98e-10	52.0
M03520:605:000000000-LVNKY:1:1101:21694:20009;size=14	RH.E253263309B742FZ0Z_R	100.000	26	0	2.98e-10	52.0
M03520:605:000000000-LVNKY:1:1101:21694:20009;size=14	RH.E253263309B742FZ0Z_F	100.000	26	0	2.98e-10	52.0
M03520:605:000000000-LVNKY:1:1101:24191:20196;size=14	RH.E253263309B742FZ0Z_F	100.000	26	0	2.98e-10	52.0
M03520:605:000000000-LVNKY:1:1101:24191:20196;size=14	RH.E253263309B742FZ0Z_R	96.154	26	1	7.27e-08	44.1
M03520:605:000000000-LVNKY:1:1101:25167:19103;size=14	RH.2AFFFBA0E81C482Z0Z_R	100.000	23	0	1.84e-08	46.1
M03520:605:000000000-LVNKY:1:1101:25167:19103;size=14	RH.2AFFFBA0E81C482Z0Z_F	100.000	23	0	1.84e-08	46.1
M03520:605:000000000-LVNKY:1:1101:25396:9535;size=14	RH.E253263309B742FZ0Z_R	100.000	26	0	2.98e-10	52.0
M03520:605:000000000-LVNKY:1:1101:25396:9535;size=14	RH.E253263309B742FZ0Z_F	96.154	26	1	7.27e-08	44.1
M03520:605:000000000-LVNKY:1:1101:25721:17673;size=14	RH.0C6EF86AB29A422Z0Z_R	100.000	23	0	1.84e-08	46.1
M03520:605:000000000-LVNKY:1:1101:25721:17673;size=14	RH.0C6EF86AB29A422Z0Z_F	100.000	23	0	1.84e-08	46.1
M03520:605:000000000-LVNKY:1:1101:26297:9836;size=14	RH.2AFFFBA0E81C482Z0Z_R	100.000	23	0	1.84e-08	46.1
M03520:605:000000000-LVNKY:1:1101:26297:9836;size=14	RH.2AFFFBA0E81C482Z0Z_F	100.000	23	0	1.84e-08	46.1
M03520:605:000000000-LVNKY:1:1101:4298:8794;size=14	RH.6408CE975B5340AZ0Z_R	100.000	26	0	2.98e-10	52.0
M03520:605:000000000-LVNKY:1:1101:4298:8794;size=14	RH.6408CE975B5340AZ0Z_F	96.154	26	1	7.27e-08	44.1
M03520:605:000000000-LVNKY:1:1101:5804:19094;size=14	RH.B9EF730EBE6C436Z0Z_F	100.000	25	0	1.18e-09	50.1
M03520:605:000000000-LVNKY:1:1101:5804:19094;size=14	RH.B9EF730EBE6C436Z0Z_R	100.000	25	0	1.18e-09	50.1
M03520:605:000000000-LVNKY:1:1101:7143:6404;size=14	RH.6408CE975B5340AZ0Z_F	100.000	26	0	2.98e-10	52.0
M03520:605:000000000-LVNKY:1:1101:7143:6404;size=14	RH.BB93C61565534C3Z0Z_R	100.000	20	0	1.13e-06	40.1
M03520:605:000000000-LVNKY:1:1101:7690:16978;size=14	RH.2AFFFBA0E81C482Z0Z_R	100.000	23	0	1.84e-08	46.1
M03520:605:000000000-LVNKY:1:1101:7690:16978;size=14	RH.2AFFFBA0E81C482Z0Z_F	100.000	23	0	1.84e-08	46.1
M03520:605:000000000-LVNKY:1:1102:12722:1749;size=14	RH.B9EF730EBE6C436Z0Z_R	100.000	25	0	1.18e-09	50.1
M03520:605:000000000-LVNKY:1:1102:16023:2484;size=14	RH.DDB83AFF97C94C6Z0Z_R	100.000	25	0	1.18e-09	50.1
M03520:605:000000000-LVNKY:1:1102:16023:2484;size=14	RH.DDB83AFF97C94C6Z0Z_F	100.000	24	0	4.65e-09	48.1
M03520:605:000000000-LVNKY:1:1102:18679:7966;size=14	RH.2AFFFBA0E81C482Z0Z_R	100.000	23	0	1.84e-08	46.1
M03520:605:000000000-LVNKY:1:1102:18679:7966;size=14	RH.2AFFFBA0E81C482Z0Z_F	100.000	23	0	1.84e-08	46.1
M03520:605:000000000-LVNKY:1:1102:18823:8419;size=14	RH.DDB83AFF97C94C6Z0Z_R	100.000	25	0	1.18e-09	50.1
M03520:605:000000000-LVNKY:1:1102:18823:8419;size=14	RH.DDB83AFF97C94C6Z0Z_F	100.000	24	0	4.65e-09	48.1
M03520:605:000000000-LVNKY:1:1102:19303:11456;size=14	RH.E253263309B742FZ0Z_F	100.000	26	0	2.98e-10	52.0
M03520:605:000000000-LVNKY:1:1102:19303:11456;size=14	RH.E253263309B742FZ0Z_R	96.154	26	1	7.27e-08	44.1
M03520:605:000000000-LVNKY:1:1102:22707:8272;size=14	RH.2AFFFBA0E81C482Z0Z_R	100.000	23	0	1.84e-08	46.1
M03520:605:000000000-LVNKY:1:1102:22707:8272;size=14	RH.2AFFFBA0E81C482Z0Z_F	100.000	23	0	1.84e-08	46.1
M03520:605:000000000-LVNKY:1:1102:6259:7073;size=14	RH.F3CB70E6BDD6435Z0Z_F	100.000	25	0	1.18e-09	50.1
M03520:605:000000000-LVNKY:1:1102:6259:7073;size=14	RH.F3CB70E6BDD6435Z0Z_R	100.000	24	0	4.65e-09	48.1
M03520:605:000000000-LVNKY:1:1102:6795:23515;size=14	RH.25F43EF2A0F1421Z0Z_F	100.000	24	0	4.65e-09	48.1
M03520:605:000000000-LVNKY:1:1102:6795:23515;size=14	RH.25F43EF2A0F1421Z0Z_R	100.000	23	0	1.84e-08	46.1
M03520:605:000000000-LVNKY:1:1103:18687:7195;size=14	RH.0E12152EC5E54F0Z0Z_F	100.000	24	0	4.65e-09	48.1
M03520:605:000000000-LVNKY:1:1103:18687:7195;size=14	RH.0E12152EC5E54F0Z0Z_R	100.000	23	0	1.84e-08	46.1
M03520:605:000000000-LVNKY:1:1103:25667:17769;size=14	RH.E253263309B742FZ0Z_R	100.000	26	0	2.98e-10	52.0
M03520:605:000000000-LVNKY:1:1104:12232:28096;size=14	RH.6408CE975B5340AZ0Z_R	100.000	26	0	2.98e-10	52.0
M03520:605:000000000-LVNKY:1:1104:12232:28096;size=14	RH.6408CE975B5340AZ0Z_F	100.000	26	0	2.98e-10	52.0
M03520:605:000000000-LVNKY:1:1104:13250:15670;size=14	RH.6408CE975B5340AZ0Z_R	100.000	26	0	2.98e-10	52.0
M03520:605:000000000-LVNKY:1:1104:20256:22810;size=14	RH.B9EF730EBE6C436Z0Z_R	100.000	25	0	1.18e-09	50.1
M03520:605:000000000-LVNKY:1:1104:20256:22810;size=14	RH.E50C44E6F0174B8Z0Z_F	100.000	20	0	1.13e-06	40.1
M03520:605:000000000-LVNKY:1:1104:20881:14967;size=14	RH.0C6EF86AB29A422Z0Z_F	100.000	20	0	1.13e-06	40.1
M03520:605:000000000-LVNKY:1:1104:27299:18219;size=14	RH.E253263309B742FZ0Z_R	100.000	26	0	2.98e-10	52.0
M03520:605:000000000-LVNKY:1:1104:27299:18219;size=14	RH.E253263309B742FZ0Z_F	100.000	26	0	2.98e-10	52.0
M03520:605:000000000-LVNKY:1:1105:7194:7894;size=14	RH.B9EF730EBE6C436Z0Z_R	100.000	25	0	1.18e-09	50.1
M03520:605:000000000-LVNKY:1:1105:7194:7894;size=14	RH.B9EF730EBE6C436Z0Z_F	100.000	23	0	1.84e-08	46.1
M03520:605:000000000-LVNKY:1:1107:10983:6656;size=14	RH.6408CE975B5340AZ0Z_F	100.000	26	0	2.98e-10	52.0
M03520:605:000000000-LVNKY:1:1107:10983:6656;size=14	RH.6408CE975B5340AZ0Z_R	96.154	26	1	7.27e-08	44.1
M03520:605:000000000-LVNKY:1:1101:10932:17856;size=13	RH.E253263309B742FZ0Z_R	100.000	26	0	2.98e-10	52.0
M03520:605:000000000-LVNKY:1:1101:10932:17856;size=13	RH.E253263309B742FZ0Z_F	100.000	26	0	2.98e-10	52.0
M03520:605:000000000-LVNKY:1:1101:11225:17902;size=13	RH.B9EF730EBE6C436Z0Z_R	100.000	25	0	1.18e-09	50.1
M03520:605:000000000-LVNKY:1:1101:11225:17902;size=13	RH.B9EF730EBE6C436Z0Z_F	100.000	25	0	1.18e-09	50.1
M03520:605:000000000-LVNKY:1:1101:12688:18514;size=13	RH.25F43EF2A0F1421Z0Z_F	100.000	24	0	4.65e-09	48.1
M03520:605:000000000-LVNKY:1:1101:12688:18514;size=13	RH.25F43EF2A0F1421Z0Z_R	100.000	23	0	1.84e-08	46.1
M03520:605:000000000-LVNKY:1:1101:14162:3005;size=13	RH.B9EF730EBE6C436Z0Z_R	100.000	25	0	1.18e-09	50.1
M03520:605:000000000-LVNKY:1:1101:16010:12719;size=13	RH.2AFFFBA0E81C482Z0Z_R	100.000	23	0	1.84e-08	46.1
M03520:605:000000000-LVNKY:1:1101:16010:12719;size=13	RH.2AFFFBA0E81C482Z0Z_F	100.000	23	0	1.84e-08	46.1
M03520:605:000000000-LVNKY:1:1101:17042:15156;size=13	RH.25F43EF2A0F1421Z0Z_F	100.000	24	0	4.65e-09	48.1
M03520:605:000000000-LVNKY:1:1101:17042:15156;size=13	RH.25F43EF2A0F1421Z0Z_R	100.000	23	0	1.84e-08	46.1
M03520:605:000000000-LVNKY:1:1101:17155:7741;size=13	RH.E253263309B742FZ0Z_F	100.000	26	0	2.98e-10	52.0
M03520:605:000000000-LVNKY:1:1101:17450:15138;size=13	RH.B9EF730EBE6C436Z0Z_F	100.000	25	0	1.18e-09	50.1
M03520:605:000000000-LVNKY:1:1101:17450:15138;size=13	RH.B9EF730EBE6C436Z0Z_R	100.000	25	0	1.18e-09	50.1
M03520:605:000000000-LVNKY:1:1101:18285:9466;size=13	RH.DDB83AFF97C94C6Z0Z_R	100.000	24	0	4.65e-09	48.1
M03520:605:000000000-LVNKY:1:1101:18285:9466;size=13	RH.DDB83AFF97C94C6Z0Z_F	100.000	24	0	4.65e-09	48.1
M03520:605:000000000-LVNKY:1:1101:18683:14298;size=13	RH.E253263309B742FZ0Z_R	100.000	26	0	2.98e-10	52.0
M03520:605:000000000-LVNKY:1:1101:18683:14298;size=13	RH.E253263309B742FZ0Z_F	100.000	26	0	2.98e-10	52.0
M03520:605:000000000-LVNKY:1:1101:19087:16256;size=13	RH.2A8AD21024974C0Z0Z_R	100.000	25	0	1.18e-09	50.1
M03520:605:000000000-LVNKY:1:1101:19674:25795;size=13	RH.E253263309B742FZ0Z_R	100.000	26	0	2.98e-10	52.0
M03520:605:000000000-LVNKY:1:1101:19674:25795;size=13	RH.E253263309B742FZ0Z_F	100.000	26	0	2.98e-10	52.0
M03520:605:000000000-LVNKY:1:1101:21043:6065;size=13	RH.7CE39E25906745AZ0Z_R	100.000	26	0	2.98e-10	52.0
M03520:605:000000000-LVNKY:1:1101:21043:6065;size=13	RH.7CE39E25906745AZ0Z_F	100.000	25	0	1.18e-09	50.1
M03520:605:000000000-LVNKY:1:1101:23690:13017;size=13	RH.6408CE975B5340AZ0Z_R	100.000	26	0	2.98e-10	52.0
M03520:605:000000000-LVNKY:1:1101:23690:13017;size=13	RH.6408CE975B5340AZ0Z_F	100.000	26	0	2.98e-10	52.0
M03520:605:000000000-LVNKY:1:1101:24117:8709;size=13	RH.6408CE975B5340AZ0Z_R	100.000	26	0	2.98e-10	52.0
M03520:605:000000000-LVNKY:1:1101:24117:8709;size=13	RH.6408CE975B5340AZ0Z_F	100.000	26	0	2.98e-10	52.0
M03520:605:000000000-LVNKY:1:1101:3382:11383;size=13	RH.B9EF730EBE6C436Z0Z_R	100.000	25	0	1.18e-09	50.1
M03520:605:000000000-LVNKY:1:1101:3382:11383;size=13	RH.B9EF730EBE6C436Z0Z_F	100.000	25	0	1.18e-09	50.1
M03520:605:000000000-LVNKY:1:1101:8427:12581;size=13	RH.69CEA0AC39F4445Z0Z_R	100.000	23	0	1.84e-08	46.1
M03520:605:000000000-LVNKY:1:1101:8427:12581;size=13	RH.3B2B2BB86AB94D3Z0Z_F	100.000	21	0	2.87e-07	42.1
M03520:605:000000000-LVNKY:1:1101:8427:12581;size=13	RH.64613722763148BZ0Z_R	100.000	19	0	4.48e-06	38.2
M03520:605:000000000-LVNKY:1:1101:9213:21885;size=13	RH.B9EF730EBE6C436Z0Z_F	100.000	25	0	1.18e-09	50.1
M03520:605:000000000-LVNKY:1:1101:9213:21885;size=13	RH.B9EF730EBE6C436Z0Z_R	100.000	25	0	1.18e-09	50.1
M03520:605:000000000-LVNKY:1:1102:12201:27845;size=13	RH.6408CE975B5340AZ0Z_R	100.000	26	0	2.98e-10	52.0
M03520:605:000000000-LVNKY:1:1102:12201:27845;size=13	RH.6408CE975B5340AZ0Z_F	96.154	26	1	7.27e-08	44.1
M03520:605:000000000-LVNKY:1:1102:14316:22412;size=13	RH.F2F19E4203944BDZ0Z_F	100.000	22	0	7.27e-08	44.1
M03520:605:000000000-LVNKY:1:1102:18146:10202;size=13	RH.6408CE975B5340AZ0Z_R	100.000	26	0	2.98e-10	52.0
M03520:605:000000000-LVNKY:1:1102:18146:10202;size=13	RH.6408CE975B5340AZ0Z_F	100.000	26	0	2.98e-10	52.0
M03520:605:000000000-LVNKY:1:1102:21156:16286;size=13	RH.2AFFFBA0E81C482Z0Z_R	100.000	23	0	1.84e-08	46.1
M03520:605:000000000-LVNKY:1:1102:21156:16286;size=13	RH.2AFFFBA0E81C482Z0Z_F	100.000	23	0	1.84e-08	46.1
M03520:605:000000000-LVNKY:1:1102:27706:18472;size=13	RH.6DE797B0D3F544DZ0Z_F	100.000	26	0	2.98e-10	52.0
M03520:605:000000000-LVNKY:1:1102:8047:6634;size=13	RH.2AFFFBA0E81C482Z0Z_R	100.000	23	0	1.84e-08	46.1
M03520:605:000000000-LVNKY:1:1102:8047:6634;size=13	RH.2AFFFBA0E81C482Z0Z_F	100.000	23	0	1.84e-08	46.1
M03520:605:000000000-LVNKY:1:1103:10520:13641;size=13	RH.72B9E3F522264B3Z0Z_F	100.000	22	0	7.27e-08	44.1
M03520:605:000000000-LVNKY:1:1103:10520:13641;size=13	RH.72B9E3F522264B3Z0Z_R	100.000	20	0	1.13e-06	40.1
M03520:605:000000000-LVNKY:1:1103:11218:11329;size=13	RH.2AFFFBA0E81C482Z0Z_R	100.000	23	0	1.84e-08	46.1
M03520:605:000000000-LVNKY:1:1103:11218:11329;size=13	RH.1CC74B91718A42FZ0Z_F	100.000	20	0	1.13e-06	40.1
M03520:605:000000000-LVNKY:1:1103:16227:2221;size=13	RH.159AE449CD74409Z0Z_R	100.000	23	0	1.84e-08	46.1
M03520:605:000000000-LVNKY:1:1103:16227:2221;size=13	RH.159AE449CD74409Z0Z_F	100.000	22	0	7.27e-08	44.1
M03520:605:000000000-LVNKY:1:1103:17941:14613;size=13	RH.2AFFFBA0E81C482Z0Z_R	100.000	23	0	1.84e-08	46.1
M03520:605:000000000-LVNKY:1:1103:17941:14613;size=13	RH.2AFFFBA0E81C482Z0Z_F	100.000	23	0	1.84e-08	46.1
M03520:605:000000000-LVNKY:1:1103:27357:13866;size=13	RH.609947B6947F457Z0Z_F	100.000	21	0	2.87e-07	42.1
M03520:605:000000000-LVNKY:1:1103:27357:13866;size=13	RH.A12CDF2B5C80436Z0Z_R	100.000	20	0	1.13e-06	40.1
M03520:605:000000000-LVNKY:1:1104:16855:11774;size=13	RH.F4E2313A8B92492Z0Z_F	100.000	24	0	4.65e-09	48.1
M03520:605:000000000-LVNKY:1:1104:16855:11774;size=13	RH.F4E2313A8B92492Z0Z_R	100.000	19	0	4.48e-06	38.2
M03520:605:000000000-LVNKY:1:1104:28767:14635;size=13	RH.E253263309B742FZ0Z_R	100.000	26	0	2.98e-10	52.0
M03520:605:000000000-LVNKY:1:1104:9306:27302;size=13	RH.B9EF730EBE6C436Z0Z_R	100.000	25	0	1.18e-09	50.1
M03520:605:000000000-LVNKY:1:1104:9306:27302;size=13	RH.B9EF730EBE6C436Z0Z_F	100.000	25	0	1.18e-09	50.1
M03520:605:000000000-LVNKY:1:1105:21091:13371;size=13	RH.F2F19E4203944BDZ0Z_R	100.000	22	0	7.27e-08	44.1
M03520:605:000000000-LVNKY:1:1105:21091:13371;size=13	RH.F2F19E4203944BDZ0Z_F	100.000	22	0	7.27e-08	44.1
M03520:605:000000000-LVNKY:1:1105:21748:10573;size=13	RH.2A85EAE5DEAD471Z0Z_R	100.000	25	0	1.18e-09	50.1
M03520:605:000000000-LVNKY:1:1105:21748:10573;size=13	RH.2A85EAE5DEAD471Z0Z_F	100.000	21	0	2.87e-07	42.1
M03520:605:000000000-LVNKY:1:1105:21945:11409;size=13	RH.6408CE975B5340AZ0Z_R	100.000	26	0	2.98e-10	52.0
M03520:605:000000000-LVNKY:1:1105:21945:11409;size=13	RH.6408CE975B5340AZ0Z_F	100.000	26	0	2.98e-10	52.0
M03520:605:000000000-LVNKY:1:1105:25016:10199;size=13	RH.72B9E3F522264B3Z0Z_F	100.000	22	0	7.27e-08	44.1
M03520:605:000000000-LVNKY:1:1105:25016:10199;size=13	RH.72B9E3F522264B3Z0Z_R	100.000	20	0	1.13e-06	40.1
M03520:605:000000000-LVNKY:1:1105:6203:12822;size=13	RH.25F43EF2A0F1421Z0Z_F	100.000	24	0	4.65e-09	48.1
M03520:605:000000000-LVNKY:1:1105:6203:12822;size=13	RH.25F43EF2A0F1421Z0Z_R	100.000	23	0	1.84e-08	46.1
M03520:605:000000000-LVNKY:1:1106:11965:11012;size=13	RH.66A8191403904A0Z0Z_R	100.000	30	0	1.22e-12	60.0
M03520:605:000000000-LVNKY:1:1106:11965:11012;size=13	RH.66A8191403904A0Z0Z_F	100.000	29	0	4.83e-12	58.0
M03520:605:000000000-LVNKY:1:1106:26713:18771;size=13	RH.6408CE975B5340AZ0Z_R	100.000	26	0	2.98e-10	52.0
M03520:605:000000000-LVNKY:1:1106:4507:7460;size=13	RH.E253263309B742FZ0Z_R	100.000	26	0	2.98e-10	52.0
M03520:605:000000000-LVNKY:1:1106:4507:7460;size=13	RH.E253263309B742FZ0Z_F	100.000	26	0	2.98e-10	52.0
M03520:605:000000000-LVNKY:1:1106:6199:5193;size=13	RH.B2A7FEFE5F5C48AZ0Z_F	100.000	24	0	4.65e-09	48.1
M03520:605:000000000-LVNKY:1:1106:6199:5193;size=13	RH.B2A7FEFE5F5C48AZ0Z_R	95.652	23	1	4.48e-06	38.2
M03520:605:000000000-LVNKY:1:1107:17560:1774;size=13	RH.094E5466924B45EZ0Z_F	100.000	26	0	2.98e-10	52.0
M03520:605:000000000-LVNKY:1:1107:17560:1774;size=13	RH.094E5466924B45EZ0Z_R	100.000	25	0	1.18e-09	50.1
M03520:605:000000000-LVNKY:1:1110:26956:13698;size=13	RH.DDB83AFF97C94C6Z0Z_F	100.000	24	0	4.65e-09	48.1
M03520:605:000000000-LVNKY:1:1110:26956:13698;size=13	RH.DDB83AFF97C94C6Z0Z_R	100.000	19	0	4.48e-06	38.2
M03520:605:000000000-LVNKY:1:1110:26956:13698;size=13	RH.256B9DD95E5E4EDZ0Z_R	100.000	19	0	4.48e-06	38.2
M03520:605:000000000-LVNKY:1:1101:10063:7929;size=12	RH.6408CE975B5340AZ0Z_R	100.000	26	0	2.98e-10	52.0
M03520:605:000000000-LVNKY:1:1101:10063:7929;size=12	RH.6408CE975B5340AZ0Z_F	96.154	26	1	7.27e-08	44.1
M03520:605:000000000-LVNKY:1:1101:13077:4052;size=12	RH.25F43EF2A0F1421Z0Z_F	100.000	24	0	4.65e-09	48.1
M03520:605:000000000-LVNKY:1:1101:13077:4052;size=12	RH.25F43EF2A0F1421Z0Z_R	100.000	23	0	1.84e-08	46.1
M03520:605:000000000-LVNKY:1:1101:13645:14940;size=12	RH.E253263309B742FZ0Z_F	100.000	26	0	2.98e-10	52.0
M03520:605:000000000-LVNKY:1:1101:13645:14940;size=12	RH.E253263309B742FZ0Z_R	100.000	22	0	7.27e-08	44.1
M03520:605:000000000-LVNKY:1:1101:13645:14940;size=12	RH.D509FD74926C4E6Z0Z_R	100.000	21	0	2.87e-07	42.1
M03520:605:000000000-LVNKY:1:1101:14848:3618;size=12	RH.6408CE975B5340AZ0Z_R	100.000	26	0	2.98e-10	52.0
M03520:605:000000000-LVNKY:1:1101:14848:3618;size=12	RH.6408CE975B5340AZ0Z_F	100.000	26	0	2.98e-10	52.0
M03520:605:000000000-LVNKY:1:1101:15448:28250;size=12	RH.27578A9A85FA4A3Z0Z_F	100.000	24	0	4.65e-09	48.1
M03520:605:000000000-LVNKY:1:1101:15448:28250;size=12	RH.27578A9A85FA4A3Z0Z_R	100.000	22	0	7.27e-08	44.1
M03520:605:000000000-LVNKY:1:1101:17268:17795;size=12	RH.C597F0BA65D4481Z0Z_R	100.000	24	0	4.65e-09	48.1
M03520:605:000000000-LVNKY:1:1101:17268:17795;size=12	RH.C597F0BA65D4481Z0Z_F	100.000	24	0	4.65e-09	48.1
M03520:605:000000000-LVNKY:1:1101:17320:18204;size=12	RH.6408CE975B5340AZ0Z_R	100.000	26	0	2.98e-10	52.0
M03520:605:000000000-LVNKY:1:1101:17320:18204;size=12	RH.6408CE975B5340AZ0Z_F	96.154	26	1	7.27e-08	44.1
M03520:605:000000000-LVNKY:1:1101:18290:5708;size=12	RH.7CE39E25906745AZ0Z_R	100.000	26	0	2.98e-10	52.0
M03520:605:000000000-LVNKY:1:1101:18290:5708;size=12	RH.7CE39E25906745AZ0Z_F	100.000	25	0	1.18e-09	50.1
M03520:605:000000000-LVNKY:1:1101:20508:27043;size=12	RH.E253263309B742FZ0Z_R	100.000	26	0	2.98e-10	52.0
M03520:605:000000000-LVNKY:1:1101:20508:27043;size=12	RH.E253263309B742FZ0Z_F	96.154	26	1	7.27e-08	44.1
M03520:605:000000000-LVNKY:1:1101:20697:7840;size=12	RH.6408CE975B5340AZ0Z_R	100.000	26	0	2.98e-10	52.0
M03520:605:000000000-LVNKY:1:1101:20697:7840;size=12	RH.6408CE975B5340AZ0Z_F	100.000	26	0	2.98e-10	52.0
M03520:605:000000000-LVNKY:1:1101:24342:10078;size=12	RH.E253263309B742FZ0Z_F	100.000	26	0	2.98e-10	52.0
M03520:605:000000000-LVNKY:1:1101:25121:19317;size=12	RH.7CE39E25906745AZ0Z_R	100.000	25	0	1.18e-09	50.1
M03520:605:000000000-LVNKY:1:1101:26154:11644;size=12	RH.2A85EAE5DEAD471Z0Z_F	100.000	25	0	1.18e-09	50.1
M03520:605:000000000-LVNKY:1:1101:26154:11644;size=12	RH.2A85EAE5DEAD471Z0Z_R	100.000	25	0	1.18e-09	50.1
M03520:605:000000000-LVNKY:1:1101:4189:17482;size=12	RH.6408CE975B5340AZ0Z_F	100.000	26	0	2.98e-10	52.0
M03520:605:000000000-LVNKY:1:1101:4189:17482;size=12	RH.6408CE975B5340AZ0Z_R	96.154	26	1	7.27e-08	44.1
M03520:605:000000000-LVNKY:1:1101:6688:14867;size=12	RH.E253263309B742FZ0Z_R	100.000	26	0	2.98e-10	52.0
M03520:605:000000000-LVNKY:1:1101:6688:14867;size=12	RH.E253263309B742FZ0Z_F	100.000	26	0	2.98e-10	52.0
M03520:605:000000000-LVNKY:1:1101:7994:25197;size=12	RH.2A85EAE5DEAD471Z0Z_R	100.000	25	0	1.18e-09	50.1
M03520:605:000000000-LVNKY:1:1101:7994:25197;size=12	RH.2A85EAE5DEAD471Z0Z_F	100.000	25	0	1.18e-09	50.1
M03520:605:000000000-LVNKY:1:1101:8360:13558;size=12	RH.2091F326F74640CZ0Z_R	100.000	22	0	7.27e-08	44.1
M03520:605:000000000-LVNKY:1:1101:8360:13558;size=12	RH.2091F326F74640CZ0Z_F	100.000	22	0	7.27e-08	44.1
M03520:605:000000000-LVNKY:1:1101:9964:6911;size=12	RH.B2A7FEFE5F5C48AZ0Z_F	100.000	24	0	4.65e-09	48.1
M03520:605:000000000-LVNKY:1:1101:9964:6911;size=12	RH.B2A7FEFE5F5C48AZ0Z_R	100.000	23	0	1.84e-08	46.1
M03520:605:000000000-LVNKY:1:1102:11336:6090;size=12	RH.1178978C1B124F7Z0Z_R	100.000	22	0	7.27e-08	44.1
M03520:605:000000000-LVNKY:1:1102:11336:6090;size=12	RH.1178978C1B124F7Z0Z_F	100.000	21	0	2.87e-07	42.1
M03520:605:000000000-LVNKY:1:1102:11827:12006;size=12	RH.6408CE975B5340AZ0Z_R	100.000	26	0	2.98e-10	52.0
M03520:605:000000000-LVNKY:1:1102:11827:12006;size=12	RH.6408CE975B5340AZ0Z_F	96.154	26	1	7.27e-08	44.1
M03520:605:000000000-LVNKY:1:1102:16095:13175;size=12	RH.6408CE975B5340AZ0Z_R	100.000	26	0	2.98e-10	52.0
M03520:605:000000000-LVNKY:1:1102:16095:13175;size=12	RH.6408CE975B5340AZ0Z_F	100.000	26	0	2.98e-10	52.0
M03520:605:000000000-LVNKY:1:1102:19845:2241;size=12	RH.2A85EAE5DEAD471Z0Z_F	100.000	25	0	1.18e-09	50.1
M03520:605:000000000-LVNKY:1:1102:19845:2241;size=12	RH.2A85EAE5DEAD471Z0Z_R	96.000	25	1	2.87e-07	42.1
M03520:605:000000000-LVNKY:1:1102:20372:3756;size=12	RH.6408CE975B5340AZ0Z_F	100.000	26	0	2.98e-10	52.0
M03520:605:000000000-LVNKY:1:1102:20372:3756;size=12	RH.6408CE975B5340AZ0Z_R	96.154	26	1	7.27e-08	44.1
M03520:605:000000000-LVNKY:1:1102:25785:13761;size=12	RH.E253263309B742FZ0Z_R	100.000	26	0	2.98e-10	52.0
M03520:605:000000000-LVNKY:1:1102:27219:14442;size=12	RH.517A9FBA2B494D5Z0Z_F	100.000	25	0	1.18e-09	50.1
M03520:605:000000000-LVNKY:1:1102:27219:14442;size=12	RH.517A9FBA2B494D5Z0Z_R	100.000	24	0	4.65e-09	48.1
M03520:605:000000000-LVNKY:1:1102:5225:12094;size=12	RH.2AFFFBA0E81C482Z0Z_R	100.000	23	0	1.84e-08	46.1
M03520:605:000000000-LVNKY:1:1102:5225:12094;size=12	RH.2AFFFBA0E81C482Z0Z_F	100.000	23	0	1.84e-08	46.1
M03520:605:000000000-LVNKY:1:1102:8413:4999;size=12	RH.AD51C83F68EC43DZ0Z_F	100.000	23	0	1.84e-08	46.1
M03520:605:000000000-LVNKY:1:1102:8413:4999;size=12	RH.AD51C83F68EC43DZ0Z_R	100.000	21	0	2.87e-07	42.1
M03520:605:000000000-LVNKY:1:1102:8850:21060;size=12	RH.2A85EAE5DEAD471Z0Z_R	100.000	25	0	1.18e-09	50.1
M03520:605:000000000-LVNKY:1:1102:8850:21060;size=12	RH.2A85EAE5DEAD471Z0Z_F	100.000	25	0	1.18e-09	50.1
M03520:605:000000000-LVNKY:1:1103:15413:8384;size=12	RH.25F43EF2A0F1421Z0Z_F	100.000	24	0	4.65e-09	48.1
M03520:605:000000000-LVNKY:1:1103:15413:8384;size=12	RH.25F43EF2A0F1421Z0Z_R	100.000	23	0	1.84e-08	46.1
M03520:605:000000000-LVNKY:1:1103:16488:7861;size=12	RH.2A85EAE5DEAD471Z0Z_R	100.000	25	0	1.18e-09	50.1
M03520:605:000000000-LVNKY:1:1103:16488:7861;size=12	RH.2A85EAE5DEAD471Z0Z_F	100.000	25	0	1.18e-09	50.1
M03520:605:000000000-LVNKY:1:1103:19579:20056;size=12	RH.69CEA0AC39F4445Z0Z_F	100.000	24	0	4.65e-09	48.1
M03520:605:000000000-LVNKY:1:1103:19579:20056;size=12	RH.69CEA0AC39F4445Z0Z_R	100.000	23	0	1.84e-08	46.1
M03520:605:000000000-LVNKY:1:1103:19605:13031;size=12	RH.2AFFFBA0E81C482Z0Z_F	100.000	23	0	1.84e-08	46.1
M03520:605:000000000-LVNKY:1:1103:19605:13031;size=12	RH.2AFFFBA0E81C482Z0Z_R	95.652	23	1	4.48e-06	38.2
M03520:605:000000000-LVNKY:1:1103:20699:19776;size=12	RH.6408CE975B5340AZ0Z_R	100.000	26	0	2.98e-10	52.0
M03520:605:000000000-LVNKY:1:1103:20699:19776;size=12	RH.6408CE975B5340AZ0Z_F	100.000	26	0	2.98e-10	52.0
M03520:605:000000000-LVNKY:1:1103:21849:9340;size=12	RH.25F43EF2A0F1421Z0Z_F	100.000	24	0	4.65e-09	48.1
M03520:605:000000000-LVNKY:1:1103:21849:9340;size=12	RH.25F43EF2A0F1421Z0Z_R	100.000	23	0	1.84e-08	46.1
M03520:605:000000000-LVNKY:1:1104:10027:7594;size=12	RH.2A85EAE5DEAD471Z0Z_F	100.000	25	0	1.18e-09	50.1
M03520:605:000000000-LVNKY:1:1104:10027:7594;size=12	RH.2A85EAE5DEAD471Z0Z_R	100.000	22	0	7.27e-08	44.1
M03520:605:000000000-LVNKY:1:1104:11112:9569;size=12	RH.6408CE975B5340AZ0Z_R	100.000	26	0	2.98e-10	52.0
M03520:605:000000000-LVNKY:1:1104:11112:9569;size=12	RH.6408CE975B5340AZ0Z_F	100.000	26	0	2.98e-10	52.0
M03520:605:000000000-LVNKY:1:1104:16180:11670;size=12	RH.B9EF730EBE6C436Z0Z_R	100.000	25	0	1.18e-09	50.1
M03520:605:000000000-LVNKY:1:1104:16180:11670;size=12	RH.609947B6947F457Z0Z_F	100.000	21	0	2.87e-07	42.1
M03520:605:000000000-LVNKY:1:1104:16180:11670;size=12	RH.A12CDF2B5C80436Z0Z_R	100.000	20	0	1.13e-06	40.1
M03520:605:000000000-LVNKY:1:1104:3531:18160;size=12	RH.6408CE975B5340AZ0Z_F	100.000	26	0	2.98e-10	52.0
M03520:605:000000000-LVNKY:1:1104:3531:18160;size=12	RH.6408CE975B5340AZ0Z_R	100.000	24	0	4.65e-09	48.1
M03520:605:000000000-LVNKY:1:1104:6314:14689;size=12	RH.E253263309B742FZ0Z_R	100.000	26	0	2.98e-10	52.0
M03520:605:000000000-LVNKY:1:1104:6314:14689;size=12	RH.E253263309B742FZ0Z_F	100.000	26	0	2.98e-10	52.0
M03520:605:000000000-LVNKY:1:1104:7662:19129;size=12	RH.2A8AD21024974C0Z0Z_F	100.000	26	0	2.98e-10	52.0
M03520:605:000000000-LVNKY:1:1104:7662:19129;size=12	RH.2A8AD21024974C0Z0Z_R	96.000	25	1	2.87e-07	42.1
M03520:605:000000000-LVNKY:1:1105:8927:6405;size=12	RH.DDB83AFF97C94C6Z0Z_R	100.000	25	0	1.18e-09	50.1
M03520:605:000000000-LVNKY:1:1105:8927:6405;size=12	RH.DDB83AFF97C94C6Z0Z_F	100.000	24	0	4.65e-09	48.1
M03520:605:000000000-LVNKY:1:1105:9837:24317;size=12	RH.2AFFFBA0E81C482Z0Z_R	100.000	23	0	1.84e-08	46.1
M03520:605:000000000-LVNKY:1:1105:9837:24317;size=12	RH.2AFFFBA0E81C482Z0Z_F	100.000	23	0	1.84e-08	46.1
M03520:605:000000000-LVNKY:1:1108:24526:23794;size=12	RH.25F43EF2A0F1421Z0Z_F	100.000	24	0	4.65e-09	48.1
M03520:605:000000000-LVNKY:1:1108:24526:23794;size=12	RH.25F43EF2A0F1421Z0Z_R	100.000	23	0	1.84e-08	46.1
M03520:605:000000000-LVNKY:1:1108:6000:15600;size=12	RH.27578A9A85FA4A3Z0Z_F	100.000	24	0	4.65e-09	48.1
M03520:605:000000000-LVNKY:1:1101:16339:17852;size=11	RH.B9EF730EBE6C436Z0Z_R	100.000	25	0	1.18e-09	50.1
M03520:605:000000000-LVNKY:1:1101:16339:17852;size=11	RH.B9EF730EBE6C436Z0Z_F	100.000	25	0	1.18e-09	50.1
M03520:605:000000000-LVNKY:1:1101:17902:25831;size=11	RH.6408CE975B5340AZ0Z_R	100.000	26	0	2.98e-10	52.0
M03520:605:000000000-LVNKY:1:1101:17902:25831;size=11	RH.6408CE975B5340AZ0Z_F	100.000	26	0	2.98e-10	52.0
M03520:605:000000000-LVNKY:1:1101:18985:22343;size=11	RH.25F43EF2A0F1421Z0Z_F	100.000	24	0	4.65e-09	48.1
M03520:605:000000000-LVNKY:1:1101:18985:22343;size=11	RH.25F43EF2A0F1421Z0Z_R	100.000	22	0	7.27e-08	44.1
M03520:605:000000000-LVNKY:1:1101:19411:12838;size=11	RH.2AFFFBA0E81C482Z0Z_R	100.000	23	0	1.84e-08	46.1
M03520:605:000000000-LVNKY:1:1101:19411:12838;size=11	RH.2AFFFBA0E81C482Z0Z_F	100.000	23	0	1.84e-08	46.1
M03520:605:000000000-LVNKY:1:1101:19683:27327;size=11	RH.6408CE975B5340AZ0Z_F	100.000	26	0	2.98e-10	52.0
M03520:605:000000000-LVNKY:1:1101:19683:27327;size=11	RH.6408CE975B5340AZ0Z_R	100.000	22	0	7.27e-08	44.1
M03520:605:000000000-LVNKY:1:1101:19852:22565;size=11	RH.DDB83AFF97C94C6Z0Z_R	100.000	25	0	1.18e-09	50.1
M03520:605:000000000-LVNKY:1:1101:19852:22565;size=11	RH.DDB83AFF97C94C6Z0Z_F	100.000	24	0	4.65e-09	48.1
M03520:605:000000000-LVNKY:1:1101:20081:17082;size=11	RH.7CE39E25906745AZ0Z_R	100.000	26	0	2.98e-10	52.0
M03520:605:000000000-LVNKY:1:1101:20081:17082;size=11	RH.7CE39E25906745AZ0Z_F	100.000	25	0	1.18e-09	50.1
M03520:605:000000000-LVNKY:1:1101:21219:23473;size=11	RH.E253263309B742FZ0Z_R	100.000	26	0	2.98e-10	52.0
M03520:605:000000000-LVNKY:1:1101:21219:23473;size=11	RH.E253263309B742FZ0Z_F	100.000	26	0	2.98e-10	52.0
M03520:605:000000000-LVNKY:1:1101:21260:23203;size=11	RH.27578A9A85FA4A3Z0Z_F	100.000	24	0	4.65e-09	48.1
M03520:605:000000000-LVNKY:1:1101:21260:23203;size=11	RH.27578A9A85FA4A3Z0Z_R	100.000	22	0	7.27e-08	44.1
M03520:605:000000000-LVNKY:1:1101:21859:11939;size=11	RH.B9EF730EBE6C436Z0Z_F	100.000	25	0	1.18e-09	50.1
M03520:605:000000000-LVNKY:1:1101:21859:11939;size=11	RH.B9EF730EBE6C436Z0Z_R	100.000	25	0	1.18e-09	50.1
M03520:605:000000000-LVNKY:1:1101:25432:10515;size=11	RH.B9EF730EBE6C436Z0Z_R	100.000	25	0	1.18e-09	50.1
M03520:605:000000000-LVNKY:1:1101:25432:10515;size=11	RH.609947B6947F457Z0Z_F	100.000	21	0	2.87e-07	42.1
M03520:605:000000000-LVNKY:1:1101:25432:10515;size=11	RH.A12CDF2B5C80436Z0Z_R	100.000	20	0	1.13e-06	40.1
M03520:605:000000000-LVNKY:1:1101:27867:10358;size=11	RH.E253263309B742FZ0Z_R	100.000	26	0	2.98e-10	52.0
M03520:605:000000000-LVNKY:1:1101:27867:10358;size=11	RH.E253263309B742FZ0Z_F	100.000	26	0	2.98e-10	52.0
M03520:605:000000000-LVNKY:1:1101:4439:11603;size=11	RH.C325C496B39E492Z0Z_R	100.000	22	0	7.27e-08	44.1
M03520:605:000000000-LVNKY:1:1101:4439:11603;size=11	RH.C325C496B39E492Z0Z_F	100.000	22	0	7.27e-08	44.1
M03520:605:000000000-LVNKY:1:1101:4591:17199;size=11	RH.B9EF730EBE6C436Z0Z_R	100.000	25	0	1.18e-09	50.1
M03520:605:000000000-LVNKY:1:1101:4591:17199;size=11	RH.5DA12402580148DZ0Z_F	100.000	24	0	4.65e-09	48.1
M03520:605:000000000-LVNKY:1:1101:5942:15011;size=11	RH.2AFFFBA0E81C482Z0Z_F	100.000	23	0	1.84e-08	46.1
M03520:605:000000000-LVNKY:1:1101:5942:15011;size=11	RH.2AFFFBA0E81C482Z0Z_R	95.652	23	1	4.48e-06	38.2
M03520:605:000000000-LVNKY:1:1101:7039:22630;size=11	RH.321690A69B1C40DZ0Z_R	100.000	22	0	7.27e-08	44.1
M03520:605:000000000-LVNKY:1:1101:7039:22630;size=11	RH.321690A69B1C40DZ0Z_F	100.000	21	0	2.87e-07	42.1
M03520:605:000000000-LVNKY:1:1101:7160:7359;size=11	RH.6408CE975B5340AZ0Z_F	100.000	26	0	2.98e-10	52.0
M03520:605:000000000-LVNKY:1:1101:7160:7359;size=11	RH.6408CE975B5340AZ0Z_R	100.000	23	0	1.84e-08	46.1
M03520:605:000000000-LVNKY:1:1101:8610:10728;size=11	RH.2AFFFBA0E81C482Z0Z_F	100.000	23	0	1.84e-08	46.1
M03520:605:000000000-LVNKY:1:1101:8610:10728;size=11	RH.2AFFFBA0E81C482Z0Z_R	100.000	21	0	2.87e-07	42.1
M03520:605:000000000-LVNKY:1:1101:8710:12481;size=11	RH.5F6424ABBC3C47BZ0Z_F	100.000	25	0	1.18e-09	50.1
M03520:605:000000000-LVNKY:1:1101:9359:3745;size=11	RH.6572108A164E48EZ0Z_R	100.000	25	0	1.18e-09	50.1
M03520:605:000000000-LVNKY:1:1101:9359:3745;size=11	RH.F7E3D42951B44CCZ0Z_F	100.000	21	0	2.87e-07	42.1
M03520:605:000000000-LVNKY:1:1101:9359:3745;size=11	RH.F7E3D42951B44CCZ0Z_R	100.000	19	0	4.48e-06	38.2
M03520:605:000000000-LVNKY:1:1101:9829:7089;size=11	RH.0550AF0F57084ADZ0Z_R	100.000	22	0	7.27e-08	44.1
M03520:605:000000000-LVNKY:1:1101:9829:7089;size=11	RH.3B2B2BB86AB94D3Z0Z_F	100.000	21	0	2.87e-07	42.1
M03520:605:000000000-LVNKY:1:1101:9829:7089;size=11	RH.64613722763148BZ0Z_R	100.000	19	0	4.48e-06	38.2
M03520:605:000000000-LVNKY:1:1102:11917:20341;size=11	RH.40933F98BDDD40FZ0Z_F	100.000	25	0	1.18e-09	50.1
M03520:605:000000000-LVNKY:1:1102:11917:20341;size=11	RH.40933F98BDDD40FZ0Z_R	95.833	24	1	1.13e-06	40.1
M03520:605:000000000-LVNKY:1:1102:13372:24950;size=11	RH.E253263309B742FZ0Z_R	100.000	26	0	2.98e-10	52.0
M03520:605:000000000-LVNKY:1:1102:13372:24950;size=11	RH.E253263309B742FZ0Z_F	96.154	26	1	7.27e-08	44.1
M03520:605:000000000-LVNKY:1:1102:14473:11676;size=11	RH.DDB83AFF97C94C6Z0Z_R	100.000	25	0	1.18e-09	50.1
M03520:605:000000000-LVNKY:1:1102:14473:11676;size=11	RH.AB03371A973C4B1Z0Z_F	100.000	24	0	4.65e-09	48.1
M03520:605:000000000-LVNKY:1:1102:16955:17254;size=11	RH.DDB83AFF97C94C6Z0Z_R	100.000	25	0	1.18e-09	50.1
M03520:605:000000000-LVNKY:1:1102:16955:17254;size=11	RH.DDB83AFF97C94C6Z0Z_F	100.000	24	0	4.65e-09	48.1
M03520:605:000000000-LVNKY:1:1102:16978:3423;size=11	RH.B9EF730EBE6C436Z0Z_F	100.000	25	0	1.18e-09	50.1
M03520:605:000000000-LVNKY:1:1102:16978:3423;size=11	RH.B9EF730EBE6C436Z0Z_R	100.000	24	0	4.65e-09	48.1
M03520:605:000000000-LVNKY:1:1102:17996:14002;size=11	RH.E253263309B742FZ0Z_R	100.000	26	0	2.98e-10	52.0
M03520:605:000000000-LVNKY:1:1102:17996:14002;size=11	RH.E253263309B742FZ0Z_F	100.000	24	0	4.65e-09	48.1
M03520:605:000000000-LVNKY:1:1102:18116:18271;size=11	RH.507068DB7AE049AZ0Z_R	100.000	24	0	4.65e-09	48.1
M03520:605:000000000-LVNKY:1:1102:18116:18271;size=11	RH.507068DB7AE049AZ0Z_F	100.000	24	0	4.65e-09	48.1
M03520:605:000000000-LVNKY:1:1102:20873:20536;size=11	RH.3D465DB261444C9Z0Z_F	100.000	24	0	4.65e-09	48.1
M03520:605:000000000-LVNKY:1:1102:20873:20536;size=11	RH.3D465DB261444C9Z0Z_R	100.000	23	0	1.84e-08	46.1
M03520:605:000000000-LVNKY:1:1102:20967:24623;size=11	RH.DDB83AFF97C94C6Z0Z_R	100.000	21	0	2.87e-07	42.1
M03520:605:000000000-LVNKY:1:1102:20967:24623;size=11	RH.3B2B2BB86AB94D3Z0Z_F	100.000	21	0	2.87e-07	42.1
M03520:605:000000000-LVNKY:1:1102:20967:24623;size=11	RH.64613722763148BZ0Z_R	100.000	19	0	4.48e-06	38.2
M03520:605:000000000-LVNKY:1:1102:26517:14068;size=11	RH.DDB83AFF97C94C6Z0Z_R	100.000	24	0	4.65e-09	48.1
M03520:605:000000000-LVNKY:1:1102:26517:14068;size=11	RH.DDB83AFF97C94C6Z0Z_F	100.000	24	0	4.65e-09	48.1
M03520:605:000000000-LVNKY:1:1102:27987:18490;size=11	RH.6408CE975B5340AZ0Z_R	100.000	26	0	2.98e-10	52.0
M03520:605:000000000-LVNKY:1:1102:27987:18490;size=11	RH.6408CE975B5340AZ0Z_F	96.154	26	1	7.27e-08	44.1
M03520:605:000000000-LVNKY:1:1102:3302:14800;size=11	RH.8B25A056ABC1444Z0Z_R	100.000	24	0	4.65e-09	48.1
M03520:605:000000000-LVNKY:1:1102:6582:19857;size=11	RH.098C2C0732D843BZ0Z_F	100.000	22	0	7.27e-08	44.1
M03520:605:000000000-LVNKY:1:1102:6582:19857;size=11	RH.098C2C0732D843BZ0Z_R	100.000	21	0	2.87e-07	42.1
M03520:605:000000000-LVNKY:1:1102:8038:25758;size=11	RH.B2A7FEFE5F5C48AZ0Z_F	100.000	24	0	4.65e-09	48.1
M03520:605:000000000-LVNKY:1:1102:8038:25758;size=11	RH.B2A7FEFE5F5C48AZ0Z_R	100.000	23	0	1.84e-08	46.1
M03520:605:000000000-LVNKY:1:1102:9537:7295;size=11	RH.E253263309B742FZ0Z_F	100.000	26	0	2.98e-10	52.0
M03520:605:000000000-LVNKY:1:1102:9871:7774;size=11	RH.85A5303CAAF54ADZ0Z_R	100.000	22	0	7.27e-08	44.1
M03520:605:000000000-LVNKY:1:1102:9871:7774;size=11	RH.85A5303CAAF54ADZ0Z_F	100.000	21	0	2.87e-07	42.1
M03520:605:000000000-LVNKY:1:1103:10545:5053;size=11	RH.B9EF730EBE6C436Z0Z_F	100.000	25	0	1.18e-09	50.1
M03520:605:000000000-LVNKY:1:1103:10545:5053;size=11	RH.B9EF730EBE6C436Z0Z_R	96.000	25	1	2.87e-07	42.1
M03520:605:000000000-LVNKY:1:1103:12106:2102;size=11	RH.E253263309B742FZ0Z_F	100.000	26	0	2.98e-10	52.0
M03520:605:000000000-LVNKY:1:1103:12106:2102;size=11	RH.E253263309B742FZ0Z_R	100.000	26	0	2.98e-10	52.0
M03520:605:000000000-LVNKY:1:1103:12961:18319;size=11	RH.6408CE975B5340AZ0Z_R	100.000	26	0	2.98e-10	52.0
M03520:605:000000000-LVNKY:1:1103:12961:18319;size=11	RH.6408CE975B5340AZ0Z_F	96.154	26	1	7.27e-08	44.1
M03520:605:000000000-LVNKY:1:1103:13092:27973;size=11	RH.2AFFFBA0E81C482Z0Z_R	100.000	23	0	1.84e-08	46.1
M03520:605:000000000-LVNKY:1:1103:13092:27973;size=11	RH.2AFFFBA0E81C482Z0Z_F	100.000	23	0	1.84e-08	46.1
M03520:605:000000000-LVNKY:1:1103:13112:11322;size=11	RH.7CE39E25906745AZ0Z_R	100.000	26	0	2.98e-10	52.0
M03520:605:000000000-LVNKY:1:1103:13112:11322;size=11	RH.3B2B2BB86AB94D3Z0Z_F	100.000	21	0	2.87e-07	42.1
M03520:605:000000000-LVNKY:1:1103:13112:11322;size=11	RH.64613722763148BZ0Z_R	100.000	19	0	4.48e-06	38.2
M03520:605:000000000-LVNKY:1:1103:14197:7175;size=11	RH.25F43EF2A0F1421Z0Z_F	100.000	24	0	4.65e-09	48.1
M03520:605:000000000-LVNKY:1:1103:14197:7175;size=11	RH.25F43EF2A0F1421Z0Z_R	100.000	23	0	1.84e-08	46.1
M03520:605:000000000-LVNKY:1:1103:16440:19573;size=11	RH.B9EF730EBE6C436Z0Z_R	100.000	25	0	1.18e-09	50.1
M03520:605:000000000-LVNKY:1:1103:16440:19573;size=11	RH.609947B6947F457Z0Z_F	100.000	21	0	2.87e-07	42.1
M03520:605:000000000-LVNKY:1:1103:16440:19573;size=11	RH.A12CDF2B5C80436Z0Z_R	100.000	20	0	1.13e-06	40.1
M03520:605:000000000-LVNKY:1:1103:17199:22929;size=11	RH.DDB83AFF97C94C6Z0Z_R	100.000	25	0	1.18e-09	50.1
M03520:605:000000000-LVNKY:1:1103:17199:22929;size=11	RH.DDB83AFF97C94C6Z0Z_F	100.000	24	0	4.65e-09	48.1
M03520:605:000000000-LVNKY:1:1103:18843:14183;size=11	RH.B9EF730EBE6C436Z0Z_R	100.000	25	0	1.18e-09	50.1
M03520:605:000000000-LVNKY:1:1103:18843:14183;size=11	RH.B9EF730EBE6C436Z0Z_F	100.000	25	0	1.18e-09	50.1
M03520:605:000000000-LVNKY:1:1103:21301:7395;size=11	RH.6408CE975B5340AZ0Z_R	100.000	26	0	2.98e-10	52.0
M03520:605:000000000-LVNKY:1:1103:21301:7395;size=11	RH.6408CE975B5340AZ0Z_F	96.154	26	1	7.27e-08	44.1
M03520:605:000000000-LVNKY:1:1103:24311:7952;size=11	RH.2AFFFBA0E81C482Z0Z_F	100.000	23	0	1.84e-08	46.1
M03520:605:000000000-LVNKY:1:1103:24311:7952;size=11	RH.2AFFFBA0E81C482Z0Z_R	100.000	22	0	7.27e-08	44.1
M03520:605:000000000-LVNKY:1:1103:9638:14303;size=11	RH.B2A7FEFE5F5C48AZ0Z_F	100.000	24	0	4.65e-09	48.1
M03520:605:000000000-LVNKY:1:1103:9638:14303;size=11	RH.B2A7FEFE5F5C48AZ0Z_R	100.000	23	0	1.84e-08	46.1
M03520:605:000000000-LVNKY:1:1104:18321:13018;size=11	RH.B9EF730EBE6C436Z0Z_F	100.000	25	0	1.18e-09	50.1
M03520:605:000000000-LVNKY:1:1104:18321:13018;size=11	RH.B9EF730EBE6C436Z0Z_R	100.000	25	0	1.18e-09	50.1
M03520:605:000000000-LVNKY:1:1104:5487:15918;size=11	RH.B9EF730EBE6C436Z0Z_F	100.000	25	0	1.18e-09	50.1
M03520:605:000000000-LVNKY:1:1104:5487:15918;size=11	RH.B9EF730EBE6C436Z0Z_R	100.000	25	0	1.18e-09	50.1
M03520:605:000000000-LVNKY:1:1104:7934:20476;size=11	RH.6408CE975B5340AZ0Z_R	100.000	26	0	2.98e-10	52.0
M03520:605:000000000-LVNKY:1:1104:7934:20476;size=11	RH.6408CE975B5340AZ0Z_F	100.000	26	0	2.98e-10	52.0
M03520:605:000000000-LVNKY:1:1105:12636:6847;size=11	RH.25F43EF2A0F1421Z0Z_F	100.000	24	0	4.65e-09	48.1
M03520:605:000000000-LVNKY:1:1105:12636:6847;size=11	RH.25F43EF2A0F1421Z0Z_R	100.000	23	0	1.84e-08	46.1
M03520:605:000000000-LVNKY:1:1106:12445:9873;size=11	RH.27578A9A85FA4A3Z0Z_F	100.000	24	0	4.65e-09	48.1
M03520:605:000000000-LVNKY:1:1106:12445:9873;size=11	RH.27578A9A85FA4A3Z0Z_R	100.000	22	0	7.27e-08	44.1
M03520:605:000000000-LVNKY:1:1106:12559:10822;size=11	RH.0096A141894D447Z0Z_F	100.000	24	0	4.65e-09	48.1
M03520:605:000000000-LVNKY:1:1107:10280:5612;size=11	RH.DDB83AFF97C94C6Z0Z_R	100.000	25	0	1.18e-09	50.1
M03520:605:000000000-LVNKY:1:1107:10280:5612;size=11	RH.DDB83AFF97C94C6Z0Z_F	100.000	24	0	4.65e-09	48.1
M03520:605:000000000-LVNKY:1:1107:15397:2843;size=11	RH.B9EF730EBE6C436Z0Z_F	100.000	25	0	1.18e-09	50.1
M03520:605:000000000-LVNKY:1:1107:15397:2843;size=11	RH.B9EF730EBE6C436Z0Z_R	96.000	25	1	2.87e-07	42.1
M03520:605:000000000-LVNKY:1:1107:6548:19967;size=11	RH.BE09C1F6EE4B426Z0Z_F	100.000	22	0	7.27e-08	44.1
M03520:605:000000000-LVNKY:1:1108:6459:19779;size=11	RH.E253263309B742FZ0Z_F	100.000	26	0	2.98e-10	52.0
M03520:605:000000000-LVNKY:1:1110:14694:25970;size=11	RH.2AFFFBA0E81C482Z0Z_R	100.000	23	0	1.84e-08	46.1
M03520:605:000000000-LVNKY:1:1110:14694:25970;size=11	RH.2AFFFBA0E81C482Z0Z_F	100.000	23	0	1.84e-08	46.1
M03520:605:000000000-LVNKY:1:1101:10416:4202;size=10	RH.2AFFFBA0E81C482Z0Z_R	100.000	23	0	1.84e-08	46.1
M03520:605:000000000-LVNKY:1:1101:10416:4202;size=10	RH.2AFFFBA0E81C482Z0Z_F	100.000	23	0	1.84e-08	46.1
M03520:605:000000000-LVNKY:1:1101:11290:7252;size=10	RH.DDB83AFF97C94C6Z0Z_R	100.000	25	0	1.18e-09	50.1
M03520:605:000000000-LVNKY:1:1101:11290:7252;size=10	RH.DDB83AFF97C94C6Z0Z_F	100.000	24	0	4.65e-09	48.1
M03520:605:000000000-LVNKY:1:1101:14429:5123;size=10	RH.DDB83AFF97C94C6Z0Z_R	100.000	25	0	1.18e-09	50.1
M03520:605:000000000-LVNKY:1:1101:14429:5123;size=10	RH.DDB83AFF97C94C6Z0Z_F	100.000	24	0	4.65e-09	48.1
M03520:605:000000000-LVNKY:1:1101:15613:13154;size=10	RH.2A85EAE5DEAD471Z0Z_R	100.000	25	0	1.18e-09	50.1
M03520:605:000000000-LVNKY:1:1101:15613:13154;size=10	RH.2A85EAE5DEAD471Z0Z_F	100.000	25	0	1.18e-09	50.1
M03520:605:000000000-LVNKY:1:1101:19008:28474;size=10	RH.E253263309B742FZ0Z_R	100.000	26	0	2.98e-10	52.0
M03520:605:000000000-LVNKY:1:1101:19008:28474;size=10	RH.E253263309B742FZ0Z_F	100.000	26	0	2.98e-10	52.0
M03520:605:000000000-LVNKY:1:1101:20425:10306;size=10	RH.E253263309B742FZ0Z_R	100.000	26	0	2.98e-10	52.0
M03520:605:000000000-LVNKY:1:1101:20425:10306;size=10	RH.E253263309B742FZ0Z_F	96.154	26	1	7.27e-08	44.1
M03520:605:000000000-LVNKY:1:1101:21202:25938;size=10	RH.0BD19D1A26A74EBZ0Z_F	100.000	25	0	1.18e-09	50.1
M03520:605:000000000-LVNKY:1:1101:21202:25938;size=10	RH.0BD19D1A26A74EBZ0Z_R	100.000	24	0	4.65e-09	48.1
M03520:605:000000000-LVNKY:1:1101:21409:17074;size=10	RH.E4A8B94D0D174D9Z0Z_F	100.000	24	0	4.65e-09	48.1
M03520:605:000000000-LVNKY:1:1101:21409:17074;size=10	RH.E4A8B94D0D174D9Z0Z_R	100.000	24	0	4.65e-09	48.1
M03520:605:000000000-LVNKY:1:1101:22921:11838;size=10	RH.B2A7FEFE5F5C48AZ0Z_F	100.000	24	0	4.65e-09	48.1
M03520:605:000000000-LVNKY:1:1101:22921:11838;size=10	RH.B2A7FEFE5F5C48AZ0Z_R	100.000	23	0	1.84e-08	46.1
M03520:605:000000000-LVNKY:1:1101:23969:21928;size=10	RH.25F43EF2A0F1421Z0Z_F	100.000	24	0	4.65e-09	48.1
M03520:605:000000000-LVNKY:1:1101:23969:21928;size=10	RH.25F43EF2A0F1421Z0Z_R	100.000	23	0	1.84e-08	46.1
M03520:605:000000000-LVNKY:1:1101:25031:21813;size=10	RH.72B9E3F522264B3Z0Z_F	100.000	22	0	7.27e-08	44.1
M03520:605:000000000-LVNKY:1:1101:25584:18769;size=10	RH.B9EF730EBE6C436Z0Z_F	100.000	25	0	1.18e-09	50.1
M03520:605:000000000-LVNKY:1:1101:25584:18769;size=10	RH.B9EF730EBE6C436Z0Z_R	96.000	25	1	2.87e-07	42.1
M03520:605:000000000-LVNKY:1:1101:28740:17961;size=10	RH.2AFFFBA0E81C482Z0Z_R	100.000	23	0	1.84e-08	46.1
M03520:605:000000000-LVNKY:1:1101:28740:17961;size=10	RH.2AFFFBA0E81C482Z0Z_F	100.000	23	0	1.84e-08	46.1
M03520:605:000000000-LVNKY:1:1101:7676:24788;size=10	RH.B9EF730EBE6C436Z0Z_F	100.000	25	0	1.18e-09	50.1
M03520:605:000000000-LVNKY:1:1101:7676:24788;size=10	RH.B9EF730EBE6C436Z0Z_R	96.000	25	1	2.87e-07	42.1
M03520:605:000000000-LVNKY:1:1101:7785:11670;size=10	RH.7CE39E25906745AZ0Z_R	100.000	25	0	1.18e-09	50.1
M03520:605:000000000-LVNKY:1:1101:7785:11670;size=10	RH.E50C44E6F0174B8Z0Z_F	100.000	20	0	1.13e-06	40.1
M03520:605:000000000-LVNKY:1:1102:10743:4953;size=10	RH.E253263309B742FZ0Z_R	100.000	26	0	2.98e-10	52.0
M03520:605:000000000-LVNKY:1:1102:10743:4953;size=10	RH.E253263309B742FZ0Z_F	100.000	26	0	2.98e-10	52.0
M03520:605:000000000-LVNKY:1:1102:14521:23119;size=10	RH.7CE39E25906745AZ0Z_R	100.000	26	0	2.98e-10	52.0
M03520:605:000000000-LVNKY:1:1102:14521:23119;size=10	RH.7CE39E25906745AZ0Z_F	100.000	25	0	1.18e-09	50.1
M03520:605:000000000-LVNKY:1:1102:18904:17673;size=10	RH.2AFFFBA0E81C482Z0Z_R	100.000	23	0	1.84e-08	46.1
M03520:605:000000000-LVNKY:1:1102:18904:17673;size=10	RH.2AFFFBA0E81C482Z0Z_F	100.000	23	0	1.84e-08	46.1
M03520:605:000000000-LVNKY:1:1102:20478:9707;size=10	RH.B9EF730EBE6C436Z0Z_R	100.000	25	0	1.18e-09	50.1
M03520:605:000000000-LVNKY:1:1102:20478:9707;size=10	RH.B9EF730EBE6C436Z0Z_F	96.000	25	1	2.87e-07	42.1
M03520:605:000000000-LVNKY:1:1102:22258:21867;size=10	RH.DDB83AFF97C94C6Z0Z_R	100.000	25	0	1.18e-09	50.1
M03520:605:000000000-LVNKY:1:1102:22258:21867;size=10	RH.DDB83AFF97C94C6Z0Z_F	100.000	24	0	4.65e-09	48.1
M03520:605:000000000-LVNKY:1:1102:25420:16861;size=10	RH.2AFFFBA0E81C482Z0Z_F	100.000	23	0	1.84e-08	46.1
M03520:605:000000000-LVNKY:1:1102:25420:16861;size=10	RH.19C64E69AB7E463Z0Z_R	100.000	19	0	4.48e-06	38.2
M03520:605:000000000-LVNKY:1:1102:25967:19477;size=10	RH.6408CE975B5340AZ0Z_R	100.000	26	0	2.98e-10	52.0
M03520:605:000000000-LVNKY:1:1102:25967:19477;size=10	RH.6408CE975B5340AZ0Z_F	100.000	26	0	2.98e-10	52.0
M03520:605:000000000-LVNKY:1:1102:26198:18981;size=10	RH.77300263E6F14F3Z0Z_F	100.000	24	0	4.65e-09	48.1
M03520:605:000000000-LVNKY:1:1102:26198:18981;size=10	RH.77300263E6F14F3Z0Z_R	100.000	23	0	1.84e-08	46.1
M03520:605:000000000-LVNKY:1:1102:26769:15992;size=10	RH.27578A9A85FA4A3Z0Z_F	100.000	24	0	4.65e-09	48.1
M03520:605:000000000-LVNKY:1:1102:26769:15992;size=10	RH.27578A9A85FA4A3Z0Z_R	100.000	22	0	7.27e-08	44.1
M03520:605:000000000-LVNKY:1:1102:5871:13309;size=10	RH.2A8AD21024974C0Z0Z_F	100.000	26	0	2.98e-10	52.0
M03520:605:000000000-LVNKY:1:1102:5871:13309;size=10	RH.2A8AD21024974C0Z0Z_R	100.000	25	0	1.18e-09	50.1
M03520:605:000000000-LVNKY:1:1102:7448:4249;size=10	RH.159AE449CD74409Z0Z_R	100.000	23	0	1.84e-08	46.1
M03520:605:000000000-LVNKY:1:1102:7448:4249;size=10	RH.159AE449CD74409Z0Z_F	100.000	22	0	7.27e-08	44.1
M03520:605:000000000-LVNKY:1:1102:8680:13306;size=10	RH.6408CE975B5340AZ0Z_R	100.000	26	0	2.98e-10	52.0
M03520:605:000000000-LVNKY:1:1102:8680:13306;size=10	RH.3B2B2BB86AB94D3Z0Z_F	100.000	21	0	2.87e-07	42.1
M03520:605:000000000-LVNKY:1:1102:8680:13306;size=10	RH.64613722763148BZ0Z_R	100.000	19	0	4.48e-06	38.2
M03520:605:000000000-LVNKY:1:1103:12685:2951;size=10	RH.7CE39E25906745AZ0Z_R	100.000	26	0	2.98e-10	52.0
M03520:605:000000000-LVNKY:1:1103:12685:2951;size=10	RH.7CE39E25906745AZ0Z_F	100.000	25	0	1.18e-09	50.1
M03520:605:000000000-LVNKY:1:1103:20735:23861;size=10	RH.2AFFFBA0E81C482Z0Z_R	100.000	23	0	1.84e-08	46.1
M03520:605:000000000-LVNKY:1:1103:20735:23861;size=10	RH.2AFFFBA0E81C482Z0Z_F	100.000	23	0	1.84e-08	46.1
M03520:605:000000000-LVNKY:1:1103:20810:5119;size=10	RH.0C6EF86AB29A422Z0Z_R	100.000	23	0	1.84e-08	46.1
M03520:605:000000000-LVNKY:1:1103:20810:5119;size=10	RH.0C6EF86AB29A422Z0Z_F	100.000	23	0	1.84e-08	46.1
M03520:605:000000000-LVNKY:1:1103:23444:7597;size=10	RH.72B9E3F522264B3Z0Z_F	100.000	22	0	7.27e-08	44.1
M03520:605:000000000-LVNKY:1:1103:23444:7597;size=10	RH.72B9E3F522264B3Z0Z_R	100.000	20	0	1.13e-06	40.1
M03520:605:000000000-LVNKY:1:1103:25498:24282;size=10	RH.B9EF730EBE6C436Z0Z_R	100.000	25	0	1.18e-09	50.1
M03520:605:000000000-LVNKY:1:1103:4629:12418;size=10	RH.27578A9A85FA4A3Z0Z_F	100.000	24	0	4.65e-09	48.1
M03520:605:000000000-LVNKY:1:1103:7776:7712;size=10	RH.DDB83AFF97C94C6Z0Z_R	100.000	25	0	1.18e-09	50.1
M03520:605:000000000-LVNKY:1:1103:7776:7712;size=10	RH.DDB83AFF97C94C6Z0Z_F	100.000	24	0	4.65e-09	48.1
M03520:605:000000000-LVNKY:1:1103:8540:5036;size=10	RH.E253263309B742FZ0Z_R	100.000	26	0	2.98e-10	52.0
M03520:605:000000000-LVNKY:1:1104:14191:11399;size=10	RH.2AFFFBA0E81C482Z0Z_F	100.000	23	0	1.84e-08	46.1
M03520:605:000000000-LVNKY:1:1104:14191:11399;size=10	RH.2AFFFBA0E81C482Z0Z_R	95.652	23	1	4.48e-06	38.2
M03520:605:000000000-LVNKY:1:1104:5364:15524;size=10	RH.7CE39E25906745AZ0Z_R	100.000	26	0	2.98e-10	52.0
M03520:605:000000000-LVNKY:1:1104:5364:15524;size=10	RH.7CE39E25906745AZ0Z_F	100.000	25	0	1.18e-09	50.1
M03520:605:000000000-LVNKY:1:1104:7222:19723;size=10	RH.B9EF730EBE6C436Z0Z_R	100.000	25	0	1.18e-09	50.1
M03520:605:000000000-LVNKY:1:1104:7222:19723;size=10	RH.3B2B2BB86AB94D3Z0Z_F	100.000	20	0	1.13e-06	40.1
M03520:605:000000000-LVNKY:1:1104:7222:19723;size=10	RH.64613722763148BZ0Z_R	100.000	19	0	4.48e-06	38.2
M03520:605:000000000-LVNKY:1:1104:9246:16059;size=10	RH.E253263309B742FZ0Z_R	100.000	26	0	2.98e-10	52.0
M03520:605:000000000-LVNKY:1:1104:9246:16059;size=10	RH.E253263309B742FZ0Z_F	100.000	26	0	2.98e-10	52.0
M03520:605:000000000-LVNKY:1:1104:9741:6443;size=10	RH.E253263309B742FZ0Z_R	100.000	26	0	2.98e-10	52.0
M03520:605:000000000-LVNKY:1:1104:9741:6443;size=10	RH.E253263309B742FZ0Z_F	96.154	26	1	7.27e-08	44.1
M03520:605:000000000-LVNKY:1:1105:11011:13581;size=10	RH.27578A9A85FA4A3Z0Z_F	100.000	24	0	4.65e-09	48.1
M03520:605:000000000-LVNKY:1:1105:11011:13581;size=10	RH.27578A9A85FA4A3Z0Z_R	100.000	22	0	7.27e-08	44.1
M03520:605:000000000-LVNKY:1:1105:14206:4391;size=10	RH.F4E2313A8B92492Z0Z_F	100.000	24	0	4.65e-09	48.1
M03520:605:000000000-LVNKY:1:1105:14206:4391;size=10	RH.F4E2313A8B92492Z0Z_R	100.000	19	0	4.48e-06	38.2
M03520:605:000000000-LVNKY:1:1105:15598:5047;size=10	RH.6408CE975B5340AZ0Z_R	100.000	26	0	2.98e-10	52.0
M03520:605:000000000-LVNKY:1:1105:15598:5047;size=10	RH.6408CE975B5340AZ0Z_F	100.000	25	0	1.18e-09	50.1
M03520:605:000000000-LVNKY:1:1105:18228:22643;size=10	RH.0BD19D1A26A74EBZ0Z_F	100.000	25	0	1.18e-09	50.1
M03520:605:000000000-LVNKY:1:1105:18228:22643;size=10	RH.0BD19D1A26A74EBZ0Z_R	100.000	24	0	4.65e-09	48.1
M03520:605:000000000-LVNKY:1:1105:21688:22856;size=10	RH.E253263309B742FZ0Z_R	100.000	26	0	2.98e-10	52.0
M03520:605:000000000-LVNKY:1:1105:21688:22856;size=10	RH.E253263309B742FZ0Z_F	100.000	19	0	4.48e-06	38.2
M03520:605:000000000-LVNKY:1:1105:27024:23347;size=10	RH.27578A9A85FA4A3Z0Z_F	100.000	24	0	4.65e-09	48.1
M03520:605:000000000-LVNKY:1:1105:8417:8023;size=10	RH.2091F326F74640CZ0Z_F	100.000	24	0	4.65e-09	48.1
M03520:605:000000000-LVNKY:1:1106:11552:25581;size=10	RH.B9EF730EBE6C436Z0Z_R	100.000	25	0	1.18e-09	50.1
M03520:605:000000000-LVNKY:1:1106:11552:25581;size=10	RH.B9EF730EBE6C436Z0Z_F	96.000	25	1	2.87e-07	42.1
M03520:605:000000000-LVNKY:1:1106:25103:9915;size=10	RH.DDB83AFF97C94C6Z0Z_R	100.000	25	0	1.18e-09	50.1
M03520:605:000000000-LVNKY:1:1106:25103:9915;size=10	RH.DDB83AFF97C94C6Z0Z_F	100.000	24	0	4.65e-09	48.1
M03520:605:000000000-LVNKY:1:1107:19387:2301;size=10	RH.6D324B1B4164459Z0Z_R	100.000	21	0	2.87e-07	42.1
M03520:605:000000000-LVNKY:1:1107:19387:2301;size=10	RH.6D324B1B4164459Z0Z_F	100.000	21	0	2.87e-07	42.1
M03520:605:000000000-LVNKY:1:1107:20185:3999;size=10	RH.04A0205BEA6C49EZ0Z_F	100.000	23	0	1.84e-08	46.1
M03520:605:000000000-LVNKY:1:1107:20185:3999;size=10	RH.04A0205BEA6C49EZ0Z_R	95.833	24	1	1.13e-06	40.1
M03520:605:000000000-LVNKY:1:1108:15630:1353;size=10	RH.7BE9BDD578FB4EEZ0Z_R	100.000	21	0	2.87e-07	42.1
M03520:605:000000000-LVNKY:1:1108:15630:1353;size=10	RH.7BE9BDD578FB4EEZ0Z_F	100.000	21	0	2.87e-07	42.1
M03520:605:000000000-LVNKY:1:1108:27026:20200;size=10	RH.6408CE975B5340AZ0Z_R	100.000	26	0	2.98e-10	52.0
M03520:605:000000000-LVNKY:1:1108:27026:20200;size=10	RH.6408CE975B5340AZ0Z_F	100.000	26	0	2.98e-10	52.0
M03520:605:000000000-LVNKY:1:1108:6918:15807;size=10	RH.7CE39E25906745AZ0Z_R	100.000	26	0	2.98e-10	52.0
M03520:605:000000000-LVNKY:1:1108:6918:15807;size=10	RH.7CE39E25906745AZ0Z_F	100.000	21	0	2.87e-07	42.1
M03520:605:000000000-LVNKY:1:1109:25233:12543;size=10	RH.E253263309B742FZ0Z_R	100.000	26	0	2.98e-10	52.0
M03520:605:000000000-LVNKY:1:1109:25233:12543;size=10	RH.E253263309B742FZ0Z_F	100.000	26	0	2.98e-10	52.0
M03520:605:000000000-LVNKY:1:1112:22548:13002;size=10	RH.B9EF730EBE6C436Z0Z_R	100.000	25	0	1.18e-09	50.1
M03520:605:000000000-LVNKY:1:1112:22548:13002;size=10	RH.B9EF730EBE6C436Z0Z_F	96.000	25	1	2.87e-07	42.1
M03520:605:000000000-LVNKY:1:1101:11667:23268;size=9	RH.23246278E0E74E6Z0Z_R	100.000	22	0	7.27e-08	44.1
M03520:605:000000000-LVNKY:1:1101:11705:6521;size=9	RH.E253263309B742FZ0Z_R	100.000	26	0	2.98e-10	52.0
M03520:605:000000000-LVNKY:1:1101:11705:6521;size=9	RH.E253263309B742FZ0Z_F	100.000	26	0	2.98e-10	52.0
M03520:605:000000000-LVNKY:1:1101:12864:7830;size=9	RH.7CE39E25906745AZ0Z_R	100.000	26	0	2.98e-10	52.0
M03520:605:000000000-LVNKY:1:1101:12864:7830;size=9	RH.3B2B2BB86AB94D3Z0Z_F	100.000	21	0	2.87e-07	42.1
M03520:605:000000000-LVNKY:1:1101:12864:7830;size=9	RH.64613722763148BZ0Z_R	100.000	19	0	4.48e-06	38.2
M03520:605:000000000-LVNKY:1:1101:16894:23729;size=9	RH.25F43EF2A0F1421Z0Z_F	100.000	24	0	4.65e-09	48.1
M03520:605:000000000-LVNKY:1:1101:16894:23729;size=9	RH.25F43EF2A0F1421Z0Z_R	100.000	23	0	1.84e-08	46.1
M03520:605:000000000-LVNKY:1:1101:18442:21894;size=9	RH.A2C9012430E34ADZ0Z_R	100.000	24	0	4.65e-09	48.1
M03520:605:000000000-LVNKY:1:1101:18442:21894;size=9	RH.A2C9012430E34ADZ0Z_F	100.000	24	0	4.65e-09	48.1
M03520:605:000000000-LVNKY:1:1101:19939:24550;size=9	RH.27578A9A85FA4A3Z0Z_F	100.000	24	0	4.65e-09	48.1
M03520:605:000000000-LVNKY:1:1101:19939:24550;size=9	RH.27578A9A85FA4A3Z0Z_R	100.000	22	0	7.27e-08	44.1
M03520:605:000000000-LVNKY:1:1101:20765:15221;size=9	RH.B9EF730EBE6C436Z0Z_R	100.000	25	0	1.18e-09	50.1
M03520:605:000000000-LVNKY:1:1101:20765:15221;size=9	RH.B9EF730EBE6C436Z0Z_F	100.000	24	0	4.65e-09	48.1
M03520:605:000000000-LVNKY:1:1101:21054:13513;size=9	RH.2A85EAE5DEAD471Z0Z_R	100.000	25	0	1.18e-09	50.1
M03520:605:000000000-LVNKY:1:1101:21054:13513;size=9	RH.2A85EAE5DEAD471Z0Z_F	100.000	25	0	1.18e-09	50.1
M03520:605:000000000-LVNKY:1:1101:22545:17698;size=9	RH.7CE39E25906745AZ0Z_R	100.000	26	0	2.98e-10	52.0
M03520:605:000000000-LVNKY:1:1101:22545:17698;size=9	RH.7CE39E25906745AZ0Z_F	100.000	25	0	1.18e-09	50.1
M03520:605:000000000-LVNKY:1:1101:23104:9135;size=9	RH.2AFFFBA0E81C482Z0Z_R	100.000	23	0	1.84e-08	46.1
M03520:605:000000000-LVNKY:1:1101:23104:9135;size=9	RH.2AFFFBA0E81C482Z0Z_F	100.000	23	0	1.84e-08	46.1
M03520:605:000000000-LVNKY:1:1101:23211:17628;size=9	RH.DDB83AFF97C94C6Z0Z_R	100.000	25	0	1.18e-09	50.1
M03520:605:000000000-LVNKY:1:1101:23211:17628;size=9	RH.DDB83AFF97C94C6Z0Z_F	95.833	24	1	1.13e-06	40.1
M03520:605:000000000-LVNKY:1:1101:23492:22626;size=9	RH.9C95B221AC5C4EAZ0Z_F	100.000	20	0	1.13e-06	40.1
M03520:605:000000000-LVNKY:1:1101:23492:22626;size=9	RH.72B9E3F522264B3Z0Z_R	100.000	19	0	4.48e-06	38.2
M03520:605:000000000-LVNKY:1:1101:25639:17939;size=9	RH.25F43EF2A0F1421Z0Z_F	100.000	24	0	4.65e-09	48.1
M03520:605:000000000-LVNKY:1:1101:25639:17939;size=9	RH.25F43EF2A0F1421Z0Z_R	100.000	23	0	1.84e-08	46.1
M03520:605:000000000-LVNKY:1:1101:25906:12194;size=9	RH.2AFFFBA0E81C482Z0Z_R	100.000	23	0	1.84e-08	46.1
M03520:605:000000000-LVNKY:1:1101:25906:12194;size=9	RH.2AFFFBA0E81C482Z0Z_F	100.000	23	0	1.84e-08	46.1
M03520:605:000000000-LVNKY:1:1101:25954:7013;size=9	RH.2AFFFBA0E81C482Z0Z_R	100.000	23	0	1.84e-08	46.1
M03520:605:000000000-LVNKY:1:1101:25954:7013;size=9	RH.2AFFFBA0E81C482Z0Z_F	100.000	23	0	1.84e-08	46.1
M03520:605:000000000-LVNKY:1:1101:3348:10910;size=9	RH.BC5098DD1C484D4Z0Z_R	100.000	23	0	1.84e-08	46.1
M03520:605:000000000-LVNKY:1:1101:3348:10910;size=9	RH.BC5098DD1C484D4Z0Z_F	100.000	22	0	7.27e-08	44.1
M03520:605:000000000-LVNKY:1:1101:5311:6518;size=9	RH.6408CE975B5340AZ0Z_R	100.000	26	0	2.98e-10	52.0
M03520:605:000000000-LVNKY:1:1101:5311:6518;size=9	RH.6408CE975B5340AZ0Z_F	100.000	26	0	2.98e-10	52.0
M03520:605:000000000-LVNKY:1:1101:8607:15078;size=9	RH.7CE39E25906745AZ0Z_R	100.000	24	0	4.65e-09	48.1
M03520:605:000000000-LVNKY:1:1101:9827:25946;size=9	RH.2AFFFBA0E81C482Z0Z_R	100.000	23	0	1.84e-08	46.1
M03520:605:000000000-LVNKY:1:1101:9827:25946;size=9	RH.2AFFFBA0E81C482Z0Z_F	95.652	23	1	4.48e-06	38.2
M03520:605:000000000-LVNKY:1:1102:10280:3062;size=9	RH.2091F326F74640CZ0Z_F	100.000	24	0	4.65e-09	48.1
M03520:605:000000000-LVNKY:1:1102:10930:23075;size=9	RH.2091F326F74640CZ0Z_F	100.000	24	0	4.65e-09	48.1
M03520:605:000000000-LVNKY:1:1102:10930:23075;size=9	RH.2091F326F74640CZ0Z_R	100.000	19	0	4.48e-06	38.2
M03520:605:000000000-LVNKY:1:1102:11919:6727;size=9	RH.DDB83AFF97C94C6Z0Z_R	100.000	25	0	1.18e-09	50.1
M03520:605:000000000-LVNKY:1:1102:11919:6727;size=9	RH.DDB83AFF97C94C6Z0Z_F	100.000	24	0	4.65e-09	48.1
M03520:605:000000000-LVNKY:1:1102:13266:21148;size=9	RH.F2F19E4203944BDZ0Z_F	100.000	22	0	7.27e-08	44.1
M03520:605:000000000-LVNKY:1:1102:14114:9974;size=9	RH.BC56E600B326437Z0Z_F	100.000	29	0	4.83e-12	58.0
M03520:605:000000000-LVNKY:1:1102:14114:9974;size=9	RH.BC56E600B326437Z0Z_R	100.000	28	0	1.91e-11	56.0
M03520:605:000000000-LVNKY:1:1102:15145:1781;size=9	RH.72B9E3F522264B3Z0Z_F	100.000	22	0	7.27e-08	44.1
M03520:605:000000000-LVNKY:1:1102:15145:1781;size=9	RH.72B9E3F522264B3Z0Z_R	100.000	20	0	1.13e-06	40.1
M03520:605:000000000-LVNKY:1:1102:15419:24639;size=9	RH.DDB83AFF97C94C6Z0Z_R	100.000	25	0	1.18e-09	50.1
M03520:605:000000000-LVNKY:1:1102:15419:24639;size=9	RH.DDB83AFF97C94C6Z0Z_F	95.833	24	1	1.13e-06	40.1
M03520:605:000000000-LVNKY:1:1102:18597:2589;size=9	RH.2A85EAE5DEAD471Z0Z_R	100.000	25	0	1.18e-09	50.1
M03520:605:000000000-LVNKY:1:1102:18597:2589;size=9	RH.2A85EAE5DEAD471Z0Z_F	100.000	25	0	1.18e-09	50.1
M03520:605:000000000-LVNKY:1:1102:19330:7864;size=9	RH.CF953F27F5674E1Z0Z_F	100.000	26	0	2.98e-10	52.0
M03520:605:000000000-LVNKY:1:1102:19330:7864;size=9	RH.CF953F27F5674E1Z0Z_R	100.000	25	0	1.18e-09	50.1
M03520:605:000000000-LVNKY:1:1102:19950:16019;size=9	RH.7CE39E25906745AZ0Z_R	100.000	26	0	2.98e-10	52.0
M03520:605:000000000-LVNKY:1:1102:19950:16019;size=9	RH.7CE39E25906745AZ0Z_F	100.000	25	0	1.18e-09	50.1
M03520:605:000000000-LVNKY:1:1102:20423:18493;size=9	RH.B9EF730EBE6C436Z0Z_F	100.000	25	0	1.18e-09	50.1
M03520:605:000000000-LVNKY:1:1102:20423:18493;size=9	RH.B9EF730EBE6C436Z0Z_R	100.000	25	0	1.18e-09	50.1
M03520:605:000000000-LVNKY:1:1102:22245:13040;size=9	RH.6408CE975B5340AZ0Z_R	100.000	26	0	2.98e-10	52.0
M03520:605:000000000-LVNKY:1:1102:22245:13040;size=9	RH.6408CE975B5340AZ0Z_F	100.000	26	0	2.98e-10	52.0
M03520:605:000000000-LVNKY:1:1102:23379:5518;size=9	RH.72B9E3F522264B3Z0Z_F	100.000	22	0	7.27e-08	44.1
M03520:605:000000000-LVNKY:1:1102:23698:16560;size=9	RH.0096A141894D447Z0Z_F	100.000	24	0	4.65e-09	48.1
M03520:605:000000000-LVNKY:1:1102:23698:16560;size=9	RH.0096A141894D447Z0Z_R	100.000	21	0	2.87e-07	42.1
M03520:605:000000000-LVNKY:1:1102:26184:8722;size=9	RH.B9EF730EBE6C436Z0Z_R	100.000	25	0	1.18e-09	50.1
M03520:605:000000000-LVNKY:1:1102:26184:8722;size=9	RH.5DA12402580148DZ0Z_F	95.833	24	1	1.13e-06	40.1
M03520:605:000000000-LVNKY:1:1102:4531:19216;size=9	RH.25F43EF2A0F1421Z0Z_F	100.000	24	0	4.65e-09	48.1
M03520:605:000000000-LVNKY:1:1102:4791:12966;size=9	RH.5F6424ABBC3C47BZ0Z_F	100.000	23	0	1.84e-08	46.1
M03520:605:000000000-LVNKY:1:1102:5650:20971;size=9	RH.2AFFFBA0E81C482Z0Z_R	100.000	23	0	1.84e-08	46.1
M03520:605:000000000-LVNKY:1:1102:5650:20971;size=9	RH.2AFFFBA0E81C482Z0Z_F	100.000	23	0	1.84e-08	46.1
M03520:605:000000000-LVNKY:1:1102:7065:13949;size=9	RH.72B9E3F522264B3Z0Z_F	100.000	22	0	7.27e-08	44.1
M03520:605:000000000-LVNKY:1:1103:14721:17497;size=9	RH.5F6424ABBC3C47BZ0Z_F	100.000	25	0	1.18e-09	50.1
M03520:605:000000000-LVNKY:1:1103:15072:6132;size=9	RH.DDB83AFF97C94C6Z0Z_R	100.000	25	0	1.18e-09	50.1
M03520:605:000000000-LVNKY:1:1103:15072:6132;size=9	RH.DDB83AFF97C94C6Z0Z_F	100.000	24	0	4.65e-09	48.1
M03520:605:000000000-LVNKY:1:1103:16375:23227;size=9	RH.7CE39E25906745AZ0Z_R	100.000	26	0	2.98e-10	52.0
M03520:605:000000000-LVNKY:1:1103:16375:23227;size=9	RH.7CE39E25906745AZ0Z_F	100.000	25	0	1.18e-09	50.1
M03520:605:000000000-LVNKY:1:1103:16915:14718;size=9	RH.7CE39E25906745AZ0Z_R	100.000	26	0	2.98e-10	52.0
M03520:605:000000000-LVNKY:1:1103:16915:14718;size=9	RH.7CE39E25906745AZ0Z_F	100.000	25	0	1.18e-09	50.1
M03520:605:000000000-LVNKY:1:1103:19467:24377;size=9	RH.2A85EAE5DEAD471Z0Z_R	100.000	25	0	1.18e-09	50.1
M03520:605:000000000-LVNKY:1:1103:19467:24377;size=9	RH.2A85EAE5DEAD471Z0Z_F	100.000	25	0	1.18e-09	50.1
M03520:605:000000000-LVNKY:1:1103:23965:8689;size=9	RH.6408CE975B5340AZ0Z_R	100.000	26	0	2.98e-10	52.0
M03520:605:000000000-LVNKY:1:1103:23965:8689;size=9	RH.6408CE975B5340AZ0Z_F	100.000	26	0	2.98e-10	52.0
M03520:605:000000000-LVNKY:1:1103:24546:14340;size=9	RH.6403441BB3B54F9Z0Z_F	100.000	24	0	4.65e-09	48.1
M03520:605:000000000-LVNKY:1:1103:24546:14340;size=9	RH.6403441BB3B54F9Z0Z_R	100.000	23	0	1.84e-08	46.1
M03520:605:000000000-LVNKY:1:1103:24654:8024;size=9	RH.BC5098DD1C484D4Z0Z_R	100.000	23	0	1.84e-08	46.1
M03520:605:000000000-LVNKY:1:1103:24654:8024;size=9	RH.BC5098DD1C484D4Z0Z_F	100.000	22	0	7.27e-08	44.1
M03520:605:000000000-LVNKY:1:1103:25554:18968;size=9	RH.E253263309B742FZ0Z_F	100.000	26	0	2.98e-10	52.0
M03520:605:000000000-LVNKY:1:1103:25554:18968;size=9	RH.E253263309B742FZ0Z_R	100.000	26	0	2.98e-10	52.0
M03520:605:000000000-LVNKY:1:1103:28624:19805;size=9	RH.B9EF730EBE6C436Z0Z_R	100.000	25	0	1.18e-09	50.1
M03520:605:000000000-LVNKY:1:1103:28624:19805;size=9	RH.B9EF730EBE6C436Z0Z_F	100.000	25	0	1.18e-09	50.1
M03520:605:000000000-LVNKY:1:1103:3766:20379;size=9	RH.6408CE975B5340AZ0Z_R	100.000	26	0	2.98e-10	52.0
M03520:605:000000000-LVNKY:1:1103:3766:20379;size=9	RH.6408CE975B5340AZ0Z_F	100.000	26	0	2.98e-10	52.0
M03520:605:000000000-LVNKY:1:1103:5624:20906;size=9	RH.27578A9A85FA4A3Z0Z_F	100.000	24	0	4.65e-09	48.1
M03520:605:000000000-LVNKY:1:1103:5624:20906;size=9	RH.27578A9A85FA4A3Z0Z_R	100.000	22	0	7.27e-08	44.1
M03520:605:000000000-LVNKY:1:1104:12523:15636;size=9	RH.E253263309B742FZ0Z_F	100.000	26	0	2.98e-10	52.0
M03520:605:000000000-LVNKY:1:1104:12523:15636;size=9	RH.E253263309B742FZ0Z_R	100.000	26	0	2.98e-10	52.0
M03520:605:000000000-LVNKY:1:1104:14559:22000;size=9	RH.B9EF730EBE6C436Z0Z_R	100.000	25	0	1.18e-09	50.1
M03520:605:000000000-LVNKY:1:1104:14559:22000;size=9	RH.B9EF730EBE6C436Z0Z_F	100.000	24	0	4.65e-09	48.1
M03520:605:000000000-LVNKY:1:1104:15125:27102;size=9	RH.2A85EAE5DEAD471Z0Z_R	100.000	25	0	1.18e-09	50.1
M03520:605:000000000-LVNKY:1:1104:15125:27102;size=9	RH.2A85EAE5DEAD471Z0Z_F	100.000	25	0	1.18e-09	50.1
M03520:605:000000000-LVNKY:1:1104:16911:3785;size=9	RH.DDB83AFF97C94C6Z0Z_R	100.000	25	0	1.18e-09	50.1
M03520:605:000000000-LVNKY:1:1104:16911:3785;size=9	RH.DDB83AFF97C94C6Z0Z_F	95.833	24	1	1.13e-06	40.1
M03520:605:000000000-LVNKY:1:1104:18971:21449;size=9	RH.2A85EAE5DEAD471Z0Z_F	100.000	25	0	1.18e-09	50.1
M03520:605:000000000-LVNKY:1:1104:18971:21449;size=9	RH.2A85EAE5DEAD471Z0Z_R	96.000	25	1	2.87e-07	42.1
M03520:605:000000000-LVNKY:1:1104:20576:17802;size=9	RH.094E5466924B45EZ0Z_F	100.000	26	0	2.98e-10	52.0
M03520:605:000000000-LVNKY:1:1104:20576:17802;size=9	RH.094E5466924B45EZ0Z_R	100.000	25	0	1.18e-09	50.1
M03520:605:000000000-LVNKY:1:1104:21257:17501;size=9	RH.2AFFFBA0E81C482Z0Z_R	100.000	23	0	1.84e-08	46.1
M03520:605:000000000-LVNKY:1:1104:21257:17501;size=9	RH.2AFFFBA0E81C482Z0Z_F	100.000	23	0	1.84e-08	46.1
M03520:605:000000000-LVNKY:1:1104:21307:7004;size=9	RH.DDB83AFF97C94C6Z0Z_R	100.000	25	0	1.18e-09	50.1
M03520:605:000000000-LVNKY:1:1104:21307:7004;size=9	RH.DDB83AFF97C94C6Z0Z_F	100.000	24	0	4.65e-09	48.1
M03520:605:000000000-LVNKY:1:1104:24626:10953;size=9	RH.B2A7FEFE5F5C48AZ0Z_F	100.000	24	0	4.65e-09	48.1
M03520:605:000000000-LVNKY:1:1104:24626:10953;size=9	RH.B2A7FEFE5F5C48AZ0Z_R	100.000	23	0	1.84e-08	46.1
M03520:605:000000000-LVNKY:1:1104:26390:6953;size=9	RH.E253263309B742FZ0Z_F	100.000	26	0	2.98e-10	52.0
M03520:605:000000000-LVNKY:1:1104:26390:6953;size=9	RH.E253263309B742FZ0Z_R	100.000	24	0	4.65e-09	48.1
M03520:605:000000000-LVNKY:1:1104:6895:12533;size=9	RH.B2A7FEFE5F5C48AZ0Z_F	100.000	24	0	4.65e-09	48.1
M03520:605:000000000-LVNKY:1:1104:6895:12533;size=9	RH.B2A7FEFE5F5C48AZ0Z_R	100.000	23	0	1.84e-08	46.1
M03520:605:000000000-LVNKY:1:1104:7148:18038;size=9	RH.6572108A164E48EZ0Z_R	100.000	25	0	1.18e-09	50.1
M03520:605:000000000-LVNKY:1:1104:7148:18038;size=9	RH.F7E3D42951B44CCZ0Z_F	100.000	21	0	2.87e-07	42.1
M03520:605:000000000-LVNKY:1:1104:7831:17996;size=9	RH.25F43EF2A0F1421Z0Z_F	100.000	24	0	4.65e-09	48.1
M03520:605:000000000-LVNKY:1:1104:7831:17996;size=9	RH.25F43EF2A0F1421Z0Z_R	100.000	23	0	1.84e-08	46.1
M03520:605:000000000-LVNKY:1:1105:12268:5502;size=9	RH.B9EF730EBE6C436Z0Z_R	100.000	25	0	1.18e-09	50.1
M03520:605:000000000-LVNKY:1:1105:12268:5502;size=9	RH.B9EF730EBE6C436Z0Z_F	100.000	25	0	1.18e-09	50.1
M03520:605:000000000-LVNKY:1:1105:13486:10111;size=9	RH.72B9E3F522264B3Z0Z_F	100.000	22	0	7.27e-08	44.1
M03520:605:000000000-LVNKY:1:1105:13486:10111;size=9	RH.72B9E3F522264B3Z0Z_R	100.000	20	0	1.13e-06	40.1
M03520:605:000000000-LVNKY:1:1105:18909:5958;size=9	RH.23246278E0E74E6Z0Z_R	100.000	23	0	1.84e-08	46.1
M03520:605:000000000-LVNKY:1:1105:18909:5958;size=9	RH.23246278E0E74E6Z0Z_F	100.000	20	0	1.13e-06	40.1
M03520:605:000000000-LVNKY:1:1105:8765:10101;size=9	RH.E253263309B742FZ0Z_F	100.000	26	0	2.98e-10	52.0
M03520:605:000000000-LVNKY:1:1105:8765:10101;size=9	RH.E253263309B742FZ0Z_R	96.154	26	1	7.27e-08	44.1
M03520:605:000000000-LVNKY:1:1106:18741:14929;size=9	RH.B2A7FEFE5F5C48AZ0Z_F	100.000	24	0	4.65e-09	48.1
M03520:605:000000000-LVNKY:1:1106:18741:14929;size=9	RH.B2A7FEFE5F5C48AZ0Z_R	100.000	23	0	1.84e-08	46.1
M03520:605:000000000-LVNKY:1:1106:20421:20952;size=9	RH.DDB83AFF97C94C6Z0Z_R	100.000	25	0	1.18e-09	50.1
M03520:605:000000000-LVNKY:1:1106:20421:20952;size=9	RH.DDB83AFF97C94C6Z0Z_F	100.000	24	0	4.65e-09	48.1
M03520:605:000000000-LVNKY:1:1106:20468:24320;size=9	RH.3B2B2BB86AB94D3Z0Z_F	100.000	21	0	2.87e-07	42.1
M03520:605:000000000-LVNKY:1:1106:20468:24320;size=9	RH.DDB83AFF97C94C6Z0Z_R	100.000	20	0	1.13e-06	40.1
M03520:605:000000000-LVNKY:1:1106:20468:24320;size=9	RH.64613722763148BZ0Z_R	100.000	19	0	4.48e-06	38.2
M03520:605:000000000-LVNKY:1:1106:26657:15375;size=9	RH.DDB83AFF97C94C6Z0Z_R	100.000	25	0	1.18e-09	50.1
M03520:605:000000000-LVNKY:1:1106:26657:15375;size=9	RH.DDB83AFF97C94C6Z0Z_F	100.000	24	0	4.65e-09	48.1
M03520:605:000000000-LVNKY:1:1106:3509:12830;size=9	RH.E253263309B742FZ0Z_R	100.000	26	0	2.98e-10	52.0
M03520:605:000000000-LVNKY:1:1106:3509:12830;size=9	RH.E253263309B742FZ0Z_F	100.000	26	0	2.98e-10	52.0
M03520:605:000000000-LVNKY:1:1106:8045:3635;size=9	RH.72B9E3F522264B3Z0Z_F	100.000	22	0	7.27e-08	44.1
M03520:605:000000000-LVNKY:1:1107:11410:3047;size=9	RH.BCDAADAE5A244DDZ0Z_F	100.000	22	0	7.27e-08	44.1
M03520:605:000000000-LVNKY:1:1107:11410:3047;size=9	RH.BCDAADAE5A244DDZ0Z_R	95.833	24	1	1.13e-06	40.1
M03520:605:000000000-LVNKY:1:1107:20483:5681;size=9	RH.E253263309B742FZ0Z_R	100.000	26	0	2.98e-10	52.0
M03520:605:000000000-LVNKY:1:1107:9364:6370;size=9	RH.F2F19E4203944BDZ0Z_F	100.000	22	0	7.27e-08	44.1
M03520:605:000000000-LVNKY:1:1108:20580:24844;size=9	RH.E253263309B742FZ0Z_R	100.000	26	0	2.98e-10	52.0
M03520:605:000000000-LVNKY:1:1108:20580:24844;size=9	RH.E253263309B742FZ0Z_F	100.000	26	0	2.98e-10	52.0
M03520:605:000000000-LVNKY:1:1109:9219:13723;size=9	RH.2AFFFBA0E81C482Z0Z_R	100.000	23	0	1.84e-08	46.1
M03520:605:000000000-LVNKY:1:1109:9219:13723;size=9	RH.2AFFFBA0E81C482Z0Z_F	100.000	23	0	1.84e-08	46.1
M03520:605:000000000-LVNKY:1:1110:14291:6424;size=9	RH.E253263309B742FZ0Z_F	100.000	26	0	2.98e-10	52.0
M03520:605:000000000-LVNKY:1:1111:15937:8717;size=9	RH.7CE39E25906745AZ0Z_R	100.000	26	0	2.98e-10	52.0
M03520:605:000000000-LVNKY:1:1111:15937:8717;size=9	RH.7CE39E25906745AZ0Z_F	100.000	25	0	1.18e-09	50.1
M03520:605:000000000-LVNKY:1:1112:18382:6065;size=9	RH.2AFFFBA0E81C482Z0Z_F	100.000	23	0	1.84e-08	46.1
M03520:605:000000000-LVNKY:1:1112:18382:6065;size=9	RH.2AFFFBA0E81C482Z0Z_R	100.000	23	0	1.84e-08	46.1
M03520:605:000000000-LVNKY:1:1101:11722:15567;size=8	RH.6408CE975B5340AZ0Z_R	100.000	26	0	2.98e-10	52.0
M03520:605:000000000-LVNKY:1:1101:11722:15567;size=8	RH.6408CE975B5340AZ0Z_F	100.000	26	0	2.98e-10	52.0
M03520:605:000000000-LVNKY:1:1101:12715:2851;size=8	RH.B9EF730EBE6C436Z0Z_R	100.000	25	0	1.18e-09	50.1
M03520:605:000000000-LVNKY:1:1101:12957:1848;size=8	RH.A2C9012430E34ADZ0Z_F	100.000	24	0	4.65e-09	48.1
M03520:605:000000000-LVNKY:1:1101:12957:1848;size=8	RH.A2C9012430E34ADZ0Z_R	100.000	23	0	1.84e-08	46.1
M03520:605:000000000-LVNKY:1:1101:16498:2516;size=8	RH.6408CE975B5340AZ0Z_R	100.000	26	0	2.98e-10	52.0
M03520:605:000000000-LVNKY:1:1101:16498:2516;size=8	RH.6408CE975B5340AZ0Z_F	100.000	26	0	2.98e-10	52.0
M03520:605:000000000-LVNKY:1:1101:17476:7147;size=8	RH.E253263309B742FZ0Z_F	100.000	26	0	2.98e-10	52.0
M03520:605:000000000-LVNKY:1:1101:17476:7147;size=8	RH.E253263309B742FZ0Z_R	100.000	24	0	4.65e-09	48.1
M03520:605:000000000-LVNKY:1:1101:21203:13878;size=8	RH.B9EF730EBE6C436Z0Z_R	100.000	25	0	1.18e-09	50.1
M03520:605:000000000-LVNKY:1:1101:21650:16587;size=8	RH.E253263309B742FZ0Z_R	100.000	26	0	2.98e-10	52.0
M03520:605:000000000-LVNKY:1:1101:21650:16587;size=8	RH.E253263309B742FZ0Z_F	100.000	26	0	2.98e-10	52.0
M03520:605:000000000-LVNKY:1:1101:23482:14174;size=8	RH.321690A69B1C40DZ0Z_R	100.000	22	0	7.27e-08	44.1
M03520:605:000000000-LVNKY:1:1101:23713:7637;size=8	RH.2091F326F74640CZ0Z_F	100.000	24	0	4.65e-09	48.1
M03520:605:000000000-LVNKY:1:1101:23863:19972;size=8	RH.B9EF730EBE6C436Z0Z_R	100.000	25	0	1.18e-09	50.1
M03520:605:000000000-LVNKY:1:1101:23863:19972;size=8	RH.2B5DDF63455445EZ0Z_F	100.000	21	0	2.87e-07	42.1
M03520:605:000000000-LVNKY:1:1101:25079:21121;size=8	RH.2AFFFBA0E81C482Z0Z_R	100.000	23	0	1.84e-08	46.1
M03520:605:000000000-LVNKY:1:1101:25079:21121;size=8	RH.2AFFFBA0E81C482Z0Z_F	95.652	23	1	4.48e-06	38.2
M03520:605:000000000-LVNKY:1:1101:25107:15053;size=8	RH.B9EF730EBE6C436Z0Z_R	100.000	25	0	1.18e-09	50.1
M03520:605:000000000-LVNKY:1:1101:25107:15053;size=8	RH.B9EF730EBE6C436Z0Z_F	100.000	25	0	1.18e-09	50.1
M03520:605:000000000-LVNKY:1:1101:28303:18584;size=8	RH.B9EF730EBE6C436Z0Z_F	100.000	25	0	1.18e-09	50.1
M03520:605:000000000-LVNKY:1:1101:28303:18584;size=8	RH.B9EF730EBE6C436Z0Z_R	100.000	24	0	4.65e-09	48.1
M03520:605:000000000-LVNKY:1:1101:29057:14459;size=8	RH.2AFFFBA0E81C482Z0Z_F	100.000	23	0	1.84e-08	46.1
M03520:605:000000000-LVNKY:1:1101:29057:14459;size=8	RH.2AFFFBA0E81C482Z0Z_R	95.652	23	1	4.48e-06	38.2
M03520:605:000000000-LVNKY:1:1101:2909:11349;size=8	RH.6408CE975B5340AZ0Z_R	100.000	26	0	2.98e-10	52.0
M03520:605:000000000-LVNKY:1:1101:2909:11349;size=8	RH.6408CE975B5340AZ0Z_F	100.000	26	0	2.98e-10	52.0
M03520:605:000000000-LVNKY:1:1101:2941:15065;size=8	RH.25F43EF2A0F1421Z0Z_F	100.000	24	0	4.65e-09	48.1
M03520:605:000000000-LVNKY:1:1101:2941:15065;size=8	RH.25F43EF2A0F1421Z0Z_R	95.652	23	1	4.48e-06	38.2
M03520:605:000000000-LVNKY:1:1101:4358:13629;size=8	RH.6408CE975B5340AZ0Z_R	100.000	26	0	2.98e-10	52.0
M03520:605:000000000-LVNKY:1:1101:4358:13629;size=8	RH.6408CE975B5340AZ0Z_F	100.000	26	0	2.98e-10	52.0
M03520:605:000000000-LVNKY:1:1101:5617:24909;size=8	RH.F2F19E4203944BDZ0Z_F	100.000	22	0	7.27e-08	44.1
M03520:605:000000000-LVNKY:1:1101:6511:17998;size=8	RH.6408CE975B5340AZ0Z_R	100.000	26	0	2.98e-10	52.0
M03520:605:000000000-LVNKY:1:1101:6511:17998;size=8	RH.6408CE975B5340AZ0Z_F	100.000	26	0	2.98e-10	52.0
M03520:605:000000000-LVNKY:1:1101:8502:12321;size=8	RH.6408CE975B5340AZ0Z_R	100.000	26	0	2.98e-10	52.0
M03520:605:000000000-LVNKY:1:1101:8502:12321;size=8	RH.6408CE975B5340AZ0Z_F	100.000	26	0	2.98e-10	52.0
M03520:605:000000000-LVNKY:1:1101:9049:19862;size=8	RH.B9EF730EBE6C436Z0Z_R	100.000	25	0	1.18e-09	50.1
M03520:605:000000000-LVNKY:1:1101:9049:19862;size=8	RH.B9EF730EBE6C436Z0Z_F	100.000	25	0	1.18e-09	50.1
M03520:605:000000000-LVNKY:1:1101:9244:8453;size=8	RH.72B9E3F522264B3Z0Z_F	100.000	22	0	7.27e-08	44.1
M03520:605:000000000-LVNKY:1:1101:9265:18742;size=8	RH.DDB83AFF97C94C6Z0Z_R	100.000	25	0	1.18e-09	50.1
M03520:605:000000000-LVNKY:1:1101:9265:18742;size=8	RH.DDB83AFF97C94C6Z0Z_F	100.000	24	0	4.65e-09	48.1
M03520:605:000000000-LVNKY:1:1101:9373:13483;size=8	RH.B2A7FEFE5F5C48AZ0Z_F	100.000	24	0	4.65e-09	48.1
M03520:605:000000000-LVNKY:1:1101:9373:13483;size=8	RH.B2A7FEFE5F5C48AZ0Z_R	100.000	23	0	1.84e-08	46.1
M03520:605:000000000-LVNKY:1:1102:11389:21823;size=8	RH.B9EF730EBE6C436Z0Z_F	100.000	25	0	1.18e-09	50.1
M03520:605:000000000-LVNKY:1:1102:11389:21823;size=8	RH.B9EF730EBE6C436Z0Z_R	100.000	25	0	1.18e-09	50.1
M03520:605:000000000-LVNKY:1:1102:12246:3068;size=8	RH.E253263309B742FZ0Z_R	100.000	26	0	2.98e-10	52.0
M03520:605:000000000-LVNKY:1:1102:12246:3068;size=8	RH.E253263309B742FZ0Z_F	100.000	26	0	2.98e-10	52.0
M03520:605:000000000-LVNKY:1:1102:13681:8480;size=8	RH.6408CE975B5340AZ0Z_R	100.000	26	0	2.98e-10	52.0
M03520:605:000000000-LVNKY:1:1102:13681:8480;size=8	RH.6408CE975B5340AZ0Z_F	96.154	26	1	7.27e-08	44.1
M03520:605:000000000-LVNKY:1:1102:13779:7361;size=8	RH.25F43EF2A0F1421Z0Z_F	100.000	24	0	4.65e-09	48.1
M03520:605:000000000-LVNKY:1:1102:13779:7361;size=8	RH.25F43EF2A0F1421Z0Z_R	100.000	23	0	1.84e-08	46.1
M03520:605:000000000-LVNKY:1:1102:15548:25386;size=8	RH.DDB83AFF97C94C6Z0Z_R	100.000	25	0	1.18e-09	50.1
M03520:605:000000000-LVNKY:1:1102:16922:19204;size=8	RH.7CE39E25906745AZ0Z_R	100.000	26	0	2.98e-10	52.0
M03520:605:000000000-LVNKY:1:1102:16922:19204;size=8	RH.7CE39E25906745AZ0Z_F	96.000	25	1	2.87e-07	42.1
M03520:605:000000000-LVNKY:1:1102:18742:3086;size=8	RH.B9EF730EBE6C436Z0Z_F	100.000	25	0	1.18e-09	50.1
M03520:605:000000000-LVNKY:1:1102:18742:3086;size=8	RH.B9EF730EBE6C436Z0Z_R	100.000	22	0	7.27e-08	44.1
M03520:605:000000000-LVNKY:1:1102:19182:7388;size=8	RH.DDB83AFF97C94C6Z0Z_R	100.000	25	0	1.18e-09	50.1
M03520:605:000000000-LVNKY:1:1102:19182:7388;size=8	RH.DDB83AFF97C94C6Z0Z_F	100.000	24	0	4.65e-09	48.1
M03520:605:000000000-LVNKY:1:1102:19213:26686;size=8	RH.E253263309B742FZ0Z_R	100.000	26	0	2.98e-10	52.0
M03520:605:000000000-LVNKY:1:1102:19213:26686;size=8	RH.E253263309B742FZ0Z_F	100.000	25	0	1.18e-09	50.1
M03520:605:000000000-LVNKY:1:1102:19621:13767;size=8	RH.B9EF730EBE6C436Z0Z_R	100.000	25	0	1.18e-09	50.1
M03520:605:000000000-LVNKY:1:1102:19621:13767;size=8	RH.B9EF730EBE6C436Z0Z_F	96.000	25	1	2.87e-07	42.1
M03520:605:000000000-LVNKY:1:1102:20332:18421;size=8	RH.2AFFFBA0E81C482Z0Z_F	100.000	23	0	1.84e-08	46.1
M03520:605:000000000-LVNKY:1:1102:20332:18421;size=8	RH.2AFFFBA0E81C482Z0Z_R	100.000	23	0	1.84e-08	46.1
M03520:605:000000000-LVNKY:1:1102:2288:13000;size=8	RH.25F43EF2A0F1421Z0Z_F	100.000	24	0	4.65e-09	48.1
M03520:605:000000000-LVNKY:1:1102:2288:13000;size=8	RH.25F43EF2A0F1421Z0Z_R	95.652	23	1	4.48e-06	38.2
M03520:605:000000000-LVNKY:1:1102:23476:21382;size=8	RH.B2A7FEFE5F5C48AZ0Z_F	100.000	24	0	4.65e-09	48.1
M03520:605:000000000-LVNKY:1:1102:23476:21382;size=8	RH.B2A7FEFE5F5C48AZ0Z_R	100.000	23	0	1.84e-08	46.1
M03520:605:000000000-LVNKY:1:1102:23743:23039;size=8	RH.B9EF730EBE6C436Z0Z_R	100.000	25	0	1.18e-09	50.1
M03520:605:000000000-LVNKY:1:1102:24886:12303;size=8	RH.DDB83AFF97C94C6Z0Z_R	100.000	25	0	1.18e-09	50.1
M03520:605:000000000-LVNKY:1:1102:24886:12303;size=8	RH.DDB83AFF97C94C6Z0Z_F	100.000	24	0	4.65e-09	48.1
M03520:605:000000000-LVNKY:1:1102:25923:15287;size=8	RH.2AFFFBA0E81C482Z0Z_F	100.000	23	0	1.84e-08	46.1
M03520:605:000000000-LVNKY:1:1102:25923:15287;size=8	RH.2AFFFBA0E81C482Z0Z_R	100.000	22	0	7.27e-08	44.1
M03520:605:000000000-LVNKY:1:1102:2867:11231;size=8	RH.6408CE975B5340AZ0Z_R	100.000	26	0	2.98e-10	52.0
M03520:605:000000000-LVNKY:1:1102:2867:11231;size=8	RH.6408CE975B5340AZ0Z_F	96.154	26	1	7.27e-08	44.1
M03520:605:000000000-LVNKY:1:1102:6279:7883;size=8	RH.72B9E3F522264B3Z0Z_F	100.000	22	0	7.27e-08	44.1
M03520:605:000000000-LVNKY:1:1102:6279:7883;size=8	RH.72B9E3F522264B3Z0Z_R	100.000	20	0	1.13e-06	40.1
M03520:605:000000000-LVNKY:1:1102:7286:20781;size=8	RH.6408CE975B5340AZ0Z_R	100.000	26	0	2.98e-10	52.0
M03520:605:000000000-LVNKY:1:1102:7286:20781;size=8	RH.6408CE975B5340AZ0Z_F	100.000	26	0	2.98e-10	52.0
M03520:605:000000000-LVNKY:1:1102:7657:7167;size=8	RH.DDB83AFF97C94C6Z0Z_R	100.000	25	0	1.18e-09	50.1
M03520:605:000000000-LVNKY:1:1102:7657:7167;size=8	RH.DDB83AFF97C94C6Z0Z_F	100.000	24	0	4.65e-09	48.1
M03520:605:000000000-LVNKY:1:1102:8070:8445;size=8	RH.2B5DDF63455445EZ0Z_F	100.000	21	0	2.87e-07	42.1
M03520:605:000000000-LVNKY:1:1102:8612:13267;size=8	RH.DDB83AFF97C94C6Z0Z_R	100.000	25	0	1.18e-09	50.1
M03520:605:000000000-LVNKY:1:1102:8612:13267;size=8	RH.DDB83AFF97C94C6Z0Z_F	100.000	24	0	4.65e-09	48.1
M03520:605:000000000-LVNKY:1:1102:9401:16675;size=8	RH.B9EF730EBE6C436Z0Z_R	100.000	25	0	1.18e-09	50.1
M03520:605:000000000-LVNKY:1:1102:9401:16675;size=8	RH.B9EF730EBE6C436Z0Z_F	100.000	25	0	1.18e-09	50.1
M03520:605:000000000-LVNKY:1:1102:9487:25860;size=8	RH.25F43EF2A0F1421Z0Z_F	100.000	24	0	4.65e-09	48.1
M03520:605:000000000-LVNKY:1:1102:9487:25860;size=8	RH.25F43EF2A0F1421Z0Z_R	100.000	23	0	1.84e-08	46.1
M03520:605:000000000-LVNKY:1:1102:9530:18473;size=8	RH.72B9E3F522264B3Z0Z_F	100.000	22	0	7.27e-08	44.1
M03520:605:000000000-LVNKY:1:1102:9530:18473;size=8	RH.72B9E3F522264B3Z0Z_R	100.000	20	0	1.13e-06	40.1
M03520:605:000000000-LVNKY:1:1103:10171:23061;size=8	RH.6408CE975B5340AZ0Z_R	100.000	26	0	2.98e-10	52.0
M03520:605:000000000-LVNKY:1:1103:10171:23061;size=8	RH.6408CE975B5340AZ0Z_F	100.000	25	0	1.18e-09	50.1
M03520:605:000000000-LVNKY:1:1103:10196:9174;size=8	RH.6408CE975B5340AZ0Z_F	100.000	26	0	2.98e-10	52.0
M03520:605:000000000-LVNKY:1:1103:10196:9174;size=8	RH.6408CE975B5340AZ0Z_R	96.154	26	1	7.27e-08	44.1
M03520:605:000000000-LVNKY:1:1103:10442:4180;size=8	RH.72B9E3F522264B3Z0Z_F	100.000	22	0	7.27e-08	44.1
M03520:605:000000000-LVNKY:1:1103:14143:13654;size=8	RH.DDB83AFF97C94C6Z0Z_R	100.000	25	0	1.18e-09	50.1
M03520:605:000000000-LVNKY:1:1103:14143:13654;size=8	RH.DDB83AFF97C94C6Z0Z_F	100.000	24	0	4.65e-09	48.1
M03520:605:000000000-LVNKY:1:1103:15746:10779;size=8	RH.E253263309B742FZ0Z_F	100.000	26	0	2.98e-10	52.0
M03520:605:000000000-LVNKY:1:1103:15746:10779;size=8	RH.E253263309B742FZ0Z_R	100.000	20	0	1.13e-06	40.1
M03520:605:000000000-LVNKY:1:1103:16616:26909;size=8	RH.6408CE975B5340AZ0Z_R	100.000	26	0	2.98e-10	52.0
M03520:605:000000000-LVNKY:1:1103:17924:5252;size=8	RH.0096A141894D447Z0Z_F	100.000	24	0	4.65e-09	48.1
M03520:605:000000000-LVNKY:1:1103:17924:5252;size=8	RH.0096A141894D447Z0Z_R	100.000	21	0	2.87e-07	42.1
M03520:605:000000000-LVNKY:1:1103:18426:10279;size=8	RH.E253263309B742FZ0Z_R	100.000	26	0	2.98e-10	52.0
M03520:605:000000000-LVNKY:1:1103:18426:10279;size=8	RH.E253263309B742FZ0Z_F	100.000	26	0	2.98e-10	52.0
M03520:605:000000000-LVNKY:1:1103:18567:13425;size=8	RH.B9EF730EBE6C436Z0Z_R	100.000	25	0	1.18e-09	50.1
M03520:605:000000000-LVNKY:1:1103:23428:7775;size=8	RH.2AFFFBA0E81C482Z0Z_F	100.000	23	0	1.84e-08	46.1
M03520:605:000000000-LVNKY:1:1103:23428:7775;size=8	RH.2AFFFBA0E81C482Z0Z_R	95.652	23	1	4.48e-06	38.2
M03520:605:000000000-LVNKY:1:1103:24564:23802;size=8	RH.C8E7A755EDEB485Z0Z_F	100.000	19	0	4.48e-06	38.2
M03520:605:000000000-LVNKY:1:1103:26663:17672;size=8	RH.2A85EAE5DEAD471Z0Z_R	100.000	25	0	1.18e-09	50.1
M03520:605:000000000-LVNKY:1:1103:26663:17672;size=8	RH.B3BF5B8B809244BZ0Z_F	100.000	20	0	1.13e-06	40.1
M03520:605:000000000-LVNKY:1:1103:28684:15250;size=8	RH.6408CE975B5340AZ0Z_R	100.000	26	0	2.98e-10	52.0
M03520:605:000000000-LVNKY:1:1103:28684:15250;size=8	RH.6408CE975B5340AZ0Z_F	100.000	26	0	2.98e-10	52.0
M03520:605:000000000-LVNKY:1:1103:5284:14779;size=8	RH.E253263309B742FZ0Z_R	100.000	26	0	2.98e-10	52.0
M03520:605:000000000-LVNKY:1:1103:5284:14779;size=8	RH.E253263309B742FZ0Z_F	100.000	26	0	2.98e-10	52.0
M03520:605:000000000-LVNKY:1:1103:5968:7025;size=8	RH.517A9FBA2B494D5Z0Z_F	100.000	25	0	1.18e-09	50.1
M03520:605:000000000-LVNKY:1:1103:5968:7025;size=8	RH.517A9FBA2B494D5Z0Z_R	100.000	24	0	4.65e-09	48.1
M03520:605:000000000-LVNKY:1:1103:6706:22545;size=8	RH.5DA12402580148DZ0Z_F	100.000	24	0	4.65e-09	48.1
M03520:605:000000000-LVNKY:1:1103:7590:26082;size=8	RH.B9EF730EBE6C436Z0Z_R	100.000	25	0	1.18e-09	50.1
M03520:605:000000000-LVNKY:1:1103:7590:26082;size=8	RH.B9EF730EBE6C436Z0Z_F	100.000	25	0	1.18e-09	50.1
M03520:605:000000000-LVNKY:1:1103:7613:15954;size=8	RH.6408CE975B5340AZ0Z_R	100.000	26	0	2.98e-10	52.0
M03520:605:000000000-LVNKY:1:1103:7613:15954;size=8	RH.6408CE975B5340AZ0Z_F	96.154	26	1	7.27e-08	44.1
M03520:605:000000000-LVNKY:1:1103:9582:9640;size=8	RH.E253263309B742FZ0Z_R	100.000	26	0	2.98e-10	52.0
M03520:605:000000000-LVNKY:1:1103:9582:9640;size=8	RH.E253263309B742FZ0Z_F	100.000	26	0	2.98e-10	52.0
M03520:605:000000000-LVNKY:1:1104:11786:15727;size=8	RH.2A85EAE5DEAD471Z0Z_R	100.000	25	0	1.18e-09	50.1
M03520:605:000000000-LVNKY:1:1104:13532:27635;size=8	RH.72B9E3F522264B3Z0Z_F	100.000	22	0	7.27e-08	44.1
M03520:605:000000000-LVNKY:1:1104:13532:27635;size=8	RH.72B9E3F522264B3Z0Z_R	100.000	20	0	1.13e-06	40.1
M03520:605:000000000-LVNKY:1:1104:16321:15507;size=8	RH.E253263309B742FZ0Z_R	100.000	26	0	2.98e-10	52.0
M03520:605:000000000-LVNKY:1:1104:16321:15507;size=8	RH.E253263309B742FZ0Z_F	100.000	26	0	2.98e-10	52.0
M03520:605:000000000-LVNKY:1:1104:16867:5551;size=8	RH.6408CE975B5340AZ0Z_F	100.000	26	0	2.98e-10	52.0
M03520:605:000000000-LVNKY:1:1104:16867:5551;size=8	RH.6408CE975B5340AZ0Z_R	96.154	26	1	7.27e-08	44.1
M03520:605:000000000-LVNKY:1:1104:16912:25986;size=8	RH.B9EF730EBE6C436Z0Z_R	100.000	25	0	1.18e-09	50.1
M03520:605:000000000-LVNKY:1:1104:16912:25986;size=8	RH.B9EF730EBE6C436Z0Z_F	100.000	22	0	7.27e-08	44.1
M03520:605:000000000-LVNKY:1:1104:23773:14468;size=8	RH.25F43EF2A0F1421Z0Z_F	100.000	24	0	4.65e-09	48.1
M03520:605:000000000-LVNKY:1:1104:23773:14468;size=8	RH.25F43EF2A0F1421Z0Z_R	100.000	23	0	1.84e-08	46.1
M03520:605:000000000-LVNKY:1:1104:24222:16631;size=8	RH.7CE39E25906745AZ0Z_R	100.000	25	0	1.18e-09	50.1
M03520:605:000000000-LVNKY:1:1104:26009:15548;size=8	RH.6408CE975B5340AZ0Z_R	100.000	26	0	2.98e-10	52.0
M03520:605:000000000-LVNKY:1:1104:26009:15548;size=8	RH.6408CE975B5340AZ0Z_F	100.000	24	0	4.65e-09	48.1
M03520:605:000000000-LVNKY:1:1104:2728:15834;size=8	RH.72B9E3F522264B3Z0Z_F	100.000	22	0	7.27e-08	44.1
M03520:605:000000000-LVNKY:1:1104:2728:15834;size=8	RH.72B9E3F522264B3Z0Z_R	100.000	20	0	1.13e-06	40.1
M03520:605:000000000-LVNKY:1:1104:3677:8961;size=8	RH.2A85EAE5DEAD471Z0Z_R	100.000	25	0	1.18e-09	50.1
M03520:605:000000000-LVNKY:1:1104:3677:8961;size=8	RH.2A85EAE5DEAD471Z0Z_F	100.000	25	0	1.18e-09	50.1
M03520:605:000000000-LVNKY:1:1104:3870:13160;size=8	RH.DDB83AFF97C94C6Z0Z_R	100.000	24	0	4.65e-09	48.1
M03520:605:000000000-LVNKY:1:1104:4301:20541;size=8	RH.0096A141894D447Z0Z_F	100.000	24	0	4.65e-09	48.1
M03520:605:000000000-LVNKY:1:1104:4301:20541;size=8	RH.0096A141894D447Z0Z_R	100.000	21	0	2.87e-07	42.1
M03520:605:000000000-LVNKY:1:1104:4714:9450;size=8	RH.BE09C1F6EE4B426Z0Z_R	100.000	23	0	1.84e-08	46.1
M03520:605:000000000-LVNKY:1:1104:4714:9450;size=8	RH.BE09C1F6EE4B426Z0Z_F	100.000	22	0	7.27e-08	44.1
M03520:605:000000000-LVNKY:1:1104:4819:12766;size=8	RH.E253263309B742FZ0Z_R	100.000	26	0	2.98e-10	52.0
M03520:605:000000000-LVNKY:1:1104:4819:12766;size=8	RH.E253263309B742FZ0Z_F	100.000	26	0	2.98e-10	52.0
M03520:605:000000000-LVNKY:1:1105:10803:9162;size=8	RH.25F43EF2A0F1421Z0Z_F	100.000	24	0	4.65e-09	48.1
M03520:605:000000000-LVNKY:1:1105:10803:9162;size=8	RH.25F43EF2A0F1421Z0Z_R	100.000	23	0	1.84e-08	46.1
M03520:605:000000000-LVNKY:1:1105:12398:7445;size=8	RH.2AFFFBA0E81C482Z0Z_R	100.000	23	0	1.84e-08	46.1
M03520:605:000000000-LVNKY:1:1105:12398:7445;size=8	RH.2AFFFBA0E81C482Z0Z_F	100.000	23	0	1.84e-08	46.1
M03520:605:000000000-LVNKY:1:1105:14574:25214;size=8	RH.DDB83AFF97C94C6Z0Z_F	100.000	24	0	4.65e-09	48.1
M03520:605:000000000-LVNKY:1:1105:14574:25214;size=8	RH.6572108A164E48EZ0Z_R	96.000	25	1	2.87e-07	42.1
M03520:605:000000000-LVNKY:1:1105:14574:25214;size=8	RH.F7E3D42951B44CCZ0Z_F	100.000	21	0	2.87e-07	42.1
M03520:605:000000000-LVNKY:1:1105:15278:13888;size=8	RH.2B5DDF63455445EZ0Z_F	100.000	20	0	1.13e-06	40.1
M03520:605:000000000-LVNKY:1:1105:16107:15502;size=8	RH.7CE39E25906745AZ0Z_R	100.000	26	0	2.98e-10	52.0
M03520:605:000000000-LVNKY:1:1105:16107:15502;size=8	RH.7CE39E25906745AZ0Z_F	100.000	25	0	1.18e-09	50.1
M03520:605:000000000-LVNKY:1:1105:16548:23556;size=8	RH.51338FA06EDB4F0Z0Z_R	100.000	25	0	1.18e-09	50.1
M03520:605:000000000-LVNKY:1:1105:16548:23556;size=8	RH.51338FA06EDB4F0Z0Z_F	100.000	25	0	1.18e-09	50.1
M03520:605:000000000-LVNKY:1:1105:19791:8991;size=8	RH.7CE39E25906745AZ0Z_R	100.000	26	0	2.98e-10	52.0
M03520:605:000000000-LVNKY:1:1105:19791:8991;size=8	RH.3B2B2BB86AB94D3Z0Z_F	100.000	21	0	2.87e-07	42.1
M03520:605:000000000-LVNKY:1:1105:19791:8991;size=8	RH.64613722763148BZ0Z_R	100.000	19	0	4.48e-06	38.2
M03520:605:000000000-LVNKY:1:1105:23589:10681;size=8	RH.2AFFFBA0E81C482Z0Z_R	100.000	23	0	1.84e-08	46.1
M03520:605:000000000-LVNKY:1:1105:23589:10681;size=8	RH.2AFFFBA0E81C482Z0Z_F	100.000	23	0	1.84e-08	46.1
M03520:605:000000000-LVNKY:1:1105:24421:19871;size=8	RH.F4E2313A8B92492Z0Z_F	100.000	24	0	4.65e-09	48.1
M03520:605:000000000-LVNKY:1:1105:24421:19871;size=8	RH.F4E2313A8B92492Z0Z_R	100.000	19	0	4.48e-06	38.2
M03520:605:000000000-LVNKY:1:1105:25420:13087;size=8	RH.2AFFFBA0E81C482Z0Z_F	100.000	23	0	1.84e-08	46.1
M03520:605:000000000-LVNKY:1:1105:25420:13087;size=8	RH.2AFFFBA0E81C482Z0Z_R	100.000	23	0	1.84e-08	46.1
M03520:605:000000000-LVNKY:1:1105:26954:19134;size=8	RH.6408CE975B5340AZ0Z_F	100.000	26	0	2.98e-10	52.0
M03520:605:000000000-LVNKY:1:1105:26954:19134;size=8	RH.6408CE975B5340AZ0Z_R	100.000	25	0	1.18e-09	50.1
M03520:605:000000000-LVNKY:1:1105:7042:10334;size=8	RH.85A5303CAAF54ADZ0Z_F	100.000	21	0	2.87e-07	42.1
M03520:605:000000000-LVNKY:1:1106:10240:13230;size=8	RH.DDB83AFF97C94C6Z0Z_R	100.000	25	0	1.18e-09	50.1
M03520:605:000000000-LVNKY:1:1106:10240:13230;size=8	RH.DDB83AFF97C94C6Z0Z_F	100.000	24	0	4.65e-09	48.1
M03520:605:000000000-LVNKY:1:1106:15020:22258;size=8	RH.CD599890796C4EFZ0Z_R	100.000	25	0	1.18e-09	50.1
M03520:605:000000000-LVNKY:1:1106:15020:22258;size=8	RH.CD599890796C4EFZ0Z_F	100.000	23	0	1.84e-08	46.1
M03520:605:000000000-LVNKY:1:1106:18294:16305;size=8	RH.B9EF730EBE6C436Z0Z_R	100.000	25	0	1.18e-09	50.1
M03520:605:000000000-LVNKY:1:1106:18294:16305;size=8	RH.B9EF730EBE6C436Z0Z_F	100.000	25	0	1.18e-09	50.1
M03520:605:000000000-LVNKY:1:1106:18521:6840;size=8	RH.27578A9A85FA4A3Z0Z_F	100.000	24	0	4.65e-09	48.1
M03520:605:000000000-LVNKY:1:1106:18521:6840;size=8	RH.27578A9A85FA4A3Z0Z_R	100.000	22	0	7.27e-08	44.1
M03520:605:000000000-LVNKY:1:1106:23198:21941;size=8	RH.0096A141894D447Z0Z_F	100.000	24	0	4.65e-09	48.1
M03520:605:000000000-LVNKY:1:1106:23198:21941;size=8	RH.0096A141894D447Z0Z_R	100.000	21	0	2.87e-07	42.1
M03520:605:000000000-LVNKY:1:1106:7961:19457;size=8	RH.6408CE975B5340AZ0Z_R	100.000	26	0	2.98e-10	52.0
M03520:605:000000000-LVNKY:1:1106:7961:19457;size=8	RH.6408CE975B5340AZ0Z_F	100.000	26	0	2.98e-10	52.0
M03520:605:000000000-LVNKY:1:1107:14429:8674;size=8	RH.27578A9A85FA4A3Z0Z_F	100.000	21	0	2.87e-07	42.1
M03520:605:000000000-LVNKY:1:1107:14429:8674;size=8	RH.27578A9A85FA4A3Z0Z_R	100.000	19	0	4.48e-06	38.2
M03520:605:000000000-LVNKY:1:1107:20390:5668;size=8	RH.DDB83AFF97C94C6Z0Z_R	100.000	25	0	1.18e-09	50.1
M03520:605:000000000-LVNKY:1:1107:20390:5668;size=8	RH.DDB83AFF97C94C6Z0Z_F	100.000	24	0	4.65e-09	48.1
M03520:605:000000000-LVNKY:1:1108:7367:12413;size=8	RH.2AFFFBA0E81C482Z0Z_R	100.000	23	0	1.84e-08	46.1
M03520:605:000000000-LVNKY:1:1108:7367:12413;size=8	RH.2AFFFBA0E81C482Z0Z_F	95.652	23	1	4.48e-06	38.2
M03520:605:000000000-LVNKY:1:1109:14466:8592;size=8	RH.B2A7FEFE5F5C48AZ0Z_F	100.000	24	0	4.65e-09	48.1
M03520:605:000000000-LVNKY:1:1109:14466:8592;size=8	RH.B2A7FEFE5F5C48AZ0Z_R	100.000	23	0	1.84e-08	46.1
M03520:605:000000000-LVNKY:1:1109:15964:12431;size=8	RH.27578A9A85FA4A3Z0Z_F	100.000	24	0	4.65e-09	48.1
M03520:605:000000000-LVNKY:1:1110:18609:12986;size=8	RH.27578A9A85FA4A3Z0Z_F	100.000	24	0	4.65e-09	48.1
M03520:605:000000000-LVNKY:1:1110:18609:12986;size=8	RH.27578A9A85FA4A3Z0Z_R	100.000	22	0	7.27e-08	44.1
M03520:605:000000000-LVNKY:1:1112:12258:13302;size=8	RH.2AFFFBA0E81C482Z0Z_F	100.000	23	0	1.84e-08	46.1
M03520:605:000000000-LVNKY:1:1112:12258:13302;size=8	RH.2AFFFBA0E81C482Z0Z_R	95.652	23	1	4.48e-06	38.2
M03520:605:000000000-LVNKY:1:1113:13957:19669;size=8	RH.E253263309B742FZ0Z_R	100.000	26	0	2.98e-10	52.0
M03520:605:000000000-LVNKY:1:1113:13957:19669;size=8	RH.E253263309B742FZ0Z_F	100.000	26	0	2.98e-10	52.0
M03520:605:000000000-LVNKY:1:1113:17200:25395;size=8	RH.DDB83AFF97C94C6Z0Z_R	100.000	25	0	1.18e-09	50.1
M03520:605:000000000-LVNKY:1:1113:17200:25395;size=8	RH.DDB83AFF97C94C6Z0Z_F	100.000	24	0	4.65e-09	48.1
M03520:605:000000000-LVNKY:1:1113:25460:17204;size=8	RH.B9EF730EBE6C436Z0Z_R	100.000	25	0	1.18e-09	50.1
M03520:605:000000000-LVNKY:1:1113:25460:17204;size=8	RH.B9EF730EBE6C436Z0Z_F	100.000	25	0	1.18e-09	50.1
M03520:605:000000000-LVNKY:1:1101:10093:18305;size=7	RH.25F43EF2A0F1421Z0Z_F	100.000	24	0	4.65e-09	48.1
M03520:605:000000000-LVNKY:1:1101:10093:18305;size=7	RH.25F43EF2A0F1421Z0Z_R	100.000	23	0	1.84e-08	46.1
M03520:605:000000000-LVNKY:1:1101:10359:4424;size=7	RH.517A9FBA2B494D5Z0Z_R	100.000	24	0	4.65e-09	48.1
M03520:605:000000000-LVNKY:1:1101:10359:4424;size=7	RH.517A9FBA2B494D5Z0Z_F	96.000	25	1	2.87e-07	42.1
M03520:605:000000000-LVNKY:1:1101:11191:15049;size=7	RH.25F43EF2A0F1421Z0Z_F	100.000	24	0	4.65e-09	48.1
M03520:605:000000000-LVNKY:1:1101:11191:15049;size=7	RH.25F43EF2A0F1421Z0Z_R	100.000	23	0	1.84e-08	46.1
M03520:605:000000000-LVNKY:1:1101:12614:23130;size=7	RH.25F43EF2A0F1421Z0Z_R	100.000	23	0	1.84e-08	46.1
M03520:605:000000000-LVNKY:1:1101:12614:23130;size=7	RH.25F43EF2A0F1421Z0Z_F	95.833	24	1	1.13e-06	40.1
M03520:605:000000000-LVNKY:1:1101:12776:20621;size=7	RH.E253263309B742FZ0Z_R	100.000	26	0	2.98e-10	52.0
M03520:605:000000000-LVNKY:1:1101:12776:20621;size=7	RH.E253263309B742FZ0Z_F	100.000	23	0	1.84e-08	46.1
M03520:605:000000000-LVNKY:1:1101:14703:12350;size=7	RH.25F43EF2A0F1421Z0Z_F	100.000	24	0	4.65e-09	48.1
M03520:605:000000000-LVNKY:1:1101:14703:12350;size=7	RH.25F43EF2A0F1421Z0Z_R	100.000	23	0	1.84e-08	46.1
M03520:605:000000000-LVNKY:1:1101:15414:22302;size=7	RH.F14C1F934B604A6Z0Z_F	100.000	23	0	1.84e-08	46.1
M03520:605:000000000-LVNKY:1:1101:15414:22302;size=7	RH.F2F19E4203944BDZ0Z_R	100.000	20	0	1.13e-06	40.1
M03520:605:000000000-LVNKY:1:1101:16774:7644;size=7	RH.2B5DDF63455445EZ0Z_F	100.000	21	0	2.87e-07	42.1
M03520:605:000000000-LVNKY:1:1101:18085:24027;size=7	RH.69CEA0AC39F4445Z0Z_R	100.000	23	0	1.84e-08	46.1
M03520:605:000000000-LVNKY:1:1101:18085:24027;size=7	RH.3B2B2BB86AB94D3Z0Z_F	100.000	21	0	2.87e-07	42.1
M03520:605:000000000-LVNKY:1:1101:18085:24027;size=7	RH.64613722763148BZ0Z_R	100.000	19	0	4.48e-06	38.2
M03520:605:000000000-LVNKY:1:1101:18261:18556;size=7	RH.6408CE975B5340AZ0Z_F	100.000	26	0	2.98e-10	52.0
M03520:605:000000000-LVNKY:1:1101:18339:21128;size=7	RH.7CE39E25906745AZ0Z_R	100.000	24	0	4.65e-09	48.1
M03520:605:000000000-LVNKY:1:1101:18364:7026;size=7	RH.B2A7FEFE5F5C48AZ0Z_F	100.000	24	0	4.65e-09	48.1
M03520:605:000000000-LVNKY:1:1101:18364:7026;size=7	RH.B2A7FEFE5F5C48AZ0Z_R	100.000	23	0	1.84e-08	46.1
M03520:605:000000000-LVNKY:1:1101:19635:18822;size=7	RH.E253263309B742FZ0Z_F	100.000	26	0	2.98e-10	52.0
M03520:605:000000000-LVNKY:1:1101:20054:5450;size=7	RH.6408CE975B5340AZ0Z_R	100.000	26	0	2.98e-10	52.0
M03520:605:000000000-LVNKY:1:1101:20054:5450;size=7	RH.6408CE975B5340AZ0Z_F	100.000	26	0	2.98e-10	52.0
M03520:605:000000000-LVNKY:1:1101:20813:3327;size=7	RH.B2A7FEFE5F5C48AZ0Z_F	100.000	24	0	4.65e-09	48.1
M03520:605:000000000-LVNKY:1:1101:20813:3327;size=7	RH.B2A7FEFE5F5C48AZ0Z_R	100.000	23	0	1.84e-08	46.1
M03520:605:000000000-LVNKY:1:1101:21629:9735;size=7	RH.7CE39E25906745AZ0Z_R	100.000	26	0	2.98e-10	52.0
M03520:605:000000000-LVNKY:1:1101:21629:9735;size=7	RH.3B2B2BB86AB94D3Z0Z_F	100.000	21	0	2.87e-07	42.1
M03520:605:000000000-LVNKY:1:1101:21629:9735;size=7	RH.64613722763148BZ0Z_R	100.000	19	0	4.48e-06	38.2
M03520:605:000000000-LVNKY:1:1101:21844:22673;size=7	RH.7CE39E25906745AZ0Z_R	100.000	26	0	2.98e-10	52.0
M03520:605:000000000-LVNKY:1:1101:21844:22673;size=7	RH.7CE39E25906745AZ0Z_F	100.000	25	0	1.18e-09	50.1
M03520:605:000000000-LVNKY:1:1101:21879:7150;size=7	RH.5F6424ABBC3C47BZ0Z_F	100.000	25	0	1.18e-09	50.1
M03520:605:000000000-LVNKY:1:1101:22803:12812;size=7	RH.2A85EAE5DEAD471Z0Z_R	100.000	25	0	1.18e-09	50.1
M03520:605:000000000-LVNKY:1:1101:22803:12812;size=7	RH.2A85EAE5DEAD471Z0Z_F	100.000	25	0	1.18e-09	50.1
M03520:605:000000000-LVNKY:1:1101:23991:9278;size=7	RH.2AFFFBA0E81C482Z0Z_R	100.000	23	0	1.84e-08	46.1
M03520:605:000000000-LVNKY:1:1101:23991:9278;size=7	RH.2AFFFBA0E81C482Z0Z_F	100.000	23	0	1.84e-08	46.1
M03520:605:000000000-LVNKY:1:1101:25052:6599;size=7	RH.6408CE975B5340AZ0Z_R	100.000	26	0	2.98e-10	52.0
M03520:605:000000000-LVNKY:1:1101:25052:6599;size=7	RH.6408CE975B5340AZ0Z_F	100.000	26	0	2.98e-10	52.0
M03520:605:000000000-LVNKY:1:1101:25145:15670;size=7	RH.6408CE975B5340AZ0Z_F	100.000	26	0	2.98e-10	52.0
M03520:605:000000000-LVNKY:1:1101:25145:15670;size=7	RH.6408CE975B5340AZ0Z_R	96.154	26	1	7.27e-08	44.1
M03520:605:000000000-LVNKY:1:1101:27297:12355;size=7	RH.609947B6947F457Z0Z_F	100.000	21	0	2.87e-07	42.1
M03520:605:000000000-LVNKY:1:1101:27297:12355;size=7	RH.A12CDF2B5C80436Z0Z_R	100.000	20	0	1.13e-06	40.1
M03520:605:000000000-LVNKY:1:1101:28425:19279;size=7	RH.B9EF730EBE6C436Z0Z_R	100.000	25	0	1.18e-09	50.1
M03520:605:000000000-LVNKY:1:1101:28425:19279;size=7	RH.E50C44E6F0174B8Z0Z_F	100.000	20	0	1.13e-06	40.1
M03520:605:000000000-LVNKY:1:1101:28432:15465;size=7	RH.DDB83AFF97C94C6Z0Z_R	100.000	25	0	1.18e-09	50.1
M03520:605:000000000-LVNKY:1:1101:28432:15465;size=7	RH.DDB83AFF97C94C6Z0Z_F	100.000	20	0	1.13e-06	40.1
M03520:605:000000000-LVNKY:1:1101:3093:15239;size=7	RH.DDB83AFF97C94C6Z0Z_R	100.000	25	0	1.18e-09	50.1
M03520:605:000000000-LVNKY:1:1101:3093:15239;size=7	RH.DDB83AFF97C94C6Z0Z_F	100.000	24	0	4.65e-09	48.1
M03520:605:000000000-LVNKY:1:1101:4097:9696;size=7	RH.7CE39E25906745AZ0Z_R	100.000	26	0	2.98e-10	52.0
M03520:605:000000000-LVNKY:1:1101:4097:9696;size=7	RH.7CE39E25906745AZ0Z_F	100.000	25	0	1.18e-09	50.1
M03520:605:000000000-LVNKY:1:1101:4186:14021;size=7	RH.B3BF5B8B809244BZ0Z_R	100.000	24	0	4.65e-09	48.1
M03520:605:000000000-LVNKY:1:1101:4186:14021;size=7	RH.B3BF5B8B809244BZ0Z_F	100.000	23	0	1.84e-08	46.1
M03520:605:000000000-LVNKY:1:1101:4385:13602;size=7	RH.F3CB70E6BDD6435Z0Z_F	100.000	25	0	1.18e-09	50.1
M03520:605:000000000-LVNKY:1:1101:4385:13602;size=7	RH.F3CB70E6BDD6435Z0Z_R	100.000	24	0	4.65e-09	48.1
M03520:605:000000000-LVNKY:1:1101:4823:8555;size=7	RH.2A85EAE5DEAD471Z0Z_R	100.000	25	0	1.18e-09	50.1
M03520:605:000000000-LVNKY:1:1101:4823:8555;size=7	RH.2A85EAE5DEAD471Z0Z_F	100.000	23	0	1.84e-08	46.1
M03520:605:000000000-LVNKY:1:1101:5190:10307;size=7	RH.7CE39E25906745AZ0Z_R	100.000	24	0	4.65e-09	48.1
M03520:605:000000000-LVNKY:1:1101:5627:21944;size=7	RH.09D312EAE0BE4BAZ0Z_R	100.000	23	0	1.84e-08	46.1
M03520:605:000000000-LVNKY:1:1101:5627:21944;size=7	RH.09D312EAE0BE4BAZ0Z_F	100.000	22	0	7.27e-08	44.1
M03520:605:000000000-LVNKY:1:1101:6773:20530;size=7	RH.3B2B2BB86AB94D3Z0Z_F	100.000	21	0	2.87e-07	42.1
M03520:605:000000000-LVNKY:1:1101:6773:20530;size=7	RH.DDB83AFF97C94C6Z0Z_R	100.000	20	0	1.13e-06	40.1
M03520:605:000000000-LVNKY:1:1101:6773:20530;size=7	RH.64613722763148BZ0Z_R	100.000	19	0	4.48e-06	38.2
M03520:605:000000000-LVNKY:1:1101:7728:23902;size=7	RH.7CE39E25906745AZ0Z_R	100.000	26	0	2.98e-10	52.0
M03520:605:000000000-LVNKY:1:1101:7728:23902;size=7	RH.7CE39E25906745AZ0Z_F	100.000	25	0	1.18e-09	50.1
M03520:605:000000000-LVNKY:1:1101:8614:10999;size=7	RH.E253263309B742FZ0Z_R	100.000	26	0	2.98e-10	52.0
M03520:605:000000000-LVNKY:1:1101:8614:10999;size=7	RH.E253263309B742FZ0Z_F	100.000	26	0	2.98e-10	52.0
M03520:605:000000000-LVNKY:1:1101:9335:15495;size=7	RH.3B2B2BB86AB94D3Z0Z_F	100.000	21	0	2.87e-07	42.1
M03520:605:000000000-LVNKY:1:1101:9335:15495;size=7	RH.64613722763148BZ0Z_R	100.000	19	0	4.48e-06	38.2
M03520:605:000000000-LVNKY:1:1101:9418:17591;size=7	RH.B2A7FEFE5F5C48AZ0Z_F	100.000	24	0	4.65e-09	48.1
M03520:605:000000000-LVNKY:1:1101:9418:17591;size=7	RH.B2A7FEFE5F5C48AZ0Z_R	100.000	23	0	1.84e-08	46.1
M03520:605:000000000-LVNKY:1:1101:9723:7183;size=7	RH.2A85EAE5DEAD471Z0Z_R	100.000	25	0	1.18e-09	50.1
M03520:605:000000000-LVNKY:1:1101:9723:7183;size=7	RH.2A85EAE5DEAD471Z0Z_F	100.000	25	0	1.18e-09	50.1
M03520:605:000000000-LVNKY:1:1101:9737:10843;size=7	RH.2A85EAE5DEAD471Z0Z_R	100.000	25	0	1.18e-09	50.1
M03520:605:000000000-LVNKY:1:1101:9737:10843;size=7	RH.2A85EAE5DEAD471Z0Z_F	96.000	25	1	2.87e-07	42.1
M03520:605:000000000-LVNKY:1:1102:10046:8331;size=7	RH.51338FA06EDB4F0Z0Z_R	100.000	25	0	1.18e-09	50.1
M03520:605:000000000-LVNKY:1:1102:10046:8331;size=7	RH.51338FA06EDB4F0Z0Z_F	100.000	25	0	1.18e-09	50.1
M03520:605:000000000-LVNKY:1:1102:11242:10195;size=7	RH.E253263309B742FZ0Z_R	100.000	26	0	2.98e-10	52.0
M03520:605:000000000-LVNKY:1:1102:11242:10195;size=7	RH.E253263309B742FZ0Z_F	100.000	26	0	2.98e-10	52.0
M03520:605:000000000-LVNKY:1:1102:11674:23519;size=7	RH.3B2B2BB86AB94D3Z0Z_F	100.000	21	0	2.87e-07	42.1
M03520:605:000000000-LVNKY:1:1102:11674:23519;size=7	RH.DDB83AFF97C94C6Z0Z_R	100.000	21	0	2.87e-07	42.1
M03520:605:000000000-LVNKY:1:1102:11674:23519;size=7	RH.64613722763148BZ0Z_R	100.000	19	0	4.48e-06	38.2
M03520:605:000000000-LVNKY:1:1102:11757:6486;size=7	RH.72B9E3F522264B3Z0Z_F	100.000	22	0	7.27e-08	44.1
M03520:605:000000000-LVNKY:1:1102:13160:10519;size=7	RH.DDB83AFF97C94C6Z0Z_R	100.000	25	0	1.18e-09	50.1
M03520:605:000000000-LVNKY:1:1102:13189:13910;size=7	RH.72B9E3F522264B3Z0Z_F	100.000	22	0	7.27e-08	44.1
M03520:605:000000000-LVNKY:1:1102:13189:13910;size=7	RH.72B9E3F522264B3Z0Z_R	100.000	20	0	1.13e-06	40.1
M03520:605:000000000-LVNKY:1:1102:13934:8117;size=7	RH.2AFFFBA0E81C482Z0Z_R	100.000	23	0	1.84e-08	46.1
M03520:605:000000000-LVNKY:1:1102:13934:8117;size=7	RH.2AFFFBA0E81C482Z0Z_F	100.000	23	0	1.84e-08	46.1
M03520:605:000000000-LVNKY:1:1102:15464:24396;size=7	RH.5F6424ABBC3C47BZ0Z_F	100.000	25	0	1.18e-09	50.1
M03520:605:000000000-LVNKY:1:1102:15881:26876;size=7	RH.E253263309B742FZ0Z_R	100.000	26	0	2.98e-10	52.0
M03520:605:000000000-LVNKY:1:1102:15881:26876;size=7	RH.E253263309B742FZ0Z_F	100.000	26	0	2.98e-10	52.0
M03520:605:000000000-LVNKY:1:1102:15939:14545;size=7	RH.2A8AD21024974C0Z0Z_F	100.000	26	0	2.98e-10	52.0
M03520:605:000000000-LVNKY:1:1102:15939:14545;size=7	RH.2A8AD21024974C0Z0Z_R	100.000	25	0	1.18e-09	50.1
M03520:605:000000000-LVNKY:1:1102:16392:13394;size=7	RH.27578A9A85FA4A3Z0Z_F	100.000	24	0	4.65e-09	48.1
M03520:605:000000000-LVNKY:1:1102:16392:13394;size=7	RH.27578A9A85FA4A3Z0Z_R	100.000	22	0	7.27e-08	44.1
M03520:605:000000000-LVNKY:1:1102:17875:11507;size=7	RH.72B9E3F522264B3Z0Z_F	100.000	22	0	7.27e-08	44.1
M03520:605:000000000-LVNKY:1:1102:18185:5773;size=7	RH.2A8AD21024974C0Z0Z_R	100.000	25	0	1.18e-09	50.1
M03520:605:000000000-LVNKY:1:1102:18520:21441;size=7	RH.6408CE975B5340AZ0Z_R	100.000	26	0	2.98e-10	52.0
M03520:605:000000000-LVNKY:1:1102:18520:21441;size=7	RH.6408CE975B5340AZ0Z_F	100.000	19	0	4.48e-06	38.2
M03520:605:000000000-LVNKY:1:1102:19420:4407;size=7	RH.0550AF0F57084ADZ0Z_R	100.000	22	0	7.27e-08	44.1
M03520:605:000000000-LVNKY:1:1102:20802:23962;size=7	RH.DDB83AFF97C94C6Z0Z_R	100.000	25	0	1.18e-09	50.1
M03520:605:000000000-LVNKY:1:1102:20802:23962;size=7	RH.DDB83AFF97C94C6Z0Z_F	100.000	24	0	4.65e-09	48.1
M03520:605:000000000-LVNKY:1:1102:21715:13566;size=7	RH.51338FA06EDB4F0Z0Z_R	100.000	25	0	1.18e-09	50.1
M03520:605:000000000-LVNKY:1:1102:21715:13566;size=7	RH.51338FA06EDB4F0Z0Z_F	100.000	25	0	1.18e-09	50.1
M03520:605:000000000-LVNKY:1:1102:22710:9359;size=7	RH.B9EF730EBE6C436Z0Z_R	100.000	25	0	1.18e-09	50.1
M03520:605:000000000-LVNKY:1:1102:22710:9359;size=7	RH.B9EF730EBE6C436Z0Z_F	96.000	25	1	2.87e-07	42.1
M03520:605:000000000-LVNKY:1:1102:23209:24993;size=7	RH.E253263309B742FZ0Z_R	100.000	26	0	2.98e-10	52.0
M03520:605:000000000-LVNKY:1:1102:23209:24993;size=7	RH.E253263309B742FZ0Z_F	100.000	26	0	2.98e-10	52.0
M03520:605:000000000-LVNKY:1:1102:24329:7668;size=7	RH.6408CE975B5340AZ0Z_R	100.000	26	0	2.98e-10	52.0
M03520:605:000000000-LVNKY:1:1102:24329:7668;size=7	RH.6408CE975B5340AZ0Z_F	100.000	26	0	2.98e-10	52.0
M03520:605:000000000-LVNKY:1:1102:26504:9017;size=7	RH.B9EF730EBE6C436Z0Z_R	100.000	25	0	1.18e-09	50.1
M03520:605:000000000-LVNKY:1:1102:26504:9017;size=7	RH.3C4181E04665462Z0Z_F	100.000	22	0	7.27e-08	44.1
M03520:605:000000000-LVNKY:1:1102:26551:19357;size=7	RH.F4E2313A8B92492Z0Z_F	100.000	24	0	4.65e-09	48.1
M03520:605:000000000-LVNKY:1:1102:26551:19357;size=7	RH.F4E2313A8B92492Z0Z_R	100.000	19	0	4.48e-06	38.2
M03520:605:000000000-LVNKY:1:1102:27181:18173;size=7	RH.27578A9A85FA4A3Z0Z_F	100.000	24	0	4.65e-09	48.1
M03520:605:000000000-LVNKY:1:1102:27181:18173;size=7	RH.27578A9A85FA4A3Z0Z_R	100.000	22	0	7.27e-08	44.1
M03520:605:000000000-LVNKY:1:1102:27191:17595;size=7	RH.2AFFFBA0E81C482Z0Z_R	100.000	23	0	1.84e-08	46.1
M03520:605:000000000-LVNKY:1:1102:27191:17595;size=7	RH.2AFFFBA0E81C482Z0Z_F	100.000	19	0	4.48e-06	38.2
M03520:605:000000000-LVNKY:1:1102:3711:20419;size=7	RH.6408CE975B5340AZ0Z_R	100.000	26	0	2.98e-10	52.0
M03520:605:000000000-LVNKY:1:1102:3711:20419;size=7	RH.6408CE975B5340AZ0Z_F	100.000	26	0	2.98e-10	52.0
M03520:605:000000000-LVNKY:1:1102:4542:7629;size=7	RH.6408CE975B5340AZ0Z_R	100.000	26	0	2.98e-10	52.0
M03520:605:000000000-LVNKY:1:1102:4542:7629;size=7	RH.6408CE975B5340AZ0Z_F	100.000	26	0	2.98e-10	52.0
M03520:605:000000000-LVNKY:1:1102:5711:22705;size=7	RH.B9EF730EBE6C436Z0Z_R	100.000	25	0	1.18e-09	50.1
M03520:605:000000000-LVNKY:1:1102:5711:22705;size=7	RH.B9EF730EBE6C436Z0Z_F	100.000	25	0	1.18e-09	50.1
M03520:605:000000000-LVNKY:1:1102:5867:21417;size=7	RH.0C6EF86AB29A422Z0Z_F	100.000	23	0	1.84e-08	46.1
M03520:605:000000000-LVNKY:1:1102:5867:21417;size=7	RH.0C6EF86AB29A422Z0Z_R	100.000	23	0	1.84e-08	46.1
M03520:605:000000000-LVNKY:1:1102:7144:19135;size=7	RH.517A9FBA2B494D5Z0Z_F	100.000	25	0	1.18e-09	50.1
M03520:605:000000000-LVNKY:1:1102:7144:19135;size=7	RH.517A9FBA2B494D5Z0Z_R	100.000	21	0	2.87e-07	42.1
M03520:605:000000000-LVNKY:1:1102:9218:22803;size=7	RH.DDB83AFF97C94C6Z0Z_R	100.000	25	0	1.18e-09	50.1
M03520:605:000000000-LVNKY:1:1102:9218:22803;size=7	RH.DDB83AFF97C94C6Z0Z_F	100.000	24	0	4.65e-09	48.1
M03520:605:000000000-LVNKY:1:1103:11230:3954;size=7	RH.69CEA0AC39F4445Z0Z_R	100.000	23	0	1.84e-08	46.1
M03520:605:000000000-LVNKY:1:1103:11230:3954;size=7	RH.3B2B2BB86AB94D3Z0Z_F	100.000	21	0	2.87e-07	42.1
M03520:605:000000000-LVNKY:1:1103:11230:3954;size=7	RH.64613722763148BZ0Z_R	100.000	19	0	4.48e-06	38.2
M03520:605:000000000-LVNKY:1:1103:11631:12647;size=7	RH.B9EF730EBE6C436Z0Z_F	100.000	25	0	1.18e-09	50.1
M03520:605:000000000-LVNKY:1:1103:11631:12647;size=7	RH.B9EF730EBE6C436Z0Z_R	100.000	23	0	1.84e-08	46.1
M03520:605:000000000-LVNKY:1:1103:13504:8213;size=7	RH.6408CE975B5340AZ0Z_R	100.000	26	0	2.98e-10	52.0
M03520:605:000000000-LVNKY:1:1103:13504:8213;size=7	RH.6408CE975B5340AZ0Z_F	96.154	26	1	7.27e-08	44.1
M03520:605:000000000-LVNKY:1:1103:15745:9243;size=7	RH.2A85EAE5DEAD471Z0Z_R	100.000	25	0	1.18e-09	50.1
M03520:605:000000000-LVNKY:1:1103:15745:9243;size=7	RH.2A85EAE5DEAD471Z0Z_F	100.000	25	0	1.18e-09	50.1
M03520:605:000000000-LVNKY:1:1103:16445:14000;size=7	RH.2A8AD21024974C0Z0Z_F	100.000	26	0	2.98e-10	52.0
M03520:605:000000000-LVNKY:1:1103:16445:14000;size=7	RH.2A8AD21024974C0Z0Z_R	100.000	25	0	1.18e-09	50.1
M03520:605:000000000-LVNKY:1:1103:17179:18277;size=7	RH.B9EF730EBE6C436Z0Z_R	100.000	25	0	1.18e-09	50.1
M03520:605:000000000-LVNKY:1:1103:17179:18277;size=7	RH.B9EF730EBE6C436Z0Z_F	96.000	25	1	2.87e-07	42.1
M03520:605:000000000-LVNKY:1:1103:17588:11743;size=7	RH.B9EF730EBE6C436Z0Z_R	100.000	25	0	1.18e-09	50.1
M03520:605:000000000-LVNKY:1:1103:17588:11743;size=7	RH.B9EF730EBE6C436Z0Z_F	100.000	25	0	1.18e-09	50.1
M03520:605:000000000-LVNKY:1:1103:21098:15330;size=7	RH.51338FA06EDB4F0Z0Z_R	100.000	25	0	1.18e-09	50.1
M03520:605:000000000-LVNKY:1:1103:21098:15330;size=7	RH.51338FA06EDB4F0Z0Z_F	100.000	25	0	1.18e-09	50.1
M03520:605:000000000-LVNKY:1:1103:24823:7249;size=7	RH.27578A9A85FA4A3Z0Z_F	100.000	24	0	4.65e-09	48.1
M03520:605:000000000-LVNKY:1:1103:24823:7249;size=7	RH.27578A9A85FA4A3Z0Z_R	100.000	22	0	7.27e-08	44.1
M03520:605:000000000-LVNKY:1:1103:3634:15436;size=7	RH.6572108A164E48EZ0Z_F	100.000	24	0	4.65e-09	48.1
M03520:605:000000000-LVNKY:1:1103:3634:15436;size=7	RH.6572108A164E48EZ0Z_R	100.000	21	0	2.87e-07	42.1
M03520:605:000000000-LVNKY:1:1103:4906:12254;size=7	RH.0096A141894D447Z0Z_F	100.000	24	0	4.65e-09	48.1
M03520:605:000000000-LVNKY:1:1103:4906:12254;size=7	RH.0096A141894D447Z0Z_R	100.000	21	0	2.87e-07	42.1
M03520:605:000000000-LVNKY:1:1103:7799:16763;size=7	RH.6408CE975B5340AZ0Z_R	100.000	26	0	2.98e-10	52.0
M03520:605:000000000-LVNKY:1:1103:7799:16763;size=7	RH.6408CE975B5340AZ0Z_F	100.000	26	0	2.98e-10	52.0
M03520:605:000000000-LVNKY:1:1103:8264:8047;size=7	RH.25F43EF2A0F1421Z0Z_F	100.000	24	0	4.65e-09	48.1
M03520:605:000000000-LVNKY:1:1103:8264:8047;size=7	RH.25F43EF2A0F1421Z0Z_R	95.652	23	1	4.48e-06	38.2
M03520:605:000000000-LVNKY:1:1103:9306:15026;size=7	RH.2A85EAE5DEAD471Z0Z_F	100.000	25	0	1.18e-09	50.1
M03520:605:000000000-LVNKY:1:1103:9306:15026;size=7	RH.2A85EAE5DEAD471Z0Z_R	100.000	24	0	4.65e-09	48.1
M03520:605:000000000-LVNKY:1:1104:10214:5992;size=7	RH.DDB83AFF97C94C6Z0Z_R	100.000	25	0	1.18e-09	50.1
M03520:605:000000000-LVNKY:1:1104:10214:5992;size=7	RH.DDB83AFF97C94C6Z0Z_F	100.000	24	0	4.65e-09	48.1
M03520:605:000000000-LVNKY:1:1104:11808:13434;size=7	RH.0BD19D1A26A74EBZ0Z_F	100.000	25	0	1.18e-09	50.1
M03520:605:000000000-LVNKY:1:1104:11808:13434;size=7	RH.0BD19D1A26A74EBZ0Z_R	100.000	24	0	4.65e-09	48.1
M03520:605:000000000-LVNKY:1:1104:13517:14514;size=7	RH.2A85EAE5DEAD471Z0Z_F	100.000	25	0	1.18e-09	50.1
M03520:605:000000000-LVNKY:1:1104:13517:14514;size=7	RH.2A85EAE5DEAD471Z0Z_R	96.000	25	1	2.87e-07	42.1
M03520:605:000000000-LVNKY:1:1104:13802:7854;size=7	RH.7CE39E25906745AZ0Z_R	100.000	26	0	2.98e-10	52.0
M03520:605:000000000-LVNKY:1:1104:13802:7854;size=7	RH.7CE39E25906745AZ0Z_F	100.000	25	0	1.18e-09	50.1
M03520:605:000000000-LVNKY:1:1104:14310:22504;size=7	RH.BE09C1F6EE4B426Z0Z_R	100.000	23	0	1.84e-08	46.1
M03520:605:000000000-LVNKY:1:1104:14310:22504;size=7	RH.BE09C1F6EE4B426Z0Z_F	100.000	22	0	7.27e-08	44.1
M03520:605:000000000-LVNKY:1:1104:15085:10446;size=7	RH.6408CE975B5340AZ0Z_R	100.000	26	0	2.98e-10	52.0
M03520:605:000000000-LVNKY:1:1104:15085:10446;size=7	RH.6408CE975B5340AZ0Z_F	100.000	26	0	2.98e-10	52.0
M03520:605:000000000-LVNKY:1:1104:15875:18895;size=7	RH.DDB83AFF97C94C6Z0Z_R	100.000	25	0	1.18e-09	50.1
M03520:605:000000000-LVNKY:1:1104:15875:18895;size=7	RH.DDB83AFF97C94C6Z0Z_F	95.833	24	1	1.13e-06	40.1
M03520:605:000000000-LVNKY:1:1104:16051:21651;size=7	RH.DDB83AFF97C94C6Z0Z_R	100.000	25	0	1.18e-09	50.1
M03520:605:000000000-LVNKY:1:1104:16051:21651;size=7	RH.DDB83AFF97C94C6Z0Z_F	100.000	24	0	4.65e-09	48.1
M03520:605:000000000-LVNKY:1:1104:19971:25705;size=7	RH.0096A141894D447Z0Z_F	100.000	24	0	4.65e-09	48.1
M03520:605:000000000-LVNKY:1:1104:19971:25705;size=7	RH.0096A141894D447Z0Z_R	100.000	21	0	2.87e-07	42.1
M03520:605:000000000-LVNKY:1:1104:20051:23572;size=7	RH.E253263309B742FZ0Z_F	100.000	26	0	2.98e-10	52.0
M03520:605:000000000-LVNKY:1:1104:20051:23572;size=7	RH.E253263309B742FZ0Z_R	100.000	26	0	2.98e-10	52.0
M03520:605:000000000-LVNKY:1:1104:21388:9735;size=7	RH.2A85EAE5DEAD471Z0Z_F	100.000	25	0	1.18e-09	50.1
M03520:605:000000000-LVNKY:1:1104:21388:9735;size=7	RH.2A85EAE5DEAD471Z0Z_R	96.000	25	1	2.87e-07	42.1
M03520:605:000000000-LVNKY:1:1104:21649:20848;size=7	RH.6408CE975B5340AZ0Z_R	100.000	26	0	2.98e-10	52.0
M03520:605:000000000-LVNKY:1:1104:21649:20848;size=7	RH.6408CE975B5340AZ0Z_F	100.000	26	0	2.98e-10	52.0
M03520:605:000000000-LVNKY:1:1104:22279:19994;size=7	RH.B9EF730EBE6C436Z0Z_R	100.000	25	0	1.18e-09	50.1
M03520:605:000000000-LVNKY:1:1104:22343:9842;size=7	RH.DDB83AFF97C94C6Z0Z_R	100.000	25	0	1.18e-09	50.1
M03520:605:000000000-LVNKY:1:1104:22455:23911;size=7	RH.E253263309B742FZ0Z_F	100.000	26	0	2.98e-10	52.0
M03520:605:000000000-LVNKY:1:1104:22455:23911;size=7	RH.E253263309B742FZ0Z_R	100.000	26	0	2.98e-10	52.0
M03520:605:000000000-LVNKY:1:1104:24709:22533;size=7	RH.6408CE975B5340AZ0Z_R	100.000	26	0	2.98e-10	52.0
M03520:605:000000000-LVNKY:1:1104:24709:22533;size=7	RH.6408CE975B5340AZ0Z_F	100.000	26	0	2.98e-10	52.0
M03520:605:000000000-LVNKY:1:1104:25177:8234;size=7	RH.0096A141894D447Z0Z_R	100.000	21	0	2.87e-07	42.1
M03520:605:000000000-LVNKY:1:1104:25177:8234;size=7	RH.3B2B2BB86AB94D3Z0Z_F	100.000	21	0	2.87e-07	42.1
M03520:605:000000000-LVNKY:1:1104:25177:8234;size=7	RH.64613722763148BZ0Z_R	100.000	19	0	4.48e-06	38.2
M03520:605:000000000-LVNKY:1:1104:25580:12615;size=7	RH.E253263309B742FZ0Z_R	100.000	26	0	2.98e-10	52.0
M03520:605:000000000-LVNKY:1:1104:25580:12615;size=7	RH.E253263309B742FZ0Z_F	100.000	26	0	2.98e-10	52.0
M03520:605:000000000-LVNKY:1:1104:27041:15923;size=7	RH.25F43EF2A0F1421Z0Z_F	100.000	24	0	4.65e-09	48.1
M03520:605:000000000-LVNKY:1:1104:27041:15923;size=7	RH.25F43EF2A0F1421Z0Z_R	100.000	23	0	1.84e-08	46.1
M03520:605:000000000-LVNKY:1:1104:5687:14267;size=7	RH.2A85EAE5DEAD471Z0Z_R	100.000	25	0	1.18e-09	50.1
M03520:605:000000000-LVNKY:1:1104:5687:14267;size=7	RH.2A85EAE5DEAD471Z0Z_F	100.000	25	0	1.18e-09	50.1
M03520:605:000000000-LVNKY:1:1104:5866:15764;size=7	RH.2A85EAE5DEAD471Z0Z_R	100.000	25	0	1.18e-09	50.1
M03520:605:000000000-LVNKY:1:1104:5866:15764;size=7	RH.2A85EAE5DEAD471Z0Z_F	100.000	25	0	1.18e-09	50.1
M03520:605:000000000-LVNKY:1:1104:6941:20650;size=7	RH.A2C9012430E34ADZ0Z_R	100.000	24	0	4.65e-09	48.1
M03520:605:000000000-LVNKY:1:1104:6941:20650;size=7	RH.A2C9012430E34ADZ0Z_F	100.000	24	0	4.65e-09	48.1
M03520:605:000000000-LVNKY:1:1104:8136:23555;size=7	RH.2A8AD21024974C0Z0Z_R	100.000	25	0	1.18e-09	50.1
M03520:605:000000000-LVNKY:1:1105:12340:25147;size=7	RH.25F43EF2A0F1421Z0Z_R	100.000	23	0	1.84e-08	46.1
M03520:605:000000000-LVNKY:1:1105:13063:22237;size=7	RH.DDB83AFF97C94C6Z0Z_R	100.000	25	0	1.18e-09	50.1
M03520:605:000000000-LVNKY:1:1105:13063:22237;size=7	RH.DDB83AFF97C94C6Z0Z_F	100.000	22	0	7.27e-08	44.1
M03520:605:000000000-LVNKY:1:1105:13455:20332;size=7	RH.5E11F1E594664EAZ0Z_F	100.000	21	0	2.87e-07	42.1
M03520:605:000000000-LVNKY:1:1105:14063:19283;size=7	RH.B9EF730EBE6C436Z0Z_F	100.000	25	0	1.18e-09	50.1
M03520:605:000000000-LVNKY:1:1105:14063:19283;size=7	RH.B9EF730EBE6C436Z0Z_R	96.000	25	1	2.87e-07	42.1
M03520:605:000000000-LVNKY:1:1105:15516:28691;size=7	RH.B9EF730EBE6C436Z0Z_R	100.000	25	0	1.18e-09	50.1
M03520:605:000000000-LVNKY:1:1105:15516:28691;size=7	RH.B9EF730EBE6C436Z0Z_F	100.000	25	0	1.18e-09	50.1
M03520:605:000000000-LVNKY:1:1105:16263:8474;size=7	RH.2A8AD21024974C0Z0Z_R	100.000	25	0	1.18e-09	50.1
M03520:605:000000000-LVNKY:1:1105:16263:8474;size=7	RH.3B2B2BB86AB94D3Z0Z_F	100.000	21	0	2.87e-07	42.1
M03520:605:000000000-LVNKY:1:1105:16263:8474;size=7	RH.64613722763148BZ0Z_R	100.000	19	0	4.48e-06	38.2
M03520:605:000000000-LVNKY:1:1105:17729:15166;size=7	RH.7E59D32B4EDB4C3Z0Z_F	100.000	23	0	1.84e-08	46.1
M03520:605:000000000-LVNKY:1:1105:17729:15166;size=7	RH.7E59D32B4EDB4C3Z0Z_R	100.000	19	0	4.48e-06	38.2
M03520:605:000000000-LVNKY:1:1105:18703:16755;size=7	RH.F4E2313A8B92492Z0Z_F	100.000	24	0	4.65e-09	48.1
M03520:605:000000000-LVNKY:1:1105:18703:16755;size=7	RH.F4E2313A8B92492Z0Z_R	100.000	19	0	4.48e-06	38.2
M03520:605:000000000-LVNKY:1:1105:20070:7570;size=7	RH.2A85EAE5DEAD471Z0Z_R	100.000	25	0	1.18e-09	50.1
M03520:605:000000000-LVNKY:1:1105:20070:7570;size=7	RH.3B2B2BB86AB94D3Z0Z_F	100.000	21	0	2.87e-07	42.1
M03520:605:000000000-LVNKY:1:1105:20070:7570;size=7	RH.64613722763148BZ0Z_R	100.000	19	0	4.48e-06	38.2
M03520:605:000000000-LVNKY:1:1105:20081:21985;size=7	RH.6408CE975B5340AZ0Z_R	100.000	26	0	2.98e-10	52.0
M03520:605:000000000-LVNKY:1:1105:20081:21985;size=7	RH.6408CE975B5340AZ0Z_F	96.154	26	1	7.27e-08	44.1
M03520:605:000000000-LVNKY:1:1105:22714:20934;size=7	RH.DDB83AFF97C94C6Z0Z_R	100.000	25	0	1.18e-09	50.1
M03520:605:000000000-LVNKY:1:1105:22714:20934;size=7	RH.DDB83AFF97C94C6Z0Z_F	95.833	24	1	1.13e-06	40.1
M03520:605:000000000-LVNKY:1:1105:24152:24455;size=7	RH.27578A9A85FA4A3Z0Z_R	100.000	22	0	7.27e-08	44.1
M03520:605:000000000-LVNKY:1:1105:24152:24455;size=7	RH.27578A9A85FA4A3Z0Z_F	95.833	24	1	1.13e-06	40.1
M03520:605:000000000-LVNKY:1:1105:4454:19556;size=7	RH.72B9E3F522264B3Z0Z_F	100.000	22	0	7.27e-08	44.1
M03520:605:000000000-LVNKY:1:1105:4454:19556;size=7	RH.72B9E3F522264B3Z0Z_R	100.000	20	0	1.13e-06	40.1
M03520:605:000000000-LVNKY:1:1105:4748:12032;size=7	RH.2AFFFBA0E81C482Z0Z_F	100.000	23	0	1.84e-08	46.1
M03520:605:000000000-LVNKY:1:1105:4748:12032;size=7	RH.2AFFFBA0E81C482Z0Z_R	100.000	19	0	4.48e-06	38.2
M03520:605:000000000-LVNKY:1:1105:5957:8114;size=7	RH.25F43EF2A0F1421Z0Z_F	100.000	24	0	4.65e-09	48.1
M03520:605:000000000-LVNKY:1:1105:5957:8114;size=7	RH.25F43EF2A0F1421Z0Z_R	100.000	23	0	1.84e-08	46.1
M03520:605:000000000-LVNKY:1:1105:6885:26166;size=7	RH.159AE449CD74409Z0Z_F	100.000	22	0	7.27e-08	44.1
M03520:605:000000000-LVNKY:1:1105:8387:9865;size=7	RH.E253263309B742FZ0Z_R	100.000	26	0	2.98e-10	52.0
M03520:605:000000000-LVNKY:1:1105:8387:9865;size=7	RH.E253263309B742FZ0Z_F	100.000	26	0	2.98e-10	52.0
M03520:605:000000000-LVNKY:1:1105:9495:19609;size=7	RH.B9EF730EBE6C436Z0Z_F	100.000	25	0	1.18e-09	50.1
M03520:605:000000000-LVNKY:1:1105:9495:19609;size=7	RH.B9EF730EBE6C436Z0Z_R	100.000	25	0	1.18e-09	50.1
M03520:605:000000000-LVNKY:1:1106:11002:16022;size=7	RH.E253263309B742FZ0Z_F	100.000	26	0	2.98e-10	52.0
M03520:605:000000000-LVNKY:1:1106:11002:16022;size=7	RH.E253263309B742FZ0Z_R	100.000	24	0	4.65e-09	48.1
M03520:605:000000000-LVNKY:1:1106:13012:27132;size=7	RH.2AFFFBA0E81C482Z0Z_R	100.000	23	0	1.84e-08	46.1
M03520:605:000000000-LVNKY:1:1106:13012:27132;size=7	RH.2AFFFBA0E81C482Z0Z_F	100.000	23	0	1.84e-08	46.1
M03520:605:000000000-LVNKY:1:1106:13673:15715;size=7	RH.6408CE975B5340AZ0Z_R	100.000	26	0	2.98e-10	52.0
M03520:605:000000000-LVNKY:1:1106:13673:15715;size=7	RH.6408CE975B5340AZ0Z_F	100.000	26	0	2.98e-10	52.0
M03520:605:000000000-LVNKY:1:1106:15899:8313;size=7	RH.DDB83AFF97C94C6Z0Z_R	100.000	25	0	1.18e-09	50.1
M03520:605:000000000-LVNKY:1:1106:15899:8313;size=7	RH.DDB83AFF97C94C6Z0Z_F	100.000	24	0	4.65e-09	48.1
M03520:605:000000000-LVNKY:1:1106:2156:13289;size=7	RH.2AFFFBA0E81C482Z0Z_R	100.000	23	0	1.84e-08	46.1
M03520:605:000000000-LVNKY:1:1106:2156:13289;size=7	RH.2AFFFBA0E81C482Z0Z_F	100.000	23	0	1.84e-08	46.1
M03520:605:000000000-LVNKY:1:1106:22625:6705;size=7	RH.2AFFFBA0E81C482Z0Z_R	100.000	23	0	1.84e-08	46.1
M03520:605:000000000-LVNKY:1:1106:22625:6705;size=7	RH.2AFFFBA0E81C482Z0Z_F	100.000	23	0	1.84e-08	46.1
M03520:605:000000000-LVNKY:1:1106:23025:5147;size=7	RH.2AFFFBA0E81C482Z0Z_R	100.000	23	0	1.84e-08	46.1
M03520:605:000000000-LVNKY:1:1106:23025:5147;size=7	RH.2AFFFBA0E81C482Z0Z_F	100.000	20	0	1.13e-06	40.1
M03520:605:000000000-LVNKY:1:1106:29028:19525;size=7	RH.7CE39E25906745AZ0Z_R	100.000	26	0	2.98e-10	52.0
M03520:605:000000000-LVNKY:1:1106:29028:19525;size=7	RH.7CE39E25906745AZ0Z_F	100.000	25	0	1.18e-09	50.1
M03520:605:000000000-LVNKY:1:1106:4896:21052;size=7	RH.B9EF730EBE6C436Z0Z_R	100.000	25	0	1.18e-09	50.1
M03520:605:000000000-LVNKY:1:1106:4896:21052;size=7	RH.B9EF730EBE6C436Z0Z_F	96.000	25	1	2.87e-07	42.1
M03520:605:000000000-LVNKY:1:1106:9232:24285;size=7	RH.6408CE975B5340AZ0Z_F	100.000	26	0	2.98e-10	52.0
M03520:605:000000000-LVNKY:1:1106:9232:24285;size=7	RH.6408CE975B5340AZ0Z_R	96.154	26	1	7.27e-08	44.1
M03520:605:000000000-LVNKY:1:1107:15927:6669;size=7	RH.1CC74B91718A42FZ0Z_R	100.000	25	0	1.18e-09	50.1
M03520:605:000000000-LVNKY:1:1107:15927:6669;size=7	RH.1CC74B91718A42FZ0Z_F	100.000	24	0	4.65e-09	48.1
M03520:605:000000000-LVNKY:1:1107:16097:3687;size=7	RH.E253263309B742FZ0Z_F	100.000	26	0	2.98e-10	52.0
M03520:605:000000000-LVNKY:1:1107:16097:3687;size=7	RH.E253263309B742FZ0Z_R	96.154	26	1	7.27e-08	44.1
M03520:605:000000000-LVNKY:1:1107:17002:6333;size=7	RH.DDB83AFF97C94C6Z0Z_R	100.000	25	0	1.18e-09	50.1
M03520:605:000000000-LVNKY:1:1107:17002:6333;size=7	RH.DDB83AFF97C94C6Z0Z_F	100.000	24	0	4.65e-09	48.1
M03520:605:000000000-LVNKY:1:1107:19232:6705;size=7	RH.6572108A164E48EZ0Z_R	96.000	25	1	2.87e-07	42.1
M03520:605:000000000-LVNKY:1:1107:19232:6705;size=7	RH.F7E3D42951B44CCZ0Z_F	100.000	21	0	2.87e-07	42.1
M03520:605:000000000-LVNKY:1:1107:20378:7865;size=7	RH.094E5466924B45EZ0Z_F	100.000	26	0	2.98e-10	52.0
M03520:605:000000000-LVNKY:1:1107:20378:7865;size=7	RH.094E5466924B45EZ0Z_R	100.000	25	0	1.18e-09	50.1
M03520:605:000000000-LVNKY:1:1107:21781:3394;size=7	RH.F2F19E4203944BDZ0Z_F	100.000	22	0	7.27e-08	44.1
M03520:605:000000000-LVNKY:1:1107:21781:3394;size=7	RH.F2F19E4203944BDZ0Z_R	100.000	20	0	1.13e-06	40.1
M03520:605:000000000-LVNKY:1:1107:7625:12184;size=7	RH.E04EE94198274F7Z0Z_F	100.000	25	0	1.18e-09	50.1
M03520:605:000000000-LVNKY:1:1107:7625:12184;size=7	RH.E04EE94198274F7Z0Z_R	95.833	24	1	1.13e-06	40.1
M03520:605:000000000-LVNKY:1:1107:9254:3507;size=7	RH.8B25A056ABC1444Z0Z_F	100.000	22	0	7.27e-08	44.1
M03520:605:000000000-LVNKY:1:1107:9254:3507;size=7	RH.8B25A056ABC1444Z0Z_R	95.833	24	1	1.13e-06	40.1
M03520:605:000000000-LVNKY:1:1108:11082:24701;size=7	RH.517A9FBA2B494D5Z0Z_F	100.000	25	0	1.18e-09	50.1
M03520:605:000000000-LVNKY:1:1108:11082:24701;size=7	RH.517A9FBA2B494D5Z0Z_R	100.000	24	0	4.65e-09	48.1
M03520:605:000000000-LVNKY:1:1108:15193:14924;size=7	RH.72B9E3F522264B3Z0Z_F	100.000	22	0	7.27e-08	44.1
M03520:605:000000000-LVNKY:1:1108:15193:14924;size=7	RH.72B9E3F522264B3Z0Z_R	100.000	20	0	1.13e-06	40.1
M03520:605:000000000-LVNKY:1:1108:20538:27380;size=7	RH.25F43EF2A0F1421Z0Z_R	100.000	23	0	1.84e-08	46.1
M03520:605:000000000-LVNKY:1:1108:20538:27380;size=7	RH.25F43EF2A0F1421Z0Z_F	100.000	22	0	7.27e-08	44.1
M03520:605:000000000-LVNKY:1:1108:5257:21835;size=7	RH.DDB83AFF97C94C6Z0Z_R	100.000	25	0	1.18e-09	50.1
M03520:605:000000000-LVNKY:1:1108:5257:21835;size=7	RH.DDB83AFF97C94C6Z0Z_F	100.000	20	0	1.13e-06	40.1
M03520:605:000000000-LVNKY:1:1108:6863:11679;size=7	RH.0BD19D1A26A74EBZ0Z_F	100.000	25	0	1.18e-09	50.1
M03520:605:000000000-LVNKY:1:1108:6863:11679;size=7	RH.0BD19D1A26A74EBZ0Z_R	100.000	24	0	4.65e-09	48.1
M03520:605:000000000-LVNKY:1:1108:9487:20130;size=7	RH.B9EF730EBE6C436Z0Z_F	100.000	25	0	1.18e-09	50.1
M03520:605:000000000-LVNKY:1:1108:9558:21165;size=7	RH.2A85EAE5DEAD471Z0Z_R	100.000	25	0	1.18e-09	50.1
M03520:605:000000000-LVNKY:1:1108:9558:21165;size=7	RH.2A85EAE5DEAD471Z0Z_F	100.000	25	0	1.18e-09	50.1
M03520:605:000000000-LVNKY:1:1109:10124:3304;size=7	RH.72B9E3F522264B3Z0Z_F	100.000	22	0	7.27e-08	44.1
M03520:605:000000000-LVNKY:1:1109:12296:8625;size=7	RH.E253263309B742FZ0Z_R	100.000	26	0	2.98e-10	52.0
M03520:605:000000000-LVNKY:1:1109:12296:8625;size=7	RH.E253263309B742FZ0Z_F	100.000	26	0	2.98e-10	52.0
M03520:605:000000000-LVNKY:1:1109:12394:9103;size=7	RH.B9EF730EBE6C436Z0Z_R	100.000	25	0	1.18e-09	50.1
M03520:605:000000000-LVNKY:1:1109:12394:9103;size=7	RH.B9EF730EBE6C436Z0Z_F	100.000	25	0	1.18e-09	50.1
M03520:605:000000000-LVNKY:1:1109:20684:6144;size=7	RH.2AFFFBA0E81C482Z0Z_F	100.000	23	0	1.84e-08	46.1
M03520:605:000000000-LVNKY:1:1109:20684:6144;size=7	RH.2AFFFBA0E81C482Z0Z_R	100.000	23	0	1.84e-08	46.1
M03520:605:000000000-LVNKY:1:1109:22034:11904;size=7	RH.E253263309B742FZ0Z_R	100.000	26	0	2.98e-10	52.0
M03520:605:000000000-LVNKY:1:1110:13062:26975;size=7	RH.2AFFFBA0E81C482Z0Z_F	100.000	23	0	1.84e-08	46.1
M03520:605:000000000-LVNKY:1:1110:13062:26975;size=7	RH.2AFFFBA0E81C482Z0Z_R	95.652	23	1	4.48e-06	38.2
M03520:605:000000000-LVNKY:1:1110:16534:6814;size=7	RH.E253263309B742FZ0Z_F	100.000	26	0	2.98e-10	52.0
M03520:605:000000000-LVNKY:1:1110:16534:6814;size=7	RH.E253263309B742FZ0Z_R	96.154	26	1	7.27e-08	44.1
M03520:605:000000000-LVNKY:1:1110:23690:7441;size=7	RH.6408CE975B5340AZ0Z_R	100.000	26	0	2.98e-10	52.0
M03520:605:000000000-LVNKY:1:1110:23690:7441;size=7	RH.6408CE975B5340AZ0Z_F	100.000	26	0	2.98e-10	52.0
M03520:605:000000000-LVNKY:1:1110:9992:23363;size=7	RH.E253263309B742FZ0Z_R	100.000	26	0	2.98e-10	52.0
M03520:605:000000000-LVNKY:1:1110:9992:23363;size=7	RH.E253263309B742FZ0Z_F	100.000	26	0	2.98e-10	52.0
M03520:605:000000000-LVNKY:1:1112:15608:6574;size=7	RH.27578A9A85FA4A3Z0Z_R	100.000	22	0	7.27e-08	44.1
M03520:605:000000000-LVNKY:1:1112:15608:6574;size=7	RH.27578A9A85FA4A3Z0Z_F	100.000	20	0	1.13e-06	40.1
M03520:605:000000000-LVNKY:1:1114:24999:16459;size=7	RH.DDB83AFF97C94C6Z0Z_F	100.000	24	0	4.65e-09	48.1
M03520:605:000000000-LVNKY:1:1114:24999:16459;size=7	RH.DDB83AFF97C94C6Z0Z_R	100.000	23	0	1.84e-08	46.1
M03520:605:000000000-LVNKY:1:1114:25608:7890;size=7	RH.E253263309B742FZ0Z_R	100.000	26	0	2.98e-10	52.0
M03520:605:000000000-LVNKY:1:1114:25608:7890;size=7	RH.E253263309B742FZ0Z_F	100.000	24	0	4.65e-09	48.1
M03520:605:000000000-LVNKY:1:1114:7723:8374;size=7	RH.27578A9A85FA4A3Z0Z_F	100.000	24	0	4.65e-09	48.1
M03520:605:000000000-LVNKY:1:1114:7723:8374;size=7	RH.27578A9A85FA4A3Z0Z_R	100.000	22	0	7.27e-08	44.1
M03520:605:000000000-LVNKY:1:2103:12699:4082;size=7	RH.B9EF730EBE6C436Z0Z_F	100.000	25	0	1.18e-09	50.1
M03520:605:000000000-LVNKY:1:2103:12699:4082;size=7	RH.B9EF730EBE6C436Z0Z_R	100.000	25	0	1.18e-09	50.1
M03520:605:000000000-LVNKY:1:2103:28402:18550;size=7	RH.6408CE975B5340AZ0Z_R	100.000	26	0	2.98e-10	52.0
M03520:605:000000000-LVNKY:1:2103:28402:18550;size=7	RH.6408CE975B5340AZ0Z_F	100.000	26	0	2.98e-10	52.0
M03520:605:000000000-LVNKY:1:1101:10524:21421;size=6	RH.7CE39E25906745AZ0Z_R	100.000	26	0	2.98e-10	52.0
M03520:605:000000000-LVNKY:1:1101:10524:21421;size=6	RH.7CE39E25906745AZ0Z_F	100.000	25	0	1.18e-09	50.1
M03520:605:000000000-LVNKY:1:1101:11124:5110;size=6	RH.0C6EF86AB29A422Z0Z_F	100.000	23	0	1.84e-08	46.1
M03520:605:000000000-LVNKY:1:1101:11147:11224;size=6	RH.2AFFFBA0E81C482Z0Z_R	100.000	23	0	1.84e-08	46.1
M03520:605:000000000-LVNKY:1:1101:11147:11224;size=6	RH.2AFFFBA0E81C482Z0Z_F	100.000	22	0	7.27e-08	44.1
M03520:605:000000000-LVNKY:1:1101:11286:8285;size=6	RH.25F43EF2A0F1421Z0Z_F	100.000	24	0	4.65e-09	48.1
M03520:605:000000000-LVNKY:1:1101:11286:8285;size=6	RH.25F43EF2A0F1421Z0Z_R	100.000	23	0	1.84e-08	46.1
M03520:605:000000000-LVNKY:1:1101:11659:20639;size=6	RH.DDB83AFF97C94C6Z0Z_R	100.000	25	0	1.18e-09	50.1
M03520:605:000000000-LVNKY:1:1101:11659:20639;size=6	RH.DDB83AFF97C94C6Z0Z_F	100.000	24	0	4.65e-09	48.1
M03520:605:000000000-LVNKY:1:1101:12346:15890;size=6	RH.2A8AD21024974C0Z0Z_R	100.000	25	0	1.18e-09	50.1
M03520:605:000000000-LVNKY:1:1101:13734:12983;size=6	RH.3C4181E04665462Z0Z_F	100.000	22	0	7.27e-08	44.1
M03520:605:000000000-LVNKY:1:1101:14468:12763;size=6	RH.5F6424ABBC3C47BZ0Z_F	100.000	25	0	1.18e-09	50.1
M03520:605:000000000-LVNKY:1:1101:15022:26023;size=6	RH.25F43EF2A0F1421Z0Z_F	100.000	24	0	4.65e-09	48.1
M03520:605:000000000-LVNKY:1:1101:15022:26023;size=6	RH.25F43EF2A0F1421Z0Z_R	95.652	23	1	4.48e-06	38.2
M03520:605:000000000-LVNKY:1:1101:15717:5679;size=6	RH.6DE797B0D3F544DZ0Z_F	100.000	26	0	2.98e-10	52.0
M03520:605:000000000-LVNKY:1:1101:16018:14150;size=6	RH.51338FA06EDB4F0Z0Z_R	100.000	25	0	1.18e-09	50.1
M03520:605:000000000-LVNKY:1:1101:16018:14150;size=6	RH.51338FA06EDB4F0Z0Z_F	100.000	25	0	1.18e-09	50.1
M03520:605:000000000-LVNKY:1:1101:16060:9081;size=6	RH.517A9FBA2B494D5Z0Z_F	100.000	25	0	1.18e-09	50.1
M03520:605:000000000-LVNKY:1:1101:16060:9081;size=6	RH.517A9FBA2B494D5Z0Z_R	100.000	24	0	4.65e-09	48.1
M03520:605:000000000-LVNKY:1:1101:16874:6537;size=6	RH.DDB83AFF97C94C6Z0Z_R	100.000	25	0	1.18e-09	50.1
M03520:605:000000000-LVNKY:1:1101:16874:6537;size=6	RH.DDB83AFF97C94C6Z0Z_F	100.000	24	0	4.65e-09	48.1
M03520:605:000000000-LVNKY:1:1101:17036:13481;size=6	RH.2AFFFBA0E81C482Z0Z_F	100.000	23	0	1.84e-08	46.1
M03520:605:000000000-LVNKY:1:1101:17036:13481;size=6	RH.2AFFFBA0E81C482Z0Z_R	100.000	21	0	2.87e-07	42.1
M03520:605:000000000-LVNKY:1:1101:17173:16806;size=6	RH.6408CE975B5340AZ0Z_R	100.000	26	0	2.98e-10	52.0
M03520:605:000000000-LVNKY:1:1101:17173:16806;size=6	RH.6408CE975B5340AZ0Z_F	100.000	26	0	2.98e-10	52.0
M03520:605:000000000-LVNKY:1:1101:18420:27171;size=6	RH.E253263309B742FZ0Z_R	100.000	26	0	2.98e-10	52.0
M03520:605:000000000-LVNKY:1:1101:19749:14885;size=6	RH.0BD19D1A26A74EBZ0Z_R	100.000	19	0	4.48e-06	38.2
M03520:605:000000000-LVNKY:1:1101:19992:10717;size=6	RH.B9EF730EBE6C436Z0Z_R	100.000	25	0	1.18e-09	50.1
M03520:605:000000000-LVNKY:1:1101:19992:10717;size=6	RH.B9EF730EBE6C436Z0Z_F	100.000	25	0	1.18e-09	50.1
M03520:605:000000000-LVNKY:1:1101:20848:22558;size=6	RH.2A85EAE5DEAD471Z0Z_R	100.000	25	0	1.18e-09	50.1
M03520:605:000000000-LVNKY:1:1101:20848:22558;size=6	RH.2A85EAE5DEAD471Z0Z_F	100.000	25	0	1.18e-09	50.1
M03520:605:000000000-LVNKY:1:1101:20868:15408;size=6	RH.DDB83AFF97C94C6Z0Z_R	100.000	25	0	1.18e-09	50.1
M03520:605:000000000-LVNKY:1:1101:20868:15408;size=6	RH.DDB83AFF97C94C6Z0Z_F	100.000	24	0	4.65e-09	48.1
M03520:605:000000000-LVNKY:1:1101:22375:8564;size=6	RH.72B9E3F522264B3Z0Z_F	100.000	22	0	7.27e-08	44.1
M03520:605:000000000-LVNKY:1:1101:22375:8564;size=6	RH.72B9E3F522264B3Z0Z_R	100.000	20	0	1.13e-06	40.1
M03520:605:000000000-LVNKY:1:1101:22720:26861;size=6	RH.51338FA06EDB4F0Z0Z_R	100.000	25	0	1.18e-09	50.1
M03520:605:000000000-LVNKY:1:1101:22720:26861;size=6	RH.51338FA06EDB4F0Z0Z_F	100.000	25	0	1.18e-09	50.1
M03520:605:000000000-LVNKY:1:1101:22763:24616;size=6	RH.51338FA06EDB4F0Z0Z_R	100.000	25	0	1.18e-09	50.1
M03520:605:000000000-LVNKY:1:1101:22763:24616;size=6	RH.51338FA06EDB4F0Z0Z_F	100.000	25	0	1.18e-09	50.1
M03520:605:000000000-LVNKY:1:1101:24509:12070;size=6	RH.51338FA06EDB4F0Z0Z_R	100.000	25	0	1.18e-09	50.1
M03520:605:000000000-LVNKY:1:1101:24509:12070;size=6	RH.51338FA06EDB4F0Z0Z_F	100.000	25	0	1.18e-09	50.1
M03520:605:000000000-LVNKY:1:1101:24907:9579;size=6	RH.27578A9A85FA4A3Z0Z_F	100.000	24	0	4.65e-09	48.1
M03520:605:000000000-LVNKY:1:1101:24907:9579;size=6	RH.27578A9A85FA4A3Z0Z_R	100.000	22	0	7.27e-08	44.1
M03520:605:000000000-LVNKY:1:1101:24961:25215;size=6	RH.7CE39E25906745AZ0Z_R	100.000	26	0	2.98e-10	52.0
M03520:605:000000000-LVNKY:1:1101:24961:25215;size=6	RH.7CE39E25906745AZ0Z_F	100.000	25	0	1.18e-09	50.1
M03520:605:000000000-LVNKY:1:1101:25033:19278;size=6	RH.2B5DDF63455445EZ0Z_F	100.000	21	0	2.87e-07	42.1
M03520:605:000000000-LVNKY:1:1101:25371:15946;size=6	RH.0BD19D1A26A74EBZ0Z_F	100.000	25	0	1.18e-09	50.1
M03520:605:000000000-LVNKY:1:1101:25371:15946;size=6	RH.0BD19D1A26A74EBZ0Z_R	100.000	24	0	4.65e-09	48.1
M03520:605:000000000-LVNKY:1:1101:25478:14763;size=6	RH.E253263309B742FZ0Z_R	100.000	26	0	2.98e-10	52.0
M03520:605:000000000-LVNKY:1:1101:25478:14763;size=6	RH.E253263309B742FZ0Z_F	100.000	26	0	2.98e-10	52.0
M03520:605:000000000-LVNKY:1:1101:25847:19605;size=6	RH.72B9E3F522264B3Z0Z_F	100.000	22	0	7.27e-08	44.1
M03520:605:000000000-LVNKY:1:1101:25847:19605;size=6	RH.72B9E3F522264B3Z0Z_R	100.000	20	0	1.13e-06	40.1
M03520:605:000000000-LVNKY:1:1101:26045:15770;size=6	RH.E253263309B742FZ0Z_R	100.000	26	0	2.98e-10	52.0
M03520:605:000000000-LVNKY:1:1101:26045:15770;size=6	RH.E253263309B742FZ0Z_F	100.000	26	0	2.98e-10	52.0
M03520:605:000000000-LVNKY:1:1101:26180:19996;size=6	RH.DDB83AFF97C94C6Z0Z_R	100.000	25	0	1.18e-09	50.1
M03520:605:000000000-LVNKY:1:1101:26180:19996;size=6	RH.DDB83AFF97C94C6Z0Z_F	100.000	24	0	4.65e-09	48.1
M03520:605:000000000-LVNKY:1:1101:26373:14817;size=6	RH.B2A7FEFE5F5C48AZ0Z_F	100.000	24	0	4.65e-09	48.1
M03520:605:000000000-LVNKY:1:1101:26373:14817;size=6	RH.B2A7FEFE5F5C48AZ0Z_R	100.000	23	0	1.84e-08	46.1
M03520:605:000000000-LVNKY:1:1101:26429:17842;size=6	RH.25F43EF2A0F1421Z0Z_F	100.000	24	0	4.65e-09	48.1
M03520:605:000000000-LVNKY:1:1101:26429:17842;size=6	RH.25F43EF2A0F1421Z0Z_R	100.000	23	0	1.84e-08	46.1
M03520:605:000000000-LVNKY:1:1101:2929:19930;size=6	RH.DDB83AFF97C94C6Z0Z_F	100.000	24	0	4.65e-09	48.1
M03520:605:000000000-LVNKY:1:1101:2929:19930;size=6	RH.DDB83AFF97C94C6Z0Z_R	100.000	23	0	1.84e-08	46.1
M03520:605:000000000-LVNKY:1:1101:3943:9073;size=6	RH.E253263309B742FZ0Z_R	100.000	26	0	2.98e-10	52.0
M03520:605:000000000-LVNKY:1:1101:3943:9073;size=6	RH.E253263309B742FZ0Z_F	100.000	26	0	2.98e-10	52.0
M03520:605:000000000-LVNKY:1:1101:4537:22689;size=6	RH.DDB83AFF97C94C6Z0Z_R	100.000	25	0	1.18e-09	50.1
M03520:605:000000000-LVNKY:1:1101:4537:22689;size=6	RH.DDB83AFF97C94C6Z0Z_F	95.833	24	1	1.13e-06	40.1
M03520:605:000000000-LVNKY:1:1101:7448:19990;size=6	RH.0096A141894D447Z0Z_F	100.000	24	0	4.65e-09	48.1
M03520:605:000000000-LVNKY:1:1101:7887:8873;size=6	RH.7CE39E25906745AZ0Z_R	100.000	26	0	2.98e-10	52.0
M03520:605:000000000-LVNKY:1:1101:7887:8873;size=6	RH.7CE39E25906745AZ0Z_F	100.000	25	0	1.18e-09	50.1
M03520:605:000000000-LVNKY:1:1101:9031:7874;size=6	RH.DDB83AFF97C94C6Z0Z_R	100.000	20	0	1.13e-06	40.1
M03520:605:000000000-LVNKY:1:1101:9691:9073;size=6	RH.2AFFFBA0E81C482Z0Z_R	100.000	23	0	1.84e-08	46.1
M03520:605:000000000-LVNKY:1:1101:9691:9073;size=6	RH.2AFFFBA0E81C482Z0Z_F	100.000	23	0	1.84e-08	46.1
M03520:605:000000000-LVNKY:1:1102:10462:24984;size=6	RH.BE09C1F6EE4B426Z0Z_R	100.000	23	0	1.84e-08	46.1
M03520:605:000000000-LVNKY:1:1102:10462:24984;size=6	RH.BE09C1F6EE4B426Z0Z_F	100.000	22	0	7.27e-08	44.1
M03520:605:000000000-LVNKY:1:1102:11099:14653;size=6	RH.DDB83AFF97C94C6Z0Z_R	100.000	25	0	1.18e-09	50.1
M03520:605:000000000-LVNKY:1:1102:11099:14653;size=6	RH.DDB83AFF97C94C6Z0Z_F	100.000	24	0	4.65e-09	48.1
M03520:605:000000000-LVNKY:1:1102:11406:22915;size=6	RH.6408CE975B5340AZ0Z_R	100.000	26	0	2.98e-10	52.0
M03520:605:000000000-LVNKY:1:1102:11406:22915;size=6	RH.2B5DDF63455445EZ0Z_F	100.000	21	0	2.87e-07	42.1
M03520:605:000000000-LVNKY:1:1102:12921:1953;size=6	RH.BE09C1F6EE4B426Z0Z_F	100.000	22	0	7.27e-08	44.1
M03520:605:000000000-LVNKY:1:1102:12921:1953;size=6	RH.BE09C1F6EE4B426Z0Z_R	95.652	23	1	4.48e-06	38.2
M03520:605:000000000-LVNKY:1:1102:14015:3200;size=6	RH.2A85EAE5DEAD471Z0Z_R	100.000	25	0	1.18e-09	50.1
M03520:605:000000000-LVNKY:1:1102:14015:3200;size=6	RH.2A85EAE5DEAD471Z0Z_F	100.000	25	0	1.18e-09	50.1
M03520:605:000000000-LVNKY:1:1102:14374:21790;size=6	RH.2A85EAE5DEAD471Z0Z_R	100.000	25	0	1.18e-09	50.1
M03520:605:000000000-LVNKY:1:1102:14374:21790;size=6	RH.3B2B2BB86AB94D3Z0Z_F	100.000	21	0	2.87e-07	42.1
M03520:605:000000000-LVNKY:1:1102:14374:21790;size=6	RH.64613722763148BZ0Z_R	100.000	19	0	4.48e-06	38.2
M03520:605:000000000-LVNKY:1:1102:14393:6070;size=6	RH.B9EF730EBE6C436Z0Z_R	100.000	25	0	1.18e-09	50.1
M03520:605:000000000-LVNKY:1:1102:14393:6070;size=6	RH.3B2B2BB86AB94D3Z0Z_F	100.000	20	0	1.13e-06	40.1
M03520:605:000000000-LVNKY:1:1102:14393:6070;size=6	RH.64613722763148BZ0Z_R	100.000	19	0	4.48e-06	38.2
M03520:605:000000000-LVNKY:1:1102:15636:9297;size=6	RH.B9EF730EBE6C436Z0Z_F	100.000	25	0	1.18e-09	50.1
M03520:605:000000000-LVNKY:1:1102:15636:9297;size=6	RH.B9EF730EBE6C436Z0Z_R	96.000	25	1	2.87e-07	42.1
M03520:605:000000000-LVNKY:1:1102:15722:20933;size=6	RH.609947B6947F457Z0Z_F	100.000	21	0	2.87e-07	42.1
M03520:605:000000000-LVNKY:1:1102:15722:20933;size=6	RH.A12CDF2B5C80436Z0Z_R	100.000	20	0	1.13e-06	40.1
M03520:605:000000000-LVNKY:1:1102:15722:20933;size=6	RH.8B25A056ABC1444Z0Z_F	100.000	19	0	4.48e-06	38.2
M03520:605:000000000-LVNKY:1:1102:15781:28427;size=6	RH.27578A9A85FA4A3Z0Z_F	100.000	24	0	4.65e-09	48.1
M03520:605:000000000-LVNKY:1:1102:15781:28427;size=6	RH.27578A9A85FA4A3Z0Z_R	100.000	21	0	2.87e-07	42.1
M03520:605:000000000-LVNKY:1:1102:16108:12111;size=6	RH.B9EF730EBE6C436Z0Z_R	100.000	25	0	1.18e-09	50.1
M03520:605:000000000-LVNKY:1:1102:16108:12111;size=6	RH.B9EF730EBE6C436Z0Z_F	100.000	25	0	1.18e-09	50.1
M03520:605:000000000-LVNKY:1:1102:16282:20379;size=6	RH.7CE39E25906745AZ0Z_R	100.000	26	0	2.98e-10	52.0
M03520:605:000000000-LVNKY:1:1102:16282:20379;size=6	RH.7CE39E25906745AZ0Z_F	100.000	25	0	1.18e-09	50.1
M03520:605:000000000-LVNKY:1:1102:16472:19030;size=6	RH.27578A9A85FA4A3Z0Z_F	100.000	24	0	4.65e-09	48.1
M03520:605:000000000-LVNKY:1:1102:16472:19030;size=6	RH.27578A9A85FA4A3Z0Z_R	100.000	22	0	7.27e-08	44.1
M03520:605:000000000-LVNKY:1:1102:17118:9639;size=6	RH.B9EF730EBE6C436Z0Z_R	100.000	25	0	1.18e-09	50.1
M03520:605:000000000-LVNKY:1:1102:17118:9639;size=6	RH.B9EF730EBE6C436Z0Z_F	96.000	25	1	2.87e-07	42.1
M03520:605:000000000-LVNKY:1:1102:17696:2080;size=6	RH.2A85EAE5DEAD471Z0Z_R	100.000	25	0	1.18e-09	50.1
M03520:605:000000000-LVNKY:1:1102:17696:2080;size=6	RH.2A85EAE5DEAD471Z0Z_F	96.000	25	1	2.87e-07	42.1
M03520:605:000000000-LVNKY:1:1102:17830:12414;size=6	RH.25F43EF2A0F1421Z0Z_F	100.000	24	0	4.65e-09	48.1
M03520:605:000000000-LVNKY:1:1102:17830:12414;size=6	RH.25F43EF2A0F1421Z0Z_R	100.000	23	0	1.84e-08	46.1
M03520:605:000000000-LVNKY:1:1102:18240:10254;size=6	RH.2AFFFBA0E81C482Z0Z_F	100.000	23	0	1.84e-08	46.1
M03520:605:000000000-LVNKY:1:1102:18240:10254;size=6	RH.2AFFFBA0E81C482Z0Z_R	95.652	23	1	4.48e-06	38.2
M03520:605:000000000-LVNKY:1:1102:19730:12438;size=6	RH.7CE39E25906745AZ0Z_R	100.000	26	0	2.98e-10	52.0
M03520:605:000000000-LVNKY:1:1102:19730:12438;size=6	RH.7CE39E25906745AZ0Z_F	100.000	25	0	1.18e-09	50.1
M03520:605:000000000-LVNKY:1:1102:19857:17705;size=6	RH.B9EF730EBE6C436Z0Z_R	100.000	25	0	1.18e-09	50.1
M03520:605:000000000-LVNKY:1:1102:19857:17705;size=6	RH.3B2B2BB86AB94D3Z0Z_F	100.000	22	0	7.27e-08	44.1
M03520:605:000000000-LVNKY:1:1102:19857:17705;size=6	RH.64613722763148BZ0Z_R	100.000	19	0	4.48e-06	38.2
M03520:605:000000000-LVNKY:1:1102:19897:5330;size=6	RH.B9EF730EBE6C436Z0Z_R	100.000	25	0	1.18e-09	50.1
M03520:605:000000000-LVNKY:1:1102:20454:8273;size=6	RH.72B9E3F522264B3Z0Z_F	100.000	22	0	7.27e-08	44.1
M03520:605:000000000-LVNKY:1:1102:20567:4217;size=6	RH.8B25A056ABC1444Z0Z_F	100.000	25	0	1.18e-09	50.1
M03520:605:000000000-LVNKY:1:1102:20567:4217;size=6	RH.8B25A056ABC1444Z0Z_R	100.000	24	0	4.65e-09	48.1
M03520:605:000000000-LVNKY:1:1102:21269:10314;size=6	RH.25F43EF2A0F1421Z0Z_F	100.000	24	0	4.65e-09	48.1
M03520:605:000000000-LVNKY:1:1102:21269:10314;size=6	RH.25F43EF2A0F1421Z0Z_R	100.000	23	0	1.84e-08	46.1
M03520:605:000000000-LVNKY:1:1102:21745:13910;size=6	RH.BE09C1F6EE4B426Z0Z_R	100.000	23	0	1.84e-08	46.1
M03520:605:000000000-LVNKY:1:1102:21745:13910;size=6	RH.BE09C1F6EE4B426Z0Z_F	100.000	22	0	7.27e-08	44.1
M03520:605:000000000-LVNKY:1:1102:21845:11902;size=6	RH.3B2B2BB86AB94D3Z0Z_F	100.000	21	0	2.87e-07	42.1
M03520:605:000000000-LVNKY:1:1102:21845:11902;size=6	RH.DDB83AFF97C94C6Z0Z_R	100.000	21	0	2.87e-07	42.1
M03520:605:000000000-LVNKY:1:1102:21845:11902;size=6	RH.64613722763148BZ0Z_R	100.000	19	0	4.48e-06	38.2
M03520:605:000000000-LVNKY:1:1102:22227:6790;size=6	RH.E253263309B742FZ0Z_R	100.000	26	0	2.98e-10	52.0
M03520:605:000000000-LVNKY:1:1102:22227:6790;size=6	RH.E253263309B742FZ0Z_F	100.000	25	0	1.18e-09	50.1
M03520:605:000000000-LVNKY:1:1102:23126:23861;size=6	RH.B9EF730EBE6C436Z0Z_R	100.000	25	0	1.18e-09	50.1
M03520:605:000000000-LVNKY:1:1102:23126:23861;size=6	RH.B9EF730EBE6C436Z0Z_F	96.000	25	1	2.87e-07	42.1
M03520:605:000000000-LVNKY:1:1102:2486:12611;size=6	RH.B9EF730EBE6C436Z0Z_R	100.000	25	0	1.18e-09	50.1
M03520:605:000000000-LVNKY:1:1102:2486:12611;size=6	RH.B9EF730EBE6C436Z0Z_F	100.000	25	0	1.18e-09	50.1
M03520:605:000000000-LVNKY:1:1102:25447:15061;size=6	RH.BE09C1F6EE4B426Z0Z_R	100.000	23	0	1.84e-08	46.1
M03520:605:000000000-LVNKY:1:1102:25447:15061;size=6	RH.BE09C1F6EE4B426Z0Z_F	100.000	22	0	7.27e-08	44.1
M03520:605:000000000-LVNKY:1:1102:25719:8630;size=6	RH.2AFFFBA0E81C482Z0Z_R	100.000	23	0	1.84e-08	46.1
M03520:605:000000000-LVNKY:1:1102:2728:13628;size=6	RH.E253263309B742FZ0Z_R	100.000	26	0	2.98e-10	52.0
M03520:605:000000000-LVNKY:1:1102:27984:14663;size=6	RH.51338FA06EDB4F0Z0Z_R	100.000	25	0	1.18e-09	50.1
M03520:605:000000000-LVNKY:1:1102:27984:14663;size=6	RH.51338FA06EDB4F0Z0Z_F	100.000	25	0	1.18e-09	50.1
M03520:605:000000000-LVNKY:1:1102:4464:10076;size=6	RH.B9EF730EBE6C436Z0Z_R	100.000	25	0	1.18e-09	50.1
M03520:605:000000000-LVNKY:1:1102:5394:16857;size=6	RH.DDB83AFF97C94C6Z0Z_R	100.000	25	0	1.18e-09	50.1
M03520:605:000000000-LVNKY:1:1102:5394:16857;size=6	RH.DDB83AFF97C94C6Z0Z_F	100.000	24	0	4.65e-09	48.1
M03520:605:000000000-LVNKY:1:1102:5503:9194;size=6	RH.25F43EF2A0F1421Z0Z_F	100.000	24	0	4.65e-09	48.1
M03520:605:000000000-LVNKY:1:1102:5503:9194;size=6	RH.25F43EF2A0F1421Z0Z_R	100.000	23	0	1.84e-08	46.1
M03520:605:000000000-LVNKY:1:1102:7472:8619;size=6	RH.B9EF730EBE6C436Z0Z_R	100.000	25	0	1.18e-09	50.1
M03520:605:000000000-LVNKY:1:1102:7472:8619;size=6	RH.B9EF730EBE6C436Z0Z_F	100.000	25	0	1.18e-09	50.1
M03520:605:000000000-LVNKY:1:1102:7926:23731;size=6	RH.25F43EF2A0F1421Z0Z_R	100.000	23	0	1.84e-08	46.1
M03520:605:000000000-LVNKY:1:1102:7926:23731;size=6	RH.25F43EF2A0F1421Z0Z_F	100.000	20	0	1.13e-06	40.1
M03520:605:000000000-LVNKY:1:1102:8552:17744;size=6	RH.F2F19E4203944BDZ0Z_F	100.000	22	0	7.27e-08	44.1
M03520:605:000000000-LVNKY:1:1102:8924:21117;size=6	RH.7CE39E25906745AZ0Z_R	100.000	26	0	2.98e-10	52.0
M03520:605:000000000-LVNKY:1:1102:8924:21117;size=6	RH.7CE39E25906745AZ0Z_F	100.000	25	0	1.18e-09	50.1
M03520:605:000000000-LVNKY:1:1102:9294:26892;size=6	RH.2A85EAE5DEAD471Z0Z_R	100.000	25	0	1.18e-09	50.1
M03520:605:000000000-LVNKY:1:1102:9294:26892;size=6	RH.2A85EAE5DEAD471Z0Z_F	100.000	25	0	1.18e-09	50.1
M03520:605:000000000-LVNKY:1:1102:9500:25883;size=6	RH.E253263309B742FZ0Z_R	100.000	26	0	2.98e-10	52.0
M03520:605:000000000-LVNKY:1:1102:9500:25883;size=6	RH.E253263309B742FZ0Z_F	96.154	26	1	7.27e-08	44.1
M03520:605:000000000-LVNKY:1:1102:9670:17352;size=6	RH.E253263309B742FZ0Z_F	100.000	26	0	2.98e-10	52.0
M03520:605:000000000-LVNKY:1:1102:9670:17352;size=6	RH.E253263309B742FZ0Z_R	96.154	26	1	7.27e-08	44.1
M03520:605:000000000-LVNKY:1:1103:10451:25109;size=6	RH.DDB83AFF97C94C6Z0Z_F	100.000	24	0	4.65e-09	48.1
M03520:605:000000000-LVNKY:1:1103:10451:25109;size=6	RH.DDB83AFF97C94C6Z0Z_R	96.000	25	1	2.87e-07	42.1
M03520:605:000000000-LVNKY:1:1103:12568:3474;size=6	RH.27578A9A85FA4A3Z0Z_F	100.000	24	0	4.65e-09	48.1
M03520:605:000000000-LVNKY:1:1103:12568:3474;size=6	RH.27578A9A85FA4A3Z0Z_R	100.000	22	0	7.27e-08	44.1
M03520:605:000000000-LVNKY:1:1103:12829:11782;size=6	RH.25F43EF2A0F1421Z0Z_F	100.000	24	0	4.65e-09	48.1
M03520:605:000000000-LVNKY:1:1103:12829:11782;size=6	RH.25F43EF2A0F1421Z0Z_R	100.000	23	0	1.84e-08	46.1
M03520:605:000000000-LVNKY:1:1103:14675:6642;size=6	RH.7CE39E25906745AZ0Z_R	100.000	26	0	2.98e-10	52.0
M03520:605:000000000-LVNKY:1:1103:14675:6642;size=6	RH.7CE39E25906745AZ0Z_F	100.000	25	0	1.18e-09	50.1
M03520:605:000000000-LVNKY:1:1103:18834:10388;size=6	RH.B9EF730EBE6C436Z0Z_F	100.000	25	0	1.18e-09	50.1
M03520:605:000000000-LVNKY:1:1103:18834:10388;size=6	RH.B9EF730EBE6C436Z0Z_R	96.000	25	1	2.87e-07	42.1
M03520:605:000000000-LVNKY:1:1103:19214:27443;size=6	RH.72B9E3F522264B3Z0Z_F	100.000	22	0	7.27e-08	44.1
M03520:605:000000000-LVNKY:1:1103:20669:25966;size=6	RH.E253263309B742FZ0Z_R	100.000	26	0	2.98e-10	52.0
M03520:605:000000000-LVNKY:1:1103:20669:25966;size=6	RH.E253263309B742FZ0Z_F	100.000	26	0	2.98e-10	52.0
M03520:605:000000000-LVNKY:1:1103:21710:18942;size=6	RH.B9EF730EBE6C436Z0Z_R	100.000	25	0	1.18e-09	50.1
M03520:605:000000000-LVNKY:1:1103:21781:4117;size=6	RH.E253263309B742FZ0Z_R	100.000	26	0	2.98e-10	52.0
M03520:605:000000000-LVNKY:1:1103:21781:4117;size=6	RH.E253263309B742FZ0Z_F	100.000	25	0	1.18e-09	50.1
M03520:605:000000000-LVNKY:1:1103:24212:9787;size=6	RH.517A9FBA2B494D5Z0Z_F	100.000	25	0	1.18e-09	50.1
M03520:605:000000000-LVNKY:1:1103:24212:9787;size=6	RH.517A9FBA2B494D5Z0Z_R	100.000	24	0	4.65e-09	48.1
M03520:605:000000000-LVNKY:1:1103:25739:15242;size=6	RH.B9EF730EBE6C436Z0Z_F	100.000	25	0	1.18e-09	50.1
M03520:605:000000000-LVNKY:1:1103:25739:15242;size=6	RH.B9EF730EBE6C436Z0Z_R	100.000	25	0	1.18e-09	50.1
M03520:605:000000000-LVNKY:1:1103:25905:12205;size=6	RH.2AFFFBA0E81C482Z0Z_R	100.000	23	0	1.84e-08	46.1
M03520:605:000000000-LVNKY:1:1103:25905:12205;size=6	RH.2AFFFBA0E81C482Z0Z_F	95.652	23	1	4.48e-06	38.2
M03520:605:000000000-LVNKY:1:1103:29166:13794;size=6	RH.E253263309B742FZ0Z_F	100.000	26	0	2.98e-10	52.0
M03520:605:000000000-LVNKY:1:1103:4580:14083;size=6	RH.2A85EAE5DEAD471Z0Z_R	100.000	25	0	1.18e-09	50.1
M03520:605:000000000-LVNKY:1:1103:4580:14083;size=6	RH.2A85EAE5DEAD471Z0Z_F	100.000	25	0	1.18e-09	50.1
M03520:605:000000000-LVNKY:1:1103:4988:21556;size=6	RH.E253263309B742FZ0Z_R	100.000	26	0	2.98e-10	52.0
M03520:605:000000000-LVNKY:1:1103:4988:21556;size=6	RH.E253263309B742FZ0Z_F	96.154	26	1	7.27e-08	44.1
M03520:605:000000000-LVNKY:1:1103:5432:11064;size=6	RH.25F43EF2A0F1421Z0Z_F	100.000	24	0	4.65e-09	48.1
M03520:605:000000000-LVNKY:1:1103:5432:11064;size=6	RH.25F43EF2A0F1421Z0Z_R	100.000	23	0	1.84e-08	46.1
M03520:605:000000000-LVNKY:1:1103:6757:10158;size=6	RH.2A85EAE5DEAD471Z0Z_F	100.000	25	0	1.18e-09	50.1
M03520:605:000000000-LVNKY:1:1103:6757:10158;size=6	RH.2A85EAE5DEAD471Z0Z_R	100.000	25	0	1.18e-09	50.1
M03520:605:000000000-LVNKY:1:1103:7474:4919;size=6	RH.B9EF730EBE6C436Z0Z_F	100.000	25	0	1.18e-09	50.1
M03520:605:000000000-LVNKY:1:1103:7474:4919;size=6	RH.B9EF730EBE6C436Z0Z_R	96.000	25	1	2.87e-07	42.1
M03520:605:000000000-LVNKY:1:1103:8910:18762;size=6	RH.02ED2313668747CZ0Z_R	100.000	25	0	1.18e-09	50.1
M03520:605:000000000-LVNKY:1:1103:8910:18762;size=6	RH.02ED2313668747CZ0Z_F	100.000	24	0	4.65e-09	48.1
M03520:605:000000000-LVNKY:1:1103:9968:23897;size=6	RH.25F43EF2A0F1421Z0Z_R	100.000	23	0	1.84e-08	46.1
M03520:605:000000000-LVNKY:1:1103:9968:23897;size=6	RH.25F43EF2A0F1421Z0Z_F	95.833	24	1	1.13e-06	40.1
M03520:605:000000000-LVNKY:1:1104:10582:16007;size=6	RH.7CE39E25906745AZ0Z_R	100.000	26	0	2.98e-10	52.0
M03520:605:000000000-LVNKY:1:1104:10582:16007;size=6	RH.7CE39E25906745AZ0Z_F	100.000	25	0	1.18e-09	50.1
M03520:605:000000000-LVNKY:1:1104:14778:9027;size=6	RH.2AFFFBA0E81C482Z0Z_R	100.000	23	0	1.84e-08	46.1
M03520:605:000000000-LVNKY:1:1104:14778:9027;size=6	RH.2AFFFBA0E81C482Z0Z_F	100.000	23	0	1.84e-08	46.1
M03520:605:000000000-LVNKY:1:1104:15502:10189;size=6	RH.6408CE975B5340AZ0Z_R	100.000	26	0	2.98e-10	52.0
M03520:605:000000000-LVNKY:1:1104:15502:10189;size=6	RH.6408CE975B5340AZ0Z_F	100.000	26	0	2.98e-10	52.0
M03520:605:000000000-LVNKY:1:1104:15531:14070;size=6	RH.BE09C1F6EE4B426Z0Z_R	100.000	23	0	1.84e-08	46.1
M03520:605:000000000-LVNKY:1:1104:15565:21700;size=6	RH.51338FA06EDB4F0Z0Z_R	100.000	25	0	1.18e-09	50.1
M03520:605:000000000-LVNKY:1:1104:15565:21700;size=6	RH.51338FA06EDB4F0Z0Z_F	100.000	25	0	1.18e-09	50.1
M03520:605:000000000-LVNKY:1:1104:15867:15679;size=6	RH.04A0205BEA6C49EZ0Z_R	100.000	24	0	4.65e-09	48.1
M03520:605:000000000-LVNKY:1:1104:15867:15679;size=6	RH.04A0205BEA6C49EZ0Z_F	100.000	23	0	1.84e-08	46.1
M03520:605:000000000-LVNKY:1:1104:16235:11819;size=6	RH.609947B6947F457Z0Z_F	100.000	21	0	2.87e-07	42.1
M03520:605:000000000-LVNKY:1:1104:16235:11819;size=6	RH.A12CDF2B5C80436Z0Z_R	100.000	20	0	1.13e-06	40.1
M03520:605:000000000-LVNKY:1:1104:18016:10041;size=6	RH.609947B6947F457Z0Z_F	100.000	21	0	2.87e-07	42.1
M03520:605:000000000-LVNKY:1:1104:18016:10041;size=6	RH.A12CDF2B5C80436Z0Z_R	100.000	20	0	1.13e-06	40.1
M03520:605:000000000-LVNKY:1:1104:18208:15641;size=6	RH.27578A9A85FA4A3Z0Z_F	100.000	24	0	4.65e-09	48.1
M03520:605:000000000-LVNKY:1:1104:18208:15641;size=6	RH.27578A9A85FA4A3Z0Z_R	100.000	22	0	7.27e-08	44.1
M03520:605:000000000-LVNKY:1:1104:18740:7319;size=6	RH.27578A9A85FA4A3Z0Z_F	100.000	24	0	4.65e-09	48.1
M03520:605:000000000-LVNKY:1:1104:18926:8309;size=6	RH.27578A9A85FA4A3Z0Z_F	100.000	24	0	4.65e-09	48.1
M03520:605:000000000-LVNKY:1:1104:18926:8309;size=6	RH.27578A9A85FA4A3Z0Z_R	100.000	22	0	7.27e-08	44.1
M03520:605:000000000-LVNKY:1:1104:20036:5460;size=6	RH.6408CE975B5340AZ0Z_R	100.000	26	0	2.98e-10	52.0
M03520:605:000000000-LVNKY:1:1104:20928:27578;size=6	RH.9726AFF14C0D4B3Z0Z_R	100.000	25	0	1.18e-09	50.1
M03520:605:000000000-LVNKY:1:1104:20928:27578;size=6	RH.9726AFF14C0D4B3Z0Z_F	100.000	24	0	4.65e-09	48.1
M03520:605:000000000-LVNKY:1:1104:21509:21416;size=6	RH.E253263309B742FZ0Z_F	100.000	26	0	2.98e-10	52.0
M03520:605:000000000-LVNKY:1:1104:21509:21416;size=6	RH.E253263309B742FZ0Z_R	96.154	26	1	7.27e-08	44.1
M03520:605:000000000-LVNKY:1:1104:24371:6162;size=6	RH.6DE797B0D3F544DZ0Z_F	100.000	26	0	2.98e-10	52.0
M03520:605:000000000-LVNKY:1:1104:26005:17706;size=6	RH.3C4181E04665462Z0Z_F	100.000	22	0	7.27e-08	44.1
M03520:605:000000000-LVNKY:1:1104:26052:23111;size=6	RH.E253263309B742FZ0Z_F	100.000	26	0	2.98e-10	52.0
M03520:605:000000000-LVNKY:1:1104:26052:23111;size=6	RH.E253263309B742FZ0Z_R	96.154	26	1	7.27e-08	44.1
M03520:605:000000000-LVNKY:1:1104:26552:19064;size=6	RH.E253263309B742FZ0Z_R	100.000	26	0	2.98e-10	52.0
M03520:605:000000000-LVNKY:1:1104:26552:19064;size=6	RH.E253263309B742FZ0Z_F	100.000	26	0	2.98e-10	52.0
M03520:605:000000000-LVNKY:1:1104:3107:9296;size=6	RH.E253263309B742FZ0Z_F	100.000	26	0	2.98e-10	52.0
M03520:605:000000000-LVNKY:1:1104:3107:9296;size=6	RH.E253263309B742FZ0Z_R	100.000	22	0	7.27e-08	44.1
M03520:605:000000000-LVNKY:1:1104:3201:11074;size=6	RH.2A85EAE5DEAD471Z0Z_R	100.000	25	0	1.18e-09	50.1
M03520:605:000000000-LVNKY:1:1104:3201:11074;size=6	RH.2A85EAE5DEAD471Z0Z_F	96.000	25	1	2.87e-07	42.1
M03520:605:000000000-LVNKY:1:1104:5339:17874;size=6	RH.3EBEBCF3296E4B4Z0Z_R	100.000	23	0	1.84e-08	46.1
M03520:605:000000000-LVNKY:1:1104:5339:17874;size=6	RH.3EBEBCF3296E4B4Z0Z_F	100.000	22	0	7.27e-08	44.1
M03520:605:000000000-LVNKY:1:1104:5909:16684;size=6	RH.6408CE975B5340AZ0Z_R	100.000	26	0	2.98e-10	52.0
M03520:605:000000000-LVNKY:1:1104:5909:16684;size=6	RH.6408CE975B5340AZ0Z_F	100.000	26	0	2.98e-10	52.0
M03520:605:000000000-LVNKY:1:1104:7025:25725;size=6	RH.E253263309B742FZ0Z_R	100.000	26	0	2.98e-10	52.0
M03520:605:000000000-LVNKY:1:1104:7025:25725;size=6	RH.E253263309B742FZ0Z_F	100.000	26	0	2.98e-10	52.0
M03520:605:000000000-LVNKY:1:1104:8241:21670;size=6	RH.6408CE975B5340AZ0Z_R	100.000	26	0	2.98e-10	52.0
M03520:605:000000000-LVNKY:1:1104:8241:21670;size=6	RH.6408CE975B5340AZ0Z_F	100.000	26	0	2.98e-10	52.0
M03520:605:000000000-LVNKY:1:1104:9134:5796;size=6	RH.E253263309B742FZ0Z_F	100.000	26	0	2.98e-10	52.0
M03520:605:000000000-LVNKY:1:1104:9134:5796;size=6	RH.E253263309B742FZ0Z_R	96.154	26	1	7.27e-08	44.1
M03520:605:000000000-LVNKY:1:1104:9260:14528;size=6	RH.2A85EAE5DEAD471Z0Z_F	100.000	25	0	1.18e-09	50.1
M03520:605:000000000-LVNKY:1:1104:9260:14528;size=6	RH.2A85EAE5DEAD471Z0Z_R	100.000	25	0	1.18e-09	50.1
M03520:605:000000000-LVNKY:1:1104:9303:14191;size=6	RH.C597F0BA65D4481Z0Z_R	100.000	24	0	4.65e-09	48.1
M03520:605:000000000-LVNKY:1:1104:9303:14191;size=6	RH.C597F0BA65D4481Z0Z_F	100.000	24	0	4.65e-09	48.1
M03520:605:000000000-LVNKY:1:1105:11883:12631;size=6	RH.7CE39E25906745AZ0Z_R	100.000	26	0	2.98e-10	52.0
M03520:605:000000000-LVNKY:1:1105:11883:12631;size=6	RH.7CE39E25906745AZ0Z_F	100.000	25	0	1.18e-09	50.1
M03520:605:000000000-LVNKY:1:1105:13536:9898;size=6	RH.2A85EAE5DEAD471Z0Z_R	100.000	25	0	1.18e-09	50.1
M03520:605:000000000-LVNKY:1:1105:13536:9898;size=6	RH.2A85EAE5DEAD471Z0Z_F	96.000	25	1	2.87e-07	42.1
M03520:605:000000000-LVNKY:1:1105:13689:16756;size=6	RH.B9EF730EBE6C436Z0Z_R	100.000	25	0	1.18e-09	50.1
M03520:605:000000000-LVNKY:1:1105:13689:16756;size=6	RH.B9EF730EBE6C436Z0Z_F	100.000	25	0	1.18e-09	50.1
M03520:605:000000000-LVNKY:1:1105:14483:25242;size=6	RH.25F43EF2A0F1421Z0Z_F	100.000	24	0	4.65e-09	48.1
M03520:605:000000000-LVNKY:1:1105:14483:25242;size=6	RH.25F43EF2A0F1421Z0Z_R	100.000	23	0	1.84e-08	46.1
M03520:605:000000000-LVNKY:1:1105:16077:23609;size=6	RH.DDB83AFF97C94C6Z0Z_R	100.000	25	0	1.18e-09	50.1
M03520:605:000000000-LVNKY:1:1105:16077:23609;size=6	RH.DDB83AFF97C94C6Z0Z_F	100.000	21	0	2.87e-07	42.1
M03520:605:000000000-LVNKY:1:1105:18895:16153;size=6	RH.DDB83AFF97C94C6Z0Z_R	100.000	25	0	1.18e-09	50.1
M03520:605:000000000-LVNKY:1:1105:18895:16153;size=6	RH.DDB83AFF97C94C6Z0Z_F	100.000	24	0	4.65e-09	48.1
M03520:605:000000000-LVNKY:1:1105:19968:2072;size=6	RH.DDB83AFF97C94C6Z0Z_R	100.000	25	0	1.18e-09	50.1
M03520:605:000000000-LVNKY:1:1105:19968:2072;size=6	RH.DDB83AFF97C94C6Z0Z_F	95.833	24	1	1.13e-06	40.1
M03520:605:000000000-LVNKY:1:1105:22120:23686;size=6	RH.2B5DDF63455445EZ0Z_F	100.000	21	0	2.87e-07	42.1
M03520:605:000000000-LVNKY:1:1105:23980:23713;size=6	RH.25F43EF2A0F1421Z0Z_F	100.000	24	0	4.65e-09	48.1
M03520:605:000000000-LVNKY:1:1105:23980:23713;size=6	RH.25F43EF2A0F1421Z0Z_R	95.652	23	1	4.48e-06	38.2
M03520:605:000000000-LVNKY:1:1105:25341:13261;size=6	RH.F7E3D42951B44CCZ0Z_R	100.000	22	0	7.27e-08	44.1
M03520:605:000000000-LVNKY:1:1105:25341:13261;size=6	RH.F7E3D42951B44CCZ0Z_F	100.000	21	0	2.87e-07	42.1
M03520:605:000000000-LVNKY:1:1105:6092:17601;size=6	RH.2A85EAE5DEAD471Z0Z_R	100.000	25	0	1.18e-09	50.1
M03520:605:000000000-LVNKY:1:1105:6092:17601;size=6	RH.2A85EAE5DEAD471Z0Z_F	100.000	21	0	2.87e-07	42.1
M03520:605:000000000-LVNKY:1:1105:6667:13955;size=6	RH.B9EF730EBE6C436Z0Z_R	100.000	25	0	1.18e-09	50.1
M03520:605:000000000-LVNKY:1:1105:9641:21027;size=6	RH.B9EF730EBE6C436Z0Z_R	100.000	25	0	1.18e-09	50.1
M03520:605:000000000-LVNKY:1:1105:9641:21027;size=6	RH.3B2B2BB86AB94D3Z0Z_F	100.000	21	0	2.87e-07	42.1
M03520:605:000000000-LVNKY:1:1105:9641:21027;size=6	RH.64613722763148BZ0Z_R	100.000	19	0	4.48e-06	38.2
M03520:605:000000000-LVNKY:1:1106:12858:21318;size=6	RH.27578A9A85FA4A3Z0Z_R	100.000	22	0	7.27e-08	44.1
M03520:605:000000000-LVNKY:1:1106:12858:21318;size=6	RH.609947B6947F457Z0Z_F	100.000	21	0	2.87e-07	42.1
M03520:605:000000000-LVNKY:1:1106:12858:21318;size=6	RH.A12CDF2B5C80436Z0Z_R	100.000	20	0	1.13e-06	40.1
M03520:605:000000000-LVNKY:1:1106:16123:13831;size=6	RH.6408CE975B5340AZ0Z_R	100.000	26	0	2.98e-10	52.0
M03520:605:000000000-LVNKY:1:1106:16123:13831;size=6	RH.6408CE975B5340AZ0Z_F	100.000	26	0	2.98e-10	52.0
M03520:605:000000000-LVNKY:1:1106:19388:2713;size=6	RH.517A9FBA2B494D5Z0Z_F	100.000	25	0	1.18e-09	50.1
M03520:605:000000000-LVNKY:1:1106:19388:2713;size=6	RH.517A9FBA2B494D5Z0Z_R	100.000	22	0	7.27e-08	44.1
M03520:605:000000000-LVNKY:1:1106:20758:14773;size=6	RH.BE09C1F6EE4B426Z0Z_R	100.000	22	0	7.27e-08	44.1
M03520:605:000000000-LVNKY:1:1106:20758:14773;size=6	RH.BE09C1F6EE4B426Z0Z_F	100.000	22	0	7.27e-08	44.1
M03520:605:000000000-LVNKY:1:1106:21080:4965;size=6	RH.E253263309B742FZ0Z_F	100.000	26	0	2.98e-10	52.0
M03520:605:000000000-LVNKY:1:1106:21080:4965;size=6	RH.E253263309B742FZ0Z_R	100.000	26	0	2.98e-10	52.0
M03520:605:000000000-LVNKY:1:1106:21353:20135;size=6	RH.B9EF730EBE6C436Z0Z_R	100.000	25	0	1.18e-09	50.1
M03520:605:000000000-LVNKY:1:1106:21353:20135;size=6	RH.609947B6947F457Z0Z_F	100.000	21	0	2.87e-07	42.1
M03520:605:000000000-LVNKY:1:1106:21353:20135;size=6	RH.A12CDF2B5C80436Z0Z_R	100.000	20	0	1.13e-06	40.1
M03520:605:000000000-LVNKY:1:1106:22037:4652;size=6	RH.27578A9A85FA4A3Z0Z_F	100.000	24	0	4.65e-09	48.1
M03520:605:000000000-LVNKY:1:1106:24328:17618;size=6	RH.6408CE975B5340AZ0Z_F	100.000	26	0	2.98e-10	52.0
M03520:605:000000000-LVNKY:1:1106:25770:13052;size=6	RH.6572108A164E48EZ0Z_R	100.000	25	0	1.18e-09	50.1
M03520:605:000000000-LVNKY:1:1106:25770:13052;size=6	RH.6572108A164E48EZ0Z_F	100.000	24	0	4.65e-09	48.1
M03520:605:000000000-LVNKY:1:1106:27374:14114;size=6	RH.6408CE975B5340AZ0Z_R	100.000	26	0	2.98e-10	52.0
M03520:605:000000000-LVNKY:1:1106:27374:14114;size=6	RH.6408CE975B5340AZ0Z_F	100.000	26	0	2.98e-10	52.0
M03520:605:000000000-LVNKY:1:1106:27646:11499;size=6	RH.51338FA06EDB4F0Z0Z_R	100.000	25	0	1.18e-09	50.1
M03520:605:000000000-LVNKY:1:1106:27646:11499;size=6	RH.51338FA06EDB4F0Z0Z_F	100.000	25	0	1.18e-09	50.1
M03520:605:000000000-LVNKY:1:1106:28288:16754;size=6	RH.BE09C1F6EE4B426Z0Z_R	100.000	23	0	1.84e-08	46.1
M03520:605:000000000-LVNKY:1:1106:28288:16754;size=6	RH.BE09C1F6EE4B426Z0Z_F	100.000	22	0	7.27e-08	44.1
M03520:605:000000000-LVNKY:1:1106:4488:23394;size=6	RH.E253263309B742FZ0Z_F	100.000	26	0	2.98e-10	52.0
M03520:605:000000000-LVNKY:1:1106:4488:23394;size=6	RH.E253263309B742FZ0Z_R	100.000	23	0	1.84e-08	46.1
M03520:605:000000000-LVNKY:1:1106:5124:18645;size=6	RH.E253263309B742FZ0Z_R	100.000	26	0	2.98e-10	52.0
M03520:605:000000000-LVNKY:1:1106:5124:18645;size=6	RH.E253263309B742FZ0Z_F	100.000	26	0	2.98e-10	52.0
M03520:605:000000000-LVNKY:1:1106:5782:13884;size=6	RH.E253263309B742FZ0Z_R	100.000	26	0	2.98e-10	52.0
M03520:605:000000000-LVNKY:1:1106:5782:13884;size=6	RH.E253263309B742FZ0Z_F	100.000	26	0	2.98e-10	52.0
M03520:605:000000000-LVNKY:1:1106:7082:7539;size=6	RH.25F43EF2A0F1421Z0Z_R	100.000	23	0	1.84e-08	46.1
M03520:605:000000000-LVNKY:1:1106:7082:7539;size=6	RH.25F43EF2A0F1421Z0Z_F	95.833	24	1	1.13e-06	40.1
M03520:605:000000000-LVNKY:1:1106:8754:20303;size=6	RH.E253263309B742FZ0Z_F	100.000	26	0	2.98e-10	52.0
M03520:605:000000000-LVNKY:1:1106:8754:20303;size=6	RH.E253263309B742FZ0Z_R	96.154	26	1	7.27e-08	44.1
M03520:605:000000000-LVNKY:1:1106:8800:18021;size=6	RH.B2A7FEFE5F5C48AZ0Z_F	100.000	24	0	4.65e-09	48.1
M03520:605:000000000-LVNKY:1:1106:8800:18021;size=6	RH.B2A7FEFE5F5C48AZ0Z_R	100.000	23	0	1.84e-08	46.1
M03520:605:000000000-LVNKY:1:1106:8986:14532;size=6	RH.27578A9A85FA4A3Z0Z_F	100.000	24	0	4.65e-09	48.1
M03520:605:000000000-LVNKY:1:1107:11602:28277;size=6	RH.6408CE975B5340AZ0Z_R	100.000	26	0	2.98e-10	52.0
M03520:605:000000000-LVNKY:1:1107:11602:28277;size=6	RH.6408CE975B5340AZ0Z_F	100.000	26	0	2.98e-10	52.0
M03520:605:000000000-LVNKY:1:1107:12170:28138;size=6	RH.9726AFF14C0D4B3Z0Z_R	100.000	25	0	1.18e-09	50.1
M03520:605:000000000-LVNKY:1:1107:12170:28138;size=6	RH.9726AFF14C0D4B3Z0Z_F	100.000	24	0	4.65e-09	48.1
M03520:605:000000000-LVNKY:1:1107:12974:5699;size=6	RH.72B9E3F522264B3Z0Z_F	100.000	22	0	7.27e-08	44.1
M03520:605:000000000-LVNKY:1:1107:13689:9649;size=6	RH.72B9E3F522264B3Z0Z_F	100.000	22	0	7.27e-08	44.1
M03520:605:000000000-LVNKY:1:1107:13689:9649;size=6	RH.72B9E3F522264B3Z0Z_R	100.000	20	0	1.13e-06	40.1
M03520:605:000000000-LVNKY:1:1107:14482:10093;size=6	RH.2A8AD21024974C0Z0Z_F	100.000	26	0	2.98e-10	52.0
M03520:605:000000000-LVNKY:1:1107:14482:10093;size=6	RH.2A8AD21024974C0Z0Z_R	100.000	25	0	1.18e-09	50.1
M03520:605:000000000-LVNKY:1:1107:17826:4813;size=6	RH.E253263309B742FZ0Z_F	100.000	25	0	1.18e-09	50.1
M03520:605:000000000-LVNKY:1:1107:17826:4813;size=6	RH.E253263309B742FZ0Z_R	96.154	26	1	7.27e-08	44.1
M03520:605:000000000-LVNKY:1:1107:21086:6105;size=6	RH.2A85EAE5DEAD471Z0Z_R	100.000	25	0	1.18e-09	50.1
M03520:605:000000000-LVNKY:1:1107:21086:6105;size=6	RH.2A85EAE5DEAD471Z0Z_F	100.000	25	0	1.18e-09	50.1
M03520:605:000000000-LVNKY:1:1107:22477:4141;size=6	RH.E253263309B742FZ0Z_F	100.000	26	0	2.98e-10	52.0
M03520:605:000000000-LVNKY:1:1107:22477:4141;size=6	RH.E253263309B742FZ0Z_R	96.154	26	1	7.27e-08	44.1
M03520:605:000000000-LVNKY:1:1107:8094:7098;size=6	RH.E253263309B742FZ0Z_F	100.000	26	0	2.98e-10	52.0
M03520:605:000000000-LVNKY:1:1107:8094:7098;size=6	RH.E253263309B742FZ0Z_R	96.154	26	1	7.27e-08	44.1
M03520:605:000000000-LVNKY:1:1108:11902:25930;size=6	RH.BE09C1F6EE4B426Z0Z_R	100.000	23	0	1.84e-08	46.1
M03520:605:000000000-LVNKY:1:1108:11902:25930;size=6	RH.BE09C1F6EE4B426Z0Z_F	100.000	22	0	7.27e-08	44.1
M03520:605:000000000-LVNKY:1:1108:13260:20070;size=6	RH.E253263309B742FZ0Z_R	100.000	26	0	2.98e-10	52.0
M03520:605:000000000-LVNKY:1:1108:15093:1723;size=6	RH.6408CE975B5340AZ0Z_R	100.000	26	0	2.98e-10	52.0
M03520:605:000000000-LVNKY:1:1108:17083:19576;size=6	RH.B9EF730EBE6C436Z0Z_R	100.000	25	0	1.18e-09	50.1
M03520:605:000000000-LVNKY:1:1108:17083:19576;size=6	RH.B9EF730EBE6C436Z0Z_F	100.000	21	0	2.87e-07	42.1
M03520:605:000000000-LVNKY:1:1108:19338:28457;size=6	RH.7CE39E25906745AZ0Z_R	100.000	26	0	2.98e-10	52.0
M03520:605:000000000-LVNKY:1:1108:19338:28457;size=6	RH.7CE39E25906745AZ0Z_F	100.000	25	0	1.18e-09	50.1
M03520:605:000000000-LVNKY:1:1108:24772:12638;size=6	RH.DDB83AFF97C94C6Z0Z_R	100.000	25	0	1.18e-09	50.1
M03520:605:000000000-LVNKY:1:1108:24772:12638;size=6	RH.DDB83AFF97C94C6Z0Z_F	100.000	24	0	4.65e-09	48.1
M03520:605:000000000-LVNKY:1:1108:26877:14887;size=6	RH.B9EF730EBE6C436Z0Z_R	100.000	25	0	1.18e-09	50.1
M03520:605:000000000-LVNKY:1:1108:26877:14887;size=6	RH.E50C44E6F0174B8Z0Z_F	100.000	20	0	1.13e-06	40.1
M03520:605:000000000-LVNKY:1:1108:5317:23293;size=6	RH.B2A7FEFE5F5C48AZ0Z_F	100.000	24	0	4.65e-09	48.1
M03520:605:000000000-LVNKY:1:1108:5317:23293;size=6	RH.B2A7FEFE5F5C48AZ0Z_R	100.000	23	0	1.84e-08	46.1
M03520:605:000000000-LVNKY:1:1108:5485:16157;size=6	RH.094E5466924B45EZ0Z_R	100.000	25	0	1.18e-09	50.1
M03520:605:000000000-LVNKY:1:1108:5485:16157;size=6	RH.44333617E8F04C0Z0Z_F	100.000	23	0	1.84e-08	46.1
M03520:605:000000000-LVNKY:1:1108:5485:16157;size=6	RH.094E5466924B45EZ0Z_F	96.154	26	1	7.27e-08	44.1
M03520:605:000000000-LVNKY:1:1108:8677:7774;size=6	RH.0096A141894D447Z0Z_R	100.000	21	0	2.87e-07	42.1
M03520:605:000000000-LVNKY:1:1109:10412:22203;size=6	RH.6408CE975B5340AZ0Z_R	100.000	26	0	2.98e-10	52.0
M03520:605:000000000-LVNKY:1:1109:10412:22203;size=6	RH.6408CE975B5340AZ0Z_F	100.000	26	0	2.98e-10	52.0
M03520:605:000000000-LVNKY:1:1109:15140:14572;size=6	RH.E50C44E6F0174B8Z0Z_F	100.000	20	0	1.13e-06	40.1
M03520:605:000000000-LVNKY:1:1109:15834:19194;size=6	RH.2AFFFBA0E81C482Z0Z_R	100.000	23	0	1.84e-08	46.1
M03520:605:000000000-LVNKY:1:1109:15834:19194;size=6	RH.2AFFFBA0E81C482Z0Z_F	100.000	23	0	1.84e-08	46.1
M03520:605:000000000-LVNKY:1:1109:17660:3205;size=6	RH.6408CE975B5340AZ0Z_R	100.000	26	0	2.98e-10	52.0
M03520:605:000000000-LVNKY:1:1109:17660:3205;size=6	RH.6408CE975B5340AZ0Z_F	100.000	26	0	2.98e-10	52.0
M03520:605:000000000-LVNKY:1:1109:18362:25809;size=6	RH.6408CE975B5340AZ0Z_F	100.000	26	0	2.98e-10	52.0
M03520:605:000000000-LVNKY:1:1109:18362:25809;size=6	RH.6408CE975B5340AZ0Z_R	100.000	25	0	1.18e-09	50.1
M03520:605:000000000-LVNKY:1:1109:19293:25146;size=6	RH.B9EF730EBE6C436Z0Z_R	100.000	25	0	1.18e-09	50.1
M03520:605:000000000-LVNKY:1:1109:19293:25146;size=6	RH.3B2B2BB86AB94D3Z0Z_F	100.000	21	0	2.87e-07	42.1
M03520:605:000000000-LVNKY:1:1109:19293:25146;size=6	RH.64613722763148BZ0Z_R	100.000	19	0	4.48e-06	38.2
M03520:605:000000000-LVNKY:1:1109:19391:8617;size=6	RH.B9EF730EBE6C436Z0Z_R	100.000	25	0	1.18e-09	50.1
M03520:605:000000000-LVNKY:1:1109:20714:11731;size=6	RH.0C6EF86AB29A422Z0Z_R	100.000	23	0	1.84e-08	46.1
M03520:605:000000000-LVNKY:1:1109:20714:11731;size=6	RH.0C6EF86AB29A422Z0Z_F	100.000	23	0	1.84e-08	46.1
M03520:605:000000000-LVNKY:1:1109:20766:4315;size=6	RH.B9EF730EBE6C436Z0Z_R	100.000	25	0	1.18e-09	50.1
M03520:605:000000000-LVNKY:1:1109:20766:4315;size=6	RH.B9EF730EBE6C436Z0Z_F	100.000	25	0	1.18e-09	50.1
M03520:605:000000000-LVNKY:1:1109:8303:19125;size=6	RH.B9EF730EBE6C436Z0Z_R	100.000	25	0	1.18e-09	50.1
M03520:605:000000000-LVNKY:1:1109:8303:19125;size=6	RH.B9EF730EBE6C436Z0Z_F	100.000	25	0	1.18e-09	50.1
M03520:605:000000000-LVNKY:1:1109:9117:16784;size=6	RH.B9EF730EBE6C436Z0Z_F	100.000	25	0	1.18e-09	50.1
M03520:605:000000000-LVNKY:1:1109:9117:16784;size=6	RH.B9EF730EBE6C436Z0Z_R	100.000	25	0	1.18e-09	50.1
M03520:605:000000000-LVNKY:1:1110:10976:17112;size=6	RH.27578A9A85FA4A3Z0Z_F	100.000	24	0	4.65e-09	48.1
M03520:605:000000000-LVNKY:1:1110:10976:17112;size=6	RH.27578A9A85FA4A3Z0Z_R	100.000	22	0	7.27e-08	44.1
M03520:605:000000000-LVNKY:1:1110:12176:19747;size=6	RH.DDB83AFF97C94C6Z0Z_F	100.000	24	0	4.65e-09	48.1
M03520:605:000000000-LVNKY:1:1110:12176:19747;size=6	RH.DDB83AFF97C94C6Z0Z_R	100.000	23	0	1.84e-08	46.1
M03520:605:000000000-LVNKY:1:1110:20408:9588;size=6	RH.F2F19E4203944BDZ0Z_F	100.000	22	0	7.27e-08	44.1
M03520:605:000000000-LVNKY:1:1110:2625:12696;size=6	RH.25F43EF2A0F1421Z0Z_F	100.000	24	0	4.65e-09	48.1
M03520:605:000000000-LVNKY:1:1110:2625:12696;size=6	RH.25F43EF2A0F1421Z0Z_R	95.652	23	1	4.48e-06	38.2
M03520:605:000000000-LVNKY:1:1110:7887:25313;size=6	RH.25F43EF2A0F1421Z0Z_R	100.000	23	0	1.84e-08	46.1
M03520:605:000000000-LVNKY:1:1110:7887:25313;size=6	RH.25F43EF2A0F1421Z0Z_F	100.000	23	0	1.84e-08	46.1
M03520:605:000000000-LVNKY:1:1111:10775:25627;size=6	RH.DDB83AFF97C94C6Z0Z_R	100.000	25	0	1.18e-09	50.1
M03520:605:000000000-LVNKY:1:1111:10775:25627;size=6	RH.DDB83AFF97C94C6Z0Z_F	95.833	24	1	1.13e-06	40.1
M03520:605:000000000-LVNKY:1:1111:12250:15122;size=6	RH.2A85EAE5DEAD471Z0Z_F	100.000	25	0	1.18e-09	50.1
M03520:605:000000000-LVNKY:1:1111:12250:15122;size=6	RH.2A85EAE5DEAD471Z0Z_R	100.000	25	0	1.18e-09	50.1
M03520:605:000000000-LVNKY:1:1111:3108:16278;size=6	RH.25F43EF2A0F1421Z0Z_F	100.000	24	0	4.65e-09	48.1
M03520:605:000000000-LVNKY:1:1111:3108:16278;size=6	RH.25F43EF2A0F1421Z0Z_R	100.000	19	0	4.48e-06	38.2
M03520:605:000000000-LVNKY:1:1111:7274:22724;size=6	RH.517A9FBA2B494D5Z0Z_F	100.000	25	0	1.18e-09	50.1
M03520:605:000000000-LVNKY:1:1111:7274:22724;size=6	RH.517A9FBA2B494D5Z0Z_R	100.000	24	0	4.65e-09	48.1
M03520:605:000000000-LVNKY:1:1112:18191:23165;size=6	RH.E253263309B742FZ0Z_R	100.000	26	0	2.98e-10	52.0
M03520:605:000000000-LVNKY:1:1112:18191:23165;size=6	RH.E253263309B742FZ0Z_F	100.000	26	0	2.98e-10	52.0
M03520:605:000000000-LVNKY:1:1112:18552:4229;size=6	RH.B9EF730EBE6C436Z0Z_F	100.000	25	0	1.18e-09	50.1
M03520:605:000000000-LVNKY:1:1112:18552:4229;size=6	RH.B9EF730EBE6C436Z0Z_R	96.000	25	1	2.87e-07	42.1
M03520:605:000000000-LVNKY:1:1112:26455:17726;size=6	RH.DDB83AFF97C94C6Z0Z_R	100.000	25	0	1.18e-09	50.1
M03520:605:000000000-LVNKY:1:1112:26455:17726;size=6	RH.DDB83AFF97C94C6Z0Z_F	100.000	24	0	4.65e-09	48.1
M03520:605:000000000-LVNKY:1:1113:15244:27035;size=6	RH.C597F0BA65D4481Z0Z_R	100.000	24	0	4.65e-09	48.1
M03520:605:000000000-LVNKY:1:1113:15244:27035;size=6	RH.44333617E8F04C0Z0Z_F	100.000	23	0	1.84e-08	46.1
M03520:605:000000000-LVNKY:1:1114:11296:15073;size=6	RH.0096A141894D447Z0Z_F	100.000	24	0	4.65e-09	48.1
M03520:605:000000000-LVNKY:1:1114:11296:15073;size=6	RH.0096A141894D447Z0Z_R	100.000	21	0	2.87e-07	42.1
M03520:605:000000000-LVNKY:1:1114:28436:12509;size=6	RH.27578A9A85FA4A3Z0Z_F	100.000	24	0	4.65e-09	48.1
M03520:605:000000000-LVNKY:1:1114:28436:12509;size=6	RH.27578A9A85FA4A3Z0Z_R	100.000	22	0	7.27e-08	44.1
M03520:605:000000000-LVNKY:1:2101:12327:21448;size=6	RH.2A85EAE5DEAD471Z0Z_R	100.000	25	0	1.18e-09	50.1
M03520:605:000000000-LVNKY:1:2101:12327:21448;size=6	RH.2A85EAE5DEAD471Z0Z_F	100.000	25	0	1.18e-09	50.1
M03520:605:000000000-LVNKY:1:2101:6373:25121;size=6	RH.72B9E3F522264B3Z0Z_F	100.000	22	0	7.27e-08	44.1
M03520:605:000000000-LVNKY:1:1101:10151:8655;size=5	RH.BE09C1F6EE4B426Z0Z_R	100.000	23	0	1.84e-08	46.1
M03520:605:000000000-LVNKY:1:1101:10151:8655;size=5	RH.BE09C1F6EE4B426Z0Z_F	100.000	22	0	7.27e-08	44.1
M03520:605:000000000-LVNKY:1:1101:10629:24891;size=5	RH.B9EF730EBE6C436Z0Z_R	100.000	25	0	1.18e-09	50.1
M03520:605:000000000-LVNKY:1:1101:11163:21097;size=5	RH.2A85EAE5DEAD471Z0Z_R	100.000	25	0	1.18e-09	50.1
M03520:605:000000000-LVNKY:1:1101:11163:21097;size=5	RH.2A85EAE5DEAD471Z0Z_F	100.000	25	0	1.18e-09	50.1
M03520:605:000000000-LVNKY:1:1101:11703:6283;size=5	RH.6408CE975B5340AZ0Z_R	100.000	26	0	2.98e-10	52.0
M03520:605:000000000-LVNKY:1:1101:11703:6283;size=5	RH.6408CE975B5340AZ0Z_F	100.000	26	0	2.98e-10	52.0
M03520:605:000000000-LVNKY:1:1101:11894:24983;size=5	RH.B9EF730EBE6C436Z0Z_R	100.000	25	0	1.18e-09	50.1
M03520:605:000000000-LVNKY:1:1101:11894:24983;size=5	RH.B9EF730EBE6C436Z0Z_F	100.000	25	0	1.18e-09	50.1
M03520:605:000000000-LVNKY:1:1101:12164:15199;size=5	RH.27578A9A85FA4A3Z0Z_R	100.000	22	0	7.27e-08	44.1
M03520:605:000000000-LVNKY:1:1101:12164:15199;size=5	RH.27578A9A85FA4A3Z0Z_F	95.833	24	1	1.13e-06	40.1
M03520:605:000000000-LVNKY:1:1101:12368:26558;size=5	RH.E253263309B742FZ0Z_R	100.000	26	0	2.98e-10	52.0
M03520:605:000000000-LVNKY:1:1101:12368:26558;size=5	RH.E253263309B742FZ0Z_F	100.000	26	0	2.98e-10	52.0
M03520:605:000000000-LVNKY:1:1101:12581:17378;size=5	RH.5F6424ABBC3C47BZ0Z_F	100.000	25	0	1.18e-09	50.1
M03520:605:000000000-LVNKY:1:1101:12729:11658;size=5	RH.DDB83AFF97C94C6Z0Z_F	100.000	24	0	4.65e-09	48.1
M03520:605:000000000-LVNKY:1:1101:12729:11658;size=5	RH.DDB83AFF97C94C6Z0Z_R	96.000	25	1	2.87e-07	42.1
M03520:605:000000000-LVNKY:1:1101:13018:25035;size=5	RH.72B9E3F522264B3Z0Z_F	100.000	22	0	7.27e-08	44.1
M03520:605:000000000-LVNKY:1:1101:13529:6836;size=5	RH.B9EF730EBE6C436Z0Z_F	100.000	25	0	1.18e-09	50.1
M03520:605:000000000-LVNKY:1:1101:13529:6836;size=5	RH.B9EF730EBE6C436Z0Z_R	96.000	25	1	2.87e-07	42.1
M03520:605:000000000-LVNKY:1:1101:14072:10084;size=5	RH.517A9FBA2B494D5Z0Z_F	100.000	25	0	1.18e-09	50.1
M03520:605:000000000-LVNKY:1:1101:14072:10084;size=5	RH.B16A6D0A95A24BEZ0Z_R	100.000	20	0	1.13e-06	40.1
M03520:605:000000000-LVNKY:1:1101:14079:7376;size=5	RH.51338FA06EDB4F0Z0Z_R	100.000	25	0	1.18e-09	50.1
M03520:605:000000000-LVNKY:1:1101:14079:7376;size=5	RH.51338FA06EDB4F0Z0Z_F	100.000	25	0	1.18e-09	50.1
M03520:605:000000000-LVNKY:1:1101:14283:18581;size=5	RH.6572108A164E48EZ0Z_R	100.000	25	0	1.18e-09	50.1
M03520:605:000000000-LVNKY:1:1101:14283:18581;size=5	RH.6572108A164E48EZ0Z_F	100.000	24	0	4.65e-09	48.1
M03520:605:000000000-LVNKY:1:1101:14379:7907;size=5	RH.2A85EAE5DEAD471Z0Z_R	100.000	25	0	1.18e-09	50.1
M03520:605:000000000-LVNKY:1:1101:14379:7907;size=5	RH.2A85EAE5DEAD471Z0Z_F	100.000	24	0	4.65e-09	48.1
M03520:605:000000000-LVNKY:1:1101:15837:18016;size=5	RH.6408CE975B5340AZ0Z_R	100.000	26	0	2.98e-10	52.0
M03520:605:000000000-LVNKY:1:1101:15837:18016;size=5	RH.6408CE975B5340AZ0Z_F	100.000	22	0	7.27e-08	44.1
M03520:605:000000000-LVNKY:1:1101:16149:10313;size=5	RH.517A9FBA2B494D5Z0Z_F	100.000	25	0	1.18e-09	50.1
M03520:605:000000000-LVNKY:1:1101:16149:10313;size=5	RH.517A9FBA2B494D5Z0Z_R	95.833	24	1	1.13e-06	40.1
M03520:605:000000000-LVNKY:1:1101:17060:21315;size=5	RH.B9EF730EBE6C436Z0Z_R	100.000	25	0	1.18e-09	50.1
M03520:605:000000000-LVNKY:1:1101:17060:21315;size=5	RH.3C4181E04665462Z0Z_F	100.000	22	0	7.27e-08	44.1
M03520:605:000000000-LVNKY:1:1101:17541:26528;size=5	RH.6408CE975B5340AZ0Z_R	100.000	26	0	2.98e-10	52.0
M03520:605:000000000-LVNKY:1:1101:17593:18841;size=5	RH.51338FA06EDB4F0Z0Z_F	100.000	25	0	1.18e-09	50.1
M03520:605:000000000-LVNKY:1:1101:17593:18841;size=5	RH.51338FA06EDB4F0Z0Z_R	96.000	25	1	2.87e-07	42.1
M03520:605:000000000-LVNKY:1:1101:17657:19959;size=5	RH.3B2B2BB86AB94D3Z0Z_F	100.000	21	0	2.87e-07	42.1
M03520:605:000000000-LVNKY:1:1101:17657:19959;size=5	RH.DDB83AFF97C94C6Z0Z_R	100.000	21	0	2.87e-07	42.1
M03520:605:000000000-LVNKY:1:1101:17657:19959;size=5	RH.64613722763148BZ0Z_R	100.000	19	0	4.48e-06	38.2
M03520:605:000000000-LVNKY:1:1101:17931:15236;size=5	RH.69CEA0AC39F4445Z0Z_R	100.000	23	0	1.84e-08	46.1
M03520:605:000000000-LVNKY:1:1101:18064:19564;size=5	RH.2AFFFBA0E81C482Z0Z_F	100.000	23	0	1.84e-08	46.1
M03520:605:000000000-LVNKY:1:1101:18064:19564;size=5	RH.2AFFFBA0E81C482Z0Z_R	100.000	23	0	1.84e-08	46.1
M03520:605:000000000-LVNKY:1:1101:18112:8582;size=5	RH.7CE39E25906745AZ0Z_R	100.000	26	0	2.98e-10	52.0
M03520:605:000000000-LVNKY:1:1101:18112:8582;size=5	RH.718B57159C244F7Z0Z_F	100.000	19	0	4.48e-06	38.2
M03520:605:000000000-LVNKY:1:1101:18245:22059;size=5	RH.DDB83AFF97C94C6Z0Z_R	100.000	22	0	7.27e-08	44.1
M03520:605:000000000-LVNKY:1:1101:18245:22059;size=5	RH.3B2B2BB86AB94D3Z0Z_F	100.000	21	0	2.87e-07	42.1
M03520:605:000000000-LVNKY:1:1101:18245:22059;size=5	RH.64613722763148BZ0Z_R	100.000	19	0	4.48e-06	38.2
M03520:605:000000000-LVNKY:1:1101:19761:22921;size=5	RH.B2A7FEFE5F5C48AZ0Z_F	100.000	24	0	4.65e-09	48.1
M03520:605:000000000-LVNKY:1:1101:19761:22921;size=5	RH.B2A7FEFE5F5C48AZ0Z_R	100.000	23	0	1.84e-08	46.1
M03520:605:000000000-LVNKY:1:1101:19810:26667;size=5	RH.2AFFFBA0E81C482Z0Z_R	100.000	23	0	1.84e-08	46.1
M03520:605:000000000-LVNKY:1:1101:19810:26667;size=5	RH.2AFFFBA0E81C482Z0Z_F	100.000	23	0	1.84e-08	46.1
M03520:605:000000000-LVNKY:1:1101:19818:15020;size=5	RH.25F43EF2A0F1421Z0Z_F	100.000	24	0	4.65e-09	48.1
M03520:605:000000000-LVNKY:1:1101:19818:15020;size=5	RH.25F43EF2A0F1421Z0Z_R	100.000	23	0	1.84e-08	46.1
M03520:605:000000000-LVNKY:1:1101:20365:24811;size=5	RH.2AFFFBA0E81C482Z0Z_F	100.000	23	0	1.84e-08	46.1
M03520:605:000000000-LVNKY:1:1101:20365:24811;size=5	RH.2AFFFBA0E81C482Z0Z_R	100.000	23	0	1.84e-08	46.1
M03520:605:000000000-LVNKY:1:1101:20693:8742;size=5	RH.27578A9A85FA4A3Z0Z_F	100.000	24	0	4.65e-09	48.1
M03520:605:000000000-LVNKY:1:1101:20693:8742;size=5	RH.27578A9A85FA4A3Z0Z_R	100.000	22	0	7.27e-08	44.1
M03520:605:000000000-LVNKY:1:1101:20727:15338;size=5	RH.7CE39E25906745AZ0Z_R	100.000	26	0	2.98e-10	52.0
M03520:605:000000000-LVNKY:1:1101:20727:15338;size=5	RH.7CE39E25906745AZ0Z_F	100.000	25	0	1.18e-09	50.1
M03520:605:000000000-LVNKY:1:1101:21309:21006;size=5	RH.E253263309B742FZ0Z_R	100.000	26	0	2.98e-10	52.0
M03520:605:000000000-LVNKY:1:1101:21309:21006;size=5	RH.3B2B2BB86AB94D3Z0Z_F	100.000	21	0	2.87e-07	42.1
M03520:605:000000000-LVNKY:1:1101:21309:21006;size=5	RH.64613722763148BZ0Z_R	100.000	19	0	4.48e-06	38.2
M03520:605:000000000-LVNKY:1:1101:21423:7851;size=5	RH.3B2B2BB86AB94D3Z0Z_F	100.000	20	0	1.13e-06	40.1
M03520:605:000000000-LVNKY:1:1101:21423:7851;size=5	RH.DDB83AFF97C94C6Z0Z_R	100.000	20	0	1.13e-06	40.1
M03520:605:000000000-LVNKY:1:1101:21423:7851;size=5	RH.64613722763148BZ0Z_R	100.000	19	0	4.48e-06	38.2
M03520:605:000000000-LVNKY:1:1101:21652:10153;size=5	RH.3C4181E04665462Z0Z_F	100.000	22	0	7.27e-08	44.1
M03520:605:000000000-LVNKY:1:1101:21743:27467;size=5	RH.C597F0BA65D4481Z0Z_R	100.000	24	0	4.65e-09	48.1
M03520:605:000000000-LVNKY:1:1101:21743:27467;size=5	RH.C597F0BA65D4481Z0Z_F	100.000	24	0	4.65e-09	48.1
M03520:605:000000000-LVNKY:1:1101:22947:14862;size=5	RH.B9EF730EBE6C436Z0Z_F	100.000	25	0	1.18e-09	50.1
M03520:605:000000000-LVNKY:1:1101:22947:14862;size=5	RH.B9EF730EBE6C436Z0Z_R	100.000	25	0	1.18e-09	50.1
M03520:605:000000000-LVNKY:1:1101:23100:18119;size=5	RH.B9EF730EBE6C436Z0Z_R	100.000	25	0	1.18e-09	50.1
M03520:605:000000000-LVNKY:1:1101:23100:18119;size=5	RH.B9EF730EBE6C436Z0Z_F	100.000	25	0	1.18e-09	50.1
M03520:605:000000000-LVNKY:1:1101:23271:24527;size=5	RH.0096A141894D447Z0Z_F	100.000	24	0	4.65e-09	48.1
M03520:605:000000000-LVNKY:1:1101:23894:19119;size=5	RH.6408CE975B5340AZ0Z_R	100.000	26	0	2.98e-10	52.0
M03520:605:000000000-LVNKY:1:1101:23894:19119;size=5	RH.6408CE975B5340AZ0Z_F	100.000	26	0	2.98e-10	52.0
M03520:605:000000000-LVNKY:1:1101:24909:10669;size=5	RH.27578A9A85FA4A3Z0Z_F	100.000	24	0	4.65e-09	48.1
M03520:605:000000000-LVNKY:1:1101:24909:10669;size=5	RH.27578A9A85FA4A3Z0Z_R	100.000	22	0	7.27e-08	44.1
M03520:605:000000000-LVNKY:1:1101:25123:6440;size=5	RH.27578A9A85FA4A3Z0Z_R	100.000	22	0	7.27e-08	44.1
M03520:605:000000000-LVNKY:1:1101:25123:6440;size=5	RH.E50C44E6F0174B8Z0Z_F	100.000	20	0	1.13e-06	40.1
M03520:605:000000000-LVNKY:1:1101:25230:19086;size=5	RH.25F43EF2A0F1421Z0Z_F	100.000	24	0	4.65e-09	48.1
M03520:605:000000000-LVNKY:1:1101:25230:19086;size=5	RH.25F43EF2A0F1421Z0Z_R	100.000	19	0	4.48e-06	38.2
M03520:605:000000000-LVNKY:1:1101:25950:24863;size=5	RH.E253263309B742FZ0Z_R	100.000	26	0	2.98e-10	52.0
M03520:605:000000000-LVNKY:1:1101:25950:24863;size=5	RH.E253263309B742FZ0Z_F	96.154	26	1	7.27e-08	44.1
M03520:605:000000000-LVNKY:1:1101:28638:13152;size=5	RH.25F43EF2A0F1421Z0Z_F	100.000	24	0	4.65e-09	48.1
M03520:605:000000000-LVNKY:1:1101:28638:13152;size=5	RH.25F43EF2A0F1421Z0Z_R	100.000	23	0	1.84e-08	46.1
M03520:605:000000000-LVNKY:1:1101:3252:13268;size=5	RH.DDB83AFF97C94C6Z0Z_R	100.000	25	0	1.18e-09	50.1
M03520:605:000000000-LVNKY:1:1101:3252:13268;size=5	RH.DDB83AFF97C94C6Z0Z_F	100.000	24	0	4.65e-09	48.1
M03520:605:000000000-LVNKY:1:1101:4394:7574;size=5	RH.B2A7FEFE5F5C48AZ0Z_F	100.000	24	0	4.65e-09	48.1
M03520:605:000000000-LVNKY:1:1101:4394:7574;size=5	RH.B2A7FEFE5F5C48AZ0Z_R	100.000	23	0	1.84e-08	46.1
M03520:605:000000000-LVNKY:1:1101:4773:14892;size=5	RH.E253263309B742FZ0Z_F	100.000	26	0	2.98e-10	52.0
M03520:605:000000000-LVNKY:1:1101:4773:14892;size=5	RH.E253263309B742FZ0Z_R	96.154	26	1	7.27e-08	44.1
M03520:605:000000000-LVNKY:1:1101:5329:17899;size=5	RH.2AFFFBA0E81C482Z0Z_R	100.000	23	0	1.84e-08	46.1
M03520:605:000000000-LVNKY:1:1101:5329:17899;size=5	RH.2AFFFBA0E81C482Z0Z_F	100.000	23	0	1.84e-08	46.1
M03520:605:000000000-LVNKY:1:1101:5430:10970;size=5	RH.6408CE975B5340AZ0Z_R	100.000	26	0	2.98e-10	52.0
M03520:605:000000000-LVNKY:1:1101:5430:10970;size=5	RH.6408CE975B5340AZ0Z_F	100.000	26	0	2.98e-10	52.0
M03520:605:000000000-LVNKY:1:1101:5459:18853;size=5	RH.B9EF730EBE6C436Z0Z_R	100.000	25	0	1.18e-09	50.1
M03520:605:000000000-LVNKY:1:1101:5459:18853;size=5	RH.E4A8B94D0D174D9Z0Z_F	100.000	19	0	4.48e-06	38.2
M03520:605:000000000-LVNKY:1:1101:5587:18765;size=5	RH.B9EF730EBE6C436Z0Z_R	100.000	25	0	1.18e-09	50.1
M03520:605:000000000-LVNKY:1:1101:5587:18765;size=5	RH.B9EF730EBE6C436Z0Z_F	100.000	25	0	1.18e-09	50.1
M03520:605:000000000-LVNKY:1:1101:6024:13280;size=5	RH.B2A7FEFE5F5C48AZ0Z_F	100.000	24	0	4.65e-09	48.1
M03520:605:000000000-LVNKY:1:1101:6024:13280;size=5	RH.B2A7FEFE5F5C48AZ0Z_R	100.000	21	0	2.87e-07	42.1
M03520:605:000000000-LVNKY:1:1101:6139:16629;size=5	RH.2AFFFBA0E81C482Z0Z_F	100.000	23	0	1.84e-08	46.1
M03520:605:000000000-LVNKY:1:1101:6139:16629;size=5	RH.2AFFFBA0E81C482Z0Z_R	100.000	23	0	1.84e-08	46.1
M03520:605:000000000-LVNKY:1:1101:6208:5360;size=5	RH.25F43EF2A0F1421Z0Z_R	100.000	23	0	1.84e-08	46.1
M03520:605:000000000-LVNKY:1:1101:6208:5360;size=5	RH.25F43EF2A0F1421Z0Z_F	95.833	24	1	1.13e-06	40.1
M03520:605:000000000-LVNKY:1:1101:6690:18120;size=5	RH.72B9E3F522264B3Z0Z_F	100.000	22	0	7.27e-08	44.1
M03520:605:000000000-LVNKY:1:1101:6690:18120;size=5	RH.72B9E3F522264B3Z0Z_R	100.000	20	0	1.13e-06	40.1
M03520:605:000000000-LVNKY:1:1101:7070:13219;size=5	RH.2B5DDF63455445EZ0Z_F	100.000	21	0	2.87e-07	42.1
M03520:605:000000000-LVNKY:1:1101:7339:17847;size=5	RH.B9EF730EBE6C436Z0Z_F	100.000	25	0	1.18e-09	50.1
M03520:605:000000000-LVNKY:1:1101:7339:17847;size=5	RH.B9EF730EBE6C436Z0Z_R	100.000	21	0	2.87e-07	42.1
M03520:605:000000000-LVNKY:1:1101:7891:22581;size=5	RH.B9EF730EBE6C436Z0Z_R	100.000	24	0	4.65e-09	48.1
M03520:605:000000000-LVNKY:1:1101:7891:22581;size=5	RH.3B2B2BB86AB94D3Z0Z_F	100.000	21	0	2.87e-07	42.1
M03520:605:000000000-LVNKY:1:1101:7891:22581;size=5	RH.64613722763148BZ0Z_R	100.000	19	0	4.48e-06	38.2
M03520:605:000000000-LVNKY:1:1101:8351:19001;size=5	RH.B2A7FEFE5F5C48AZ0Z_F	100.000	24	0	4.65e-09	48.1
M03520:605:000000000-LVNKY:1:1101:8351:19001;size=5	RH.B2A7FEFE5F5C48AZ0Z_R	100.000	23	0	1.84e-08	46.1
M03520:605:000000000-LVNKY:1:1101:8463:18944;size=5	RH.65A22C27EE034ECZ0Z_R	100.000	25	0	1.18e-09	50.1
M03520:605:000000000-LVNKY:1:1101:8463:18944;size=5	RH.65A22C27EE034ECZ0Z_F	100.000	25	0	1.18e-09	50.1
M03520:605:000000000-LVNKY:1:1101:8485:22060;size=5	RH.51338FA06EDB4F0Z0Z_R	100.000	25	0	1.18e-09	50.1
M03520:605:000000000-LVNKY:1:1101:8485:22060;size=5	RH.51338FA06EDB4F0Z0Z_F	100.000	25	0	1.18e-09	50.1
M03520:605:000000000-LVNKY:1:1101:9545:22826;size=5	RH.6408CE975B5340AZ0Z_R	100.000	26	0	2.98e-10	52.0
M03520:605:000000000-LVNKY:1:1101:9545:22826;size=5	RH.2B5DDF63455445EZ0Z_F	100.000	21	0	2.87e-07	42.1
M03520:605:000000000-LVNKY:1:1101:9710:9496;size=5	RH.72B9E3F522264B3Z0Z_F	100.000	22	0	7.27e-08	44.1
M03520:605:000000000-LVNKY:1:1102:10098:5445;size=5	RH.7CE39E25906745AZ0Z_F	100.000	25	0	1.18e-09	50.1
M03520:605:000000000-LVNKY:1:1102:10098:5445;size=5	RH.7CE39E25906745AZ0Z_R	100.000	23	0	1.84e-08	46.1
M03520:605:000000000-LVNKY:1:1102:10501:24031;size=5	RH.BE09C1F6EE4B426Z0Z_R	100.000	23	0	1.84e-08	46.1
M03520:605:000000000-LVNKY:1:1102:10793:15453;size=5	RH.7CE39E25906745AZ0Z_R	100.000	26	0	2.98e-10	52.0
M03520:605:000000000-LVNKY:1:1102:10793:15453;size=5	RH.7CE39E25906745AZ0Z_F	100.000	25	0	1.18e-09	50.1
M03520:605:000000000-LVNKY:1:1102:11252:10111;size=5	RH.E253263309B742FZ0Z_R	100.000	26	0	2.98e-10	52.0
M03520:605:000000000-LVNKY:1:1102:11252:10111;size=5	RH.E253263309B742FZ0Z_F	100.000	26	0	2.98e-10	52.0
M03520:605:000000000-LVNKY:1:1102:11460:8852;size=5	RH.2AFFFBA0E81C482Z0Z_R	100.000	23	0	1.84e-08	46.1
M03520:605:000000000-LVNKY:1:1102:11460:8852;size=5	RH.2AFFFBA0E81C482Z0Z_F	100.000	23	0	1.84e-08	46.1
M03520:605:000000000-LVNKY:1:1102:11932:17216;size=5	RH.B9EF730EBE6C436Z0Z_F	100.000	25	0	1.18e-09	50.1
M03520:605:000000000-LVNKY:1:1102:11932:17216;size=5	RH.B9EF730EBE6C436Z0Z_R	100.000	25	0	1.18e-09	50.1
M03520:605:000000000-LVNKY:1:1102:12882:6390;size=5	RH.B2A7FEFE5F5C48AZ0Z_F	100.000	24	0	4.65e-09	48.1
M03520:605:000000000-LVNKY:1:1102:12882:6390;size=5	RH.B2A7FEFE5F5C48AZ0Z_R	100.000	23	0	1.84e-08	46.1
M03520:605:000000000-LVNKY:1:1102:13120:17320;size=5	RH.DDB83AFF97C94C6Z0Z_F	100.000	24	0	4.65e-09	48.1
M03520:605:000000000-LVNKY:1:1102:13120:17320;size=5	RH.DDB83AFF97C94C6Z0Z_R	100.000	23	0	1.84e-08	46.1
M03520:605:000000000-LVNKY:1:1102:15165:7274;size=5	RH.B2A7FEFE5F5C48AZ0Z_F	100.000	24	0	4.65e-09	48.1
M03520:605:000000000-LVNKY:1:1102:15165:7274;size=5	RH.B2A7FEFE5F5C48AZ0Z_R	100.000	23	0	1.84e-08	46.1
M03520:605:000000000-LVNKY:1:1102:15197:12602;size=5	RH.7CE39E25906745AZ0Z_F	100.000	25	0	1.18e-09	50.1
M03520:605:000000000-LVNKY:1:1102:15197:12602;size=5	RH.7CE39E25906745AZ0Z_R	96.154	26	1	7.27e-08	44.1
M03520:605:000000000-LVNKY:1:1102:16395:10465;size=5	RH.BE09C1F6EE4B426Z0Z_R	100.000	23	0	1.84e-08	46.1
M03520:605:000000000-LVNKY:1:1102:16395:10465;size=5	RH.BE09C1F6EE4B426Z0Z_F	100.000	22	0	7.27e-08	44.1
M03520:605:000000000-LVNKY:1:1102:16769:15621;size=5	RH.2AFFFBA0E81C482Z0Z_F	100.000	23	0	1.84e-08	46.1
M03520:605:000000000-LVNKY:1:1102:16769:15621;size=5	RH.2AFFFBA0E81C482Z0Z_R	100.000	23	0	1.84e-08	46.1
M03520:605:000000000-LVNKY:1:1102:17306:13943;size=5	RH.C597F0BA65D4481Z0Z_R	100.000	23	0	1.84e-08	46.1
M03520:605:000000000-LVNKY:1:1102:17306:13943;size=5	RH.44333617E8F04C0Z0Z_F	100.000	23	0	1.84e-08	46.1
M03520:605:000000000-LVNKY:1:1102:18545:8337;size=5	RH.B9EF730EBE6C436Z0Z_R	100.000	25	0	1.18e-09	50.1
M03520:605:000000000-LVNKY:1:1102:18545:8337;size=5	RH.5DA12402580148DZ0Z_F	95.833	24	1	1.13e-06	40.1
M03520:605:000000000-LVNKY:1:1102:19331:5623;size=5	RH.DDB83AFF97C94C6Z0Z_R	100.000	22	0	7.27e-08	44.1
M03520:605:000000000-LVNKY:1:1102:19331:5623;size=5	RH.3B2B2BB86AB94D3Z0Z_F	100.000	21	0	2.87e-07	42.1
M03520:605:000000000-LVNKY:1:1102:19331:5623;size=5	RH.64613722763148BZ0Z_R	100.000	19	0	4.48e-06	38.2
M03520:605:000000000-LVNKY:1:1102:20041:4734;size=5	RH.B9EF730EBE6C436Z0Z_R	100.000	25	0	1.18e-09	50.1
M03520:605:000000000-LVNKY:1:1102:20041:4734;size=5	RH.B9EF730EBE6C436Z0Z_F	96.000	25	1	2.87e-07	42.1
M03520:605:000000000-LVNKY:1:1102:20297:18572;size=5	RH.69CEA0AC39F4445Z0Z_R	100.000	23	0	1.84e-08	46.1
M03520:605:000000000-LVNKY:1:1102:20297:18572;size=5	RH.609947B6947F457Z0Z_F	100.000	21	0	2.87e-07	42.1
M03520:605:000000000-LVNKY:1:1102:20297:18572;size=5	RH.A12CDF2B5C80436Z0Z_R	100.000	20	0	1.13e-06	40.1
M03520:605:000000000-LVNKY:1:1102:20458:25008;size=5	RH.DDB83AFF97C94C6Z0Z_F	100.000	24	0	4.65e-09	48.1
M03520:605:000000000-LVNKY:1:1102:20458:25008;size=5	RH.DDB83AFF97C94C6Z0Z_R	96.000	25	1	2.87e-07	42.1
M03520:605:000000000-LVNKY:1:1102:20825:24275;size=5	RH.B9EF730EBE6C436Z0Z_R	100.000	25	0	1.18e-09	50.1
M03520:605:000000000-LVNKY:1:1102:20825:24275;size=5	RH.B9EF730EBE6C436Z0Z_F	100.000	25	0	1.18e-09	50.1
M03520:605:000000000-LVNKY:1:1102:21864:4801;size=5	RH.2A8AD21024974C0Z0Z_R	100.000	25	0	1.18e-09	50.1
M03520:605:000000000-LVNKY:1:1102:21864:4801;size=5	RH.3B2B2BB86AB94D3Z0Z_F	100.000	21	0	2.87e-07	42.1
M03520:605:000000000-LVNKY:1:1102:21864:4801;size=5	RH.64613722763148BZ0Z_R	100.000	19	0	4.48e-06	38.2
M03520:605:000000000-LVNKY:1:1102:21870:9601;size=5	RH.25F43EF2A0F1421Z0Z_F	100.000	24	0	4.65e-09	48.1
M03520:605:000000000-LVNKY:1:1102:21870:9601;size=5	RH.25F43EF2A0F1421Z0Z_R	100.000	23	0	1.84e-08	46.1
M03520:605:000000000-LVNKY:1:1102:21874:25366;size=5	RH.25F43EF2A0F1421Z0Z_F	100.000	24	0	4.65e-09	48.1
M03520:605:000000000-LVNKY:1:1102:21874:25366;size=5	RH.25F43EF2A0F1421Z0Z_R	95.652	23	1	4.48e-06	38.2
M03520:605:000000000-LVNKY:1:1102:23658:22719;size=5	RH.6408CE975B5340AZ0Z_R	100.000	26	0	2.98e-10	52.0
M03520:605:000000000-LVNKY:1:1102:23658:22719;size=5	RH.6408CE975B5340AZ0Z_F	100.000	26	0	2.98e-10	52.0
M03520:605:000000000-LVNKY:1:1102:24369:12694;size=5	RH.2AFFFBA0E81C482Z0Z_R	100.000	23	0	1.84e-08	46.1
M03520:605:000000000-LVNKY:1:1102:24369:12694;size=5	RH.2AFFFBA0E81C482Z0Z_F	100.000	23	0	1.84e-08	46.1
M03520:605:000000000-LVNKY:1:1102:24890:15005;size=5	RH.517A9FBA2B494D5Z0Z_F	100.000	25	0	1.18e-09	50.1
M03520:605:000000000-LVNKY:1:1102:24890:15005;size=5	RH.517A9FBA2B494D5Z0Z_R	100.000	24	0	4.65e-09	48.1
M03520:605:000000000-LVNKY:1:1102:25064:17116;size=5	RH.B9EF730EBE6C436Z0Z_R	100.000	25	0	1.18e-09	50.1
M03520:605:000000000-LVNKY:1:1102:25064:17116;size=5	RH.B9EF730EBE6C436Z0Z_F	100.000	25	0	1.18e-09	50.1
M03520:605:000000000-LVNKY:1:1102:26298:19376;size=5	RH.72B9E3F522264B3Z0Z_F	100.000	22	0	7.27e-08	44.1
M03520:605:000000000-LVNKY:1:1102:27502:20181;size=5	RH.DDB83AFF97C94C6Z0Z_R	100.000	25	0	1.18e-09	50.1
M03520:605:000000000-LVNKY:1:1102:27502:20181;size=5	RH.DDB83AFF97C94C6Z0Z_F	100.000	24	0	4.65e-09	48.1
M03520:605:000000000-LVNKY:1:1102:27632:15413;size=5	RH.E253263309B742FZ0Z_F	100.000	26	0	2.98e-10	52.0
M03520:605:000000000-LVNKY:1:1102:27632:15413;size=5	RH.E253263309B742FZ0Z_R	100.000	25	0	1.18e-09	50.1
M03520:605:000000000-LVNKY:1:1102:27714:13091;size=5	RH.2AFFFBA0E81C482Z0Z_F	100.000	23	0	1.84e-08	46.1
M03520:605:000000000-LVNKY:1:1102:27714:13091;size=5	RH.2AFFFBA0E81C482Z0Z_R	95.652	23	1	4.48e-06	38.2
M03520:605:000000000-LVNKY:1:1102:28369:16614;size=5	RH.85A5303CAAF54ADZ0Z_R	100.000	22	0	7.27e-08	44.1
M03520:605:000000000-LVNKY:1:1102:4335:10152;size=5	RH.B9EF730EBE6C436Z0Z_R	100.000	25	0	1.18e-09	50.1
M03520:605:000000000-LVNKY:1:1102:4335:10152;size=5	RH.B9EF730EBE6C436Z0Z_F	100.000	25	0	1.18e-09	50.1
M03520:605:000000000-LVNKY:1:1102:4831:9827;size=5	RH.2AFFFBA0E81C482Z0Z_R	100.000	23	0	1.84e-08	46.1
M03520:605:000000000-LVNKY:1:1102:4831:9827;size=5	RH.2AFFFBA0E81C482Z0Z_F	100.000	23	0	1.84e-08	46.1
M03520:605:000000000-LVNKY:1:1102:4988:9743;size=5	RH.0096A141894D447Z0Z_F	100.000	24	0	4.65e-09	48.1
M03520:605:000000000-LVNKY:1:1102:4988:9743;size=5	RH.0096A141894D447Z0Z_R	100.000	19	0	4.48e-06	38.2
M03520:605:000000000-LVNKY:1:1102:5011:20941;size=5	RH.B9EF730EBE6C436Z0Z_F	100.000	25	0	1.18e-09	50.1
M03520:605:000000000-LVNKY:1:1102:5011:20941;size=5	RH.B9EF730EBE6C436Z0Z_R	96.000	25	1	2.87e-07	42.1
M03520:605:000000000-LVNKY:1:1102:7843:9970;size=5	RH.F7E3D42951B44CCZ0Z_F	100.000	21	0	2.87e-07	42.1
M03520:605:000000000-LVNKY:1:1102:8272:8626;size=5	RH.E253263309B742FZ0Z_R	100.000	26	0	2.98e-10	52.0
M03520:605:000000000-LVNKY:1:1102:8272:8626;size=5	RH.E253263309B742FZ0Z_F	96.154	26	1	7.27e-08	44.1
M03520:605:000000000-LVNKY:1:1102:8459:20519;size=5	RH.517A9FBA2B494D5Z0Z_R	100.000	24	0	4.65e-09	48.1
M03520:605:000000000-LVNKY:1:1102:8459:20519;size=5	RH.517A9FBA2B494D5Z0Z_F	96.000	25	1	2.87e-07	42.1
M03520:605:000000000-LVNKY:1:1103:10364:24067;size=5	RH.A2C9012430E34ADZ0Z_R	100.000	24	0	4.65e-09	48.1
M03520:605:000000000-LVNKY:1:1103:10364:24067;size=5	RH.A2C9012430E34ADZ0Z_F	100.000	24	0	4.65e-09	48.1
M03520:605:000000000-LVNKY:1:1103:10884:19030;size=5	RH.B9EF730EBE6C436Z0Z_R	100.000	25	0	1.18e-09	50.1
M03520:605:000000000-LVNKY:1:1103:10884:19030;size=5	RH.B9EF730EBE6C436Z0Z_F	100.000	25	0	1.18e-09	50.1
M03520:605:000000000-LVNKY:1:1103:11358:19739;size=5	RH.72B9E3F522264B3Z0Z_F	100.000	22	0	7.27e-08	44.1
M03520:605:000000000-LVNKY:1:1103:11930:11854;size=5	RH.2A8AD21024974C0Z0Z_F	100.000	26	0	2.98e-10	52.0
M03520:605:000000000-LVNKY:1:1103:11930:11854;size=5	RH.2A8AD21024974C0Z0Z_R	96.000	25	1	2.87e-07	42.1
M03520:605:000000000-LVNKY:1:1103:13057:24234;size=5	RH.CA1E204B0C0842DZ0Z_R	100.000	24	0	4.65e-09	48.1
M03520:605:000000000-LVNKY:1:1103:13057:24234;size=5	RH.3B2B2BB86AB94D3Z0Z_F	100.000	21	0	2.87e-07	42.1
M03520:605:000000000-LVNKY:1:1103:13057:24234;size=5	RH.64613722763148BZ0Z_R	100.000	19	0	4.48e-06	38.2
M03520:605:000000000-LVNKY:1:1103:13070:19852;size=5	RH.3B2B2BB86AB94D3Z0Z_F	100.000	21	0	2.87e-07	42.1
M03520:605:000000000-LVNKY:1:1103:13070:19852;size=5	RH.DDB83AFF97C94C6Z0Z_R	100.000	20	0	1.13e-06	40.1
M03520:605:000000000-LVNKY:1:1103:13070:19852;size=5	RH.64613722763148BZ0Z_R	100.000	19	0	4.48e-06	38.2
M03520:605:000000000-LVNKY:1:1103:13073:15293;size=5	RH.25F43EF2A0F1421Z0Z_R	100.000	23	0	1.84e-08	46.1
M03520:605:000000000-LVNKY:1:1103:13073:15293;size=5	RH.25F43EF2A0F1421Z0Z_F	95.833	24	1	1.13e-06	40.1
M03520:605:000000000-LVNKY:1:1103:13649:18125;size=5	RH.E253263309B742FZ0Z_R	100.000	26	0	2.98e-10	52.0
M03520:605:000000000-LVNKY:1:1103:13649:18125;size=5	RH.E253263309B742FZ0Z_F	100.000	26	0	2.98e-10	52.0
M03520:605:000000000-LVNKY:1:1103:13851:10999;size=5	RH.25F43EF2A0F1421Z0Z_R	100.000	23	0	1.84e-08	46.1
M03520:605:000000000-LVNKY:1:1103:13851:10999;size=5	RH.25F43EF2A0F1421Z0Z_F	100.000	21	0	2.87e-07	42.1
M03520:605:000000000-LVNKY:1:1103:13883:2483;size=5	RH.6408CE975B5340AZ0Z_F	100.000	26	0	2.98e-10	52.0
M03520:605:000000000-LVNKY:1:1103:13883:2483;size=5	RH.6408CE975B5340AZ0Z_R	100.000	23	0	1.84e-08	46.1
M03520:605:000000000-LVNKY:1:1103:14390:10304;size=5	RH.25F43EF2A0F1421Z0Z_R	100.000	23	0	1.84e-08	46.1
M03520:605:000000000-LVNKY:1:1103:14390:10304;size=5	RH.25F43EF2A0F1421Z0Z_F	95.833	24	1	1.13e-06	40.1
M03520:605:000000000-LVNKY:1:1103:14495:23821;size=5	RH.E253263309B742FZ0Z_R	100.000	26	0	2.98e-10	52.0
M03520:605:000000000-LVNKY:1:1103:14495:23821;size=5	RH.E253263309B742FZ0Z_F	96.154	26	1	7.27e-08	44.1
M03520:605:000000000-LVNKY:1:1103:14502:1756;size=5	RH.27578A9A85FA4A3Z0Z_F	100.000	24	0	4.65e-09	48.1
M03520:605:000000000-LVNKY:1:1103:15060:23729;size=5	RH.51338FA06EDB4F0Z0Z_F	100.000	25	0	1.18e-09	50.1
M03520:605:000000000-LVNKY:1:1103:15060:23729;size=5	RH.51338FA06EDB4F0Z0Z_R	100.000	19	0	4.48e-06	38.2
M03520:605:000000000-LVNKY:1:1103:16395:1551;size=5	RH.B9EF730EBE6C436Z0Z_F	100.000	25	0	1.18e-09	50.1
M03520:605:000000000-LVNKY:1:1103:16395:1551;size=5	RH.B9EF730EBE6C436Z0Z_R	96.000	25	1	2.87e-07	42.1
M03520:605:000000000-LVNKY:1:1103:17677:3599;size=5	RH.0096A141894D447Z0Z_R	100.000	21	0	2.87e-07	42.1
M03520:605:000000000-LVNKY:1:1103:17677:3599;size=5	RH.0096A141894D447Z0Z_F	95.833	24	1	1.13e-06	40.1
M03520:605:000000000-LVNKY:1:1103:1836:14924;size=5	RH.9726AFF14C0D4B3Z0Z_R	100.000	25	0	1.18e-09	50.1
M03520:605:000000000-LVNKY:1:1103:1836:14924;size=5	RH.9726AFF14C0D4B3Z0Z_F	100.000	24	0	4.65e-09	48.1
M03520:605:000000000-LVNKY:1:1103:18583:9449;size=5	RH.B9EF730EBE6C436Z0Z_R	100.000	25	0	1.18e-09	50.1
M03520:605:000000000-LVNKY:1:1103:18583:9449;size=5	RH.B9EF730EBE6C436Z0Z_F	100.000	25	0	1.18e-09	50.1
M03520:605:000000000-LVNKY:1:1103:18781:24495;size=5	RH.25F43EF2A0F1421Z0Z_F	100.000	24	0	4.65e-09	48.1
M03520:605:000000000-LVNKY:1:1103:18781:24495;size=5	RH.25F43EF2A0F1421Z0Z_R	100.000	20	0	1.13e-06	40.1
M03520:605:000000000-LVNKY:1:1103:18978:18734;size=5	RH.72B9E3F522264B3Z0Z_F	100.000	22	0	7.27e-08	44.1
M03520:605:000000000-LVNKY:1:1103:18978:18734;size=5	RH.72B9E3F522264B3Z0Z_R	100.000	20	0	1.13e-06	40.1
M03520:605:000000000-LVNKY:1:1103:18994:19168;size=5	RH.0096A141894D447Z0Z_F	100.000	24	0	4.65e-09	48.1
M03520:605:000000000-LVNKY:1:1103:18994:19168;size=5	RH.0096A141894D447Z0Z_R	100.000	21	0	2.87e-07	42.1
M03520:605:000000000-LVNKY:1:1103:20898:19509;size=5	RH.B9EF730EBE6C436Z0Z_F	100.000	25	0	1.18e-09	50.1
M03520:605:000000000-LVNKY:1:1103:20898:19509;size=5	RH.B9EF730EBE6C436Z0Z_R	100.000	23	0	1.84e-08	46.1
M03520:605:000000000-LVNKY:1:1103:21915:17159;size=5	RH.B9EF730EBE6C436Z0Z_R	100.000	25	0	1.18e-09	50.1
M03520:605:000000000-LVNKY:1:1103:21915:17159;size=5	RH.B9EF730EBE6C436Z0Z_F	100.000	25	0	1.18e-09	50.1
M03520:605:000000000-LVNKY:1:1103:22326:10567;size=5	RH.25F43EF2A0F1421Z0Z_F	100.000	24	0	4.65e-09	48.1
M03520:605:000000000-LVNKY:1:1103:22326:10567;size=5	RH.25F43EF2A0F1421Z0Z_R	100.000	23	0	1.84e-08	46.1
M03520:605:000000000-LVNKY:1:1103:22935:18892;size=5	RH.2A85EAE5DEAD471Z0Z_R	100.000	25	0	1.18e-09	50.1
M03520:605:000000000-LVNKY:1:1103:22935:18892;size=5	RH.3B2B2BB86AB94D3Z0Z_F	100.000	21	0	2.87e-07	42.1
M03520:605:000000000-LVNKY:1:1103:22935:18892;size=5	RH.64613722763148BZ0Z_R	100.000	19	0	4.48e-06	38.2
M03520:605:000000000-LVNKY:1:1103:23585:23264;size=5	RH.DDB83AFF97C94C6Z0Z_R	100.000	20	0	1.13e-06	40.1
M03520:605:000000000-LVNKY:1:1103:24823:14319;size=5	RH.B9EF730EBE6C436Z0Z_R	100.000	25	0	1.18e-09	50.1
M03520:605:000000000-LVNKY:1:1103:24823:14319;size=5	RH.B9EF730EBE6C436Z0Z_F	100.000	25	0	1.18e-09	50.1
M03520:605:000000000-LVNKY:1:1103:25994:8960;size=5	RH.B9EF730EBE6C436Z0Z_R	100.000	25	0	1.18e-09	50.1
M03520:605:000000000-LVNKY:1:1103:25994:8960;size=5	RH.609947B6947F457Z0Z_F	100.000	21	0	2.87e-07	42.1
M03520:605:000000000-LVNKY:1:1103:25994:8960;size=5	RH.A12CDF2B5C80436Z0Z_R	100.000	20	0	1.13e-06	40.1
M03520:605:000000000-LVNKY:1:1103:28186:15028;size=5	RH.B9EF730EBE6C436Z0Z_R	100.000	25	0	1.18e-09	50.1
M03520:605:000000000-LVNKY:1:1103:28186:15028;size=5	RH.609947B6947F457Z0Z_F	100.000	21	0	2.87e-07	42.1
M03520:605:000000000-LVNKY:1:1103:28186:15028;size=5	RH.A12CDF2B5C80436Z0Z_R	100.000	20	0	1.13e-06	40.1
M03520:605:000000000-LVNKY:1:1103:29178:14939;size=5	RH.517A9FBA2B494D5Z0Z_F	100.000	25	0	1.18e-09	50.1
M03520:605:000000000-LVNKY:1:1103:29178:14939;size=5	RH.517A9FBA2B494D5Z0Z_R	100.000	24	0	4.65e-09	48.1
M03520:605:000000000-LVNKY:1:1103:3552:13257;size=5	RH.DDB83AFF97C94C6Z0Z_R	100.000	25	0	1.18e-09	50.1
M03520:605:000000000-LVNKY:1:1103:3552:13257;size=5	RH.DDB83AFF97C94C6Z0Z_F	100.000	22	0	7.27e-08	44.1
M03520:605:000000000-LVNKY:1:1103:5609:7530;size=5	RH.25F43EF2A0F1421Z0Z_F	100.000	24	0	4.65e-09	48.1
M03520:605:000000000-LVNKY:1:1103:5609:7530;size=5	RH.25F43EF2A0F1421Z0Z_R	100.000	23	0	1.84e-08	46.1
M03520:605:000000000-LVNKY:1:1103:7078:15280;size=5	RH.27578A9A85FA4A3Z0Z_F	100.000	22	0	7.27e-08	44.1
M03520:605:000000000-LVNKY:1:1103:7078:15280;size=5	RH.27578A9A85FA4A3Z0Z_R	100.000	22	0	7.27e-08	44.1
M03520:605:000000000-LVNKY:1:1103:7190:4336;size=5	RH.2AFFFBA0E81C482Z0Z_R	100.000	23	0	1.84e-08	46.1
M03520:605:000000000-LVNKY:1:1103:7190:4336;size=5	RH.2AFFFBA0E81C482Z0Z_F	100.000	22	0	7.27e-08	44.1
M03520:605:000000000-LVNKY:1:1104:10244:25763;size=5	RH.5F6424ABBC3C47BZ0Z_F	100.000	25	0	1.18e-09	50.1
M03520:605:000000000-LVNKY:1:1104:10581:15430;size=5	RH.6408CE975B5340AZ0Z_R	100.000	26	0	2.98e-10	52.0
M03520:605:000000000-LVNKY:1:1104:10581:15430;size=5	RH.E50C44E6F0174B8Z0Z_F	100.000	20	0	1.13e-06	40.1
M03520:605:000000000-LVNKY:1:1104:10830:10489;size=5	RH.9726AFF14C0D4B3Z0Z_R	100.000	25	0	1.18e-09	50.1
M03520:605:000000000-LVNKY:1:1104:12241:6041;size=5	RH.3B2B2BB86AB94D3Z0Z_F	100.000	21	0	2.87e-07	42.1
M03520:605:000000000-LVNKY:1:1104:12241:6041;size=5	RH.DDB83AFF97C94C6Z0Z_R	100.000	20	0	1.13e-06	40.1
M03520:605:000000000-LVNKY:1:1104:12241:6041;size=5	RH.64613722763148BZ0Z_R	100.000	19	0	4.48e-06	38.2
M03520:605:000000000-LVNKY:1:1104:13062:5787;size=5	RH.B2A7FEFE5F5C48AZ0Z_F	100.000	24	0	4.65e-09	48.1
M03520:605:000000000-LVNKY:1:1104:13062:5787;size=5	RH.B2A7FEFE5F5C48AZ0Z_R	100.000	23	0	1.84e-08	46.1
M03520:605:000000000-LVNKY:1:1104:14309:2693;size=5	RH.2AFFFBA0E81C482Z0Z_R	100.000	23	0	1.84e-08	46.1
M03520:605:000000000-LVNKY:1:1104:14309:2693;size=5	RH.2AFFFBA0E81C482Z0Z_F	95.652	23	1	4.48e-06	38.2
M03520:605:000000000-LVNKY:1:1104:15093:15561;size=5	RH.27578A9A85FA4A3Z0Z_F	100.000	24	0	4.65e-09	48.1
M03520:605:000000000-LVNKY:1:1104:15093:15561;size=5	RH.27578A9A85FA4A3Z0Z_R	100.000	22	0	7.27e-08	44.1
M03520:605:000000000-LVNKY:1:1104:15693:3691;size=5	RH.6408CE975B5340AZ0Z_R	100.000	26	0	2.98e-10	52.0
M03520:605:000000000-LVNKY:1:1104:15693:3691;size=5	RH.6408CE975B5340AZ0Z_F	100.000	26	0	2.98e-10	52.0
M03520:605:000000000-LVNKY:1:1104:15713:14754;size=5	RH.0550AF0F57084ADZ0Z_R	100.000	22	0	7.27e-08	44.1
M03520:605:000000000-LVNKY:1:1104:15713:14754;size=5	RH.E50C44E6F0174B8Z0Z_F	100.000	20	0	1.13e-06	40.1
M03520:605:000000000-LVNKY:1:1104:16785:28198;size=5	RH.2A85EAE5DEAD471Z0Z_R	100.000	25	0	1.18e-09	50.1
M03520:605:000000000-LVNKY:1:1104:16785:28198;size=5	RH.2A85EAE5DEAD471Z0Z_F	100.000	25	0	1.18e-09	50.1
M03520:605:000000000-LVNKY:1:1104:18263:22365;size=5	RH.B9EF730EBE6C436Z0Z_R	100.000	25	0	1.18e-09	50.1
M03520:605:000000000-LVNKY:1:1104:18263:22365;size=5	RH.B9EF730EBE6C436Z0Z_F	100.000	25	0	1.18e-09	50.1
M03520:605:000000000-LVNKY:1:1104:19415:18819;size=5	RH.DDB83AFF97C94C6Z0Z_R	100.000	25	0	1.18e-09	50.1
M03520:605:000000000-LVNKY:1:1104:19415:18819;size=5	RH.DDB83AFF97C94C6Z0Z_F	100.000	24	0	4.65e-09	48.1
M03520:605:000000000-LVNKY:1:1104:19619:2570;size=5	RH.2A85EAE5DEAD471Z0Z_R	100.000	25	0	1.18e-09	50.1
M03520:605:000000000-LVNKY:1:1104:19619:2570;size=5	RH.2A85EAE5DEAD471Z0Z_F	96.000	25	1	2.87e-07	42.1
M03520:605:000000000-LVNKY:1:1104:20698:13535;size=5	RH.2A8AD21024974C0Z0Z_F	100.000	26	0	2.98e-10	52.0
M03520:605:000000000-LVNKY:1:1104:20698:13535;size=5	RH.2A8AD21024974C0Z0Z_R	100.000	25	0	1.18e-09	50.1
M03520:605:000000000-LVNKY:1:1104:20865:20882;size=5	RH.7CE39E25906745AZ0Z_R	100.000	26	0	2.98e-10	52.0
M03520:605:000000000-LVNKY:1:1104:20865:20882;size=5	RH.3B2B2BB86AB94D3Z0Z_F	100.000	21	0	2.87e-07	42.1
M03520:605:000000000-LVNKY:1:1104:20865:20882;size=5	RH.64613722763148BZ0Z_R	100.000	19	0	4.48e-06	38.2
M03520:605:000000000-LVNKY:1:1104:21061:5103;size=5	RH.2A85EAE5DEAD471Z0Z_R	100.000	25	0	1.18e-09	50.1
M03520:605:000000000-LVNKY:1:1104:21061:5103;size=5	RH.2A85EAE5DEAD471Z0Z_F	100.000	25	0	1.18e-09	50.1
M03520:605:000000000-LVNKY:1:1104:21937:4882;size=5	RH.72B9E3F522264B3Z0Z_F	100.000	22	0	7.27e-08	44.1
M03520:605:000000000-LVNKY:1:1104:21937:4882;size=5	RH.72B9E3F522264B3Z0Z_R	100.000	20	0	1.13e-06	40.1
M03520:605:000000000-LVNKY:1:1104:22326:23760;size=5	RH.69365D9D9A4F4BFZ0Z_F	100.000	23	0	1.84e-08	46.1
M03520:605:000000000-LVNKY:1:1104:22326:23760;size=5	RH.69365D9D9A4F4BFZ0Z_R	100.000	23	0	1.84e-08	46.1
M03520:605:000000000-LVNKY:1:1104:23243:23622;size=5	RH.27578A9A85FA4A3Z0Z_R	100.000	22	0	7.27e-08	44.1
M03520:605:000000000-LVNKY:1:1104:23389:21323;size=5	RH.7CE39E25906745AZ0Z_R	100.000	26	0	2.98e-10	52.0
M03520:605:000000000-LVNKY:1:1104:23389:21323;size=5	RH.718B57159C244F7Z0Z_F	100.000	19	0	4.48e-06	38.2
M03520:605:000000000-LVNKY:1:1104:24087:4130;size=5	RH.B2A7FEFE5F5C48AZ0Z_R	100.000	23	0	1.84e-08	46.1
M03520:605:000000000-LVNKY:1:1104:24087:4130;size=5	RH.B2A7FEFE5F5C48AZ0Z_F	95.833	24	1	1.13e-06	40.1
M03520:605:000000000-LVNKY:1:1104:24443:20620;size=5	RH.25F43EF2A0F1421Z0Z_F	100.000	24	0	4.65e-09	48.1
M03520:605:000000000-LVNKY:1:1104:24443:20620;size=5	RH.25F43EF2A0F1421Z0Z_R	100.000	22	0	7.27e-08	44.1
M03520:605:000000000-LVNKY:1:1104:28143:17286;size=5	RH.B2A7FEFE5F5C48AZ0Z_F	100.000	24	0	4.65e-09	48.1
M03520:605:000000000-LVNKY:1:1104:28143:17286;size=5	RH.B2A7FEFE5F5C48AZ0Z_R	95.652	23	1	4.48e-06	38.2
M03520:605:000000000-LVNKY:1:1104:5675:21600;size=5	RH.7CE39E25906745AZ0Z_R	100.000	26	0	2.98e-10	52.0
M03520:605:000000000-LVNKY:1:1104:5675:21600;size=5	RH.7CE39E25906745AZ0Z_F	100.000	25	0	1.18e-09	50.1
M03520:605:000000000-LVNKY:1:1104:5863:22899;size=5	RH.51338FA06EDB4F0Z0Z_R	100.000	25	0	1.18e-09	50.1
M03520:605:000000000-LVNKY:1:1104:5863:22899;size=5	RH.51338FA06EDB4F0Z0Z_F	100.000	25	0	1.18e-09	50.1
M03520:605:000000000-LVNKY:1:1104:7656:9686;size=5	RH.7CE39E25906745AZ0Z_R	100.000	26	0	2.98e-10	52.0
M03520:605:000000000-LVNKY:1:1104:7656:9686;size=5	RH.7CE39E25906745AZ0Z_F	100.000	25	0	1.18e-09	50.1
M03520:605:000000000-LVNKY:1:1104:7984:13173;size=5	RH.0096A141894D447Z0Z_F	100.000	24	0	4.65e-09	48.1
M03520:605:000000000-LVNKY:1:1104:7984:13173;size=5	RH.0096A141894D447Z0Z_R	100.000	21	0	2.87e-07	42.1
M03520:605:000000000-LVNKY:1:1104:8962:23605;size=5	RH.B9EF730EBE6C436Z0Z_R	100.000	25	0	1.18e-09	50.1
M03520:605:000000000-LVNKY:1:1104:8962:23605;size=5	RH.1DD55C57FB3E459Z0Z_R	100.000	20	0	1.13e-06	40.1
M03520:605:000000000-LVNKY:1:1105:13025:27201;size=5	RH.6DE797B0D3F544DZ0Z_R	100.000	23	0	1.84e-08	46.1
M03520:605:000000000-LVNKY:1:1105:13394:7500;size=5	RH.7CE39E25906745AZ0Z_F	100.000	25	0	1.18e-09	50.1
M03520:605:000000000-LVNKY:1:1105:13394:7500;size=5	RH.7CE39E25906745AZ0Z_R	96.154	26	1	7.27e-08	44.1
M03520:605:000000000-LVNKY:1:1105:17551:9113;size=5	RH.7CE39E25906745AZ0Z_R	100.000	26	0	2.98e-10	52.0
M03520:605:000000000-LVNKY:1:1105:18517:26037;size=5	RH.B9EF730EBE6C436Z0Z_R	100.000	25	0	1.18e-09	50.1
M03520:605:000000000-LVNKY:1:1105:19075:10740;size=5	RH.B9EF730EBE6C436Z0Z_R	100.000	25	0	1.18e-09	50.1
M03520:605:000000000-LVNKY:1:1105:19075:10740;size=5	RH.C597F0BA65D4481Z0Z_R	100.000	24	0	4.65e-09	48.1
M03520:605:000000000-LVNKY:1:1105:19075:10740;size=5	RH.44333617E8F04C0Z0Z_F	100.000	23	0	1.84e-08	46.1
M03520:605:000000000-LVNKY:1:1105:19457:21664;size=5	RH.5F6424ABBC3C47BZ0Z_F	100.000	25	0	1.18e-09	50.1
M03520:605:000000000-LVNKY:1:1105:19853:2421;size=5	RH.2AFFFBA0E81C482Z0Z_R	100.000	23	0	1.84e-08	46.1
M03520:605:000000000-LVNKY:1:1105:19853:2421;size=5	RH.2AFFFBA0E81C482Z0Z_F	100.000	23	0	1.84e-08	46.1
M03520:605:000000000-LVNKY:1:1105:20270:7145;size=5	RH.FDEF34A308684D6Z0Z_F	100.000	23	0	1.84e-08	46.1
M03520:605:000000000-LVNKY:1:1105:20528:19123;size=5	RH.2A8AD21024974C0Z0Z_F	100.000	26	0	2.98e-10	52.0
M03520:605:000000000-LVNKY:1:1105:20528:19123;size=5	RH.2A8AD21024974C0Z0Z_R	100.000	25	0	1.18e-09	50.1
M03520:605:000000000-LVNKY:1:1105:21275:7726;size=5	RH.BE09C1F6EE4B426Z0Z_R	100.000	23	0	1.84e-08	46.1
M03520:605:000000000-LVNKY:1:1105:21275:7726;size=5	RH.BE09C1F6EE4B426Z0Z_F	100.000	22	0	7.27e-08	44.1
M03520:605:000000000-LVNKY:1:1105:21725:12251;size=5	RH.5F6424ABBC3C47BZ0Z_F	100.000	25	0	1.18e-09	50.1
M03520:605:000000000-LVNKY:1:1105:22290:16483;size=5	RH.27578A9A85FA4A3Z0Z_F	100.000	24	0	4.65e-09	48.1
M03520:605:000000000-LVNKY:1:1105:22290:16483;size=5	RH.27578A9A85FA4A3Z0Z_R	100.000	22	0	7.27e-08	44.1
M03520:605:000000000-LVNKY:1:1105:22992:7575;size=5	RH.27578A9A85FA4A3Z0Z_F	100.000	24	0	4.65e-09	48.1
M03520:605:000000000-LVNKY:1:1105:22992:7575;size=5	RH.27578A9A85FA4A3Z0Z_R	100.000	22	0	7.27e-08	44.1
M03520:605:000000000-LVNKY:1:1105:23580:8413;size=5	RH.E253263309B742FZ0Z_F	100.000	26	0	2.98e-10	52.0
M03520:605:000000000-LVNKY:1:1105:23580:8413;size=5	RH.E253263309B742FZ0Z_R	96.296	27	0	4.48e-06	38.2
M03520:605:000000000-LVNKY:1:1105:23774:8508;size=5	RH.7CE39E25906745AZ0Z_R	100.000	26	0	2.98e-10	52.0
M03520:605:000000000-LVNKY:1:1105:23774:8508;size=5	RH.3B2B2BB86AB94D3Z0Z_F	100.000	21	0	2.87e-07	42.1
M03520:605:000000000-LVNKY:1:1105:23774:8508;size=5	RH.64613722763148BZ0Z_R	100.000	19	0	4.48e-06	38.2
M03520:605:000000000-LVNKY:1:1105:23958:13912;size=5	RH.0550AF0F57084ADZ0Z_R	100.000	22	0	7.27e-08	44.1
M03520:605:000000000-LVNKY:1:1105:23958:13912;size=5	RH.3B2B2BB86AB94D3Z0Z_F	100.000	21	0	2.87e-07	42.1
M03520:605:000000000-LVNKY:1:1105:23958:13912;size=5	RH.64613722763148BZ0Z_R	100.000	19	0	4.48e-06	38.2
M03520:605:000000000-LVNKY:1:1105:25145:14075;size=5	RH.B9EF730EBE6C436Z0Z_R	100.000	25	0	1.18e-09	50.1
M03520:605:000000000-LVNKY:1:1105:25145:14075;size=5	RH.B9EF730EBE6C436Z0Z_F	100.000	25	0	1.18e-09	50.1
M03520:605:000000000-LVNKY:1:1105:25714:16361;size=5	RH.DDB83AFF97C94C6Z0Z_R	100.000	20	0	1.13e-06	40.1
M03520:605:000000000-LVNKY:1:1105:25714:16361;size=5	RH.E50C44E6F0174B8Z0Z_F	100.000	20	0	1.13e-06	40.1
M03520:605:000000000-LVNKY:1:1105:25793:9088;size=5	RH.DE543226C201437Z0Z_F	100.000	22	0	7.27e-08	44.1
M03520:605:000000000-LVNKY:1:1105:3227:18749;size=5	RH.B9EF730EBE6C436Z0Z_R	100.000	25	0	1.18e-09	50.1
M03520:605:000000000-LVNKY:1:1105:3227:18749;size=5	RH.B9EF730EBE6C436Z0Z_F	100.000	25	0	1.18e-09	50.1
M03520:605:000000000-LVNKY:1:1105:5945:7351;size=5	RH.8B25A056ABC1444Z0Z_F	100.000	23	0	1.84e-08	46.1
M03520:605:000000000-LVNKY:1:1105:5945:7351;size=5	RH.8B25A056ABC1444Z0Z_R	100.000	20	0	1.13e-06	40.1
M03520:605:000000000-LVNKY:1:1105:5945:7351;size=5	RH.7428754DAE7C4F9Z0Z_F	100.000	19	0	4.48e-06	38.2
M03520:605:000000000-LVNKY:1:1105:6604:22103;size=5	RH.25F43EF2A0F1421Z0Z_F	100.000	24	0	4.65e-09	48.1
M03520:605:000000000-LVNKY:1:1105:7314:18963;size=5	RH.0096A141894D447Z0Z_F	100.000	24	0	4.65e-09	48.1
M03520:605:000000000-LVNKY:1:1105:7314:18963;size=5	RH.0096A141894D447Z0Z_R	100.000	21	0	2.87e-07	42.1
M03520:605:000000000-LVNKY:1:1105:9163:10536;size=5	RH.B2A7FEFE5F5C48AZ0Z_F	100.000	24	0	4.65e-09	48.1
M03520:605:000000000-LVNKY:1:1105:9163:10536;size=5	RH.B2A7FEFE5F5C48AZ0Z_R	95.652	23	1	4.48e-06	38.2
M03520:605:000000000-LVNKY:1:1106:12093:18071;size=5	RH.7CE39E25906745AZ0Z_R	100.000	26	0	2.98e-10	52.0
M03520:605:000000000-LVNKY:1:1106:12093:18071;size=5	RH.7CE39E25906745AZ0Z_F	100.000	25	0	1.18e-09	50.1
M03520:605:000000000-LVNKY:1:1106:12912:27398;size=5	RH.27578A9A85FA4A3Z0Z_F	100.000	24	0	4.65e-09	48.1
M03520:605:000000000-LVNKY:1:1106:16749:1930;size=5	RH.B9EF730EBE6C436Z0Z_R	100.000	25	0	1.18e-09	50.1
M03520:605:000000000-LVNKY:1:1106:16749:1930;size=5	RH.B9EF730EBE6C436Z0Z_F	96.000	25	1	2.87e-07	42.1
M03520:605:000000000-LVNKY:1:1106:17790:15193;size=5	RH.B2A7FEFE5F5C48AZ0Z_F	100.000	24	0	4.65e-09	48.1
M03520:605:000000000-LVNKY:1:1106:17790:15193;size=5	RH.B2A7FEFE5F5C48AZ0Z_R	100.000	23	0	1.84e-08	46.1
M03520:605:000000000-LVNKY:1:1106:17821:19032;size=5	RH.7CE39E25906745AZ0Z_R	100.000	26	0	2.98e-10	52.0
M03520:605:000000000-LVNKY:1:1106:17821:19032;size=5	RH.7CE39E25906745AZ0Z_F	100.000	25	0	1.18e-09	50.1
M03520:605:000000000-LVNKY:1:1106:19431:8737;size=5	RH.27578A9A85FA4A3Z0Z_R	100.000	22	0	7.27e-08	44.1
M03520:605:000000000-LVNKY:1:1106:19431:8737;size=5	RH.E50C44E6F0174B8Z0Z_F	100.000	20	0	1.13e-06	40.1
M03520:605:000000000-LVNKY:1:1106:19545:11392;size=5	RH.2AFFFBA0E81C482Z0Z_R	100.000	23	0	1.84e-08	46.1
M03520:605:000000000-LVNKY:1:1106:19545:11392;size=5	RH.2AFFFBA0E81C482Z0Z_F	100.000	23	0	1.84e-08	46.1
M03520:605:000000000-LVNKY:1:1106:21223:9705;size=5	RH.DDB83AFF97C94C6Z0Z_F	100.000	24	0	4.65e-09	48.1
M03520:605:000000000-LVNKY:1:1106:21223:9705;size=5	RH.DDB83AFF97C94C6Z0Z_R	96.000	25	1	2.87e-07	42.1
M03520:605:000000000-LVNKY:1:1106:23099:10881;size=5	RH.2AFFFBA0E81C482Z0Z_R	100.000	23	0	1.84e-08	46.1
M03520:605:000000000-LVNKY:1:1106:23099:10881;size=5	RH.2AFFFBA0E81C482Z0Z_F	100.000	20	0	1.13e-06	40.1
M03520:605:000000000-LVNKY:1:1106:23155:3732;size=5	RH.27578A9A85FA4A3Z0Z_F	100.000	24	0	4.65e-09	48.1
M03520:605:000000000-LVNKY:1:1106:23155:3732;size=5	RH.27578A9A85FA4A3Z0Z_R	100.000	22	0	7.27e-08	44.1
M03520:605:000000000-LVNKY:1:1106:23648:10517;size=5	RH.7CE39E25906745AZ0Z_R	100.000	26	0	2.98e-10	52.0
M03520:605:000000000-LVNKY:1:1106:23648:10517;size=5	RH.7CE39E25906745AZ0Z_F	96.000	25	1	2.87e-07	42.1
M03520:605:000000000-LVNKY:1:1106:25249:23763;size=5	RH.2A85EAE5DEAD471Z0Z_F	100.000	25	0	1.18e-09	50.1
M03520:605:000000000-LVNKY:1:1106:25249:23763;size=5	RH.2A85EAE5DEAD471Z0Z_R	96.000	25	1	2.87e-07	42.1
M03520:605:000000000-LVNKY:1:1106:26472:10112;size=5	RH.159AE449CD74409Z0Z_F	100.000	22	0	7.27e-08	44.1
M03520:605:000000000-LVNKY:1:1106:26472:10112;size=5	RH.0C7CF249E0964D1Z0Z_R	100.000	19	0	4.48e-06	38.2
M03520:605:000000000-LVNKY:1:1106:3449:17264;size=5	RH.E253263309B742FZ0Z_F	100.000	26	0	2.98e-10	52.0
M03520:605:000000000-LVNKY:1:1106:3449:17264;size=5	RH.E253263309B742FZ0Z_R	100.000	22	0	7.27e-08	44.1
M03520:605:000000000-LVNKY:1:1106:4363:15326;size=5	RH.7CE39E25906745AZ0Z_R	100.000	26	0	2.98e-10	52.0
M03520:605:000000000-LVNKY:1:1106:4363:15326;size=5	RH.7CE39E25906745AZ0Z_F	100.000	25	0	1.18e-09	50.1
M03520:605:000000000-LVNKY:1:1106:6170:16781;size=5	RH.5F6424ABBC3C47BZ0Z_F	100.000	25	0	1.18e-09	50.1
M03520:605:000000000-LVNKY:1:1106:8033:16444;size=5	RH.1ED162FCE898487Z0Z_F	100.000	26	0	2.98e-10	52.0
M03520:605:000000000-LVNKY:1:1106:9733:25096;size=5	RH.E253263309B742FZ0Z_F	100.000	26	0	2.98e-10	52.0
M03520:605:000000000-LVNKY:1:1106:9733:25096;size=5	RH.E253263309B742FZ0Z_R	96.154	26	1	7.27e-08	44.1
M03520:605:000000000-LVNKY:1:1107:10831:4301;size=5	RH.E253263309B742FZ0Z_F	100.000	26	0	2.98e-10	52.0
M03520:605:000000000-LVNKY:1:1107:10831:4301;size=5	RH.E253263309B742FZ0Z_R	96.154	26	1	7.27e-08	44.1
M03520:605:000000000-LVNKY:1:1107:10979:4548;size=5	RH.B2A7FEFE5F5C48AZ0Z_F	100.000	24	0	4.65e-09	48.1
M03520:605:000000000-LVNKY:1:1107:10979:4548;size=5	RH.B2A7FEFE5F5C48AZ0Z_R	100.000	23	0	1.84e-08	46.1
M03520:605:000000000-LVNKY:1:1107:13756:4942;size=5	RH.E253263309B742FZ0Z_F	100.000	26	0	2.98e-10	52.0
M03520:605:000000000-LVNKY:1:1107:13756:4942;size=5	RH.E253263309B742FZ0Z_R	96.154	26	1	7.27e-08	44.1
M03520:605:000000000-LVNKY:1:1107:13774:7915;size=5	RH.65A22C27EE034ECZ0Z_F	100.000	25	0	1.18e-09	50.1
M03520:605:000000000-LVNKY:1:1107:13774:7915;size=5	RH.65A22C27EE034ECZ0Z_R	96.000	25	1	2.87e-07	42.1
M03520:605:000000000-LVNKY:1:1107:14555:14082;size=5	RH.E253263309B742FZ0Z_F	100.000	26	0	2.98e-10	52.0
M03520:605:000000000-LVNKY:1:1107:14555:14082;size=5	RH.E253263309B742FZ0Z_R	96.154	26	1	7.27e-08	44.1
M03520:605:000000000-LVNKY:1:1107:15720:12242;size=5	RH.5F6424ABBC3C47BZ0Z_F	100.000	25	0	1.18e-09	50.1
M03520:605:000000000-LVNKY:1:1107:17834:11221;size=5	RH.6408CE975B5340AZ0Z_F	100.000	26	0	2.98e-10	52.0
M03520:605:000000000-LVNKY:1:1107:18093:3550;size=5	RH.CF953F27F5674E1Z0Z_F	100.000	26	0	2.98e-10	52.0
M03520:605:000000000-LVNKY:1:1107:18093:3550;size=5	RH.CF953F27F5674E1Z0Z_R	100.000	25	0	1.18e-09	50.1
M03520:605:000000000-LVNKY:1:1107:20701:25837;size=5	RH.2A85EAE5DEAD471Z0Z_R	100.000	25	0	1.18e-09	50.1
M03520:605:000000000-LVNKY:1:1107:20701:25837;size=5	RH.2A85EAE5DEAD471Z0Z_F	100.000	25	0	1.18e-09	50.1
M03520:605:000000000-LVNKY:1:1107:7064:19149;size=5	RH.B2A7FEFE5F5C48AZ0Z_R	100.000	23	0	1.84e-08	46.1
M03520:605:000000000-LVNKY:1:1107:7064:19149;size=5	RH.B2A7FEFE5F5C48AZ0Z_F	95.833	24	1	1.13e-06	40.1
M03520:605:000000000-LVNKY:1:1107:7718:4632;size=5	RH.30AADA7B15FF458Z0Z_F	100.000	24	0	4.65e-09	48.1
M03520:605:000000000-LVNKY:1:1107:7718:4632;size=5	RH.30AADA7B15FF458Z0Z_R	96.000	25	1	2.87e-07	42.1
M03520:605:000000000-LVNKY:1:1107:9177:6140;size=5	RH.E253263309B742FZ0Z_F	100.000	26	0	2.98e-10	52.0
M03520:605:000000000-LVNKY:1:1107:9580:4404;size=5	RH.E253263309B742FZ0Z_F	100.000	26	0	2.98e-10	52.0
M03520:605:000000000-LVNKY:1:1108:10667:5235;size=5	RH.B9EF730EBE6C436Z0Z_R	100.000	25	0	1.18e-09	50.1
M03520:605:000000000-LVNKY:1:1108:10667:5235;size=5	RH.2B5DDF63455445EZ0Z_F	100.000	20	0	1.13e-06	40.1
M03520:605:000000000-LVNKY:1:1108:10961:22921;size=5	RH.85A5303CAAF54ADZ0Z_R	100.000	22	0	7.27e-08	44.1
M03520:605:000000000-LVNKY:1:1108:11893:27179;size=5	RH.2B5DDF63455445EZ0Z_F	100.000	21	0	2.87e-07	42.1
M03520:605:000000000-LVNKY:1:1108:12569:24175;size=5	RH.B2A7FEFE5F5C48AZ0Z_R	100.000	23	0	1.84e-08	46.1
M03520:605:000000000-LVNKY:1:1108:15157:2930;size=5	RH.6408CE975B5340AZ0Z_F	100.000	26	0	2.98e-10	52.0
M03520:605:000000000-LVNKY:1:1108:15157:2930;size=5	RH.6408CE975B5340AZ0Z_R	96.154	26	1	7.27e-08	44.1
M03520:605:000000000-LVNKY:1:1108:15177:3033;size=5	RH.DDB83AFF97C94C6Z0Z_R	100.000	25	0	1.18e-09	50.1
M03520:605:000000000-LVNKY:1:1108:16237:24058;size=5	RH.DDB83AFF97C94C6Z0Z_R	100.000	25	0	1.18e-09	50.1
M03520:605:000000000-LVNKY:1:1108:16237:24058;size=5	RH.DDB83AFF97C94C6Z0Z_F	100.000	22	0	7.27e-08	44.1
M03520:605:000000000-LVNKY:1:1108:16479:22091;size=5	RH.7CE39E25906745AZ0Z_R	100.000	26	0	2.98e-10	52.0
M03520:605:000000000-LVNKY:1:1108:16479:22091;size=5	RH.7CE39E25906745AZ0Z_F	100.000	25	0	1.18e-09	50.1
M03520:605:000000000-LVNKY:1:1108:16554:22731;size=5	RH.B9EF730EBE6C436Z0Z_R	100.000	25	0	1.18e-09	50.1
M03520:605:000000000-LVNKY:1:1108:16554:22731;size=5	RH.B9EF730EBE6C436Z0Z_F	100.000	25	0	1.18e-09	50.1
M03520:605:000000000-LVNKY:1:1108:19984:17418;size=5	RH.E253263309B742FZ0Z_R	100.000	26	0	2.98e-10	52.0
M03520:605:000000000-LVNKY:1:1108:19984:17418;size=5	RH.E253263309B742FZ0Z_F	100.000	26	0	2.98e-10	52.0
M03520:605:000000000-LVNKY:1:1108:25157:9517;size=5	RH.609947B6947F457Z0Z_F	100.000	21	0	2.87e-07	42.1
M03520:605:000000000-LVNKY:1:1108:25157:9517;size=5	RH.0096A141894D447Z0Z_R	100.000	21	0	2.87e-07	42.1
M03520:605:000000000-LVNKY:1:1108:25157:9517;size=5	RH.A12CDF2B5C80436Z0Z_R	100.000	20	0	1.13e-06	40.1
M03520:605:000000000-LVNKY:1:1108:25358:21470;size=5	RH.E253263309B742FZ0Z_R	100.000	26	0	2.98e-10	52.0
M03520:605:000000000-LVNKY:1:1108:25358:21470;size=5	RH.E253263309B742FZ0Z_F	100.000	26	0	2.98e-10	52.0
M03520:605:000000000-LVNKY:1:1108:5267:13323;size=5	RH.27578A9A85FA4A3Z0Z_F	100.000	24	0	4.65e-09	48.1
M03520:605:000000000-LVNKY:1:1108:5267:13323;size=5	RH.27578A9A85FA4A3Z0Z_R	100.000	22	0	7.27e-08	44.1
M03520:605:000000000-LVNKY:1:1108:5446:19392;size=5	RH.E253263309B742FZ0Z_R	100.000	26	0	2.98e-10	52.0
M03520:605:000000000-LVNKY:1:1108:5446:19392;size=5	RH.E253263309B742FZ0Z_F	100.000	26	0	2.98e-10	52.0
M03520:605:000000000-LVNKY:1:1108:6341:24132;size=5	RH.DDB83AFF97C94C6Z0Z_R	100.000	20	0	1.13e-06	40.1
M03520:605:000000000-LVNKY:1:1108:8628:6518;size=5	RH.2AFFFBA0E81C482Z0Z_F	100.000	23	0	1.84e-08	46.1
M03520:605:000000000-LVNKY:1:1108:8628:6518;size=5	RH.2AFFFBA0E81C482Z0Z_R	95.652	23	1	4.48e-06	38.2
M03520:605:000000000-LVNKY:1:1108:9241:6181;size=5	RH.B2A7FEFE5F5C48AZ0Z_F	100.000	24	0	4.65e-09	48.1
M03520:605:000000000-LVNKY:1:1108:9241:6181;size=5	RH.B2A7FEFE5F5C48AZ0Z_R	95.652	23	1	4.48e-06	38.2
M03520:605:000000000-LVNKY:1:1109:11306:16898;size=5	RH.51338FA06EDB4F0Z0Z_R	100.000	25	0	1.18e-09	50.1
M03520:605:000000000-LVNKY:1:1109:11306:16898;size=5	RH.51338FA06EDB4F0Z0Z_F	100.000	25	0	1.18e-09	50.1
M03520:605:000000000-LVNKY:1:1109:14073:13699;size=5	RH.5D415F04E73646CZ0Z_R	100.000	24	0	4.65e-09	48.1
M03520:605:000000000-LVNKY:1:1109:14073:13699;size=5	RH.5D415F04E73646CZ0Z_F	100.000	24	0	4.65e-09	48.1
M03520:605:000000000-LVNKY:1:1109:14978:1357;size=5	RH.B9EF730EBE6C436Z0Z_R	100.000	25	0	1.18e-09	50.1
M03520:605:000000000-LVNKY:1:1109:15381:7897;size=5	RH.72B9E3F522264B3Z0Z_F	100.000	22	0	7.27e-08	44.1
M03520:605:000000000-LVNKY:1:1109:19248:24506;size=5	RH.27578A9A85FA4A3Z0Z_R	100.000	22	0	7.27e-08	44.1
M03520:605:000000000-LVNKY:1:1109:19248:24506;size=5	RH.27578A9A85FA4A3Z0Z_F	95.833	24	1	1.13e-06	40.1
M03520:605:000000000-LVNKY:1:1109:22188:27710;size=5	RH.7CE39E25906745AZ0Z_R	100.000	26	0	2.98e-10	52.0
M03520:605:000000000-LVNKY:1:1109:22188:27710;size=5	RH.7CE39E25906745AZ0Z_F	100.000	25	0	1.18e-09	50.1
M03520:605:000000000-LVNKY:1:1109:23436:13316;size=5	RH.B9EF730EBE6C436Z0Z_R	100.000	25	0	1.18e-09	50.1
M03520:605:000000000-LVNKY:1:1109:23436:13316;size=5	RH.B9EF730EBE6C436Z0Z_F	96.000	25	1	2.87e-07	42.1
M03520:605:000000000-LVNKY:1:1109:4406:13782;size=5	RH.2A85EAE5DEAD471Z0Z_F	100.000	25	0	1.18e-09	50.1
M03520:605:000000000-LVNKY:1:1109:4406:13782;size=5	RH.2A85EAE5DEAD471Z0Z_R	100.000	25	0	1.18e-09	50.1
M03520:605:000000000-LVNKY:1:1109:5720:13423;size=5	RH.B9EF730EBE6C436Z0Z_R	100.000	25	0	1.18e-09	50.1
M03520:605:000000000-LVNKY:1:1109:5720:13423;size=5	RH.B9EF730EBE6C436Z0Z_F	100.000	25	0	1.18e-09	50.1
M03520:605:000000000-LVNKY:1:1110:11707:9847;size=5	RH.E253263309B742FZ0Z_R	100.000	26	0	2.98e-10	52.0
M03520:605:000000000-LVNKY:1:1110:11707:9847;size=5	RH.E253263309B742FZ0Z_F	100.000	26	0	2.98e-10	52.0
M03520:605:000000000-LVNKY:1:1110:12124:13272;size=5	RH.E253263309B742FZ0Z_R	100.000	26	0	2.98e-10	52.0
M03520:605:000000000-LVNKY:1:1110:12124:13272;size=5	RH.E253263309B742FZ0Z_F	100.000	26	0	2.98e-10	52.0
M03520:605:000000000-LVNKY:1:1110:13105:5193;size=5	RH.6408CE975B5340AZ0Z_R	100.000	26	0	2.98e-10	52.0
M03520:605:000000000-LVNKY:1:1110:13105:5193;size=5	RH.6408CE975B5340AZ0Z_F	100.000	26	0	2.98e-10	52.0
M03520:605:000000000-LVNKY:1:1110:15156:11923;size=5	RH.B9EF730EBE6C436Z0Z_R	100.000	25	0	1.18e-09	50.1
M03520:605:000000000-LVNKY:1:1110:15156:11923;size=5	RH.B9EF730EBE6C436Z0Z_F	100.000	25	0	1.18e-09	50.1
M03520:605:000000000-LVNKY:1:1110:15519:11183;size=5	RH.517A9FBA2B494D5Z0Z_F	100.000	25	0	1.18e-09	50.1
M03520:605:000000000-LVNKY:1:1110:15519:11183;size=5	RH.517A9FBA2B494D5Z0Z_R	100.000	24	0	4.65e-09	48.1
M03520:605:000000000-LVNKY:1:1110:19286:17906;size=5	RH.27578A9A85FA4A3Z0Z_F	100.000	24	0	4.65e-09	48.1
M03520:605:000000000-LVNKY:1:1110:21324:17326;size=5	RH.E253263309B742FZ0Z_R	100.000	26	0	2.98e-10	52.0
M03520:605:000000000-LVNKY:1:1110:21324:17326;size=5	RH.E253263309B742FZ0Z_F	100.000	26	0	2.98e-10	52.0
M03520:605:000000000-LVNKY:1:1110:21808:6680;size=5	RH.6408CE975B5340AZ0Z_R	100.000	26	0	2.98e-10	52.0
M03520:605:000000000-LVNKY:1:1110:21808:6680;size=5	RH.6408CE975B5340AZ0Z_F	100.000	26	0	2.98e-10	52.0
M03520:605:000000000-LVNKY:1:1110:23263:7785;size=5	RH.E253263309B742FZ0Z_R	100.000	26	0	2.98e-10	52.0
M03520:605:000000000-LVNKY:1:1110:23263:7785;size=5	RH.E253263309B742FZ0Z_F	100.000	26	0	2.98e-10	52.0
M03520:605:000000000-LVNKY:1:1110:24565:16431;size=5	RH.72B9E3F522264B3Z0Z_F	100.000	22	0	7.27e-08	44.1
M03520:605:000000000-LVNKY:1:1110:24565:16431;size=5	RH.72B9E3F522264B3Z0Z_R	100.000	20	0	1.13e-06	40.1
M03520:605:000000000-LVNKY:1:1110:24854:11957;size=5	RH.72B9E3F522264B3Z0Z_F	100.000	22	0	7.27e-08	44.1
M03520:605:000000000-LVNKY:1:1111:14431:26977;size=5	RH.B9EF730EBE6C436Z0Z_R	100.000	25	0	1.18e-09	50.1
M03520:605:000000000-LVNKY:1:1111:14431:26977;size=5	RH.3B2B2BB86AB94D3Z0Z_F	100.000	21	0	2.87e-07	42.1
M03520:605:000000000-LVNKY:1:1111:14431:26977;size=5	RH.64613722763148BZ0Z_R	100.000	19	0	4.48e-06	38.2
M03520:605:000000000-LVNKY:1:1111:18891:16333;size=5	RH.DDB83AFF97C94C6Z0Z_R	100.000	25	0	1.18e-09	50.1
M03520:605:000000000-LVNKY:1:1111:18891:16333;size=5	RH.DDB83AFF97C94C6Z0Z_F	100.000	24	0	4.65e-09	48.1
M03520:605:000000000-LVNKY:1:1111:19653:16513;size=5	RH.3B2B2BB86AB94D3Z0Z_F	100.000	21	0	2.87e-07	42.1
M03520:605:000000000-LVNKY:1:1111:19653:16513;size=5	RH.DDB83AFF97C94C6Z0Z_R	100.000	20	0	1.13e-06	40.1
M03520:605:000000000-LVNKY:1:1111:19653:16513;size=5	RH.64613722763148BZ0Z_R	100.000	19	0	4.48e-06	38.2
M03520:605:000000000-LVNKY:1:1111:21210:22754;size=5	RH.DDB83AFF97C94C6Z0Z_R	100.000	25	0	1.18e-09	50.1
M03520:605:000000000-LVNKY:1:1111:24470:15919;size=5	RH.E253263309B742FZ0Z_R	100.000	26	0	2.98e-10	52.0
M03520:605:000000000-LVNKY:1:1111:24470:15919;size=5	RH.E253263309B742FZ0Z_F	100.000	26	0	2.98e-10	52.0
M03520:605:000000000-LVNKY:1:1111:4590:14261;size=5	RH.B2A7FEFE5F5C48AZ0Z_F	100.000	24	0	4.65e-09	48.1
M03520:605:000000000-LVNKY:1:1111:4590:14261;size=5	RH.B2A7FEFE5F5C48AZ0Z_R	100.000	23	0	1.84e-08	46.1
M03520:605:000000000-LVNKY:1:1111:6756:9177;size=5	RH.E253263309B742FZ0Z_R	100.000	26	0	2.98e-10	52.0
M03520:605:000000000-LVNKY:1:1111:6756:9177;size=5	RH.E253263309B742FZ0Z_F	100.000	26	0	2.98e-10	52.0
M03520:605:000000000-LVNKY:1:1111:7398:20445;size=5	RH.6DE797B0D3F544DZ0Z_F	100.000	26	0	2.98e-10	52.0
M03520:605:000000000-LVNKY:1:1111:8364:12912;size=5	RH.DDB83AFF97C94C6Z0Z_R	100.000	25	0	1.18e-09	50.1
M03520:605:000000000-LVNKY:1:1111:8364:12912;size=5	RH.DDB83AFF97C94C6Z0Z_F	100.000	24	0	4.65e-09	48.1
M03520:605:000000000-LVNKY:1:1112:11352:14534;size=5	RH.7CE39E25906745AZ0Z_R	100.000	26	0	2.98e-10	52.0
M03520:605:000000000-LVNKY:1:1112:11352:14534;size=5	RH.7CE39E25906745AZ0Z_F	100.000	25	0	1.18e-09	50.1
M03520:605:000000000-LVNKY:1:1112:20150:14636;size=5	RH.0096A141894D447Z0Z_F	100.000	24	0	4.65e-09	48.1
M03520:605:000000000-LVNKY:1:1112:20150:14636;size=5	RH.0096A141894D447Z0Z_R	100.000	20	0	1.13e-06	40.1
M03520:605:000000000-LVNKY:1:1112:23606:16951;size=5	RH.6408CE975B5340AZ0Z_F	100.000	26	0	2.98e-10	52.0
M03520:605:000000000-LVNKY:1:1112:23606:16951;size=5	RH.6408CE975B5340AZ0Z_R	96.154	26	1	7.27e-08	44.1
M03520:605:000000000-LVNKY:1:1112:24489:15118;size=5	RH.25F43EF2A0F1421Z0Z_F	100.000	24	0	4.65e-09	48.1
M03520:605:000000000-LVNKY:1:1112:24489:15118;size=5	RH.25F43EF2A0F1421Z0Z_R	100.000	23	0	1.84e-08	46.1
M03520:605:000000000-LVNKY:1:1112:25900:9690;size=5	RH.DDB83AFF97C94C6Z0Z_R	100.000	25	0	1.18e-09	50.1
M03520:605:000000000-LVNKY:1:1112:25900:9690;size=5	RH.DDB83AFF97C94C6Z0Z_F	100.000	24	0	4.65e-09	48.1
M03520:605:000000000-LVNKY:1:1112:26710:23943;size=5	RH.2AFFFBA0E81C482Z0Z_R	100.000	23	0	1.84e-08	46.1
M03520:605:000000000-LVNKY:1:1112:26710:23943;size=5	RH.2AFFFBA0E81C482Z0Z_F	100.000	21	0	2.87e-07	42.1
M03520:605:000000000-LVNKY:1:1112:27315:19749;size=5	RH.2AFFFBA0E81C482Z0Z_F	100.000	23	0	1.84e-08	46.1
M03520:605:000000000-LVNKY:1:1112:27315:19749;size=5	RH.2AFFFBA0E81C482Z0Z_R	100.000	19	0	4.48e-06	38.2
M03520:605:000000000-LVNKY:1:1112:7947:16824;size=5	RH.B9EF730EBE6C436Z0Z_R	100.000	25	0	1.18e-09	50.1
M03520:605:000000000-LVNKY:1:1112:7947:16824;size=5	RH.B9EF730EBE6C436Z0Z_F	100.000	25	0	1.18e-09	50.1
M03520:605:000000000-LVNKY:1:1113:16256:9180;size=5	RH.7CE39E25906745AZ0Z_R	100.000	26	0	2.98e-10	52.0
M03520:605:000000000-LVNKY:1:1113:16256:9180;size=5	RH.7CE39E25906745AZ0Z_F	100.000	25	0	1.18e-09	50.1
M03520:605:000000000-LVNKY:1:1113:24297:5809;size=5	RH.7CE39E25906745AZ0Z_R	100.000	26	0	2.98e-10	52.0
M03520:605:000000000-LVNKY:1:1113:24297:5809;size=5	RH.7CE39E25906745AZ0Z_F	100.000	25	0	1.18e-09	50.1
M03520:605:000000000-LVNKY:1:1113:24648:6299;size=5	RH.7CE39E25906745AZ0Z_R	100.000	26	0	2.98e-10	52.0
M03520:605:000000000-LVNKY:1:1113:24648:6299;size=5	RH.7CE39E25906745AZ0Z_F	100.000	25	0	1.18e-09	50.1
M03520:605:000000000-LVNKY:1:1113:28210:18669;size=5	RH.E253263309B742FZ0Z_F	100.000	26	0	2.98e-10	52.0
M03520:605:000000000-LVNKY:1:1113:28210:18669;size=5	RH.E253263309B742FZ0Z_R	100.000	25	0	1.18e-09	50.1
M03520:605:000000000-LVNKY:1:1113:5384:15952;size=5	RH.72B9E3F522264B3Z0Z_F	100.000	22	0	7.27e-08	44.1
M03520:605:000000000-LVNKY:1:1113:5384:15952;size=5	RH.72B9E3F522264B3Z0Z_R	100.000	20	0	1.13e-06	40.1
M03520:605:000000000-LVNKY:1:1113:6079:9049;size=5	RH.BE09C1F6EE4B426Z0Z_R	100.000	23	0	1.84e-08	46.1
M03520:605:000000000-LVNKY:1:1113:6079:9049;size=5	RH.BE09C1F6EE4B426Z0Z_F	100.000	22	0	7.27e-08	44.1
M03520:605:000000000-LVNKY:1:1113:7449:16634;size=5	RH.9726AFF14C0D4B3Z0Z_R	100.000	25	0	1.18e-09	50.1
M03520:605:000000000-LVNKY:1:1113:7449:16634;size=5	RH.9726AFF14C0D4B3Z0Z_F	100.000	24	0	4.65e-09	48.1
M03520:605:000000000-LVNKY:1:1114:10619:22024;size=5	RH.B9EF730EBE6C436Z0Z_R	100.000	25	0	1.18e-09	50.1
M03520:605:000000000-LVNKY:1:1114:10619:22024;size=5	RH.B9EF730EBE6C436Z0Z_F	96.000	25	1	2.87e-07	42.1
M03520:605:000000000-LVNKY:1:1114:19063:20861;size=5	RH.72B9E3F522264B3Z0Z_F	100.000	22	0	7.27e-08	44.1
M03520:605:000000000-LVNKY:1:1114:24429:4517;size=5	RH.7CE39E25906745AZ0Z_R	100.000	26	0	2.98e-10	52.0
M03520:605:000000000-LVNKY:1:1114:24526:18978;size=5	RH.51338FA06EDB4F0Z0Z_R	100.000	25	0	1.18e-09	50.1
M03520:605:000000000-LVNKY:1:1114:24526:18978;size=5	RH.51338FA06EDB4F0Z0Z_F	100.000	25	0	1.18e-09	50.1
M03520:605:000000000-LVNKY:1:1114:26395:6567;size=5	RH.0096A141894D447Z0Z_F	100.000	24	0	4.65e-09	48.1
M03520:605:000000000-LVNKY:1:1114:26395:6567;size=5	RH.0096A141894D447Z0Z_R	100.000	21	0	2.87e-07	42.1
M03520:605:000000000-LVNKY:1:1114:7370:10794;size=5	RH.2AFFFBA0E81C482Z0Z_R	100.000	23	0	1.84e-08	46.1
M03520:605:000000000-LVNKY:1:1114:7370:10794;size=5	RH.2AFFFBA0E81C482Z0Z_F	100.000	19	0	4.48e-06	38.2
M03520:605:000000000-LVNKY:1:2101:11310:23992;size=5	RH.27578A9A85FA4A3Z0Z_F	100.000	24	0	4.65e-09	48.1
M03520:605:000000000-LVNKY:1:2101:11310:23992;size=5	RH.27578A9A85FA4A3Z0Z_R	100.000	22	0	7.27e-08	44.1
M03520:605:000000000-LVNKY:1:2101:17941:8407;size=5	RH.609947B6947F457Z0Z_F	100.000	21	0	2.87e-07	42.1
M03520:605:000000000-LVNKY:1:2101:17941:8407;size=5	RH.A12CDF2B5C80436Z0Z_R	100.000	20	0	1.13e-06	40.1
M03520:605:000000000-LVNKY:1:2101:19501:18210;size=5	RH.B9EF730EBE6C436Z0Z_R	100.000	25	0	1.18e-09	50.1
M03520:605:000000000-LVNKY:1:2101:19501:18210;size=5	RH.3B2B2BB86AB94D3Z0Z_F	100.000	21	0	2.87e-07	42.1
M03520:605:000000000-LVNKY:1:2101:19501:18210;size=5	RH.64613722763148BZ0Z_R	100.000	19	0	4.48e-06	38.2
M03520:605:000000000-LVNKY:1:2101:8108:12448;size=5	RH.E253263309B742FZ0Z_F	100.000	26	0	2.98e-10	52.0
M03520:605:000000000-LVNKY:1:2101:8108:12448;size=5	RH.E253263309B742FZ0Z_R	100.000	19	0	4.48e-06	38.2
M03520:605:000000000-LVNKY:1:2101:9977:6202;size=5	RH.9726AFF14C0D4B3Z0Z_R	100.000	25	0	1.18e-09	50.1
M03520:605:000000000-LVNKY:1:2101:9977:6202;size=5	RH.9726AFF14C0D4B3Z0Z_F	100.000	24	0	4.65e-09	48.1
M03520:605:000000000-LVNKY:1:2102:7243:25012;size=5	RH.2A8AD21024974C0Z0Z_F	100.000	26	0	2.98e-10	52.0
M03520:605:000000000-LVNKY:1:2103:25443:8269;size=5	RH.25F43EF2A0F1421Z0Z_F	100.000	24	0	4.65e-09	48.1
M03520:605:000000000-LVNKY:1:2103:25443:8269;size=5	RH.25F43EF2A0F1421Z0Z_R	100.000	23	0	1.84e-08	46.1
M03520:605:000000000-LVNKY:1:2104:15651:24787;size=5	RH.27578A9A85FA4A3Z0Z_F	100.000	24	0	4.65e-09	48.1
M03520:605:000000000-LVNKY:1:2104:15651:24787;size=5	RH.27578A9A85FA4A3Z0Z_R	100.000	22	0	7.27e-08	44.1
M03520:605:000000000-LVNKY:1:2104:1822:17009;size=5	RH.2A85EAE5DEAD471Z0Z_R	100.000	25	0	1.18e-09	50.1
M03520:605:000000000-LVNKY:1:2104:1822:17009;size=5	RH.2A85EAE5DEAD471Z0Z_F	100.000	23	0	1.84e-08	46.1
M03520:605:000000000-LVNKY:1:2106:19583:2630;size=5	RH.130BAF3B1F444BDZ0Z_R	100.000	22	0	7.27e-08	44.1
M03520:605:000000000-LVNKY:1:2106:27958:18592;size=5	RH.DDB83AFF97C94C6Z0Z_R	100.000	25	0	1.18e-09	50.1
M03520:605:000000000-LVNKY:1:2106:27958:18592;size=5	RH.DDB83AFF97C94C6Z0Z_F	95.833	24	1	1.13e-06	40.1
