M03520:605:000000000-LVNKY:1:1101:19299:2846;size=4153	RH.B9EF730EBE6C436Z0Z_R	100.000	25	0	1.18e-09	50.1
M03520:605:000000000-LVNKY:1:1101:19299:2846;size=4153	RH.B9EF730EBE6C436Z0Z_F	100.000	25	0	1.18e-09	50.1
M03520:605:000000000-LVNKY:1:1101:13483:3118;size=3735	RH.6408CE975B5340AZ0Z_R	100.000	26	0	2.98e-10	52.0
M03520:605:000000000-LVNKY:1:1101:13483:3118;size=3735	RH.6408CE975B5340AZ0Z_F	100.000	26	0	2.98e-10	52.0
M03520:605:000000000-LVNKY:1:1101:16617:1432;size=2897	RH.E253263309B742FZ0Z_R	100.000	26	0	2.98e-10	52.0
M03520:605:000000000-LVNKY:1:1101:16617:1432;size=2897	RH.E253263309B742FZ0Z_F	100.000	26	0	2.98e-10	52.0
M03520:605:000000000-LVNKY:1:1101:18010:3248;size=2375	RH.27578A9A85FA4A3Z0Z_F	100.000	24	0	4.65e-09	48.1
M03520:605:000000000-LVNKY:1:1101:18010:3248;size=2375	RH.27578A9A85FA4A3Z0Z_R	100.000	22	0	7.27e-08	44.1
M03520:605:000000000-LVNKY:1:1101:15026:2123;size=2088	RH.DDB83AFF97C94C6Z0Z_R	100.000	25	0	1.18e-09	50.1
M03520:605:000000000-LVNKY:1:1101:15026:2123;size=2088	RH.DDB83AFF97C94C6Z0Z_F	100.000	24	0	4.65e-09	48.1
M03520:605:000000000-LVNKY:1:1101:17817:1599;size=1836	RH.7CE39E25906745AZ0Z_R	100.000	26	0	2.98e-10	52.0
M03520:605:000000000-LVNKY:1:1101:17817:1599;size=1836	RH.7CE39E25906745AZ0Z_F	100.000	25	0	1.18e-09	50.1
M03520:605:000000000-LVNKY:1:1101:7224:4708;size=1173	RH.2A8AD21024974C0Z0Z_F	100.000	26	0	2.98e-10	52.0
M03520:605:000000000-LVNKY:1:1101:7224:4708;size=1173	RH.2A8AD21024974C0Z0Z_R	100.000	25	0	1.18e-09	50.1
M03520:605:000000000-LVNKY:1:1101:17692:4132;size=966	RH.0096A141894D447Z0Z_F	100.000	24	0	4.65e-09	48.1
M03520:605:000000000-LVNKY:1:1101:17692:4132;size=966	RH.0096A141894D447Z0Z_R	100.000	21	0	2.87e-07	42.1
M03520:605:000000000-LVNKY:1:1101:18490:2700;size=733	RH.0C6EF86AB29A422Z0Z_R	100.000	23	0	1.84e-08	46.1
M03520:605:000000000-LVNKY:1:1101:18490:2700;size=733	RH.0C6EF86AB29A422Z0Z_F	100.000	23	0	1.84e-08	46.1
M03520:605:000000000-LVNKY:1:1101:18665:2216;size=713	RH.51338FA06EDB4F0Z0Z_R	100.000	25	0	1.18e-09	50.1
M03520:605:000000000-LVNKY:1:1101:18665:2216;size=713	RH.51338FA06EDB4F0Z0Z_F	100.000	25	0	1.18e-09	50.1
M03520:605:000000000-LVNKY:1:1101:11406:2384;size=600	RH.8B25A056ABC1444Z0Z_F	100.000	25	0	1.18e-09	50.1
M03520:605:000000000-LVNKY:1:1101:11406:2384;size=600	RH.8B25A056ABC1444Z0Z_R	100.000	24	0	4.65e-09	48.1
M03520:605:000000000-LVNKY:1:1101:16741:2021;size=583	RH.228524764FCE499Z0Z_F	100.000	24	0	4.65e-09	48.1
M03520:605:000000000-LVNKY:1:1101:16741:2021;size=583	RH.228524764FCE499Z0Z_R	100.000	24	0	4.65e-09	48.1
M03520:605:000000000-LVNKY:1:1101:10258:2534;size=555	RH.BE09C1F6EE4B426Z0Z_R	100.000	23	0	1.84e-08	46.1
M03520:605:000000000-LVNKY:1:1101:10258:2534;size=555	RH.BE09C1F6EE4B426Z0Z_F	100.000	22	0	7.27e-08	44.1
M03520:605:000000000-LVNKY:1:1101:15862:2491;size=545	RH.BB24C5C404164F1Z0Z_R	100.000	23	0	1.84e-08	46.1
M03520:605:000000000-LVNKY:1:1101:15862:2491;size=545	RH.BB24C5C404164F1Z0Z_F	100.000	22	0	7.27e-08	44.1
M03520:605:000000000-LVNKY:1:1101:9714:3321;size=530	RH.DDB83AFF97C94C6Z0Z_R	100.000	25	0	1.18e-09	50.1
M03520:605:000000000-LVNKY:1:1101:9714:3321;size=530	RH.DDB83AFF97C94C6Z0Z_F	100.000	24	0	4.65e-09	48.1
M03520:605:000000000-LVNKY:1:1101:25448:6651;size=452	RH.2A85EAE5DEAD471Z0Z_R	100.000	25	0	1.18e-09	50.1
M03520:605:000000000-LVNKY:1:1101:25448:6651;size=452	RH.2A85EAE5DEAD471Z0Z_F	100.000	25	0	1.18e-09	50.1
M03520:605:000000000-LVNKY:1:1101:15945:1406;size=445	RH.25F43EF2A0F1421Z0Z_F	100.000	24	0	4.65e-09	48.1
M03520:605:000000000-LVNKY:1:1101:15945:1406;size=445	RH.25F43EF2A0F1421Z0Z_R	100.000	23	0	1.84e-08	46.1
M03520:605:000000000-LVNKY:1:1101:12637:3804;size=382	RH.2AFFFBA0E81C482Z0Z_R	100.000	23	0	1.84e-08	46.1
M03520:605:000000000-LVNKY:1:1101:12637:3804;size=382	RH.2AFFFBA0E81C482Z0Z_F	100.000	23	0	1.84e-08	46.1
M03520:605:000000000-LVNKY:1:1101:8798:4129;size=344	RH.04A0205BEA6C49EZ0Z_R	100.000	24	0	4.65e-09	48.1
M03520:605:000000000-LVNKY:1:1101:8798:4129;size=344	RH.04A0205BEA6C49EZ0Z_F	100.000	23	0	1.84e-08	46.1
M03520:605:000000000-LVNKY:1:1101:11948:4533;size=308	RH.E04EE94198274F7Z0Z_F	100.000	25	0	1.18e-09	50.1
M03520:605:000000000-LVNKY:1:1101:11948:4533;size=308	RH.E04EE94198274F7Z0Z_R	95.833	24	1	1.13e-06	40.1
M03520:605:000000000-LVNKY:1:1101:16666:4114;size=285	RH.0BD19D1A26A74EBZ0Z_F	100.000	25	0	1.18e-09	50.1
M03520:605:000000000-LVNKY:1:1101:16666:4114;size=285	RH.0BD19D1A26A74EBZ0Z_R	100.000	24	0	4.65e-09	48.1
M03520:605:000000000-LVNKY:1:1101:7415:5406;size=275	RH.7CE39E25906745AZ0Z_R	100.000	26	0	2.98e-10	52.0
M03520:605:000000000-LVNKY:1:1101:7415:5406;size=275	RH.7CE39E25906745AZ0Z_F	100.000	25	0	1.18e-09	50.1
M03520:605:000000000-LVNKY:1:1101:6436:7221;size=271	RH.0096A141894D447Z0Z_F	100.000	24	0	4.65e-09	48.1
M03520:605:000000000-LVNKY:1:1101:6436:7221;size=271	RH.0096A141894D447Z0Z_R	100.000	21	0	2.87e-07	42.1
M03520:605:000000000-LVNKY:1:1101:6488:5572;size=193	RH.CF953F27F5674E1Z0Z_F	100.000	26	0	2.98e-10	52.0
M03520:605:000000000-LVNKY:1:1101:6488:5572;size=193	RH.CF953F27F5674E1Z0Z_R	100.000	25	0	1.18e-09	50.1
M03520:605:000000000-LVNKY:1:1101:19935:3320;size=176	RH.44DCEC943BED412Z0Z_R	100.000	23	0	1.84e-08	46.1
M03520:605:000000000-LVNKY:1:1101:19935:3320;size=176	RH.44DCEC943BED412Z0Z_F	100.000	23	0	1.84e-08	46.1
M03520:605:000000000-LVNKY:1:1107:16924:1641;size=176	RH.B9EF730EBE6C436Z0Z_F	100.000	25	0	1.18e-09	50.1
M03520:605:000000000-LVNKY:1:1107:16924:1641;size=176	RH.B9EF730EBE6C436Z0Z_R	96.000	25	1	2.87e-07	42.1
M03520:605:000000000-LVNKY:1:1101:23103:8246;size=168	RH.0C6EF86AB29A422Z0Z_R	100.000	23	0	1.84e-08	46.1
M03520:605:000000000-LVNKY:1:1101:23103:8246;size=168	RH.0C6EF86AB29A422Z0Z_F	100.000	23	0	1.84e-08	46.1
M03520:605:000000000-LVNKY:1:1101:21656:18209;size=167	RH.CA1E204B0C0842DZ0Z_F	100.000	26	0	2.98e-10	52.0
M03520:605:000000000-LVNKY:1:1101:21656:18209;size=167	RH.CA1E204B0C0842DZ0Z_R	100.000	24	0	4.65e-09	48.1
M03520:605:000000000-LVNKY:1:1101:20415:6068;size=162	RH.517A9FBA2B494D5Z0Z_F	100.000	25	0	1.18e-09	50.1
M03520:605:000000000-LVNKY:1:1101:20415:6068;size=162	RH.517A9FBA2B494D5Z0Z_R	100.000	24	0	4.65e-09	48.1
M03520:605:000000000-LVNKY:1:1101:9390:4630;size=153	RH.2091F326F74640CZ0Z_F	100.000	24	0	4.65e-09	48.1
M03520:605:000000000-LVNKY:1:1101:9390:4630;size=153	RH.2091F326F74640CZ0Z_R	100.000	22	0	7.27e-08	44.1
M03520:605:000000000-LVNKY:1:1101:21536:3368;size=145	RH.517A9FBA2B494D5Z0Z_F	100.000	25	0	1.18e-09	50.1
M03520:605:000000000-LVNKY:1:1101:21536:3368;size=145	RH.517A9FBA2B494D5Z0Z_R	100.000	24	0	4.65e-09	48.1
M03520:605:000000000-LVNKY:1:1101:13309:12964;size=140	RH.B9EF730EBE6C436Z0Z_F	100.000	25	0	1.18e-09	50.1
M03520:605:000000000-LVNKY:1:1101:13309:12964;size=140	RH.B9EF730EBE6C436Z0Z_R	100.000	25	0	1.18e-09	50.1
M03520:605:000000000-LVNKY:1:1101:14106:4149;size=131	RH.541A1C9A5856408Z0Z_F	100.000	24	0	4.65e-09	48.1
M03520:605:000000000-LVNKY:1:1105:14947:13095;size=130	RH.6408CE975B5340AZ0Z_F	100.000	26	0	2.98e-10	52.0
M03520:605:000000000-LVNKY:1:1105:14947:13095;size=130	RH.6408CE975B5340AZ0Z_R	96.154	26	1	7.27e-08	44.1
M03520:605:000000000-LVNKY:1:1107:15409:2714;size=126	RH.E253263309B742FZ0Z_F	100.000	26	0	2.98e-10	52.0
M03520:605:000000000-LVNKY:1:1107:15409:2714;size=126	RH.E253263309B742FZ0Z_R	96.154	26	1	7.27e-08	44.1
M03520:605:000000000-LVNKY:1:1101:8246:4476;size=115	RH.DDB83AFF97C94C6Z0Z_R	100.000	25	0	1.18e-09	50.1
M03520:605:000000000-LVNKY:1:1101:8246:4476;size=115	RH.DDB83AFF97C94C6Z0Z_F	100.000	24	0	4.65e-09	48.1
M03520:605:000000000-LVNKY:1:1101:19590:10009;size=114	RH.0096A141894D447Z0Z_F	100.000	24	0	4.65e-09	48.1
M03520:605:000000000-LVNKY:1:1101:12112:18203;size=102	RH.2AFFFBA0E81C482Z0Z_R	100.000	23	0	1.84e-08	46.1
M03520:605:000000000-LVNKY:1:1101:12112:18203;size=102	RH.2AFFFBA0E81C482Z0Z_F	100.000	23	0	1.84e-08	46.1
M03520:605:000000000-LVNKY:1:1107:16794:1770;size=101	RH.27578A9A85FA4A3Z0Z_F	100.000	24	0	4.65e-09	48.1
M03520:605:000000000-LVNKY:1:1107:16794:1770;size=101	RH.27578A9A85FA4A3Z0Z_R	100.000	22	0	7.27e-08	44.1
M03520:605:000000000-LVNKY:1:1104:22406:6035;size=92	RH.DDB83AFF97C94C6Z0Z_R	100.000	25	0	1.18e-09	50.1
M03520:605:000000000-LVNKY:1:1104:22406:6035;size=92	RH.DDB83AFF97C94C6Z0Z_F	100.000	24	0	4.65e-09	48.1
M03520:605:000000000-LVNKY:1:1101:21827:11005;size=85	RH.B9EF730EBE6C436Z0Z_F	100.000	25	0	1.18e-09	50.1
M03520:605:000000000-LVNKY:1:1101:21827:11005;size=85	RH.B9EF730EBE6C436Z0Z_R	100.000	25	0	1.18e-09	50.1
M03520:605:000000000-LVNKY:1:1101:21014:4015;size=81	RH.517A9FBA2B494D5Z0Z_F	100.000	25	0	1.18e-09	50.1
M03520:605:000000000-LVNKY:1:1101:21014:4015;size=81	RH.517A9FBA2B494D5Z0Z_R	100.000	24	0	4.65e-09	48.1
M03520:605:000000000-LVNKY:1:1107:20611:2407;size=79	RH.7CE39E25906745AZ0Z_R	100.000	26	0	2.98e-10	52.0
M03520:605:000000000-LVNKY:1:1107:20611:2407;size=79	RH.7CE39E25906745AZ0Z_F	100.000	25	0	1.18e-09	50.1
M03520:605:000000000-LVNKY:1:1101:11228:14656;size=73	RH.DDB83AFF97C94C6Z0Z_R	100.000	25	0	1.18e-09	50.1
M03520:605:000000000-LVNKY:1:1101:11228:14656;size=73	RH.DDB83AFF97C94C6Z0Z_F	100.000	24	0	4.65e-09	48.1
M03520:605:000000000-LVNKY:1:1101:8875:10044;size=72	RH.6DE797B0D3F544DZ0Z_F	100.000	26	0	2.98e-10	52.0
M03520:605:000000000-LVNKY:1:1101:9219:5576;size=70	RH.6572108A164E48EZ0Z_R	100.000	25	0	1.18e-09	50.1
M03520:605:000000000-LVNKY:1:1101:9219:5576;size=70	RH.F7E3D42951B44CCZ0Z_F	100.000	21	0	2.87e-07	42.1
M03520:605:000000000-LVNKY:1:1101:13421:2187;size=68	RH.78B83B8D6A224B1Z0Z_R	100.000	23	0	1.84e-08	46.1
M03520:605:000000000-LVNKY:1:1101:13421:2187;size=68	RH.78B83B8D6A224B1Z0Z_F	100.000	22	0	7.27e-08	44.1
M03520:605:000000000-LVNKY:1:1101:3026:18542;size=61	RH.2A8AD21024974C0Z0Z_F	100.000	26	0	2.98e-10	52.0
M03520:605:000000000-LVNKY:1:1101:3026:18542;size=61	RH.2A8AD21024974C0Z0Z_R	100.000	25	0	1.18e-09	50.1
M03520:605:000000000-LVNKY:1:1101:17535:5395;size=59	RH.EC6296CB62D84DBZ0Z_R	100.000	23	0	1.84e-08	46.1
M03520:605:000000000-LVNKY:1:1101:17535:5395;size=59	RH.EC6296CB62D84DBZ0Z_F	100.000	23	0	1.84e-08	46.1
M03520:605:000000000-LVNKY:1:1101:21886:11733;size=56	RH.78B83B8D6A224B1Z0Z_R	100.000	23	0	1.84e-08	46.1
M03520:605:000000000-LVNKY:1:1101:21886:11733;size=56	RH.78B83B8D6A224B1Z0Z_F	100.000	22	0	7.27e-08	44.1
M03520:605:000000000-LVNKY:1:1102:26882:15433;size=56	RH.CA1E204B0C0842DZ0Z_F	100.000	26	0	2.98e-10	52.0
M03520:605:000000000-LVNKY:1:1102:26882:15433;size=56	RH.E04EE94198274F7Z0Z_F	100.000	25	0	1.18e-09	50.1
M03520:605:000000000-LVNKY:1:1102:26882:15433;size=56	RH.CA1E204B0C0842DZ0Z_R	100.000	24	0	4.65e-09	48.1
M03520:605:000000000-LVNKY:1:1101:12483:5374;size=53	RH.1CC74B91718A42FZ0Z_R	100.000	25	0	1.18e-09	50.1
M03520:605:000000000-LVNKY:1:1101:12483:5374;size=53	RH.1CC74B91718A42FZ0Z_F	100.000	24	0	4.65e-09	48.1
M03520:605:000000000-LVNKY:1:1101:14710:9444;size=50	RH.78B83B8D6A224B1Z0Z_R	100.000	23	0	1.84e-08	46.1
M03520:605:000000000-LVNKY:1:1101:14710:9444;size=50	RH.78B83B8D6A224B1Z0Z_F	100.000	22	0	7.27e-08	44.1
M03520:605:000000000-LVNKY:1:1101:25417:14035;size=50	RH.5F6424ABBC3C47BZ0Z_F	100.000	25	0	1.18e-09	50.1
M03520:605:000000000-LVNKY:1:1107:14305:2078;size=50	RH.0096A141894D447Z0Z_F	100.000	24	0	4.65e-09	48.1
M03520:605:000000000-LVNKY:1:1107:14305:2078;size=50	RH.0096A141894D447Z0Z_R	100.000	21	0	2.87e-07	42.1
M03520:605:000000000-LVNKY:1:1101:21978:16801;size=49	RH.0C6EF86AB29A422Z0Z_R	100.000	23	0	1.84e-08	46.1
M03520:605:000000000-LVNKY:1:1101:21978:16801;size=49	RH.0C6EF86AB29A422Z0Z_F	100.000	23	0	1.84e-08	46.1
M03520:605:000000000-LVNKY:1:1102:11894:17297;size=45	RH.DDB83AFF97C94C6Z0Z_R	100.000	25	0	1.18e-09	50.1
M03520:605:000000000-LVNKY:1:1102:11894:17297;size=45	RH.DDB83AFF97C94C6Z0Z_F	100.000	24	0	4.65e-09	48.1
M03520:605:000000000-LVNKY:1:1103:18546:3567;size=42	RH.517A9FBA2B494D5Z0Z_F	100.000	25	0	1.18e-09	50.1
M03520:605:000000000-LVNKY:1:1103:18546:3567;size=42	RH.517A9FBA2B494D5Z0Z_R	100.000	24	0	4.65e-09	48.1
M03520:605:000000000-LVNKY:1:1101:23216:18139;size=40	RH.6572108A164E48EZ0Z_R	100.000	25	0	1.18e-09	50.1
M03520:605:000000000-LVNKY:1:1101:23216:18139;size=40	RH.F7E3D42951B44CCZ0Z_F	100.000	21	0	2.87e-07	42.1
M03520:605:000000000-LVNKY:1:1101:23216:18139;size=40	RH.F7E3D42951B44CCZ0Z_R	100.000	19	0	4.48e-06	38.2
M03520:605:000000000-LVNKY:1:1101:8663:12519;size=38	RH.907BE43FC49F4D0Z0Z_R	100.000	22	0	7.27e-08	44.1
M03520:605:000000000-LVNKY:1:1101:8663:12519;size=38	RH.907BE43FC49F4D0Z0Z_F	100.000	21	0	2.87e-07	42.1
M03520:605:000000000-LVNKY:1:1102:23268:14000;size=38	RH.517A9FBA2B494D5Z0Z_F	100.000	25	0	1.18e-09	50.1
M03520:605:000000000-LVNKY:1:1102:23268:14000;size=38	RH.517A9FBA2B494D5Z0Z_R	100.000	24	0	4.65e-09	48.1
M03520:605:000000000-LVNKY:1:1101:14125:16891;size=37	RH.8B25A056ABC1444Z0Z_R	100.000	24	0	4.65e-09	48.1
M03520:605:000000000-LVNKY:1:1101:14125:16891;size=37	RH.8B25A056ABC1444Z0Z_F	100.000	22	0	7.27e-08	44.1
M03520:605:000000000-LVNKY:1:1101:12100:21181;size=36	RH.5F6424ABBC3C47BZ0Z_F	100.000	25	0	1.18e-09	50.1
M03520:605:000000000-LVNKY:1:1101:4135:8084;size=35	RH.E253263309B742FZ0Z_R	100.000	26	0	2.98e-10	52.0
M03520:605:000000000-LVNKY:1:1101:4135:8084;size=35	RH.E253263309B742FZ0Z_F	100.000	26	0	2.98e-10	52.0
M03520:605:000000000-LVNKY:1:1101:22632:14449;size=33	RH.27578A9A85FA4A3Z0Z_R	100.000	22	0	7.27e-08	44.1
M03520:605:000000000-LVNKY:1:1101:8164:9521;size=33	RH.72B9E3F522264B3Z0Z_F	100.000	22	0	7.27e-08	44.1
M03520:605:000000000-LVNKY:1:1101:10298:13805;size=32	RH.9726AFF14C0D4B3Z0Z_R	100.000	25	0	1.18e-09	50.1
M03520:605:000000000-LVNKY:1:1101:10298:13805;size=32	RH.9726AFF14C0D4B3Z0Z_F	100.000	24	0	4.65e-09	48.1
M03520:605:000000000-LVNKY:1:1108:10691:7150;size=32	RH.6408CE975B5340AZ0Z_F	100.000	26	0	2.98e-10	52.0
M03520:605:000000000-LVNKY:1:1108:10691:7150;size=32	RH.6408CE975B5340AZ0Z_R	96.154	26	1	7.27e-08	44.1
M03520:605:000000000-LVNKY:1:1101:21579:8814;size=29	RH.77300263E6F14F3Z0Z_F	100.000	24	0	4.65e-09	48.1
M03520:605:000000000-LVNKY:1:1101:21579:8814;size=29	RH.77300263E6F14F3Z0Z_R	100.000	23	0	1.84e-08	46.1
M03520:605:000000000-LVNKY:1:1103:14341:10271;size=28	RH.72B9E3F522264B3Z0Z_F	100.000	22	0	7.27e-08	44.1
M03520:605:000000000-LVNKY:1:1103:14341:10271;size=28	RH.72B9E3F522264B3Z0Z_R	100.000	20	0	1.13e-06	40.1
M03520:605:000000000-LVNKY:1:1107:15611:4628;size=28	RH.8B25A056ABC1444Z0Z_F	100.000	25	0	1.18e-09	50.1
M03520:605:000000000-LVNKY:1:1107:15611:4628;size=28	RH.8B25A056ABC1444Z0Z_R	95.833	24	1	1.13e-06	40.1
M03520:605:000000000-LVNKY:1:1101:11581:4455;size=27	RH.890B81E97F0542FZ0Z_R	100.000	26	0	2.98e-10	52.0
M03520:605:000000000-LVNKY:1:1101:11581:4455;size=27	RH.890B81E97F0542FZ0Z_F	100.000	25	0	1.18e-09	50.1
M03520:605:000000000-LVNKY:1:1101:13848:5376;size=27	RH.2A8AD21024974C0Z0Z_F	100.000	26	0	2.98e-10	52.0
M03520:605:000000000-LVNKY:1:1101:13848:5376;size=27	RH.2A8AD21024974C0Z0Z_R	100.000	25	0	1.18e-09	50.1
M03520:605:000000000-LVNKY:1:1101:18536:20689;size=27	RH.85A5303CAAF54ADZ0Z_R	100.000	22	0	7.27e-08	44.1
M03520:605:000000000-LVNKY:1:1101:18536:20689;size=27	RH.85A5303CAAF54ADZ0Z_F	100.000	21	0	2.87e-07	42.1
M03520:605:000000000-LVNKY:1:1101:24109:13426;size=27	RH.E04EE94198274F7Z0Z_F	100.000	25	0	1.18e-09	50.1
M03520:605:000000000-LVNKY:1:1101:24109:13426;size=27	RH.E04EE94198274F7Z0Z_R	95.833	24	1	1.13e-06	40.1
M03520:605:000000000-LVNKY:1:1101:28158:10148;size=27	RH.27578A9A85FA4A3Z0Z_F	100.000	24	0	4.65e-09	48.1
M03520:605:000000000-LVNKY:1:1101:28158:10148;size=27	RH.27578A9A85FA4A3Z0Z_R	100.000	22	0	7.27e-08	44.1
M03520:605:000000000-LVNKY:1:1101:9033:20021;size=27	RH.0BD19D1A26A74EBZ0Z_F	100.000	25	0	1.18e-09	50.1
M03520:605:000000000-LVNKY:1:1101:9033:20021;size=27	RH.0BD19D1A26A74EBZ0Z_R	100.000	24	0	4.65e-09	48.1
M03520:605:000000000-LVNKY:1:1107:20378:6976;size=27	RH.DDB83AFF97C94C6Z0Z_R	100.000	25	0	1.18e-09	50.1
M03520:605:000000000-LVNKY:1:1107:20378:6976;size=27	RH.DDB83AFF97C94C6Z0Z_F	100.000	24	0	4.65e-09	48.1
M03520:605:000000000-LVNKY:1:1101:14768:14094;size=26	RH.3D465DB261444C9Z0Z_F	100.000	24	0	4.65e-09	48.1
M03520:605:000000000-LVNKY:1:1101:14768:14094;size=26	RH.3D465DB261444C9Z0Z_R	100.000	23	0	1.84e-08	46.1
M03520:605:000000000-LVNKY:1:1101:8909:9878;size=26	RH.C325C496B39E492Z0Z_R	100.000	22	0	7.27e-08	44.1
M03520:605:000000000-LVNKY:1:1101:8909:9878;size=26	RH.C325C496B39E492Z0Z_F	100.000	22	0	7.27e-08	44.1
M03520:605:000000000-LVNKY:1:1102:17989:3405;size=26	RH.6408CE975B5340AZ0Z_R	100.000	26	0	2.98e-10	52.0
M03520:605:000000000-LVNKY:1:1102:17989:3405;size=26	RH.6408CE975B5340AZ0Z_F	100.000	26	0	2.98e-10	52.0
M03520:605:000000000-LVNKY:1:1101:16248:26539;size=25	RH.72B9E3F522264B3Z0Z_F	100.000	22	0	7.27e-08	44.1
M03520:605:000000000-LVNKY:1:1101:24510:10348;size=25	RH.E253263309B742FZ0Z_R	100.000	26	0	2.98e-10	52.0
M03520:605:000000000-LVNKY:1:1101:24510:10348;size=25	RH.E253263309B742FZ0Z_F	100.000	26	0	2.98e-10	52.0
M03520:605:000000000-LVNKY:1:1101:26902:18022;size=25	RH.228524764FCE499Z0Z_F	100.000	24	0	4.65e-09	48.1
M03520:605:000000000-LVNKY:1:1101:26902:18022;size=25	RH.228524764FCE499Z0Z_R	100.000	22	0	7.27e-08	44.1
M03520:605:000000000-LVNKY:1:1101:8036:9042;size=25	RH.78B83B8D6A224B1Z0Z_R	100.000	23	0	1.84e-08	46.1
M03520:605:000000000-LVNKY:1:1101:8036:9042;size=25	RH.78B83B8D6A224B1Z0Z_F	100.000	22	0	7.27e-08	44.1
M03520:605:000000000-LVNKY:1:1101:24268:21883;size=24	RH.B9EF730EBE6C436Z0Z_R	100.000	25	0	1.18e-09	50.1
M03520:605:000000000-LVNKY:1:1101:24268:21883;size=24	RH.3B2B2BB86AB94D3Z0Z_F	100.000	21	0	2.87e-07	42.1
M03520:605:000000000-LVNKY:1:1101:24268:21883;size=24	RH.64613722763148BZ0Z_R	100.000	19	0	4.48e-06	38.2
M03520:605:000000000-LVNKY:1:1101:24880:17045;size=24	RH.27578A9A85FA4A3Z0Z_F	100.000	24	0	4.65e-09	48.1
M03520:605:000000000-LVNKY:1:1101:24880:17045;size=24	RH.27578A9A85FA4A3Z0Z_R	100.000	22	0	7.27e-08	44.1
M03520:605:000000000-LVNKY:1:1101:16847:27111;size=23	RH.DDB83AFF97C94C6Z0Z_R	100.000	25	0	1.18e-09	50.1
M03520:605:000000000-LVNKY:1:1101:16847:27111;size=23	RH.DDB83AFF97C94C6Z0Z_F	100.000	24	0	4.65e-09	48.1
M03520:605:000000000-LVNKY:1:1101:23836:15094;size=23	RH.0096A141894D447Z0Z_F	100.000	24	0	4.65e-09	48.1
M03520:605:000000000-LVNKY:1:1101:23880:15202;size=23	RH.B9EF730EBE6C436Z0Z_R	100.000	25	0	1.18e-09	50.1
M03520:605:000000000-LVNKY:1:1101:23880:15202;size=23	RH.609947B6947F457Z0Z_F	100.000	21	0	2.87e-07	42.1
M03520:605:000000000-LVNKY:1:1101:23880:15202;size=23	RH.A12CDF2B5C80436Z0Z_R	100.000	20	0	1.13e-06	40.1
M03520:605:000000000-LVNKY:1:1104:10283:22953;size=23	RH.65A22C27EE034ECZ0Z_R	100.000	25	0	1.18e-09	50.1
M03520:605:000000000-LVNKY:1:1104:10283:22953;size=23	RH.65A22C27EE034ECZ0Z_F	100.000	25	0	1.18e-09	50.1
M03520:605:000000000-LVNKY:1:1101:11626:23585;size=22	RH.DDB83AFF97C94C6Z0Z_F	100.000	24	0	4.65e-09	48.1
M03520:605:000000000-LVNKY:1:1101:11626:23585;size=22	RH.DDB83AFF97C94C6Z0Z_R	100.000	19	0	4.48e-06	38.2
M03520:605:000000000-LVNKY:1:1101:11626:23585;size=22	RH.256B9DD95E5E4EDZ0Z_R	100.000	19	0	4.48e-06	38.2
M03520:605:000000000-LVNKY:1:1101:12070:3277;size=22	RH.6408CE975B5340AZ0Z_R	100.000	26	0	2.98e-10	52.0
M03520:605:000000000-LVNKY:1:1101:12070:3277;size=22	RH.6408CE975B5340AZ0Z_F	100.000	26	0	2.98e-10	52.0
M03520:605:000000000-LVNKY:1:1101:23113:11888;size=22	RH.40933F98BDDD40FZ0Z_F	100.000	25	0	1.18e-09	50.1
M03520:605:000000000-LVNKY:1:1101:23113:11888;size=22	RH.40933F98BDDD40FZ0Z_R	100.000	24	0	4.65e-09	48.1
M03520:605:000000000-LVNKY:1:1101:23187:23010;size=22	RH.6DE797B0D3F544DZ0Z_F	100.000	26	0	2.98e-10	52.0
M03520:605:000000000-LVNKY:1:1101:8825:11892;size=22	RH.B9EF730EBE6C436Z0Z_R	100.000	25	0	1.18e-09	50.1
M03520:605:000000000-LVNKY:1:1101:8825:11892;size=22	RH.609947B6947F457Z0Z_F	100.000	21	0	2.87e-07	42.1
M03520:605:000000000-LVNKY:1:1101:8825:11892;size=22	RH.A12CDF2B5C80436Z0Z_R	100.000	20	0	1.13e-06	40.1
M03520:605:000000000-LVNKY:1:1107:12975:3557;size=22	RH.228524764FCE499Z0Z_F	100.000	24	0	4.65e-09	48.1
M03520:605:000000000-LVNKY:1:1107:12975:3557;size=22	RH.228524764FCE499Z0Z_R	95.833	24	1	1.13e-06	40.1
M03520:605:000000000-LVNKY:1:1107:17962:2291;size=22	RH.0C6EF86AB29A422Z0Z_R	100.000	23	0	1.84e-08	46.1
M03520:605:000000000-LVNKY:1:1107:17962:2291;size=22	RH.0C6EF86AB29A422Z0Z_F	100.000	23	0	1.84e-08	46.1
M03520:605:000000000-LVNKY:1:1107:22672:7260;size=22	RH.51338FA06EDB4F0Z0Z_R	100.000	25	0	1.18e-09	50.1
M03520:605:000000000-LVNKY:1:1107:22672:7260;size=22	RH.51338FA06EDB4F0Z0Z_F	100.000	25	0	1.18e-09	50.1
M03520:605:000000000-LVNKY:1:1101:11249:13941;size=21	RH.E50C44E6F0174B8Z0Z_F	100.000	22	0	7.27e-08	44.1
M03520:605:000000000-LVNKY:1:1101:11249:13941;size=21	RH.E50C44E6F0174B8Z0Z_R	100.000	22	0	7.27e-08	44.1
M03520:605:000000000-LVNKY:1:1101:11669:25994;size=21	RH.B9EF730EBE6C436Z0Z_R	100.000	25	0	1.18e-09	50.1
M03520:605:000000000-LVNKY:1:1101:11669:25994;size=21	RH.B9EF730EBE6C436Z0Z_F	100.000	22	0	7.27e-08	44.1
M03520:605:000000000-LVNKY:1:1101:16442:2747;size=21	RH.B9EF730EBE6C436Z0Z_R	100.000	25	0	1.18e-09	50.1
M03520:605:000000000-LVNKY:1:1101:16442:2747;size=21	RH.B9EF730EBE6C436Z0Z_F	100.000	25	0	1.18e-09	50.1
M03520:605:000000000-LVNKY:1:1101:18982:3670;size=21	RH.7CE39E25906745AZ0Z_R	100.000	26	0	2.98e-10	52.0
M03520:605:000000000-LVNKY:1:1101:18982:3670;size=21	RH.7CE39E25906745AZ0Z_F	100.000	25	0	1.18e-09	50.1
M03520:605:000000000-LVNKY:1:1102:12469:5582;size=21	RH.B9EF730EBE6C436Z0Z_R	100.000	25	0	1.18e-09	50.1
M03520:605:000000000-LVNKY:1:1102:12469:5582;size=21	RH.3B2B2BB86AB94D3Z0Z_F	100.000	21	0	2.87e-07	42.1
M03520:605:000000000-LVNKY:1:1102:12469:5582;size=21	RH.64613722763148BZ0Z_R	100.000	19	0	4.48e-06	38.2
M03520:605:000000000-LVNKY:1:1102:23032:8596;size=21	RH.6572108A164E48EZ0Z_R	100.000	25	0	1.18e-09	50.1
M03520:605:000000000-LVNKY:1:1102:23032:8596;size=21	RH.6572108A164E48EZ0Z_F	100.000	24	0	4.65e-09	48.1
M03520:605:000000000-LVNKY:1:1101:16803:7761;size=20	RH.B9EF730EBE6C436Z0Z_R	100.000	25	0	1.18e-09	50.1
M03520:605:000000000-LVNKY:1:1101:16803:7761;size=20	RH.3B2B2BB86AB94D3Z0Z_F	100.000	21	0	2.87e-07	42.1
M03520:605:000000000-LVNKY:1:1101:16803:7761;size=20	RH.64613722763148BZ0Z_R	100.000	19	0	4.48e-06	38.2
M03520:605:000000000-LVNKY:1:1102:13903:11349;size=20	RH.B9EF730EBE6C436Z0Z_R	100.000	25	0	1.18e-09	50.1
M03520:605:000000000-LVNKY:1:1102:13903:11349;size=20	RH.3B2B2BB86AB94D3Z0Z_F	100.000	21	0	2.87e-07	42.1
M03520:605:000000000-LVNKY:1:1102:13903:11349;size=20	RH.64613722763148BZ0Z_R	100.000	19	0	4.48e-06	38.2
M03520:605:000000000-LVNKY:1:1102:24548:10518;size=20	RH.B9EF730EBE6C436Z0Z_R	100.000	25	0	1.18e-09	50.1
M03520:605:000000000-LVNKY:1:1107:17540:4584;size=20	RH.25F43EF2A0F1421Z0Z_F	100.000	24	0	4.65e-09	48.1
M03520:605:000000000-LVNKY:1:1107:17540:4584;size=20	RH.25F43EF2A0F1421Z0Z_R	100.000	21	0	2.87e-07	42.1
M03520:605:000000000-LVNKY:1:1101:15377:10658;size=19	RH.72B9E3F522264B3Z0Z_F	100.000	22	0	7.27e-08	44.1
M03520:605:000000000-LVNKY:1:1101:15377:10658;size=19	RH.72B9E3F522264B3Z0Z_R	100.000	20	0	1.13e-06	40.1
M03520:605:000000000-LVNKY:1:1101:16172:16119;size=19	RH.E253263309B742FZ0Z_R	100.000	26	0	2.98e-10	52.0
M03520:605:000000000-LVNKY:1:1101:11805:3463;size=18	RH.2A8AD21024974C0Z0Z_F	100.000	26	0	2.98e-10	52.0
M03520:605:000000000-LVNKY:1:1101:11805:3463;size=18	RH.2A8AD21024974C0Z0Z_R	100.000	25	0	1.18e-09	50.1
M03520:605:000000000-LVNKY:1:1101:21413:21728;size=18	RH.6408CE975B5340AZ0Z_R	100.000	26	0	2.98e-10	52.0
M03520:605:000000000-LVNKY:1:1101:21413:21728;size=18	RH.6408CE975B5340AZ0Z_F	100.000	22	0	7.27e-08	44.1
M03520:605:000000000-LVNKY:1:1102:17879:4353;size=18	RH.27578A9A85FA4A3Z0Z_F	100.000	24	0	4.65e-09	48.1
M03520:605:000000000-LVNKY:1:1107:18311:5942;size=18	RH.BE09C1F6EE4B426Z0Z_R	100.000	23	0	1.84e-08	46.1
M03520:605:000000000-LVNKY:1:1107:18311:5942;size=18	RH.BE09C1F6EE4B426Z0Z_F	100.000	22	0	7.27e-08	44.1
M03520:605:000000000-LVNKY:1:1101:22099:3139;size=17	RH.FDEF34A308684D6Z0Z_F	100.000	24	0	4.65e-09	48.1
M03520:605:000000000-LVNKY:1:1101:28651:16235;size=17	RH.6408CE975B5340AZ0Z_R	100.000	26	0	2.98e-10	52.0
M03520:605:000000000-LVNKY:1:1101:28651:16235;size=17	RH.6408CE975B5340AZ0Z_F	100.000	26	0	2.98e-10	52.0
M03520:605:000000000-LVNKY:1:1101:6066:23075;size=17	RH.B9EF730EBE6C436Z0Z_F	100.000	25	0	1.18e-09	50.1
M03520:605:000000000-LVNKY:1:1101:6066:23075;size=17	RH.B9EF730EBE6C436Z0Z_R	100.000	25	0	1.18e-09	50.1
M03520:605:000000000-LVNKY:1:1102:19623:5590;size=17	RH.B9EF730EBE6C436Z0Z_R	100.000	25	0	1.18e-09	50.1
M03520:605:000000000-LVNKY:1:1102:19623:5590;size=17	RH.B9EF730EBE6C436Z0Z_F	100.000	25	0	1.18e-09	50.1
M03520:605:000000000-LVNKY:1:1102:2765:19131;size=17	RH.B9EF730EBE6C436Z0Z_R	100.000	25	0	1.18e-09	50.1
M03520:605:000000000-LVNKY:1:1102:2765:19131;size=17	RH.B9EF730EBE6C436Z0Z_F	100.000	25	0	1.18e-09	50.1
M03520:605:000000000-LVNKY:1:1103:11672:17035;size=17	RH.E253263309B742FZ0Z_R	100.000	26	0	2.98e-10	52.0
M03520:605:000000000-LVNKY:1:1103:11672:17035;size=17	RH.E253263309B742FZ0Z_F	100.000	26	0	2.98e-10	52.0
M03520:605:000000000-LVNKY:1:1103:5875:14980;size=17	RH.B9EF730EBE6C436Z0Z_R	100.000	25	0	1.18e-09	50.1
M03520:605:000000000-LVNKY:1:1103:5875:14980;size=17	RH.B9EF730EBE6C436Z0Z_F	100.000	25	0	1.18e-09	50.1
M03520:605:000000000-LVNKY:1:1105:16325:4852;size=17	RH.B9EF730EBE6C436Z0Z_F	100.000	25	0	1.18e-09	50.1
M03520:605:000000000-LVNKY:1:1105:16325:4852;size=17	RH.B9EF730EBE6C436Z0Z_R	100.000	25	0	1.18e-09	50.1
M03520:605:000000000-LVNKY:1:1101:10430:26880;size=16	RH.B9EF730EBE6C436Z0Z_R	100.000	25	0	1.18e-09	50.1
M03520:605:000000000-LVNKY:1:1101:10430:26880;size=16	RH.B9EF730EBE6C436Z0Z_F	100.000	25	0	1.18e-09	50.1
M03520:605:000000000-LVNKY:1:1101:16546:13320;size=16	RH.B9EF730EBE6C436Z0Z_R	100.000	25	0	1.18e-09	50.1
M03520:605:000000000-LVNKY:1:1101:16546:13320;size=16	RH.B9EF730EBE6C436Z0Z_F	100.000	25	0	1.18e-09	50.1
M03520:605:000000000-LVNKY:1:1103:6004:11515;size=16	RH.7CE39E25906745AZ0Z_R	100.000	26	0	2.98e-10	52.0
M03520:605:000000000-LVNKY:1:1103:6004:11515;size=16	RH.7CE39E25906745AZ0Z_F	100.000	25	0	1.18e-09	50.1
M03520:605:000000000-LVNKY:1:1104:17361:5597;size=16	RH.6408CE975B5340AZ0Z_R	100.000	26	0	2.98e-10	52.0
M03520:605:000000000-LVNKY:1:1104:17361:5597;size=16	RH.6408CE975B5340AZ0Z_F	100.000	26	0	2.98e-10	52.0
M03520:605:000000000-LVNKY:1:1104:26069:17626;size=16	RH.E253263309B742FZ0Z_R	100.000	26	0	2.98e-10	52.0
M03520:605:000000000-LVNKY:1:1104:26069:17626;size=16	RH.E253263309B742FZ0Z_F	100.000	26	0	2.98e-10	52.0
M03520:605:000000000-LVNKY:1:1104:26504:23344;size=16	RH.6408CE975B5340AZ0Z_R	100.000	26	0	2.98e-10	52.0
M03520:605:000000000-LVNKY:1:1104:26504:23344;size=16	RH.6408CE975B5340AZ0Z_F	100.000	26	0	2.98e-10	52.0
M03520:605:000000000-LVNKY:1:1107:17452:4775;size=16	RH.04A0205BEA6C49EZ0Z_F	100.000	23	0	1.84e-08	46.1
M03520:605:000000000-LVNKY:1:1107:17452:4775;size=16	RH.04A0205BEA6C49EZ0Z_R	95.833	24	1	1.13e-06	40.1
M03520:605:000000000-LVNKY:1:1101:14257:21667;size=15	RH.69CEA0AC39F4445Z0Z_R	100.000	23	0	1.84e-08	46.1
M03520:605:000000000-LVNKY:1:1101:14257:21667;size=15	RH.3B2B2BB86AB94D3Z0Z_F	100.000	21	0	2.87e-07	42.1
M03520:605:000000000-LVNKY:1:1101:14257:21667;size=15	RH.64613722763148BZ0Z_R	100.000	19	0	4.48e-06	38.2
M03520:605:000000000-LVNKY:1:1101:16464:5909;size=15	RH.B9EF730EBE6C436Z0Z_R	100.000	25	0	1.18e-09	50.1
M03520:605:000000000-LVNKY:1:1101:16464:5909;size=15	RH.B9EF730EBE6C436Z0Z_F	100.000	25	0	1.18e-09	50.1
M03520:605:000000000-LVNKY:1:1101:19014:23211;size=15	RH.B9EF730EBE6C436Z0Z_R	100.000	25	0	1.18e-09	50.1
M03520:605:000000000-LVNKY:1:1102:10345:22881;size=15	RH.27578A9A85FA4A3Z0Z_F	100.000	23	0	1.84e-08	46.1
M03520:605:000000000-LVNKY:1:1102:10345:22881;size=15	RH.27578A9A85FA4A3Z0Z_R	100.000	22	0	7.27e-08	44.1
M03520:605:000000000-LVNKY:1:1103:14033:12895;size=15	RH.E253263309B742FZ0Z_F	100.000	26	0	2.98e-10	52.0
M03520:605:000000000-LVNKY:1:1103:14033:12895;size=15	RH.E253263309B742FZ0Z_R	100.000	26	0	2.98e-10	52.0
M03520:605:000000000-LVNKY:1:1105:19988:11120;size=15	RH.72B9E3F522264B3Z0Z_F	100.000	22	0	7.27e-08	44.1
M03520:605:000000000-LVNKY:1:1107:14286:2542;size=15	RH.2AFFFBA0E81C482Z0Z_R	100.000	23	0	1.84e-08	46.1
M03520:605:000000000-LVNKY:1:1107:14286:2542;size=15	RH.2AFFFBA0E81C482Z0Z_F	100.000	23	0	1.84e-08	46.1
M03520:605:000000000-LVNKY:1:1107:21312:2791;size=15	RH.E04EE94198274F7Z0Z_F	100.000	25	0	1.18e-09	50.1
M03520:605:000000000-LVNKY:1:1107:21312:2791;size=15	RH.E04EE94198274F7Z0Z_R	95.833	24	1	1.13e-06	40.1
M03520:605:000000000-LVNKY:1:1101:13948:17933;size=14	RH.5F6424ABBC3C47BZ0Z_F	100.000	23	0	1.84e-08	46.1
M03520:605:000000000-LVNKY:1:1101:17606:2109;size=14	RH.7CE39E25906745AZ0Z_R	100.000	26	0	2.98e-10	52.0
M03520:605:000000000-LVNKY:1:1101:17606:2109;size=14	RH.7CE39E25906745AZ0Z_F	100.000	25	0	1.18e-09	50.1
M03520:605:000000000-LVNKY:1:1101:21550:4658;size=14	RH.E253263309B742FZ0Z_F	100.000	26	0	2.98e-10	52.0
M03520:605:000000000-LVNKY:1:1101:21550:4658;size=14	RH.E253263309B742FZ0Z_R	100.000	26	0	2.98e-10	52.0
M03520:605:000000000-LVNKY:1:1101:25061:12542;size=14	RH.B9EF730EBE6C436Z0Z_F	100.000	25	0	1.18e-09	50.1
M03520:605:000000000-LVNKY:1:1101:25061:12542;size=14	RH.B9EF730EBE6C436Z0Z_R	100.000	25	0	1.18e-09	50.1
M03520:605:000000000-LVNKY:1:1101:8819:9181;size=14	RH.B9EF730EBE6C436Z0Z_F	100.000	25	0	1.18e-09	50.1
M03520:605:000000000-LVNKY:1:1101:8819:9181;size=14	RH.B9EF730EBE6C436Z0Z_R	100.000	25	0	1.18e-09	50.1
M03520:605:000000000-LVNKY:1:1101:8976:13724;size=14	RH.E253263309B742FZ0Z_R	100.000	26	0	2.98e-10	52.0
M03520:605:000000000-LVNKY:1:1101:8976:13724;size=14	RH.E253263309B742FZ0Z_F	100.000	26	0	2.98e-10	52.0
M03520:605:000000000-LVNKY:1:1102:10831:12054;size=14	RH.B9EF730EBE6C436Z0Z_R	100.000	25	0	1.18e-09	50.1
M03520:605:000000000-LVNKY:1:1102:10831:12054;size=14	RH.B9EF730EBE6C436Z0Z_F	100.000	25	0	1.18e-09	50.1
M03520:605:000000000-LVNKY:1:1102:12861:26372;size=14	RH.0096A141894D447Z0Z_F	100.000	24	0	4.65e-09	48.1
M03520:605:000000000-LVNKY:1:1102:15883:3814;size=14	RH.6408CE975B5340AZ0Z_R	100.000	26	0	2.98e-10	52.0
M03520:605:000000000-LVNKY:1:1102:15883:3814;size=14	RH.6408CE975B5340AZ0Z_F	100.000	26	0	2.98e-10	52.0
M03520:605:000000000-LVNKY:1:1102:23850:10625;size=14	RH.0C6EF86AB29A422Z0Z_R	100.000	23	0	1.84e-08	46.1
M03520:605:000000000-LVNKY:1:1102:23850:10625;size=14	RH.0C6EF86AB29A422Z0Z_F	100.000	21	0	2.87e-07	42.1
M03520:605:000000000-LVNKY:1:1102:23850:10625;size=14	RH.FC24D81FC99C4CCZ0Z_F	100.000	19	0	4.48e-06	38.2
M03520:605:000000000-LVNKY:1:1102:24900:13618;size=14	RH.6408CE975B5340AZ0Z_R	100.000	26	0	2.98e-10	52.0
M03520:605:000000000-LVNKY:1:1102:24900:13618;size=14	RH.6408CE975B5340AZ0Z_F	100.000	26	0	2.98e-10	52.0
M03520:605:000000000-LVNKY:1:1103:10851:26813;size=14	RH.E253263309B742FZ0Z_R	100.000	26	0	2.98e-10	52.0
M03520:605:000000000-LVNKY:1:1103:10851:26813;size=14	RH.E253263309B742FZ0Z_F	100.000	26	0	2.98e-10	52.0
M03520:605:000000000-LVNKY:1:1103:21391:7135;size=14	RH.F2F19E4203944BDZ0Z_R	100.000	22	0	7.27e-08	44.1
M03520:605:000000000-LVNKY:1:1103:21391:7135;size=14	RH.F2F19E4203944BDZ0Z_F	100.000	22	0	7.27e-08	44.1
M03520:605:000000000-LVNKY:1:1103:23812:14535;size=14	RH.2A8AD21024974C0Z0Z_F	100.000	26	0	2.98e-10	52.0
M03520:605:000000000-LVNKY:1:1103:23812:14535;size=14	RH.2A8AD21024974C0Z0Z_R	100.000	25	0	1.18e-09	50.1
M03520:605:000000000-LVNKY:1:1103:24144:13422;size=14	RH.5F6424ABBC3C47BZ0Z_F	100.000	25	0	1.18e-09	50.1
M03520:605:000000000-LVNKY:1:1103:26208:13350;size=14	RH.2A8AD21024974C0Z0Z_F	100.000	26	0	2.98e-10	52.0
M03520:605:000000000-LVNKY:1:1103:26208:13350;size=14	RH.2A8AD21024974C0Z0Z_R	100.000	25	0	1.18e-09	50.1
M03520:605:000000000-LVNKY:1:1104:13580:20438;size=14	RH.7CE39E25906745AZ0Z_R	100.000	24	0	4.65e-09	48.1
M03520:605:000000000-LVNKY:1:1105:3297:12731;size=14	RH.E253263309B742FZ0Z_F	100.000	26	0	2.98e-10	52.0
M03520:605:000000000-LVNKY:1:1105:3297:12731;size=14	RH.E253263309B742FZ0Z_R	100.000	26	0	2.98e-10	52.0
M03520:605:000000000-LVNKY:1:1101:13741:24923;size=13	RH.B9EF730EBE6C436Z0Z_R	100.000	25	0	1.18e-09	50.1
M03520:605:000000000-LVNKY:1:1101:13741:24923;size=13	RH.B9EF730EBE6C436Z0Z_F	100.000	25	0	1.18e-09	50.1
M03520:605:000000000-LVNKY:1:1101:15760:9480;size=13	RH.321690A69B1C40DZ0Z_R	100.000	22	0	7.27e-08	44.1
M03520:605:000000000-LVNKY:1:1101:15760:9480;size=13	RH.321690A69B1C40DZ0Z_F	100.000	21	0	2.87e-07	42.1
M03520:605:000000000-LVNKY:1:1101:22639:26206;size=13	RH.2091F326F74640CZ0Z_R	100.000	22	0	7.27e-08	44.1
M03520:605:000000000-LVNKY:1:1101:22639:26206;size=13	RH.2091F326F74640CZ0Z_F	100.000	22	0	7.27e-08	44.1
M03520:605:000000000-LVNKY:1:1101:23921:18180;size=13	RH.B9EF730EBE6C436Z0Z_F	100.000	25	0	1.18e-09	50.1
M03520:605:000000000-LVNKY:1:1101:23921:18180;size=13	RH.B9EF730EBE6C436Z0Z_R	100.000	25	0	1.18e-09	50.1
M03520:605:000000000-LVNKY:1:1101:25092:6617;size=13	RH.6408CE975B5340AZ0Z_R	100.000	26	0	2.98e-10	52.0
M03520:605:000000000-LVNKY:1:1101:25092:6617;size=13	RH.6408CE975B5340AZ0Z_F	100.000	26	0	2.98e-10	52.0
M03520:605:000000000-LVNKY:1:1101:4047:22049;size=13	RH.B9EF730EBE6C436Z0Z_R	100.000	25	0	1.18e-09	50.1
M03520:605:000000000-LVNKY:1:1101:4047:22049;size=13	RH.B9EF730EBE6C436Z0Z_F	100.000	25	0	1.18e-09	50.1
M03520:605:000000000-LVNKY:1:1102:11037:21810;size=13	RH.159AE449CD74409Z0Z_R	100.000	23	0	1.84e-08	46.1
M03520:605:000000000-LVNKY:1:1102:11037:21810;size=13	RH.159AE449CD74409Z0Z_F	100.000	22	0	7.27e-08	44.1
M03520:605:000000000-LVNKY:1:1102:14968:20959;size=13	RH.B9EF730EBE6C436Z0Z_R	100.000	25	0	1.18e-09	50.1
M03520:605:000000000-LVNKY:1:1102:14968:20959;size=13	RH.B9EF730EBE6C436Z0Z_F	100.000	23	0	1.84e-08	46.1
M03520:605:000000000-LVNKY:1:1103:11377:18560;size=13	RH.7CE39E25906745AZ0Z_R	100.000	26	0	2.98e-10	52.0
M03520:605:000000000-LVNKY:1:1103:11377:18560;size=13	RH.7CE39E25906745AZ0Z_F	100.000	25	0	1.18e-09	50.1
M03520:605:000000000-LVNKY:1:1103:14420:21940;size=13	RH.DDB83AFF97C94C6Z0Z_R	100.000	25	0	1.18e-09	50.1
M03520:605:000000000-LVNKY:1:1103:14420:21940;size=13	RH.DDB83AFF97C94C6Z0Z_F	100.000	24	0	4.65e-09	48.1
M03520:605:000000000-LVNKY:1:1103:23780:6751;size=13	RH.E253263309B742FZ0Z_R	100.000	26	0	2.98e-10	52.0
M03520:605:000000000-LVNKY:1:1103:23780:6751;size=13	RH.E253263309B742FZ0Z_F	100.000	26	0	2.98e-10	52.0
M03520:605:000000000-LVNKY:1:1103:4529:15153;size=13	RH.E253263309B742FZ0Z_R	100.000	26	0	2.98e-10	52.0
M03520:605:000000000-LVNKY:1:1103:4529:15153;size=13	RH.E253263309B742FZ0Z_F	100.000	26	0	2.98e-10	52.0
M03520:605:000000000-LVNKY:1:1107:23718:4263;size=13	RH.CA1E204B0C0842DZ0Z_F	100.000	26	0	2.98e-10	52.0
M03520:605:000000000-LVNKY:1:1107:23718:4263;size=13	RH.CA1E204B0C0842DZ0Z_R	100.000	24	0	4.65e-09	48.1
M03520:605:000000000-LVNKY:1:1101:14704:22331;size=12	RH.B9EF730EBE6C436Z0Z_R	100.000	25	0	1.18e-09	50.1
M03520:605:000000000-LVNKY:1:1101:14704:22331;size=12	RH.B9EF730EBE6C436Z0Z_F	100.000	25	0	1.18e-09	50.1
M03520:605:000000000-LVNKY:1:1101:15479:10777;size=12	RH.E253263309B742FZ0Z_F	100.000	26	0	2.98e-10	52.0
M03520:605:000000000-LVNKY:1:1101:15479:10777;size=12	RH.E253263309B742FZ0Z_R	96.154	26	1	7.27e-08	44.1
M03520:605:000000000-LVNKY:1:1101:18805:3539;size=12	RH.27578A9A85FA4A3Z0Z_F	100.000	24	0	4.65e-09	48.1
M03520:605:000000000-LVNKY:1:1101:18805:3539;size=12	RH.27578A9A85FA4A3Z0Z_R	100.000	22	0	7.27e-08	44.1
M03520:605:000000000-LVNKY:1:1101:19100:11348;size=12	RH.517A9FBA2B494D5Z0Z_F	100.000	25	0	1.18e-09	50.1
M03520:605:000000000-LVNKY:1:1101:19100:11348;size=12	RH.517A9FBA2B494D5Z0Z_R	100.000	24	0	4.65e-09	48.1
M03520:605:000000000-LVNKY:1:1101:20501:11183;size=12	RH.6408CE975B5340AZ0Z_R	100.000	26	0	2.98e-10	52.0
M03520:605:000000000-LVNKY:1:1101:20501:11183;size=12	RH.6408CE975B5340AZ0Z_F	100.000	26	0	2.98e-10	52.0
M03520:605:000000000-LVNKY:1:1101:22089:17220;size=12	RH.0180E4AB5822472Z0Z_R	100.000	25	0	1.18e-09	50.1
M03520:605:000000000-LVNKY:1:1101:22089:17220;size=12	RH.0180E4AB5822472Z0Z_F	100.000	23	0	1.84e-08	46.1
M03520:605:000000000-LVNKY:1:1101:23262:18028;size=12	RH.6408CE975B5340AZ0Z_R	100.000	26	0	2.98e-10	52.0
M03520:605:000000000-LVNKY:1:1101:23262:18028;size=12	RH.6408CE975B5340AZ0Z_F	100.000	26	0	2.98e-10	52.0
M03520:605:000000000-LVNKY:1:1102:10490:17873;size=12	RH.B9EF730EBE6C436Z0Z_F	100.000	25	0	1.18e-09	50.1
M03520:605:000000000-LVNKY:1:1102:10490:17873;size=12	RH.B9EF730EBE6C436Z0Z_R	100.000	25	0	1.18e-09	50.1
M03520:605:000000000-LVNKY:1:1102:11013:27283;size=12	RH.27578A9A85FA4A3Z0Z_F	100.000	24	0	4.65e-09	48.1
M03520:605:000000000-LVNKY:1:1102:11013:27283;size=12	RH.27578A9A85FA4A3Z0Z_R	100.000	22	0	7.27e-08	44.1
M03520:605:000000000-LVNKY:1:1102:17423:19333;size=12	RH.B9EF730EBE6C436Z0Z_F	100.000	25	0	1.18e-09	50.1
M03520:605:000000000-LVNKY:1:1102:17423:19333;size=12	RH.B9EF730EBE6C436Z0Z_R	100.000	25	0	1.18e-09	50.1
M03520:605:000000000-LVNKY:1:1102:22177:25111;size=12	RH.27578A9A85FA4A3Z0Z_F	100.000	24	0	4.65e-09	48.1
M03520:605:000000000-LVNKY:1:1102:22177:25111;size=12	RH.27578A9A85FA4A3Z0Z_R	100.000	22	0	7.27e-08	44.1
M03520:605:000000000-LVNKY:1:1102:22657:10393;size=12	RH.27578A9A85FA4A3Z0Z_F	100.000	24	0	4.65e-09	48.1
M03520:605:000000000-LVNKY:1:1102:25636:18321;size=12	RH.27578A9A85FA4A3Z0Z_F	100.000	24	0	4.65e-09	48.1
M03520:605:000000000-LVNKY:1:1102:6007:12749;size=12	RH.E253263309B742FZ0Z_R	100.000	26	0	2.98e-10	52.0
M03520:605:000000000-LVNKY:1:1102:6007:12749;size=12	RH.E253263309B742FZ0Z_F	100.000	26	0	2.98e-10	52.0
M03520:605:000000000-LVNKY:1:1102:8981:11380;size=12	RH.6572108A164E48EZ0Z_R	100.000	25	0	1.18e-09	50.1
M03520:605:000000000-LVNKY:1:1102:8981:11380;size=12	RH.6572108A164E48EZ0Z_F	100.000	24	0	4.65e-09	48.1
M03520:605:000000000-LVNKY:1:1103:13835:12089;size=12	RH.7CE39E25906745AZ0Z_R	100.000	24	0	4.65e-09	48.1
M03520:605:000000000-LVNKY:1:1103:16730:11162;size=12	RH.B9EF730EBE6C436Z0Z_R	100.000	25	0	1.18e-09	50.1
M03520:605:000000000-LVNKY:1:1103:24171:22540;size=12	RH.6408CE975B5340AZ0Z_R	100.000	26	0	2.98e-10	52.0
M03520:605:000000000-LVNKY:1:1103:24171:22540;size=12	RH.6408CE975B5340AZ0Z_F	100.000	26	0	2.98e-10	52.0
M03520:605:000000000-LVNKY:1:1103:24392:18474;size=12	RH.F2F19E4203944BDZ0Z_F	100.000	22	0	7.27e-08	44.1
M03520:605:000000000-LVNKY:1:1103:25898:6052;size=12	RH.7CE39E25906745AZ0Z_R	100.000	26	0	2.98e-10	52.0
M03520:605:000000000-LVNKY:1:1103:25898:6052;size=12	RH.7CE39E25906745AZ0Z_F	100.000	25	0	1.18e-09	50.1
M03520:605:000000000-LVNKY:1:1103:27333:20169;size=12	RH.6408CE975B5340AZ0Z_R	100.000	26	0	2.98e-10	52.0
M03520:605:000000000-LVNKY:1:1103:27333:20169;size=12	RH.6408CE975B5340AZ0Z_F	100.000	26	0	2.98e-10	52.0
M03520:605:000000000-LVNKY:1:1103:28818:17870;size=12	RH.6408CE975B5340AZ0Z_R	100.000	26	0	2.98e-10	52.0
M03520:605:000000000-LVNKY:1:1103:28818:17870;size=12	RH.6408CE975B5340AZ0Z_F	100.000	26	0	2.98e-10	52.0
M03520:605:000000000-LVNKY:1:1103:7498:25523;size=12	RH.E253263309B742FZ0Z_F	100.000	26	0	2.98e-10	52.0
M03520:605:000000000-LVNKY:1:1103:7498:25523;size=12	RH.E253263309B742FZ0Z_R	100.000	26	0	2.98e-10	52.0
M03520:605:000000000-LVNKY:1:1104:24108:10886;size=12	RH.6408CE975B5340AZ0Z_F	100.000	26	0	2.98e-10	52.0
M03520:605:000000000-LVNKY:1:1104:24108:10886;size=12	RH.6408CE975B5340AZ0Z_R	100.000	24	0	4.65e-09	48.1
M03520:605:000000000-LVNKY:1:1105:7523:4004;size=12	RH.0C6EF86AB29A422Z0Z_R	100.000	23	0	1.84e-08	46.1
M03520:605:000000000-LVNKY:1:1107:16076:7022;size=12	RH.0C6EF86AB29A422Z0Z_R	100.000	23	0	1.84e-08	46.1
M03520:605:000000000-LVNKY:1:1107:16076:7022;size=12	RH.0C6EF86AB29A422Z0Z_F	100.000	23	0	1.84e-08	46.1
M03520:605:000000000-LVNKY:1:1108:19930:4452;size=12	RH.6408CE975B5340AZ0Z_R	100.000	26	0	2.98e-10	52.0
M03520:605:000000000-LVNKY:1:1108:19930:4452;size=12	RH.6408CE975B5340AZ0Z_F	100.000	26	0	2.98e-10	52.0
M03520:605:000000000-LVNKY:1:1110:27487:14743;size=12	RH.7CE39E25906745AZ0Z_R	100.000	26	0	2.98e-10	52.0
M03520:605:000000000-LVNKY:1:1110:27487:14743;size=12	RH.7CE39E25906745AZ0Z_F	100.000	25	0	1.18e-09	50.1
M03520:605:000000000-LVNKY:1:1101:10762:7975;size=11	RH.27578A9A85FA4A3Z0Z_F	100.000	24	0	4.65e-09	48.1
M03520:605:000000000-LVNKY:1:1101:10762:7975;size=11	RH.27578A9A85FA4A3Z0Z_R	100.000	22	0	7.27e-08	44.1
M03520:605:000000000-LVNKY:1:1101:13781:9361;size=11	RH.B9EF730EBE6C436Z0Z_F	100.000	25	0	1.18e-09	50.1
M03520:605:000000000-LVNKY:1:1101:13781:9361;size=11	RH.B9EF730EBE6C436Z0Z_R	100.000	25	0	1.18e-09	50.1
M03520:605:000000000-LVNKY:1:1101:16846:23958;size=11	RH.B9EF730EBE6C436Z0Z_F	100.000	25	0	1.18e-09	50.1
M03520:605:000000000-LVNKY:1:1101:16846:23958;size=11	RH.B9EF730EBE6C436Z0Z_R	100.000	22	0	7.27e-08	44.1
M03520:605:000000000-LVNKY:1:1101:19875:5871;size=11	RH.DDB83AFF97C94C6Z0Z_R	100.000	25	0	1.18e-09	50.1
M03520:605:000000000-LVNKY:1:1101:19875:5871;size=11	RH.DDB83AFF97C94C6Z0Z_F	100.000	24	0	4.65e-09	48.1
M03520:605:000000000-LVNKY:1:1101:26582:12232;size=11	RH.B9EF730EBE6C436Z0Z_F	100.000	25	0	1.18e-09	50.1
M03520:605:000000000-LVNKY:1:1101:26582:12232;size=11	RH.B9EF730EBE6C436Z0Z_R	100.000	25	0	1.18e-09	50.1
M03520:605:000000000-LVNKY:1:1101:27034:9553;size=11	RH.E253263309B742FZ0Z_F	100.000	26	0	2.98e-10	52.0
M03520:605:000000000-LVNKY:1:1101:27034:9553;size=11	RH.E253263309B742FZ0Z_R	100.000	26	0	2.98e-10	52.0
M03520:605:000000000-LVNKY:1:1101:4197:10215;size=11	RH.6408CE975B5340AZ0Z_R	100.000	26	0	2.98e-10	52.0
M03520:605:000000000-LVNKY:1:1101:4197:10215;size=11	RH.6408CE975B5340AZ0Z_F	100.000	26	0	2.98e-10	52.0
M03520:605:000000000-LVNKY:1:1101:6049:5261;size=11	RH.E253263309B742FZ0Z_R	100.000	26	0	2.98e-10	52.0
M03520:605:000000000-LVNKY:1:1101:6049:5261;size=11	RH.E253263309B742FZ0Z_F	100.000	26	0	2.98e-10	52.0
M03520:605:000000000-LVNKY:1:1101:8231:14002;size=11	RH.27578A9A85FA4A3Z0Z_F	100.000	24	0	4.65e-09	48.1
M03520:605:000000000-LVNKY:1:1101:8231:14002;size=11	RH.27578A9A85FA4A3Z0Z_R	100.000	22	0	7.27e-08	44.1
M03520:605:000000000-LVNKY:1:1102:15192:11573;size=11	RH.5F6424ABBC3C47BZ0Z_F	100.000	25	0	1.18e-09	50.1
M03520:605:000000000-LVNKY:1:1102:16320:2965;size=11	RH.B9EF730EBE6C436Z0Z_R	100.000	25	0	1.18e-09	50.1
M03520:605:000000000-LVNKY:1:1102:16320:2965;size=11	RH.B9EF730EBE6C436Z0Z_F	100.000	25	0	1.18e-09	50.1
M03520:605:000000000-LVNKY:1:1102:18786:7627;size=11	RH.6408CE975B5340AZ0Z_F	100.000	26	0	2.98e-10	52.0
M03520:605:000000000-LVNKY:1:1102:18786:7627;size=11	RH.6408CE975B5340AZ0Z_R	96.154	26	1	7.27e-08	44.1
M03520:605:000000000-LVNKY:1:1102:21679:15849;size=11	RH.B9EF730EBE6C436Z0Z_R	100.000	25	0	1.18e-09	50.1
M03520:605:000000000-LVNKY:1:1102:23607:17310;size=11	RH.609947B6947F457Z0Z_F	100.000	21	0	2.87e-07	42.1
M03520:605:000000000-LVNKY:1:1102:23607:17310;size=11	RH.A12CDF2B5C80436Z0Z_R	100.000	20	0	1.13e-06	40.1
M03520:605:000000000-LVNKY:1:1103:13357:17567;size=11	RH.E253263309B742FZ0Z_R	100.000	26	0	2.98e-10	52.0
M03520:605:000000000-LVNKY:1:1103:13357:17567;size=11	RH.E253263309B742FZ0Z_F	100.000	26	0	2.98e-10	52.0
M03520:605:000000000-LVNKY:1:1103:14353:7056;size=11	RH.F3CB70E6BDD6435Z0Z_F	100.000	25	0	1.18e-09	50.1
M03520:605:000000000-LVNKY:1:1103:14353:7056;size=11	RH.F3CB70E6BDD6435Z0Z_R	100.000	24	0	4.65e-09	48.1
M03520:605:000000000-LVNKY:1:1103:15706:1840;size=11	RH.E253263309B742FZ0Z_R	100.000	26	0	2.98e-10	52.0
M03520:605:000000000-LVNKY:1:1103:15706:1840;size=11	RH.E253263309B742FZ0Z_F	100.000	26	0	2.98e-10	52.0
M03520:605:000000000-LVNKY:1:1103:16081:18321;size=11	RH.6408CE975B5340AZ0Z_R	100.000	26	0	2.98e-10	52.0
M03520:605:000000000-LVNKY:1:1103:16081:18321;size=11	RH.6408CE975B5340AZ0Z_F	100.000	26	0	2.98e-10	52.0
M03520:605:000000000-LVNKY:1:1103:16253:5870;size=11	RH.8B25A056ABC1444Z0Z_R	100.000	24	0	4.65e-09	48.1
M03520:605:000000000-LVNKY:1:1103:27811:15768;size=11	RH.B9EF730EBE6C436Z0Z_R	100.000	25	0	1.18e-09	50.1
M03520:605:000000000-LVNKY:1:1103:27811:15768;size=11	RH.B9EF730EBE6C436Z0Z_F	100.000	25	0	1.18e-09	50.1
M03520:605:000000000-LVNKY:1:1103:5795:13182;size=11	RH.517A9FBA2B494D5Z0Z_F	100.000	25	0	1.18e-09	50.1
M03520:605:000000000-LVNKY:1:1103:5795:13182;size=11	RH.517A9FBA2B494D5Z0Z_R	100.000	21	0	2.87e-07	42.1
M03520:605:000000000-LVNKY:1:1103:8356:11831;size=11	RH.E253263309B742FZ0Z_R	100.000	26	0	2.98e-10	52.0
M03520:605:000000000-LVNKY:1:1103:8356:11831;size=11	RH.E253263309B742FZ0Z_F	100.000	26	0	2.98e-10	52.0
M03520:605:000000000-LVNKY:1:1103:8753:10544;size=11	RH.F7E3D42951B44CCZ0Z_F	100.000	21	0	2.87e-07	42.1
M03520:605:000000000-LVNKY:1:1104:17212:7422;size=11	RH.B9EF730EBE6C436Z0Z_F	100.000	25	0	1.18e-09	50.1
M03520:605:000000000-LVNKY:1:1104:17212:7422;size=11	RH.B9EF730EBE6C436Z0Z_R	96.000	25	1	2.87e-07	42.1
M03520:605:000000000-LVNKY:1:1104:18384:5684;size=11	RH.27578A9A85FA4A3Z0Z_F	100.000	24	0	4.65e-09	48.1
M03520:605:000000000-LVNKY:1:1104:18384:5684;size=11	RH.27578A9A85FA4A3Z0Z_R	100.000	22	0	7.27e-08	44.1
M03520:605:000000000-LVNKY:1:1105:22403:19230;size=11	RH.6408CE975B5340AZ0Z_F	100.000	26	0	2.98e-10	52.0
M03520:605:000000000-LVNKY:1:1105:22403:19230;size=11	RH.6408CE975B5340AZ0Z_R	96.154	26	1	7.27e-08	44.1
M03520:605:000000000-LVNKY:1:1105:23864:23758;size=11	RH.B9EF730EBE6C436Z0Z_R	100.000	25	0	1.18e-09	50.1
M03520:605:000000000-LVNKY:1:1106:7715:5747;size=11	RH.B9EF730EBE6C436Z0Z_F	100.000	25	0	1.18e-09	50.1
M03520:605:000000000-LVNKY:1:1106:7715:5747;size=11	RH.B9EF730EBE6C436Z0Z_R	100.000	25	0	1.18e-09	50.1
M03520:605:000000000-LVNKY:1:1107:21419:3548;size=11	RH.0096A141894D447Z0Z_F	100.000	24	0	4.65e-09	48.1
M03520:605:000000000-LVNKY:1:1107:21419:3548;size=11	RH.0096A141894D447Z0Z_R	100.000	21	0	2.87e-07	42.1
M03520:605:000000000-LVNKY:1:1109:7792:6957;size=11	RH.0C6EF86AB29A422Z0Z_R	100.000	23	0	1.84e-08	46.1
M03520:605:000000000-LVNKY:1:1109:7792:6957;size=11	RH.0C6EF86AB29A422Z0Z_F	100.000	23	0	1.84e-08	46.1
M03520:605:000000000-LVNKY:1:1110:23573:3788;size=11	RH.27578A9A85FA4A3Z0Z_F	100.000	24	0	4.65e-09	48.1
M03520:605:000000000-LVNKY:1:1110:23573:3788;size=11	RH.27578A9A85FA4A3Z0Z_R	100.000	22	0	7.27e-08	44.1
M03520:605:000000000-LVNKY:1:1101:10455:14602;size=10	RH.6408CE975B5340AZ0Z_R	100.000	26	0	2.98e-10	52.0
M03520:605:000000000-LVNKY:1:1101:10455:14602;size=10	RH.6408CE975B5340AZ0Z_F	100.000	26	0	2.98e-10	52.0
M03520:605:000000000-LVNKY:1:1101:11239:9932;size=10	RH.7CE39E25906745AZ0Z_R	100.000	26	0	2.98e-10	52.0
M03520:605:000000000-LVNKY:1:1101:11239:9932;size=10	RH.7CE39E25906745AZ0Z_F	100.000	25	0	1.18e-09	50.1
M03520:605:000000000-LVNKY:1:1101:11336:23762;size=10	RH.DDB83AFF97C94C6Z0Z_R	100.000	25	0	1.18e-09	50.1
M03520:605:000000000-LVNKY:1:1101:11336:23762;size=10	RH.DDB83AFF97C94C6Z0Z_F	100.000	24	0	4.65e-09	48.1
M03520:605:000000000-LVNKY:1:1101:11432:21399;size=10	RH.DDB83AFF97C94C6Z0Z_R	100.000	25	0	1.18e-09	50.1
M03520:605:000000000-LVNKY:1:1101:11432:21399;size=10	RH.DDB83AFF97C94C6Z0Z_F	100.000	24	0	4.65e-09	48.1
M03520:605:000000000-LVNKY:1:1101:14166:9370;size=10	RH.2A8AD21024974C0Z0Z_R	100.000	25	0	1.18e-09	50.1
M03520:605:000000000-LVNKY:1:1101:18615:13820;size=10	RH.6408CE975B5340AZ0Z_R	100.000	26	0	2.98e-10	52.0
M03520:605:000000000-LVNKY:1:1101:18615:13820;size=10	RH.6408CE975B5340AZ0Z_F	100.000	26	0	2.98e-10	52.0
M03520:605:000000000-LVNKY:1:1101:23242:19829;size=10	RH.6572108A164E48EZ0Z_R	100.000	25	0	1.18e-09	50.1
M03520:605:000000000-LVNKY:1:1101:23242:19829;size=10	RH.F7E3D42951B44CCZ0Z_F	100.000	22	0	7.27e-08	44.1
M03520:605:000000000-LVNKY:1:1101:23242:19829;size=10	RH.6572108A164E48EZ0Z_F	95.652	23	1	4.48e-06	38.2
M03520:605:000000000-LVNKY:1:1101:23831:25092;size=10	RH.B9EF730EBE6C436Z0Z_R	100.000	25	0	1.18e-09	50.1
M03520:605:000000000-LVNKY:1:1101:23831:25092;size=10	RH.E50C44E6F0174B8Z0Z_F	100.000	20	0	1.13e-06	40.1
M03520:605:000000000-LVNKY:1:1101:24907:6131;size=10	RH.2091F326F74640CZ0Z_F	100.000	24	0	4.65e-09	48.1
M03520:605:000000000-LVNKY:1:1101:28255:16966;size=10	RH.CF953F27F5674E1Z0Z_F	100.000	26	0	2.98e-10	52.0
M03520:605:000000000-LVNKY:1:1101:28255:16966;size=10	RH.CF953F27F5674E1Z0Z_R	100.000	25	0	1.18e-09	50.1
M03520:605:000000000-LVNKY:1:1101:4350:11196;size=10	RH.B9EF730EBE6C436Z0Z_R	100.000	25	0	1.18e-09	50.1
M03520:605:000000000-LVNKY:1:1101:4350:11196;size=10	RH.E50C44E6F0174B8Z0Z_F	100.000	20	0	1.13e-06	40.1
M03520:605:000000000-LVNKY:1:1101:6990:12303;size=10	RH.E253263309B742FZ0Z_F	100.000	26	0	2.98e-10	52.0
M03520:605:000000000-LVNKY:1:1101:6990:12303;size=10	RH.E253263309B742FZ0Z_R	100.000	26	0	2.98e-10	52.0
M03520:605:000000000-LVNKY:1:1101:7112:12387;size=10	RH.6408CE975B5340AZ0Z_F	100.000	26	0	2.98e-10	52.0
M03520:605:000000000-LVNKY:1:1101:7112:12387;size=10	RH.6408CE975B5340AZ0Z_R	100.000	22	0	7.27e-08	44.1
M03520:605:000000000-LVNKY:1:1102:14671:2542;size=10	RH.2A8AD21024974C0Z0Z_F	100.000	26	0	2.98e-10	52.0
M03520:605:000000000-LVNKY:1:1102:14671:2542;size=10	RH.2A8AD21024974C0Z0Z_R	100.000	25	0	1.18e-09	50.1
M03520:605:000000000-LVNKY:1:1102:18451:15847;size=10	RH.B9EF730EBE6C436Z0Z_R	100.000	25	0	1.18e-09	50.1
M03520:605:000000000-LVNKY:1:1102:19456:5080;size=10	RH.6408CE975B5340AZ0Z_R	100.000	26	0	2.98e-10	52.0
M03520:605:000000000-LVNKY:1:1102:19456:5080;size=10	RH.6408CE975B5340AZ0Z_F	100.000	26	0	2.98e-10	52.0
M03520:605:000000000-LVNKY:1:1102:19993:20849;size=10	RH.E253263309B742FZ0Z_F	100.000	26	0	2.98e-10	52.0
M03520:605:000000000-LVNKY:1:1102:19993:20849;size=10	RH.E253263309B742FZ0Z_R	100.000	24	0	4.65e-09	48.1
M03520:605:000000000-LVNKY:1:1102:24715:12643;size=10	RH.E253263309B742FZ0Z_R	100.000	26	0	2.98e-10	52.0
M03520:605:000000000-LVNKY:1:1102:24715:12643;size=10	RH.E253263309B742FZ0Z_F	100.000	22	0	7.27e-08	44.1
M03520:605:000000000-LVNKY:1:1102:5421:17949;size=10	RH.E253263309B742FZ0Z_R	100.000	26	0	2.98e-10	52.0
M03520:605:000000000-LVNKY:1:1102:5421:17949;size=10	RH.E253263309B742FZ0Z_F	100.000	26	0	2.98e-10	52.0
M03520:605:000000000-LVNKY:1:1103:14223:13359;size=10	RH.DDB83AFF97C94C6Z0Z_R	100.000	25	0	1.18e-09	50.1
M03520:605:000000000-LVNKY:1:1103:14223:13359;size=10	RH.DDB83AFF97C94C6Z0Z_F	100.000	24	0	4.65e-09	48.1
M03520:605:000000000-LVNKY:1:1103:19145:7379;size=10	RH.B9EF730EBE6C436Z0Z_R	100.000	25	0	1.18e-09	50.1
M03520:605:000000000-LVNKY:1:1103:19145:7379;size=10	RH.B9EF730EBE6C436Z0Z_F	100.000	25	0	1.18e-09	50.1
M03520:605:000000000-LVNKY:1:1103:19354:15164;size=10	RH.E253263309B742FZ0Z_F	100.000	26	0	2.98e-10	52.0
M03520:605:000000000-LVNKY:1:1103:19354:15164;size=10	RH.E253263309B742FZ0Z_R	96.154	26	1	7.27e-08	44.1
M03520:605:000000000-LVNKY:1:1103:2689:10325;size=10	RH.E253263309B742FZ0Z_F	100.000	26	0	2.98e-10	52.0
M03520:605:000000000-LVNKY:1:1103:2689:10325;size=10	RH.E253263309B742FZ0Z_R	100.000	26	0	2.98e-10	52.0
M03520:605:000000000-LVNKY:1:1103:6134:7670;size=10	RH.B9EF730EBE6C436Z0Z_F	100.000	25	0	1.18e-09	50.1
M03520:605:000000000-LVNKY:1:1103:6134:7670;size=10	RH.B9EF730EBE6C436Z0Z_R	100.000	25	0	1.18e-09	50.1
M03520:605:000000000-LVNKY:1:1105:14908:15821;size=10	RH.0C6EF86AB29A422Z0Z_R	100.000	23	0	1.84e-08	46.1
M03520:605:000000000-LVNKY:1:1105:14908:15821;size=10	RH.0C6EF86AB29A422Z0Z_F	100.000	23	0	1.84e-08	46.1
M03520:605:000000000-LVNKY:1:1105:5545:20326;size=10	RH.E253263309B742FZ0Z_F	100.000	26	0	2.98e-10	52.0
M03520:605:000000000-LVNKY:1:1105:5545:20326;size=10	RH.E253263309B742FZ0Z_R	100.000	26	0	2.98e-10	52.0
M03520:605:000000000-LVNKY:1:1105:9576:4568;size=10	RH.E253263309B742FZ0Z_R	100.000	26	0	2.98e-10	52.0
M03520:605:000000000-LVNKY:1:1105:9576:4568;size=10	RH.E253263309B742FZ0Z_F	100.000	26	0	2.98e-10	52.0
M03520:605:000000000-LVNKY:1:1106:14138:9886;size=10	RH.6408CE975B5340AZ0Z_R	100.000	26	0	2.98e-10	52.0
M03520:605:000000000-LVNKY:1:1106:14138:9886;size=10	RH.6408CE975B5340AZ0Z_F	100.000	26	0	2.98e-10	52.0
M03520:605:000000000-LVNKY:1:1107:10424:7330;size=10	RH.7CE39E25906745AZ0Z_R	100.000	26	0	2.98e-10	52.0
M03520:605:000000000-LVNKY:1:1107:10424:7330;size=10	RH.7CE39E25906745AZ0Z_F	100.000	25	0	1.18e-09	50.1
M03520:605:000000000-LVNKY:1:1107:11187:6792;size=10	RH.0BD19D1A26A74EBZ0Z_F	100.000	25	0	1.18e-09	50.1
M03520:605:000000000-LVNKY:1:1107:11187:6792;size=10	RH.0BD19D1A26A74EBZ0Z_R	100.000	24	0	4.65e-09	48.1
M03520:605:000000000-LVNKY:1:1109:18737:14249;size=10	RH.27578A9A85FA4A3Z0Z_F	100.000	24	0	4.65e-09	48.1
M03520:605:000000000-LVNKY:1:1109:18737:14249;size=10	RH.27578A9A85FA4A3Z0Z_R	100.000	22	0	7.27e-08	44.1
M03520:605:000000000-LVNKY:1:1111:3129:10562;size=10	RH.27578A9A85FA4A3Z0Z_F	100.000	24	0	4.65e-09	48.1
M03520:605:000000000-LVNKY:1:1101:10996:26199;size=9	RH.0C6EF86AB29A422Z0Z_R	100.000	23	0	1.84e-08	46.1
M03520:605:000000000-LVNKY:1:1101:10996:26199;size=9	RH.0C6EF86AB29A422Z0Z_F	100.000	23	0	1.84e-08	46.1
M03520:605:000000000-LVNKY:1:1101:11648:26493;size=9	RH.B9EF730EBE6C436Z0Z_R	100.000	25	0	1.18e-09	50.1
M03520:605:000000000-LVNKY:1:1101:11648:26493;size=9	RH.B9EF730EBE6C436Z0Z_F	100.000	25	0	1.18e-09	50.1
M03520:605:000000000-LVNKY:1:1101:12854:14296;size=9	RH.7CE39E25906745AZ0Z_R	100.000	26	0	2.98e-10	52.0
M03520:605:000000000-LVNKY:1:1101:12854:14296;size=9	RH.7CE39E25906745AZ0Z_F	100.000	25	0	1.18e-09	50.1
M03520:605:000000000-LVNKY:1:1101:18750:22318;size=9	RH.5F6424ABBC3C47BZ0Z_F	100.000	25	0	1.18e-09	50.1
M03520:605:000000000-LVNKY:1:1101:19545:24169;size=9	RH.6408CE975B5340AZ0Z_R	100.000	26	0	2.98e-10	52.0
M03520:605:000000000-LVNKY:1:1101:19545:24169;size=9	RH.6408CE975B5340AZ0Z_F	100.000	26	0	2.98e-10	52.0
M03520:605:000000000-LVNKY:1:1101:23497:19158;size=9	RH.1ED162FCE898487Z0Z_F	100.000	26	0	2.98e-10	52.0
M03520:605:000000000-LVNKY:1:1101:24713:19002;size=9	RH.E253263309B742FZ0Z_R	100.000	26	0	2.98e-10	52.0
M03520:605:000000000-LVNKY:1:1101:24713:19002;size=9	RH.E253263309B742FZ0Z_F	100.000	26	0	2.98e-10	52.0
M03520:605:000000000-LVNKY:1:1101:25474:18838;size=9	RH.0C6EF86AB29A422Z0Z_F	100.000	23	0	1.84e-08	46.1
M03520:605:000000000-LVNKY:1:1101:25474:18838;size=9	RH.23B59611E801433Z0Z_R	100.000	19	0	4.48e-06	38.2
M03520:605:000000000-LVNKY:1:1101:7623:19532;size=9	RH.C325C496B39E492Z0Z_R	100.000	22	0	7.27e-08	44.1
M03520:605:000000000-LVNKY:1:1101:7623:19532;size=9	RH.C325C496B39E492Z0Z_F	100.000	22	0	7.27e-08	44.1
M03520:605:000000000-LVNKY:1:1101:8598:12288;size=9	RH.27578A9A85FA4A3Z0Z_R	100.000	22	0	7.27e-08	44.1
M03520:605:000000000-LVNKY:1:1101:8598:12288;size=9	RH.27578A9A85FA4A3Z0Z_F	95.833	24	1	1.13e-06	40.1
M03520:605:000000000-LVNKY:1:1102:12855:14872;size=9	RH.609947B6947F457Z0Z_F	100.000	21	0	2.87e-07	42.1
M03520:605:000000000-LVNKY:1:1102:12855:14872;size=9	RH.A12CDF2B5C80436Z0Z_R	100.000	20	0	1.13e-06	40.1
M03520:605:000000000-LVNKY:1:1102:18897:2209;size=9	RH.E253263309B742FZ0Z_R	100.000	26	0	2.98e-10	52.0
M03520:605:000000000-LVNKY:1:1102:18897:2209;size=9	RH.E253263309B742FZ0Z_F	100.000	26	0	2.98e-10	52.0
M03520:605:000000000-LVNKY:1:1102:20094:6774;size=9	RH.6408CE975B5340AZ0Z_R	100.000	26	0	2.98e-10	52.0
M03520:605:000000000-LVNKY:1:1102:20094:6774;size=9	RH.6408CE975B5340AZ0Z_F	96.154	26	1	7.27e-08	44.1
M03520:605:000000000-LVNKY:1:1102:21399:16135;size=9	RH.DDB83AFF97C94C6Z0Z_R	100.000	25	0	1.18e-09	50.1
M03520:605:000000000-LVNKY:1:1102:21399:16135;size=9	RH.DDB83AFF97C94C6Z0Z_F	100.000	24	0	4.65e-09	48.1
M03520:605:000000000-LVNKY:1:1102:5403:22634;size=9	RH.6572108A164E48EZ0Z_R	100.000	25	0	1.18e-09	50.1
M03520:605:000000000-LVNKY:1:1102:5403:22634;size=9	RH.6572108A164E48EZ0Z_F	100.000	24	0	4.65e-09	48.1
M03520:605:000000000-LVNKY:1:1102:5491:12506;size=9	RH.B9EF730EBE6C436Z0Z_R	100.000	25	0	1.18e-09	50.1
M03520:605:000000000-LVNKY:1:1102:5491:12506;size=9	RH.B9EF730EBE6C436Z0Z_F	100.000	25	0	1.18e-09	50.1
M03520:605:000000000-LVNKY:1:1103:16537:5479;size=9	RH.6408CE975B5340AZ0Z_R	100.000	26	0	2.98e-10	52.0
M03520:605:000000000-LVNKY:1:1103:16537:5479;size=9	RH.6408CE975B5340AZ0Z_F	100.000	26	0	2.98e-10	52.0
M03520:605:000000000-LVNKY:1:1103:17295:8313;size=9	RH.6408CE975B5340AZ0Z_R	100.000	26	0	2.98e-10	52.0
M03520:605:000000000-LVNKY:1:1103:17295:8313;size=9	RH.6408CE975B5340AZ0Z_F	100.000	26	0	2.98e-10	52.0
M03520:605:000000000-LVNKY:1:1103:18056:15381;size=9	RH.B9EF730EBE6C436Z0Z_R	100.000	25	0	1.18e-09	50.1
M03520:605:000000000-LVNKY:1:1103:18056:15381;size=9	RH.B9EF730EBE6C436Z0Z_F	100.000	25	0	1.18e-09	50.1
M03520:605:000000000-LVNKY:1:1103:18709:9980;size=9	RH.F14C1F934B604A6Z0Z_F	100.000	23	0	1.84e-08	46.1
M03520:605:000000000-LVNKY:1:1103:18709:9980;size=9	RH.F2F19E4203944BDZ0Z_R	100.000	20	0	1.13e-06	40.1
M03520:605:000000000-LVNKY:1:1103:19099:15385;size=9	RH.B9EF730EBE6C436Z0Z_R	100.000	25	0	1.18e-09	50.1
M03520:605:000000000-LVNKY:1:1103:19099:15385;size=9	RH.B9EF730EBE6C436Z0Z_F	100.000	25	0	1.18e-09	50.1
M03520:605:000000000-LVNKY:1:1103:7755:25888;size=9	RH.B9EF730EBE6C436Z0Z_F	100.000	25	0	1.18e-09	50.1
M03520:605:000000000-LVNKY:1:1103:7755:25888;size=9	RH.B9EF730EBE6C436Z0Z_R	100.000	24	0	4.65e-09	48.1
M03520:605:000000000-LVNKY:1:1104:12277:10411;size=9	RH.E253263309B742FZ0Z_R	100.000	26	0	2.98e-10	52.0
M03520:605:000000000-LVNKY:1:1104:12277:10411;size=9	RH.E253263309B742FZ0Z_F	100.000	26	0	2.98e-10	52.0
M03520:605:000000000-LVNKY:1:1104:14080:6318;size=9	RH.2A8AD21024974C0Z0Z_F	100.000	26	0	2.98e-10	52.0
M03520:605:000000000-LVNKY:1:1104:16043:6550;size=9	RH.7CE39E25906745AZ0Z_R	100.000	26	0	2.98e-10	52.0
M03520:605:000000000-LVNKY:1:1104:16043:6550;size=9	RH.7CE39E25906745AZ0Z_F	100.000	25	0	1.18e-09	50.1
M03520:605:000000000-LVNKY:1:1104:23222:12854;size=9	RH.B9EF730EBE6C436Z0Z_F	100.000	25	0	1.18e-09	50.1
M03520:605:000000000-LVNKY:1:1104:23222:12854;size=9	RH.B9EF730EBE6C436Z0Z_R	100.000	25	0	1.18e-09	50.1
M03520:605:000000000-LVNKY:1:1104:8640:20382;size=9	RH.0C6EF86AB29A422Z0Z_R	100.000	23	0	1.84e-08	46.1
M03520:605:000000000-LVNKY:1:1104:8640:20382;size=9	RH.0C6EF86AB29A422Z0Z_F	100.000	23	0	1.84e-08	46.1
M03520:605:000000000-LVNKY:1:1104:9144:20035;size=9	RH.B9EF730EBE6C436Z0Z_R	100.000	25	0	1.18e-09	50.1
M03520:605:000000000-LVNKY:1:1104:9144:20035;size=9	RH.B9EF730EBE6C436Z0Z_F	100.000	25	0	1.18e-09	50.1
M03520:605:000000000-LVNKY:1:1105:10960:17567;size=9	RH.E253263309B742FZ0Z_F	100.000	26	0	2.98e-10	52.0
M03520:605:000000000-LVNKY:1:1105:10960:17567;size=9	RH.E253263309B742FZ0Z_R	100.000	22	0	7.27e-08	44.1
M03520:605:000000000-LVNKY:1:1105:12782:2620;size=9	RH.228524764FCE499Z0Z_F	100.000	24	0	4.65e-09	48.1
M03520:605:000000000-LVNKY:1:1105:12782:2620;size=9	RH.228524764FCE499Z0Z_R	95.833	24	1	1.13e-06	40.1
M03520:605:000000000-LVNKY:1:1105:22067:6368;size=9	RH.B9EF730EBE6C436Z0Z_F	100.000	25	0	1.18e-09	50.1
M03520:605:000000000-LVNKY:1:1105:22067:6368;size=9	RH.B9EF730EBE6C436Z0Z_R	100.000	23	0	1.84e-08	46.1
M03520:605:000000000-LVNKY:1:1105:28524:10070;size=9	RH.B9EF730EBE6C436Z0Z_F	100.000	25	0	1.18e-09	50.1
M03520:605:000000000-LVNKY:1:1105:8302:5423;size=9	RH.6408CE975B5340AZ0Z_R	100.000	26	0	2.98e-10	52.0
M03520:605:000000000-LVNKY:1:1105:8302:5423;size=9	RH.6408CE975B5340AZ0Z_F	100.000	26	0	2.98e-10	52.0
M03520:605:000000000-LVNKY:1:1108:5714:24360;size=9	RH.9C70B4C9923B4A8Z0Z_F	100.000	23	0	1.84e-08	46.1
M03520:605:000000000-LVNKY:1:1108:5714:24360;size=9	RH.9C70B4C9923B4A8Z0Z_R	95.652	23	1	4.48e-06	38.2
M03520:605:000000000-LVNKY:1:1109:12898:15140;size=9	RH.7CE39E25906745AZ0Z_R	100.000	26	0	2.98e-10	52.0
M03520:605:000000000-LVNKY:1:1109:12898:15140;size=9	RH.718B57159C244F7Z0Z_F	100.000	19	0	4.48e-06	38.2
M03520:605:000000000-LVNKY:1:1109:7652:6383;size=9	RH.27578A9A85FA4A3Z0Z_F	100.000	24	0	4.65e-09	48.1
M03520:605:000000000-LVNKY:1:1109:7652:6383;size=9	RH.27578A9A85FA4A3Z0Z_R	100.000	22	0	7.27e-08	44.1
M03520:605:000000000-LVNKY:1:1110:6558:16841;size=9	RH.6408CE975B5340AZ0Z_R	100.000	26	0	2.98e-10	52.0
M03520:605:000000000-LVNKY:1:1110:6558:16841;size=9	RH.6408CE975B5340AZ0Z_F	100.000	26	0	2.98e-10	52.0
M03520:605:000000000-LVNKY:1:1111:16978:8023;size=9	RH.6408CE975B5340AZ0Z_F	100.000	26	0	2.98e-10	52.0
M03520:605:000000000-LVNKY:1:1111:16978:8023;size=9	RH.6408CE975B5340AZ0Z_R	96.154	26	1	7.27e-08	44.1
M03520:605:000000000-LVNKY:1:1111:20379:9846;size=9	RH.C597F0BA65D4481Z0Z_R	100.000	24	0	4.65e-09	48.1
M03520:605:000000000-LVNKY:1:1111:20379:9846;size=9	RH.C597F0BA65D4481Z0Z_F	100.000	24	0	4.65e-09	48.1
M03520:605:000000000-LVNKY:1:1101:11747:3180;size=8	RH.27578A9A85FA4A3Z0Z_F	100.000	24	0	4.65e-09	48.1
M03520:605:000000000-LVNKY:1:1101:11747:3180;size=8	RH.27578A9A85FA4A3Z0Z_R	100.000	22	0	7.27e-08	44.1
M03520:605:000000000-LVNKY:1:1101:15325:5732;size=8	RH.B9EF730EBE6C436Z0Z_F	100.000	25	0	1.18e-09	50.1
M03520:605:000000000-LVNKY:1:1101:15325:5732;size=8	RH.B9EF730EBE6C436Z0Z_R	100.000	25	0	1.18e-09	50.1
M03520:605:000000000-LVNKY:1:1101:16248:13609;size=8	RH.2A8AD21024974C0Z0Z_R	100.000	25	0	1.18e-09	50.1
M03520:605:000000000-LVNKY:1:1101:18266:10407;size=8	RH.E253263309B742FZ0Z_F	100.000	26	0	2.98e-10	52.0
M03520:605:000000000-LVNKY:1:1101:18266:10407;size=8	RH.E253263309B742FZ0Z_R	100.000	26	0	2.98e-10	52.0
M03520:605:000000000-LVNKY:1:1101:19746:23547;size=8	RH.69CEA0AC39F4445Z0Z_R	100.000	23	0	1.84e-08	46.1
M03520:605:000000000-LVNKY:1:1101:19746:23547;size=8	RH.3B2B2BB86AB94D3Z0Z_F	100.000	21	0	2.87e-07	42.1
M03520:605:000000000-LVNKY:1:1101:19746:23547;size=8	RH.64613722763148BZ0Z_R	100.000	19	0	4.48e-06	38.2
M03520:605:000000000-LVNKY:1:1101:20761:12441;size=8	RH.2A8AD21024974C0Z0Z_F	100.000	26	0	2.98e-10	52.0
M03520:605:000000000-LVNKY:1:1101:20761:12441;size=8	RH.2A8AD21024974C0Z0Z_R	100.000	25	0	1.18e-09	50.1
M03520:605:000000000-LVNKY:1:1101:23183:16526;size=8	RH.27578A9A85FA4A3Z0Z_F	100.000	24	0	4.65e-09	48.1
M03520:605:000000000-LVNKY:1:1101:23183:16526;size=8	RH.27578A9A85FA4A3Z0Z_R	100.000	22	0	7.27e-08	44.1
M03520:605:000000000-LVNKY:1:1101:23791:10483;size=8	RH.B9EF730EBE6C436Z0Z_F	100.000	25	0	1.18e-09	50.1
M03520:605:000000000-LVNKY:1:1101:23791:10483;size=8	RH.B9EF730EBE6C436Z0Z_R	100.000	22	0	7.27e-08	44.1
M03520:605:000000000-LVNKY:1:1101:24583:18070;size=8	RH.B9EF730EBE6C436Z0Z_R	100.000	25	0	1.18e-09	50.1
M03520:605:000000000-LVNKY:1:1101:24583:18070;size=8	RH.B9EF730EBE6C436Z0Z_F	100.000	25	0	1.18e-09	50.1
M03520:605:000000000-LVNKY:1:1101:4844:14835;size=8	RH.27578A9A85FA4A3Z0Z_F	100.000	24	0	4.65e-09	48.1
M03520:605:000000000-LVNKY:1:1101:4844:14835;size=8	RH.27578A9A85FA4A3Z0Z_R	100.000	22	0	7.27e-08	44.1
M03520:605:000000000-LVNKY:1:1101:5171:14944;size=8	RH.0550AF0F57084ADZ0Z_R	100.000	22	0	7.27e-08	44.1
M03520:605:000000000-LVNKY:1:1101:5171:14944;size=8	RH.3B2B2BB86AB94D3Z0Z_F	100.000	21	0	2.87e-07	42.1
M03520:605:000000000-LVNKY:1:1101:5171:14944;size=8	RH.64613722763148BZ0Z_R	100.000	19	0	4.48e-06	38.2
M03520:605:000000000-LVNKY:1:1101:6544:10779;size=8	RH.2091F326F74640CZ0Z_F	100.000	24	0	4.65e-09	48.1
M03520:605:000000000-LVNKY:1:1102:10179:5602;size=8	RH.DDB83AFF97C94C6Z0Z_R	100.000	25	0	1.18e-09	50.1
M03520:605:000000000-LVNKY:1:1102:10179:5602;size=8	RH.DDB83AFF97C94C6Z0Z_F	100.000	24	0	4.65e-09	48.1
M03520:605:000000000-LVNKY:1:1102:11367:24759;size=8	RH.27578A9A85FA4A3Z0Z_F	100.000	23	0	1.84e-08	46.1
M03520:605:000000000-LVNKY:1:1102:11367:24759;size=8	RH.27578A9A85FA4A3Z0Z_R	100.000	22	0	7.27e-08	44.1
M03520:605:000000000-LVNKY:1:1102:13001:19429;size=8	RH.B9EF730EBE6C436Z0Z_F	100.000	25	0	1.18e-09	50.1
M03520:605:000000000-LVNKY:1:1102:13001:19429;size=8	RH.B9EF730EBE6C436Z0Z_R	100.000	25	0	1.18e-09	50.1
M03520:605:000000000-LVNKY:1:1102:13509:7528;size=8	RH.B9EF730EBE6C436Z0Z_R	100.000	25	0	1.18e-09	50.1
M03520:605:000000000-LVNKY:1:1102:13509:7528;size=8	RH.B9EF730EBE6C436Z0Z_F	100.000	25	0	1.18e-09	50.1
M03520:605:000000000-LVNKY:1:1102:16898:13173;size=8	RH.DDB83AFF97C94C6Z0Z_R	100.000	25	0	1.18e-09	50.1
M03520:605:000000000-LVNKY:1:1102:16898:13173;size=8	RH.DDB83AFF97C94C6Z0Z_F	100.000	24	0	4.65e-09	48.1
M03520:605:000000000-LVNKY:1:1102:18941:26432;size=8	RH.BE09C1F6EE4B426Z0Z_F	100.000	22	0	7.27e-08	44.1
M03520:605:000000000-LVNKY:1:1102:19295:7215;size=8	RH.0C6EF86AB29A422Z0Z_R	100.000	23	0	1.84e-08	46.1
M03520:605:000000000-LVNKY:1:1102:19295:7215;size=8	RH.0C6EF86AB29A422Z0Z_F	100.000	23	0	1.84e-08	46.1
M03520:605:000000000-LVNKY:1:1102:20621:25853;size=8	RH.DDB83AFF97C94C6Z0Z_R	100.000	25	0	1.18e-09	50.1
M03520:605:000000000-LVNKY:1:1102:20621:25853;size=8	RH.DDB83AFF97C94C6Z0Z_F	100.000	24	0	4.65e-09	48.1
M03520:605:000000000-LVNKY:1:1102:24692:13875;size=8	RH.E253263309B742FZ0Z_R	100.000	26	0	2.98e-10	52.0
M03520:605:000000000-LVNKY:1:1102:24692:13875;size=8	RH.E253263309B742FZ0Z_F	100.000	26	0	2.98e-10	52.0
M03520:605:000000000-LVNKY:1:1102:25472:19054;size=8	RH.5F6424ABBC3C47BZ0Z_F	100.000	25	0	1.18e-09	50.1
M03520:605:000000000-LVNKY:1:1102:26288:6915;size=8	RH.B5A2E3C1CC8E44AZ0Z_F	100.000	23	0	1.84e-08	46.1
M03520:605:000000000-LVNKY:1:1102:26288:6915;size=8	RH.B5A2E3C1CC8E44AZ0Z_R	100.000	22	0	7.27e-08	44.1
M03520:605:000000000-LVNKY:1:1102:6246:25344;size=8	RH.B9EF730EBE6C436Z0Z_R	100.000	25	0	1.18e-09	50.1
M03520:605:000000000-LVNKY:1:1102:6246:25344;size=8	RH.B9EF730EBE6C436Z0Z_F	100.000	25	0	1.18e-09	50.1
M03520:605:000000000-LVNKY:1:1102:7032:20228;size=8	RH.27578A9A85FA4A3Z0Z_F	100.000	24	0	4.65e-09	48.1
M03520:605:000000000-LVNKY:1:1102:7032:20228;size=8	RH.27578A9A85FA4A3Z0Z_R	100.000	22	0	7.27e-08	44.1
M03520:605:000000000-LVNKY:1:1102:8222:20177;size=8	RH.E253263309B742FZ0Z_R	100.000	26	0	2.98e-10	52.0
M03520:605:000000000-LVNKY:1:1102:8222:20177;size=8	RH.E253263309B742FZ0Z_F	96.154	26	1	7.27e-08	44.1
M03520:605:000000000-LVNKY:1:1102:9132:13333;size=8	RH.A2C9012430E34ADZ0Z_R	100.000	24	0	4.65e-09	48.1
M03520:605:000000000-LVNKY:1:1102:9132:13333;size=8	RH.A2C9012430E34ADZ0Z_F	100.000	24	0	4.65e-09	48.1
M03520:605:000000000-LVNKY:1:1103:10251:12222;size=8	RH.B9EF730EBE6C436Z0Z_R	100.000	25	0	1.18e-09	50.1
M03520:605:000000000-LVNKY:1:1103:10251:12222;size=8	RH.3B2B2BB86AB94D3Z0Z_F	100.000	21	0	2.87e-07	42.1
M03520:605:000000000-LVNKY:1:1103:10251:12222;size=8	RH.64613722763148BZ0Z_R	100.000	19	0	4.48e-06	38.2
M03520:605:000000000-LVNKY:1:1103:14292:5190;size=8	RH.B9EF730EBE6C436Z0Z_R	100.000	25	0	1.18e-09	50.1
M03520:605:000000000-LVNKY:1:1103:14292:5190;size=8	RH.B9EF730EBE6C436Z0Z_F	100.000	24	0	4.65e-09	48.1
M03520:605:000000000-LVNKY:1:1103:20664:4502;size=8	RH.0096A141894D447Z0Z_F	100.000	24	0	4.65e-09	48.1
M03520:605:000000000-LVNKY:1:1103:20664:4502;size=8	RH.0096A141894D447Z0Z_R	100.000	21	0	2.87e-07	42.1
M03520:605:000000000-LVNKY:1:1103:26518:6715;size=8	RH.27578A9A85FA4A3Z0Z_F	100.000	24	0	4.65e-09	48.1
M03520:605:000000000-LVNKY:1:1103:26518:6715;size=8	RH.27578A9A85FA4A3Z0Z_R	100.000	22	0	7.27e-08	44.1
M03520:605:000000000-LVNKY:1:1103:27749:11025;size=8	RH.DDB83AFF97C94C6Z0Z_R	100.000	25	0	1.18e-09	50.1
M03520:605:000000000-LVNKY:1:1103:27749:11025;size=8	RH.DDB83AFF97C94C6Z0Z_F	100.000	24	0	4.65e-09	48.1
M03520:605:000000000-LVNKY:1:1103:6470:9019;size=8	RH.66A8191403904A0Z0Z_R	100.000	30	0	1.22e-12	60.0
M03520:605:000000000-LVNKY:1:1103:6470:9019;size=8	RH.66A8191403904A0Z0Z_F	100.000	29	0	4.83e-12	58.0
M03520:605:000000000-LVNKY:1:1103:8739:3293;size=8	RH.7CE39E25906745AZ0Z_R	100.000	26	0	2.98e-10	52.0
M03520:605:000000000-LVNKY:1:1103:8739:3293;size=8	RH.7CE39E25906745AZ0Z_F	100.000	25	0	1.18e-09	50.1
M03520:605:000000000-LVNKY:1:1104:16181:18079;size=8	RH.04A0205BEA6C49EZ0Z_R	100.000	24	0	4.65e-09	48.1
M03520:605:000000000-LVNKY:1:1104:16181:18079;size=8	RH.04A0205BEA6C49EZ0Z_F	100.000	23	0	1.84e-08	46.1
M03520:605:000000000-LVNKY:1:1104:18019:15377;size=8	RH.27578A9A85FA4A3Z0Z_F	100.000	24	0	4.65e-09	48.1
M03520:605:000000000-LVNKY:1:1104:18019:15377;size=8	RH.27578A9A85FA4A3Z0Z_R	100.000	22	0	7.27e-08	44.1
M03520:605:000000000-LVNKY:1:1104:20109:19793;size=8	RH.DDB83AFF97C94C6Z0Z_R	100.000	25	0	1.18e-09	50.1
M03520:605:000000000-LVNKY:1:1104:20109:19793;size=8	RH.DDB83AFF97C94C6Z0Z_F	100.000	24	0	4.65e-09	48.1
M03520:605:000000000-LVNKY:1:1104:2457:13325;size=8	RH.0096A141894D447Z0Z_F	100.000	24	0	4.65e-09	48.1
M03520:605:000000000-LVNKY:1:1104:28250:13303;size=8	RH.27578A9A85FA4A3Z0Z_F	100.000	24	0	4.65e-09	48.1
M03520:605:000000000-LVNKY:1:1104:28250:13303;size=8	RH.27578A9A85FA4A3Z0Z_R	100.000	22	0	7.27e-08	44.1
M03520:605:000000000-LVNKY:1:1104:3208:10197;size=8	RH.6408CE975B5340AZ0Z_F	100.000	26	0	2.98e-10	52.0
M03520:605:000000000-LVNKY:1:1104:3208:10197;size=8	RH.6408CE975B5340AZ0Z_R	96.154	26	1	7.27e-08	44.1
M03520:605:000000000-LVNKY:1:1104:7475:17939;size=8	RH.E253263309B742FZ0Z_R	100.000	26	0	2.98e-10	52.0
M03520:605:000000000-LVNKY:1:1104:7475:17939;size=8	RH.E253263309B742FZ0Z_F	100.000	26	0	2.98e-10	52.0
M03520:605:000000000-LVNKY:1:1105:10685:28247;size=8	RH.B9EF730EBE6C436Z0Z_F	100.000	25	0	1.18e-09	50.1
M03520:605:000000000-LVNKY:1:1105:10685:28247;size=8	RH.B9EF730EBE6C436Z0Z_R	100.000	25	0	1.18e-09	50.1
M03520:605:000000000-LVNKY:1:1105:12116:2361;size=8	RH.7CE39E25906745AZ0Z_R	100.000	26	0	2.98e-10	52.0
M03520:605:000000000-LVNKY:1:1105:12116:2361;size=8	RH.7CE39E25906745AZ0Z_F	100.000	25	0	1.18e-09	50.1
M03520:605:000000000-LVNKY:1:1105:16285:21969;size=8	RH.44DCEC943BED412Z0Z_R	100.000	23	0	1.84e-08	46.1
M03520:605:000000000-LVNKY:1:1105:16285:21969;size=8	RH.F8075AAECB0140EZ0Z_F	100.000	21	0	2.87e-07	42.1
M03520:605:000000000-LVNKY:1:1105:23636:5437;size=8	RH.6408CE975B5340AZ0Z_R	100.000	26	0	2.98e-10	52.0
M03520:605:000000000-LVNKY:1:1105:23636:5437;size=8	RH.6408CE975B5340AZ0Z_F	100.000	26	0	2.98e-10	52.0
M03520:605:000000000-LVNKY:1:1105:24962:13586;size=8	RH.B9EF730EBE6C436Z0Z_F	100.000	25	0	1.18e-09	50.1
M03520:605:000000000-LVNKY:1:1105:24962:13586;size=8	RH.B9EF730EBE6C436Z0Z_R	100.000	25	0	1.18e-09	50.1
M03520:605:000000000-LVNKY:1:1105:4236:18907;size=8	RH.0C6EF86AB29A422Z0Z_R	100.000	23	0	1.84e-08	46.1
M03520:605:000000000-LVNKY:1:1105:4236:18907;size=8	RH.DC4B788FBB14440Z0Z_F	100.000	19	0	4.48e-06	38.2
M03520:605:000000000-LVNKY:1:1105:4479:16301;size=8	RH.B9EF730EBE6C436Z0Z_R	100.000	25	0	1.18e-09	50.1
M03520:605:000000000-LVNKY:1:1105:4479:16301;size=8	RH.B9EF730EBE6C436Z0Z_F	100.000	25	0	1.18e-09	50.1
M03520:605:000000000-LVNKY:1:1105:7184:6193;size=8	RH.6408CE975B5340AZ0Z_R	100.000	26	0	2.98e-10	52.0
M03520:605:000000000-LVNKY:1:1105:7184:6193;size=8	RH.6408CE975B5340AZ0Z_F	96.154	26	1	7.27e-08	44.1
M03520:605:000000000-LVNKY:1:1105:8567:23902;size=8	RH.E253263309B742FZ0Z_R	100.000	26	0	2.98e-10	52.0
M03520:605:000000000-LVNKY:1:1105:8567:23902;size=8	RH.E253263309B742FZ0Z_F	100.000	26	0	2.98e-10	52.0
M03520:605:000000000-LVNKY:1:1105:9113:14015;size=8	RH.E253263309B742FZ0Z_R	100.000	26	0	2.98e-10	52.0
M03520:605:000000000-LVNKY:1:1105:9113:14015;size=8	RH.E253263309B742FZ0Z_F	100.000	26	0	2.98e-10	52.0
M03520:605:000000000-LVNKY:1:1106:15680:23107;size=8	RH.DDB83AFF97C94C6Z0Z_R	100.000	25	0	1.18e-09	50.1
M03520:605:000000000-LVNKY:1:1106:15680:23107;size=8	RH.DDB83AFF97C94C6Z0Z_F	100.000	24	0	4.65e-09	48.1
M03520:605:000000000-LVNKY:1:1106:23088:18714;size=8	RH.DDB83AFF97C94C6Z0Z_R	100.000	25	0	1.18e-09	50.1
M03520:605:000000000-LVNKY:1:1106:23088:18714;size=8	RH.DDB83AFF97C94C6Z0Z_F	100.000	24	0	4.65e-09	48.1
M03520:605:000000000-LVNKY:1:1106:23643:19616;size=8	RH.B9EF730EBE6C436Z0Z_F	100.000	25	0	1.18e-09	50.1
M03520:605:000000000-LVNKY:1:1106:23643:19616;size=8	RH.B9EF730EBE6C436Z0Z_R	100.000	23	0	1.84e-08	46.1
M03520:605:000000000-LVNKY:1:1106:23889:13679;size=8	RH.B9EF730EBE6C436Z0Z_R	100.000	25	0	1.18e-09	50.1
M03520:605:000000000-LVNKY:1:1107:15810:1503;size=8	RH.B9EF730EBE6C436Z0Z_F	100.000	25	0	1.18e-09	50.1
M03520:605:000000000-LVNKY:1:1107:15810:1503;size=8	RH.B9EF730EBE6C436Z0Z_R	96.000	25	1	2.87e-07	42.1
M03520:605:000000000-LVNKY:1:1108:15430:7339;size=8	RH.6408CE975B5340AZ0Z_F	100.000	26	0	2.98e-10	52.0
M03520:605:000000000-LVNKY:1:1108:15430:7339;size=8	RH.6408CE975B5340AZ0Z_R	100.000	23	0	1.84e-08	46.1
M03520:605:000000000-LVNKY:1:1112:23959:5438;size=8	RH.6408CE975B5340AZ0Z_F	100.000	26	0	2.98e-10	52.0
M03520:605:000000000-LVNKY:1:1112:23959:5438;size=8	RH.6408CE975B5340AZ0Z_R	96.154	26	1	7.27e-08	44.1
M03520:605:000000000-LVNKY:1:1114:11404:17587;size=8	RH.B9EF730EBE6C436Z0Z_R	100.000	25	0	1.18e-09	50.1
M03520:605:000000000-LVNKY:1:1114:11404:17587;size=8	RH.C597F0BA65D4481Z0Z_R	100.000	24	0	4.65e-09	48.1
M03520:605:000000000-LVNKY:1:1114:11404:17587;size=8	RH.44333617E8F04C0Z0Z_F	100.000	23	0	1.84e-08	46.1
M03520:605:000000000-LVNKY:1:2101:18384:24256;size=8	RH.B9EF730EBE6C436Z0Z_R	100.000	25	0	1.18e-09	50.1
M03520:605:000000000-LVNKY:1:2101:18384:24256;size=8	RH.B9EF730EBE6C436Z0Z_F	100.000	21	0	2.87e-07	42.1
M03520:605:000000000-LVNKY:1:1101:10263:15097;size=7	RH.51338FA06EDB4F0Z0Z_F	100.000	25	0	1.18e-09	50.1
M03520:605:000000000-LVNKY:1:1101:10263:15097;size=7	RH.51338FA06EDB4F0Z0Z_R	100.000	25	0	1.18e-09	50.1
M03520:605:000000000-LVNKY:1:1101:13675:13957;size=7	RH.BCDAADAE5A244DDZ0Z_R	100.000	24	0	4.65e-09	48.1
M03520:605:000000000-LVNKY:1:1101:13675:13957;size=7	RH.BCDAADAE5A244DDZ0Z_F	100.000	22	0	7.27e-08	44.1
M03520:605:000000000-LVNKY:1:1101:14788:13338;size=7	RH.B9EF730EBE6C436Z0Z_R	100.000	25	0	1.18e-09	50.1
M03520:605:000000000-LVNKY:1:1101:14788:13338;size=7	RH.B9EF730EBE6C436Z0Z_F	100.000	25	0	1.18e-09	50.1
M03520:605:000000000-LVNKY:1:1101:15380:26970;size=7	RH.0C6EF86AB29A422Z0Z_R	100.000	23	0	1.84e-08	46.1
M03520:605:000000000-LVNKY:1:1101:16098:7154;size=7	RH.2A8AD21024974C0Z0Z_F	100.000	26	0	2.98e-10	52.0
M03520:605:000000000-LVNKY:1:1101:16098:7154;size=7	RH.2A8AD21024974C0Z0Z_R	100.000	25	0	1.18e-09	50.1
M03520:605:000000000-LVNKY:1:1101:16685:17670;size=7	RH.6572108A164E48EZ0Z_R	100.000	25	0	1.18e-09	50.1
M03520:605:000000000-LVNKY:1:1101:16685:17670;size=7	RH.F7E3D42951B44CCZ0Z_F	100.000	21	0	2.87e-07	42.1
M03520:605:000000000-LVNKY:1:1101:17086:23654;size=7	RH.6408CE975B5340AZ0Z_R	100.000	26	0	2.98e-10	52.0
M03520:605:000000000-LVNKY:1:1101:17086:23654;size=7	RH.6408CE975B5340AZ0Z_F	96.154	26	1	7.27e-08	44.1
M03520:605:000000000-LVNKY:1:1101:19524:26919;size=7	RH.DDB83AFF97C94C6Z0Z_R	100.000	25	0	1.18e-09	50.1
M03520:605:000000000-LVNKY:1:1101:19524:26919;size=7	RH.DDB83AFF97C94C6Z0Z_F	100.000	22	0	7.27e-08	44.1
M03520:605:000000000-LVNKY:1:1101:20203:25121;size=7	RH.CA1E204B0C0842DZ0Z_F	100.000	26	0	2.98e-10	52.0
M03520:605:000000000-LVNKY:1:1101:20203:25121;size=7	RH.CA1E204B0C0842DZ0Z_R	100.000	24	0	4.65e-09	48.1
M03520:605:000000000-LVNKY:1:1101:21348:13783;size=7	RH.E253263309B742FZ0Z_F	100.000	26	0	2.98e-10	52.0
M03520:605:000000000-LVNKY:1:1101:21348:13783;size=7	RH.E253263309B742FZ0Z_R	96.154	26	1	7.27e-08	44.1
M03520:605:000000000-LVNKY:1:1101:23317:19710;size=7	RH.6408CE975B5340AZ0Z_R	100.000	26	0	2.98e-10	52.0
M03520:605:000000000-LVNKY:1:1101:23317:19710;size=7	RH.6408CE975B5340AZ0Z_F	100.000	23	0	1.84e-08	46.1
M03520:605:000000000-LVNKY:1:1101:25056:12485;size=7	RH.27578A9A85FA4A3Z0Z_F	100.000	24	0	4.65e-09	48.1
M03520:605:000000000-LVNKY:1:1101:25056:12485;size=7	RH.27578A9A85FA4A3Z0Z_R	100.000	22	0	7.27e-08	44.1
M03520:605:000000000-LVNKY:1:1101:27183:11328;size=7	RH.B9EF730EBE6C436Z0Z_R	100.000	25	0	1.18e-09	50.1
M03520:605:000000000-LVNKY:1:1101:27183:11328;size=7	RH.B9EF730EBE6C436Z0Z_F	100.000	25	0	1.18e-09	50.1
M03520:605:000000000-LVNKY:1:1101:6317:10243;size=7	RH.BE09C1F6EE4B426Z0Z_R	100.000	23	0	1.84e-08	46.1
M03520:605:000000000-LVNKY:1:1101:6317:10243;size=7	RH.BE09C1F6EE4B426Z0Z_F	100.000	22	0	7.27e-08	44.1
M03520:605:000000000-LVNKY:1:1101:6977:15620;size=7	RH.E253263309B742FZ0Z_R	100.000	26	0	2.98e-10	52.0
M03520:605:000000000-LVNKY:1:1101:6977:15620;size=7	RH.E253263309B742FZ0Z_F	100.000	26	0	2.98e-10	52.0
M03520:605:000000000-LVNKY:1:1101:8173:22926;size=7	RH.6572108A164E48EZ0Z_R	100.000	25	0	1.18e-09	50.1
M03520:605:000000000-LVNKY:1:1101:8173:22926;size=7	RH.F7E3D42951B44CCZ0Z_F	100.000	21	0	2.87e-07	42.1
M03520:605:000000000-LVNKY:1:1101:8506:11265;size=7	RH.DDB83AFF97C94C6Z0Z_R	100.000	25	0	1.18e-09	50.1
M03520:605:000000000-LVNKY:1:1101:8506:11265;size=7	RH.DDB83AFF97C94C6Z0Z_F	100.000	24	0	4.65e-09	48.1
M03520:605:000000000-LVNKY:1:1101:9155:7633;size=7	RH.E253263309B742FZ0Z_R	100.000	26	0	2.98e-10	52.0
M03520:605:000000000-LVNKY:1:1101:9155:7633;size=7	RH.E253263309B742FZ0Z_F	96.154	26	1	7.27e-08	44.1
M03520:605:000000000-LVNKY:1:1102:11212:21662;size=7	RH.DDB83AFF97C94C6Z0Z_R	100.000	25	0	1.18e-09	50.1
M03520:605:000000000-LVNKY:1:1102:11212:21662;size=7	RH.DDB83AFF97C94C6Z0Z_F	100.000	24	0	4.65e-09	48.1
M03520:605:000000000-LVNKY:1:1102:14039:21232;size=7	RH.DDB83AFF97C94C6Z0Z_R	100.000	25	0	1.18e-09	50.1
M03520:605:000000000-LVNKY:1:1102:14039:21232;size=7	RH.DDB83AFF97C94C6Z0Z_F	100.000	24	0	4.65e-09	48.1
M03520:605:000000000-LVNKY:1:1102:16576:26571;size=7	RH.B9EF730EBE6C436Z0Z_F	100.000	25	0	1.18e-09	50.1
M03520:605:000000000-LVNKY:1:1102:16576:26571;size=7	RH.B9EF730EBE6C436Z0Z_R	96.000	25	1	2.87e-07	42.1
M03520:605:000000000-LVNKY:1:1102:17611:11961;size=7	RH.2A8AD21024974C0Z0Z_R	100.000	25	0	1.18e-09	50.1
M03520:605:000000000-LVNKY:1:1102:17611:11961;size=7	RH.3B2B2BB86AB94D3Z0Z_F	100.000	21	0	2.87e-07	42.1
M03520:605:000000000-LVNKY:1:1102:17611:11961;size=7	RH.64613722763148BZ0Z_R	100.000	19	0	4.48e-06	38.2
M03520:605:000000000-LVNKY:1:1102:1878:16552;size=7	RH.B9EF730EBE6C436Z0Z_R	100.000	25	0	1.18e-09	50.1
M03520:605:000000000-LVNKY:1:1102:1878:16552;size=7	RH.B9EF730EBE6C436Z0Z_F	100.000	25	0	1.18e-09	50.1
M03520:605:000000000-LVNKY:1:1102:19591:18105;size=7	RH.7CE39E25906745AZ0Z_R	100.000	26	0	2.98e-10	52.0
M03520:605:000000000-LVNKY:1:1102:19591:18105;size=7	RH.7CE39E25906745AZ0Z_F	100.000	25	0	1.18e-09	50.1
M03520:605:000000000-LVNKY:1:1102:20361:16957;size=7	RH.6408CE975B5340AZ0Z_R	100.000	26	0	2.98e-10	52.0
M03520:605:000000000-LVNKY:1:1102:20361:16957;size=7	RH.6408CE975B5340AZ0Z_F	100.000	26	0	2.98e-10	52.0
M03520:605:000000000-LVNKY:1:1102:23819:24660;size=7	RH.DDB83AFF97C94C6Z0Z_F	100.000	24	0	4.65e-09	48.1
M03520:605:000000000-LVNKY:1:1102:23819:24660;size=7	RH.DDB83AFF97C94C6Z0Z_R	96.000	25	1	2.87e-07	42.1
M03520:605:000000000-LVNKY:1:1102:26359:14452;size=7	RH.2A85EAE5DEAD471Z0Z_R	100.000	25	0	1.18e-09	50.1
M03520:605:000000000-LVNKY:1:1102:26359:14452;size=7	RH.2A85EAE5DEAD471Z0Z_F	100.000	25	0	1.18e-09	50.1
M03520:605:000000000-LVNKY:1:1102:27817:13710;size=7	RH.DDB83AFF97C94C6Z0Z_R	100.000	25	0	1.18e-09	50.1
M03520:605:000000000-LVNKY:1:1102:27817:13710;size=7	RH.DDB83AFF97C94C6Z0Z_F	100.000	24	0	4.65e-09	48.1
M03520:605:000000000-LVNKY:1:1102:29236:13003;size=7	RH.27578A9A85FA4A3Z0Z_F	100.000	24	0	4.65e-09	48.1
M03520:605:000000000-LVNKY:1:1102:3987:11815;size=7	RH.DDB83AFF97C94C6Z0Z_R	100.000	25	0	1.18e-09	50.1
M03520:605:000000000-LVNKY:1:1102:3987:11815;size=7	RH.DDB83AFF97C94C6Z0Z_F	100.000	24	0	4.65e-09	48.1
M03520:605:000000000-LVNKY:1:1102:7079:10503;size=7	RH.B9EF730EBE6C436Z0Z_R	100.000	25	0	1.18e-09	50.1
M03520:605:000000000-LVNKY:1:1102:7079:10503;size=7	RH.B9EF730EBE6C436Z0Z_F	100.000	25	0	1.18e-09	50.1
M03520:605:000000000-LVNKY:1:1102:7791:20494;size=7	RH.E253263309B742FZ0Z_F	100.000	26	0	2.98e-10	52.0
M03520:605:000000000-LVNKY:1:1102:7791:20494;size=7	RH.E253263309B742FZ0Z_R	96.154	26	1	7.27e-08	44.1
M03520:605:000000000-LVNKY:1:1102:8560:13934;size=7	RH.DDB83AFF97C94C6Z0Z_R	100.000	24	0	4.65e-09	48.1
M03520:605:000000000-LVNKY:1:1102:8560:13934;size=7	RH.DDB83AFF97C94C6Z0Z_F	100.000	24	0	4.65e-09	48.1
M03520:605:000000000-LVNKY:1:1103:13493:18011;size=7	RH.2A8AD21024974C0Z0Z_F	100.000	26	0	2.98e-10	52.0
M03520:605:000000000-LVNKY:1:1103:13493:18011;size=7	RH.2A8AD21024974C0Z0Z_R	100.000	25	0	1.18e-09	50.1
M03520:605:000000000-LVNKY:1:1103:15562:10415;size=7	RH.6DE797B0D3F544DZ0Z_F	100.000	26	0	2.98e-10	52.0
M03520:605:000000000-LVNKY:1:1103:15861:14437;size=7	RH.0C6EF86AB29A422Z0Z_R	100.000	23	0	1.84e-08	46.1
M03520:605:000000000-LVNKY:1:1103:15861:14437;size=7	RH.0C6EF86AB29A422Z0Z_F	100.000	23	0	1.84e-08	46.1
M03520:605:000000000-LVNKY:1:1103:16732:2573;size=7	RH.B9EF730EBE6C436Z0Z_R	100.000	25	0	1.18e-09	50.1
M03520:605:000000000-LVNKY:1:1103:16732:2573;size=7	RH.B9EF730EBE6C436Z0Z_F	96.000	25	1	2.87e-07	42.1
M03520:605:000000000-LVNKY:1:1103:17036:19540;size=7	RH.6408CE975B5340AZ0Z_F	100.000	26	0	2.98e-10	52.0
M03520:605:000000000-LVNKY:1:1103:17036:19540;size=7	RH.BB93C61565534C3Z0Z_R	100.000	20	0	1.13e-06	40.1
M03520:605:000000000-LVNKY:1:1103:19063:18538;size=7	RH.DDB83AFF97C94C6Z0Z_R	100.000	25	0	1.18e-09	50.1
M03520:605:000000000-LVNKY:1:1103:19063:18538;size=7	RH.DDB83AFF97C94C6Z0Z_F	100.000	24	0	4.65e-09	48.1
M03520:605:000000000-LVNKY:1:1103:19938:5396;size=7	RH.DDB83AFF97C94C6Z0Z_R	100.000	25	0	1.18e-09	50.1
M03520:605:000000000-LVNKY:1:1103:19938:5396;size=7	RH.DDB83AFF97C94C6Z0Z_F	95.833	24	1	1.13e-06	40.1
M03520:605:000000000-LVNKY:1:1103:21620:3091;size=7	RH.B9EF730EBE6C436Z0Z_R	100.000	25	0	1.18e-09	50.1
M03520:605:000000000-LVNKY:1:1103:21620:3091;size=7	RH.B9EF730EBE6C436Z0Z_F	100.000	25	0	1.18e-09	50.1
M03520:605:000000000-LVNKY:1:1103:22839:8095;size=7	RH.2A8AD21024974C0Z0Z_F	100.000	26	0	2.98e-10	52.0
M03520:605:000000000-LVNKY:1:1103:22839:8095;size=7	RH.2A8AD21024974C0Z0Z_R	100.000	23	0	1.84e-08	46.1
M03520:605:000000000-LVNKY:1:1103:23908:22945;size=7	RH.6408CE975B5340AZ0Z_R	100.000	26	0	2.98e-10	52.0
M03520:605:000000000-LVNKY:1:1103:23908:22945;size=7	RH.6408CE975B5340AZ0Z_F	100.000	26	0	2.98e-10	52.0
M03520:605:000000000-LVNKY:1:1103:4982:10875;size=7	RH.27578A9A85FA4A3Z0Z_F	100.000	24	0	4.65e-09	48.1
M03520:605:000000000-LVNKY:1:1103:4982:10875;size=7	RH.27578A9A85FA4A3Z0Z_R	100.000	22	0	7.27e-08	44.1
M03520:605:000000000-LVNKY:1:1104:18016:14381;size=7	RH.CA1E204B0C0842DZ0Z_F	100.000	26	0	2.98e-10	52.0
M03520:605:000000000-LVNKY:1:1104:18016:14381;size=7	RH.CA1E204B0C0842DZ0Z_R	100.000	24	0	4.65e-09	48.1
M03520:605:000000000-LVNKY:1:1104:29686:15529;size=7	RH.6408CE975B5340AZ0Z_F	100.000	26	0	2.98e-10	52.0
M03520:605:000000000-LVNKY:1:1104:29686:15529;size=7	RH.6408CE975B5340AZ0Z_R	100.000	24	0	4.65e-09	48.1
M03520:605:000000000-LVNKY:1:1104:4723:8664;size=7	RH.DDB83AFF97C94C6Z0Z_R	100.000	25	0	1.18e-09	50.1
M03520:605:000000000-LVNKY:1:1104:4723:8664;size=7	RH.DDB83AFF97C94C6Z0Z_F	95.833	24	1	1.13e-06	40.1
M03520:605:000000000-LVNKY:1:1104:7737:14040;size=7	RH.6408CE975B5340AZ0Z_R	100.000	26	0	2.98e-10	52.0
M03520:605:000000000-LVNKY:1:1104:7737:14040;size=7	RH.6408CE975B5340AZ0Z_F	100.000	26	0	2.98e-10	52.0
M03520:605:000000000-LVNKY:1:1104:9311:8292;size=7	RH.0C6EF86AB29A422Z0Z_R	100.000	23	0	1.84e-08	46.1
M03520:605:000000000-LVNKY:1:1104:9311:8292;size=7	RH.0C6EF86AB29A422Z0Z_F	100.000	23	0	1.84e-08	46.1
M03520:605:000000000-LVNKY:1:1104:9429:6437;size=7	RH.7CE39E25906745AZ0Z_R	100.000	26	0	2.98e-10	52.0
M03520:605:000000000-LVNKY:1:1104:9429:6437;size=7	RH.7CE39E25906745AZ0Z_F	100.000	25	0	1.18e-09	50.1
M03520:605:000000000-LVNKY:1:1105:10225:23630;size=7	RH.0096A141894D447Z0Z_F	100.000	24	0	4.65e-09	48.1
M03520:605:000000000-LVNKY:1:1105:10225:23630;size=7	RH.0096A141894D447Z0Z_R	100.000	21	0	2.87e-07	42.1
M03520:605:000000000-LVNKY:1:1105:16074:22791;size=7	RH.6408CE975B5340AZ0Z_R	100.000	26	0	2.98e-10	52.0
M03520:605:000000000-LVNKY:1:1105:16074:22791;size=7	RH.6408CE975B5340AZ0Z_F	100.000	26	0	2.98e-10	52.0
M03520:605:000000000-LVNKY:1:1105:25688:19829;size=7	RH.0096A141894D447Z0Z_F	100.000	24	0	4.65e-09	48.1
M03520:605:000000000-LVNKY:1:1105:25688:19829;size=7	RH.0096A141894D447Z0Z_R	100.000	21	0	2.87e-07	42.1
M03520:605:000000000-LVNKY:1:1105:5932:16034;size=7	RH.27578A9A85FA4A3Z0Z_F	100.000	24	0	4.65e-09	48.1
M03520:605:000000000-LVNKY:1:1105:5932:16034;size=7	RH.27578A9A85FA4A3Z0Z_R	100.000	22	0	7.27e-08	44.1
M03520:605:000000000-LVNKY:1:1105:6792:15219;size=7	RH.E253263309B742FZ0Z_R	100.000	26	0	2.98e-10	52.0
M03520:605:000000000-LVNKY:1:1105:6792:15219;size=7	RH.E253263309B742FZ0Z_F	96.154	26	1	7.27e-08	44.1
M03520:605:000000000-LVNKY:1:1105:6803:5268;size=7	RH.8B25A056ABC1444Z0Z_F	100.000	25	0	1.18e-09	50.1
M03520:605:000000000-LVNKY:1:1105:6803:5268;size=7	RH.8B25A056ABC1444Z0Z_R	100.000	24	0	4.65e-09	48.1
M03520:605:000000000-LVNKY:1:1105:7160:7639;size=7	RH.0C6EF86AB29A422Z0Z_R	100.000	23	0	1.84e-08	46.1
M03520:605:000000000-LVNKY:1:1105:7160:7639;size=7	RH.0C6EF86AB29A422Z0Z_F	100.000	23	0	1.84e-08	46.1
M03520:605:000000000-LVNKY:1:1105:8118:14890;size=7	RH.7CE39E25906745AZ0Z_R	100.000	26	0	2.98e-10	52.0
M03520:605:000000000-LVNKY:1:1105:8118:14890;size=7	RH.7CE39E25906745AZ0Z_F	100.000	25	0	1.18e-09	50.1
M03520:605:000000000-LVNKY:1:1106:11416:22510;size=7	RH.7CE39E25906745AZ0Z_R	100.000	26	0	2.98e-10	52.0
M03520:605:000000000-LVNKY:1:1106:11416:22510;size=7	RH.7CE39E25906745AZ0Z_F	100.000	25	0	1.18e-09	50.1
M03520:605:000000000-LVNKY:1:1106:20310:5387;size=7	RH.B9EF730EBE6C436Z0Z_F	100.000	25	0	1.18e-09	50.1
M03520:605:000000000-LVNKY:1:1106:20310:5387;size=7	RH.B9EF730EBE6C436Z0Z_R	96.000	25	1	2.87e-07	42.1
M03520:605:000000000-LVNKY:1:1106:22613:23612;size=7	RH.2091F326F74640CZ0Z_F	100.000	24	0	4.65e-09	48.1
M03520:605:000000000-LVNKY:1:1106:22613:23612;size=7	RH.2091F326F74640CZ0Z_R	100.000	22	0	7.27e-08	44.1
M03520:605:000000000-LVNKY:1:1106:26444:9186;size=7	RH.27578A9A85FA4A3Z0Z_F	100.000	24	0	4.65e-09	48.1
M03520:605:000000000-LVNKY:1:1106:26444:9186;size=7	RH.27578A9A85FA4A3Z0Z_R	100.000	22	0	7.27e-08	44.1
M03520:605:000000000-LVNKY:1:1106:5498:15845;size=7	RH.609947B6947F457Z0Z_F	100.000	21	0	2.87e-07	42.1
M03520:605:000000000-LVNKY:1:1106:5498:15845;size=7	RH.A12CDF2B5C80436Z0Z_R	100.000	20	0	1.13e-06	40.1
M03520:605:000000000-LVNKY:1:1106:8059:18809;size=7	RH.0550AF0F57084ADZ0Z_R	100.000	22	0	7.27e-08	44.1
M03520:605:000000000-LVNKY:1:1106:8059:18809;size=7	RH.3B2B2BB86AB94D3Z0Z_F	100.000	21	0	2.87e-07	42.1
M03520:605:000000000-LVNKY:1:1106:8059:18809;size=7	RH.64613722763148BZ0Z_R	100.000	19	0	4.48e-06	38.2
M03520:605:000000000-LVNKY:1:1106:8065:21998;size=7	RH.0C6EF86AB29A422Z0Z_R	100.000	23	0	1.84e-08	46.1
M03520:605:000000000-LVNKY:1:1106:8065:21998;size=7	RH.0C6EF86AB29A422Z0Z_F	100.000	23	0	1.84e-08	46.1
M03520:605:000000000-LVNKY:1:1108:12199:17842;size=7	RH.6408CE975B5340AZ0Z_R	100.000	26	0	2.98e-10	52.0
M03520:605:000000000-LVNKY:1:1108:12199:17842;size=7	RH.6408CE975B5340AZ0Z_F	100.000	26	0	2.98e-10	52.0
M03520:605:000000000-LVNKY:1:1108:19577:20709;size=7	RH.B9EF730EBE6C436Z0Z_R	100.000	25	0	1.18e-09	50.1
M03520:605:000000000-LVNKY:1:1108:19577:20709;size=7	RH.B9EF730EBE6C436Z0Z_F	100.000	25	0	1.18e-09	50.1
M03520:605:000000000-LVNKY:1:1108:21003:16973;size=7	RH.2A8AD21024974C0Z0Z_F	100.000	26	0	2.98e-10	52.0
M03520:605:000000000-LVNKY:1:1108:21003:16973;size=7	RH.2A8AD21024974C0Z0Z_R	100.000	25	0	1.18e-09	50.1
M03520:605:000000000-LVNKY:1:1108:25974:22883;size=7	RH.6408CE975B5340AZ0Z_R	100.000	26	0	2.98e-10	52.0
M03520:605:000000000-LVNKY:1:1108:25974:22883;size=7	RH.6408CE975B5340AZ0Z_F	100.000	26	0	2.98e-10	52.0
M03520:605:000000000-LVNKY:1:1108:26239:15922;size=7	RH.0C6EF86AB29A422Z0Z_R	100.000	23	0	1.84e-08	46.1
M03520:605:000000000-LVNKY:1:1108:26239:15922;size=7	RH.0C6EF86AB29A422Z0Z_F	100.000	23	0	1.84e-08	46.1
M03520:605:000000000-LVNKY:1:1108:6130:16918;size=7	RH.25F43EF2A0F1421Z0Z_F	100.000	24	0	4.65e-09	48.1
M03520:605:000000000-LVNKY:1:1108:6130:16918;size=7	RH.25F43EF2A0F1421Z0Z_R	95.652	23	1	4.48e-06	38.2
M03520:605:000000000-LVNKY:1:1109:12594:11215;size=7	RH.6408CE975B5340AZ0Z_R	100.000	26	0	2.98e-10	52.0
M03520:605:000000000-LVNKY:1:1109:17667:7968;size=7	RH.6408CE975B5340AZ0Z_R	100.000	26	0	2.98e-10	52.0
M03520:605:000000000-LVNKY:1:1109:17667:7968;size=7	RH.6408CE975B5340AZ0Z_F	100.000	26	0	2.98e-10	52.0
M03520:605:000000000-LVNKY:1:1110:10479:11560;size=7	RH.B9EF730EBE6C436Z0Z_F	100.000	25	0	1.18e-09	50.1
M03520:605:000000000-LVNKY:1:1110:10479:11560;size=7	RH.B9EF730EBE6C436Z0Z_R	96.000	25	1	2.87e-07	42.1
M03520:605:000000000-LVNKY:1:1110:13600:9674;size=7	RH.DDB83AFF97C94C6Z0Z_R	100.000	25	0	1.18e-09	50.1
M03520:605:000000000-LVNKY:1:1110:13600:9674;size=7	RH.DDB83AFF97C94C6Z0Z_F	100.000	24	0	4.65e-09	48.1
M03520:605:000000000-LVNKY:1:1110:26135:7943;size=7	RH.0C6EF86AB29A422Z0Z_R	100.000	23	0	1.84e-08	46.1
M03520:605:000000000-LVNKY:1:1110:26135:7943;size=7	RH.0C6EF86AB29A422Z0Z_F	100.000	19	0	4.48e-06	38.2
M03520:605:000000000-LVNKY:1:1112:18861:18017;size=7	RH.6408CE975B5340AZ0Z_R	100.000	26	0	2.98e-10	52.0
M03520:605:000000000-LVNKY:1:1112:18861:18017;size=7	RH.6408CE975B5340AZ0Z_F	100.000	26	0	2.98e-10	52.0
M03520:605:000000000-LVNKY:1:1113:9634:13837;size=7	RH.27578A9A85FA4A3Z0Z_F	100.000	24	0	4.65e-09	48.1
M03520:605:000000000-LVNKY:1:1113:9634:13837;size=7	RH.27578A9A85FA4A3Z0Z_R	100.000	22	0	7.27e-08	44.1
M03520:605:000000000-LVNKY:1:1101:12512:12732;size=6	RH.E04EE94198274F7Z0Z_F	100.000	25	0	1.18e-09	50.1
M03520:605:000000000-LVNKY:1:1101:12512:12732;size=6	RH.E04EE94198274F7Z0Z_R	100.000	24	0	4.65e-09	48.1
M03520:605:000000000-LVNKY:1:1101:13403:16955;size=6	RH.E253263309B742FZ0Z_F	100.000	26	0	2.98e-10	52.0
M03520:605:000000000-LVNKY:1:1101:13403:16955;size=6	RH.E253263309B742FZ0Z_R	100.000	23	0	1.84e-08	46.1
M03520:605:000000000-LVNKY:1:1101:14822:20323;size=6	RH.27578A9A85FA4A3Z0Z_F	100.000	24	0	4.65e-09	48.1
M03520:605:000000000-LVNKY:1:1101:14822:20323;size=6	RH.27578A9A85FA4A3Z0Z_R	100.000	22	0	7.27e-08	44.1
M03520:605:000000000-LVNKY:1:1101:17429:24668;size=6	RH.2091F326F74640CZ0Z_F	100.000	24	0	4.65e-09	48.1
M03520:605:000000000-LVNKY:1:1101:17429:24668;size=6	RH.2091F326F74640CZ0Z_R	100.000	19	0	4.48e-06	38.2
M03520:605:000000000-LVNKY:1:1101:17779:5251;size=6	RH.6408CE975B5340AZ0Z_R	100.000	26	0	2.98e-10	52.0
M03520:605:000000000-LVNKY:1:1101:17779:5251;size=6	RH.6408CE975B5340AZ0Z_F	100.000	26	0	2.98e-10	52.0
M03520:605:000000000-LVNKY:1:1101:17853:26284;size=6	RH.228524764FCE499Z0Z_R	100.000	24	0	4.65e-09	48.1
M03520:605:000000000-LVNKY:1:1101:17853:26284;size=6	RH.228524764FCE499Z0Z_F	95.833	24	1	1.13e-06	40.1
M03520:605:000000000-LVNKY:1:1101:18236:2675;size=6	RH.7CE39E25906745AZ0Z_R	100.000	26	0	2.98e-10	52.0
M03520:605:000000000-LVNKY:1:1101:18236:2675;size=6	RH.7CE39E25906745AZ0Z_F	100.000	25	0	1.18e-09	50.1
M03520:605:000000000-LVNKY:1:1101:19258:24553;size=6	RH.B9EF730EBE6C436Z0Z_R	100.000	25	0	1.18e-09	50.1
M03520:605:000000000-LVNKY:1:1101:19258:24553;size=6	RH.B9EF730EBE6C436Z0Z_F	96.000	25	1	2.87e-07	42.1
M03520:605:000000000-LVNKY:1:1101:21756:12059;size=6	RH.27578A9A85FA4A3Z0Z_F	100.000	24	0	4.65e-09	48.1
M03520:605:000000000-LVNKY:1:1101:21756:12059;size=6	RH.27578A9A85FA4A3Z0Z_R	100.000	22	0	7.27e-08	44.1
M03520:605:000000000-LVNKY:1:1101:22917:8934;size=6	RH.6408CE975B5340AZ0Z_R	100.000	26	0	2.98e-10	52.0
M03520:605:000000000-LVNKY:1:1101:22917:8934;size=6	RH.6408CE975B5340AZ0Z_F	100.000	26	0	2.98e-10	52.0
M03520:605:000000000-LVNKY:1:1101:26380:20327;size=6	RH.E253263309B742FZ0Z_R	100.000	26	0	2.98e-10	52.0
M03520:605:000000000-LVNKY:1:1101:26380:20327;size=6	RH.E253263309B742FZ0Z_F	100.000	23	0	1.84e-08	46.1
M03520:605:000000000-LVNKY:1:1101:7732:4953;size=6	RH.E253263309B742FZ0Z_R	100.000	26	0	2.98e-10	52.0
M03520:605:000000000-LVNKY:1:1101:7732:4953;size=6	RH.E253263309B742FZ0Z_F	100.000	26	0	2.98e-10	52.0
M03520:605:000000000-LVNKY:1:1101:8185:16497;size=6	RH.F7E3D42951B44CCZ0Z_R	100.000	22	0	7.27e-08	44.1
M03520:605:000000000-LVNKY:1:1101:8185:16497;size=6	RH.F7E3D42951B44CCZ0Z_F	100.000	21	0	2.87e-07	42.1
M03520:605:000000000-LVNKY:1:1101:8391:10799;size=6	RH.27578A9A85FA4A3Z0Z_F	100.000	24	0	4.65e-09	48.1
M03520:605:000000000-LVNKY:1:1101:8767:9728;size=6	RH.B9EF730EBE6C436Z0Z_R	100.000	25	0	1.18e-09	50.1
M03520:605:000000000-LVNKY:1:1101:8767:9728;size=6	RH.B9EF730EBE6C436Z0Z_F	96.000	25	1	2.87e-07	42.1
M03520:605:000000000-LVNKY:1:1101:9175:14402;size=6	RH.DDB83AFF97C94C6Z0Z_R	100.000	25	0	1.18e-09	50.1
M03520:605:000000000-LVNKY:1:1101:9175:14402;size=6	RH.DDB83AFF97C94C6Z0Z_F	100.000	24	0	4.65e-09	48.1
M03520:605:000000000-LVNKY:1:1101:9812:12244;size=6	RH.2A8AD21024974C0Z0Z_R	100.000	25	0	1.18e-09	50.1
M03520:605:000000000-LVNKY:1:1101:9843:10277;size=6	RH.C597F0BA65D4481Z0Z_R	100.000	24	0	4.65e-09	48.1
M03520:605:000000000-LVNKY:1:1101:9843:10277;size=6	RH.44333617E8F04C0Z0Z_F	100.000	23	0	1.84e-08	46.1
M03520:605:000000000-LVNKY:1:1101:9889:11122;size=6	RH.E253263309B742FZ0Z_F	100.000	26	0	2.98e-10	52.0
M03520:605:000000000-LVNKY:1:1101:9889:11122;size=6	RH.E253263309B742FZ0Z_R	100.000	26	0	2.98e-10	52.0
M03520:605:000000000-LVNKY:1:1102:10811:28282;size=6	RH.B9EF730EBE6C436Z0Z_R	100.000	25	0	1.18e-09	50.1
M03520:605:000000000-LVNKY:1:1102:10811:28282;size=6	RH.B9EF730EBE6C436Z0Z_F	100.000	23	0	1.84e-08	46.1
M03520:605:000000000-LVNKY:1:1102:20293:23536;size=6	RH.7CE39E25906745AZ0Z_R	100.000	26	0	2.98e-10	52.0
M03520:605:000000000-LVNKY:1:1102:20293:23536;size=6	RH.7CE39E25906745AZ0Z_F	100.000	25	0	1.18e-09	50.1
M03520:605:000000000-LVNKY:1:1102:20817:8870;size=6	RH.B9EF730EBE6C436Z0Z_R	100.000	25	0	1.18e-09	50.1
M03520:605:000000000-LVNKY:1:1102:20817:8870;size=6	RH.B9EF730EBE6C436Z0Z_F	96.000	25	1	2.87e-07	42.1
M03520:605:000000000-LVNKY:1:1102:21588:22962;size=6	RH.5F6424ABBC3C47BZ0Z_F	100.000	25	0	1.18e-09	50.1
M03520:605:000000000-LVNKY:1:1102:21731:15979;size=6	RH.E253263309B742FZ0Z_F	100.000	26	0	2.98e-10	52.0
M03520:605:000000000-LVNKY:1:1102:21731:15979;size=6	RH.E253263309B742FZ0Z_R	96.154	26	1	7.27e-08	44.1
M03520:605:000000000-LVNKY:1:1102:2413:18297;size=6	RH.2AFFFBA0E81C482Z0Z_R	100.000	23	0	1.84e-08	46.1
M03520:605:000000000-LVNKY:1:1102:2413:18297;size=6	RH.2AFFFBA0E81C482Z0Z_F	100.000	23	0	1.84e-08	46.1
M03520:605:000000000-LVNKY:1:1102:7357:20133;size=6	RH.DDB83AFF97C94C6Z0Z_R	100.000	25	0	1.18e-09	50.1
M03520:605:000000000-LVNKY:1:1102:7357:20133;size=6	RH.DDB83AFF97C94C6Z0Z_F	100.000	24	0	4.65e-09	48.1
M03520:605:000000000-LVNKY:1:1103:10676:7882;size=6	RH.B9EF730EBE6C436Z0Z_R	100.000	25	0	1.18e-09	50.1
M03520:605:000000000-LVNKY:1:1103:10676:7882;size=6	RH.3B2B2BB86AB94D3Z0Z_F	100.000	21	0	2.87e-07	42.1
M03520:605:000000000-LVNKY:1:1103:10676:7882;size=6	RH.64613722763148BZ0Z_R	100.000	19	0	4.48e-06	38.2
M03520:605:000000000-LVNKY:1:1103:11121:8365;size=6	RH.B9EF730EBE6C436Z0Z_R	100.000	25	0	1.18e-09	50.1
M03520:605:000000000-LVNKY:1:1103:11121:8365;size=6	RH.B9EF730EBE6C436Z0Z_F	100.000	25	0	1.18e-09	50.1
M03520:605:000000000-LVNKY:1:1103:11706:16927;size=6	RH.B9EF730EBE6C436Z0Z_R	100.000	25	0	1.18e-09	50.1
M03520:605:000000000-LVNKY:1:1103:11706:16927;size=6	RH.B9EF730EBE6C436Z0Z_F	96.000	25	1	2.87e-07	42.1
M03520:605:000000000-LVNKY:1:1103:13121:13807;size=6	RH.E253263309B742FZ0Z_F	100.000	26	0	2.98e-10	52.0
M03520:605:000000000-LVNKY:1:1103:13121:13807;size=6	RH.E253263309B742FZ0Z_R	100.000	26	0	2.98e-10	52.0
M03520:605:000000000-LVNKY:1:1103:15860:16826;size=6	RH.6408CE975B5340AZ0Z_R	100.000	26	0	2.98e-10	52.0
M03520:605:000000000-LVNKY:1:1103:15860:16826;size=6	RH.6408CE975B5340AZ0Z_F	96.154	26	1	7.27e-08	44.1
M03520:605:000000000-LVNKY:1:1103:17592:22058;size=6	RH.0096A141894D447Z0Z_F	100.000	24	0	4.65e-09	48.1
M03520:605:000000000-LVNKY:1:1103:17592:22058;size=6	RH.0096A141894D447Z0Z_R	100.000	21	0	2.87e-07	42.1
M03520:605:000000000-LVNKY:1:1103:19592:20048;size=6	RH.B9EF730EBE6C436Z0Z_R	100.000	25	0	1.18e-09	50.1
M03520:605:000000000-LVNKY:1:1103:19592:20048;size=6	RH.B9EF730EBE6C436Z0Z_F	96.000	25	1	2.87e-07	42.1
M03520:605:000000000-LVNKY:1:1103:20767:28071;size=6	RH.27578A9A85FA4A3Z0Z_F	100.000	24	0	4.65e-09	48.1
M03520:605:000000000-LVNKY:1:1103:20767:28071;size=6	RH.27578A9A85FA4A3Z0Z_R	100.000	21	0	2.87e-07	42.1
M03520:605:000000000-LVNKY:1:1103:8249:12601;size=6	RH.2A8AD21024974C0Z0Z_F	100.000	26	0	2.98e-10	52.0
M03520:605:000000000-LVNKY:1:1103:8249:12601;size=6	RH.2A8AD21024974C0Z0Z_R	100.000	25	0	1.18e-09	50.1
M03520:605:000000000-LVNKY:1:1104:12200:18064;size=6	RH.E253263309B742FZ0Z_R	100.000	26	0	2.98e-10	52.0
M03520:605:000000000-LVNKY:1:1104:12200:18064;size=6	RH.E253263309B742FZ0Z_F	100.000	22	0	7.27e-08	44.1
M03520:605:000000000-LVNKY:1:1104:15282:8573;size=6	RH.27578A9A85FA4A3Z0Z_R	100.000	22	0	7.27e-08	44.1
M03520:605:000000000-LVNKY:1:1104:15374:2969;size=6	RH.B9EF730EBE6C436Z0Z_R	100.000	25	0	1.18e-09	50.1
M03520:605:000000000-LVNKY:1:1104:15374:2969;size=6	RH.B9EF730EBE6C436Z0Z_F	96.000	25	1	2.87e-07	42.1
M03520:605:000000000-LVNKY:1:1104:15457:11306;size=6	RH.DDB83AFF97C94C6Z0Z_R	100.000	25	0	1.18e-09	50.1
M03520:605:000000000-LVNKY:1:1104:15457:11306;size=6	RH.DDB83AFF97C94C6Z0Z_F	100.000	24	0	4.65e-09	48.1
M03520:605:000000000-LVNKY:1:1104:17140:27633;size=6	RH.E253263309B742FZ0Z_F	100.000	26	0	2.98e-10	52.0
M03520:605:000000000-LVNKY:1:1104:17140:27633;size=6	RH.E253263309B742FZ0Z_R	100.000	26	0	2.98e-10	52.0
M03520:605:000000000-LVNKY:1:1104:18495:11869;size=6	RH.2A8AD21024974C0Z0Z_F	100.000	26	0	2.98e-10	52.0
M03520:605:000000000-LVNKY:1:1104:18495:11869;size=6	RH.2A8AD21024974C0Z0Z_R	100.000	25	0	1.18e-09	50.1
M03520:605:000000000-LVNKY:1:1104:22178:16099;size=6	RH.51338FA06EDB4F0Z0Z_R	100.000	25	0	1.18e-09	50.1
M03520:605:000000000-LVNKY:1:1104:22178:16099;size=6	RH.51338FA06EDB4F0Z0Z_F	100.000	25	0	1.18e-09	50.1
M03520:605:000000000-LVNKY:1:1104:23178:17084;size=6	RH.DDB83AFF97C94C6Z0Z_R	100.000	25	0	1.18e-09	50.1
M03520:605:000000000-LVNKY:1:1104:23178:17084;size=6	RH.DDB83AFF97C94C6Z0Z_F	100.000	24	0	4.65e-09	48.1
M03520:605:000000000-LVNKY:1:1104:26826:22773;size=6	RH.2A8AD21024974C0Z0Z_F	100.000	26	0	2.98e-10	52.0
M03520:605:000000000-LVNKY:1:1104:26826:22773;size=6	RH.2A8AD21024974C0Z0Z_R	100.000	25	0	1.18e-09	50.1
M03520:605:000000000-LVNKY:1:1104:29340:15730;size=6	RH.E253263309B742FZ0Z_R	100.000	26	0	2.98e-10	52.0
M03520:605:000000000-LVNKY:1:1104:29340:15730;size=6	RH.E253263309B742FZ0Z_F	100.000	26	0	2.98e-10	52.0
M03520:605:000000000-LVNKY:1:1105:11506:14817;size=6	RH.B9EF730EBE6C436Z0Z_R	100.000	25	0	1.18e-09	50.1
M03520:605:000000000-LVNKY:1:1105:11506:14817;size=6	RH.B9EF730EBE6C436Z0Z_F	100.000	25	0	1.18e-09	50.1
M03520:605:000000000-LVNKY:1:1105:13670:16106;size=6	RH.8B25A056ABC1444Z0Z_R	100.000	24	0	4.65e-09	48.1
M03520:605:000000000-LVNKY:1:1105:13670:16106;size=6	RH.E50C44E6F0174B8Z0Z_F	100.000	20	0	1.13e-06	40.1
M03520:605:000000000-LVNKY:1:1105:15551:26873;size=6	RH.B9EF730EBE6C436Z0Z_R	100.000	25	0	1.18e-09	50.1
M03520:605:000000000-LVNKY:1:1105:15551:26873;size=6	RH.B9EF730EBE6C436Z0Z_F	100.000	25	0	1.18e-09	50.1
M03520:605:000000000-LVNKY:1:1105:17456:8709;size=6	RH.B9EF730EBE6C436Z0Z_F	100.000	25	0	1.18e-09	50.1
M03520:605:000000000-LVNKY:1:1105:17456:8709;size=6	RH.B9EF730EBE6C436Z0Z_R	100.000	21	0	2.87e-07	42.1
M03520:605:000000000-LVNKY:1:1105:17539:12443;size=6	RH.B9EF730EBE6C436Z0Z_R	100.000	25	0	1.18e-09	50.1
M03520:605:000000000-LVNKY:1:1105:27190:15927;size=6	RH.5F6424ABBC3C47BZ0Z_F	100.000	25	0	1.18e-09	50.1
M03520:605:000000000-LVNKY:1:1105:5810:8288;size=6	RH.DDB83AFF97C94C6Z0Z_F	100.000	24	0	4.65e-09	48.1
M03520:605:000000000-LVNKY:1:1105:5810:8288;size=6	RH.DDB83AFF97C94C6Z0Z_R	96.000	25	1	2.87e-07	42.1
M03520:605:000000000-LVNKY:1:1105:6809:14732;size=6	RH.6408CE975B5340AZ0Z_R	100.000	26	0	2.98e-10	52.0
M03520:605:000000000-LVNKY:1:1105:6809:14732;size=6	RH.6408CE975B5340AZ0Z_F	100.000	23	0	1.84e-08	46.1
M03520:605:000000000-LVNKY:1:1105:7839:12438;size=6	RH.27578A9A85FA4A3Z0Z_R	100.000	22	0	7.27e-08	44.1
M03520:605:000000000-LVNKY:1:1105:7839:12438;size=6	RH.27578A9A85FA4A3Z0Z_F	95.833	24	1	1.13e-06	40.1
M03520:605:000000000-LVNKY:1:1106:12988:8019;size=6	RH.27578A9A85FA4A3Z0Z_F	100.000	24	0	4.65e-09	48.1
M03520:605:000000000-LVNKY:1:1106:12988:8019;size=6	RH.27578A9A85FA4A3Z0Z_R	100.000	22	0	7.27e-08	44.1
M03520:605:000000000-LVNKY:1:1106:13293:18337;size=6	RH.E253263309B742FZ0Z_R	100.000	26	0	2.98e-10	52.0
M03520:605:000000000-LVNKY:1:1106:13293:18337;size=6	RH.E253263309B742FZ0Z_F	100.000	26	0	2.98e-10	52.0
M03520:605:000000000-LVNKY:1:1106:21699:19380;size=6	RH.2A8AD21024974C0Z0Z_F	100.000	26	0	2.98e-10	52.0
M03520:605:000000000-LVNKY:1:1106:21699:19380;size=6	RH.2A8AD21024974C0Z0Z_R	100.000	25	0	1.18e-09	50.1
M03520:605:000000000-LVNKY:1:1106:2283:14508;size=6	RH.E253263309B742FZ0Z_R	100.000	26	0	2.98e-10	52.0
M03520:605:000000000-LVNKY:1:1106:2283:14508;size=6	RH.E253263309B742FZ0Z_F	96.154	26	1	7.27e-08	44.1
M03520:605:000000000-LVNKY:1:1106:26731:15578;size=6	RH.27578A9A85FA4A3Z0Z_F	100.000	21	0	2.87e-07	42.1
M03520:605:000000000-LVNKY:1:1106:26731:15578;size=6	RH.27578A9A85FA4A3Z0Z_R	100.000	19	0	4.48e-06	38.2
M03520:605:000000000-LVNKY:1:1106:3759:21776;size=6	RH.A2C9012430E34ADZ0Z_R	100.000	24	0	4.65e-09	48.1
M03520:605:000000000-LVNKY:1:1106:3759:21776;size=6	RH.A2C9012430E34ADZ0Z_F	100.000	24	0	4.65e-09	48.1
M03520:605:000000000-LVNKY:1:1107:9646:5252;size=6	RH.DDB83AFF97C94C6Z0Z_R	100.000	25	0	1.18e-09	50.1
M03520:605:000000000-LVNKY:1:1107:9646:5252;size=6	RH.DDB83AFF97C94C6Z0Z_F	100.000	24	0	4.65e-09	48.1
M03520:605:000000000-LVNKY:1:1108:10861:8386;size=6	RH.E253263309B742FZ0Z_R	100.000	26	0	2.98e-10	52.0
M03520:605:000000000-LVNKY:1:1108:10861:8386;size=6	RH.E253263309B742FZ0Z_F	96.154	26	1	7.27e-08	44.1
M03520:605:000000000-LVNKY:1:1108:12044:8541;size=6	RH.E253263309B742FZ0Z_R	100.000	26	0	2.98e-10	52.0
M03520:605:000000000-LVNKY:1:1108:12044:8541;size=6	RH.E253263309B742FZ0Z_F	100.000	26	0	2.98e-10	52.0
M03520:605:000000000-LVNKY:1:1108:16584:27145;size=6	RH.7CE39E25906745AZ0Z_R	100.000	26	0	2.98e-10	52.0
M03520:605:000000000-LVNKY:1:1108:16584:27145;size=6	RH.7CE39E25906745AZ0Z_F	100.000	25	0	1.18e-09	50.1
M03520:605:000000000-LVNKY:1:1108:23442:6808;size=6	RH.7CE39E25906745AZ0Z_R	100.000	26	0	2.98e-10	52.0
M03520:605:000000000-LVNKY:1:1108:23442:6808;size=6	RH.3B2B2BB86AB94D3Z0Z_F	100.000	21	0	2.87e-07	42.1
M03520:605:000000000-LVNKY:1:1108:23442:6808;size=6	RH.64613722763148BZ0Z_R	100.000	19	0	4.48e-06	38.2
M03520:605:000000000-LVNKY:1:1108:25725:10379;size=6	RH.E253263309B742FZ0Z_F	100.000	26	0	2.98e-10	52.0
M03520:605:000000000-LVNKY:1:1108:25725:10379;size=6	RH.E253263309B742FZ0Z_R	100.000	26	0	2.98e-10	52.0
M03520:605:000000000-LVNKY:1:1109:17489:24506;size=6	RH.DDB83AFF97C94C6Z0Z_R	100.000	25	0	1.18e-09	50.1
M03520:605:000000000-LVNKY:1:1109:17489:24506;size=6	RH.DDB83AFF97C94C6Z0Z_F	95.833	24	1	1.13e-06	40.1
M03520:605:000000000-LVNKY:1:1109:22021:8394;size=6	RH.B9EF730EBE6C436Z0Z_R	100.000	25	0	1.18e-09	50.1
M03520:605:000000000-LVNKY:1:1109:22021:8394;size=6	RH.B9EF730EBE6C436Z0Z_F	100.000	25	0	1.18e-09	50.1
M03520:605:000000000-LVNKY:1:1109:28210:19491;size=6	RH.E253263309B742FZ0Z_F	100.000	26	0	2.98e-10	52.0
M03520:605:000000000-LVNKY:1:1109:28210:19491;size=6	RH.E253263309B742FZ0Z_R	100.000	26	0	2.98e-10	52.0
M03520:605:000000000-LVNKY:1:1109:4251:7999;size=6	RH.27578A9A85FA4A3Z0Z_F	100.000	24	0	4.65e-09	48.1
M03520:605:000000000-LVNKY:1:1110:12285:17006;size=6	RH.8B25A056ABC1444Z0Z_R	100.000	24	0	4.65e-09	48.1
M03520:605:000000000-LVNKY:1:1110:22941:9812;size=6	RH.44DCEC943BED412Z0Z_R	100.000	23	0	1.84e-08	46.1
M03520:605:000000000-LVNKY:1:1110:22941:9812;size=6	RH.44DCEC943BED412Z0Z_F	100.000	23	0	1.84e-08	46.1
M03520:605:000000000-LVNKY:1:1110:22941:9812;size=6	RH.F8075AAECB0140EZ0Z_F	100.000	21	0	2.87e-07	42.1
M03520:605:000000000-LVNKY:1:1110:23066:8645;size=6	RH.0C6EF86AB29A422Z0Z_F	100.000	23	0	1.84e-08	46.1
M03520:605:000000000-LVNKY:1:1110:23066:8645;size=6	RH.0C6EF86AB29A422Z0Z_R	100.000	23	0	1.84e-08	46.1
M03520:605:000000000-LVNKY:1:1110:23906:13859;size=6	RH.27578A9A85FA4A3Z0Z_R	100.000	22	0	7.27e-08	44.1
M03520:605:000000000-LVNKY:1:1110:23906:13859;size=6	RH.27578A9A85FA4A3Z0Z_F	95.833	24	1	1.13e-06	40.1
M03520:605:000000000-LVNKY:1:1110:24201:5697;size=6	RH.B9EF730EBE6C436Z0Z_R	100.000	25	0	1.18e-09	50.1
M03520:605:000000000-LVNKY:1:1110:24201:5697;size=6	RH.B9EF730EBE6C436Z0Z_F	100.000	25	0	1.18e-09	50.1
M03520:605:000000000-LVNKY:1:1111:12887:7589;size=6	RH.27578A9A85FA4A3Z0Z_F	100.000	24	0	4.65e-09	48.1
M03520:605:000000000-LVNKY:1:1111:12887:7589;size=6	RH.27578A9A85FA4A3Z0Z_R	100.000	22	0	7.27e-08	44.1
M03520:605:000000000-LVNKY:1:1111:15783:24732;size=6	RH.6408CE975B5340AZ0Z_R	100.000	26	0	2.98e-10	52.0
M03520:605:000000000-LVNKY:1:1111:15783:24732;size=6	RH.6408CE975B5340AZ0Z_F	100.000	25	0	1.18e-09	50.1
M03520:605:000000000-LVNKY:1:1113:11269:6995;size=6	RH.7CE39E25906745AZ0Z_R	100.000	26	0	2.98e-10	52.0
M03520:605:000000000-LVNKY:1:1113:11269:6995;size=6	RH.7CE39E25906745AZ0Z_F	100.000	25	0	1.18e-09	50.1
M03520:605:000000000-LVNKY:1:1113:12021:6443;size=6	RH.DDB83AFF97C94C6Z0Z_R	100.000	25	0	1.18e-09	50.1
M03520:605:000000000-LVNKY:1:1113:12021:6443;size=6	RH.DDB83AFF97C94C6Z0Z_F	100.000	24	0	4.65e-09	48.1
M03520:605:000000000-LVNKY:1:1113:20742:3963;size=6	RH.0C6EF86AB29A422Z0Z_R	100.000	23	0	1.84e-08	46.1
M03520:605:000000000-LVNKY:1:1113:20742:3963;size=6	RH.0C6EF86AB29A422Z0Z_F	100.000	23	0	1.84e-08	46.1
M03520:605:000000000-LVNKY:1:1113:8312:6522;size=6	RH.27578A9A85FA4A3Z0Z_F	100.000	24	0	4.65e-09	48.1
M03520:605:000000000-LVNKY:1:1114:22101:12252;size=6	RH.7CE39E25906745AZ0Z_R	100.000	26	0	2.98e-10	52.0
M03520:605:000000000-LVNKY:1:1114:22101:12252;size=6	RH.7CE39E25906745AZ0Z_F	100.000	25	0	1.18e-09	50.1
M03520:605:000000000-LVNKY:1:1101:10076:6922;size=5	RH.E253263309B742FZ0Z_F	100.000	26	0	2.98e-10	52.0
M03520:605:000000000-LVNKY:1:1101:10076:6922;size=5	RH.E253263309B742FZ0Z_R	96.154	26	1	7.27e-08	44.1
M03520:605:000000000-LVNKY:1:1101:10732:20378;size=5	RH.6408CE975B5340AZ0Z_R	100.000	26	0	2.98e-10	52.0
M03520:605:000000000-LVNKY:1:1101:10732:20378;size=5	RH.6408CE975B5340AZ0Z_F	100.000	26	0	2.98e-10	52.0
M03520:605:000000000-LVNKY:1:1101:11999:13183;size=5	RH.6408CE975B5340AZ0Z_F	100.000	26	0	2.98e-10	52.0
M03520:605:000000000-LVNKY:1:1101:11999:13183;size=5	RH.6408CE975B5340AZ0Z_R	96.154	26	1	7.27e-08	44.1
M03520:605:000000000-LVNKY:1:1101:12805:22157;size=5	RH.27578A9A85FA4A3Z0Z_F	100.000	24	0	4.65e-09	48.1
M03520:605:000000000-LVNKY:1:1101:12805:22157;size=5	RH.27578A9A85FA4A3Z0Z_R	100.000	22	0	7.27e-08	44.1
M03520:605:000000000-LVNKY:1:1101:12971:27303;size=5	RH.7CE39E25906745AZ0Z_R	100.000	24	0	4.65e-09	48.1
M03520:605:000000000-LVNKY:1:1101:12971:27303;size=5	RH.E50C44E6F0174B8Z0Z_F	100.000	20	0	1.13e-06	40.1
M03520:605:000000000-LVNKY:1:1101:13157:26601;size=5	RH.0096A141894D447Z0Z_F	100.000	24	0	4.65e-09	48.1
M03520:605:000000000-LVNKY:1:1101:15196:14688;size=5	RH.6408CE975B5340AZ0Z_R	100.000	26	0	2.98e-10	52.0
M03520:605:000000000-LVNKY:1:1101:15196:14688;size=5	RH.6408CE975B5340AZ0Z_F	96.154	26	1	7.27e-08	44.1
M03520:605:000000000-LVNKY:1:1101:15968:12231;size=5	RH.27578A9A85FA4A3Z0Z_F	100.000	24	0	4.65e-09	48.1
M03520:605:000000000-LVNKY:1:1101:17185:4294;size=5	RH.27578A9A85FA4A3Z0Z_F	100.000	24	0	4.65e-09	48.1
M03520:605:000000000-LVNKY:1:1101:19380:3487;size=5	RH.44DCEC943BED412Z0Z_F	100.000	23	0	1.84e-08	46.1
M03520:605:000000000-LVNKY:1:1101:19380:3487;size=5	RH.44DCEC943BED412Z0Z_R	95.652	23	1	4.48e-06	38.2
M03520:605:000000000-LVNKY:1:1101:20460:12969;size=5	RH.BE09C1F6EE4B426Z0Z_R	100.000	23	0	1.84e-08	46.1
M03520:605:000000000-LVNKY:1:1101:20460:12969;size=5	RH.BE09C1F6EE4B426Z0Z_F	100.000	22	0	7.27e-08	44.1
M03520:605:000000000-LVNKY:1:1101:20802:2659;size=5	RH.27578A9A85FA4A3Z0Z_R	100.000	22	0	7.27e-08	44.1
M03520:605:000000000-LVNKY:1:1101:20802:2659;size=5	RH.27578A9A85FA4A3Z0Z_F	95.833	24	1	1.13e-06	40.1
M03520:605:000000000-LVNKY:1:1101:21108:11794;size=5	RH.7CE39E25906745AZ0Z_R	100.000	26	0	2.98e-10	52.0
M03520:605:000000000-LVNKY:1:1101:21108:11794;size=5	RH.7CE39E25906745AZ0Z_F	100.000	24	0	4.65e-09	48.1
M03520:605:000000000-LVNKY:1:1101:22576:6399;size=5	RH.E253263309B742FZ0Z_R	100.000	26	0	2.98e-10	52.0
M03520:605:000000000-LVNKY:1:1101:22576:6399;size=5	RH.E253263309B742FZ0Z_F	96.154	26	1	7.27e-08	44.1
M03520:605:000000000-LVNKY:1:1101:23054:5514;size=5	RH.E253263309B742FZ0Z_F	100.000	26	0	2.98e-10	52.0
M03520:605:000000000-LVNKY:1:1101:23054:5514;size=5	RH.E253263309B742FZ0Z_R	96.154	26	1	7.27e-08	44.1
M03520:605:000000000-LVNKY:1:1101:26178:23545;size=5	RH.DDB83AFF97C94C6Z0Z_F	100.000	24	0	4.65e-09	48.1
M03520:605:000000000-LVNKY:1:1101:26178:23545;size=5	RH.DDB83AFF97C94C6Z0Z_R	100.000	19	0	4.48e-06	38.2
M03520:605:000000000-LVNKY:1:1101:26178:23545;size=5	RH.256B9DD95E5E4EDZ0Z_R	100.000	19	0	4.48e-06	38.2
M03520:605:000000000-LVNKY:1:1101:6639:8032;size=5	RH.6408CE975B5340AZ0Z_R	100.000	26	0	2.98e-10	52.0
M03520:605:000000000-LVNKY:1:1101:6639:8032;size=5	RH.6408CE975B5340AZ0Z_F	100.000	26	0	2.98e-10	52.0
M03520:605:000000000-LVNKY:1:1101:7487:13627;size=5	RH.B9EF730EBE6C436Z0Z_F	100.000	25	0	1.18e-09	50.1
M03520:605:000000000-LVNKY:1:1101:7487:13627;size=5	RH.B9EF730EBE6C436Z0Z_R	96.000	25	1	2.87e-07	42.1
M03520:605:000000000-LVNKY:1:1101:8128:7869;size=5	RH.6408CE975B5340AZ0Z_R	100.000	26	0	2.98e-10	52.0
M03520:605:000000000-LVNKY:1:1101:8128:7869;size=5	RH.6408CE975B5340AZ0Z_F	100.000	26	0	2.98e-10	52.0
M03520:605:000000000-LVNKY:1:1101:9122:19032;size=5	RH.B9EF730EBE6C436Z0Z_R	100.000	25	0	1.18e-09	50.1
M03520:605:000000000-LVNKY:1:1101:9122:19032;size=5	RH.3B2B2BB86AB94D3Z0Z_F	100.000	21	0	2.87e-07	42.1
M03520:605:000000000-LVNKY:1:1101:9122:19032;size=5	RH.64613722763148BZ0Z_R	100.000	19	0	4.48e-06	38.2
M03520:605:000000000-LVNKY:1:1102:11067:8177;size=5	RH.321690A69B1C40DZ0Z_R	100.000	22	0	7.27e-08	44.1
M03520:605:000000000-LVNKY:1:1102:11067:8177;size=5	RH.321690A69B1C40DZ0Z_F	100.000	21	0	2.87e-07	42.1
M03520:605:000000000-LVNKY:1:1102:12589:11829;size=5	RH.B9EF730EBE6C436Z0Z_R	100.000	25	0	1.18e-09	50.1
M03520:605:000000000-LVNKY:1:1102:12589:11829;size=5	RH.3B2B2BB86AB94D3Z0Z_F	100.000	21	0	2.87e-07	42.1
M03520:605:000000000-LVNKY:1:1102:12589:11829;size=5	RH.64613722763148BZ0Z_R	100.000	19	0	4.48e-06	38.2
M03520:605:000000000-LVNKY:1:1102:14013:5096;size=5	RH.7CE39E25906745AZ0Z_R	100.000	26	0	2.98e-10	52.0
M03520:605:000000000-LVNKY:1:1102:14013:5096;size=5	RH.7CE39E25906745AZ0Z_F	100.000	25	0	1.18e-09	50.1
M03520:605:000000000-LVNKY:1:1102:14287:5157;size=5	RH.DDB83AFF97C94C6Z0Z_R	100.000	25	0	1.18e-09	50.1
M03520:605:000000000-LVNKY:1:1102:14287:5157;size=5	RH.DDB83AFF97C94C6Z0Z_F	100.000	24	0	4.65e-09	48.1
M03520:605:000000000-LVNKY:1:1102:15072:25389;size=5	RH.27578A9A85FA4A3Z0Z_R	100.000	22	0	7.27e-08	44.1
M03520:605:000000000-LVNKY:1:1102:15072:25389;size=5	RH.27578A9A85FA4A3Z0Z_F	95.833	24	1	1.13e-06	40.1
M03520:605:000000000-LVNKY:1:1102:15309:16853;size=5	RH.8B25A056ABC1444Z0Z_F	100.000	25	0	1.18e-09	50.1
M03520:605:000000000-LVNKY:1:1102:15309:16853;size=5	RH.8B25A056ABC1444Z0Z_R	100.000	24	0	4.65e-09	48.1
M03520:605:000000000-LVNKY:1:1102:16138:6915;size=5	RH.0550AF0F57084ADZ0Z_R	100.000	22	0	7.27e-08	44.1
M03520:605:000000000-LVNKY:1:1102:16597:4443;size=5	RH.B9EF730EBE6C436Z0Z_F	100.000	25	0	1.18e-09	50.1
M03520:605:000000000-LVNKY:1:1102:16597:4443;size=5	RH.B9EF730EBE6C436Z0Z_R	96.000	25	1	2.87e-07	42.1
M03520:605:000000000-LVNKY:1:1102:16892:7251;size=5	RH.609947B6947F457Z0Z_F	100.000	21	0	2.87e-07	42.1
M03520:605:000000000-LVNKY:1:1102:16892:7251;size=5	RH.A12CDF2B5C80436Z0Z_R	100.000	20	0	1.13e-06	40.1
M03520:605:000000000-LVNKY:1:1102:18720:8994;size=5	RH.B9EF730EBE6C436Z0Z_F	100.000	25	0	1.18e-09	50.1
M03520:605:000000000-LVNKY:1:1102:18720:8994;size=5	RH.B9EF730EBE6C436Z0Z_R	96.000	25	1	2.87e-07	42.1
M03520:605:000000000-LVNKY:1:1102:18795:5919;size=5	RH.27578A9A85FA4A3Z0Z_F	100.000	24	0	4.65e-09	48.1
M03520:605:000000000-LVNKY:1:1102:18795:5919;size=5	RH.27578A9A85FA4A3Z0Z_R	100.000	22	0	7.27e-08	44.1
M03520:605:000000000-LVNKY:1:1102:20410:7659;size=5	RH.E253263309B742FZ0Z_R	100.000	26	0	2.98e-10	52.0
M03520:605:000000000-LVNKY:1:1102:20410:7659;size=5	RH.E253263309B742FZ0Z_F	100.000	22	0	7.27e-08	44.1
M03520:605:000000000-LVNKY:1:1102:20798:12745;size=5	RH.6408CE975B5340AZ0Z_R	100.000	26	0	2.98e-10	52.0
M03520:605:000000000-LVNKY:1:1102:20798:12745;size=5	RH.6408CE975B5340AZ0Z_F	96.154	26	1	7.27e-08	44.1
M03520:605:000000000-LVNKY:1:1102:21234:8882;size=5	RH.DDB83AFF97C94C6Z0Z_F	100.000	24	0	4.65e-09	48.1
M03520:605:000000000-LVNKY:1:1102:21234:8882;size=5	RH.DDB83AFF97C94C6Z0Z_R	100.000	23	0	1.84e-08	46.1
M03520:605:000000000-LVNKY:1:1102:21474:15742;size=5	RH.DDB83AFF97C94C6Z0Z_R	100.000	25	0	1.18e-09	50.1
M03520:605:000000000-LVNKY:1:1102:21474:15742;size=5	RH.DDB83AFF97C94C6Z0Z_F	100.000	24	0	4.65e-09	48.1
M03520:605:000000000-LVNKY:1:1102:23137:17002;size=5	RH.BE09C1F6EE4B426Z0Z_R	100.000	23	0	1.84e-08	46.1
M03520:605:000000000-LVNKY:1:1102:23137:17002;size=5	RH.BE09C1F6EE4B426Z0Z_F	100.000	22	0	7.27e-08	44.1
M03520:605:000000000-LVNKY:1:1102:23574:23045;size=5	RH.6408CE975B5340AZ0Z_R	100.000	26	0	2.98e-10	52.0
M03520:605:000000000-LVNKY:1:1102:23574:23045;size=5	RH.6408CE975B5340AZ0Z_F	100.000	26	0	2.98e-10	52.0
M03520:605:000000000-LVNKY:1:1102:25110:10505;size=5	RH.2A85EAE5DEAD471Z0Z_R	100.000	25	0	1.18e-09	50.1
M03520:605:000000000-LVNKY:1:1102:25110:10505;size=5	RH.2A85EAE5DEAD471Z0Z_F	100.000	25	0	1.18e-09	50.1
M03520:605:000000000-LVNKY:1:1102:27972:17819;size=5	RH.0096A141894D447Z0Z_F	100.000	24	0	4.65e-09	48.1
M03520:605:000000000-LVNKY:1:1102:27972:17819;size=5	RH.0096A141894D447Z0Z_R	100.000	21	0	2.87e-07	42.1
M03520:605:000000000-LVNKY:1:1102:5188:13129;size=5	RH.2A85EAE5DEAD471Z0Z_R	100.000	25	0	1.18e-09	50.1
M03520:605:000000000-LVNKY:1:1102:5188:13129;size=5	RH.2A85EAE5DEAD471Z0Z_F	100.000	25	0	1.18e-09	50.1
M03520:605:000000000-LVNKY:1:1102:7534:20553;size=5	RH.BB24C5C404164F1Z0Z_R	100.000	23	0	1.84e-08	46.1
M03520:605:000000000-LVNKY:1:1102:7534:20553;size=5	RH.BB24C5C404164F1Z0Z_F	100.000	22	0	7.27e-08	44.1
M03520:605:000000000-LVNKY:1:1102:9028:8803;size=5	RH.04A0205BEA6C49EZ0Z_R	100.000	24	0	4.65e-09	48.1
M03520:605:000000000-LVNKY:1:1102:9028:8803;size=5	RH.04A0205BEA6C49EZ0Z_F	100.000	23	0	1.84e-08	46.1
M03520:605:000000000-LVNKY:1:1103:12595:19585;size=5	RH.2A8AD21024974C0Z0Z_F	100.000	26	0	2.98e-10	52.0
M03520:605:000000000-LVNKY:1:1103:12595:19585;size=5	RH.2A8AD21024974C0Z0Z_R	100.000	23	0	1.84e-08	46.1
M03520:605:000000000-LVNKY:1:1103:13649:11112;size=5	RH.DDB83AFF97C94C6Z0Z_R	100.000	25	0	1.18e-09	50.1
M03520:605:000000000-LVNKY:1:1103:17654:17414;size=5	RH.DDB83AFF97C94C6Z0Z_R	100.000	25	0	1.18e-09	50.1
M03520:605:000000000-LVNKY:1:1103:17654:17414;size=5	RH.DDB83AFF97C94C6Z0Z_F	100.000	24	0	4.65e-09	48.1
M03520:605:000000000-LVNKY:1:1103:19208:21436;size=5	RH.E253263309B742FZ0Z_R	100.000	26	0	2.98e-10	52.0
M03520:605:000000000-LVNKY:1:1103:19208:21436;size=5	RH.E253263309B742FZ0Z_F	100.000	26	0	2.98e-10	52.0
M03520:605:000000000-LVNKY:1:1103:21517:3109;size=5	RH.DDB83AFF97C94C6Z0Z_R	100.000	25	0	1.18e-09	50.1
M03520:605:000000000-LVNKY:1:1103:21517:3109;size=5	RH.DDB83AFF97C94C6Z0Z_F	100.000	24	0	4.65e-09	48.1
M03520:605:000000000-LVNKY:1:1103:21741:27607;size=5	RH.E253263309B742FZ0Z_R	100.000	26	0	2.98e-10	52.0
M03520:605:000000000-LVNKY:1:1103:21741:27607;size=5	RH.E253263309B742FZ0Z_F	96.154	26	1	7.27e-08	44.1
M03520:605:000000000-LVNKY:1:1103:2291:16713;size=5	RH.7CE39E25906745AZ0Z_R	100.000	26	0	2.98e-10	52.0
M03520:605:000000000-LVNKY:1:1103:2291:16713;size=5	RH.7CE39E25906745AZ0Z_F	100.000	25	0	1.18e-09	50.1
M03520:605:000000000-LVNKY:1:1103:25078:5204;size=5	RH.0096A141894D447Z0Z_F	100.000	24	0	4.65e-09	48.1
M03520:605:000000000-LVNKY:1:1103:25078:5204;size=5	RH.0096A141894D447Z0Z_R	100.000	21	0	2.87e-07	42.1
M03520:605:000000000-LVNKY:1:1103:25230:14915;size=5	RH.78B83B8D6A224B1Z0Z_R	100.000	23	0	1.84e-08	46.1
M03520:605:000000000-LVNKY:1:1103:25230:14915;size=5	RH.78B83B8D6A224B1Z0Z_F	100.000	22	0	7.27e-08	44.1
M03520:605:000000000-LVNKY:1:1103:26979:19200;size=5	RH.85A5303CAAF54ADZ0Z_R	100.000	22	0	7.27e-08	44.1
M03520:605:000000000-LVNKY:1:1103:26979:19200;size=5	RH.3B2B2BB86AB94D3Z0Z_F	100.000	21	0	2.87e-07	42.1
M03520:605:000000000-LVNKY:1:1103:26979:19200;size=5	RH.64613722763148BZ0Z_R	100.000	19	0	4.48e-06	38.2
M03520:605:000000000-LVNKY:1:1103:2791:13042;size=5	RH.2AFFFBA0E81C482Z0Z_R	100.000	23	0	1.84e-08	46.1
M03520:605:000000000-LVNKY:1:1103:2791:13042;size=5	RH.2AFFFBA0E81C482Z0Z_F	100.000	23	0	1.84e-08	46.1
M03520:605:000000000-LVNKY:1:1103:8341:10778;size=5	RH.B9EF730EBE6C436Z0Z_R	100.000	25	0	1.18e-09	50.1
M03520:605:000000000-LVNKY:1:1103:8341:10778;size=5	RH.C597F0BA65D4481Z0Z_R	100.000	24	0	4.65e-09	48.1
M03520:605:000000000-LVNKY:1:1103:8341:10778;size=5	RH.44333617E8F04C0Z0Z_F	100.000	23	0	1.84e-08	46.1
M03520:605:000000000-LVNKY:1:1104:10000:12898;size=5	RH.27578A9A85FA4A3Z0Z_F	100.000	24	0	4.65e-09	48.1
M03520:605:000000000-LVNKY:1:1104:10000:12898;size=5	RH.27578A9A85FA4A3Z0Z_R	100.000	22	0	7.27e-08	44.1
M03520:605:000000000-LVNKY:1:1104:10160:19840;size=5	RH.E50C44E6F0174B8Z0Z_F	100.000	20	0	1.13e-06	40.1
M03520:605:000000000-LVNKY:1:1104:10221:17351;size=5	RH.E253263309B742FZ0Z_F	100.000	26	0	2.98e-10	52.0
M03520:605:000000000-LVNKY:1:1104:10221:17351;size=5	RH.E253263309B742FZ0Z_R	100.000	26	0	2.98e-10	52.0
M03520:605:000000000-LVNKY:1:1104:11208:11014;size=5	RH.7CE39E25906745AZ0Z_R	100.000	26	0	2.98e-10	52.0
M03520:605:000000000-LVNKY:1:1104:11208:11014;size=5	RH.7CE39E25906745AZ0Z_F	100.000	25	0	1.18e-09	50.1
M03520:605:000000000-LVNKY:1:1104:12802:23724;size=5	RH.2A8AD21024974C0Z0Z_F	100.000	26	0	2.98e-10	52.0
M03520:605:000000000-LVNKY:1:1104:12802:23724;size=5	RH.2A8AD21024974C0Z0Z_R	96.000	25	1	2.87e-07	42.1
M03520:605:000000000-LVNKY:1:1104:13727:1758;size=5	RH.2A8AD21024974C0Z0Z_R	100.000	25	0	1.18e-09	50.1
M03520:605:000000000-LVNKY:1:1104:13727:1758;size=5	RH.0C6EF86AB29A422Z0Z_F	100.000	19	0	4.48e-06	38.2
M03520:605:000000000-LVNKY:1:1104:14098:21360;size=5	RH.DDB83AFF97C94C6Z0Z_F	100.000	24	0	4.65e-09	48.1
M03520:605:000000000-LVNKY:1:1104:14098:21360;size=5	RH.DDB83AFF97C94C6Z0Z_R	96.000	25	1	2.87e-07	42.1
M03520:605:000000000-LVNKY:1:1104:14851:8741;size=5	RH.7CE39E25906745AZ0Z_R	100.000	26	0	2.98e-10	52.0
M03520:605:000000000-LVNKY:1:1104:14851:8741;size=5	RH.7CE39E25906745AZ0Z_F	100.000	25	0	1.18e-09	50.1
M03520:605:000000000-LVNKY:1:1104:15333:22118;size=5	RH.51338FA06EDB4F0Z0Z_R	100.000	25	0	1.18e-09	50.1
M03520:605:000000000-LVNKY:1:1104:15333:22118;size=5	RH.51338FA06EDB4F0Z0Z_F	100.000	25	0	1.18e-09	50.1
M03520:605:000000000-LVNKY:1:1104:15528:9837;size=5	RH.6408CE975B5340AZ0Z_R	100.000	26	0	2.98e-10	52.0
M03520:605:000000000-LVNKY:1:1104:15528:9837;size=5	RH.3B2B2BB86AB94D3Z0Z_F	100.000	21	0	2.87e-07	42.1
M03520:605:000000000-LVNKY:1:1104:15528:9837;size=5	RH.64613722763148BZ0Z_R	100.000	19	0	4.48e-06	38.2
M03520:605:000000000-LVNKY:1:1104:16947:20148;size=5	RH.E253263309B742FZ0Z_R	100.000	26	0	2.98e-10	52.0
M03520:605:000000000-LVNKY:1:1104:16947:20148;size=5	RH.E253263309B742FZ0Z_F	100.000	24	0	4.65e-09	48.1
M03520:605:000000000-LVNKY:1:1104:17765:26116;size=5	RH.0C6EF86AB29A422Z0Z_R	100.000	23	0	1.84e-08	46.1
M03520:605:000000000-LVNKY:1:1104:17765:26116;size=5	RH.0C6EF86AB29A422Z0Z_F	100.000	23	0	1.84e-08	46.1
M03520:605:000000000-LVNKY:1:1104:18097:14421;size=5	RH.6408CE975B5340AZ0Z_R	100.000	26	0	2.98e-10	52.0
M03520:605:000000000-LVNKY:1:1104:18097:14421;size=5	RH.6408CE975B5340AZ0Z_F	96.154	26	1	7.27e-08	44.1
M03520:605:000000000-LVNKY:1:1104:18592:24144;size=5	RH.B9EF730EBE6C436Z0Z_R	100.000	25	0	1.18e-09	50.1
M03520:605:000000000-LVNKY:1:1104:21308:23788;size=5	RH.27578A9A85FA4A3Z0Z_F	100.000	24	0	4.65e-09	48.1
M03520:605:000000000-LVNKY:1:1104:27032:19625;size=5	RH.6408CE975B5340AZ0Z_R	100.000	26	0	2.98e-10	52.0
M03520:605:000000000-LVNKY:1:1104:27032:19625;size=5	RH.6408CE975B5340AZ0Z_F	100.000	26	0	2.98e-10	52.0
M03520:605:000000000-LVNKY:1:1104:27291:19100;size=5	RH.2A8AD21024974C0Z0Z_F	100.000	26	0	2.98e-10	52.0
M03520:605:000000000-LVNKY:1:1104:27291:19100;size=5	RH.2A8AD21024974C0Z0Z_R	100.000	25	0	1.18e-09	50.1
M03520:605:000000000-LVNKY:1:1104:5213:14129;size=5	RH.6408CE975B5340AZ0Z_R	100.000	26	0	2.98e-10	52.0
M03520:605:000000000-LVNKY:1:1104:5213:14129;size=5	RH.6408CE975B5340AZ0Z_F	100.000	26	0	2.98e-10	52.0
M03520:605:000000000-LVNKY:1:1104:9759:14133;size=5	RH.5F6424ABBC3C47BZ0Z_F	100.000	25	0	1.18e-09	50.1
M03520:605:000000000-LVNKY:1:1105:11270:6619;size=5	RH.E253263309B742FZ0Z_R	100.000	26	0	2.98e-10	52.0
M03520:605:000000000-LVNKY:1:1105:11270:6619;size=5	RH.E253263309B742FZ0Z_F	100.000	26	0	2.98e-10	52.0
M03520:605:000000000-LVNKY:1:1105:13998:18609;size=5	RH.7CE39E25906745AZ0Z_R	100.000	26	0	2.98e-10	52.0
M03520:605:000000000-LVNKY:1:1105:13998:18609;size=5	RH.7CE39E25906745AZ0Z_F	100.000	25	0	1.18e-09	50.1
M03520:605:000000000-LVNKY:1:1105:14222:7712;size=5	RH.B9EF730EBE6C436Z0Z_R	100.000	25	0	1.18e-09	50.1
M03520:605:000000000-LVNKY:1:1105:14222:7712;size=5	RH.B9EF730EBE6C436Z0Z_F	100.000	25	0	1.18e-09	50.1
M03520:605:000000000-LVNKY:1:1105:18496:5458;size=5	RH.27578A9A85FA4A3Z0Z_F	100.000	24	0	4.65e-09	48.1
M03520:605:000000000-LVNKY:1:1105:18908:25829;size=5	RH.6408CE975B5340AZ0Z_R	100.000	26	0	2.98e-10	52.0
M03520:605:000000000-LVNKY:1:1105:18908:25829;size=5	RH.6408CE975B5340AZ0Z_F	96.154	26	1	7.27e-08	44.1
M03520:605:000000000-LVNKY:1:1105:19047:14370;size=5	RH.6408CE975B5340AZ0Z_R	100.000	26	0	2.98e-10	52.0
M03520:605:000000000-LVNKY:1:1105:19047:14370;size=5	RH.6408CE975B5340AZ0Z_F	100.000	26	0	2.98e-10	52.0
M03520:605:000000000-LVNKY:1:1105:19064:19676;size=5	RH.DDB83AFF97C94C6Z0Z_R	100.000	25	0	1.18e-09	50.1
M03520:605:000000000-LVNKY:1:1105:19064:19676;size=5	RH.DDB83AFF97C94C6Z0Z_F	100.000	22	0	7.27e-08	44.1
M03520:605:000000000-LVNKY:1:1105:20014:23466;size=5	RH.E253263309B742FZ0Z_F	100.000	26	0	2.98e-10	52.0
M03520:605:000000000-LVNKY:1:1105:20014:23466;size=5	RH.E253263309B742FZ0Z_R	100.000	26	0	2.98e-10	52.0
M03520:605:000000000-LVNKY:1:1105:20407:11971;size=5	RH.6408CE975B5340AZ0Z_R	100.000	26	0	2.98e-10	52.0
M03520:605:000000000-LVNKY:1:1105:20407:11971;size=5	RH.6408CE975B5340AZ0Z_F	100.000	26	0	2.98e-10	52.0
M03520:605:000000000-LVNKY:1:1105:21062:12197;size=5	RH.B9EF730EBE6C436Z0Z_R	100.000	25	0	1.18e-09	50.1
M03520:605:000000000-LVNKY:1:1105:21062:12197;size=5	RH.B9EF730EBE6C436Z0Z_F	100.000	25	0	1.18e-09	50.1
M03520:605:000000000-LVNKY:1:1105:21215:20137;size=5	RH.6408CE975B5340AZ0Z_R	100.000	26	0	2.98e-10	52.0
M03520:605:000000000-LVNKY:1:1105:21215:20137;size=5	RH.6408CE975B5340AZ0Z_F	100.000	26	0	2.98e-10	52.0
M03520:605:000000000-LVNKY:1:1105:24642:25518;size=5	RH.0C6EF86AB29A422Z0Z_R	100.000	23	0	1.84e-08	46.1
M03520:605:000000000-LVNKY:1:1105:24642:25518;size=5	RH.0C6EF86AB29A422Z0Z_F	100.000	23	0	1.84e-08	46.1
M03520:605:000000000-LVNKY:1:1105:2561:19062;size=5	RH.BE09C1F6EE4B426Z0Z_R	100.000	23	0	1.84e-08	46.1
M03520:605:000000000-LVNKY:1:1105:2561:19062;size=5	RH.BE09C1F6EE4B426Z0Z_F	100.000	22	0	7.27e-08	44.1
M03520:605:000000000-LVNKY:1:1105:5890:7235;size=5	RH.27578A9A85FA4A3Z0Z_F	100.000	24	0	4.65e-09	48.1
M03520:605:000000000-LVNKY:1:1105:5890:7235;size=5	RH.27578A9A85FA4A3Z0Z_R	100.000	22	0	7.27e-08	44.1
M03520:605:000000000-LVNKY:1:1105:6930:24595;size=5	RH.B9EF730EBE6C436Z0Z_R	100.000	25	0	1.18e-09	50.1
M03520:605:000000000-LVNKY:1:1105:6930:24595;size=5	RH.B9EF730EBE6C436Z0Z_F	100.000	25	0	1.18e-09	50.1
M03520:605:000000000-LVNKY:1:1106:18601:19908;size=5	RH.27578A9A85FA4A3Z0Z_F	100.000	24	0	4.65e-09	48.1
M03520:605:000000000-LVNKY:1:1106:2181:18878;size=5	RH.7CE39E25906745AZ0Z_R	100.000	26	0	2.98e-10	52.0
M03520:605:000000000-LVNKY:1:1106:2181:18878;size=5	RH.7CE39E25906745AZ0Z_F	100.000	25	0	1.18e-09	50.1
M03520:605:000000000-LVNKY:1:1106:21983:25462;size=5	RH.7E59D32B4EDB4C3Z0Z_F	100.000	23	0	1.84e-08	46.1
M03520:605:000000000-LVNKY:1:1106:21983:25462;size=5	RH.7E59D32B4EDB4C3Z0Z_R	100.000	19	0	4.48e-06	38.2
M03520:605:000000000-LVNKY:1:1106:2698:18952;size=5	RH.6408CE975B5340AZ0Z_R	100.000	26	0	2.98e-10	52.0
M03520:605:000000000-LVNKY:1:1106:2698:18952;size=5	RH.6408CE975B5340AZ0Z_F	100.000	26	0	2.98e-10	52.0
M03520:605:000000000-LVNKY:1:1106:6573:18762;size=5	RH.B9EF730EBE6C436Z0Z_R	100.000	25	0	1.18e-09	50.1
M03520:605:000000000-LVNKY:1:1106:9892:15259;size=5	RH.27578A9A85FA4A3Z0Z_F	100.000	24	0	4.65e-09	48.1
M03520:605:000000000-LVNKY:1:1106:9892:15259;size=5	RH.27578A9A85FA4A3Z0Z_R	100.000	22	0	7.27e-08	44.1
M03520:605:000000000-LVNKY:1:1107:13792:9541;size=5	RH.CF953F27F5674E1Z0Z_F	100.000	26	0	2.98e-10	52.0
M03520:605:000000000-LVNKY:1:1107:13792:9541;size=5	RH.CF953F27F5674E1Z0Z_R	100.000	25	0	1.18e-09	50.1
M03520:605:000000000-LVNKY:1:1107:18399:14384;size=5	RH.2091F326F74640CZ0Z_F	100.000	24	0	4.65e-09	48.1
M03520:605:000000000-LVNKY:1:1107:18399:14384;size=5	RH.2091F326F74640CZ0Z_R	100.000	22	0	7.27e-08	44.1
M03520:605:000000000-LVNKY:1:1107:21596:9188;size=5	RH.DDB83AFF97C94C6Z0Z_R	100.000	25	0	1.18e-09	50.1
M03520:605:000000000-LVNKY:1:1107:21596:9188;size=5	RH.DDB83AFF97C94C6Z0Z_F	100.000	24	0	4.65e-09	48.1
M03520:605:000000000-LVNKY:1:1107:24235:9112;size=5	RH.1CC74B91718A42FZ0Z_R	100.000	25	0	1.18e-09	50.1
M03520:605:000000000-LVNKY:1:1107:24235:9112;size=5	RH.1CC74B91718A42FZ0Z_F	100.000	24	0	4.65e-09	48.1
M03520:605:000000000-LVNKY:1:1107:24845:6678;size=5	RH.6408CE975B5340AZ0Z_F	100.000	26	0	2.98e-10	52.0
M03520:605:000000000-LVNKY:1:1107:24845:6678;size=5	RH.6408CE975B5340AZ0Z_R	96.154	26	1	7.27e-08	44.1
M03520:605:000000000-LVNKY:1:1108:12841:24104;size=5	RH.6408CE975B5340AZ0Z_F	100.000	26	0	2.98e-10	52.0
M03520:605:000000000-LVNKY:1:1108:12841:24104;size=5	RH.6408CE975B5340AZ0Z_R	100.000	25	0	1.18e-09	50.1
M03520:605:000000000-LVNKY:1:1108:16189:9089;size=5	RH.7CE39E25906745AZ0Z_F	100.000	25	0	1.18e-09	50.1
M03520:605:000000000-LVNKY:1:1108:16189:9089;size=5	RH.7CE39E25906745AZ0Z_R	100.000	24	0	4.65e-09	48.1
M03520:605:000000000-LVNKY:1:1108:17843:12476;size=5	RH.0550AF0F57084ADZ0Z_R	100.000	22	0	7.27e-08	44.1
M03520:605:000000000-LVNKY:1:1108:17843:12476;size=5	RH.609947B6947F457Z0Z_F	100.000	21	0	2.87e-07	42.1
M03520:605:000000000-LVNKY:1:1108:17843:12476;size=5	RH.A12CDF2B5C80436Z0Z_R	100.000	20	0	1.13e-06	40.1
M03520:605:000000000-LVNKY:1:1108:20975:20255;size=5	RH.0C6EF86AB29A422Z0Z_F	100.000	23	0	1.84e-08	46.1
M03520:605:000000000-LVNKY:1:1108:20975:20255;size=5	RH.0C6EF86AB29A422Z0Z_R	95.652	23	1	4.48e-06	38.2
M03520:605:000000000-LVNKY:1:1108:21260:19674;size=5	RH.DDB83AFF97C94C6Z0Z_R	100.000	20	0	1.13e-06	40.1
M03520:605:000000000-LVNKY:1:1108:21260:19674;size=5	RH.E50C44E6F0174B8Z0Z_F	100.000	20	0	1.13e-06	40.1
M03520:605:000000000-LVNKY:1:1108:24770:20146;size=5	RH.6408CE975B5340AZ0Z_R	100.000	26	0	2.98e-10	52.0
M03520:605:000000000-LVNKY:1:1108:24770:20146;size=5	RH.6408CE975B5340AZ0Z_F	100.000	26	0	2.98e-10	52.0
M03520:605:000000000-LVNKY:1:1108:26246:17586;size=5	RH.27578A9A85FA4A3Z0Z_R	100.000	22	0	7.27e-08	44.1
M03520:605:000000000-LVNKY:1:1108:26246:17586;size=5	RH.27578A9A85FA4A3Z0Z_F	100.000	21	0	2.87e-07	42.1
M03520:605:000000000-LVNKY:1:1108:2813:13835;size=5	RH.DDB83AFF97C94C6Z0Z_R	100.000	25	0	1.18e-09	50.1
M03520:605:000000000-LVNKY:1:1108:2813:13835;size=5	RH.DDB83AFF97C94C6Z0Z_F	95.833	24	1	1.13e-06	40.1
M03520:605:000000000-LVNKY:1:1108:28312:11929;size=5	RH.6408CE975B5340AZ0Z_R	100.000	26	0	2.98e-10	52.0
M03520:605:000000000-LVNKY:1:1108:28312:11929;size=5	RH.6408CE975B5340AZ0Z_F	96.154	26	1	7.27e-08	44.1
M03520:605:000000000-LVNKY:1:1108:5499:24507;size=5	RH.E253263309B742FZ0Z_F	100.000	26	0	2.98e-10	52.0
M03520:605:000000000-LVNKY:1:1108:5499:24507;size=5	RH.E253263309B742FZ0Z_R	100.000	26	0	2.98e-10	52.0
M03520:605:000000000-LVNKY:1:1108:8984:23396;size=5	RH.0096A141894D447Z0Z_R	100.000	21	0	2.87e-07	42.1
M03520:605:000000000-LVNKY:1:1108:8984:23396;size=5	RH.3B2B2BB86AB94D3Z0Z_F	100.000	21	0	2.87e-07	42.1
M03520:605:000000000-LVNKY:1:1108:8984:23396;size=5	RH.64613722763148BZ0Z_R	100.000	19	0	4.48e-06	38.2
M03520:605:000000000-LVNKY:1:1108:9111:21768;size=5	RH.27578A9A85FA4A3Z0Z_R	100.000	22	0	7.27e-08	44.1
M03520:605:000000000-LVNKY:1:1108:9111:21768;size=5	RH.609947B6947F457Z0Z_F	100.000	21	0	2.87e-07	42.1
M03520:605:000000000-LVNKY:1:1108:9111:21768;size=5	RH.A12CDF2B5C80436Z0Z_R	100.000	20	0	1.13e-06	40.1
M03520:605:000000000-LVNKY:1:1109:10013:4165;size=5	RH.B9EF730EBE6C436Z0Z_R	100.000	25	0	1.18e-09	50.1
M03520:605:000000000-LVNKY:1:1109:10013:4165;size=5	RH.B9EF730EBE6C436Z0Z_F	100.000	25	0	1.18e-09	50.1
M03520:605:000000000-LVNKY:1:1109:10255:6977;size=5	RH.7CE39E25906745AZ0Z_R	100.000	26	0	2.98e-10	52.0
M03520:605:000000000-LVNKY:1:1109:10255:6977;size=5	RH.7CE39E25906745AZ0Z_F	96.000	25	1	2.87e-07	42.1
M03520:605:000000000-LVNKY:1:1109:12741:3695;size=5	RH.907BE43FC49F4D0Z0Z_R	100.000	22	0	7.27e-08	44.1
M03520:605:000000000-LVNKY:1:1109:12741:3695;size=5	RH.907BE43FC49F4D0Z0Z_F	100.000	21	0	2.87e-07	42.1
M03520:605:000000000-LVNKY:1:1109:16685:21826;size=5	RH.B9EF730EBE6C436Z0Z_R	100.000	25	0	1.18e-09	50.1
M03520:605:000000000-LVNKY:1:1109:16685:21826;size=5	RH.E50C44E6F0174B8Z0Z_F	100.000	20	0	1.13e-06	40.1
M03520:605:000000000-LVNKY:1:1109:19923:26767;size=5	RH.6408CE975B5340AZ0Z_F	100.000	26	0	2.98e-10	52.0
M03520:605:000000000-LVNKY:1:1109:19923:26767;size=5	RH.6408CE975B5340AZ0Z_R	96.154	26	1	7.27e-08	44.1
M03520:605:000000000-LVNKY:1:1109:5982:21784;size=5	RH.B9EF730EBE6C436Z0Z_R	100.000	25	0	1.18e-09	50.1
M03520:605:000000000-LVNKY:1:1109:5982:21784;size=5	RH.B9EF730EBE6C436Z0Z_F	100.000	25	0	1.18e-09	50.1
M03520:605:000000000-LVNKY:1:1109:8058:6620;size=5	RH.2A8AD21024974C0Z0Z_R	100.000	25	0	1.18e-09	50.1
M03520:605:000000000-LVNKY:1:1109:8058:6620;size=5	RH.2A8AD21024974C0Z0Z_F	96.154	26	1	7.27e-08	44.1
M03520:605:000000000-LVNKY:1:1109:8412:23421;size=5	RH.6408CE975B5340AZ0Z_R	100.000	26	0	2.98e-10	52.0
M03520:605:000000000-LVNKY:1:1109:8412:23421;size=5	RH.6408CE975B5340AZ0Z_F	96.154	26	1	7.27e-08	44.1
M03520:605:000000000-LVNKY:1:1109:9602:16266;size=5	RH.27578A9A85FA4A3Z0Z_F	100.000	24	0	4.65e-09	48.1
M03520:605:000000000-LVNKY:1:1109:9602:16266;size=5	RH.27578A9A85FA4A3Z0Z_R	100.000	21	0	2.87e-07	42.1
M03520:605:000000000-LVNKY:1:1110:15852:7844;size=5	RH.6408CE975B5340AZ0Z_F	100.000	26	0	2.98e-10	52.0
M03520:605:000000000-LVNKY:1:1110:15852:7844;size=5	RH.6408CE975B5340AZ0Z_R	96.154	26	1	7.27e-08	44.1
M03520:605:000000000-LVNKY:1:1110:17067:26636;size=5	RH.7CE39E25906745AZ0Z_R	100.000	26	0	2.98e-10	52.0
M03520:605:000000000-LVNKY:1:1110:17067:26636;size=5	RH.7CE39E25906745AZ0Z_F	100.000	25	0	1.18e-09	50.1
M03520:605:000000000-LVNKY:1:1110:18048:17171;size=5	RH.6408CE975B5340AZ0Z_R	100.000	26	0	2.98e-10	52.0
M03520:605:000000000-LVNKY:1:1110:18048:17171;size=5	RH.6408CE975B5340AZ0Z_F	100.000	26	0	2.98e-10	52.0
M03520:605:000000000-LVNKY:1:1110:22560:7002;size=5	RH.0C6EF86AB29A422Z0Z_F	100.000	23	0	1.84e-08	46.1
M03520:605:000000000-LVNKY:1:1110:22560:7002;size=5	RH.0C6EF86AB29A422Z0Z_R	100.000	23	0	1.84e-08	46.1
M03520:605:000000000-LVNKY:1:1110:24099:17176;size=5	RH.DDB83AFF97C94C6Z0Z_R	100.000	25	0	1.18e-09	50.1
M03520:605:000000000-LVNKY:1:1110:24099:17176;size=5	RH.DDB83AFF97C94C6Z0Z_F	100.000	24	0	4.65e-09	48.1
M03520:605:000000000-LVNKY:1:1110:6966:18053;size=5	RH.78B83B8D6A224B1Z0Z_R	100.000	23	0	1.84e-08	46.1
M03520:605:000000000-LVNKY:1:1110:6966:18053;size=5	RH.78B83B8D6A224B1Z0Z_F	100.000	22	0	7.27e-08	44.1
M03520:605:000000000-LVNKY:1:1110:7487:9200;size=5	RH.6408CE975B5340AZ0Z_R	100.000	26	0	2.98e-10	52.0
M03520:605:000000000-LVNKY:1:1110:7487:9200;size=5	RH.6408CE975B5340AZ0Z_F	100.000	26	0	2.98e-10	52.0
M03520:605:000000000-LVNKY:1:1111:11437:6892;size=5	RH.C597F0BA65D4481Z0Z_R	100.000	24	0	4.65e-09	48.1
M03520:605:000000000-LVNKY:1:1111:11437:6892;size=5	RH.44333617E8F04C0Z0Z_F	100.000	23	0	1.84e-08	46.1
M03520:605:000000000-LVNKY:1:1111:11528:9854;size=5	RH.7CE39E25906745AZ0Z_R	100.000	26	0	2.98e-10	52.0
M03520:605:000000000-LVNKY:1:1111:11528:9854;size=5	RH.7CE39E25906745AZ0Z_F	100.000	25	0	1.18e-09	50.1
M03520:605:000000000-LVNKY:1:1112:15192:8570;size=5	RH.DDB83AFF97C94C6Z0Z_F	100.000	24	0	4.65e-09	48.1
M03520:605:000000000-LVNKY:1:1112:15192:8570;size=5	RH.DDB83AFF97C94C6Z0Z_R	100.000	23	0	1.84e-08	46.1
M03520:605:000000000-LVNKY:1:1112:24474:8979;size=5	RH.DDB83AFF97C94C6Z0Z_R	100.000	25	0	1.18e-09	50.1
M03520:605:000000000-LVNKY:1:1112:24474:8979;size=5	RH.DDB83AFF97C94C6Z0Z_F	100.000	24	0	4.65e-09	48.1
M03520:605:000000000-LVNKY:1:1112:27046:11570;size=5	RH.E253263309B742FZ0Z_F	100.000	26	0	2.98e-10	52.0
M03520:605:000000000-LVNKY:1:1112:27046:11570;size=5	RH.E253263309B742FZ0Z_R	96.154	26	1	7.27e-08	44.1
M03520:605:000000000-LVNKY:1:1112:27791:10760;size=5	RH.2091F326F74640CZ0Z_F	100.000	24	0	4.65e-09	48.1
M03520:605:000000000-LVNKY:1:1112:3934:20932;size=5	RH.8B25A056ABC1444Z0Z_F	100.000	25	0	1.18e-09	50.1
M03520:605:000000000-LVNKY:1:1112:3934:20932;size=5	RH.8B25A056ABC1444Z0Z_R	100.000	24	0	4.65e-09	48.1
M03520:605:000000000-LVNKY:1:1112:5219:22678;size=5	RH.E253263309B742FZ0Z_F	100.000	26	0	2.98e-10	52.0
M03520:605:000000000-LVNKY:1:1112:5219:22678;size=5	RH.E253263309B742FZ0Z_R	96.154	26	1	7.27e-08	44.1
M03520:605:000000000-LVNKY:1:1112:6986:23353;size=5	RH.B9EF730EBE6C436Z0Z_R	100.000	25	0	1.18e-09	50.1
M03520:605:000000000-LVNKY:1:1112:6986:23353;size=5	RH.B9EF730EBE6C436Z0Z_F	100.000	25	0	1.18e-09	50.1
M03520:605:000000000-LVNKY:1:1112:7476:18655;size=5	RH.27578A9A85FA4A3Z0Z_F	100.000	24	0	4.65e-09	48.1
M03520:605:000000000-LVNKY:1:1112:7476:18655;size=5	RH.27578A9A85FA4A3Z0Z_R	100.000	19	0	4.48e-06	38.2
M03520:605:000000000-LVNKY:1:1112:9976:11252;size=5	RH.6408CE975B5340AZ0Z_R	100.000	26	0	2.98e-10	52.0
M03520:605:000000000-LVNKY:1:1112:9976:11252;size=5	RH.6408CE975B5340AZ0Z_F	100.000	26	0	2.98e-10	52.0
M03520:605:000000000-LVNKY:1:1113:15012:8511;size=5	RH.6408CE975B5340AZ0Z_R	100.000	26	0	2.98e-10	52.0
M03520:605:000000000-LVNKY:1:1113:15012:8511;size=5	RH.6408CE975B5340AZ0Z_F	100.000	26	0	2.98e-10	52.0
M03520:605:000000000-LVNKY:1:1113:26376:13698;size=5	RH.7CE39E25906745AZ0Z_F	100.000	25	0	1.18e-09	50.1
M03520:605:000000000-LVNKY:1:1113:26376:13698;size=5	RH.7CE39E25906745AZ0Z_R	100.000	23	0	1.84e-08	46.1
M03520:605:000000000-LVNKY:1:1114:19035:2614;size=5	RH.E253263309B742FZ0Z_F	100.000	26	0	2.98e-10	52.0
M03520:605:000000000-LVNKY:1:1114:19035:2614;size=5	RH.E253263309B742FZ0Z_R	100.000	26	0	2.98e-10	52.0
M03520:605:000000000-LVNKY:1:2102:11102:14261;size=5	RH.5F6424ABBC3C47BZ0Z_F	100.000	25	0	1.18e-09	50.1
M03520:605:000000000-LVNKY:1:2103:6346:7883;size=5	RH.DDB83AFF97C94C6Z0Z_R	100.000	25	0	1.18e-09	50.1
M03520:605:000000000-LVNKY:1:2103:6346:7883;size=5	RH.DDB83AFF97C94C6Z0Z_F	100.000	24	0	4.65e-09	48.1
M03520:605:000000000-LVNKY:1:2104:13368:26478;size=5	RH.B9EF730EBE6C436Z0Z_F	100.000	25	0	1.18e-09	50.1
M03520:605:000000000-LVNKY:1:2104:13368:26478;size=5	RH.B9EF730EBE6C436Z0Z_R	96.000	25	1	2.87e-07	42.1
M03520:605:000000000-LVNKY:1:2107:16756:7674;size=5	RH.E50C44E6F0174B8Z0Z_F	100.000	20	0	1.13e-06	40.1
M03520:605:000000000-LVNKY:1:2107:9303:10920;size=5	RH.6408CE975B5340AZ0Z_F	100.000	26	0	2.98e-10	52.0
M03520:605:000000000-LVNKY:1:2107:9303:10920;size=5	RH.6408CE975B5340AZ0Z_R	96.154	26	1	7.27e-08	44.1
