M03520:605:000000000-LVNKY:1:1101:14860:1623;size=24796	RH.B9EF730EBE6C436Z0Z_R	100.000	25	0	1.18e-09	50.1
M03520:605:000000000-LVNKY:1:1101:14860:1623;size=24796	RH.B9EF730EBE6C436Z0Z_F	100.000	25	0	1.18e-09	50.1
M03520:605:000000000-LVNKY:1:1101:18168:1753;size=23050	RH.0BD19D1A26A74EBZ0Z_F	100.000	25	0	1.18e-09	50.1
M03520:605:000000000-LVNKY:1:1101:18168:1753;size=23050	RH.0BD19D1A26A74EBZ0Z_R	100.000	24	0	4.65e-09	48.1
M03520:605:000000000-LVNKY:1:1101:15163:1463;size=21572	RH.85A5303CAAF54ADZ0Z_R	100.000	22	0	7.27e-08	44.1
M03520:605:000000000-LVNKY:1:1101:15163:1463;size=21572	RH.85A5303CAAF54ADZ0Z_F	100.000	21	0	2.87e-07	42.1
M03520:605:000000000-LVNKY:1:1101:17097:1681;size=21318	RH.DDB83AFF97C94C6Z0Z_R	100.000	25	0	1.18e-09	50.1
M03520:605:000000000-LVNKY:1:1101:17097:1681;size=21318	RH.DDB83AFF97C94C6Z0Z_F	100.000	24	0	4.65e-09	48.1
M03520:605:000000000-LVNKY:1:1101:17117:1631;size=12467	RH.0550AF0F57084ADZ0Z_F	100.000	24	0	4.65e-09	48.1
M03520:605:000000000-LVNKY:1:1101:17117:1631;size=12467	RH.0550AF0F57084ADZ0Z_R	100.000	22	0	7.27e-08	44.1
M03520:605:000000000-LVNKY:1:1101:18217:2254;size=12461	RH.7CE39E25906745AZ0Z_R	100.000	26	0	2.98e-10	52.0
M03520:605:000000000-LVNKY:1:1101:18217:2254;size=12461	RH.7CE39E25906745AZ0Z_F	100.000	25	0	1.18e-09	50.1
M03520:605:000000000-LVNKY:1:1101:14503:1494;size=8607	RH.2AFFFBA0E81C482Z0Z_R	100.000	23	0	1.84e-08	46.1
M03520:605:000000000-LVNKY:1:1101:14503:1494;size=8607	RH.2AFFFBA0E81C482Z0Z_F	100.000	23	0	1.84e-08	46.1
M03520:605:000000000-LVNKY:1:1101:12828:2083;size=8123	RH.51338FA06EDB4F0Z0Z_R	100.000	25	0	1.18e-09	50.1
M03520:605:000000000-LVNKY:1:1101:12828:2083;size=8123	RH.51338FA06EDB4F0Z0Z_F	100.000	25	0	1.18e-09	50.1
M03520:605:000000000-LVNKY:1:1101:15723:1519;size=8017	RH.0096A141894D447Z0Z_F	100.000	24	0	4.65e-09	48.1
M03520:605:000000000-LVNKY:1:1101:15723:1519;size=8017	RH.0096A141894D447Z0Z_R	100.000	21	0	2.87e-07	42.1
M03520:605:000000000-LVNKY:1:1101:14315:1401;size=6609	RH.7CE39E25906745AZ0Z_R	100.000	26	0	2.98e-10	52.0
M03520:605:000000000-LVNKY:1:1101:14315:1401;size=6609	RH.7CE39E25906745AZ0Z_F	100.000	25	0	1.18e-09	50.1
M03520:605:000000000-LVNKY:1:1101:16734:1547;size=6241	RH.2A8AD21024974C0Z0Z_F	100.000	26	0	2.98e-10	52.0
M03520:605:000000000-LVNKY:1:1101:16734:1547;size=6241	RH.2A8AD21024974C0Z0Z_R	100.000	25	0	1.18e-09	50.1
M03520:605:000000000-LVNKY:1:1101:15168:1367;size=5878	RH.69CEA0AC39F4445Z0Z_F	100.000	24	0	4.65e-09	48.1
M03520:605:000000000-LVNKY:1:1101:15168:1367;size=5878	RH.69CEA0AC39F4445Z0Z_R	100.000	23	0	1.84e-08	46.1
M03520:605:000000000-LVNKY:1:1101:15606:2520;size=5659	RH.27578A9A85FA4A3Z0Z_F	100.000	24	0	4.65e-09	48.1
M03520:605:000000000-LVNKY:1:1101:15606:2520;size=5659	RH.27578A9A85FA4A3Z0Z_R	100.000	22	0	7.27e-08	44.1
M03520:605:000000000-LVNKY:1:1101:14506:1463;size=5327	RH.1CC74B91718A42FZ0Z_R	100.000	25	0	1.18e-09	50.1
M03520:605:000000000-LVNKY:1:1101:14506:1463;size=5327	RH.1CC74B91718A42FZ0Z_F	100.000	24	0	4.65e-09	48.1
M03520:605:000000000-LVNKY:1:1101:12501:1965;size=5262	RH.0096A141894D447Z0Z_F	100.000	24	0	4.65e-09	48.1
M03520:605:000000000-LVNKY:1:1101:12501:1965;size=5262	RH.0096A141894D447Z0Z_R	100.000	21	0	2.87e-07	42.1
M03520:605:000000000-LVNKY:1:1101:19113:2294;size=4450	RH.DDB83AFF97C94C6Z0Z_R	100.000	25	0	1.18e-09	50.1
M03520:605:000000000-LVNKY:1:1101:19113:2294;size=4450	RH.DDB83AFF97C94C6Z0Z_F	100.000	24	0	4.65e-09	48.1
M03520:605:000000000-LVNKY:1:1101:13071:2039;size=3294	RH.6572108A164E48EZ0Z_R	100.000	25	0	1.18e-09	50.1
M03520:605:000000000-LVNKY:1:1101:13071:2039;size=3294	RH.6572108A164E48EZ0Z_F	100.000	24	0	4.65e-09	48.1
M03520:605:000000000-LVNKY:1:1101:20666:2236;size=3292	RH.27578A9A85FA4A3Z0Z_F	100.000	24	0	4.65e-09	48.1
M03520:605:000000000-LVNKY:1:1101:20666:2236;size=3292	RH.27578A9A85FA4A3Z0Z_R	100.000	22	0	7.27e-08	44.1
M03520:605:000000000-LVNKY:1:1101:16885:2707;size=3044	RH.8B25A056ABC1444Z0Z_R	100.000	24	0	4.65e-09	48.1
M03520:605:000000000-LVNKY:1:1101:16885:2707;size=3044	RH.8B25A056ABC1444Z0Z_F	100.000	22	0	7.27e-08	44.1
M03520:605:000000000-LVNKY:1:1101:15004:3813;size=2970	RH.2AFFFBA0E81C482Z0Z_R	100.000	23	0	1.84e-08	46.1
M03520:605:000000000-LVNKY:1:1101:15004:3813;size=2970	RH.2AFFFBA0E81C482Z0Z_F	100.000	23	0	1.84e-08	46.1
M03520:605:000000000-LVNKY:1:1101:14992:3792;size=2932	RH.DE543226C201437Z0Z_R	100.000	20	0	1.13e-06	40.1
M03520:605:000000000-LVNKY:1:1101:14992:3792;size=2932	RH.51338FA06EDB4F0Z0Z_R	95.652	23	1	4.48e-06	38.2
M03520:605:000000000-LVNKY:1:1101:15688:2509;size=2767	RH.DDB83AFF97C94C6Z0Z_R	100.000	25	0	1.18e-09	50.1
M03520:605:000000000-LVNKY:1:1101:15688:2509;size=2767	RH.8B25A056ABC1444Z0Z_F	100.000	22	0	7.27e-08	44.1
M03520:605:000000000-LVNKY:1:1101:15256:3734;size=2695	RH.E04EE94198274F7Z0Z_F	100.000	25	0	1.18e-09	50.1
M03520:605:000000000-LVNKY:1:1101:15256:3734;size=2695	RH.E04EE94198274F7Z0Z_R	95.833	24	1	1.13e-06	40.1
M03520:605:000000000-LVNKY:1:1101:15565:1395;size=2380	RH.2A8AD21024974C0Z0Z_F	100.000	26	0	2.98e-10	52.0
M03520:605:000000000-LVNKY:1:1101:15565:1395;size=2380	RH.2A8AD21024974C0Z0Z_R	100.000	25	0	1.18e-09	50.1
M03520:605:000000000-LVNKY:1:1101:12566:1994;size=1818	RH.CA1E204B0C0842DZ0Z_F	100.000	26	0	2.98e-10	52.0
M03520:605:000000000-LVNKY:1:1101:12566:1994;size=1818	RH.CA1E204B0C0842DZ0Z_R	100.000	24	0	4.65e-09	48.1
M03520:605:000000000-LVNKY:1:1101:18403:6110;size=1744	RH.CF953F27F5674E1Z0Z_F	100.000	26	0	2.98e-10	52.0
M03520:605:000000000-LVNKY:1:1101:18403:6110;size=1744	RH.CF953F27F5674E1Z0Z_R	100.000	25	0	1.18e-09	50.1
M03520:605:000000000-LVNKY:1:1101:21156:3386;size=1716	RH.DDB83AFF97C94C6Z0Z_R	100.000	25	0	1.18e-09	50.1
M03520:605:000000000-LVNKY:1:1101:21156:3386;size=1716	RH.DDB83AFF97C94C6Z0Z_F	100.000	24	0	4.65e-09	48.1
M03520:605:000000000-LVNKY:1:1101:8082:3734;size=1653	RH.185D4E36BBF74FEZ0Z_F	100.000	27	0	7.54e-11	54.0
M03520:605:000000000-LVNKY:1:1101:8082:3734;size=1653	RH.185D4E36BBF74FEZ0Z_R	100.000	26	0	2.98e-10	52.0
M03520:605:000000000-LVNKY:1:1101:20166:2874;size=1529	RH.2091F326F74640CZ0Z_F	100.000	24	0	4.65e-09	48.1
M03520:605:000000000-LVNKY:1:1101:20166:2874;size=1529	RH.2091F326F74640CZ0Z_R	100.000	22	0	7.27e-08	44.1
M03520:605:000000000-LVNKY:1:1101:10001:3719;size=1467	RH.B9EF730EBE6C436Z0Z_F	100.000	25	0	1.18e-09	50.1
M03520:605:000000000-LVNKY:1:1101:10001:3719;size=1467	RH.B9EF730EBE6C436Z0Z_R	100.000	25	0	1.18e-09	50.1
M03520:605:000000000-LVNKY:1:1101:14510:2829;size=1310	RH.8B25A056ABC1444Z0Z_F	100.000	25	0	1.18e-09	50.1
M03520:605:000000000-LVNKY:1:1101:14510:2829;size=1310	RH.8B25A056ABC1444Z0Z_R	100.000	24	0	4.65e-09	48.1
M03520:605:000000000-LVNKY:1:1101:12018:3992;size=1256	RH.FDEF34A308684D6Z0Z_F	100.000	24	0	4.65e-09	48.1
M03520:605:000000000-LVNKY:1:1101:16865:2573;size=1128	RH.8BDD8BEDFC3B423Z0Z_R	100.000	21	0	2.87e-07	42.1
M03520:605:000000000-LVNKY:1:1101:16865:2573;size=1128	RH.8BDD8BEDFC3B423Z0Z_F	100.000	21	0	2.87e-07	42.1
M03520:605:000000000-LVNKY:1:1101:9935:2724;size=1067	RH.0096A141894D447Z0Z_F	100.000	24	0	4.65e-09	48.1
M03520:605:000000000-LVNKY:1:1101:17589:3748;size=1041	RH.DDB83AFF97C94C6Z0Z_R	100.000	25	0	1.18e-09	50.1
M03520:605:000000000-LVNKY:1:1101:25891:5815;size=1033	RH.B9EF730EBE6C436Z0Z_F	100.000	25	0	1.18e-09	50.1
M03520:605:000000000-LVNKY:1:1101:25891:5815;size=1033	RH.B9EF730EBE6C436Z0Z_R	100.000	25	0	1.18e-09	50.1
M03520:605:000000000-LVNKY:1:1101:17012:24180;size=967	RH.B9EF730EBE6C436Z0Z_F	100.000	25	0	1.18e-09	50.1
M03520:605:000000000-LVNKY:1:1101:17012:24180;size=967	RH.B9EF730EBE6C436Z0Z_R	96.000	25	1	2.87e-07	42.1
M03520:605:000000000-LVNKY:1:1106:17820:13522;size=909	RH.0BD19D1A26A74EBZ0Z_F	100.000	25	0	1.18e-09	50.1
M03520:605:000000000-LVNKY:1:1106:17820:13522;size=909	RH.0BD19D1A26A74EBZ0Z_R	100.000	24	0	4.65e-09	48.1
M03520:605:000000000-LVNKY:1:1101:7627:7328;size=899	RH.0096A141894D447Z0Z_F	100.000	24	0	4.65e-09	48.1
M03520:605:000000000-LVNKY:1:1102:13167:19945;size=873	RH.DDB83AFF97C94C6Z0Z_R	100.000	25	0	1.18e-09	50.1
M03520:605:000000000-LVNKY:1:1102:13167:19945;size=873	RH.DDB83AFF97C94C6Z0Z_F	100.000	24	0	4.65e-09	48.1
M03520:605:000000000-LVNKY:1:1101:16257:1590;size=856	RH.BE09C1F6EE4B426Z0Z_R	100.000	23	0	1.84e-08	46.1
M03520:605:000000000-LVNKY:1:1101:16257:1590;size=856	RH.BE09C1F6EE4B426Z0Z_F	100.000	22	0	7.27e-08	44.1
M03520:605:000000000-LVNKY:1:1101:17893:2965;size=746	RH.DE543226C201437Z0Z_R	100.000	20	0	1.13e-06	40.1
M03520:605:000000000-LVNKY:1:1101:17893:2965;size=746	RH.51338FA06EDB4F0Z0Z_R	95.652	23	1	4.48e-06	38.2
M03520:605:000000000-LVNKY:1:1101:14389:12959;size=517	RH.7CE39E25906745AZ0Z_R	100.000	26	0	2.98e-10	52.0
M03520:605:000000000-LVNKY:1:1101:14389:12959;size=517	RH.7CE39E25906745AZ0Z_F	100.000	25	0	1.18e-09	50.1
M03520:605:000000000-LVNKY:1:1101:20016:2053;size=499	RH.591889F759494FEZ0Z_R	100.000	27	0	7.54e-11	54.0
M03520:605:000000000-LVNKY:1:1101:20016:2053;size=499	RH.591889F759494FEZ0Z_F	100.000	26	0	2.98e-10	52.0
M03520:605:000000000-LVNKY:1:1101:13681:2164;size=474	RH.2A8AD21024974C0Z0Z_F	100.000	26	0	2.98e-10	52.0
M03520:605:000000000-LVNKY:1:1101:13681:2164;size=474	RH.2A8AD21024974C0Z0Z_R	100.000	25	0	1.18e-09	50.1
M03520:605:000000000-LVNKY:1:1101:15782:3570;size=472	RH.7CE39E25906745AZ0Z_R	100.000	26	0	2.98e-10	52.0
M03520:605:000000000-LVNKY:1:1101:15782:3570;size=472	RH.7CE39E25906745AZ0Z_F	100.000	25	0	1.18e-09	50.1
M03520:605:000000000-LVNKY:1:1101:7471:4399;size=441	RH.B5A2E3C1CC8E44AZ0Z_F	100.000	23	0	1.84e-08	46.1
M03520:605:000000000-LVNKY:1:1101:7471:4399;size=441	RH.B5A2E3C1CC8E44AZ0Z_R	100.000	22	0	7.27e-08	44.1
M03520:605:000000000-LVNKY:1:1101:10737:7562;size=436	RH.CA1E204B0C0842DZ0Z_F	100.000	26	0	2.98e-10	52.0
M03520:605:000000000-LVNKY:1:1101:10737:7562;size=436	RH.E04EE94198274F7Z0Z_F	100.000	25	0	1.18e-09	50.1
M03520:605:000000000-LVNKY:1:1101:10737:7562;size=436	RH.CA1E204B0C0842DZ0Z_R	100.000	24	0	4.65e-09	48.1
M03520:605:000000000-LVNKY:1:1101:14881:7176;size=417	RH.7CE39E25906745AZ0Z_R	100.000	26	0	2.98e-10	52.0
M03520:605:000000000-LVNKY:1:1101:14881:7176;size=417	RH.7CE39E25906745AZ0Z_F	100.000	25	0	1.18e-09	50.1
M03520:605:000000000-LVNKY:1:1101:19244:2735;size=408	RH.E04EE94198274F7Z0Z_F	100.000	25	0	1.18e-09	50.1
M03520:605:000000000-LVNKY:1:1101:19244:2735;size=408	RH.E04EE94198274F7Z0Z_R	95.833	24	1	1.13e-06	40.1
M03520:605:000000000-LVNKY:1:1101:21378:3629;size=401	RH.CFB366F097C448DZ0Z_F	100.000	26	0	2.98e-10	52.0
M03520:605:000000000-LVNKY:1:1101:21378:3629;size=401	RH.CFB366F097C448DZ0Z_R	100.000	21	0	2.87e-07	42.1
M03520:605:000000000-LVNKY:1:1101:16089:1816;size=378	RH.517A9FBA2B494D5Z0Z_F	100.000	25	0	1.18e-09	50.1
M03520:605:000000000-LVNKY:1:1101:16089:1816;size=378	RH.517A9FBA2B494D5Z0Z_R	100.000	24	0	4.65e-09	48.1
M03520:605:000000000-LVNKY:1:1107:14699:1540;size=321	RH.51338FA06EDB4F0Z0Z_R	100.000	25	0	1.18e-09	50.1
M03520:605:000000000-LVNKY:1:1107:14699:1540;size=321	RH.51338FA06EDB4F0Z0Z_F	100.000	25	0	1.18e-09	50.1
M03520:605:000000000-LVNKY:1:1101:17701:5511;size=313	RH.6572108A164E48EZ0Z_R	100.000	25	0	1.18e-09	50.1
M03520:605:000000000-LVNKY:1:1101:17701:5511;size=313	RH.F7E3D42951B44CCZ0Z_F	100.000	21	0	2.87e-07	42.1
M03520:605:000000000-LVNKY:1:1106:24664:13716;size=312	RH.2AFFFBA0E81C482Z0Z_R	100.000	23	0	1.84e-08	46.1
M03520:605:000000000-LVNKY:1:1106:24664:13716;size=312	RH.2AFFFBA0E81C482Z0Z_F	100.000	23	0	1.84e-08	46.1
M03520:605:000000000-LVNKY:1:1102:22950:9542;size=308	RH.0096A141894D447Z0Z_F	100.000	24	0	4.65e-09	48.1
M03520:605:000000000-LVNKY:1:1102:22950:9542;size=308	RH.0096A141894D447Z0Z_R	100.000	21	0	2.87e-07	42.1
M03520:605:000000000-LVNKY:1:1101:26432:9038;size=306	RH.27578A9A85FA4A3Z0Z_F	100.000	24	0	4.65e-09	48.1
M03520:605:000000000-LVNKY:1:1101:26432:9038;size=306	RH.27578A9A85FA4A3Z0Z_R	100.000	22	0	7.27e-08	44.1
M03520:605:000000000-LVNKY:1:1101:11099:4394;size=277	RH.DDB83AFF97C94C6Z0Z_R	100.000	25	0	1.18e-09	50.1
M03520:605:000000000-LVNKY:1:1101:11099:4394;size=277	RH.DDB83AFF97C94C6Z0Z_F	100.000	24	0	4.65e-09	48.1
M03520:605:000000000-LVNKY:1:1101:4667:7277;size=262	RH.DDB83AFF97C94C6Z0Z_R	100.000	25	0	1.18e-09	50.1
M03520:605:000000000-LVNKY:1:1101:4667:7277;size=262	RH.DDB83AFF97C94C6Z0Z_F	100.000	24	0	4.65e-09	48.1
M03520:605:000000000-LVNKY:1:1102:17359:9392;size=262	RH.7CE39E25906745AZ0Z_R	100.000	26	0	2.98e-10	52.0
M03520:605:000000000-LVNKY:1:1102:17359:9392;size=262	RH.7CE39E25906745AZ0Z_F	100.000	25	0	1.18e-09	50.1
M03520:605:000000000-LVNKY:1:1101:15933:9114;size=257	RH.DDB83AFF97C94C6Z0Z_R	100.000	25	0	1.18e-09	50.1
M03520:605:000000000-LVNKY:1:1101:15933:9114;size=257	RH.DDB83AFF97C94C6Z0Z_F	100.000	24	0	4.65e-09	48.1
M03520:605:000000000-LVNKY:1:1101:6294:6586;size=248	RH.27578A9A85FA4A3Z0Z_F	100.000	24	0	4.65e-09	48.1
M03520:605:000000000-LVNKY:1:1101:6294:6586;size=248	RH.27578A9A85FA4A3Z0Z_R	100.000	22	0	7.27e-08	44.1
M03520:605:000000000-LVNKY:1:1101:17950:3561;size=234	RH.27578A9A85FA4A3Z0Z_F	100.000	24	0	4.65e-09	48.1
M03520:605:000000000-LVNKY:1:1101:17950:3561;size=234	RH.27578A9A85FA4A3Z0Z_R	100.000	22	0	7.27e-08	44.1
M03520:605:000000000-LVNKY:1:1101:11243:2192;size=233	RH.541A1C9A5856408Z0Z_F	100.000	24	0	4.65e-09	48.1
M03520:605:000000000-LVNKY:1:1101:13986:3227;size=232	RH.44DCEC943BED412Z0Z_R	100.000	23	0	1.84e-08	46.1
M03520:605:000000000-LVNKY:1:1101:13986:3227;size=232	RH.44DCEC943BED412Z0Z_F	100.000	23	0	1.84e-08	46.1
M03520:605:000000000-LVNKY:1:1101:7845:7606;size=223	RH.85A5303CAAF54ADZ0Z_R	100.000	22	0	7.27e-08	44.1
M03520:605:000000000-LVNKY:1:1101:9541:3037;size=217	RH.72B9E3F522264B3Z0Z_F	100.000	22	0	7.27e-08	44.1
M03520:605:000000000-LVNKY:1:1101:9541:3037;size=217	RH.72B9E3F522264B3Z0Z_R	100.000	20	0	1.13e-06	40.1
M03520:605:000000000-LVNKY:1:1101:8807:4053;size=213	RH.E4A8B94D0D174D9Z0Z_F	100.000	24	0	4.65e-09	48.1
M03520:605:000000000-LVNKY:1:1101:8807:4053;size=213	RH.E4A8B94D0D174D9Z0Z_R	100.000	24	0	4.65e-09	48.1
M03520:605:000000000-LVNKY:1:1101:18540:9050;size=208	RH.DDB83AFF97C94C6Z0Z_R	100.000	25	0	1.18e-09	50.1
M03520:605:000000000-LVNKY:1:1101:18540:9050;size=208	RH.DDB83AFF97C94C6Z0Z_F	100.000	24	0	4.65e-09	48.1
M03520:605:000000000-LVNKY:1:1101:8702:5939;size=204	RH.85A5303CAAF54ADZ0Z_R	100.000	22	0	7.27e-08	44.1
M03520:605:000000000-LVNKY:1:1101:8702:5939;size=204	RH.85A5303CAAF54ADZ0Z_F	100.000	21	0	2.87e-07	42.1
M03520:605:000000000-LVNKY:1:1104:25922:8076;size=204	RH.27578A9A85FA4A3Z0Z_F	100.000	24	0	4.65e-09	48.1
M03520:605:000000000-LVNKY:1:1104:25922:8076;size=204	RH.27578A9A85FA4A3Z0Z_R	100.000	22	0	7.27e-08	44.1
M03520:605:000000000-LVNKY:1:1101:8358:7923;size=200	RH.0BD19D1A26A74EBZ0Z_R	100.000	24	0	4.65e-09	48.1
M03520:605:000000000-LVNKY:1:1101:8358:7923;size=200	RH.1C82717EB39B4ECZ0Z_F	100.000	21	0	2.87e-07	42.1
M03520:605:000000000-LVNKY:1:1101:11575:7554;size=194	RH.B9EF730EBE6C436Z0Z_R	100.000	25	0	1.18e-09	50.1
M03520:605:000000000-LVNKY:1:1101:11575:7554;size=194	RH.B9EF730EBE6C436Z0Z_F	100.000	25	0	1.18e-09	50.1
M03520:605:000000000-LVNKY:1:1101:17277:7632;size=190	RH.1CC74B91718A42FZ0Z_F	100.000	22	0	7.27e-08	44.1
M03520:605:000000000-LVNKY:1:1101:17277:7632;size=190	RH.1CC74B91718A42FZ0Z_R	100.000	21	0	2.87e-07	42.1
M03520:605:000000000-LVNKY:1:1101:8229:4739;size=189	RH.2091F326F74640CZ0Z_F	100.000	24	0	4.65e-09	48.1
M03520:605:000000000-LVNKY:1:1103:18483:4661;size=184	RH.DDB83AFF97C94C6Z0Z_R	100.000	25	0	1.18e-09	50.1
M03520:605:000000000-LVNKY:1:1103:18483:4661;size=184	RH.DDB83AFF97C94C6Z0Z_F	100.000	24	0	4.65e-09	48.1
M03520:605:000000000-LVNKY:1:1101:13816:8650;size=182	RH.B9EF730EBE6C436Z0Z_F	100.000	25	0	1.18e-09	50.1
M03520:605:000000000-LVNKY:1:1101:13816:8650;size=182	RH.B9EF730EBE6C436Z0Z_R	100.000	25	0	1.18e-09	50.1
M03520:605:000000000-LVNKY:1:1101:14172:1720;size=182	RH.27578A9A85FA4A3Z0Z_F	100.000	24	0	4.65e-09	48.1
M03520:605:000000000-LVNKY:1:1101:14172:1720;size=182	RH.27578A9A85FA4A3Z0Z_R	100.000	22	0	7.27e-08	44.1
M03520:605:000000000-LVNKY:1:1101:15325:5229;size=182	RH.275C7CB29BEF47CZ0Z_F	100.000	23	0	1.84e-08	46.1
M03520:605:000000000-LVNKY:1:1101:15325:5229;size=182	RH.275C7CB29BEF47CZ0Z_R	100.000	22	0	7.27e-08	44.1
M03520:605:000000000-LVNKY:1:1101:20425:5945;size=182	RH.72B9E3F522264B3Z0Z_F	100.000	22	0	7.27e-08	44.1
M03520:605:000000000-LVNKY:1:1101:20425:5945;size=182	RH.72B9E3F522264B3Z0Z_R	100.000	20	0	1.13e-06	40.1
M03520:605:000000000-LVNKY:1:1106:22910:15921;size=181	RH.0096A141894D447Z0Z_F	100.000	24	0	4.65e-09	48.1
M03520:605:000000000-LVNKY:1:1106:22910:15921;size=181	RH.0096A141894D447Z0Z_R	100.000	21	0	2.87e-07	42.1
M03520:605:000000000-LVNKY:1:1101:12665:3648;size=179	RH.DDB83AFF97C94C6Z0Z_F	100.000	24	0	4.65e-09	48.1
M03520:605:000000000-LVNKY:1:1101:12665:3648;size=179	RH.DDB83AFF97C94C6Z0Z_R	100.000	19	0	4.48e-06	38.2
M03520:605:000000000-LVNKY:1:1101:12665:3648;size=179	RH.256B9DD95E5E4EDZ0Z_R	100.000	19	0	4.48e-06	38.2
M03520:605:000000000-LVNKY:1:1101:9376:5818;size=179	RH.0096A141894D447Z0Z_F	100.000	24	0	4.65e-09	48.1
M03520:605:000000000-LVNKY:1:1101:16268:6279;size=170	RH.F7E3D42951B44CCZ0Z_F	100.000	21	0	2.87e-07	42.1
M03520:605:000000000-LVNKY:1:1107:13278:1721;size=163	RH.1CC74B91718A42FZ0Z_R	100.000	25	0	1.18e-09	50.1
M03520:605:000000000-LVNKY:1:1107:13278:1721;size=163	RH.1CC74B91718A42FZ0Z_F	100.000	24	0	4.65e-09	48.1
M03520:605:000000000-LVNKY:1:1101:15528:3714;size=161	RH.9CE451C90696466Z0Z_R	100.000	24	0	4.65e-09	48.1
M03520:605:000000000-LVNKY:1:1101:15528:3714;size=161	RH.9CE451C90696466Z0Z_F	100.000	24	0	4.65e-09	48.1
M03520:605:000000000-LVNKY:1:1101:22936:6164;size=161	RH.AB03371A973C4B1Z0Z_R	100.000	24	0	4.65e-09	48.1
M03520:605:000000000-LVNKY:1:1101:22936:6164;size=161	RH.AB03371A973C4B1Z0Z_F	100.000	24	0	4.65e-09	48.1
M03520:605:000000000-LVNKY:1:1101:10455:3397;size=157	RH.CD599890796C4EFZ0Z_R	100.000	25	0	1.18e-09	50.1
M03520:605:000000000-LVNKY:1:1101:10455:3397;size=157	RH.CD599890796C4EFZ0Z_F	100.000	23	0	1.84e-08	46.1
M03520:605:000000000-LVNKY:1:1101:7544:5199;size=156	RH.0550AF0F57084ADZ0Z_F	100.000	24	0	4.65e-09	48.1
M03520:605:000000000-LVNKY:1:1101:7544:5199;size=156	RH.0550AF0F57084ADZ0Z_R	100.000	22	0	7.27e-08	44.1
M03520:605:000000000-LVNKY:1:1101:9982:9621;size=156	RH.0BD19D1A26A74EBZ0Z_F	100.000	25	0	1.18e-09	50.1
M03520:605:000000000-LVNKY:1:1101:9982:9621;size=156	RH.0BD19D1A26A74EBZ0Z_R	100.000	24	0	4.65e-09	48.1
M03520:605:000000000-LVNKY:1:1101:12188:9371;size=155	RH.2091F326F74640CZ0Z_R	100.000	22	0	7.27e-08	44.1
M03520:605:000000000-LVNKY:1:1101:12188:9371;size=155	RH.2091F326F74640CZ0Z_F	100.000	22	0	7.27e-08	44.1
M03520:605:000000000-LVNKY:1:1101:7741:6005;size=155	RH.DDB83AFF97C94C6Z0Z_R	100.000	25	0	1.18e-09	50.1
M03520:605:000000000-LVNKY:1:1101:7741:6005;size=155	RH.DDB83AFF97C94C6Z0Z_F	100.000	24	0	4.65e-09	48.1
M03520:605:000000000-LVNKY:1:1101:17789:3359;size=151	RH.CA1E204B0C0842DZ0Z_F	100.000	26	0	2.98e-10	52.0
M03520:605:000000000-LVNKY:1:1101:17789:3359;size=151	RH.CA1E204B0C0842DZ0Z_R	100.000	24	0	4.65e-09	48.1
M03520:605:000000000-LVNKY:1:1101:19350:4152;size=143	RH.FDEF34A308684D6Z0Z_F	100.000	24	0	4.65e-09	48.1
M03520:605:000000000-LVNKY:1:1101:5063:12463;size=142	RH.0550AF0F57084ADZ0Z_F	100.000	24	0	4.65e-09	48.1
M03520:605:000000000-LVNKY:1:1101:19770:4770;size=139	RH.72B9E3F522264B3Z0Z_F	100.000	22	0	7.27e-08	44.1
M03520:605:000000000-LVNKY:1:1101:21531:11357;size=139	RH.85A5303CAAF54ADZ0Z_R	100.000	22	0	7.27e-08	44.1
M03520:605:000000000-LVNKY:1:1101:23684:10913;size=136	RH.85A5303CAAF54ADZ0Z_R	100.000	22	0	7.27e-08	44.1
M03520:605:000000000-LVNKY:1:1101:23684:10913;size=136	RH.85A5303CAAF54ADZ0Z_F	100.000	21	0	2.87e-07	42.1
M03520:605:000000000-LVNKY:1:1101:17043:1784;size=135	RH.BB24C5C404164F1Z0Z_R	100.000	23	0	1.84e-08	46.1
M03520:605:000000000-LVNKY:1:1101:17043:1784;size=135	RH.BB24C5C404164F1Z0Z_F	100.000	22	0	7.27e-08	44.1
M03520:605:000000000-LVNKY:1:1107:19192:2161;size=135	RH.27578A9A85FA4A3Z0Z_F	100.000	24	0	4.65e-09	48.1
M03520:605:000000000-LVNKY:1:1107:19192:2161;size=135	RH.27578A9A85FA4A3Z0Z_R	100.000	22	0	7.27e-08	44.1
M03520:605:000000000-LVNKY:1:1101:13397:4385;size=134	RH.85A5303CAAF54ADZ0Z_R	100.000	22	0	7.27e-08	44.1
M03520:605:000000000-LVNKY:1:1101:13397:4385;size=134	RH.85A5303CAAF54ADZ0Z_F	100.000	21	0	2.87e-07	42.1
M03520:605:000000000-LVNKY:1:1101:19409:2357;size=134	RH.6572108A164E48EZ0Z_R	100.000	25	0	1.18e-09	50.1
M03520:605:000000000-LVNKY:1:1101:19409:2357;size=134	RH.F7E3D42951B44CCZ0Z_F	100.000	21	0	2.87e-07	42.1
M03520:605:000000000-LVNKY:1:1101:19409:2357;size=134	RH.F7E3D42951B44CCZ0Z_R	100.000	19	0	4.48e-06	38.2
M03520:605:000000000-LVNKY:1:1101:18419:4602;size=133	RH.0BD19D1A26A74EBZ0Z_F	100.000	25	0	1.18e-09	50.1
M03520:605:000000000-LVNKY:1:1101:18419:4602;size=133	RH.0BD19D1A26A74EBZ0Z_R	100.000	24	0	4.65e-09	48.1
M03520:605:000000000-LVNKY:1:1101:9041:10588;size=133	RH.3F0C3BDDC55E465Z0Z_F	100.000	30	0	1.22e-12	60.0
M03520:605:000000000-LVNKY:1:1101:9041:10588;size=133	RH.3F0C3BDDC55E465Z0Z_R	100.000	29	0	4.83e-12	58.0
M03520:605:000000000-LVNKY:1:1101:26798:9632;size=126	RH.517A9FBA2B494D5Z0Z_F	100.000	25	0	1.18e-09	50.1
M03520:605:000000000-LVNKY:1:1101:26798:9632;size=126	RH.517A9FBA2B494D5Z0Z_R	100.000	24	0	4.65e-09	48.1
M03520:605:000000000-LVNKY:1:1107:15608:1369;size=124	RH.6572108A164E48EZ0Z_R	100.000	25	0	1.18e-09	50.1
M03520:605:000000000-LVNKY:1:1107:15608:1369;size=124	RH.6572108A164E48EZ0Z_F	100.000	24	0	4.65e-09	48.1
M03520:605:000000000-LVNKY:1:1101:11588:5935;size=122	RH.6408CE975B5340AZ0Z_R	100.000	26	0	2.98e-10	52.0
M03520:605:000000000-LVNKY:1:1101:11588:5935;size=122	RH.6408CE975B5340AZ0Z_F	100.000	26	0	2.98e-10	52.0
M03520:605:000000000-LVNKY:1:1101:22318:6431;size=115	RH.7C3D657FDC54468Z0Z_R	100.000	22	0	7.27e-08	44.1
M03520:605:000000000-LVNKY:1:1101:22318:6431;size=115	RH.098C2C0732D843BZ0Z_F	100.000	22	0	7.27e-08	44.1
M03520:605:000000000-LVNKY:1:1101:26576:13340;size=115	RH.0BA5504E4959438Z0Z_R	100.000	23	0	1.84e-08	46.1
M03520:605:000000000-LVNKY:1:1101:26576:13340;size=115	RH.0BA5504E4959438Z0Z_F	100.000	22	0	7.27e-08	44.1
M03520:605:000000000-LVNKY:1:1101:18797:7027;size=112	RH.0550AF0F57084ADZ0Z_F	100.000	24	0	4.65e-09	48.1
M03520:605:000000000-LVNKY:1:1107:20128:2978;size=111	RH.8B25A056ABC1444Z0Z_F	100.000	22	0	7.27e-08	44.1
M03520:605:000000000-LVNKY:1:1107:20128:2978;size=111	RH.8B25A056ABC1444Z0Z_R	95.833	24	1	1.13e-06	40.1
M03520:605:000000000-LVNKY:1:1107:13410:1855;size=110	RH.51338FA06EDB4F0Z0Z_R	95.652	23	1	4.48e-06	38.2
M03520:605:000000000-LVNKY:1:1107:16176:1987;size=110	RH.2AFFFBA0E81C482Z0Z_F	100.000	23	0	1.84e-08	46.1
M03520:605:000000000-LVNKY:1:1107:16176:1987;size=110	RH.2AFFFBA0E81C482Z0Z_R	100.000	23	0	1.84e-08	46.1
M03520:605:000000000-LVNKY:1:1107:20063:2248;size=110	RH.E04EE94198274F7Z0Z_F	100.000	25	0	1.18e-09	50.1
M03520:605:000000000-LVNKY:1:1107:20063:2248;size=110	RH.E04EE94198274F7Z0Z_R	95.833	24	1	1.13e-06	40.1
M03520:605:000000000-LVNKY:1:1101:22032:14166;size=108	RH.7CE39E25906745AZ0Z_R	100.000	26	0	2.98e-10	52.0
M03520:605:000000000-LVNKY:1:1101:22032:14166;size=108	RH.7CE39E25906745AZ0Z_F	100.000	25	0	1.18e-09	50.1
M03520:605:000000000-LVNKY:1:1101:11435:2581;size=106	RH.E28A489CA40644BZ0Z_R	100.000	23	0	1.84e-08	46.1
M03520:605:000000000-LVNKY:1:1101:11435:2581;size=106	RH.E28A489CA40644BZ0Z_F	100.000	22	0	7.27e-08	44.1
M03520:605:000000000-LVNKY:1:1101:16689:9106;size=105	RH.094E5466924B45EZ0Z_F	100.000	26	0	2.98e-10	52.0
M03520:605:000000000-LVNKY:1:1101:16689:9106;size=105	RH.094E5466924B45EZ0Z_R	100.000	25	0	1.18e-09	50.1
M03520:605:000000000-LVNKY:1:1101:13068:1913;size=103	RH.DDB83AFF97C94C6Z0Z_R	100.000	25	0	1.18e-09	50.1
M03520:605:000000000-LVNKY:1:1101:13068:1913;size=103	RH.DDB83AFF97C94C6Z0Z_F	100.000	24	0	4.65e-09	48.1
M03520:605:000000000-LVNKY:1:1101:10267:6822;size=101	RH.517A9FBA2B494D5Z0Z_F	100.000	25	0	1.18e-09	50.1
M03520:605:000000000-LVNKY:1:1101:10267:6822;size=101	RH.517A9FBA2B494D5Z0Z_R	100.000	24	0	4.65e-09	48.1
M03520:605:000000000-LVNKY:1:1101:11674:9160;size=101	RH.B9EF730EBE6C436Z0Z_F	100.000	25	0	1.18e-09	50.1
M03520:605:000000000-LVNKY:1:1101:11674:9160;size=101	RH.B9EF730EBE6C436Z0Z_R	100.000	25	0	1.18e-09	50.1
M03520:605:000000000-LVNKY:1:1101:12306:6782;size=101	RH.3E6A642DF8FB454Z0Z_R	100.000	23	0	1.84e-08	46.1
M03520:605:000000000-LVNKY:1:1101:12306:6782;size=101	RH.3E6A642DF8FB454Z0Z_F	100.000	22	0	7.27e-08	44.1
M03520:605:000000000-LVNKY:1:1101:8517:4429;size=100	RH.9C70B4C9923B4A8Z0Z_R	100.000	23	0	1.84e-08	46.1
M03520:605:000000000-LVNKY:1:1101:8517:4429;size=100	RH.9C70B4C9923B4A8Z0Z_F	100.000	23	0	1.84e-08	46.1
M03520:605:000000000-LVNKY:1:1107:15819:3540;size=99	RH.DDB83AFF97C94C6Z0Z_R	100.000	25	0	1.18e-09	50.1
M03520:605:000000000-LVNKY:1:1107:15819:3540;size=99	RH.8B25A056ABC1444Z0Z_F	100.000	22	0	7.27e-08	44.1
M03520:605:000000000-LVNKY:1:1101:26707:11445;size=98	RH.85A5303CAAF54ADZ0Z_R	100.000	22	0	7.27e-08	44.1
M03520:605:000000000-LVNKY:1:1101:26707:11445;size=98	RH.85A5303CAAF54ADZ0Z_F	100.000	21	0	2.87e-07	42.1
M03520:605:000000000-LVNKY:1:1101:12581:15530;size=92	RH.0550AF0F57084ADZ0Z_F	100.000	24	0	4.65e-09	48.1
M03520:605:000000000-LVNKY:1:1101:12581:15530;size=92	RH.0550AF0F57084ADZ0Z_R	100.000	22	0	7.27e-08	44.1
M03520:605:000000000-LVNKY:1:1101:16169:2821;size=92	RH.2AFFFBA0E81C482Z0Z_R	100.000	23	0	1.84e-08	46.1
M03520:605:000000000-LVNKY:1:1101:16169:2821;size=92	RH.2AFFFBA0E81C482Z0Z_F	100.000	23	0	1.84e-08	46.1
M03520:605:000000000-LVNKY:1:1101:10576:5423;size=89	RH.2091F326F74640CZ0Z_F	100.000	22	0	7.27e-08	44.1
M03520:605:000000000-LVNKY:1:1101:10576:5423;size=89	RH.2091F326F74640CZ0Z_R	100.000	22	0	7.27e-08	44.1
M03520:605:000000000-LVNKY:1:1101:7477:4841;size=88	RH.85A5303CAAF54ADZ0Z_R	100.000	22	0	7.27e-08	44.1
M03520:605:000000000-LVNKY:1:1101:7477:4841;size=88	RH.85A5303CAAF54ADZ0Z_F	100.000	21	0	2.87e-07	42.1
M03520:605:000000000-LVNKY:1:1102:11524:5430;size=87	RH.85A5303CAAF54ADZ0Z_R	100.000	22	0	7.27e-08	44.1
M03520:605:000000000-LVNKY:1:1102:11524:5430;size=87	RH.85A5303CAAF54ADZ0Z_F	100.000	21	0	2.87e-07	42.1
M03520:605:000000000-LVNKY:1:1101:5104:21749;size=86	RH.0BD19D1A26A74EBZ0Z_F	100.000	25	0	1.18e-09	50.1
M03520:605:000000000-LVNKY:1:1101:5104:21749;size=86	RH.0BD19D1A26A74EBZ0Z_R	100.000	24	0	4.65e-09	48.1
M03520:605:000000000-LVNKY:1:1101:16281:11337;size=85	RH.B9EF730EBE6C436Z0Z_F	100.000	25	0	1.18e-09	50.1
M03520:605:000000000-LVNKY:1:1101:16281:11337;size=85	RH.B9EF730EBE6C436Z0Z_R	100.000	25	0	1.18e-09	50.1
M03520:605:000000000-LVNKY:1:1101:16166:9359;size=84	RH.DDB83AFF97C94C6Z0Z_R	100.000	25	0	1.18e-09	50.1
M03520:605:000000000-LVNKY:1:1101:16166:9359;size=84	RH.DDB83AFF97C94C6Z0Z_F	100.000	24	0	4.65e-09	48.1
M03520:605:000000000-LVNKY:1:1101:21357:7560;size=84	RH.7CE39E25906745AZ0Z_R	100.000	26	0	2.98e-10	52.0
M03520:605:000000000-LVNKY:1:1101:21357:7560;size=84	RH.7CE39E25906745AZ0Z_F	100.000	25	0	1.18e-09	50.1
M03520:605:000000000-LVNKY:1:1101:22460:5942;size=84	RH.85A5303CAAF54ADZ0Z_R	100.000	22	0	7.27e-08	44.1
M03520:605:000000000-LVNKY:1:1101:22460:5942;size=84	RH.85A5303CAAF54ADZ0Z_F	100.000	21	0	2.87e-07	42.1
M03520:605:000000000-LVNKY:1:1101:13305:7649;size=82	RH.6714930AF0C2407Z0Z_R	100.000	23	0	1.84e-08	46.1
M03520:605:000000000-LVNKY:1:1101:13305:7649;size=82	RH.6714930AF0C2407Z0Z_F	100.000	23	0	1.84e-08	46.1
M03520:605:000000000-LVNKY:1:1101:21159:3433;size=82	RH.0BD19D1A26A74EBZ0Z_F	100.000	25	0	1.18e-09	50.1
M03520:605:000000000-LVNKY:1:1101:21159:3433;size=82	RH.0BD19D1A26A74EBZ0Z_R	100.000	24	0	4.65e-09	48.1
M03520:605:000000000-LVNKY:1:1101:7382:7276;size=82	RH.0BD19D1A26A74EBZ0Z_F	100.000	25	0	1.18e-09	50.1
M03520:605:000000000-LVNKY:1:1101:7382:7276;size=82	RH.0BD19D1A26A74EBZ0Z_R	100.000	24	0	4.65e-09	48.1
M03520:605:000000000-LVNKY:1:1101:22878:12417;size=81	RH.6D324B1B4164459Z0Z_F	100.000	21	0	2.87e-07	42.1
M03520:605:000000000-LVNKY:1:1101:22878:12417;size=81	RH.6D324B1B4164459Z0Z_R	100.000	21	0	2.87e-07	42.1
M03520:605:000000000-LVNKY:1:1101:9171:13011;size=81	RH.85A5303CAAF54ADZ0Z_R	100.000	22	0	7.27e-08	44.1
M03520:605:000000000-LVNKY:1:1101:9171:13011;size=81	RH.85A5303CAAF54ADZ0Z_F	100.000	21	0	2.87e-07	42.1
M03520:605:000000000-LVNKY:1:1101:12488:5097;size=79	RH.B9EF730EBE6C436Z0Z_F	100.000	25	0	1.18e-09	50.1
M03520:605:000000000-LVNKY:1:1101:12488:5097;size=79	RH.B9EF730EBE6C436Z0Z_R	100.000	25	0	1.18e-09	50.1
M03520:605:000000000-LVNKY:1:1101:7229:6661;size=79	RH.0BD19D1A26A74EBZ0Z_F	100.000	25	0	1.18e-09	50.1
M03520:605:000000000-LVNKY:1:1101:7229:6661;size=79	RH.0BD19D1A26A74EBZ0Z_R	100.000	24	0	4.65e-09	48.1
M03520:605:000000000-LVNKY:1:1102:9179:20850;size=79	RH.CA1E204B0C0842DZ0Z_F	100.000	26	0	2.98e-10	52.0
M03520:605:000000000-LVNKY:1:1102:9179:20850;size=79	RH.CA1E204B0C0842DZ0Z_R	100.000	24	0	4.65e-09	48.1
M03520:605:000000000-LVNKY:1:1101:19799:5289;size=78	RH.B9EF730EBE6C436Z0Z_R	100.000	25	0	1.18e-09	50.1
M03520:605:000000000-LVNKY:1:1101:19799:5289;size=78	RH.B9EF730EBE6C436Z0Z_F	100.000	25	0	1.18e-09	50.1
M03520:605:000000000-LVNKY:1:1101:5091:13714;size=78	RH.F537671F3A234DCZ0Z_F	100.000	24	0	4.65e-09	48.1
M03520:605:000000000-LVNKY:1:1101:5091:13714;size=78	RH.F537671F3A234DCZ0Z_R	100.000	23	0	1.84e-08	46.1
M03520:605:000000000-LVNKY:1:1101:3141:9338;size=77	RH.DDB83AFF97C94C6Z0Z_R	100.000	25	0	1.18e-09	50.1
M03520:605:000000000-LVNKY:1:1101:3141:9338;size=77	RH.DDB83AFF97C94C6Z0Z_F	100.000	24	0	4.65e-09	48.1
M03520:605:000000000-LVNKY:1:1101:23817:18682;size=76	RH.85A5303CAAF54ADZ0Z_R	100.000	22	0	7.27e-08	44.1
M03520:605:000000000-LVNKY:1:1101:23817:18682;size=76	RH.85A5303CAAF54ADZ0Z_F	100.000	21	0	2.87e-07	42.1
M03520:605:000000000-LVNKY:1:1101:5707:15314;size=76	RH.2A8AD21024974C0Z0Z_F	100.000	26	0	2.98e-10	52.0
M03520:605:000000000-LVNKY:1:1101:5707:15314;size=76	RH.2A8AD21024974C0Z0Z_R	100.000	25	0	1.18e-09	50.1
M03520:605:000000000-LVNKY:1:1101:8786:7029;size=76	RH.B9EF730EBE6C436Z0Z_F	100.000	25	0	1.18e-09	50.1
M03520:605:000000000-LVNKY:1:1101:8786:7029;size=76	RH.B9EF730EBE6C436Z0Z_R	100.000	25	0	1.18e-09	50.1
M03520:605:000000000-LVNKY:1:1101:21972:4480;size=75	RH.85A5303CAAF54ADZ0Z_R	100.000	22	0	7.27e-08	44.1
M03520:605:000000000-LVNKY:1:1101:21972:4480;size=75	RH.85A5303CAAF54ADZ0Z_F	100.000	21	0	2.87e-07	42.1
M03520:605:000000000-LVNKY:1:1102:11733:14190;size=75	RH.B9EF730EBE6C436Z0Z_R	100.000	25	0	1.18e-09	50.1
M03520:605:000000000-LVNKY:1:1102:11733:14190;size=75	RH.B9EF730EBE6C436Z0Z_F	100.000	25	0	1.18e-09	50.1
M03520:605:000000000-LVNKY:1:1101:6775:5765;size=74	RH.B9EF730EBE6C436Z0Z_F	100.000	25	0	1.18e-09	50.1
M03520:605:000000000-LVNKY:1:1101:6775:5765;size=74	RH.B9EF730EBE6C436Z0Z_R	100.000	25	0	1.18e-09	50.1
M03520:605:000000000-LVNKY:1:1101:24006:4780;size=73	RH.DDB83AFF97C94C6Z0Z_R	100.000	25	0	1.18e-09	50.1
M03520:605:000000000-LVNKY:1:1101:24006:4780;size=73	RH.DDB83AFF97C94C6Z0Z_F	100.000	22	0	7.27e-08	44.1
M03520:605:000000000-LVNKY:1:1101:25253:5995;size=73	RH.B9EF730EBE6C436Z0Z_R	100.000	25	0	1.18e-09	50.1
M03520:605:000000000-LVNKY:1:1101:25253:5995;size=73	RH.B9EF730EBE6C436Z0Z_F	100.000	25	0	1.18e-09	50.1
M03520:605:000000000-LVNKY:1:1101:13918:5017;size=72	RH.B9EF730EBE6C436Z0Z_R	100.000	25	0	1.18e-09	50.1
M03520:605:000000000-LVNKY:1:1101:13918:5017;size=72	RH.B9EF730EBE6C436Z0Z_F	100.000	25	0	1.18e-09	50.1
M03520:605:000000000-LVNKY:1:1101:18892:2197;size=72	RH.B9EF730EBE6C436Z0Z_R	100.000	25	0	1.18e-09	50.1
M03520:605:000000000-LVNKY:1:1101:18892:2197;size=72	RH.B9EF730EBE6C436Z0Z_F	100.000	25	0	1.18e-09	50.1
M03520:605:000000000-LVNKY:1:1101:3533:11952;size=72	RH.0BD19D1A26A74EBZ0Z_F	100.000	25	0	1.18e-09	50.1
M03520:605:000000000-LVNKY:1:1101:3533:11952;size=72	RH.0BD19D1A26A74EBZ0Z_R	100.000	24	0	4.65e-09	48.1
M03520:605:000000000-LVNKY:1:1107:12447:2181;size=72	RH.B9EF730EBE6C436Z0Z_F	100.000	25	0	1.18e-09	50.1
M03520:605:000000000-LVNKY:1:1107:12447:2181;size=72	RH.B9EF730EBE6C436Z0Z_R	96.000	25	1	2.87e-07	42.1
M03520:605:000000000-LVNKY:1:1101:14558:18412;size=71	RH.B9EF730EBE6C436Z0Z_F	100.000	25	0	1.18e-09	50.1
M03520:605:000000000-LVNKY:1:1101:14558:18412;size=71	RH.B9EF730EBE6C436Z0Z_R	100.000	25	0	1.18e-09	50.1
M03520:605:000000000-LVNKY:1:1101:21608:11759;size=71	RH.CF953F27F5674E1Z0Z_F	100.000	26	0	2.98e-10	52.0
M03520:605:000000000-LVNKY:1:1101:21608:11759;size=71	RH.CF953F27F5674E1Z0Z_R	100.000	25	0	1.18e-09	50.1
M03520:605:000000000-LVNKY:1:1101:7979:16611;size=71	RH.B9EF730EBE6C436Z0Z_R	100.000	25	0	1.18e-09	50.1
M03520:605:000000000-LVNKY:1:1101:7979:16611;size=71	RH.B9EF730EBE6C436Z0Z_F	100.000	23	0	1.84e-08	46.1
M03520:605:000000000-LVNKY:1:1102:5281:14055;size=71	RH.B9EF730EBE6C436Z0Z_F	100.000	25	0	1.18e-09	50.1
M03520:605:000000000-LVNKY:1:1102:5281:14055;size=71	RH.B9EF730EBE6C436Z0Z_R	100.000	25	0	1.18e-09	50.1
M03520:605:000000000-LVNKY:1:1101:15367:9291;size=70	RH.7CE39E25906745AZ0Z_R	100.000	26	0	2.98e-10	52.0
M03520:605:000000000-LVNKY:1:1101:15367:9291;size=70	RH.7CE39E25906745AZ0Z_F	100.000	25	0	1.18e-09	50.1
M03520:605:000000000-LVNKY:1:1101:15806:7696;size=70	RH.69CEA0AC39F4445Z0Z_F	100.000	24	0	4.65e-09	48.1
M03520:605:000000000-LVNKY:1:1101:15806:7696;size=70	RH.69CEA0AC39F4445Z0Z_R	100.000	23	0	1.84e-08	46.1
M03520:605:000000000-LVNKY:1:1101:21158:4343;size=70	RH.B9EF730EBE6C436Z0Z_R	100.000	25	0	1.18e-09	50.1
M03520:605:000000000-LVNKY:1:1101:21158:4343;size=70	RH.B9EF730EBE6C436Z0Z_F	100.000	25	0	1.18e-09	50.1
M03520:605:000000000-LVNKY:1:1101:22092:12985;size=70	RH.1C17A84686A7401Z0Z_F	100.000	24	0	4.65e-09	48.1
M03520:605:000000000-LVNKY:1:1101:18268:3298;size=69	RH.DDB83AFF97C94C6Z0Z_R	100.000	25	0	1.18e-09	50.1
M03520:605:000000000-LVNKY:1:1101:18268:3298;size=69	RH.DDB83AFF97C94C6Z0Z_F	100.000	24	0	4.65e-09	48.1
M03520:605:000000000-LVNKY:1:1101:19487:11918;size=69	RH.0BD19D1A26A74EBZ0Z_F	100.000	25	0	1.18e-09	50.1
M03520:605:000000000-LVNKY:1:1101:19487:11918;size=69	RH.0BD19D1A26A74EBZ0Z_R	100.000	24	0	4.65e-09	48.1
M03520:605:000000000-LVNKY:1:1101:12033:23773;size=68	RH.0BD19D1A26A74EBZ0Z_F	100.000	25	0	1.18e-09	50.1
M03520:605:000000000-LVNKY:1:1101:12033:23773;size=68	RH.0BD19D1A26A74EBZ0Z_R	100.000	24	0	4.65e-09	48.1
M03520:605:000000000-LVNKY:1:1101:12343:7383;size=68	RH.85A5303CAAF54ADZ0Z_R	100.000	22	0	7.27e-08	44.1
M03520:605:000000000-LVNKY:1:1101:12343:7383;size=68	RH.85A5303CAAF54ADZ0Z_F	100.000	21	0	2.87e-07	42.1
M03520:605:000000000-LVNKY:1:1101:17759:13094;size=68	RH.DDB83AFF97C94C6Z0Z_R	100.000	25	0	1.18e-09	50.1
M03520:605:000000000-LVNKY:1:1101:17759:13094;size=68	RH.DDB83AFF97C94C6Z0Z_F	100.000	24	0	4.65e-09	48.1
M03520:605:000000000-LVNKY:1:1101:6320:22548;size=68	RH.0BD19D1A26A74EBZ0Z_F	100.000	25	0	1.18e-09	50.1
M03520:605:000000000-LVNKY:1:1101:6320:22548;size=68	RH.0BD19D1A26A74EBZ0Z_R	100.000	24	0	4.65e-09	48.1
M03520:605:000000000-LVNKY:1:1101:10916:15459;size=67	RH.0BD19D1A26A74EBZ0Z_F	100.000	25	0	1.18e-09	50.1
M03520:605:000000000-LVNKY:1:1101:10916:15459;size=67	RH.0BD19D1A26A74EBZ0Z_R	100.000	24	0	4.65e-09	48.1
M03520:605:000000000-LVNKY:1:1101:17408:4420;size=67	RH.2A8AD21024974C0Z0Z_F	100.000	26	0	2.98e-10	52.0
M03520:605:000000000-LVNKY:1:1101:17408:4420;size=67	RH.2A8AD21024974C0Z0Z_R	100.000	25	0	1.18e-09	50.1
M03520:605:000000000-LVNKY:1:1101:21800:8579;size=67	RH.DDB83AFF97C94C6Z0Z_R	100.000	25	0	1.18e-09	50.1
M03520:605:000000000-LVNKY:1:1101:21800:8579;size=67	RH.DDB83AFF97C94C6Z0Z_F	100.000	24	0	4.65e-09	48.1
M03520:605:000000000-LVNKY:1:1101:23684:9699;size=67	RH.F7E3D42951B44CCZ0Z_R	100.000	22	0	7.27e-08	44.1
M03520:605:000000000-LVNKY:1:1101:23684:9699;size=67	RH.F7E3D42951B44CCZ0Z_F	100.000	22	0	7.27e-08	44.1
M03520:605:000000000-LVNKY:1:1101:9263:8582;size=67	RH.0BD19D1A26A74EBZ0Z_F	100.000	25	0	1.18e-09	50.1
M03520:605:000000000-LVNKY:1:1101:9263:8582;size=67	RH.0BD19D1A26A74EBZ0Z_R	100.000	24	0	4.65e-09	48.1
M03520:605:000000000-LVNKY:1:1101:9519:3975;size=67	RH.B9EF730EBE6C436Z0Z_F	100.000	25	0	1.18e-09	50.1
M03520:605:000000000-LVNKY:1:1101:9519:3975;size=67	RH.B9EF730EBE6C436Z0Z_R	100.000	25	0	1.18e-09	50.1
M03520:605:000000000-LVNKY:1:1102:23177:17097;size=67	RH.63B83F05CDE5404Z0Z_F	100.000	21	0	2.87e-07	42.1
M03520:605:000000000-LVNKY:1:1107:10322:2844;size=67	RH.185D4E36BBF74FEZ0Z_F	100.000	27	0	7.54e-11	54.0
M03520:605:000000000-LVNKY:1:1107:10322:2844;size=67	RH.185D4E36BBF74FEZ0Z_R	96.154	26	1	7.27e-08	44.1
M03520:605:000000000-LVNKY:1:1101:16494:3566;size=66	RH.78B83B8D6A224B1Z0Z_R	100.000	23	0	1.84e-08	46.1
M03520:605:000000000-LVNKY:1:1101:16494:3566;size=66	RH.78B83B8D6A224B1Z0Z_F	100.000	22	0	7.27e-08	44.1
M03520:605:000000000-LVNKY:1:1101:17344:16871;size=66	RH.4D53736870F247FZ0Z_R	100.000	25	0	1.18e-09	50.1
M03520:605:000000000-LVNKY:1:1101:17344:16871;size=66	RH.4D53736870F247FZ0Z_F	100.000	24	0	4.65e-09	48.1
M03520:605:000000000-LVNKY:1:1101:25192:11030;size=66	RH.2A8AD21024974C0Z0Z_F	100.000	26	0	2.98e-10	52.0
M03520:605:000000000-LVNKY:1:1101:3735:19633;size=66	RH.098C2C0732D843BZ0Z_F	100.000	22	0	7.27e-08	44.1
M03520:605:000000000-LVNKY:1:1101:3735:19633;size=66	RH.098C2C0732D843BZ0Z_R	100.000	21	0	2.87e-07	42.1
M03520:605:000000000-LVNKY:1:1101:15561:2588;size=65	RH.B9EF730EBE6C436Z0Z_R	100.000	25	0	1.18e-09	50.1
M03520:605:000000000-LVNKY:1:1101:15561:2588;size=65	RH.B9EF730EBE6C436Z0Z_F	100.000	25	0	1.18e-09	50.1
M03520:605:000000000-LVNKY:1:1101:16244:18271;size=65	RH.DDB83AFF97C94C6Z0Z_R	100.000	25	0	1.18e-09	50.1
M03520:605:000000000-LVNKY:1:1101:16244:18271;size=65	RH.DDB83AFF97C94C6Z0Z_F	100.000	24	0	4.65e-09	48.1
M03520:605:000000000-LVNKY:1:1101:21494:22915;size=65	RH.0BD19D1A26A74EBZ0Z_F	100.000	25	0	1.18e-09	50.1
M03520:605:000000000-LVNKY:1:1101:21494:22915;size=65	RH.0BD19D1A26A74EBZ0Z_R	100.000	24	0	4.65e-09	48.1
M03520:605:000000000-LVNKY:1:1101:19193:6859;size=64	RH.B051A8F7971041FZ0Z_F	100.000	23	0	1.84e-08	46.1
M03520:605:000000000-LVNKY:1:1101:19193:6859;size=64	RH.B051A8F7971041FZ0Z_R	100.000	23	0	1.84e-08	46.1
M03520:605:000000000-LVNKY:1:1101:2043:18294;size=64	RH.B9EF730EBE6C436Z0Z_F	100.000	25	0	1.18e-09	50.1
M03520:605:000000000-LVNKY:1:1101:2043:18294;size=64	RH.B9EF730EBE6C436Z0Z_R	100.000	25	0	1.18e-09	50.1
M03520:605:000000000-LVNKY:1:1101:20885:8987;size=64	RH.DDB83AFF97C94C6Z0Z_R	100.000	25	0	1.18e-09	50.1
M03520:605:000000000-LVNKY:1:1101:20885:8987;size=64	RH.DDB83AFF97C94C6Z0Z_F	100.000	24	0	4.65e-09	48.1
M03520:605:000000000-LVNKY:1:1101:7376:10771;size=64	RH.E4C34C29ADFB490Z0Z_R	100.000	23	0	1.84e-08	46.1
M03520:605:000000000-LVNKY:1:1101:7376:10771;size=64	RH.E4C34C29ADFB490Z0Z_F	100.000	22	0	7.27e-08	44.1
M03520:605:000000000-LVNKY:1:1101:13938:3102;size=63	RH.85A5303CAAF54ADZ0Z_R	100.000	22	0	7.27e-08	44.1
M03520:605:000000000-LVNKY:1:1101:13938:3102;size=63	RH.85A5303CAAF54ADZ0Z_F	100.000	21	0	2.87e-07	42.1
M03520:605:000000000-LVNKY:1:1101:15251:15133;size=63	RH.B9EF730EBE6C436Z0Z_F	100.000	25	0	1.18e-09	50.1
M03520:605:000000000-LVNKY:1:1101:15251:15133;size=63	RH.B9EF730EBE6C436Z0Z_R	100.000	25	0	1.18e-09	50.1
M03520:605:000000000-LVNKY:1:1101:22869:22512;size=63	RH.7CE39E25906745AZ0Z_F	100.000	25	0	1.18e-09	50.1
M03520:605:000000000-LVNKY:1:1101:22869:22512;size=63	RH.7CE39E25906745AZ0Z_R	100.000	23	0	1.84e-08	46.1
M03520:605:000000000-LVNKY:1:1101:27079:11372;size=63	RH.85A5303CAAF54ADZ0Z_R	100.000	22	0	7.27e-08	44.1
M03520:605:000000000-LVNKY:1:1101:27079:11372;size=63	RH.85A5303CAAF54ADZ0Z_F	100.000	21	0	2.87e-07	42.1
M03520:605:000000000-LVNKY:1:1101:28033:19113;size=63	RH.B9EF730EBE6C436Z0Z_R	100.000	25	0	1.18e-09	50.1
M03520:605:000000000-LVNKY:1:1101:28033:19113;size=63	RH.B9EF730EBE6C436Z0Z_F	100.000	25	0	1.18e-09	50.1
M03520:605:000000000-LVNKY:1:1101:2124:15402;size=62	RH.0BD19D1A26A74EBZ0Z_F	100.000	25	0	1.18e-09	50.1
M03520:605:000000000-LVNKY:1:1101:2124:15402;size=62	RH.0BD19D1A26A74EBZ0Z_R	100.000	24	0	4.65e-09	48.1
M03520:605:000000000-LVNKY:1:1101:22756:5308;size=62	RH.DDB83AFF97C94C6Z0Z_R	100.000	25	0	1.18e-09	50.1
M03520:605:000000000-LVNKY:1:1101:22756:5308;size=62	RH.DDB83AFF97C94C6Z0Z_F	100.000	24	0	4.65e-09	48.1
M03520:605:000000000-LVNKY:1:1101:7208:14852;size=62	RH.DDB83AFF97C94C6Z0Z_R	100.000	25	0	1.18e-09	50.1
M03520:605:000000000-LVNKY:1:1101:7208:14852;size=62	RH.DDB83AFF97C94C6Z0Z_F	100.000	24	0	4.65e-09	48.1
M03520:605:000000000-LVNKY:1:1101:9607:27347;size=62	RH.B9EF730EBE6C436Z0Z_F	100.000	25	0	1.18e-09	50.1
M03520:605:000000000-LVNKY:1:1101:9607:27347;size=62	RH.B9EF730EBE6C436Z0Z_R	100.000	25	0	1.18e-09	50.1
M03520:605:000000000-LVNKY:1:1101:5281:7185;size=61	RH.0550AF0F57084ADZ0Z_F	100.000	24	0	4.65e-09	48.1
M03520:605:000000000-LVNKY:1:1101:5281:7185;size=61	RH.0550AF0F57084ADZ0Z_R	100.000	22	0	7.27e-08	44.1
M03520:605:000000000-LVNKY:1:1101:11203:2899;size=60	RH.F6E740D7317D4C3Z0Z_R	100.000	24	0	4.65e-09	48.1
M03520:605:000000000-LVNKY:1:1101:11203:2899;size=60	RH.F6E740D7317D4C3Z0Z_F	100.000	22	0	7.27e-08	44.1
M03520:605:000000000-LVNKY:1:1101:19936:5719;size=60	RH.DDB83AFF97C94C6Z0Z_R	100.000	25	0	1.18e-09	50.1
M03520:605:000000000-LVNKY:1:1101:19936:5719;size=60	RH.DDB83AFF97C94C6Z0Z_F	100.000	24	0	4.65e-09	48.1
M03520:605:000000000-LVNKY:1:1101:3719:11185;size=60	RH.DDB83AFF97C94C6Z0Z_R	100.000	24	0	4.65e-09	48.1
M03520:605:000000000-LVNKY:1:1101:3719:11185;size=60	RH.DDB83AFF97C94C6Z0Z_F	100.000	24	0	4.65e-09	48.1
M03520:605:000000000-LVNKY:1:1101:5474:8710;size=60	RH.B9EF730EBE6C436Z0Z_F	100.000	25	0	1.18e-09	50.1
M03520:605:000000000-LVNKY:1:1101:5474:8710;size=60	RH.B9EF730EBE6C436Z0Z_R	100.000	25	0	1.18e-09	50.1
M03520:605:000000000-LVNKY:1:1101:9260:14641;size=60	RH.85A5303CAAF54ADZ0Z_R	100.000	22	0	7.27e-08	44.1
M03520:605:000000000-LVNKY:1:1101:9260:14641;size=60	RH.85A5303CAAF54ADZ0Z_F	100.000	21	0	2.87e-07	42.1
M03520:605:000000000-LVNKY:1:1101:23029:7156;size=59	RH.B9EF730EBE6C436Z0Z_R	100.000	25	0	1.18e-09	50.1
M03520:605:000000000-LVNKY:1:1101:23029:7156;size=59	RH.B9EF730EBE6C436Z0Z_F	100.000	22	0	7.27e-08	44.1
M03520:605:000000000-LVNKY:1:1101:24931:5633;size=59	RH.0BD19D1A26A74EBZ0Z_F	100.000	25	0	1.18e-09	50.1
M03520:605:000000000-LVNKY:1:1101:24931:5633;size=59	RH.0BD19D1A26A74EBZ0Z_R	100.000	24	0	4.65e-09	48.1
M03520:605:000000000-LVNKY:1:1101:7185:5994;size=59	RH.78B83B8D6A224B1Z0Z_F	100.000	22	0	7.27e-08	44.1
M03520:605:000000000-LVNKY:1:1101:7864:18616;size=59	RH.0BD19D1A26A74EBZ0Z_F	100.000	25	0	1.18e-09	50.1
M03520:605:000000000-LVNKY:1:1101:7864:18616;size=59	RH.0BD19D1A26A74EBZ0Z_R	100.000	24	0	4.65e-09	48.1
M03520:605:000000000-LVNKY:1:1101:9800:11877;size=59	RH.7CE39E25906745AZ0Z_R	100.000	26	0	2.98e-10	52.0
M03520:605:000000000-LVNKY:1:1101:9800:11877;size=59	RH.7CE39E25906745AZ0Z_F	100.000	25	0	1.18e-09	50.1
M03520:605:000000000-LVNKY:1:1103:10840:11662;size=59	RH.2AFFFBA0E81C482Z0Z_R	100.000	23	0	1.84e-08	46.1
M03520:605:000000000-LVNKY:1:1103:10840:11662;size=59	RH.2AFFFBA0E81C482Z0Z_F	100.000	23	0	1.84e-08	46.1
M03520:605:000000000-LVNKY:1:1107:15985:1484;size=59	RH.2091F326F74640CZ0Z_F	100.000	24	0	4.65e-09	48.1
M03520:605:000000000-LVNKY:1:1107:15985:1484;size=59	RH.2091F326F74640CZ0Z_R	100.000	22	0	7.27e-08	44.1
M03520:605:000000000-LVNKY:1:1101:12336:8250;size=58	RH.0BD19D1A26A74EBZ0Z_F	100.000	25	0	1.18e-09	50.1
M03520:605:000000000-LVNKY:1:1101:12336:8250;size=58	RH.0BD19D1A26A74EBZ0Z_R	100.000	24	0	4.65e-09	48.1
M03520:605:000000000-LVNKY:1:1101:20856:13064;size=58	RH.0C6EF86AB29A422Z0Z_R	100.000	23	0	1.84e-08	46.1
M03520:605:000000000-LVNKY:1:1101:20856:13064;size=58	RH.0C6EF86AB29A422Z0Z_F	100.000	23	0	1.84e-08	46.1
M03520:605:000000000-LVNKY:1:1101:2340:18704;size=58	RH.B9EF730EBE6C436Z0Z_F	100.000	25	0	1.18e-09	50.1
M03520:605:000000000-LVNKY:1:1101:2340:18704;size=58	RH.B9EF730EBE6C436Z0Z_R	100.000	25	0	1.18e-09	50.1
M03520:605:000000000-LVNKY:1:1101:10063:25010;size=57	RH.B9EF730EBE6C436Z0Z_R	100.000	25	0	1.18e-09	50.1
M03520:605:000000000-LVNKY:1:1101:10063:25010;size=57	RH.B9EF730EBE6C436Z0Z_F	100.000	25	0	1.18e-09	50.1
M03520:605:000000000-LVNKY:1:1101:11296:5610;size=57	RH.F14C1F934B604A6Z0Z_F	100.000	23	0	1.84e-08	46.1
M03520:605:000000000-LVNKY:1:1101:11296:5610;size=57	RH.F2F19E4203944BDZ0Z_R	100.000	20	0	1.13e-06	40.1
M03520:605:000000000-LVNKY:1:1101:15526:1383;size=57	RH.DDB83AFF97C94C6Z0Z_R	100.000	25	0	1.18e-09	50.1
M03520:605:000000000-LVNKY:1:1101:15526:1383;size=57	RH.DDB83AFF97C94C6Z0Z_F	100.000	24	0	4.65e-09	48.1
M03520:605:000000000-LVNKY:1:1101:24863:16102;size=57	RH.B9EF730EBE6C436Z0Z_F	100.000	25	0	1.18e-09	50.1
M03520:605:000000000-LVNKY:1:1101:24863:16102;size=57	RH.B9EF730EBE6C436Z0Z_R	100.000	25	0	1.18e-09	50.1
M03520:605:000000000-LVNKY:1:1101:25121:9159;size=57	RH.78B83B8D6A224B1Z0Z_R	100.000	23	0	1.84e-08	46.1
M03520:605:000000000-LVNKY:1:1101:25121:9159;size=57	RH.78B83B8D6A224B1Z0Z_F	100.000	22	0	7.27e-08	44.1
M03520:605:000000000-LVNKY:1:1101:25907:15959;size=57	RH.7CE39E25906745AZ0Z_R	100.000	26	0	2.98e-10	52.0
M03520:605:000000000-LVNKY:1:1101:25907:15959;size=57	RH.7CE39E25906745AZ0Z_F	100.000	25	0	1.18e-09	50.1
M03520:605:000000000-LVNKY:1:1101:29329:16184;size=57	RH.0BD19D1A26A74EBZ0Z_F	100.000	25	0	1.18e-09	50.1
M03520:605:000000000-LVNKY:1:1101:29329:16184;size=57	RH.0BD19D1A26A74EBZ0Z_R	100.000	24	0	4.65e-09	48.1
M03520:605:000000000-LVNKY:1:1101:8564:21751;size=57	RH.85A5303CAAF54ADZ0Z_R	100.000	22	0	7.27e-08	44.1
M03520:605:000000000-LVNKY:1:1101:8564:21751;size=57	RH.85A5303CAAF54ADZ0Z_F	100.000	21	0	2.87e-07	42.1
M03520:605:000000000-LVNKY:1:1102:19111:2032;size=57	RH.DDB83AFF97C94C6Z0Z_F	100.000	24	0	4.65e-09	48.1
M03520:605:000000000-LVNKY:1:1102:19111:2032;size=57	RH.DDB83AFF97C94C6Z0Z_R	100.000	23	0	1.84e-08	46.1
M03520:605:000000000-LVNKY:1:1101:19051:2757;size=56	RH.B9EF730EBE6C436Z0Z_R	100.000	25	0	1.18e-09	50.1
M03520:605:000000000-LVNKY:1:1101:19051:2757;size=56	RH.B9EF730EBE6C436Z0Z_F	100.000	25	0	1.18e-09	50.1
M03520:605:000000000-LVNKY:1:1101:22270:13975;size=56	RH.7CE39E25906745AZ0Z_R	100.000	26	0	2.98e-10	52.0
M03520:605:000000000-LVNKY:1:1101:22270:13975;size=56	RH.7CE39E25906745AZ0Z_F	100.000	25	0	1.18e-09	50.1
M03520:605:000000000-LVNKY:1:1102:23953:7331;size=56	RH.1CC74B91718A42FZ0Z_F	100.000	24	0	4.65e-09	48.1
M03520:605:000000000-LVNKY:1:1102:5123:15288;size=56	RH.B9EF730EBE6C436Z0Z_R	100.000	25	0	1.18e-09	50.1
M03520:605:000000000-LVNKY:1:1102:5123:15288;size=56	RH.B9EF730EBE6C436Z0Z_F	100.000	25	0	1.18e-09	50.1
M03520:605:000000000-LVNKY:1:1101:10110:11139;size=55	RH.0550AF0F57084ADZ0Z_F	100.000	24	0	4.65e-09	48.1
M03520:605:000000000-LVNKY:1:1101:10110:11139;size=55	RH.0550AF0F57084ADZ0Z_R	100.000	22	0	7.27e-08	44.1
M03520:605:000000000-LVNKY:1:1101:10622:5814;size=55	RH.DE543226C201437Z0Z_R	100.000	24	0	4.65e-09	48.1
M03520:605:000000000-LVNKY:1:1101:10622:5814;size=55	RH.51338FA06EDB4F0Z0Z_R	95.652	23	1	4.48e-06	38.2
M03520:605:000000000-LVNKY:1:1101:13938:22107;size=55	RH.85A5303CAAF54ADZ0Z_R	100.000	22	0	7.27e-08	44.1
M03520:605:000000000-LVNKY:1:1101:13938:22107;size=55	RH.85A5303CAAF54ADZ0Z_F	100.000	21	0	2.87e-07	42.1
M03520:605:000000000-LVNKY:1:1101:14788:7707;size=55	RH.85A5303CAAF54ADZ0Z_F	100.000	21	0	2.87e-07	42.1
M03520:605:000000000-LVNKY:1:1101:14788:7707;size=55	RH.85A5303CAAF54ADZ0Z_R	100.000	21	0	2.87e-07	42.1
M03520:605:000000000-LVNKY:1:1101:16270:4741;size=55	RH.63B83F05CDE5404Z0Z_R	100.000	22	0	7.27e-08	44.1
M03520:605:000000000-LVNKY:1:1101:16270:4741;size=55	RH.63B83F05CDE5404Z0Z_F	100.000	21	0	2.87e-07	42.1
M03520:605:000000000-LVNKY:1:1101:20383:9405;size=55	RH.DDB83AFF97C94C6Z0Z_R	100.000	25	0	1.18e-09	50.1
M03520:605:000000000-LVNKY:1:1101:20383:9405;size=55	RH.DDB83AFF97C94C6Z0Z_F	100.000	22	0	7.27e-08	44.1
M03520:605:000000000-LVNKY:1:1101:20863:13824;size=55	RH.85A5303CAAF54ADZ0Z_R	100.000	22	0	7.27e-08	44.1
M03520:605:000000000-LVNKY:1:1101:20863:13824;size=55	RH.85A5303CAAF54ADZ0Z_F	100.000	21	0	2.87e-07	42.1
M03520:605:000000000-LVNKY:1:1101:25356:17033;size=55	RH.DDB83AFF97C94C6Z0Z_R	100.000	25	0	1.18e-09	50.1
M03520:605:000000000-LVNKY:1:1101:25356:17033;size=55	RH.DDB83AFF97C94C6Z0Z_F	100.000	24	0	4.65e-09	48.1
M03520:605:000000000-LVNKY:1:1101:26550:8916;size=55	RH.0BD19D1A26A74EBZ0Z_F	100.000	25	0	1.18e-09	50.1
M03520:605:000000000-LVNKY:1:1101:26550:8916;size=55	RH.0BD19D1A26A74EBZ0Z_R	100.000	24	0	4.65e-09	48.1
M03520:605:000000000-LVNKY:1:1101:3841:14656;size=55	RH.DDB83AFF97C94C6Z0Z_R	100.000	25	0	1.18e-09	50.1
M03520:605:000000000-LVNKY:1:1101:3841:14656;size=55	RH.DDB83AFF97C94C6Z0Z_F	100.000	24	0	4.65e-09	48.1
M03520:605:000000000-LVNKY:1:1102:14289:15328;size=55	RH.2A8AD21024974C0Z0Z_F	100.000	26	0	2.98e-10	52.0
M03520:605:000000000-LVNKY:1:1102:14289:15328;size=55	RH.2A8AD21024974C0Z0Z_R	100.000	25	0	1.18e-09	50.1
M03520:605:000000000-LVNKY:1:1102:6061:12636;size=55	RH.85A5303CAAF54ADZ0Z_R	100.000	22	0	7.27e-08	44.1
M03520:605:000000000-LVNKY:1:1102:6061:12636;size=55	RH.85A5303CAAF54ADZ0Z_F	100.000	21	0	2.87e-07	42.1
M03520:605:000000000-LVNKY:1:1101:11979:5740;size=54	RH.B9EF730EBE6C436Z0Z_R	100.000	25	0	1.18e-09	50.1
M03520:605:000000000-LVNKY:1:1101:11979:5740;size=54	RH.B9EF730EBE6C436Z0Z_F	100.000	25	0	1.18e-09	50.1
M03520:605:000000000-LVNKY:1:1101:14378:22651;size=54	RH.B9EF730EBE6C436Z0Z_R	100.000	25	0	1.18e-09	50.1
M03520:605:000000000-LVNKY:1:1101:14378:22651;size=54	RH.B9EF730EBE6C436Z0Z_F	100.000	23	0	1.84e-08	46.1
M03520:605:000000000-LVNKY:1:1101:16827:12615;size=54	RH.51338FA06EDB4F0Z0Z_R	100.000	23	0	1.84e-08	46.1
M03520:605:000000000-LVNKY:1:1101:16827:12615;size=54	RH.51338FA06EDB4F0Z0Z_F	100.000	23	0	1.84e-08	46.1
M03520:605:000000000-LVNKY:1:1101:22643:21568;size=54	RH.27578A9A85FA4A3Z0Z_R	100.000	22	0	7.27e-08	44.1
M03520:605:000000000-LVNKY:1:1101:26515:12952;size=54	RH.0C36971D26FA41BZ0Z_R	100.000	22	0	7.27e-08	44.1
M03520:605:000000000-LVNKY:1:1101:26515:12952;size=54	RH.0C36971D26FA41BZ0Z_F	100.000	22	0	7.27e-08	44.1
M03520:605:000000000-LVNKY:1:1101:28243:10834;size=54	RH.02ED2313668747CZ0Z_R	100.000	25	0	1.18e-09	50.1
M03520:605:000000000-LVNKY:1:1101:28243:10834;size=54	RH.02ED2313668747CZ0Z_F	100.000	24	0	4.65e-09	48.1
M03520:605:000000000-LVNKY:1:1101:12429:1945;size=53	RH.85A5303CAAF54ADZ0Z_R	100.000	22	0	7.27e-08	44.1
M03520:605:000000000-LVNKY:1:1101:12429:1945;size=53	RH.85A5303CAAF54ADZ0Z_F	100.000	21	0	2.87e-07	42.1
M03520:605:000000000-LVNKY:1:1101:13918:4321;size=53	RH.DDB83AFF97C94C6Z0Z_R	100.000	25	0	1.18e-09	50.1
M03520:605:000000000-LVNKY:1:1101:13918:4321;size=53	RH.DDB83AFF97C94C6Z0Z_F	100.000	24	0	4.65e-09	48.1
M03520:605:000000000-LVNKY:1:1101:16591:12355;size=53	RH.0BD19D1A26A74EBZ0Z_R	100.000	24	0	4.65e-09	48.1
M03520:605:000000000-LVNKY:1:1101:16591:12355;size=53	RH.0BD19D1A26A74EBZ0Z_F	100.000	19	0	4.48e-06	38.2
M03520:605:000000000-LVNKY:1:1101:19283:12056;size=53	RH.85A5303CAAF54ADZ0Z_F	100.000	21	0	2.87e-07	42.1
M03520:605:000000000-LVNKY:1:1101:14323:1654;size=52	RH.85A5303CAAF54ADZ0Z_R	100.000	22	0	7.27e-08	44.1
M03520:605:000000000-LVNKY:1:1101:14323:1654;size=52	RH.85A5303CAAF54ADZ0Z_F	100.000	21	0	2.87e-07	42.1
M03520:605:000000000-LVNKY:1:1101:16119:5791;size=52	RH.DDB83AFF97C94C6Z0Z_F	100.000	24	0	4.65e-09	48.1
M03520:605:000000000-LVNKY:1:1101:16119:5791;size=52	RH.6572108A164E48EZ0Z_F	100.000	24	0	4.65e-09	48.1
M03520:605:000000000-LVNKY:1:1101:16354:6993;size=52	RH.B9EF730EBE6C436Z0Z_F	100.000	25	0	1.18e-09	50.1
M03520:605:000000000-LVNKY:1:1101:16354:6993;size=52	RH.B9EF730EBE6C436Z0Z_R	100.000	24	0	4.65e-09	48.1
M03520:605:000000000-LVNKY:1:1101:20188:12178;size=52	RH.7CE39E25906745AZ0Z_R	100.000	26	0	2.98e-10	52.0
M03520:605:000000000-LVNKY:1:1101:20188:12178;size=52	RH.718B57159C244F7Z0Z_F	100.000	19	0	4.48e-06	38.2
M03520:605:000000000-LVNKY:1:1101:20269:21302;size=52	RH.7CE39E25906745AZ0Z_R	100.000	26	0	2.98e-10	52.0
M03520:605:000000000-LVNKY:1:1101:20269:21302;size=52	RH.7CE39E25906745AZ0Z_F	100.000	25	0	1.18e-09	50.1
M03520:605:000000000-LVNKY:1:1101:7914:10766;size=52	RH.85A5303CAAF54ADZ0Z_R	100.000	22	0	7.27e-08	44.1
M03520:605:000000000-LVNKY:1:1101:7914:10766;size=52	RH.85A5303CAAF54ADZ0Z_F	100.000	21	0	2.87e-07	42.1
M03520:605:000000000-LVNKY:1:1102:7178:8851;size=52	RH.0096A141894D447Z0Z_F	100.000	24	0	4.65e-09	48.1
M03520:605:000000000-LVNKY:1:1102:7178:8851;size=52	RH.0096A141894D447Z0Z_R	100.000	20	0	1.13e-06	40.1
M03520:605:000000000-LVNKY:1:1107:17111:1891;size=51	RH.DDB83AFF97C94C6Z0Z_R	100.000	25	0	1.18e-09	50.1
M03520:605:000000000-LVNKY:1:1107:17111:1891;size=51	RH.DDB83AFF97C94C6Z0Z_F	100.000	24	0	4.65e-09	48.1
M03520:605:000000000-LVNKY:1:1101:11274:11181;size=50	RH.B9EF730EBE6C436Z0Z_R	100.000	25	0	1.18e-09	50.1
M03520:605:000000000-LVNKY:1:1101:11274:11181;size=50	RH.B9EF730EBE6C436Z0Z_F	100.000	25	0	1.18e-09	50.1
M03520:605:000000000-LVNKY:1:1101:16378:12403;size=50	RH.2091F326F74640CZ0Z_F	100.000	24	0	4.65e-09	48.1
M03520:605:000000000-LVNKY:1:1101:18502:7829;size=50	RH.DDB83AFF97C94C6Z0Z_R	100.000	25	0	1.18e-09	50.1
M03520:605:000000000-LVNKY:1:1101:18502:7829;size=50	RH.DDB83AFF97C94C6Z0Z_F	100.000	24	0	4.65e-09	48.1
M03520:605:000000000-LVNKY:1:1101:25327:16554;size=50	RH.0BD19D1A26A74EBZ0Z_F	100.000	25	0	1.18e-09	50.1
M03520:605:000000000-LVNKY:1:1101:25327:16554;size=50	RH.0BD19D1A26A74EBZ0Z_R	100.000	24	0	4.65e-09	48.1
M03520:605:000000000-LVNKY:1:1101:6774:7042;size=50	RH.0BD19D1A26A74EBZ0Z_F	100.000	25	0	1.18e-09	50.1
M03520:605:000000000-LVNKY:1:1101:6774:7042;size=50	RH.0BD19D1A26A74EBZ0Z_R	100.000	24	0	4.65e-09	48.1
M03520:605:000000000-LVNKY:1:1101:8599:14992;size=50	RH.B9EF730EBE6C436Z0Z_R	100.000	25	0	1.18e-09	50.1
M03520:605:000000000-LVNKY:1:1101:8599:14992;size=50	RH.B9EF730EBE6C436Z0Z_F	100.000	25	0	1.18e-09	50.1
M03520:605:000000000-LVNKY:1:1102:14726:2939;size=50	RH.2AFFFBA0E81C482Z0Z_R	100.000	23	0	1.84e-08	46.1
M03520:605:000000000-LVNKY:1:1102:14726:2939;size=50	RH.2AFFFBA0E81C482Z0Z_F	100.000	23	0	1.84e-08	46.1
M03520:605:000000000-LVNKY:1:1102:22156:6875;size=50	RH.B9EF730EBE6C436Z0Z_R	100.000	25	0	1.18e-09	50.1
M03520:605:000000000-LVNKY:1:1102:22156:6875;size=50	RH.B9EF730EBE6C436Z0Z_F	100.000	24	0	4.65e-09	48.1
M03520:605:000000000-LVNKY:1:1102:23190:11602;size=50	RH.0BD19D1A26A74EBZ0Z_F	100.000	25	0	1.18e-09	50.1
M03520:605:000000000-LVNKY:1:1102:23190:11602;size=50	RH.0BD19D1A26A74EBZ0Z_R	100.000	22	0	7.27e-08	44.1
M03520:605:000000000-LVNKY:1:1102:6966:6925;size=50	RH.6572108A164E48EZ0Z_R	100.000	25	0	1.18e-09	50.1
M03520:605:000000000-LVNKY:1:1102:6966:6925;size=50	RH.6572108A164E48EZ0Z_F	100.000	24	0	4.65e-09	48.1
M03520:605:000000000-LVNKY:1:1107:20341:2549;size=50	RH.B9EF730EBE6C436Z0Z_F	100.000	25	0	1.18e-09	50.1
M03520:605:000000000-LVNKY:1:1107:20341:2549;size=50	RH.B9EF730EBE6C436Z0Z_R	96.000	25	1	2.87e-07	42.1
M03520:605:000000000-LVNKY:1:1101:12205:8752;size=49	RH.B9EF730EBE6C436Z0Z_F	100.000	25	0	1.18e-09	50.1
M03520:605:000000000-LVNKY:1:1101:12205:8752;size=49	RH.B9EF730EBE6C436Z0Z_R	100.000	25	0	1.18e-09	50.1
M03520:605:000000000-LVNKY:1:1101:13997:8851;size=49	RH.0550AF0F57084ADZ0Z_F	100.000	24	0	4.65e-09	48.1
M03520:605:000000000-LVNKY:1:1101:13997:8851;size=49	RH.0550AF0F57084ADZ0Z_R	100.000	22	0	7.27e-08	44.1
M03520:605:000000000-LVNKY:1:1101:21946:23510;size=49	RH.1CC74B91718A42FZ0Z_R	100.000	25	0	1.18e-09	50.1
M03520:605:000000000-LVNKY:1:1101:21946:23510;size=49	RH.1CC74B91718A42FZ0Z_F	100.000	24	0	4.65e-09	48.1
M03520:605:000000000-LVNKY:1:1101:26953:7131;size=49	RH.DDB83AFF97C94C6Z0Z_R	100.000	25	0	1.18e-09	50.1
M03520:605:000000000-LVNKY:1:1101:26953:7131;size=49	RH.DDB83AFF97C94C6Z0Z_F	100.000	24	0	4.65e-09	48.1
M03520:605:000000000-LVNKY:1:1101:13178:2194;size=48	RH.0BD19D1A26A74EBZ0Z_F	100.000	25	0	1.18e-09	50.1
M03520:605:000000000-LVNKY:1:1101:13178:2194;size=48	RH.0BD19D1A26A74EBZ0Z_R	100.000	24	0	4.65e-09	48.1
M03520:605:000000000-LVNKY:1:1101:13412:15396;size=48	RH.B9EF730EBE6C436Z0Z_R	100.000	25	0	1.18e-09	50.1
M03520:605:000000000-LVNKY:1:1101:13412:15396;size=48	RH.B9EF730EBE6C436Z0Z_F	100.000	25	0	1.18e-09	50.1
M03520:605:000000000-LVNKY:1:1101:17830:4784;size=48	RH.85A5303CAAF54ADZ0Z_R	100.000	22	0	7.27e-08	44.1
M03520:605:000000000-LVNKY:1:1101:17830:4784;size=48	RH.85A5303CAAF54ADZ0Z_F	100.000	21	0	2.87e-07	42.1
M03520:605:000000000-LVNKY:1:1101:19029:4874;size=48	RH.E04EE94198274F7Z0Z_F	100.000	25	0	1.18e-09	50.1
M03520:605:000000000-LVNKY:1:1101:19029:4874;size=48	RH.E04EE94198274F7Z0Z_R	100.000	24	0	4.65e-09	48.1
M03520:605:000000000-LVNKY:1:1101:19814:6861;size=48	RH.0550AF0F57084ADZ0Z_F	100.000	24	0	4.65e-09	48.1
M03520:605:000000000-LVNKY:1:1101:19814:6861;size=48	RH.0550AF0F57084ADZ0Z_R	100.000	22	0	7.27e-08	44.1
M03520:605:000000000-LVNKY:1:1101:22184:5043;size=48	RH.51338FA06EDB4F0Z0Z_F	100.000	25	0	1.18e-09	50.1
M03520:605:000000000-LVNKY:1:1101:22184:5043;size=48	RH.51338FA06EDB4F0Z0Z_R	100.000	25	0	1.18e-09	50.1
M03520:605:000000000-LVNKY:1:1101:22286:16824;size=48	RH.B9EF730EBE6C436Z0Z_R	100.000	25	0	1.18e-09	50.1
M03520:605:000000000-LVNKY:1:1101:22286:16824;size=48	RH.B9EF730EBE6C436Z0Z_F	100.000	25	0	1.18e-09	50.1
M03520:605:000000000-LVNKY:1:1102:29328:12159;size=48	RH.0550AF0F57084ADZ0Z_F	100.000	24	0	4.65e-09	48.1
M03520:605:000000000-LVNKY:1:1102:29328:12159;size=48	RH.0550AF0F57084ADZ0Z_R	100.000	22	0	7.27e-08	44.1
M03520:605:000000000-LVNKY:1:1101:23425:7022;size=47	RH.85A5303CAAF54ADZ0Z_R	100.000	22	0	7.27e-08	44.1
M03520:605:000000000-LVNKY:1:1101:23425:7022;size=47	RH.85A5303CAAF54ADZ0Z_F	100.000	21	0	2.87e-07	42.1
M03520:605:000000000-LVNKY:1:1101:23556:5568;size=47	RH.2091F326F74640CZ0Z_F	100.000	24	0	4.65e-09	48.1
M03520:605:000000000-LVNKY:1:1101:25409:22709;size=47	RH.7CE39E25906745AZ0Z_R	100.000	26	0	2.98e-10	52.0
M03520:605:000000000-LVNKY:1:1101:25409:22709;size=47	RH.7CE39E25906745AZ0Z_F	100.000	25	0	1.18e-09	50.1
M03520:605:000000000-LVNKY:1:1101:26111:13996;size=47	RH.F4E2313A8B92492Z0Z_F	100.000	24	0	4.65e-09	48.1
M03520:605:000000000-LVNKY:1:1101:26111:13996;size=47	RH.F4E2313A8B92492Z0Z_R	100.000	19	0	4.48e-06	38.2
M03520:605:000000000-LVNKY:1:1101:3781:16354;size=47	RH.B9EF730EBE6C436Z0Z_R	100.000	25	0	1.18e-09	50.1
M03520:605:000000000-LVNKY:1:1101:3781:16354;size=47	RH.B9EF730EBE6C436Z0Z_F	96.000	25	1	2.87e-07	42.1
M03520:605:000000000-LVNKY:1:1104:6253:21770;size=47	RH.DDB83AFF97C94C6Z0Z_R	100.000	25	0	1.18e-09	50.1
M03520:605:000000000-LVNKY:1:1101:11278:26599;size=46	RH.DDB83AFF97C94C6Z0Z_R	100.000	25	0	1.18e-09	50.1
M03520:605:000000000-LVNKY:1:1101:11278:26599;size=46	RH.DDB83AFF97C94C6Z0Z_F	95.833	24	1	1.13e-06	40.1
M03520:605:000000000-LVNKY:1:1101:19387:14294;size=46	RH.B9EF730EBE6C436Z0Z_F	100.000	25	0	1.18e-09	50.1
M03520:605:000000000-LVNKY:1:1101:19387:14294;size=46	RH.B9EF730EBE6C436Z0Z_R	100.000	23	0	1.84e-08	46.1
M03520:605:000000000-LVNKY:1:1101:3725:14881;size=46	RH.B9EF730EBE6C436Z0Z_R	100.000	25	0	1.18e-09	50.1
M03520:605:000000000-LVNKY:1:1101:3725:14881;size=46	RH.B9EF730EBE6C436Z0Z_F	96.000	25	1	2.87e-07	42.1
M03520:605:000000000-LVNKY:1:1101:6351:10546;size=46	RH.85A5303CAAF54ADZ0Z_R	100.000	22	0	7.27e-08	44.1
M03520:605:000000000-LVNKY:1:1101:8603:7238;size=46	RH.85A5303CAAF54ADZ0Z_R	100.000	22	0	7.27e-08	44.1
M03520:605:000000000-LVNKY:1:1101:8603:7238;size=46	RH.85A5303CAAF54ADZ0Z_F	100.000	21	0	2.87e-07	42.1
M03520:605:000000000-LVNKY:1:1101:14507:12264;size=45	RH.DDB83AFF97C94C6Z0Z_R	100.000	25	0	1.18e-09	50.1
M03520:605:000000000-LVNKY:1:1101:14507:12264;size=45	RH.DDB83AFF97C94C6Z0Z_F	100.000	24	0	4.65e-09	48.1
M03520:605:000000000-LVNKY:1:1101:14683:4455;size=45	RH.6572108A164E48EZ0Z_F	100.000	24	0	4.65e-09	48.1
M03520:605:000000000-LVNKY:1:1101:14683:4455;size=45	RH.6572108A164E48EZ0Z_R	100.000	21	0	2.87e-07	42.1
M03520:605:000000000-LVNKY:1:1101:15034:6774;size=45	RH.2091F326F74640CZ0Z_F	100.000	24	0	4.65e-09	48.1
M03520:605:000000000-LVNKY:1:1101:15034:6774;size=45	RH.2091F326F74640CZ0Z_R	100.000	19	0	4.48e-06	38.2
M03520:605:000000000-LVNKY:1:1101:15120:1695;size=45	RH.AB2BB1970395481Z0Z_R	100.000	26	0	2.98e-10	52.0
M03520:605:000000000-LVNKY:1:1101:15120:1695;size=45	RH.AB2BB1970395481Z0Z_F	100.000	25	0	1.18e-09	50.1
M03520:605:000000000-LVNKY:1:1101:16758:15851;size=45	RH.8B25A056ABC1444Z0Z_R	100.000	24	0	4.65e-09	48.1
M03520:605:000000000-LVNKY:1:1101:19973:10840;size=45	RH.0550AF0F57084ADZ0Z_F	100.000	24	0	4.65e-09	48.1
M03520:605:000000000-LVNKY:1:1101:19973:10840;size=45	RH.0550AF0F57084ADZ0Z_R	100.000	22	0	7.27e-08	44.1
M03520:605:000000000-LVNKY:1:1101:23118:10374;size=45	RH.0550AF0F57084ADZ0Z_F	100.000	24	0	4.65e-09	48.1
M03520:605:000000000-LVNKY:1:1101:23118:10374;size=45	RH.0550AF0F57084ADZ0Z_R	100.000	22	0	7.27e-08	44.1
M03520:605:000000000-LVNKY:1:1102:18901:28405;size=45	RH.85A5303CAAF54ADZ0Z_R	100.000	22	0	7.27e-08	44.1
M03520:605:000000000-LVNKY:1:1102:18901:28405;size=45	RH.85A5303CAAF54ADZ0Z_F	100.000	21	0	2.87e-07	42.1
M03520:605:000000000-LVNKY:1:1102:24612:15050;size=45	RH.69CEA0AC39F4445Z0Z_F	100.000	24	0	4.65e-09	48.1
M03520:605:000000000-LVNKY:1:1102:24612:15050;size=45	RH.D7C024A696B6476Z0Z_R	100.000	22	0	7.27e-08	44.1
M03520:605:000000000-LVNKY:1:1107:12728:2066;size=45	RH.CF953F27F5674E1Z0Z_F	100.000	26	0	2.98e-10	52.0
M03520:605:000000000-LVNKY:1:1107:12728:2066;size=45	RH.CF953F27F5674E1Z0Z_R	100.000	25	0	1.18e-09	50.1
M03520:605:000000000-LVNKY:1:1101:10794:12121;size=44	RH.7CE39E25906745AZ0Z_R	100.000	26	0	2.98e-10	52.0
M03520:605:000000000-LVNKY:1:1101:10794:12121;size=44	RH.7CE39E25906745AZ0Z_F	100.000	25	0	1.18e-09	50.1
M03520:605:000000000-LVNKY:1:1101:11408:15310;size=44	RH.7CE39E25906745AZ0Z_R	100.000	26	0	2.98e-10	52.0
M03520:605:000000000-LVNKY:1:1101:11408:15310;size=44	RH.7CE39E25906745AZ0Z_F	100.000	25	0	1.18e-09	50.1
M03520:605:000000000-LVNKY:1:1101:2190:15415;size=44	RH.0096A141894D447Z0Z_F	100.000	24	0	4.65e-09	48.1
M03520:605:000000000-LVNKY:1:1101:25892:10725;size=44	RH.DDB83AFF97C94C6Z0Z_R	100.000	25	0	1.18e-09	50.1
M03520:605:000000000-LVNKY:1:1101:25892:10725;size=44	RH.DDB83AFF97C94C6Z0Z_F	100.000	24	0	4.65e-09	48.1
M03520:605:000000000-LVNKY:1:1101:28120:10777;size=44	RH.DDB83AFF97C94C6Z0Z_R	100.000	25	0	1.18e-09	50.1
M03520:605:000000000-LVNKY:1:1101:28120:10777;size=44	RH.DDB83AFF97C94C6Z0Z_F	100.000	24	0	4.65e-09	48.1
M03520:605:000000000-LVNKY:1:1102:15116:11624;size=44	RH.63B83F05CDE5404Z0Z_F	100.000	21	0	2.87e-07	42.1
M03520:605:000000000-LVNKY:1:1101:18179:2873;size=43	RH.85A5303CAAF54ADZ0Z_R	100.000	22	0	7.27e-08	44.1
M03520:605:000000000-LVNKY:1:1101:18854:21193;size=43	RH.0550AF0F57084ADZ0Z_F	100.000	24	0	4.65e-09	48.1
M03520:605:000000000-LVNKY:1:1101:18854:21193;size=43	RH.0550AF0F57084ADZ0Z_R	100.000	22	0	7.27e-08	44.1
M03520:605:000000000-LVNKY:1:1101:21244:11661;size=43	RH.0BD19D1A26A74EBZ0Z_F	100.000	25	0	1.18e-09	50.1
M03520:605:000000000-LVNKY:1:1101:21244:11661;size=43	RH.0BD19D1A26A74EBZ0Z_R	100.000	24	0	4.65e-09	48.1
M03520:605:000000000-LVNKY:1:1101:22244:5504;size=43	RH.0BD19D1A26A74EBZ0Z_F	100.000	25	0	1.18e-09	50.1
M03520:605:000000000-LVNKY:1:1101:22244:5504;size=43	RH.0BD19D1A26A74EBZ0Z_R	100.000	24	0	4.65e-09	48.1
M03520:605:000000000-LVNKY:1:1101:24929:7098;size=43	RH.1CC74B91718A42FZ0Z_R	100.000	25	0	1.18e-09	50.1
M03520:605:000000000-LVNKY:1:1101:24929:7098;size=43	RH.1CC74B91718A42FZ0Z_F	100.000	24	0	4.65e-09	48.1
M03520:605:000000000-LVNKY:1:1101:28418:16482;size=43	RH.7CE39E25906745AZ0Z_R	100.000	26	0	2.98e-10	52.0
M03520:605:000000000-LVNKY:1:1101:28418:16482;size=43	RH.7CE39E25906745AZ0Z_F	100.000	25	0	1.18e-09	50.1
M03520:605:000000000-LVNKY:1:1101:4504:21831;size=43	RH.7CE39E25906745AZ0Z_R	100.000	26	0	2.98e-10	52.0
M03520:605:000000000-LVNKY:1:1101:4504:21831;size=43	RH.7CE39E25906745AZ0Z_F	100.000	25	0	1.18e-09	50.1
M03520:605:000000000-LVNKY:1:1101:6815:12645;size=43	RH.0550AF0F57084ADZ0Z_F	100.000	24	0	4.65e-09	48.1
M03520:605:000000000-LVNKY:1:1101:6815:12645;size=43	RH.0550AF0F57084ADZ0Z_R	100.000	22	0	7.27e-08	44.1
M03520:605:000000000-LVNKY:1:1102:24976:16691;size=43	RH.1CC74B91718A42FZ0Z_R	100.000	25	0	1.18e-09	50.1
M03520:605:000000000-LVNKY:1:1102:24976:16691;size=43	RH.E4C34C29ADFB490Z0Z_F	100.000	21	0	2.87e-07	42.1
M03520:605:000000000-LVNKY:1:1101:10379:7182;size=42	RH.DDB83AFF97C94C6Z0Z_R	100.000	25	0	1.18e-09	50.1
M03520:605:000000000-LVNKY:1:1101:10379:7182;size=42	RH.DDB83AFF97C94C6Z0Z_F	100.000	24	0	4.65e-09	48.1
M03520:605:000000000-LVNKY:1:1101:11326:17229;size=42	RH.7CE39E25906745AZ0Z_R	100.000	26	0	2.98e-10	52.0
M03520:605:000000000-LVNKY:1:1101:11326:17229;size=42	RH.7CE39E25906745AZ0Z_F	100.000	25	0	1.18e-09	50.1
M03520:605:000000000-LVNKY:1:1101:12513:11943;size=42	RH.0180E4AB5822472Z0Z_R	100.000	25	0	1.18e-09	50.1
M03520:605:000000000-LVNKY:1:1101:12513:11943;size=42	RH.0180E4AB5822472Z0Z_F	100.000	23	0	1.84e-08	46.1
M03520:605:000000000-LVNKY:1:1101:22585:16352;size=42	RH.DDB83AFF97C94C6Z0Z_R	100.000	25	0	1.18e-09	50.1
M03520:605:000000000-LVNKY:1:1101:22585:16352;size=42	RH.DDB83AFF97C94C6Z0Z_F	100.000	24	0	4.65e-09	48.1
M03520:605:000000000-LVNKY:1:1101:23818:22547;size=42	RH.0550AF0F57084ADZ0Z_F	100.000	24	0	4.65e-09	48.1
M03520:605:000000000-LVNKY:1:1101:23818:22547;size=42	RH.0550AF0F57084ADZ0Z_R	100.000	22	0	7.27e-08	44.1
M03520:605:000000000-LVNKY:1:1101:24069:4176;size=42	RH.2A8AD21024974C0Z0Z_R	100.000	25	0	1.18e-09	50.1
M03520:605:000000000-LVNKY:1:1101:24069:4176;size=42	RH.0C6EF86AB29A422Z0Z_F	100.000	19	0	4.48e-06	38.2
M03520:605:000000000-LVNKY:1:1103:21226:21911;size=42	RH.7CE39E25906745AZ0Z_R	100.000	26	0	2.98e-10	52.0
M03520:605:000000000-LVNKY:1:1103:21226:21911;size=42	RH.7CE39E25906745AZ0Z_F	100.000	25	0	1.18e-09	50.1
M03520:605:000000000-LVNKY:1:1103:7995:16745;size=42	RH.0BD19D1A26A74EBZ0Z_F	100.000	25	0	1.18e-09	50.1
M03520:605:000000000-LVNKY:1:1103:7995:16745;size=42	RH.0BD19D1A26A74EBZ0Z_R	100.000	24	0	4.65e-09	48.1
M03520:605:000000000-LVNKY:1:1107:13995:2949;size=42	RH.8B25A056ABC1444Z0Z_F	100.000	25	0	1.18e-09	50.1
M03520:605:000000000-LVNKY:1:1107:13995:2949;size=42	RH.8B25A056ABC1444Z0Z_R	95.833	24	1	1.13e-06	40.1
M03520:605:000000000-LVNKY:1:1101:11403:5452;size=41	RH.0550AF0F57084ADZ0Z_F	100.000	24	0	4.65e-09	48.1
M03520:605:000000000-LVNKY:1:1101:11403:5452;size=41	RH.0550AF0F57084ADZ0Z_R	100.000	22	0	7.27e-08	44.1
M03520:605:000000000-LVNKY:1:1101:19515:10165;size=41	RH.0BD19D1A26A74EBZ0Z_F	100.000	25	0	1.18e-09	50.1
M03520:605:000000000-LVNKY:1:1101:19515:10165;size=41	RH.0BD19D1A26A74EBZ0Z_R	100.000	24	0	4.65e-09	48.1
M03520:605:000000000-LVNKY:1:1101:9781:27560;size=41	RH.B9EF730EBE6C436Z0Z_F	100.000	25	0	1.18e-09	50.1
M03520:605:000000000-LVNKY:1:1101:9781:27560;size=41	RH.B9EF730EBE6C436Z0Z_R	100.000	22	0	7.27e-08	44.1
M03520:605:000000000-LVNKY:1:1102:22301:5723;size=41	RH.0550AF0F57084ADZ0Z_F	100.000	24	0	4.65e-09	48.1
M03520:605:000000000-LVNKY:1:1102:22301:5723;size=41	RH.0550AF0F57084ADZ0Z_R	100.000	22	0	7.27e-08	44.1
M03520:605:000000000-LVNKY:1:1101:15122:3251;size=40	RH.0BD19D1A26A74EBZ0Z_F	100.000	25	0	1.18e-09	50.1
M03520:605:000000000-LVNKY:1:1101:15122:3251;size=40	RH.0BD19D1A26A74EBZ0Z_R	100.000	24	0	4.65e-09	48.1
M03520:605:000000000-LVNKY:1:1101:15416:1452;size=40	RH.7CE39E25906745AZ0Z_R	100.000	26	0	2.98e-10	52.0
M03520:605:000000000-LVNKY:1:1101:15416:1452;size=40	RH.7CE39E25906745AZ0Z_F	100.000	25	0	1.18e-09	50.1
M03520:605:000000000-LVNKY:1:1101:15928:10607;size=40	RH.85A5303CAAF54ADZ0Z_R	100.000	22	0	7.27e-08	44.1
M03520:605:000000000-LVNKY:1:1101:15928:10607;size=40	RH.85A5303CAAF54ADZ0Z_F	100.000	21	0	2.87e-07	42.1
M03520:605:000000000-LVNKY:1:1101:26821:12053;size=40	RH.0BD19D1A26A74EBZ0Z_F	100.000	25	0	1.18e-09	50.1
M03520:605:000000000-LVNKY:1:1101:26821:12053;size=40	RH.0BD19D1A26A74EBZ0Z_R	100.000	24	0	4.65e-09	48.1
M03520:605:000000000-LVNKY:1:1101:28396:11964;size=40	RH.85A5303CAAF54ADZ0Z_R	100.000	22	0	7.27e-08	44.1
M03520:605:000000000-LVNKY:1:1101:28396:11964;size=40	RH.85A5303CAAF54ADZ0Z_F	100.000	21	0	2.87e-07	42.1
M03520:605:000000000-LVNKY:1:1101:6612:18026;size=40	RH.DDB83AFF97C94C6Z0Z_R	100.000	25	0	1.18e-09	50.1
M03520:605:000000000-LVNKY:1:1101:6612:18026;size=40	RH.DDB83AFF97C94C6Z0Z_F	100.000	24	0	4.65e-09	48.1
M03520:605:000000000-LVNKY:1:1101:6957:26019;size=40	RH.DDB83AFF97C94C6Z0Z_R	100.000	25	0	1.18e-09	50.1
M03520:605:000000000-LVNKY:1:1101:6957:26019;size=40	RH.DDB83AFF97C94C6Z0Z_F	100.000	24	0	4.65e-09	48.1
M03520:605:000000000-LVNKY:1:1101:10807:8072;size=39	RH.DDB83AFF97C94C6Z0Z_R	100.000	25	0	1.18e-09	50.1
M03520:605:000000000-LVNKY:1:1101:10807:8072;size=39	RH.DDB83AFF97C94C6Z0Z_F	95.833	24	1	1.13e-06	40.1
M03520:605:000000000-LVNKY:1:1101:10923:17460;size=39	RH.85A5303CAAF54ADZ0Z_R	100.000	22	0	7.27e-08	44.1
M03520:605:000000000-LVNKY:1:1101:10923:17460;size=39	RH.85A5303CAAF54ADZ0Z_F	100.000	21	0	2.87e-07	42.1
M03520:605:000000000-LVNKY:1:1101:11871:13864;size=39	RH.B9EF730EBE6C436Z0Z_F	100.000	25	0	1.18e-09	50.1
M03520:605:000000000-LVNKY:1:1101:11871:13864;size=39	RH.B9EF730EBE6C436Z0Z_R	100.000	25	0	1.18e-09	50.1
M03520:605:000000000-LVNKY:1:1101:17009:12271;size=39	RH.0BD19D1A26A74EBZ0Z_F	100.000	25	0	1.18e-09	50.1
M03520:605:000000000-LVNKY:1:1101:17009:12271;size=39	RH.0BD19D1A26A74EBZ0Z_R	95.833	24	1	1.13e-06	40.1
M03520:605:000000000-LVNKY:1:1101:17716:5480;size=39	RH.0BD19D1A26A74EBZ0Z_F	100.000	25	0	1.18e-09	50.1
M03520:605:000000000-LVNKY:1:1101:17716:5480;size=39	RH.0BD19D1A26A74EBZ0Z_R	95.833	24	1	1.13e-06	40.1
M03520:605:000000000-LVNKY:1:1101:19408:18305;size=39	RH.51338FA06EDB4F0Z0Z_R	100.000	25	0	1.18e-09	50.1
M03520:605:000000000-LVNKY:1:1101:19408:18305;size=39	RH.51338FA06EDB4F0Z0Z_F	100.000	25	0	1.18e-09	50.1
M03520:605:000000000-LVNKY:1:1101:22423:15384;size=39	RH.69CEA0AC39F4445Z0Z_R	100.000	23	0	1.84e-08	46.1
M03520:605:000000000-LVNKY:1:1101:25579:11127;size=39	RH.F91D2AE6F36440BZ0Z_F	100.000	23	0	1.84e-08	46.1
M03520:605:000000000-LVNKY:1:1101:25579:11127;size=39	RH.F91D2AE6F36440BZ0Z_R	100.000	22	0	7.27e-08	44.1
M03520:605:000000000-LVNKY:1:1101:26384:7809;size=39	RH.DDB83AFF97C94C6Z0Z_F	100.000	24	0	4.65e-09	48.1
M03520:605:000000000-LVNKY:1:1101:26384:7809;size=39	RH.DDB83AFF97C94C6Z0Z_R	100.000	19	0	4.48e-06	38.2
M03520:605:000000000-LVNKY:1:1101:26384:7809;size=39	RH.256B9DD95E5E4EDZ0Z_R	100.000	19	0	4.48e-06	38.2
M03520:605:000000000-LVNKY:1:1101:3678:11854;size=39	RH.85A5303CAAF54ADZ0Z_R	100.000	22	0	7.27e-08	44.1
M03520:605:000000000-LVNKY:1:1101:3678:11854;size=39	RH.85A5303CAAF54ADZ0Z_F	100.000	21	0	2.87e-07	42.1
M03520:605:000000000-LVNKY:1:1101:6874:19662;size=39	RH.7CE39E25906745AZ0Z_R	100.000	26	0	2.98e-10	52.0
M03520:605:000000000-LVNKY:1:1101:6874:19662;size=39	RH.7CE39E25906745AZ0Z_F	100.000	25	0	1.18e-09	50.1
M03520:605:000000000-LVNKY:1:1101:7027:22528;size=39	RH.DDB83AFF97C94C6Z0Z_R	100.000	25	0	1.18e-09	50.1
M03520:605:000000000-LVNKY:1:1101:7027:22528;size=39	RH.DDB83AFF97C94C6Z0Z_F	100.000	24	0	4.65e-09	48.1
M03520:605:000000000-LVNKY:1:1102:23137:15108;size=39	RH.DDB83AFF97C94C6Z0Z_F	100.000	24	0	4.65e-09	48.1
M03520:605:000000000-LVNKY:1:1102:23137:15108;size=39	RH.DDB83AFF97C94C6Z0Z_R	100.000	23	0	1.84e-08	46.1
M03520:605:000000000-LVNKY:1:1102:5860:24864;size=39	RH.DDB83AFF97C94C6Z0Z_R	100.000	25	0	1.18e-09	50.1
M03520:605:000000000-LVNKY:1:1102:5860:24864;size=39	RH.DDB83AFF97C94C6Z0Z_F	100.000	24	0	4.65e-09	48.1
M03520:605:000000000-LVNKY:1:1103:6099:18639;size=39	RH.B9EF730EBE6C436Z0Z_R	100.000	25	0	1.18e-09	50.1
M03520:605:000000000-LVNKY:1:1103:6099:18639;size=39	RH.B9EF730EBE6C436Z0Z_F	96.000	25	1	2.87e-07	42.1
M03520:605:000000000-LVNKY:1:1103:7891:7222;size=39	RH.69365D9D9A4F4BFZ0Z_F	100.000	23	0	1.84e-08	46.1
M03520:605:000000000-LVNKY:1:1103:7891:7222;size=39	RH.69365D9D9A4F4BFZ0Z_R	100.000	23	0	1.84e-08	46.1
M03520:605:000000000-LVNKY:1:1101:17972:23687;size=38	RH.B9EF730EBE6C436Z0Z_R	100.000	25	0	1.18e-09	50.1
M03520:605:000000000-LVNKY:1:1101:17972:23687;size=38	RH.B9EF730EBE6C436Z0Z_F	100.000	25	0	1.18e-09	50.1
M03520:605:000000000-LVNKY:1:1101:19838:8093;size=38	RH.27578A9A85FA4A3Z0Z_F	100.000	24	0	4.65e-09	48.1
M03520:605:000000000-LVNKY:1:1101:20565:17113;size=38	RH.B9EF730EBE6C436Z0Z_F	100.000	25	0	1.18e-09	50.1
M03520:605:000000000-LVNKY:1:1101:20565:17113;size=38	RH.B9EF730EBE6C436Z0Z_R	100.000	23	0	1.84e-08	46.1
M03520:605:000000000-LVNKY:1:1101:20659:10350;size=38	RH.0550AF0F57084ADZ0Z_F	100.000	24	0	4.65e-09	48.1
M03520:605:000000000-LVNKY:1:1101:20659:10350;size=38	RH.0550AF0F57084ADZ0Z_R	100.000	22	0	7.27e-08	44.1
M03520:605:000000000-LVNKY:1:1101:24466:13124;size=38	RH.0550AF0F57084ADZ0Z_F	100.000	24	0	4.65e-09	48.1
M03520:605:000000000-LVNKY:1:1101:24466:13124;size=38	RH.0550AF0F57084ADZ0Z_R	100.000	22	0	7.27e-08	44.1
M03520:605:000000000-LVNKY:1:1101:4767:20859;size=38	RH.CA1E204B0C0842DZ0Z_F	100.000	26	0	2.98e-10	52.0
M03520:605:000000000-LVNKY:1:1101:4767:20859;size=38	RH.E04EE94198274F7Z0Z_F	100.000	25	0	1.18e-09	50.1
M03520:605:000000000-LVNKY:1:1101:4767:20859;size=38	RH.CA1E204B0C0842DZ0Z_R	100.000	24	0	4.65e-09	48.1
M03520:605:000000000-LVNKY:1:1101:8979:15108;size=38	RH.7CE39E25906745AZ0Z_R	100.000	26	0	2.98e-10	52.0
M03520:605:000000000-LVNKY:1:1101:8979:15108;size=38	RH.7CE39E25906745AZ0Z_F	100.000	25	0	1.18e-09	50.1
M03520:605:000000000-LVNKY:1:1101:9549:12420;size=38	RH.85A5303CAAF54ADZ0Z_R	100.000	22	0	7.27e-08	44.1
M03520:605:000000000-LVNKY:1:1101:9549:12420;size=38	RH.85A5303CAAF54ADZ0Z_F	100.000	21	0	2.87e-07	42.1
M03520:605:000000000-LVNKY:1:1101:9698:14575;size=38	RH.0BD19D1A26A74EBZ0Z_R	100.000	24	0	4.65e-09	48.1
M03520:605:000000000-LVNKY:1:1102:21149:8285;size=38	RH.85A5303CAAF54ADZ0Z_R	100.000	22	0	7.27e-08	44.1
M03520:605:000000000-LVNKY:1:1102:21149:8285;size=38	RH.85A5303CAAF54ADZ0Z_F	100.000	21	0	2.87e-07	42.1
M03520:605:000000000-LVNKY:1:1101:14430:10532;size=37	RH.B9EF730EBE6C436Z0Z_R	100.000	25	0	1.18e-09	50.1
M03520:605:000000000-LVNKY:1:1101:14430:10532;size=37	RH.B9EF730EBE6C436Z0Z_F	100.000	25	0	1.18e-09	50.1
M03520:605:000000000-LVNKY:1:1101:16127:12779;size=37	RH.0550AF0F57084ADZ0Z_F	100.000	24	0	4.65e-09	48.1
M03520:605:000000000-LVNKY:1:1101:16127:12779;size=37	RH.0550AF0F57084ADZ0Z_R	100.000	22	0	7.27e-08	44.1
M03520:605:000000000-LVNKY:1:1101:17634:2886;size=37	RH.0BD19D1A26A74EBZ0Z_F	100.000	25	0	1.18e-09	50.1
M03520:605:000000000-LVNKY:1:1101:17634:2886;size=37	RH.0BD19D1A26A74EBZ0Z_R	100.000	24	0	4.65e-09	48.1
M03520:605:000000000-LVNKY:1:1101:18747:18976;size=37	RH.CF953F27F5674E1Z0Z_F	100.000	26	0	2.98e-10	52.0
M03520:605:000000000-LVNKY:1:1101:18747:18976;size=37	RH.CF953F27F5674E1Z0Z_R	100.000	25	0	1.18e-09	50.1
M03520:605:000000000-LVNKY:1:1101:20698:8481;size=37	RH.0BD19D1A26A74EBZ0Z_F	100.000	25	0	1.18e-09	50.1
M03520:605:000000000-LVNKY:1:1101:20698:8481;size=37	RH.0BD19D1A26A74EBZ0Z_R	100.000	24	0	4.65e-09	48.1
M03520:605:000000000-LVNKY:1:1101:21490:19834;size=37	RH.85A5303CAAF54ADZ0Z_R	100.000	22	0	7.27e-08	44.1
M03520:605:000000000-LVNKY:1:1101:21490:19834;size=37	RH.85A5303CAAF54ADZ0Z_F	100.000	21	0	2.87e-07	42.1
M03520:605:000000000-LVNKY:1:1101:21588:8665;size=37	RH.B9EF730EBE6C436Z0Z_F	100.000	25	0	1.18e-09	50.1
M03520:605:000000000-LVNKY:1:1101:21588:8665;size=37	RH.B9EF730EBE6C436Z0Z_R	100.000	25	0	1.18e-09	50.1
M03520:605:000000000-LVNKY:1:1101:2179:12310;size=37	RH.B9EF730EBE6C436Z0Z_R	100.000	25	0	1.18e-09	50.1
M03520:605:000000000-LVNKY:1:1101:2179:12310;size=37	RH.B9EF730EBE6C436Z0Z_F	100.000	25	0	1.18e-09	50.1
M03520:605:000000000-LVNKY:1:1101:25431:22735;size=37	RH.51338FA06EDB4F0Z0Z_F	100.000	25	0	1.18e-09	50.1
M03520:605:000000000-LVNKY:1:1101:25431:22735;size=37	RH.51338FA06EDB4F0Z0Z_R	100.000	25	0	1.18e-09	50.1
M03520:605:000000000-LVNKY:1:1101:7817:9532;size=37	RH.69CEA0AC39F4445Z0Z_F	100.000	24	0	4.65e-09	48.1
M03520:605:000000000-LVNKY:1:1101:7817:9532;size=37	RH.69CEA0AC39F4445Z0Z_R	100.000	23	0	1.84e-08	46.1
M03520:605:000000000-LVNKY:1:1101:8773:23259;size=37	RH.B9EF730EBE6C436Z0Z_F	100.000	25	0	1.18e-09	50.1
M03520:605:000000000-LVNKY:1:1101:8773:23259;size=37	RH.B9EF730EBE6C436Z0Z_R	100.000	21	0	2.87e-07	42.1
M03520:605:000000000-LVNKY:1:1102:13493:7213;size=37	RH.69CEA0AC39F4445Z0Z_F	100.000	24	0	4.65e-09	48.1
M03520:605:000000000-LVNKY:1:1102:13493:7213;size=37	RH.69CEA0AC39F4445Z0Z_R	100.000	23	0	1.84e-08	46.1
M03520:605:000000000-LVNKY:1:1102:22043:9922;size=37	RH.0550AF0F57084ADZ0Z_F	100.000	24	0	4.65e-09	48.1
M03520:605:000000000-LVNKY:1:1102:22043:9922;size=37	RH.0550AF0F57084ADZ0Z_R	100.000	22	0	7.27e-08	44.1
M03520:605:000000000-LVNKY:1:1102:26012:14701;size=37	RH.0BD19D1A26A74EBZ0Z_F	100.000	25	0	1.18e-09	50.1
M03520:605:000000000-LVNKY:1:1102:26012:14701;size=37	RH.0BD19D1A26A74EBZ0Z_R	100.000	24	0	4.65e-09	48.1
M03520:605:000000000-LVNKY:1:1103:8424:9917;size=37	RH.85A5303CAAF54ADZ0Z_R	100.000	22	0	7.27e-08	44.1
M03520:605:000000000-LVNKY:1:1103:8424:9917;size=37	RH.85A5303CAAF54ADZ0Z_F	100.000	21	0	2.87e-07	42.1
M03520:605:000000000-LVNKY:1:1104:8380:10034;size=37	RH.DE543226C201437Z0Z_R	100.000	20	0	1.13e-06	40.1
M03520:605:000000000-LVNKY:1:1104:8380:10034;size=37	RH.51338FA06EDB4F0Z0Z_R	95.652	23	1	4.48e-06	38.2
M03520:605:000000000-LVNKY:1:1101:12070:11958;size=36	RH.27578A9A85FA4A3Z0Z_R	100.000	22	0	7.27e-08	44.1
M03520:605:000000000-LVNKY:1:1101:12981:20939;size=36	RH.0550AF0F57084ADZ0Z_R	100.000	22	0	7.27e-08	44.1
M03520:605:000000000-LVNKY:1:1101:12981:20939;size=36	RH.0550AF0F57084ADZ0Z_F	100.000	22	0	7.27e-08	44.1
M03520:605:000000000-LVNKY:1:1101:13584:6366;size=36	RH.0BD19D1A26A74EBZ0Z_R	100.000	24	0	4.65e-09	48.1
M03520:605:000000000-LVNKY:1:1101:13584:6366;size=36	RH.0BD19D1A26A74EBZ0Z_F	96.000	25	1	2.87e-07	42.1
M03520:605:000000000-LVNKY:1:1101:14682:21971;size=36	RH.85A5303CAAF54ADZ0Z_F	100.000	21	0	2.87e-07	42.1
M03520:605:000000000-LVNKY:1:1101:17694:18089;size=36	RH.69CEA0AC39F4445Z0Z_F	100.000	24	0	4.65e-09	48.1
M03520:605:000000000-LVNKY:1:1101:17694:18089;size=36	RH.69CEA0AC39F4445Z0Z_R	100.000	23	0	1.84e-08	46.1
M03520:605:000000000-LVNKY:1:1101:17918:20655;size=36	RH.DDB83AFF97C94C6Z0Z_R	100.000	25	0	1.18e-09	50.1
M03520:605:000000000-LVNKY:1:1101:17918:20655;size=36	RH.DDB83AFF97C94C6Z0Z_F	100.000	24	0	4.65e-09	48.1
M03520:605:000000000-LVNKY:1:1101:19616:10128;size=36	RH.1CC74B91718A42FZ0Z_R	100.000	25	0	1.18e-09	50.1
M03520:605:000000000-LVNKY:1:1101:19616:10128;size=36	RH.6E9725B3116643EZ0Z_F	100.000	19	0	4.48e-06	38.2
M03520:605:000000000-LVNKY:1:1101:20886:16153;size=36	RH.DDB83AFF97C94C6Z0Z_R	100.000	25	0	1.18e-09	50.1
M03520:605:000000000-LVNKY:1:1101:20886:16153;size=36	RH.DDB83AFF97C94C6Z0Z_F	95.833	24	1	1.13e-06	40.1
M03520:605:000000000-LVNKY:1:1101:9630:17703;size=36	RH.0BD19D1A26A74EBZ0Z_F	100.000	25	0	1.18e-09	50.1
M03520:605:000000000-LVNKY:1:1101:9630:17703;size=36	RH.0BD19D1A26A74EBZ0Z_R	100.000	24	0	4.65e-09	48.1
M03520:605:000000000-LVNKY:1:1101:9856:6122;size=36	RH.85A5303CAAF54ADZ0Z_R	100.000	22	0	7.27e-08	44.1
M03520:605:000000000-LVNKY:1:1101:9856:6122;size=36	RH.85A5303CAAF54ADZ0Z_F	100.000	21	0	2.87e-07	42.1
M03520:605:000000000-LVNKY:1:1102:11516:11507;size=36	RH.27578A9A85FA4A3Z0Z_F	100.000	24	0	4.65e-09	48.1
M03520:605:000000000-LVNKY:1:1102:11516:11507;size=36	RH.27578A9A85FA4A3Z0Z_R	100.000	22	0	7.27e-08	44.1
M03520:605:000000000-LVNKY:1:1102:12830:13843;size=36	RH.2AFFFBA0E81C482Z0Z_R	100.000	23	0	1.84e-08	46.1
M03520:605:000000000-LVNKY:1:1102:12830:13843;size=36	RH.2AFFFBA0E81C482Z0Z_F	100.000	23	0	1.84e-08	46.1
M03520:605:000000000-LVNKY:1:1102:14080:8801;size=36	RH.B9EF730EBE6C436Z0Z_F	100.000	25	0	1.18e-09	50.1
M03520:605:000000000-LVNKY:1:1102:14080:8801;size=36	RH.B9EF730EBE6C436Z0Z_R	100.000	22	0	7.27e-08	44.1
M03520:605:000000000-LVNKY:1:1102:18081:5143;size=36	RH.DDB83AFF97C94C6Z0Z_R	100.000	25	0	1.18e-09	50.1
M03520:605:000000000-LVNKY:1:1102:18081:5143;size=36	RH.DDB83AFF97C94C6Z0Z_F	100.000	21	0	2.87e-07	42.1
M03520:605:000000000-LVNKY:1:1103:14667:13862;size=36	RH.51338FA06EDB4F0Z0Z_R	95.652	23	1	4.48e-06	38.2
M03520:605:000000000-LVNKY:1:1101:11959:12722;size=35	RH.7CE39E25906745AZ0Z_R	100.000	26	0	2.98e-10	52.0
M03520:605:000000000-LVNKY:1:1101:11959:12722;size=35	RH.7CE39E25906745AZ0Z_F	100.000	25	0	1.18e-09	50.1
M03520:605:000000000-LVNKY:1:1101:12197:11902;size=35	RH.F7E3D42951B44CCZ0Z_R	100.000	22	0	7.27e-08	44.1
M03520:605:000000000-LVNKY:1:1101:12197:11902;size=35	RH.F7E3D42951B44CCZ0Z_F	100.000	21	0	2.87e-07	42.1
M03520:605:000000000-LVNKY:1:1101:14508:6848;size=35	RH.0550AF0F57084ADZ0Z_F	100.000	24	0	4.65e-09	48.1
M03520:605:000000000-LVNKY:1:1101:14508:6848;size=35	RH.0550AF0F57084ADZ0Z_R	100.000	22	0	7.27e-08	44.1
M03520:605:000000000-LVNKY:1:1101:14530:26093;size=35	RH.0550AF0F57084ADZ0Z_F	100.000	24	0	4.65e-09	48.1
M03520:605:000000000-LVNKY:1:1101:14530:26093;size=35	RH.0550AF0F57084ADZ0Z_R	100.000	22	0	7.27e-08	44.1
M03520:605:000000000-LVNKY:1:1101:18222:2665;size=35	RH.B9EF730EBE6C436Z0Z_F	100.000	25	0	1.18e-09	50.1
M03520:605:000000000-LVNKY:1:1101:18222:2665;size=35	RH.B9EF730EBE6C436Z0Z_R	96.000	25	1	2.87e-07	42.1
M03520:605:000000000-LVNKY:1:1101:20460:10259;size=35	RH.0BD19D1A26A74EBZ0Z_R	100.000	24	0	4.65e-09	48.1
M03520:605:000000000-LVNKY:1:1101:20460:10259;size=35	RH.0BD19D1A26A74EBZ0Z_F	96.000	25	1	2.87e-07	42.1
M03520:605:000000000-LVNKY:1:1101:22372:11512;size=35	RH.DDB83AFF97C94C6Z0Z_R	100.000	25	0	1.18e-09	50.1
M03520:605:000000000-LVNKY:1:1101:22372:11512;size=35	RH.DDB83AFF97C94C6Z0Z_F	100.000	24	0	4.65e-09	48.1
M03520:605:000000000-LVNKY:1:1101:22939:15421;size=35	RH.B9EF730EBE6C436Z0Z_R	100.000	25	0	1.18e-09	50.1
M03520:605:000000000-LVNKY:1:1101:22939:15421;size=35	RH.B9EF730EBE6C436Z0Z_F	100.000	25	0	1.18e-09	50.1
M03520:605:000000000-LVNKY:1:1101:28589:17016;size=35	RH.0BD19D1A26A74EBZ0Z_R	100.000	24	0	4.65e-09	48.1
M03520:605:000000000-LVNKY:1:1101:28589:17016;size=35	RH.0BD19D1A26A74EBZ0Z_F	96.000	25	1	2.87e-07	42.1
M03520:605:000000000-LVNKY:1:1101:9192:17405;size=35	RH.0BD19D1A26A74EBZ0Z_R	100.000	24	0	4.65e-09	48.1
M03520:605:000000000-LVNKY:1:1101:9192:17405;size=35	RH.0BD19D1A26A74EBZ0Z_F	100.000	24	0	4.65e-09	48.1
M03520:605:000000000-LVNKY:1:1102:17755:4723;size=35	RH.7CE39E25906745AZ0Z_R	100.000	26	0	2.98e-10	52.0
M03520:605:000000000-LVNKY:1:1102:17755:4723;size=35	RH.7CE39E25906745AZ0Z_F	100.000	25	0	1.18e-09	50.1
M03520:605:000000000-LVNKY:1:1102:22627:5426;size=35	RH.6572108A164E48EZ0Z_R	100.000	25	0	1.18e-09	50.1
M03520:605:000000000-LVNKY:1:1102:22627:5426;size=35	RH.F7E3D42951B44CCZ0Z_F	100.000	21	0	2.87e-07	42.1
M03520:605:000000000-LVNKY:1:1107:19679:5149;size=35	RH.0096A141894D447Z0Z_F	100.000	24	0	4.65e-09	48.1
M03520:605:000000000-LVNKY:1:1101:16937:16273;size=34	RH.DDB83AFF97C94C6Z0Z_R	100.000	25	0	1.18e-09	50.1
M03520:605:000000000-LVNKY:1:1101:16937:16273;size=34	RH.DDB83AFF97C94C6Z0Z_F	100.000	23	0	1.84e-08	46.1
M03520:605:000000000-LVNKY:1:1101:18310:2451;size=34	RH.B9EF730EBE6C436Z0Z_R	100.000	25	0	1.18e-09	50.1
M03520:605:000000000-LVNKY:1:1101:18310:2451;size=34	RH.B9EF730EBE6C436Z0Z_F	96.000	25	1	2.87e-07	42.1
M03520:605:000000000-LVNKY:1:1101:18956:21611;size=34	RH.B9EF730EBE6C436Z0Z_R	100.000	25	0	1.18e-09	50.1
M03520:605:000000000-LVNKY:1:1101:18956:21611;size=34	RH.B9EF730EBE6C436Z0Z_F	100.000	25	0	1.18e-09	50.1
M03520:605:000000000-LVNKY:1:1101:20718:10151;size=34	RH.72B9E3F522264B3Z0Z_F	100.000	22	0	7.27e-08	44.1
M03520:605:000000000-LVNKY:1:1101:21431:11100;size=34	RH.69CEA0AC39F4445Z0Z_R	100.000	23	0	1.84e-08	46.1
M03520:605:000000000-LVNKY:1:1101:21431:11100;size=34	RH.FF3971CC0B8D410Z0Z_F	100.000	22	0	7.27e-08	44.1
M03520:605:000000000-LVNKY:1:1101:21820:4986;size=34	RH.185D4E36BBF74FEZ0Z_F	100.000	27	0	7.54e-11	54.0
M03520:605:000000000-LVNKY:1:1101:21820:4986;size=34	RH.185D4E36BBF74FEZ0Z_R	96.154	26	1	7.27e-08	44.1
M03520:605:000000000-LVNKY:1:1101:23081:5891;size=34	RH.0096A141894D447Z0Z_F	100.000	24	0	4.65e-09	48.1
M03520:605:000000000-LVNKY:1:1101:23081:5891;size=34	RH.0096A141894D447Z0Z_R	100.000	21	0	2.87e-07	42.1
M03520:605:000000000-LVNKY:1:1101:9629:9201;size=34	RH.7CE39E25906745AZ0Z_R	100.000	26	0	2.98e-10	52.0
M03520:605:000000000-LVNKY:1:1101:9629:9201;size=34	RH.7CE39E25906745AZ0Z_F	100.000	25	0	1.18e-09	50.1
M03520:605:000000000-LVNKY:1:1102:13690:14281;size=34	RH.85A5303CAAF54ADZ0Z_R	100.000	22	0	7.27e-08	44.1
M03520:605:000000000-LVNKY:1:1102:13690:14281;size=34	RH.85A5303CAAF54ADZ0Z_F	100.000	21	0	2.87e-07	42.1
M03520:605:000000000-LVNKY:1:1102:16598:6528;size=34	RH.0550AF0F57084ADZ0Z_F	100.000	24	0	4.65e-09	48.1
M03520:605:000000000-LVNKY:1:1102:16598:6528;size=34	RH.0550AF0F57084ADZ0Z_R	100.000	22	0	7.27e-08	44.1
M03520:605:000000000-LVNKY:1:1102:25396:9417;size=34	RH.85A5303CAAF54ADZ0Z_R	100.000	22	0	7.27e-08	44.1
M03520:605:000000000-LVNKY:1:1102:25396:9417;size=34	RH.85A5303CAAF54ADZ0Z_F	100.000	21	0	2.87e-07	42.1
M03520:605:000000000-LVNKY:1:1102:7878:25373;size=34	RH.0550AF0F57084ADZ0Z_F	100.000	24	0	4.65e-09	48.1
M03520:605:000000000-LVNKY:1:1102:7878:25373;size=34	RH.0550AF0F57084ADZ0Z_R	100.000	22	0	7.27e-08	44.1
M03520:605:000000000-LVNKY:1:1103:15558:4638;size=34	RH.0550AF0F57084ADZ0Z_F	100.000	24	0	4.65e-09	48.1
M03520:605:000000000-LVNKY:1:1103:15558:4638;size=34	RH.0550AF0F57084ADZ0Z_R	100.000	22	0	7.27e-08	44.1
M03520:605:000000000-LVNKY:1:1103:16939:24769;size=34	RH.2A8AD21024974C0Z0Z_F	100.000	26	0	2.98e-10	52.0
M03520:605:000000000-LVNKY:1:1103:16939:24769;size=34	RH.2A8AD21024974C0Z0Z_R	100.000	25	0	1.18e-09	50.1
M03520:605:000000000-LVNKY:1:1103:26898:12170;size=34	RH.7CE39E25906745AZ0Z_R	100.000	26	0	2.98e-10	52.0
M03520:605:000000000-LVNKY:1:1103:26898:12170;size=34	RH.7CE39E25906745AZ0Z_F	100.000	25	0	1.18e-09	50.1
M03520:605:000000000-LVNKY:1:1101:10076:3300;size=33	RH.7CE39E25906745AZ0Z_R	100.000	26	0	2.98e-10	52.0
M03520:605:000000000-LVNKY:1:1101:10076:3300;size=33	RH.7CE39E25906745AZ0Z_F	100.000	25	0	1.18e-09	50.1
M03520:605:000000000-LVNKY:1:1101:10440:11758;size=33	RH.6572108A164E48EZ0Z_R	100.000	25	0	1.18e-09	50.1
M03520:605:000000000-LVNKY:1:1101:10440:11758;size=33	RH.6572108A164E48EZ0Z_F	100.000	24	0	4.65e-09	48.1
M03520:605:000000000-LVNKY:1:1101:11017:10443;size=33	RH.DDB83AFF97C94C6Z0Z_R	100.000	25	0	1.18e-09	50.1
M03520:605:000000000-LVNKY:1:1101:11017:10443;size=33	RH.DDB83AFF97C94C6Z0Z_F	95.833	24	1	1.13e-06	40.1
M03520:605:000000000-LVNKY:1:1101:13116:5794;size=33	RH.DE543226C201437Z0Z_R	100.000	20	0	1.13e-06	40.1
M03520:605:000000000-LVNKY:1:1101:13116:5794;size=33	RH.51338FA06EDB4F0Z0Z_R	95.652	23	1	4.48e-06	38.2
M03520:605:000000000-LVNKY:1:1101:13821:9416;size=33	RH.DDB83AFF97C94C6Z0Z_R	100.000	25	0	1.18e-09	50.1
M03520:605:000000000-LVNKY:1:1101:13821:9416;size=33	RH.DDB83AFF97C94C6Z0Z_F	100.000	24	0	4.65e-09	48.1
M03520:605:000000000-LVNKY:1:1101:14197:6324;size=33	RH.69CEA0AC39F4445Z0Z_F	100.000	24	0	4.65e-09	48.1
M03520:605:000000000-LVNKY:1:1101:14197:6324;size=33	RH.69CEA0AC39F4445Z0Z_R	100.000	23	0	1.84e-08	46.1
M03520:605:000000000-LVNKY:1:1101:22138:21260;size=33	RH.DDB83AFF97C94C6Z0Z_R	100.000	25	0	1.18e-09	50.1
M03520:605:000000000-LVNKY:1:1101:24269:7042;size=33	RH.7CE39E25906745AZ0Z_R	100.000	26	0	2.98e-10	52.0
M03520:605:000000000-LVNKY:1:1101:24269:7042;size=33	RH.7CE39E25906745AZ0Z_F	100.000	23	0	1.84e-08	46.1
M03520:605:000000000-LVNKY:1:1101:25369:20091;size=33	RH.DDB83AFF97C94C6Z0Z_R	100.000	25	0	1.18e-09	50.1
M03520:605:000000000-LVNKY:1:1101:25369:20091;size=33	RH.DDB83AFF97C94C6Z0Z_F	100.000	24	0	4.65e-09	48.1
M03520:605:000000000-LVNKY:1:1101:26538:10047;size=33	RH.B9EF730EBE6C436Z0Z_F	100.000	25	0	1.18e-09	50.1
M03520:605:000000000-LVNKY:1:1101:26538:10047;size=33	RH.B9EF730EBE6C436Z0Z_R	100.000	25	0	1.18e-09	50.1
M03520:605:000000000-LVNKY:1:1101:2746:15012;size=33	RH.B9EF730EBE6C436Z0Z_R	100.000	25	0	1.18e-09	50.1
M03520:605:000000000-LVNKY:1:1101:2746:15012;size=33	RH.B9EF730EBE6C436Z0Z_F	100.000	25	0	1.18e-09	50.1
M03520:605:000000000-LVNKY:1:1101:9059:13311;size=33	RH.0550AF0F57084ADZ0Z_F	100.000	24	0	4.65e-09	48.1
M03520:605:000000000-LVNKY:1:1101:9059:13311;size=33	RH.0550AF0F57084ADZ0Z_R	100.000	22	0	7.27e-08	44.1
M03520:605:000000000-LVNKY:1:1102:14734:8990;size=33	RH.7CE39E25906745AZ0Z_R	100.000	26	0	2.98e-10	52.0
M03520:605:000000000-LVNKY:1:1102:14734:8990;size=33	RH.7CE39E25906745AZ0Z_F	100.000	25	0	1.18e-09	50.1
M03520:605:000000000-LVNKY:1:1102:20944:5271;size=33	RH.85A5303CAAF54ADZ0Z_R	100.000	22	0	7.27e-08	44.1
M03520:605:000000000-LVNKY:1:1102:20944:5271;size=33	RH.85A5303CAAF54ADZ0Z_F	100.000	21	0	2.87e-07	42.1
M03520:605:000000000-LVNKY:1:1102:29022:15192;size=33	RH.0BD19D1A26A74EBZ0Z_R	100.000	24	0	4.65e-09	48.1
M03520:605:000000000-LVNKY:1:1102:29022:15192;size=33	RH.0BD19D1A26A74EBZ0Z_F	96.000	25	1	2.87e-07	42.1
M03520:605:000000000-LVNKY:1:1102:5547:13022;size=33	RH.0BD19D1A26A74EBZ0Z_R	100.000	24	0	4.65e-09	48.1
M03520:605:000000000-LVNKY:1:1102:5547:13022;size=33	RH.0BD19D1A26A74EBZ0Z_F	96.000	25	1	2.87e-07	42.1
M03520:605:000000000-LVNKY:1:1103:15519:23061;size=33	RH.DDB83AFF97C94C6Z0Z_F	100.000	24	0	4.65e-09	48.1
M03520:605:000000000-LVNKY:1:1103:15519:23061;size=33	RH.DDB83AFF97C94C6Z0Z_R	96.000	25	1	2.87e-07	42.1
M03520:605:000000000-LVNKY:1:1104:7212:5925;size=33	RH.51338FA06EDB4F0Z0Z_R	100.000	25	0	1.18e-09	50.1
M03520:605:000000000-LVNKY:1:1104:7212:5925;size=33	RH.51338FA06EDB4F0Z0Z_F	100.000	25	0	1.18e-09	50.1
M03520:605:000000000-LVNKY:1:1104:8997:3449;size=33	RH.0550AF0F57084ADZ0Z_F	100.000	24	0	4.65e-09	48.1
M03520:605:000000000-LVNKY:1:1104:8997:3449;size=33	RH.0550AF0F57084ADZ0Z_R	100.000	22	0	7.27e-08	44.1
M03520:605:000000000-LVNKY:1:1105:15192:4525;size=33	RH.B9EF730EBE6C436Z0Z_R	100.000	25	0	1.18e-09	50.1
M03520:605:000000000-LVNKY:1:1105:15192:4525;size=33	RH.B9EF730EBE6C436Z0Z_F	100.000	25	0	1.18e-09	50.1
M03520:605:000000000-LVNKY:1:1101:12603:2283;size=32	RH.0BD19D1A26A74EBZ0Z_F	100.000	25	0	1.18e-09	50.1
M03520:605:000000000-LVNKY:1:1101:12603:2283;size=32	RH.0BD19D1A26A74EBZ0Z_R	100.000	24	0	4.65e-09	48.1
M03520:605:000000000-LVNKY:1:1101:17842:5549;size=32	RH.B9EF730EBE6C436Z0Z_R	100.000	25	0	1.18e-09	50.1
M03520:605:000000000-LVNKY:1:1101:17842:5549;size=32	RH.B9EF730EBE6C436Z0Z_F	100.000	25	0	1.18e-09	50.1
M03520:605:000000000-LVNKY:1:1101:18520:10405;size=32	RH.549A83596AF84C8Z0Z_R	100.000	21	0	2.87e-07	42.1
M03520:605:000000000-LVNKY:1:1101:18520:10405;size=32	RH.67ADC9DA0CC4464Z0Z_F	100.000	21	0	2.87e-07	42.1
M03520:605:000000000-LVNKY:1:1101:19401:17316;size=32	RH.2A8AD21024974C0Z0Z_F	100.000	26	0	2.98e-10	52.0
M03520:605:000000000-LVNKY:1:1101:19401:17316;size=32	RH.2A8AD21024974C0Z0Z_R	100.000	25	0	1.18e-09	50.1
M03520:605:000000000-LVNKY:1:1101:27176:20856;size=32	RH.B9EF730EBE6C436Z0Z_F	100.000	25	0	1.18e-09	50.1
M03520:605:000000000-LVNKY:1:1101:27176:20856;size=32	RH.B9EF730EBE6C436Z0Z_R	96.000	25	1	2.87e-07	42.1
M03520:605:000000000-LVNKY:1:1101:27219:10811;size=32	RH.B9EF730EBE6C436Z0Z_R	100.000	25	0	1.18e-09	50.1
M03520:605:000000000-LVNKY:1:1101:27219:10811;size=32	RH.B9EF730EBE6C436Z0Z_F	100.000	24	0	4.65e-09	48.1
M03520:605:000000000-LVNKY:1:1101:27502:10289;size=32	RH.85A5303CAAF54ADZ0Z_R	100.000	22	0	7.27e-08	44.1
M03520:605:000000000-LVNKY:1:1101:27502:10289;size=32	RH.85A5303CAAF54ADZ0Z_F	100.000	21	0	2.87e-07	42.1
M03520:605:000000000-LVNKY:1:1101:27689:15816;size=32	RH.275C7CB29BEF47CZ0Z_F	100.000	23	0	1.84e-08	46.1
M03520:605:000000000-LVNKY:1:1101:27689:15816;size=32	RH.275C7CB29BEF47CZ0Z_R	100.000	22	0	7.27e-08	44.1
M03520:605:000000000-LVNKY:1:1101:27945:16268;size=32	RH.85A5303CAAF54ADZ0Z_F	100.000	21	0	2.87e-07	42.1
M03520:605:000000000-LVNKY:1:1101:6806:5077;size=32	RH.0BD19D1A26A74EBZ0Z_F	100.000	25	0	1.18e-09	50.1
M03520:605:000000000-LVNKY:1:1101:6806:5077;size=32	RH.0BD19D1A26A74EBZ0Z_R	100.000	24	0	4.65e-09	48.1
M03520:605:000000000-LVNKY:1:1101:7076:6143;size=32	RH.85A5303CAAF54ADZ0Z_R	100.000	22	0	7.27e-08	44.1
M03520:605:000000000-LVNKY:1:1101:8451:24759;size=32	RH.0550AF0F57084ADZ0Z_F	100.000	24	0	4.65e-09	48.1
M03520:605:000000000-LVNKY:1:1102:18412:11315;size=32	RH.51338FA06EDB4F0Z0Z_R	100.000	25	0	1.18e-09	50.1
M03520:605:000000000-LVNKY:1:1102:18412:11315;size=32	RH.51338FA06EDB4F0Z0Z_F	100.000	25	0	1.18e-09	50.1
M03520:605:000000000-LVNKY:1:1103:11103:3750;size=32	RH.7CE39E25906745AZ0Z_R	100.000	26	0	2.98e-10	52.0
M03520:605:000000000-LVNKY:1:1103:11103:3750;size=32	RH.7CE39E25906745AZ0Z_F	100.000	25	0	1.18e-09	50.1
M03520:605:000000000-LVNKY:1:1107:16028:3280;size=32	RH.51338FA06EDB4F0Z0Z_R	95.652	23	1	4.48e-06	38.2
M03520:605:000000000-LVNKY:1:1101:11917:5336;size=31	RH.85A5303CAAF54ADZ0Z_F	100.000	21	0	2.87e-07	42.1
M03520:605:000000000-LVNKY:1:1101:11917:5336;size=31	RH.85A5303CAAF54ADZ0Z_R	100.000	20	0	1.13e-06	40.1
M03520:605:000000000-LVNKY:1:1101:12059:4608;size=31	RH.B9EF730EBE6C436Z0Z_R	100.000	25	0	1.18e-09	50.1
M03520:605:000000000-LVNKY:1:1101:12059:4608;size=31	RH.B9EF730EBE6C436Z0Z_F	96.000	25	1	2.87e-07	42.1
M03520:605:000000000-LVNKY:1:1101:12514:11052;size=31	RH.0BD19D1A26A74EBZ0Z_R	100.000	24	0	4.65e-09	48.1
M03520:605:000000000-LVNKY:1:1101:12514:11052;size=31	RH.0BD19D1A26A74EBZ0Z_F	96.000	25	1	2.87e-07	42.1
M03520:605:000000000-LVNKY:1:1101:12669:17302;size=31	RH.DDB83AFF97C94C6Z0Z_R	100.000	25	0	1.18e-09	50.1
M03520:605:000000000-LVNKY:1:1101:12669:17302;size=31	RH.DDB83AFF97C94C6Z0Z_F	100.000	24	0	4.65e-09	48.1
M03520:605:000000000-LVNKY:1:1101:13299:9310;size=31	RH.695584470B0A40FZ0Z_F	100.000	25	0	1.18e-09	50.1
M03520:605:000000000-LVNKY:1:1101:13479:3743;size=31	RH.85A5303CAAF54ADZ0Z_R	100.000	22	0	7.27e-08	44.1
M03520:605:000000000-LVNKY:1:1101:14263:14618;size=31	RH.B9EF730EBE6C436Z0Z_R	100.000	25	0	1.18e-09	50.1
M03520:605:000000000-LVNKY:1:1101:14263:14618;size=31	RH.B9EF730EBE6C436Z0Z_F	100.000	25	0	1.18e-09	50.1
M03520:605:000000000-LVNKY:1:1101:16638:9940;size=31	RH.0550AF0F57084ADZ0Z_F	100.000	24	0	4.65e-09	48.1
M03520:605:000000000-LVNKY:1:1101:16638:9940;size=31	RH.0550AF0F57084ADZ0Z_R	100.000	22	0	7.27e-08	44.1
M03520:605:000000000-LVNKY:1:1101:19858:26566;size=31	RH.27578A9A85FA4A3Z0Z_F	100.000	24	0	4.65e-09	48.1
M03520:605:000000000-LVNKY:1:1101:21437:19471;size=31	RH.85A5303CAAF54ADZ0Z_R	100.000	22	0	7.27e-08	44.1
M03520:605:000000000-LVNKY:1:1101:21437:19471;size=31	RH.85A5303CAAF54ADZ0Z_F	100.000	21	0	2.87e-07	42.1
M03520:605:000000000-LVNKY:1:1101:27540:12752;size=31	RH.B9EF730EBE6C436Z0Z_R	100.000	25	0	1.18e-09	50.1
M03520:605:000000000-LVNKY:1:1101:27540:12752;size=31	RH.B9EF730EBE6C436Z0Z_F	100.000	25	0	1.18e-09	50.1
M03520:605:000000000-LVNKY:1:1101:28509:15802;size=31	RH.DDB83AFF97C94C6Z0Z_R	100.000	25	0	1.18e-09	50.1
M03520:605:000000000-LVNKY:1:1101:28509:15802;size=31	RH.DDB83AFF97C94C6Z0Z_F	95.833	24	1	1.13e-06	40.1
M03520:605:000000000-LVNKY:1:1101:3273:11452;size=31	RH.7CE39E25906745AZ0Z_R	100.000	26	0	2.98e-10	52.0
M03520:605:000000000-LVNKY:1:1101:3273:11452;size=31	RH.7CE39E25906745AZ0Z_F	100.000	25	0	1.18e-09	50.1
M03520:605:000000000-LVNKY:1:1101:6811:9082;size=31	RH.DDB83AFF97C94C6Z0Z_F	100.000	24	0	4.65e-09	48.1
M03520:605:000000000-LVNKY:1:1101:6811:9082;size=31	RH.DDB83AFF97C94C6Z0Z_R	96.000	25	1	2.87e-07	42.1
M03520:605:000000000-LVNKY:1:1101:7507:6795;size=31	RH.B9EF730EBE6C436Z0Z_F	100.000	25	0	1.18e-09	50.1
M03520:605:000000000-LVNKY:1:1101:7507:6795;size=31	RH.B9EF730EBE6C436Z0Z_R	96.000	25	1	2.87e-07	42.1
M03520:605:000000000-LVNKY:1:1101:9244:14452;size=31	RH.0096A141894D447Z0Z_F	100.000	24	0	4.65e-09	48.1
M03520:605:000000000-LVNKY:1:1101:9244:14452;size=31	RH.0096A141894D447Z0Z_R	100.000	21	0	2.87e-07	42.1
M03520:605:000000000-LVNKY:1:1102:10914:8344;size=31	RH.7CE39E25906745AZ0Z_R	100.000	26	0	2.98e-10	52.0
M03520:605:000000000-LVNKY:1:1102:10914:8344;size=31	RH.7CE39E25906745AZ0Z_F	100.000	25	0	1.18e-09	50.1
M03520:605:000000000-LVNKY:1:1102:16696:24325;size=31	RH.1CC74B91718A42FZ0Z_R	100.000	25	0	1.18e-09	50.1
M03520:605:000000000-LVNKY:1:1102:16696:24325;size=31	RH.1CC74B91718A42FZ0Z_F	100.000	24	0	4.65e-09	48.1
M03520:605:000000000-LVNKY:1:1102:17129:4013;size=31	RH.0BD19D1A26A74EBZ0Z_F	100.000	25	0	1.18e-09	50.1
M03520:605:000000000-LVNKY:1:1102:17129:4013;size=31	RH.0BD19D1A26A74EBZ0Z_R	100.000	24	0	4.65e-09	48.1
M03520:605:000000000-LVNKY:1:1102:19324:11947;size=31	RH.51338FA06EDB4F0Z0Z_R	100.000	25	0	1.18e-09	50.1
M03520:605:000000000-LVNKY:1:1102:19324:11947;size=31	RH.51338FA06EDB4F0Z0Z_F	100.000	23	0	1.84e-08	46.1
M03520:605:000000000-LVNKY:1:1102:20296:6696;size=31	RH.59838CF1FB684F6Z0Z_R	100.000	21	0	2.87e-07	42.1
M03520:605:000000000-LVNKY:1:1102:21916:4686;size=31	RH.7CE39E25906745AZ0Z_R	100.000	26	0	2.98e-10	52.0
M03520:605:000000000-LVNKY:1:1102:21916:4686;size=31	RH.7CE39E25906745AZ0Z_F	100.000	25	0	1.18e-09	50.1
M03520:605:000000000-LVNKY:1:1102:6310:12897;size=31	RH.85A5303CAAF54ADZ0Z_R	100.000	22	0	7.27e-08	44.1
M03520:605:000000000-LVNKY:1:1102:6310:12897;size=31	RH.85A5303CAAF54ADZ0Z_F	100.000	21	0	2.87e-07	42.1
M03520:605:000000000-LVNKY:1:1102:9730:15070;size=31	RH.2AFFFBA0E81C482Z0Z_F	100.000	23	0	1.84e-08	46.1
M03520:605:000000000-LVNKY:1:1102:9730:15070;size=31	RH.2AFFFBA0E81C482Z0Z_R	100.000	22	0	7.27e-08	44.1
M03520:605:000000000-LVNKY:1:1103:3176:10316;size=31	RH.CA1E204B0C0842DZ0Z_F	100.000	26	0	2.98e-10	52.0
M03520:605:000000000-LVNKY:1:1103:3176:10316;size=31	RH.CA1E204B0C0842DZ0Z_R	100.000	24	0	4.65e-09	48.1
M03520:605:000000000-LVNKY:1:1104:20255:8751;size=31	RH.0BD19D1A26A74EBZ0Z_F	100.000	25	0	1.18e-09	50.1
M03520:605:000000000-LVNKY:1:1104:20255:8751;size=31	RH.0BD19D1A26A74EBZ0Z_R	100.000	22	0	7.27e-08	44.1
M03520:605:000000000-LVNKY:1:1107:11217:4546;size=31	RH.0096A141894D447Z0Z_F	100.000	24	0	4.65e-09	48.1
M03520:605:000000000-LVNKY:1:1101:10969:16097;size=30	RH.2AFFFBA0E81C482Z0Z_R	100.000	23	0	1.84e-08	46.1
M03520:605:000000000-LVNKY:1:1101:10969:16097;size=30	RH.2AFFFBA0E81C482Z0Z_F	100.000	23	0	1.84e-08	46.1
M03520:605:000000000-LVNKY:1:1101:12186:7590;size=30	RH.2AFFFBA0E81C482Z0Z_R	100.000	23	0	1.84e-08	46.1
M03520:605:000000000-LVNKY:1:1101:12186:7590;size=30	RH.2AFFFBA0E81C482Z0Z_F	100.000	23	0	1.84e-08	46.1
M03520:605:000000000-LVNKY:1:1101:14208:10230;size=30	RH.2A8AD21024974C0Z0Z_F	100.000	26	0	2.98e-10	52.0
M03520:605:000000000-LVNKY:1:1101:14208:10230;size=30	RH.2A8AD21024974C0Z0Z_R	100.000	25	0	1.18e-09	50.1
M03520:605:000000000-LVNKY:1:1101:16095:19912;size=30	RH.907BE43FC49F4D0Z0Z_R	100.000	22	0	7.27e-08	44.1
M03520:605:000000000-LVNKY:1:1101:16095:19912;size=30	RH.907BE43FC49F4D0Z0Z_F	100.000	21	0	2.87e-07	42.1
M03520:605:000000000-LVNKY:1:1101:16450:24955;size=30	RH.B9EF730EBE6C436Z0Z_F	100.000	25	0	1.18e-09	50.1
M03520:605:000000000-LVNKY:1:1101:16450:24955;size=30	RH.B9EF730EBE6C436Z0Z_R	96.000	25	1	2.87e-07	42.1
M03520:605:000000000-LVNKY:1:1101:17258:4825;size=30	RH.C5286B9DCF0844BZ0Z_F	100.000	24	0	4.65e-09	48.1
M03520:605:000000000-LVNKY:1:1101:17258:4825;size=30	RH.C5286B9DCF0844BZ0Z_R	100.000	23	0	1.84e-08	46.1
M03520:605:000000000-LVNKY:1:1101:19327:6338;size=30	RH.DDB83AFF97C94C6Z0Z_R	100.000	25	0	1.18e-09	50.1
M03520:605:000000000-LVNKY:1:1101:19327:6338;size=30	RH.DDB83AFF97C94C6Z0Z_F	100.000	24	0	4.65e-09	48.1
M03520:605:000000000-LVNKY:1:1101:21516:11455;size=30	RH.51338FA06EDB4F0Z0Z_F	100.000	25	0	1.18e-09	50.1
M03520:605:000000000-LVNKY:1:1101:21516:11455;size=30	RH.51338FA06EDB4F0Z0Z_R	100.000	25	0	1.18e-09	50.1
M03520:605:000000000-LVNKY:1:1101:22888:4777;size=30	RH.2AFFFBA0E81C482Z0Z_R	100.000	23	0	1.84e-08	46.1
M03520:605:000000000-LVNKY:1:1101:22888:4777;size=30	RH.2AFFFBA0E81C482Z0Z_F	100.000	23	0	1.84e-08	46.1
M03520:605:000000000-LVNKY:1:1101:23011:11219;size=30	RH.0BD19D1A26A74EBZ0Z_F	100.000	25	0	1.18e-09	50.1
M03520:605:000000000-LVNKY:1:1101:23011:11219;size=30	RH.0BD19D1A26A74EBZ0Z_R	100.000	24	0	4.65e-09	48.1
M03520:605:000000000-LVNKY:1:1101:23566:7584;size=30	RH.0BD19D1A26A74EBZ0Z_F	100.000	25	0	1.18e-09	50.1
M03520:605:000000000-LVNKY:1:1101:23566:7584;size=30	RH.0BD19D1A26A74EBZ0Z_R	100.000	24	0	4.65e-09	48.1
M03520:605:000000000-LVNKY:1:1101:28200:16086;size=30	RH.0550AF0F57084ADZ0Z_F	100.000	24	0	4.65e-09	48.1
M03520:605:000000000-LVNKY:1:1101:28200:16086;size=30	RH.0550AF0F57084ADZ0Z_R	100.000	22	0	7.27e-08	44.1
M03520:605:000000000-LVNKY:1:1101:8399:19882;size=30	RH.0096A141894D447Z0Z_F	100.000	24	0	4.65e-09	48.1
M03520:605:000000000-LVNKY:1:1101:8399:19882;size=30	RH.0096A141894D447Z0Z_R	100.000	21	0	2.87e-07	42.1
M03520:605:000000000-LVNKY:1:1101:9535:11772;size=30	RH.7CE39E25906745AZ0Z_R	100.000	26	0	2.98e-10	52.0
M03520:605:000000000-LVNKY:1:1101:9535:11772;size=30	RH.7CE39E25906745AZ0Z_F	100.000	25	0	1.18e-09	50.1
M03520:605:000000000-LVNKY:1:1101:9571:25225;size=30	RH.B9EF730EBE6C436Z0Z_R	100.000	25	0	1.18e-09	50.1
M03520:605:000000000-LVNKY:1:1101:9571:25225;size=30	RH.B9EF730EBE6C436Z0Z_F	96.000	25	1	2.87e-07	42.1
M03520:605:000000000-LVNKY:1:1102:10422:12484;size=30	RH.85A5303CAAF54ADZ0Z_R	100.000	22	0	7.27e-08	44.1
M03520:605:000000000-LVNKY:1:1102:25266:14838;size=30	RH.2AFFFBA0E81C482Z0Z_F	100.000	23	0	1.84e-08	46.1
M03520:605:000000000-LVNKY:1:1102:25266:14838;size=30	RH.19C64E69AB7E463Z0Z_R	100.000	19	0	4.48e-06	38.2
M03520:605:000000000-LVNKY:1:1102:26691:13980;size=30	RH.0BD19D1A26A74EBZ0Z_R	100.000	24	0	4.65e-09	48.1
M03520:605:000000000-LVNKY:1:1102:26691:13980;size=30	RH.0BD19D1A26A74EBZ0Z_F	96.000	25	1	2.87e-07	42.1
M03520:605:000000000-LVNKY:1:1102:29467:15988;size=30	RH.B9EF730EBE6C436Z0Z_F	100.000	25	0	1.18e-09	50.1
M03520:605:000000000-LVNKY:1:1102:29467:15988;size=30	RH.B9EF730EBE6C436Z0Z_R	96.000	25	1	2.87e-07	42.1
M03520:605:000000000-LVNKY:1:1102:3533:18939;size=30	RH.0BD19D1A26A74EBZ0Z_F	100.000	25	0	1.18e-09	50.1
M03520:605:000000000-LVNKY:1:1102:3533:18939;size=30	RH.0BD19D1A26A74EBZ0Z_R	100.000	20	0	1.13e-06	40.1
M03520:605:000000000-LVNKY:1:1102:9933:2619;size=30	RH.0550AF0F57084ADZ0Z_F	100.000	24	0	4.65e-09	48.1
M03520:605:000000000-LVNKY:1:1102:9933:2619;size=30	RH.0550AF0F57084ADZ0Z_R	100.000	22	0	7.27e-08	44.1
M03520:605:000000000-LVNKY:1:1103:17542:4149;size=30	RH.7CE39E25906745AZ0Z_R	100.000	26	0	2.98e-10	52.0
M03520:605:000000000-LVNKY:1:1103:3606:13774;size=30	RH.69CEA0AC39F4445Z0Z_R	100.000	23	0	1.84e-08	46.1
M03520:605:000000000-LVNKY:1:1105:7731:13900;size=30	RH.DDB83AFF97C94C6Z0Z_R	100.000	25	0	1.18e-09	50.1
M03520:605:000000000-LVNKY:1:1105:7731:13900;size=30	RH.DDB83AFF97C94C6Z0Z_F	95.833	24	1	1.13e-06	40.1
M03520:605:000000000-LVNKY:1:1101:11553:22264;size=29	RH.7CE39E25906745AZ0Z_F	100.000	25	0	1.18e-09	50.1
M03520:605:000000000-LVNKY:1:1101:11553:22264;size=29	RH.7CE39E25906745AZ0Z_R	96.154	26	1	7.27e-08	44.1
M03520:605:000000000-LVNKY:1:1101:12172:19145;size=29	RH.B9EF730EBE6C436Z0Z_F	100.000	25	0	1.18e-09	50.1
M03520:605:000000000-LVNKY:1:1101:14462:18718;size=29	RH.0550AF0F57084ADZ0Z_F	100.000	24	0	4.65e-09	48.1
M03520:605:000000000-LVNKY:1:1101:14462:18718;size=29	RH.0550AF0F57084ADZ0Z_R	100.000	22	0	7.27e-08	44.1
M03520:605:000000000-LVNKY:1:1101:14534:16107;size=29	RH.B9EF730EBE6C436Z0Z_R	100.000	25	0	1.18e-09	50.1
M03520:605:000000000-LVNKY:1:1101:14534:16107;size=29	RH.B9EF730EBE6C436Z0Z_F	100.000	25	0	1.18e-09	50.1
M03520:605:000000000-LVNKY:1:1101:16764:14204;size=29	RH.69CEA0AC39F4445Z0Z_R	100.000	23	0	1.84e-08	46.1
M03520:605:000000000-LVNKY:1:1101:19088:17554;size=29	RH.DDB83AFF97C94C6Z0Z_R	100.000	25	0	1.18e-09	50.1
M03520:605:000000000-LVNKY:1:1101:19088:17554;size=29	RH.DDB83AFF97C94C6Z0Z_F	100.000	24	0	4.65e-09	48.1
M03520:605:000000000-LVNKY:1:1101:19364:17520;size=29	RH.2AFFFBA0E81C482Z0Z_R	100.000	23	0	1.84e-08	46.1
M03520:605:000000000-LVNKY:1:1101:19364:17520;size=29	RH.2AFFFBA0E81C482Z0Z_F	100.000	23	0	1.84e-08	46.1
M03520:605:000000000-LVNKY:1:1101:19688:5281;size=29	RH.0BD19D1A26A74EBZ0Z_F	100.000	25	0	1.18e-09	50.1
M03520:605:000000000-LVNKY:1:1101:19688:5281;size=29	RH.0BD19D1A26A74EBZ0Z_R	95.833	24	1	1.13e-06	40.1
M03520:605:000000000-LVNKY:1:1101:23591:5357;size=29	RH.7CE39E25906745AZ0Z_R	100.000	26	0	2.98e-10	52.0
M03520:605:000000000-LVNKY:1:1101:23591:5357;size=29	RH.7CE39E25906745AZ0Z_F	100.000	25	0	1.18e-09	50.1
M03520:605:000000000-LVNKY:1:1101:4944:14719;size=29	RH.85A5303CAAF54ADZ0Z_R	100.000	22	0	7.27e-08	44.1
M03520:605:000000000-LVNKY:1:1101:4944:14719;size=29	RH.85A5303CAAF54ADZ0Z_F	100.000	21	0	2.87e-07	42.1
M03520:605:000000000-LVNKY:1:1101:6127:5793;size=29	RH.0BD19D1A26A74EBZ0Z_R	100.000	24	0	4.65e-09	48.1
M03520:605:000000000-LVNKY:1:1101:6127:5793;size=29	RH.0BD19D1A26A74EBZ0Z_F	96.000	25	1	2.87e-07	42.1
M03520:605:000000000-LVNKY:1:1101:6564:17358;size=29	RH.2AFFFBA0E81C482Z0Z_R	100.000	23	0	1.84e-08	46.1
M03520:605:000000000-LVNKY:1:1101:6564:17358;size=29	RH.2AFFFBA0E81C482Z0Z_F	100.000	23	0	1.84e-08	46.1
M03520:605:000000000-LVNKY:1:1101:7799:23855;size=29	RH.2AFFFBA0E81C482Z0Z_R	100.000	23	0	1.84e-08	46.1
M03520:605:000000000-LVNKY:1:1101:7799:23855;size=29	RH.1CC74B91718A42FZ0Z_F	100.000	20	0	1.13e-06	40.1
M03520:605:000000000-LVNKY:1:1101:7953:10652;size=29	RH.85A5303CAAF54ADZ0Z_F	100.000	21	0	2.87e-07	42.1
M03520:605:000000000-LVNKY:1:1101:8131:23275;size=29	RH.51338FA06EDB4F0Z0Z_F	100.000	25	0	1.18e-09	50.1
M03520:605:000000000-LVNKY:1:1101:8131:23275;size=29	RH.51338FA06EDB4F0Z0Z_R	100.000	25	0	1.18e-09	50.1
M03520:605:000000000-LVNKY:1:1101:8235:14808;size=29	RH.85A5303CAAF54ADZ0Z_F	100.000	21	0	2.87e-07	42.1
M03520:605:000000000-LVNKY:1:1101:9250:16710;size=29	RH.0550AF0F57084ADZ0Z_F	100.000	24	0	4.65e-09	48.1
M03520:605:000000000-LVNKY:1:1101:9250:16710;size=29	RH.0550AF0F57084ADZ0Z_R	100.000	21	0	2.87e-07	42.1
M03520:605:000000000-LVNKY:1:1102:11998:14624;size=29	RH.85A5303CAAF54ADZ0Z_R	100.000	22	0	7.27e-08	44.1
M03520:605:000000000-LVNKY:1:1102:11998:14624;size=29	RH.85A5303CAAF54ADZ0Z_F	100.000	21	0	2.87e-07	42.1
M03520:605:000000000-LVNKY:1:1103:19020:2238;size=29	RH.2AFFFBA0E81C482Z0Z_R	100.000	23	0	1.84e-08	46.1
M03520:605:000000000-LVNKY:1:1103:19020:2238;size=29	RH.2AFFFBA0E81C482Z0Z_F	100.000	23	0	1.84e-08	46.1
M03520:605:000000000-LVNKY:1:1103:3692:17491;size=29	RH.CA1E204B0C0842DZ0Z_R	100.000	24	0	4.65e-09	48.1
M03520:605:000000000-LVNKY:1:1107:13951:1832;size=29	RH.591889F759494FEZ0Z_F	100.000	26	0	2.98e-10	52.0
M03520:605:000000000-LVNKY:1:1107:13951:1832;size=29	RH.591889F759494FEZ0Z_R	96.296	27	1	1.84e-08	46.1
M03520:605:000000000-LVNKY:1:1101:10316:8602;size=28	RH.2AFFFBA0E81C482Z0Z_R	100.000	23	0	1.84e-08	46.1
M03520:605:000000000-LVNKY:1:1101:10316:8602;size=28	RH.2AFFFBA0E81C482Z0Z_F	100.000	23	0	1.84e-08	46.1
M03520:605:000000000-LVNKY:1:1101:11250:4466;size=28	RH.DDB83AFF97C94C6Z0Z_R	100.000	25	0	1.18e-09	50.1
M03520:605:000000000-LVNKY:1:1101:11250:4466;size=28	RH.AB03371A973C4B1Z0Z_F	100.000	24	0	4.65e-09	48.1
M03520:605:000000000-LVNKY:1:1101:12191:6234;size=28	RH.DDB83AFF97C94C6Z0Z_F	100.000	24	0	4.65e-09	48.1
M03520:605:000000000-LVNKY:1:1101:12191:6234;size=28	RH.DDB83AFF97C94C6Z0Z_R	96.000	25	1	2.87e-07	42.1
M03520:605:000000000-LVNKY:1:1101:12276:12761;size=28	RH.85A5303CAAF54ADZ0Z_R	100.000	21	0	2.87e-07	42.1
M03520:605:000000000-LVNKY:1:1101:12276:12761;size=28	RH.85A5303CAAF54ADZ0Z_F	100.000	21	0	2.87e-07	42.1
M03520:605:000000000-LVNKY:1:1101:12323:14176;size=28	RH.8B25A056ABC1444Z0Z_F	100.000	25	0	1.18e-09	50.1
M03520:605:000000000-LVNKY:1:1101:12323:14176;size=28	RH.8B25A056ABC1444Z0Z_R	100.000	24	0	4.65e-09	48.1
M03520:605:000000000-LVNKY:1:1101:12711:18439;size=28	RH.0BD19D1A26A74EBZ0Z_F	100.000	25	0	1.18e-09	50.1
M03520:605:000000000-LVNKY:1:1101:13144:13622;size=28	RH.DDB83AFF97C94C6Z0Z_F	100.000	24	0	4.65e-09	48.1
M03520:605:000000000-LVNKY:1:1101:13144:13622;size=28	RH.DDB83AFF97C94C6Z0Z_R	100.000	22	0	7.27e-08	44.1
M03520:605:000000000-LVNKY:1:1101:17375:21037;size=28	RH.0BD19D1A26A74EBZ0Z_F	100.000	25	0	1.18e-09	50.1
M03520:605:000000000-LVNKY:1:1101:17375:21037;size=28	RH.0BD19D1A26A74EBZ0Z_R	100.000	24	0	4.65e-09	48.1
M03520:605:000000000-LVNKY:1:1101:18193:11496;size=28	RH.DDB83AFF97C94C6Z0Z_F	100.000	24	0	4.65e-09	48.1
M03520:605:000000000-LVNKY:1:1101:18193:11496;size=28	RH.DDB83AFF97C94C6Z0Z_R	96.000	25	1	2.87e-07	42.1
M03520:605:000000000-LVNKY:1:1101:22549:11234;size=28	RH.85A5303CAAF54ADZ0Z_R	100.000	22	0	7.27e-08	44.1
M03520:605:000000000-LVNKY:1:1101:22549:11234;size=28	RH.85A5303CAAF54ADZ0Z_F	100.000	21	0	2.87e-07	42.1
M03520:605:000000000-LVNKY:1:1101:22821:26616;size=28	RH.0BD19D1A26A74EBZ0Z_F	100.000	25	0	1.18e-09	50.1
M03520:605:000000000-LVNKY:1:1101:22821:26616;size=28	RH.0BD19D1A26A74EBZ0Z_R	95.833	24	1	1.13e-06	40.1
M03520:605:000000000-LVNKY:1:1101:23265:12623;size=28	RH.B9EF730EBE6C436Z0Z_R	100.000	25	0	1.18e-09	50.1
M03520:605:000000000-LVNKY:1:1101:6129:7508;size=28	RH.B9EF730EBE6C436Z0Z_R	100.000	25	0	1.18e-09	50.1
M03520:605:000000000-LVNKY:1:1101:6129:7508;size=28	RH.B9EF730EBE6C436Z0Z_F	100.000	25	0	1.18e-09	50.1
M03520:605:000000000-LVNKY:1:1101:8382:25529;size=28	RH.7CE39E25906745AZ0Z_R	100.000	26	0	2.98e-10	52.0
M03520:605:000000000-LVNKY:1:1101:8382:25529;size=28	RH.7CE39E25906745AZ0Z_F	100.000	25	0	1.18e-09	50.1
M03520:605:000000000-LVNKY:1:1102:11972:2699;size=28	RH.B9EF730EBE6C436Z0Z_R	100.000	25	0	1.18e-09	50.1
M03520:605:000000000-LVNKY:1:1102:11972:2699;size=28	RH.B9EF730EBE6C436Z0Z_F	100.000	22	0	7.27e-08	44.1
M03520:605:000000000-LVNKY:1:1102:13912:10418;size=28	RH.0BD19D1A26A74EBZ0Z_F	100.000	25	0	1.18e-09	50.1
M03520:605:000000000-LVNKY:1:1102:13912:10418;size=28	RH.0BD19D1A26A74EBZ0Z_R	100.000	24	0	4.65e-09	48.1
M03520:605:000000000-LVNKY:1:1102:16529:12345;size=28	RH.B9EF730EBE6C436Z0Z_F	100.000	25	0	1.18e-09	50.1
M03520:605:000000000-LVNKY:1:1102:16529:12345;size=28	RH.B9EF730EBE6C436Z0Z_R	96.000	25	1	2.87e-07	42.1
M03520:605:000000000-LVNKY:1:1102:19981:18814;size=28	RH.2AFFFBA0E81C482Z0Z_R	100.000	23	0	1.84e-08	46.1
M03520:605:000000000-LVNKY:1:1102:19981:18814;size=28	RH.2AFFFBA0E81C482Z0Z_F	100.000	23	0	1.84e-08	46.1
M03520:605:000000000-LVNKY:1:1102:20595:8698;size=28	RH.51338FA06EDB4F0Z0Z_R	100.000	25	0	1.18e-09	50.1
M03520:605:000000000-LVNKY:1:1102:20595:8698;size=28	RH.51338FA06EDB4F0Z0Z_F	100.000	25	0	1.18e-09	50.1
M03520:605:000000000-LVNKY:1:1102:25399:15742;size=28	RH.2A8AD21024974C0Z0Z_F	100.000	26	0	2.98e-10	52.0
M03520:605:000000000-LVNKY:1:1102:25399:15742;size=28	RH.2A8AD21024974C0Z0Z_R	100.000	25	0	1.18e-09	50.1
M03520:605:000000000-LVNKY:1:1102:9320:24343;size=28	RH.0BD19D1A26A74EBZ0Z_F	100.000	25	0	1.18e-09	50.1
M03520:605:000000000-LVNKY:1:1102:9320:24343;size=28	RH.0BD19D1A26A74EBZ0Z_R	100.000	24	0	4.65e-09	48.1
M03520:605:000000000-LVNKY:1:1101:12773:3716;size=27	RH.DDB83AFF97C94C6Z0Z_R	100.000	25	0	1.18e-09	50.1
M03520:605:000000000-LVNKY:1:1101:12773:3716;size=27	RH.DDB83AFF97C94C6Z0Z_F	100.000	24	0	4.65e-09	48.1
M03520:605:000000000-LVNKY:1:1101:12930:2073;size=27	RH.1CC74B91718A42FZ0Z_R	100.000	25	0	1.18e-09	50.1
M03520:605:000000000-LVNKY:1:1101:12930:2073;size=27	RH.1CC74B91718A42FZ0Z_F	100.000	24	0	4.65e-09	48.1
M03520:605:000000000-LVNKY:1:1101:13396:12940;size=27	RH.69CEA0AC39F4445Z0Z_F	100.000	24	0	4.65e-09	48.1
M03520:605:000000000-LVNKY:1:1101:13396:12940;size=27	RH.69CEA0AC39F4445Z0Z_R	100.000	23	0	1.84e-08	46.1
M03520:605:000000000-LVNKY:1:1101:14066:16435;size=27	RH.7CE39E25906745AZ0Z_R	100.000	26	0	2.98e-10	52.0
M03520:605:000000000-LVNKY:1:1101:14066:16435;size=27	RH.7CE39E25906745AZ0Z_F	100.000	25	0	1.18e-09	50.1
M03520:605:000000000-LVNKY:1:1101:14723:3575;size=27	RH.69CEA0AC39F4445Z0Z_F	100.000	24	0	4.65e-09	48.1
M03520:605:000000000-LVNKY:1:1101:14723:3575;size=27	RH.69CEA0AC39F4445Z0Z_R	100.000	23	0	1.84e-08	46.1
M03520:605:000000000-LVNKY:1:1101:16162:17905;size=27	RH.0550AF0F57084ADZ0Z_F	100.000	24	0	4.65e-09	48.1
M03520:605:000000000-LVNKY:1:1101:16162:17905;size=27	RH.0550AF0F57084ADZ0Z_R	100.000	22	0	7.27e-08	44.1
M03520:605:000000000-LVNKY:1:1101:17330:16053;size=27	RH.DDB83AFF97C94C6Z0Z_R	100.000	25	0	1.18e-09	50.1
M03520:605:000000000-LVNKY:1:1101:17330:16053;size=27	RH.DDB83AFF97C94C6Z0Z_F	100.000	23	0	1.84e-08	46.1
M03520:605:000000000-LVNKY:1:1101:18625:23982;size=27	RH.7CE39E25906745AZ0Z_R	100.000	26	0	2.98e-10	52.0
M03520:605:000000000-LVNKY:1:1101:18625:23982;size=27	RH.7CE39E25906745AZ0Z_F	100.000	25	0	1.18e-09	50.1
M03520:605:000000000-LVNKY:1:1101:19013:23767;size=27	RH.0BD19D1A26A74EBZ0Z_F	100.000	25	0	1.18e-09	50.1
M03520:605:000000000-LVNKY:1:1101:19013:23767;size=27	RH.0BD19D1A26A74EBZ0Z_R	100.000	21	0	2.87e-07	42.1
M03520:605:000000000-LVNKY:1:1101:23357:13425;size=27	RH.85A5303CAAF54ADZ0Z_R	100.000	22	0	7.27e-08	44.1
M03520:605:000000000-LVNKY:1:1101:23357:13425;size=27	RH.85A5303CAAF54ADZ0Z_F	100.000	21	0	2.87e-07	42.1
M03520:605:000000000-LVNKY:1:1101:23558:12217;size=27	RH.0BD19D1A26A74EBZ0Z_F	100.000	25	0	1.18e-09	50.1
M03520:605:000000000-LVNKY:1:1101:23558:12217;size=27	RH.0BD19D1A26A74EBZ0Z_R	100.000	24	0	4.65e-09	48.1
M03520:605:000000000-LVNKY:1:1101:24603:25807;size=27	RH.0BD19D1A26A74EBZ0Z_F	100.000	25	0	1.18e-09	50.1
M03520:605:000000000-LVNKY:1:1101:24603:25807;size=27	RH.0BD19D1A26A74EBZ0Z_R	100.000	24	0	4.65e-09	48.1
M03520:605:000000000-LVNKY:1:1101:25463:18667;size=27	RH.0550AF0F57084ADZ0Z_F	100.000	24	0	4.65e-09	48.1
M03520:605:000000000-LVNKY:1:1101:25463:18667;size=27	RH.0550AF0F57084ADZ0Z_R	100.000	22	0	7.27e-08	44.1
M03520:605:000000000-LVNKY:1:1101:29239:14509;size=27	RH.7CE39E25906745AZ0Z_F	100.000	25	0	1.18e-09	50.1
M03520:605:000000000-LVNKY:1:1101:29239:14509;size=27	RH.7CE39E25906745AZ0Z_R	100.000	23	0	1.84e-08	46.1
M03520:605:000000000-LVNKY:1:1101:3059:12512;size=27	RH.0BD19D1A26A74EBZ0Z_F	100.000	25	0	1.18e-09	50.1
M03520:605:000000000-LVNKY:1:1101:3059:12512;size=27	RH.0BD19D1A26A74EBZ0Z_R	100.000	24	0	4.65e-09	48.1
M03520:605:000000000-LVNKY:1:1101:4889:22640;size=27	RH.B9EF730EBE6C436Z0Z_R	100.000	25	0	1.18e-09	50.1
M03520:605:000000000-LVNKY:1:1101:4889:22640;size=27	RH.B9EF730EBE6C436Z0Z_F	100.000	25	0	1.18e-09	50.1
M03520:605:000000000-LVNKY:1:1101:6632:13149;size=27	RH.1CC74B91718A42FZ0Z_R	100.000	25	0	1.18e-09	50.1
M03520:605:000000000-LVNKY:1:1101:6632:13149;size=27	RH.1CC74B91718A42FZ0Z_F	100.000	24	0	4.65e-09	48.1
M03520:605:000000000-LVNKY:1:1101:6710:16011;size=27	RH.7CE39E25906745AZ0Z_F	100.000	25	0	1.18e-09	50.1
M03520:605:000000000-LVNKY:1:1101:6710:16011;size=27	RH.7CE39E25906745AZ0Z_R	100.000	22	0	7.27e-08	44.1
M03520:605:000000000-LVNKY:1:1101:9940:6000;size=27	RH.9C70B4C9923B4A8Z0Z_F	100.000	23	0	1.84e-08	46.1
M03520:605:000000000-LVNKY:1:1102:10427:19397;size=27	RH.DDB83AFF97C94C6Z0Z_R	100.000	25	0	1.18e-09	50.1
M03520:605:000000000-LVNKY:1:1102:10427:19397;size=27	RH.DDB83AFF97C94C6Z0Z_F	95.833	24	1	1.13e-06	40.1
M03520:605:000000000-LVNKY:1:1102:13940:3540;size=27	RH.1CC74B91718A42FZ0Z_R	100.000	25	0	1.18e-09	50.1
M03520:605:000000000-LVNKY:1:1102:13940:3540;size=27	RH.1CC74B91718A42FZ0Z_F	100.000	24	0	4.65e-09	48.1
M03520:605:000000000-LVNKY:1:1102:18151:4773;size=27	RH.B9EF730EBE6C436Z0Z_R	100.000	25	0	1.18e-09	50.1
M03520:605:000000000-LVNKY:1:1102:18151:4773;size=27	RH.B9EF730EBE6C436Z0Z_F	100.000	25	0	1.18e-09	50.1
M03520:605:000000000-LVNKY:1:1102:20385:9474;size=27	RH.2A8AD21024974C0Z0Z_F	100.000	26	0	2.98e-10	52.0
M03520:605:000000000-LVNKY:1:1102:20385:9474;size=27	RH.2A8AD21024974C0Z0Z_R	100.000	25	0	1.18e-09	50.1
M03520:605:000000000-LVNKY:1:1102:22476:15425;size=27	RH.DDB83AFF97C94C6Z0Z_R	100.000	25	0	1.18e-09	50.1
M03520:605:000000000-LVNKY:1:1102:22476:15425;size=27	RH.DDB83AFF97C94C6Z0Z_F	100.000	24	0	4.65e-09	48.1
M03520:605:000000000-LVNKY:1:1102:25920:12829;size=27	RH.0BD19D1A26A74EBZ0Z_F	100.000	25	0	1.18e-09	50.1
M03520:605:000000000-LVNKY:1:1102:25920:12829;size=27	RH.0BD19D1A26A74EBZ0Z_R	100.000	24	0	4.65e-09	48.1
M03520:605:000000000-LVNKY:1:1102:27174:10146;size=27	RH.B9EF730EBE6C436Z0Z_R	100.000	25	0	1.18e-09	50.1
M03520:605:000000000-LVNKY:1:1102:27174:10146;size=27	RH.B9EF730EBE6C436Z0Z_F	100.000	25	0	1.18e-09	50.1
M03520:605:000000000-LVNKY:1:1104:12880:6579;size=27	RH.DDB83AFF97C94C6Z0Z_R	100.000	25	0	1.18e-09	50.1
M03520:605:000000000-LVNKY:1:1104:12880:6579;size=27	RH.DDB83AFF97C94C6Z0Z_F	100.000	24	0	4.65e-09	48.1
M03520:605:000000000-LVNKY:1:1101:11337:24514;size=26	RH.B9EF730EBE6C436Z0Z_R	100.000	25	0	1.18e-09	50.1
M03520:605:000000000-LVNKY:1:1101:11337:24514;size=26	RH.B9EF730EBE6C436Z0Z_F	96.000	25	1	2.87e-07	42.1
M03520:605:000000000-LVNKY:1:1101:12328:20871;size=26	RH.51338FA06EDB4F0Z0Z_F	100.000	25	0	1.18e-09	50.1
M03520:605:000000000-LVNKY:1:1101:12328:20871;size=26	RH.51338FA06EDB4F0Z0Z_R	100.000	23	0	1.84e-08	46.1
M03520:605:000000000-LVNKY:1:1101:13199:25433;size=26	RH.7CE39E25906745AZ0Z_R	100.000	26	0	2.98e-10	52.0
M03520:605:000000000-LVNKY:1:1101:13199:25433;size=26	RH.7CE39E25906745AZ0Z_F	100.000	25	0	1.18e-09	50.1
M03520:605:000000000-LVNKY:1:1101:14465:10898;size=26	RH.0550AF0F57084ADZ0Z_F	100.000	24	0	4.65e-09	48.1
M03520:605:000000000-LVNKY:1:1101:14465:10898;size=26	RH.0550AF0F57084ADZ0Z_R	100.000	22	0	7.27e-08	44.1
M03520:605:000000000-LVNKY:1:1101:15616:22581;size=26	RH.0BD19D1A26A74EBZ0Z_F	100.000	25	0	1.18e-09	50.1
M03520:605:000000000-LVNKY:1:1101:15616:22581;size=26	RH.0BD19D1A26A74EBZ0Z_R	95.833	24	1	1.13e-06	40.1
M03520:605:000000000-LVNKY:1:1101:17951:11821;size=26	RH.B9EF730EBE6C436Z0Z_R	100.000	25	0	1.18e-09	50.1
M03520:605:000000000-LVNKY:1:1101:17951:11821;size=26	RH.B9EF730EBE6C436Z0Z_F	96.000	25	1	2.87e-07	42.1
M03520:605:000000000-LVNKY:1:1101:18043:3374;size=26	RH.CD45D816FD644DBZ0Z_F	100.000	23	0	1.84e-08	46.1
M03520:605:000000000-LVNKY:1:1101:18043:3374;size=26	RH.CD45D816FD644DBZ0Z_R	100.000	22	0	7.27e-08	44.1
M03520:605:000000000-LVNKY:1:1101:22020:8779;size=26	RH.85A5303CAAF54ADZ0Z_R	100.000	22	0	7.27e-08	44.1
M03520:605:000000000-LVNKY:1:1101:22020:8779;size=26	RH.85A5303CAAF54ADZ0Z_F	100.000	21	0	2.87e-07	42.1
M03520:605:000000000-LVNKY:1:1101:23154:8810;size=26	RH.0550AF0F57084ADZ0Z_F	100.000	24	0	4.65e-09	48.1
M03520:605:000000000-LVNKY:1:1101:23154:8810;size=26	RH.0550AF0F57084ADZ0Z_R	100.000	22	0	7.27e-08	44.1
M03520:605:000000000-LVNKY:1:1101:23496:15907;size=26	RH.0BD19D1A26A74EBZ0Z_F	100.000	25	0	1.18e-09	50.1
M03520:605:000000000-LVNKY:1:1101:23496:15907;size=26	RH.0BD19D1A26A74EBZ0Z_R	100.000	24	0	4.65e-09	48.1
M03520:605:000000000-LVNKY:1:1101:25100:10084;size=26	RH.B9EF730EBE6C436Z0Z_R	100.000	25	0	1.18e-09	50.1
M03520:605:000000000-LVNKY:1:1101:25100:10084;size=26	RH.B9EF730EBE6C436Z0Z_F	100.000	25	0	1.18e-09	50.1
M03520:605:000000000-LVNKY:1:1101:27841:21523;size=26	RH.B9EF730EBE6C436Z0Z_R	100.000	25	0	1.18e-09	50.1
M03520:605:000000000-LVNKY:1:1101:27841:21523;size=26	RH.B9EF730EBE6C436Z0Z_F	100.000	25	0	1.18e-09	50.1
M03520:605:000000000-LVNKY:1:1101:2974:14620;size=26	RH.2AFFFBA0E81C482Z0Z_R	100.000	23	0	1.84e-08	46.1
M03520:605:000000000-LVNKY:1:1101:2974:14620;size=26	RH.2AFFFBA0E81C482Z0Z_F	100.000	23	0	1.84e-08	46.1
M03520:605:000000000-LVNKY:1:1101:3558:14000;size=26	RH.27578A9A85FA4A3Z0Z_F	100.000	24	0	4.65e-09	48.1
M03520:605:000000000-LVNKY:1:1101:4758:15065;size=26	RH.DDB83AFF97C94C6Z0Z_R	100.000	25	0	1.18e-09	50.1
M03520:605:000000000-LVNKY:1:1101:4758:15065;size=26	RH.DDB83AFF97C94C6Z0Z_F	100.000	24	0	4.65e-09	48.1
M03520:605:000000000-LVNKY:1:1101:9351:13234;size=26	RH.0550AF0F57084ADZ0Z_F	100.000	24	0	4.65e-09	48.1
M03520:605:000000000-LVNKY:1:1101:9351:13234;size=26	RH.0550AF0F57084ADZ0Z_R	100.000	22	0	7.27e-08	44.1
M03520:605:000000000-LVNKY:1:1102:13954:25643;size=26	RH.2AFFFBA0E81C482Z0Z_R	100.000	23	0	1.84e-08	46.1
M03520:605:000000000-LVNKY:1:1102:13954:25643;size=26	RH.2AFFFBA0E81C482Z0Z_F	100.000	19	0	4.48e-06	38.2
M03520:605:000000000-LVNKY:1:1102:14753:10419;size=26	RH.69CEA0AC39F4445Z0Z_F	100.000	24	0	4.65e-09	48.1
M03520:605:000000000-LVNKY:1:1102:14753:10419;size=26	RH.69CEA0AC39F4445Z0Z_R	100.000	23	0	1.84e-08	46.1
M03520:605:000000000-LVNKY:1:1102:22589:21843;size=26	RH.85A5303CAAF54ADZ0Z_R	100.000	22	0	7.27e-08	44.1
M03520:605:000000000-LVNKY:1:1102:22589:21843;size=26	RH.85A5303CAAF54ADZ0Z_F	100.000	21	0	2.87e-07	42.1
M03520:605:000000000-LVNKY:1:1102:22868:8416;size=26	RH.7CE39E25906745AZ0Z_R	100.000	26	0	2.98e-10	52.0
M03520:605:000000000-LVNKY:1:1102:22868:8416;size=26	RH.7CE39E25906745AZ0Z_F	100.000	25	0	1.18e-09	50.1
M03520:605:000000000-LVNKY:1:1102:23767:8454;size=26	RH.51338FA06EDB4F0Z0Z_F	100.000	25	0	1.18e-09	50.1
M03520:605:000000000-LVNKY:1:1102:23767:8454;size=26	RH.51338FA06EDB4F0Z0Z_R	100.000	25	0	1.18e-09	50.1
M03520:605:000000000-LVNKY:1:1102:25448:10230;size=26	RH.DDB83AFF97C94C6Z0Z_R	100.000	25	0	1.18e-09	50.1
M03520:605:000000000-LVNKY:1:1102:25448:10230;size=26	RH.DDB83AFF97C94C6Z0Z_F	100.000	24	0	4.65e-09	48.1
M03520:605:000000000-LVNKY:1:1102:25940:21824;size=26	RH.85A5303CAAF54ADZ0Z_R	100.000	22	0	7.27e-08	44.1
M03520:605:000000000-LVNKY:1:1102:28426:19555;size=26	RH.51338FA06EDB4F0Z0Z_F	100.000	25	0	1.18e-09	50.1
M03520:605:000000000-LVNKY:1:1102:28426:19555;size=26	RH.51338FA06EDB4F0Z0Z_R	100.000	25	0	1.18e-09	50.1
M03520:605:000000000-LVNKY:1:1102:3581:11736;size=26	RH.0096A141894D447Z0Z_F	100.000	24	0	4.65e-09	48.1
M03520:605:000000000-LVNKY:1:1102:3581:11736;size=26	RH.0096A141894D447Z0Z_R	100.000	21	0	2.87e-07	42.1
M03520:605:000000000-LVNKY:1:1102:4762:10309;size=26	RH.DDB83AFF97C94C6Z0Z_R	100.000	25	0	1.18e-09	50.1
M03520:605:000000000-LVNKY:1:1102:4762:10309;size=26	RH.DDB83AFF97C94C6Z0Z_F	95.833	24	1	1.13e-06	40.1
M03520:605:000000000-LVNKY:1:1102:5624:19058;size=26	RH.0BD19D1A26A74EBZ0Z_R	100.000	24	0	4.65e-09	48.1
M03520:605:000000000-LVNKY:1:1102:5624:19058;size=26	RH.0BD19D1A26A74EBZ0Z_F	96.000	25	1	2.87e-07	42.1
M03520:605:000000000-LVNKY:1:1102:7514:17654;size=26	RH.51338FA06EDB4F0Z0Z_R	100.000	25	0	1.18e-09	50.1
M03520:605:000000000-LVNKY:1:1102:7514:17654;size=26	RH.51338FA06EDB4F0Z0Z_F	100.000	25	0	1.18e-09	50.1
M03520:605:000000000-LVNKY:1:1103:13239:24985;size=26	RH.DDB83AFF97C94C6Z0Z_R	100.000	25	0	1.18e-09	50.1
M03520:605:000000000-LVNKY:1:1103:13239:24985;size=26	RH.DDB83AFF97C94C6Z0Z_F	100.000	24	0	4.65e-09	48.1
M03520:605:000000000-LVNKY:1:1103:8387:5395;size=26	RH.B9EF730EBE6C436Z0Z_F	100.000	25	0	1.18e-09	50.1
M03520:605:000000000-LVNKY:1:1103:8387:5395;size=26	RH.B9EF730EBE6C436Z0Z_R	96.000	25	1	2.87e-07	42.1
M03520:605:000000000-LVNKY:1:1109:2269:12168;size=26	RH.51338FA06EDB4F0Z0Z_R	100.000	25	0	1.18e-09	50.1
M03520:605:000000000-LVNKY:1:1109:2269:12168;size=26	RH.51338FA06EDB4F0Z0Z_F	100.000	25	0	1.18e-09	50.1
M03520:605:000000000-LVNKY:1:1101:11220:10610;size=25	RH.51338FA06EDB4F0Z0Z_R	100.000	25	0	1.18e-09	50.1
M03520:605:000000000-LVNKY:1:1101:11220:10610;size=25	RH.51338FA06EDB4F0Z0Z_F	100.000	25	0	1.18e-09	50.1
M03520:605:000000000-LVNKY:1:1101:13425:19817;size=25	RH.69CEA0AC39F4445Z0Z_F	100.000	24	0	4.65e-09	48.1
M03520:605:000000000-LVNKY:1:1101:13425:19817;size=25	RH.69CEA0AC39F4445Z0Z_R	100.000	23	0	1.84e-08	46.1
M03520:605:000000000-LVNKY:1:1101:13647:22352;size=25	RH.2AFFFBA0E81C482Z0Z_R	100.000	23	0	1.84e-08	46.1
M03520:605:000000000-LVNKY:1:1101:13647:22352;size=25	RH.2AFFFBA0E81C482Z0Z_F	100.000	23	0	1.84e-08	46.1
M03520:605:000000000-LVNKY:1:1101:13728:5741;size=25	RH.0BD19D1A26A74EBZ0Z_R	100.000	24	0	4.65e-09	48.1
M03520:605:000000000-LVNKY:1:1101:13728:5741;size=25	RH.0BD19D1A26A74EBZ0Z_F	100.000	21	0	2.87e-07	42.1
M03520:605:000000000-LVNKY:1:1101:14021:22286;size=25	RH.85A5303CAAF54ADZ0Z_R	100.000	22	0	7.27e-08	44.1
M03520:605:000000000-LVNKY:1:1101:14021:22286;size=25	RH.85A5303CAAF54ADZ0Z_F	100.000	21	0	2.87e-07	42.1
M03520:605:000000000-LVNKY:1:1101:14451:17888;size=25	RH.DDB83AFF97C94C6Z0Z_F	100.000	24	0	4.65e-09	48.1
M03520:605:000000000-LVNKY:1:1101:14451:17888;size=25	RH.DDB83AFF97C94C6Z0Z_R	96.000	25	1	2.87e-07	42.1
M03520:605:000000000-LVNKY:1:1101:17421:15853;size=25	RH.85A5303CAAF54ADZ0Z_R	100.000	22	0	7.27e-08	44.1
M03520:605:000000000-LVNKY:1:1101:17421:15853;size=25	RH.85A5303CAAF54ADZ0Z_F	100.000	21	0	2.87e-07	42.1
M03520:605:000000000-LVNKY:1:1101:18227:7862;size=25	RH.B9EF730EBE6C436Z0Z_R	100.000	25	0	1.18e-09	50.1
M03520:605:000000000-LVNKY:1:1101:18227:7862;size=25	RH.B9EF730EBE6C436Z0Z_F	96.000	25	1	2.87e-07	42.1
M03520:605:000000000-LVNKY:1:1101:19235:8089;size=25	RH.27578A9A85FA4A3Z0Z_F	100.000	24	0	4.65e-09	48.1
M03520:605:000000000-LVNKY:1:1101:19235:8089;size=25	RH.27578A9A85FA4A3Z0Z_R	100.000	22	0	7.27e-08	44.1
M03520:605:000000000-LVNKY:1:1101:19915:19346;size=25	RH.51338FA06EDB4F0Z0Z_R	100.000	25	0	1.18e-09	50.1
M03520:605:000000000-LVNKY:1:1101:19915:19346;size=25	RH.51338FA06EDB4F0Z0Z_F	100.000	25	0	1.18e-09	50.1
M03520:605:000000000-LVNKY:1:1101:20049:3945;size=25	RH.85A5303CAAF54ADZ0Z_R	100.000	22	0	7.27e-08	44.1
M03520:605:000000000-LVNKY:1:1101:20049:3945;size=25	RH.85A5303CAAF54ADZ0Z_F	100.000	21	0	2.87e-07	42.1
M03520:605:000000000-LVNKY:1:1101:20849:4277;size=25	RH.0096A141894D447Z0Z_R	100.000	25	0	1.18e-09	50.1
M03520:605:000000000-LVNKY:1:1101:20849:4277;size=25	RH.034C1A4941D644EZ0Z_F	100.000	21	0	2.87e-07	42.1
M03520:605:000000000-LVNKY:1:1101:22797:13091;size=25	RH.69CEA0AC39F4445Z0Z_F	100.000	24	0	4.65e-09	48.1
M03520:605:000000000-LVNKY:1:1101:22797:13091;size=25	RH.69CEA0AC39F4445Z0Z_R	100.000	23	0	1.84e-08	46.1
M03520:605:000000000-LVNKY:1:1101:22936:6290;size=25	RH.0550AF0F57084ADZ0Z_F	100.000	24	0	4.65e-09	48.1
M03520:605:000000000-LVNKY:1:1101:22936:6290;size=25	RH.0550AF0F57084ADZ0Z_R	100.000	22	0	7.27e-08	44.1
M03520:605:000000000-LVNKY:1:1101:23026:14758;size=25	RH.35D6316E8C8F4D3Z0Z_F	100.000	25	0	1.18e-09	50.1
M03520:605:000000000-LVNKY:1:1101:24018:7950;size=25	RH.85A5303CAAF54ADZ0Z_F	100.000	21	0	2.87e-07	42.1
M03520:605:000000000-LVNKY:1:1101:24532:10780;size=25	RH.85A5303CAAF54ADZ0Z_R	100.000	22	0	7.27e-08	44.1
M03520:605:000000000-LVNKY:1:1101:24532:10780;size=25	RH.85A5303CAAF54ADZ0Z_F	100.000	21	0	2.87e-07	42.1
M03520:605:000000000-LVNKY:1:1101:25828:8924;size=25	RH.85A5303CAAF54ADZ0Z_R	100.000	22	0	7.27e-08	44.1
M03520:605:000000000-LVNKY:1:1101:25828:8924;size=25	RH.85A5303CAAF54ADZ0Z_F	100.000	21	0	2.87e-07	42.1
M03520:605:000000000-LVNKY:1:1101:27980:14611;size=25	RH.DDB83AFF97C94C6Z0Z_R	100.000	25	0	1.18e-09	50.1
M03520:605:000000000-LVNKY:1:1101:27980:14611;size=25	RH.DDB83AFF97C94C6Z0Z_F	100.000	24	0	4.65e-09	48.1
M03520:605:000000000-LVNKY:1:1101:5089:8862;size=25	RH.0BD19D1A26A74EBZ0Z_F	100.000	25	0	1.18e-09	50.1
M03520:605:000000000-LVNKY:1:1101:5089:8862;size=25	RH.0BD19D1A26A74EBZ0Z_R	100.000	24	0	4.65e-09	48.1
M03520:605:000000000-LVNKY:1:1101:9676:11249;size=25	RH.2AFFFBA0E81C482Z0Z_R	100.000	23	0	1.84e-08	46.1
M03520:605:000000000-LVNKY:1:1101:9676:11249;size=25	RH.2AFFFBA0E81C482Z0Z_F	100.000	23	0	1.84e-08	46.1
M03520:605:000000000-LVNKY:1:1101:9946:3526;size=25	RH.0BD19D1A26A74EBZ0Z_F	100.000	25	0	1.18e-09	50.1
M03520:605:000000000-LVNKY:1:1101:9946:3526;size=25	RH.0BD19D1A26A74EBZ0Z_R	95.833	24	1	1.13e-06	40.1
M03520:605:000000000-LVNKY:1:1102:10515:18038;size=25	RH.51338FA06EDB4F0Z0Z_R	100.000	25	0	1.18e-09	50.1
M03520:605:000000000-LVNKY:1:1102:10515:18038;size=25	RH.51338FA06EDB4F0Z0Z_F	100.000	25	0	1.18e-09	50.1
M03520:605:000000000-LVNKY:1:1102:15019:20942;size=25	RH.DDB83AFF97C94C6Z0Z_R	100.000	25	0	1.18e-09	50.1
M03520:605:000000000-LVNKY:1:1102:15019:20942;size=25	RH.DDB83AFF97C94C6Z0Z_F	100.000	24	0	4.65e-09	48.1
M03520:605:000000000-LVNKY:1:1102:15874:10446;size=25	RH.85A5303CAAF54ADZ0Z_R	100.000	22	0	7.27e-08	44.1
M03520:605:000000000-LVNKY:1:1102:15874:10446;size=25	RH.85A5303CAAF54ADZ0Z_F	100.000	21	0	2.87e-07	42.1
M03520:605:000000000-LVNKY:1:1102:16423:5422;size=25	RH.4BFC7FED0F6445DZ0Z_R	100.000	21	0	2.87e-07	42.1
M03520:605:000000000-LVNKY:1:1102:16423:5422;size=25	RH.4BFC7FED0F6445DZ0Z_F	100.000	21	0	2.87e-07	42.1
M03520:605:000000000-LVNKY:1:1102:16435:25316;size=25	RH.1CC74B91718A42FZ0Z_R	100.000	25	0	1.18e-09	50.1
M03520:605:000000000-LVNKY:1:1102:16435:25316;size=25	RH.1CC74B91718A42FZ0Z_F	100.000	24	0	4.65e-09	48.1
M03520:605:000000000-LVNKY:1:1102:25224:23160;size=25	RH.DDB83AFF97C94C6Z0Z_R	100.000	25	0	1.18e-09	50.1
M03520:605:000000000-LVNKY:1:1102:25224:23160;size=25	RH.DDB83AFF97C94C6Z0Z_F	95.833	24	1	1.13e-06	40.1
M03520:605:000000000-LVNKY:1:1102:6885:20687;size=25	RH.DDB83AFF97C94C6Z0Z_R	100.000	24	0	4.65e-09	48.1
M03520:605:000000000-LVNKY:1:1102:6885:20687;size=25	RH.DDB83AFF97C94C6Z0Z_F	100.000	24	0	4.65e-09	48.1
M03520:605:000000000-LVNKY:1:1103:22227:18917;size=25	RH.69CEA0AC39F4445Z0Z_R	100.000	23	0	1.84e-08	46.1
M03520:605:000000000-LVNKY:1:1103:22227:18917;size=25	RH.FC24D81FC99C4CCZ0Z_F	100.000	20	0	1.13e-06	40.1
M03520:605:000000000-LVNKY:1:1104:11256:4208;size=25	RH.7CE39E25906745AZ0Z_R	100.000	26	0	2.98e-10	52.0
M03520:605:000000000-LVNKY:1:1104:11256:4208;size=25	RH.7CE39E25906745AZ0Z_F	100.000	25	0	1.18e-09	50.1
M03520:605:000000000-LVNKY:1:1104:25456:20895;size=25	RH.DDB83AFF97C94C6Z0Z_R	100.000	25	0	1.18e-09	50.1
M03520:605:000000000-LVNKY:1:1104:25456:20895;size=25	RH.DDB83AFF97C94C6Z0Z_F	100.000	24	0	4.65e-09	48.1
M03520:605:000000000-LVNKY:1:1101:11782:16604;size=24	RH.DDB83AFF97C94C6Z0Z_R	100.000	25	0	1.18e-09	50.1
M03520:605:000000000-LVNKY:1:1101:11782:16604;size=24	RH.DDB83AFF97C94C6Z0Z_F	100.000	24	0	4.65e-09	48.1
M03520:605:000000000-LVNKY:1:1101:11894:22479;size=24	RH.CBC073037557482Z0Z_F	100.000	23	0	1.84e-08	46.1
M03520:605:000000000-LVNKY:1:1101:11894:22479;size=24	RH.CBC073037557482Z0Z_R	100.000	22	0	7.27e-08	44.1
M03520:605:000000000-LVNKY:1:1101:16214:6831;size=24	RH.51338FA06EDB4F0Z0Z_F	100.000	25	0	1.18e-09	50.1
M03520:605:000000000-LVNKY:1:1101:16214:6831;size=24	RH.51338FA06EDB4F0Z0Z_R	100.000	25	0	1.18e-09	50.1
M03520:605:000000000-LVNKY:1:1101:16893:12184;size=24	RH.51338FA06EDB4F0Z0Z_F	100.000	25	0	1.18e-09	50.1
M03520:605:000000000-LVNKY:1:1101:16893:12184;size=24	RH.51338FA06EDB4F0Z0Z_R	100.000	25	0	1.18e-09	50.1
M03520:605:000000000-LVNKY:1:1101:17635:11270;size=24	RH.0BD19D1A26A74EBZ0Z_F	100.000	25	0	1.18e-09	50.1
M03520:605:000000000-LVNKY:1:1101:17635:11270;size=24	RH.0BD19D1A26A74EBZ0Z_R	100.000	24	0	4.65e-09	48.1
M03520:605:000000000-LVNKY:1:1101:17759:13388;size=24	RH.85A5303CAAF54ADZ0Z_R	100.000	22	0	7.27e-08	44.1
M03520:605:000000000-LVNKY:1:1101:17765:3205;size=24	RH.B9EF730EBE6C436Z0Z_R	100.000	25	0	1.18e-09	50.1
M03520:605:000000000-LVNKY:1:1101:17765:3205;size=24	RH.B9EF730EBE6C436Z0Z_F	100.000	25	0	1.18e-09	50.1
M03520:605:000000000-LVNKY:1:1101:18302:14469;size=24	RH.0BD19D1A26A74EBZ0Z_F	100.000	25	0	1.18e-09	50.1
M03520:605:000000000-LVNKY:1:1101:18302:14469;size=24	RH.0BD19D1A26A74EBZ0Z_R	95.833	24	1	1.13e-06	40.1
M03520:605:000000000-LVNKY:1:1101:19355:3645;size=24	RH.72B9E3F522264B3Z0Z_F	100.000	22	0	7.27e-08	44.1
M03520:605:000000000-LVNKY:1:1101:19355:3645;size=24	RH.72B9E3F522264B3Z0Z_R	100.000	20	0	1.13e-06	40.1
M03520:605:000000000-LVNKY:1:1101:20004:4013;size=24	RH.2A8AD21024974C0Z0Z_F	100.000	26	0	2.98e-10	52.0
M03520:605:000000000-LVNKY:1:1101:20004:4013;size=24	RH.2A8AD21024974C0Z0Z_R	100.000	25	0	1.18e-09	50.1
M03520:605:000000000-LVNKY:1:1101:21072:16254;size=24	RH.85A5303CAAF54ADZ0Z_R	100.000	22	0	7.27e-08	44.1
M03520:605:000000000-LVNKY:1:1101:21072:16254;size=24	RH.85A5303CAAF54ADZ0Z_F	100.000	21	0	2.87e-07	42.1
M03520:605:000000000-LVNKY:1:1101:21625:11412;size=24	RH.2A8AD21024974C0Z0Z_F	100.000	26	0	2.98e-10	52.0
M03520:605:000000000-LVNKY:1:1101:21625:11412;size=24	RH.2A8AD21024974C0Z0Z_R	100.000	25	0	1.18e-09	50.1
M03520:605:000000000-LVNKY:1:1101:26286:7439;size=24	RH.B9EF730EBE6C436Z0Z_F	100.000	25	0	1.18e-09	50.1
M03520:605:000000000-LVNKY:1:1101:26286:7439;size=24	RH.B9EF730EBE6C436Z0Z_R	100.000	24	0	4.65e-09	48.1
M03520:605:000000000-LVNKY:1:1101:28354:10943;size=24	RH.85A5303CAAF54ADZ0Z_R	100.000	22	0	7.27e-08	44.1
M03520:605:000000000-LVNKY:1:1101:28354:10943;size=24	RH.85A5303CAAF54ADZ0Z_F	100.000	21	0	2.87e-07	42.1
M03520:605:000000000-LVNKY:1:1101:6591:25581;size=24	RH.85A5303CAAF54ADZ0Z_R	100.000	22	0	7.27e-08	44.1
M03520:605:000000000-LVNKY:1:1101:6591:25581;size=24	RH.85A5303CAAF54ADZ0Z_F	100.000	19	0	4.48e-06	38.2
M03520:605:000000000-LVNKY:1:1101:6624:5256;size=24	RH.85A5303CAAF54ADZ0Z_F	100.000	21	0	2.87e-07	42.1
M03520:605:000000000-LVNKY:1:1101:7002:5380;size=24	RH.85A5303CAAF54ADZ0Z_R	100.000	22	0	7.27e-08	44.1
M03520:605:000000000-LVNKY:1:1101:7002:5380;size=24	RH.85A5303CAAF54ADZ0Z_F	100.000	21	0	2.87e-07	42.1
M03520:605:000000000-LVNKY:1:1101:7699:24637;size=24	RH.7CE39E25906745AZ0Z_R	100.000	26	0	2.98e-10	52.0
M03520:605:000000000-LVNKY:1:1101:7699:24637;size=24	RH.7CE39E25906745AZ0Z_F	96.000	25	1	2.87e-07	42.1
M03520:605:000000000-LVNKY:1:1101:9514:12410;size=24	RH.DDB83AFF97C94C6Z0Z_R	100.000	25	0	1.18e-09	50.1
M03520:605:000000000-LVNKY:1:1101:9514:12410;size=24	RH.DDB83AFF97C94C6Z0Z_F	100.000	24	0	4.65e-09	48.1
M03520:605:000000000-LVNKY:1:1102:16908:18602;size=24	RH.85A5303CAAF54ADZ0Z_R	100.000	22	0	7.27e-08	44.1
M03520:605:000000000-LVNKY:1:1102:18095:2712;size=24	RH.0550AF0F57084ADZ0Z_R	100.000	22	0	7.27e-08	44.1
M03520:605:000000000-LVNKY:1:1102:18095:2712;size=24	RH.0550AF0F57084ADZ0Z_F	95.833	24	1	1.13e-06	40.1
M03520:605:000000000-LVNKY:1:1102:18950:18783;size=24	RH.1CC74B91718A42FZ0Z_R	100.000	25	0	1.18e-09	50.1
M03520:605:000000000-LVNKY:1:1102:18950:18783;size=24	RH.1CC74B91718A42FZ0Z_F	100.000	24	0	4.65e-09	48.1
M03520:605:000000000-LVNKY:1:1102:2010:14500;size=24	RH.7CE39E25906745AZ0Z_R	100.000	26	0	2.98e-10	52.0
M03520:605:000000000-LVNKY:1:1102:2010:14500;size=24	RH.7CE39E25906745AZ0Z_F	100.000	25	0	1.18e-09	50.1
M03520:605:000000000-LVNKY:1:1102:21143:18541;size=24	RH.0096A141894D447Z0Z_F	100.000	24	0	4.65e-09	48.1
M03520:605:000000000-LVNKY:1:1102:21143:18541;size=24	RH.0096A141894D447Z0Z_R	100.000	21	0	2.87e-07	42.1
M03520:605:000000000-LVNKY:1:1102:21789:24609;size=24	RH.0BD19D1A26A74EBZ0Z_F	100.000	25	0	1.18e-09	50.1
M03520:605:000000000-LVNKY:1:1102:21789:24609;size=24	RH.0BD19D1A26A74EBZ0Z_R	100.000	24	0	4.65e-09	48.1
M03520:605:000000000-LVNKY:1:1102:23469:9345;size=24	RH.B9EF730EBE6C436Z0Z_R	100.000	25	0	1.18e-09	50.1
M03520:605:000000000-LVNKY:1:1102:23469:9345;size=24	RH.B9EF730EBE6C436Z0Z_F	96.000	25	1	2.87e-07	42.1
M03520:605:000000000-LVNKY:1:1102:24736:9166;size=24	RH.DDB83AFF97C94C6Z0Z_R	100.000	25	0	1.18e-09	50.1
M03520:605:000000000-LVNKY:1:1102:24736:9166;size=24	RH.DDB83AFF97C94C6Z0Z_F	95.833	24	1	1.13e-06	40.1
M03520:605:000000000-LVNKY:1:1102:25325:9684;size=24	RH.0550AF0F57084ADZ0Z_F	100.000	24	0	4.65e-09	48.1
M03520:605:000000000-LVNKY:1:1102:26447:10270;size=24	RH.B9EF730EBE6C436Z0Z_R	100.000	25	0	1.18e-09	50.1
M03520:605:000000000-LVNKY:1:1102:26447:10270;size=24	RH.B9EF730EBE6C436Z0Z_F	100.000	21	0	2.87e-07	42.1
M03520:605:000000000-LVNKY:1:1102:27683:11798;size=24	RH.85A5303CAAF54ADZ0Z_R	100.000	22	0	7.27e-08	44.1
M03520:605:000000000-LVNKY:1:1102:27683:11798;size=24	RH.85A5303CAAF54ADZ0Z_F	100.000	21	0	2.87e-07	42.1
M03520:605:000000000-LVNKY:1:1102:5345:15771;size=24	RH.DDB83AFF97C94C6Z0Z_R	100.000	25	0	1.18e-09	50.1
M03520:605:000000000-LVNKY:1:1102:5345:15771;size=24	RH.DDB83AFF97C94C6Z0Z_F	100.000	24	0	4.65e-09	48.1
M03520:605:000000000-LVNKY:1:1102:7972:9183;size=24	RH.DDB83AFF97C94C6Z0Z_R	100.000	25	0	1.18e-09	50.1
M03520:605:000000000-LVNKY:1:1102:7972:9183;size=24	RH.DDB83AFF97C94C6Z0Z_F	100.000	24	0	4.65e-09	48.1
M03520:605:000000000-LVNKY:1:1103:11470:5673;size=24	RH.2AFFFBA0E81C482Z0Z_R	100.000	23	0	1.84e-08	46.1
M03520:605:000000000-LVNKY:1:1103:11470:5673;size=24	RH.2AFFFBA0E81C482Z0Z_F	100.000	23	0	1.84e-08	46.1
M03520:605:000000000-LVNKY:1:1103:13151:17695;size=24	RH.B9EF730EBE6C436Z0Z_R	100.000	25	0	1.18e-09	50.1
M03520:605:000000000-LVNKY:1:1103:13151:17695;size=24	RH.B9EF730EBE6C436Z0Z_F	96.000	25	1	2.87e-07	42.1
M03520:605:000000000-LVNKY:1:1103:13854:3195;size=24	RH.DDB83AFF97C94C6Z0Z_R	100.000	25	0	1.18e-09	50.1
M03520:605:000000000-LVNKY:1:1103:13854:3195;size=24	RH.DDB83AFF97C94C6Z0Z_F	100.000	24	0	4.65e-09	48.1
M03520:605:000000000-LVNKY:1:1103:14385:13229;size=24	RH.0BD19D1A26A74EBZ0Z_F	100.000	25	0	1.18e-09	50.1
M03520:605:000000000-LVNKY:1:1103:14385:13229;size=24	RH.0BD19D1A26A74EBZ0Z_R	95.833	24	1	1.13e-06	40.1
M03520:605:000000000-LVNKY:1:1103:18940:8626;size=24	RH.7CE39E25906745AZ0Z_R	100.000	26	0	2.98e-10	52.0
M03520:605:000000000-LVNKY:1:1103:18940:8626;size=24	RH.7CE39E25906745AZ0Z_F	100.000	25	0	1.18e-09	50.1
M03520:605:000000000-LVNKY:1:1103:19120:9139;size=24	RH.2A8AD21024974C0Z0Z_R	100.000	25	0	1.18e-09	50.1
M03520:605:000000000-LVNKY:1:1103:19120:9139;size=24	RH.FC3FC8C7290A49DZ0Z_F	100.000	19	0	4.48e-06	38.2
M03520:605:000000000-LVNKY:1:1103:20813:3525;size=24	RH.85A5303CAAF54ADZ0Z_F	100.000	21	0	2.87e-07	42.1
M03520:605:000000000-LVNKY:1:1103:21010:9677;size=24	RH.85A5303CAAF54ADZ0Z_R	100.000	22	0	7.27e-08	44.1
M03520:605:000000000-LVNKY:1:1103:21010:9677;size=24	RH.85A5303CAAF54ADZ0Z_F	100.000	21	0	2.87e-07	42.1
M03520:605:000000000-LVNKY:1:1103:7088:19210;size=24	RH.DDB83AFF97C94C6Z0Z_R	100.000	25	0	1.18e-09	50.1
M03520:605:000000000-LVNKY:1:1103:7088:19210;size=24	RH.DDB83AFF97C94C6Z0Z_F	100.000	24	0	4.65e-09	48.1
M03520:605:000000000-LVNKY:1:1103:7230:6625;size=24	RH.85A5303CAAF54ADZ0Z_R	100.000	22	0	7.27e-08	44.1
M03520:605:000000000-LVNKY:1:1103:7230:6625;size=24	RH.85A5303CAAF54ADZ0Z_F	100.000	20	0	1.13e-06	40.1
M03520:605:000000000-LVNKY:1:1103:9322:6000;size=24	RH.0096A141894D447Z0Z_F	100.000	24	0	4.65e-09	48.1
M03520:605:000000000-LVNKY:1:1104:16080:10394;size=24	RH.2AFFFBA0E81C482Z0Z_R	100.000	23	0	1.84e-08	46.1
M03520:605:000000000-LVNKY:1:1104:16080:10394;size=24	RH.2AFFFBA0E81C482Z0Z_F	100.000	23	0	1.84e-08	46.1
M03520:605:000000000-LVNKY:1:1104:25084:9926;size=24	RH.7CE39E25906745AZ0Z_R	100.000	26	0	2.98e-10	52.0
M03520:605:000000000-LVNKY:1:1104:25084:9926;size=24	RH.7CE39E25906745AZ0Z_F	100.000	25	0	1.18e-09	50.1
M03520:605:000000000-LVNKY:1:1104:5247:12274;size=24	RH.85A5303CAAF54ADZ0Z_R	100.000	22	0	7.27e-08	44.1
M03520:605:000000000-LVNKY:1:1104:5247:12274;size=24	RH.85A5303CAAF54ADZ0Z_F	100.000	21	0	2.87e-07	42.1
M03520:605:000000000-LVNKY:1:1107:20579:4540;size=24	RH.7CE39E25906745AZ0Z_R	100.000	26	0	2.98e-10	52.0
M03520:605:000000000-LVNKY:1:1107:20579:4540;size=24	RH.7CE39E25906745AZ0Z_F	100.000	25	0	1.18e-09	50.1
M03520:605:000000000-LVNKY:1:1101:10880:21443;size=23	RH.7CE39E25906745AZ0Z_R	100.000	26	0	2.98e-10	52.0
M03520:605:000000000-LVNKY:1:1101:10880:21443;size=23	RH.7CE39E25906745AZ0Z_F	100.000	25	0	1.18e-09	50.1
M03520:605:000000000-LVNKY:1:1101:11162:17997;size=23	RH.0550AF0F57084ADZ0Z_F	100.000	24	0	4.65e-09	48.1
M03520:605:000000000-LVNKY:1:1101:11468:2529;size=23	RH.7CE39E25906745AZ0Z_R	100.000	26	0	2.98e-10	52.0
M03520:605:000000000-LVNKY:1:1101:11468:2529;size=23	RH.7CE39E25906745AZ0Z_F	96.000	25	1	2.87e-07	42.1
M03520:605:000000000-LVNKY:1:1101:11550:12919;size=23	RH.85A5303CAAF54ADZ0Z_R	100.000	22	0	7.27e-08	44.1
M03520:605:000000000-LVNKY:1:1101:11550:12919;size=23	RH.85A5303CAAF54ADZ0Z_F	100.000	21	0	2.87e-07	42.1
M03520:605:000000000-LVNKY:1:1101:12072:16600;size=23	RH.2A8AD21024974C0Z0Z_F	100.000	26	0	2.98e-10	52.0
M03520:605:000000000-LVNKY:1:1101:12072:16600;size=23	RH.2A8AD21024974C0Z0Z_R	100.000	25	0	1.18e-09	50.1
M03520:605:000000000-LVNKY:1:1101:15744:12530;size=23	RH.DDB83AFF97C94C6Z0Z_R	100.000	25	0	1.18e-09	50.1
M03520:605:000000000-LVNKY:1:1101:15744:12530;size=23	RH.DDB83AFF97C94C6Z0Z_F	100.000	24	0	4.65e-09	48.1
M03520:605:000000000-LVNKY:1:1101:15988:16826;size=23	RH.0550AF0F57084ADZ0Z_F	100.000	24	0	4.65e-09	48.1
M03520:605:000000000-LVNKY:1:1101:15988:16826;size=23	RH.0550AF0F57084ADZ0Z_R	100.000	22	0	7.27e-08	44.1
M03520:605:000000000-LVNKY:1:1101:17312:5627;size=23	RH.0BD19D1A26A74EBZ0Z_F	100.000	25	0	1.18e-09	50.1
M03520:605:000000000-LVNKY:1:1101:17312:5627;size=23	RH.0BD19D1A26A74EBZ0Z_R	100.000	24	0	4.65e-09	48.1
M03520:605:000000000-LVNKY:1:1101:18737:9296;size=23	RH.85A5303CAAF54ADZ0Z_R	100.000	22	0	7.27e-08	44.1
M03520:605:000000000-LVNKY:1:1101:18737:9296;size=23	RH.85A5303CAAF54ADZ0Z_F	100.000	21	0	2.87e-07	42.1
M03520:605:000000000-LVNKY:1:1101:19100:18682;size=23	RH.DDB83AFF97C94C6Z0Z_R	100.000	25	0	1.18e-09	50.1
M03520:605:000000000-LVNKY:1:1101:19100:18682;size=23	RH.DDB83AFF97C94C6Z0Z_F	100.000	20	0	1.13e-06	40.1
M03520:605:000000000-LVNKY:1:1101:20121:23300;size=23	RH.85A5303CAAF54ADZ0Z_F	100.000	21	0	2.87e-07	42.1
M03520:605:000000000-LVNKY:1:1101:24514:10282;size=23	RH.0BD19D1A26A74EBZ0Z_F	100.000	25	0	1.18e-09	50.1
M03520:605:000000000-LVNKY:1:1101:24514:10282;size=23	RH.0BD19D1A26A74EBZ0Z_R	100.000	24	0	4.65e-09	48.1
M03520:605:000000000-LVNKY:1:1101:25207:21171;size=23	RH.0096A141894D447Z0Z_F	100.000	24	0	4.65e-09	48.1
M03520:605:000000000-LVNKY:1:1101:25207:21171;size=23	RH.0096A141894D447Z0Z_R	100.000	21	0	2.87e-07	42.1
M03520:605:000000000-LVNKY:1:1101:26067:21978;size=23	RH.51338FA06EDB4F0Z0Z_R	100.000	25	0	1.18e-09	50.1
M03520:605:000000000-LVNKY:1:1101:26067:21978;size=23	RH.51338FA06EDB4F0Z0Z_F	100.000	25	0	1.18e-09	50.1
M03520:605:000000000-LVNKY:1:1101:26473:20407;size=23	RH.DDB83AFF97C94C6Z0Z_R	100.000	25	0	1.18e-09	50.1
M03520:605:000000000-LVNKY:1:1101:26473:20407;size=23	RH.DDB83AFF97C94C6Z0Z_F	95.833	24	1	1.13e-06	40.1
M03520:605:000000000-LVNKY:1:1101:26844:9338;size=23	RH.0BD19D1A26A74EBZ0Z_F	100.000	25	0	1.18e-09	50.1
M03520:605:000000000-LVNKY:1:1101:26844:9338;size=23	RH.0BD19D1A26A74EBZ0Z_R	100.000	24	0	4.65e-09	48.1
M03520:605:000000000-LVNKY:1:1101:28878:14271;size=23	RH.2A8AD21024974C0Z0Z_F	100.000	26	0	2.98e-10	52.0
M03520:605:000000000-LVNKY:1:1101:28878:14271;size=23	RH.2A8AD21024974C0Z0Z_R	100.000	25	0	1.18e-09	50.1
M03520:605:000000000-LVNKY:1:1101:5146:11248;size=23	RH.2AFFFBA0E81C482Z0Z_R	100.000	23	0	1.84e-08	46.1
M03520:605:000000000-LVNKY:1:1101:5146:11248;size=23	RH.2AFFFBA0E81C482Z0Z_F	100.000	23	0	1.84e-08	46.1
M03520:605:000000000-LVNKY:1:1101:5719:20806;size=23	RH.3D465DB261444C9Z0Z_F	100.000	24	0	4.65e-09	48.1
M03520:605:000000000-LVNKY:1:1101:5719:20806;size=23	RH.3D465DB261444C9Z0Z_R	100.000	23	0	1.84e-08	46.1
M03520:605:000000000-LVNKY:1:1101:7261:8839;size=23	RH.B9EF730EBE6C436Z0Z_R	100.000	25	0	1.18e-09	50.1
M03520:605:000000000-LVNKY:1:1101:7261:8839;size=23	RH.B9EF730EBE6C436Z0Z_F	100.000	25	0	1.18e-09	50.1
M03520:605:000000000-LVNKY:1:1101:8985:15896;size=23	RH.B9EF730EBE6C436Z0Z_R	100.000	25	0	1.18e-09	50.1
M03520:605:000000000-LVNKY:1:1101:8985:15896;size=23	RH.B9EF730EBE6C436Z0Z_F	100.000	25	0	1.18e-09	50.1
M03520:605:000000000-LVNKY:1:1101:9353:24653;size=23	RH.27578A9A85FA4A3Z0Z_F	100.000	24	0	4.65e-09	48.1
M03520:605:000000000-LVNKY:1:1101:9353:24653;size=23	RH.27578A9A85FA4A3Z0Z_R	100.000	22	0	7.27e-08	44.1
M03520:605:000000000-LVNKY:1:1102:10359:22975;size=23	RH.0BD19D1A26A74EBZ0Z_F	100.000	25	0	1.18e-09	50.1
M03520:605:000000000-LVNKY:1:1102:10359:22975;size=23	RH.0BD19D1A26A74EBZ0Z_R	100.000	24	0	4.65e-09	48.1
M03520:605:000000000-LVNKY:1:1102:15352:7112;size=23	RH.7CE39E25906745AZ0Z_R	100.000	26	0	2.98e-10	52.0
M03520:605:000000000-LVNKY:1:1102:15352:7112;size=23	RH.7CE39E25906745AZ0Z_F	100.000	25	0	1.18e-09	50.1
M03520:605:000000000-LVNKY:1:1102:15935:13805;size=23	RH.51338FA06EDB4F0Z0Z_F	100.000	25	0	1.18e-09	50.1
M03520:605:000000000-LVNKY:1:1102:15935:13805;size=23	RH.51338FA06EDB4F0Z0Z_R	100.000	25	0	1.18e-09	50.1
M03520:605:000000000-LVNKY:1:1102:16678:14213;size=23	RH.B9EF730EBE6C436Z0Z_R	100.000	25	0	1.18e-09	50.1
M03520:605:000000000-LVNKY:1:1102:16678:14213;size=23	RH.B9EF730EBE6C436Z0Z_F	100.000	25	0	1.18e-09	50.1
M03520:605:000000000-LVNKY:1:1102:19148:5991;size=23	RH.85A5303CAAF54ADZ0Z_R	100.000	22	0	7.27e-08	44.1
M03520:605:000000000-LVNKY:1:1102:19148:5991;size=23	RH.85A5303CAAF54ADZ0Z_F	100.000	21	0	2.87e-07	42.1
M03520:605:000000000-LVNKY:1:1102:20500:10915;size=23	RH.7CE39E25906745AZ0Z_R	100.000	26	0	2.98e-10	52.0
M03520:605:000000000-LVNKY:1:1102:20500:10915;size=23	RH.7CE39E25906745AZ0Z_F	100.000	25	0	1.18e-09	50.1
M03520:605:000000000-LVNKY:1:1102:21893:26159;size=23	RH.0BD19D1A26A74EBZ0Z_F	100.000	25	0	1.18e-09	50.1
M03520:605:000000000-LVNKY:1:1102:21893:26159;size=23	RH.0BD19D1A26A74EBZ0Z_R	100.000	24	0	4.65e-09	48.1
M03520:605:000000000-LVNKY:1:1102:24403:8056;size=23	RH.0BD19D1A26A74EBZ0Z_F	100.000	25	0	1.18e-09	50.1
M03520:605:000000000-LVNKY:1:1102:24403:8056;size=23	RH.0BD19D1A26A74EBZ0Z_R	100.000	24	0	4.65e-09	48.1
M03520:605:000000000-LVNKY:1:1102:28748:11279;size=23	RH.85A5303CAAF54ADZ0Z_R	100.000	22	0	7.27e-08	44.1
M03520:605:000000000-LVNKY:1:1102:28748:11279;size=23	RH.85A5303CAAF54ADZ0Z_F	100.000	21	0	2.87e-07	42.1
M03520:605:000000000-LVNKY:1:1102:3980:8666;size=23	RH.B9EF730EBE6C436Z0Z_F	100.000	25	0	1.18e-09	50.1
M03520:605:000000000-LVNKY:1:1102:3980:8666;size=23	RH.B9EF730EBE6C436Z0Z_R	96.000	25	1	2.87e-07	42.1
M03520:605:000000000-LVNKY:1:1102:8220:21897;size=23	RH.2AFFFBA0E81C482Z0Z_R	100.000	23	0	1.84e-08	46.1
M03520:605:000000000-LVNKY:1:1102:8220:21897;size=23	RH.2AFFFBA0E81C482Z0Z_F	100.000	23	0	1.84e-08	46.1
M03520:605:000000000-LVNKY:1:1102:9342:19683;size=23	RH.0BD19D1A26A74EBZ0Z_R	100.000	24	0	4.65e-09	48.1
M03520:605:000000000-LVNKY:1:1102:9342:19683;size=23	RH.0BD19D1A26A74EBZ0Z_F	96.000	25	1	2.87e-07	42.1
M03520:605:000000000-LVNKY:1:1102:9417:18852;size=23	RH.0550AF0F57084ADZ0Z_F	100.000	24	0	4.65e-09	48.1
M03520:605:000000000-LVNKY:1:1102:9417:18852;size=23	RH.0550AF0F57084ADZ0Z_R	100.000	22	0	7.27e-08	44.1
M03520:605:000000000-LVNKY:1:1103:25830:14791;size=23	RH.E4A8B94D0D174D9Z0Z_R	100.000	24	0	4.65e-09	48.1
M03520:605:000000000-LVNKY:1:1103:25830:14791;size=23	RH.E4A8B94D0D174D9Z0Z_F	100.000	23	0	1.84e-08	46.1
M03520:605:000000000-LVNKY:1:1104:9309:6154;size=23	RH.0BD19D1A26A74EBZ0Z_F	100.000	25	0	1.18e-09	50.1
M03520:605:000000000-LVNKY:1:1104:9309:6154;size=23	RH.0BD19D1A26A74EBZ0Z_R	100.000	24	0	4.65e-09	48.1
M03520:605:000000000-LVNKY:1:1101:10089:24281;size=22	RH.2A8AD21024974C0Z0Z_F	100.000	26	0	2.98e-10	52.0
M03520:605:000000000-LVNKY:1:1101:10089:24281;size=22	RH.2A8AD21024974C0Z0Z_R	100.000	25	0	1.18e-09	50.1
M03520:605:000000000-LVNKY:1:1101:10930:20251;size=22	RH.85A5303CAAF54ADZ0Z_F	100.000	21	0	2.87e-07	42.1
M03520:605:000000000-LVNKY:1:1101:10947:13663;size=22	RH.2AFFFBA0E81C482Z0Z_R	100.000	23	0	1.84e-08	46.1
M03520:605:000000000-LVNKY:1:1101:10947:13663;size=22	RH.2AFFFBA0E81C482Z0Z_F	100.000	23	0	1.84e-08	46.1
M03520:605:000000000-LVNKY:1:1101:11267:10002;size=22	RH.51338FA06EDB4F0Z0Z_R	100.000	25	0	1.18e-09	50.1
M03520:605:000000000-LVNKY:1:1101:11267:10002;size=22	RH.51338FA06EDB4F0Z0Z_F	100.000	25	0	1.18e-09	50.1
M03520:605:000000000-LVNKY:1:1101:11777:11924;size=22	RH.2AFFFBA0E81C482Z0Z_R	100.000	23	0	1.84e-08	46.1
M03520:605:000000000-LVNKY:1:1101:11777:11924;size=22	RH.2AFFFBA0E81C482Z0Z_F	100.000	23	0	1.84e-08	46.1
M03520:605:000000000-LVNKY:1:1101:13167:5059;size=22	RH.0550AF0F57084ADZ0Z_F	100.000	24	0	4.65e-09	48.1
M03520:605:000000000-LVNKY:1:1101:15074:17323;size=22	RH.8BDD8BEDFC3B423Z0Z_F	100.000	21	0	2.87e-07	42.1
M03520:605:000000000-LVNKY:1:1101:15408:4477;size=22	RH.2AFFFBA0E81C482Z0Z_R	100.000	23	0	1.84e-08	46.1
M03520:605:000000000-LVNKY:1:1101:15408:4477;size=22	RH.2AFFFBA0E81C482Z0Z_F	100.000	23	0	1.84e-08	46.1
M03520:605:000000000-LVNKY:1:1101:15570:14491;size=22	RH.51338FA06EDB4F0Z0Z_R	100.000	25	0	1.18e-09	50.1
M03520:605:000000000-LVNKY:1:1101:15570:14491;size=22	RH.51338FA06EDB4F0Z0Z_F	100.000	25	0	1.18e-09	50.1
M03520:605:000000000-LVNKY:1:1101:15693:19510;size=22	RH.DDB83AFF97C94C6Z0Z_R	100.000	25	0	1.18e-09	50.1
M03520:605:000000000-LVNKY:1:1101:15693:19510;size=22	RH.DDB83AFF97C94C6Z0Z_F	95.833	24	1	1.13e-06	40.1
M03520:605:000000000-LVNKY:1:1101:16003:11562;size=22	RH.DDB83AFF97C94C6Z0Z_R	100.000	25	0	1.18e-09	50.1
M03520:605:000000000-LVNKY:1:1101:16003:11562;size=22	RH.DDB83AFF97C94C6Z0Z_F	100.000	24	0	4.65e-09	48.1
M03520:605:000000000-LVNKY:1:1101:16386:22837;size=22	RH.27578A9A85FA4A3Z0Z_F	100.000	24	0	4.65e-09	48.1
M03520:605:000000000-LVNKY:1:1101:16386:22837;size=22	RH.27578A9A85FA4A3Z0Z_R	100.000	22	0	7.27e-08	44.1
M03520:605:000000000-LVNKY:1:1101:17235:2114;size=22	RH.6572108A164E48EZ0Z_R	100.000	25	0	1.18e-09	50.1
M03520:605:000000000-LVNKY:1:1101:17235:2114;size=22	RH.6572108A164E48EZ0Z_F	100.000	24	0	4.65e-09	48.1
M03520:605:000000000-LVNKY:1:1101:19433:8640;size=22	RH.85A5303CAAF54ADZ0Z_R	100.000	22	0	7.27e-08	44.1
M03520:605:000000000-LVNKY:1:1101:19433:8640;size=22	RH.85A5303CAAF54ADZ0Z_F	100.000	21	0	2.87e-07	42.1
M03520:605:000000000-LVNKY:1:1101:20281:19679;size=22	RH.67ADC9DA0CC4464Z0Z_R	100.000	21	0	2.87e-07	42.1
M03520:605:000000000-LVNKY:1:1101:20281:19679;size=22	RH.67ADC9DA0CC4464Z0Z_F	100.000	21	0	2.87e-07	42.1
M03520:605:000000000-LVNKY:1:1101:25487:13329;size=22	RH.69CEA0AC39F4445Z0Z_F	100.000	24	0	4.65e-09	48.1
M03520:605:000000000-LVNKY:1:1101:25487:13329;size=22	RH.69CEA0AC39F4445Z0Z_R	100.000	21	0	2.87e-07	42.1
M03520:605:000000000-LVNKY:1:1101:26487:15110;size=22	RH.0BD19D1A26A74EBZ0Z_F	100.000	25	0	1.18e-09	50.1
M03520:605:000000000-LVNKY:1:1101:26487:15110;size=22	RH.0BD19D1A26A74EBZ0Z_R	95.833	24	1	1.13e-06	40.1
M03520:605:000000000-LVNKY:1:1101:28109:12086;size=22	RH.DDB83AFF97C94C6Z0Z_R	100.000	25	0	1.18e-09	50.1
M03520:605:000000000-LVNKY:1:1101:28109:12086;size=22	RH.DDB83AFF97C94C6Z0Z_F	95.833	24	1	1.13e-06	40.1
M03520:605:000000000-LVNKY:1:1101:3280:12123;size=22	RH.7CE39E25906745AZ0Z_R	100.000	26	0	2.98e-10	52.0
M03520:605:000000000-LVNKY:1:1101:3280:12123;size=22	RH.7CE39E25906745AZ0Z_F	100.000	25	0	1.18e-09	50.1
M03520:605:000000000-LVNKY:1:1101:5507:11347;size=22	RH.69CEA0AC39F4445Z0Z_F	100.000	24	0	4.65e-09	48.1
M03520:605:000000000-LVNKY:1:1101:5507:11347;size=22	RH.69CEA0AC39F4445Z0Z_R	100.000	22	0	7.27e-08	44.1
M03520:605:000000000-LVNKY:1:1101:6542:15319;size=22	RH.51338FA06EDB4F0Z0Z_R	100.000	25	0	1.18e-09	50.1
M03520:605:000000000-LVNKY:1:1101:6542:15319;size=22	RH.51338FA06EDB4F0Z0Z_F	100.000	23	0	1.84e-08	46.1
M03520:605:000000000-LVNKY:1:1101:6975:13826;size=22	RH.DDB83AFF97C94C6Z0Z_R	100.000	25	0	1.18e-09	50.1
M03520:605:000000000-LVNKY:1:1101:6975:13826;size=22	RH.DDB83AFF97C94C6Z0Z_F	100.000	24	0	4.65e-09	48.1
M03520:605:000000000-LVNKY:1:1101:7576:19039;size=22	RH.85A5303CAAF54ADZ0Z_R	100.000	22	0	7.27e-08	44.1
M03520:605:000000000-LVNKY:1:1101:7576:19039;size=22	RH.85A5303CAAF54ADZ0Z_F	100.000	21	0	2.87e-07	42.1
M03520:605:000000000-LVNKY:1:1101:8216:21814;size=22	RH.7CE39E25906745AZ0Z_R	100.000	26	0	2.98e-10	52.0
M03520:605:000000000-LVNKY:1:1101:8216:21814;size=22	RH.7CE39E25906745AZ0Z_F	96.000	25	1	2.87e-07	42.1
M03520:605:000000000-LVNKY:1:1102:13367:11668;size=22	RH.40933F98BDDD40FZ0Z_F	100.000	25	0	1.18e-09	50.1
M03520:605:000000000-LVNKY:1:1102:13367:11668;size=22	RH.40933F98BDDD40FZ0Z_R	100.000	24	0	4.65e-09	48.1
M03520:605:000000000-LVNKY:1:1102:13609:6830;size=22	RH.69CEA0AC39F4445Z0Z_F	100.000	24	0	4.65e-09	48.1
M03520:605:000000000-LVNKY:1:1102:13609:6830;size=22	RH.69CEA0AC39F4445Z0Z_R	100.000	23	0	1.84e-08	46.1
M03520:605:000000000-LVNKY:1:1102:14003:25718;size=22	RH.DDB83AFF97C94C6Z0Z_R	100.000	25	0	1.18e-09	50.1
M03520:605:000000000-LVNKY:1:1102:14003:25718;size=22	RH.DDB83AFF97C94C6Z0Z_F	100.000	24	0	4.65e-09	48.1
M03520:605:000000000-LVNKY:1:1102:14082:11199;size=22	RH.7CE39E25906745AZ0Z_F	100.000	25	0	1.18e-09	50.1
M03520:605:000000000-LVNKY:1:1102:14082:11199;size=22	RH.7CE39E25906745AZ0Z_R	96.154	26	1	7.27e-08	44.1
M03520:605:000000000-LVNKY:1:1102:14593:6630;size=22	RH.DDB83AFF97C94C6Z0Z_R	100.000	25	0	1.18e-09	50.1
M03520:605:000000000-LVNKY:1:1102:20750:12230;size=22	RH.2AFFFBA0E81C482Z0Z_R	100.000	23	0	1.84e-08	46.1
M03520:605:000000000-LVNKY:1:1102:20750:12230;size=22	RH.2AFFFBA0E81C482Z0Z_F	100.000	23	0	1.84e-08	46.1
M03520:605:000000000-LVNKY:1:1102:22607:13783;size=22	RH.85A5303CAAF54ADZ0Z_R	100.000	22	0	7.27e-08	44.1
M03520:605:000000000-LVNKY:1:1102:22607:13783;size=22	RH.85A5303CAAF54ADZ0Z_F	100.000	21	0	2.87e-07	42.1
M03520:605:000000000-LVNKY:1:1102:23471:15655;size=22	RH.85A5303CAAF54ADZ0Z_F	100.000	21	0	2.87e-07	42.1
M03520:605:000000000-LVNKY:1:1102:24094:5521;size=22	RH.DDB83AFF97C94C6Z0Z_R	100.000	25	0	1.18e-09	50.1
M03520:605:000000000-LVNKY:1:1102:24094:5521;size=22	RH.DDB83AFF97C94C6Z0Z_F	95.833	24	1	1.13e-06	40.1
M03520:605:000000000-LVNKY:1:1102:3885:13373;size=22	RH.0BD19D1A26A74EBZ0Z_F	100.000	25	0	1.18e-09	50.1
M03520:605:000000000-LVNKY:1:1102:3885:13373;size=22	RH.0BD19D1A26A74EBZ0Z_R	100.000	24	0	4.65e-09	48.1
M03520:605:000000000-LVNKY:1:1102:4451:19050;size=22	RH.85A5303CAAF54ADZ0Z_R	100.000	22	0	7.27e-08	44.1
M03520:605:000000000-LVNKY:1:1102:4451:19050;size=22	RH.85A5303CAAF54ADZ0Z_F	100.000	19	0	4.48e-06	38.2
M03520:605:000000000-LVNKY:1:1102:4509:16591;size=22	RH.B9EF730EBE6C436Z0Z_F	100.000	25	0	1.18e-09	50.1
M03520:605:000000000-LVNKY:1:1102:4509:16591;size=22	RH.B9EF730EBE6C436Z0Z_R	96.000	25	1	2.87e-07	42.1
M03520:605:000000000-LVNKY:1:1102:5239:20683;size=22	RH.0096A141894D447Z0Z_F	100.000	24	0	4.65e-09	48.1
M03520:605:000000000-LVNKY:1:1102:5239:20683;size=22	RH.0096A141894D447Z0Z_R	100.000	21	0	2.87e-07	42.1
M03520:605:000000000-LVNKY:1:1102:6380:17778;size=22	RH.B9EF730EBE6C436Z0Z_R	100.000	25	0	1.18e-09	50.1
M03520:605:000000000-LVNKY:1:1102:6380:17778;size=22	RH.B9EF730EBE6C436Z0Z_F	100.000	25	0	1.18e-09	50.1
M03520:605:000000000-LVNKY:1:1103:13874:20253;size=22	RH.85A5303CAAF54ADZ0Z_R	100.000	22	0	7.27e-08	44.1
M03520:605:000000000-LVNKY:1:1103:13874:20253;size=22	RH.85A5303CAAF54ADZ0Z_F	100.000	21	0	2.87e-07	42.1
M03520:605:000000000-LVNKY:1:1103:17951:16853;size=22	RH.51338FA06EDB4F0Z0Z_F	100.000	25	0	1.18e-09	50.1
M03520:605:000000000-LVNKY:1:1103:17951:16853;size=22	RH.51338FA06EDB4F0Z0Z_R	100.000	25	0	1.18e-09	50.1
M03520:605:000000000-LVNKY:1:1103:19101:12182;size=22	RH.0BD19D1A26A74EBZ0Z_F	100.000	25	0	1.18e-09	50.1
M03520:605:000000000-LVNKY:1:1103:19101:12182;size=22	RH.0BD19D1A26A74EBZ0Z_R	100.000	23	0	1.84e-08	46.1
M03520:605:000000000-LVNKY:1:1103:20394:12815;size=22	RH.51338FA06EDB4F0Z0Z_R	100.000	25	0	1.18e-09	50.1
M03520:605:000000000-LVNKY:1:1103:20394:12815;size=22	RH.51338FA06EDB4F0Z0Z_F	100.000	25	0	1.18e-09	50.1
M03520:605:000000000-LVNKY:1:1103:23789:12828;size=22	RH.DDB83AFF97C94C6Z0Z_R	100.000	25	0	1.18e-09	50.1
M03520:605:000000000-LVNKY:1:1103:23789:12828;size=22	RH.DDB83AFF97C94C6Z0Z_F	100.000	24	0	4.65e-09	48.1
M03520:605:000000000-LVNKY:1:1103:5131:8210;size=22	RH.85A5303CAAF54ADZ0Z_F	100.000	21	0	2.87e-07	42.1
M03520:605:000000000-LVNKY:1:1103:8800:14394;size=22	RH.0096A141894D447Z0Z_F	100.000	24	0	4.65e-09	48.1
M03520:605:000000000-LVNKY:1:1103:8800:14394;size=22	RH.0096A141894D447Z0Z_R	100.000	21	0	2.87e-07	42.1
M03520:605:000000000-LVNKY:1:1104:15518:2248;size=22	RH.0096A141894D447Z0Z_F	100.000	24	0	4.65e-09	48.1
M03520:605:000000000-LVNKY:1:1104:15518:2248;size=22	RH.0096A141894D447Z0Z_R	100.000	21	0	2.87e-07	42.1
M03520:605:000000000-LVNKY:1:1104:20584:10121;size=22	RH.7CE39E25906745AZ0Z_R	100.000	26	0	2.98e-10	52.0
M03520:605:000000000-LVNKY:1:1104:20584:10121;size=22	RH.7CE39E25906745AZ0Z_F	100.000	25	0	1.18e-09	50.1
M03520:605:000000000-LVNKY:1:1101:10037:25190;size=21	RH.B9EF730EBE6C436Z0Z_F	100.000	25	0	1.18e-09	50.1
M03520:605:000000000-LVNKY:1:1101:10037:25190;size=21	RH.B9EF730EBE6C436Z0Z_R	96.000	25	1	2.87e-07	42.1
M03520:605:000000000-LVNKY:1:1101:10747:4868;size=21	RH.0550AF0F57084ADZ0Z_F	100.000	24	0	4.65e-09	48.1
M03520:605:000000000-LVNKY:1:1101:10747:4868;size=21	RH.0550AF0F57084ADZ0Z_R	100.000	22	0	7.27e-08	44.1
M03520:605:000000000-LVNKY:1:1101:12146:12377;size=21	RH.0550AF0F57084ADZ0Z_F	100.000	24	0	4.65e-09	48.1
M03520:605:000000000-LVNKY:1:1101:12146:12377;size=21	RH.0550AF0F57084ADZ0Z_R	100.000	20	0	1.13e-06	40.1
M03520:605:000000000-LVNKY:1:1101:12838:4815;size=21	RH.1CC74B91718A42FZ0Z_R	100.000	25	0	1.18e-09	50.1
M03520:605:000000000-LVNKY:1:1101:12838:4815;size=21	RH.1CC74B91718A42FZ0Z_F	100.000	24	0	4.65e-09	48.1
M03520:605:000000000-LVNKY:1:1101:12912:10031;size=21	RH.2AFFFBA0E81C482Z0Z_R	100.000	23	0	1.84e-08	46.1
M03520:605:000000000-LVNKY:1:1101:12912:10031;size=21	RH.2AFFFBA0E81C482Z0Z_F	100.000	23	0	1.84e-08	46.1
M03520:605:000000000-LVNKY:1:1101:13049:1639;size=21	RH.B9EF730EBE6C436Z0Z_R	100.000	25	0	1.18e-09	50.1
M03520:605:000000000-LVNKY:1:1101:13049:1639;size=21	RH.B9EF730EBE6C436Z0Z_F	100.000	25	0	1.18e-09	50.1
M03520:605:000000000-LVNKY:1:1101:13130:6704;size=21	RH.2AFFFBA0E81C482Z0Z_R	100.000	23	0	1.84e-08	46.1
M03520:605:000000000-LVNKY:1:1101:13130:6704;size=21	RH.2AFFFBA0E81C482Z0Z_F	100.000	23	0	1.84e-08	46.1
M03520:605:000000000-LVNKY:1:1101:13677:15980;size=21	RH.51338FA06EDB4F0Z0Z_F	100.000	25	0	1.18e-09	50.1
M03520:605:000000000-LVNKY:1:1101:13677:15980;size=21	RH.51338FA06EDB4F0Z0Z_R	100.000	25	0	1.18e-09	50.1
M03520:605:000000000-LVNKY:1:1101:13820:19591;size=21	RH.85A5303CAAF54ADZ0Z_R	100.000	22	0	7.27e-08	44.1
M03520:605:000000000-LVNKY:1:1101:15314:18610;size=21	RH.7CE39E25906745AZ0Z_R	100.000	26	0	2.98e-10	52.0
M03520:605:000000000-LVNKY:1:1101:15314:18610;size=21	RH.7CE39E25906745AZ0Z_F	100.000	25	0	1.18e-09	50.1
M03520:605:000000000-LVNKY:1:1101:17149:17024;size=21	RH.0550AF0F57084ADZ0Z_F	100.000	24	0	4.65e-09	48.1
M03520:605:000000000-LVNKY:1:1101:17149:17024;size=21	RH.0550AF0F57084ADZ0Z_R	100.000	22	0	7.27e-08	44.1
M03520:605:000000000-LVNKY:1:1101:17289:7070;size=21	RH.DDB83AFF97C94C6Z0Z_R	100.000	25	0	1.18e-09	50.1
M03520:605:000000000-LVNKY:1:1101:17289:7070;size=21	RH.DDB83AFF97C94C6Z0Z_F	100.000	24	0	4.65e-09	48.1
M03520:605:000000000-LVNKY:1:1101:18009:10755;size=21	RH.B9EF730EBE6C436Z0Z_R	100.000	25	0	1.18e-09	50.1
M03520:605:000000000-LVNKY:1:1101:18009:10755;size=21	RH.B9EF730EBE6C436Z0Z_F	100.000	25	0	1.18e-09	50.1
M03520:605:000000000-LVNKY:1:1101:19193:8333;size=21	RH.B9EF730EBE6C436Z0Z_R	100.000	25	0	1.18e-09	50.1
M03520:605:000000000-LVNKY:1:1101:19193:8333;size=21	RH.B9EF730EBE6C436Z0Z_F	100.000	25	0	1.18e-09	50.1
M03520:605:000000000-LVNKY:1:1101:19593:26854;size=21	RH.7CE39E25906745AZ0Z_R	100.000	26	0	2.98e-10	52.0
M03520:605:000000000-LVNKY:1:1101:19593:26854;size=21	RH.7CE39E25906745AZ0Z_F	100.000	25	0	1.18e-09	50.1
M03520:605:000000000-LVNKY:1:1101:19872:23514;size=21	RH.51338FA06EDB4F0Z0Z_R	100.000	25	0	1.18e-09	50.1
M03520:605:000000000-LVNKY:1:1101:19872:23514;size=21	RH.51338FA06EDB4F0Z0Z_F	100.000	25	0	1.18e-09	50.1
M03520:605:000000000-LVNKY:1:1101:2186:17444;size=21	RH.0BD19D1A26A74EBZ0Z_F	100.000	25	0	1.18e-09	50.1
M03520:605:000000000-LVNKY:1:1101:2186:17444;size=21	RH.0BD19D1A26A74EBZ0Z_R	100.000	24	0	4.65e-09	48.1
M03520:605:000000000-LVNKY:1:1101:23157:19980;size=21	RH.0BD19D1A26A74EBZ0Z_F	100.000	25	0	1.18e-09	50.1
M03520:605:000000000-LVNKY:1:1101:23157:19980;size=21	RH.0BD19D1A26A74EBZ0Z_R	100.000	24	0	4.65e-09	48.1
M03520:605:000000000-LVNKY:1:1101:24618:14443;size=21	RH.27578A9A85FA4A3Z0Z_F	100.000	24	0	4.65e-09	48.1
M03520:605:000000000-LVNKY:1:1101:24618:14443;size=21	RH.27578A9A85FA4A3Z0Z_R	100.000	22	0	7.27e-08	44.1
M03520:605:000000000-LVNKY:1:1101:26320:8171;size=21	RH.85A5303CAAF54ADZ0Z_R	100.000	22	0	7.27e-08	44.1
M03520:605:000000000-LVNKY:1:1101:26320:8171;size=21	RH.85A5303CAAF54ADZ0Z_F	100.000	21	0	2.87e-07	42.1
M03520:605:000000000-LVNKY:1:1101:29187:14651;size=21	RH.27578A9A85FA4A3Z0Z_F	100.000	24	0	4.65e-09	48.1
M03520:605:000000000-LVNKY:1:1101:4943:21492;size=21	RH.DDB83AFF97C94C6Z0Z_F	100.000	24	0	4.65e-09	48.1
M03520:605:000000000-LVNKY:1:1101:4943:21492;size=21	RH.DDB83AFF97C94C6Z0Z_R	96.000	25	1	2.87e-07	42.1
M03520:605:000000000-LVNKY:1:1101:5513:10950;size=21	RH.DDB83AFF97C94C6Z0Z_F	100.000	24	0	4.65e-09	48.1
M03520:605:000000000-LVNKY:1:1101:5513:10950;size=21	RH.DDB83AFF97C94C6Z0Z_R	96.000	25	1	2.87e-07	42.1
M03520:605:000000000-LVNKY:1:1101:6024:23003;size=21	RH.8B25A056ABC1444Z0Z_R	100.000	24	0	4.65e-09	48.1
M03520:605:000000000-LVNKY:1:1101:6755:20861;size=21	RH.0550AF0F57084ADZ0Z_R	100.000	22	0	7.27e-08	44.1
M03520:605:000000000-LVNKY:1:1101:6755:20861;size=21	RH.0550AF0F57084ADZ0Z_F	95.833	24	1	1.13e-06	40.1
M03520:605:000000000-LVNKY:1:1101:7042:23760;size=21	RH.85A5303CAAF54ADZ0Z_R	100.000	22	0	7.27e-08	44.1
M03520:605:000000000-LVNKY:1:1101:7042:23760;size=21	RH.85A5303CAAF54ADZ0Z_F	100.000	19	0	4.48e-06	38.2
M03520:605:000000000-LVNKY:1:1101:8239:15382;size=21	RH.85A5303CAAF54ADZ0Z_R	100.000	22	0	7.27e-08	44.1
M03520:605:000000000-LVNKY:1:1101:8239:15382;size=21	RH.85A5303CAAF54ADZ0Z_F	100.000	21	0	2.87e-07	42.1
M03520:605:000000000-LVNKY:1:1101:9790:3318;size=21	RH.69CEA0AC39F4445Z0Z_F	100.000	24	0	4.65e-09	48.1
M03520:605:000000000-LVNKY:1:1101:9790:3318;size=21	RH.69CEA0AC39F4445Z0Z_R	100.000	23	0	1.84e-08	46.1
M03520:605:000000000-LVNKY:1:1102:11553:6474;size=21	RH.CF953F27F5674E1Z0Z_R	100.000	25	0	1.18e-09	50.1
M03520:605:000000000-LVNKY:1:1102:15270:7874;size=21	RH.85A5303CAAF54ADZ0Z_R	100.000	22	0	7.27e-08	44.1
M03520:605:000000000-LVNKY:1:1102:15270:7874;size=21	RH.85A5303CAAF54ADZ0Z_F	100.000	21	0	2.87e-07	42.1
M03520:605:000000000-LVNKY:1:1102:16767:27537;size=21	RH.0BD19D1A26A74EBZ0Z_R	100.000	24	0	4.65e-09	48.1
M03520:605:000000000-LVNKY:1:1102:19367:8697;size=21	RH.27578A9A85FA4A3Z0Z_F	100.000	24	0	4.65e-09	48.1
M03520:605:000000000-LVNKY:1:1102:19367:8697;size=21	RH.27578A9A85FA4A3Z0Z_R	100.000	21	0	2.87e-07	42.1
M03520:605:000000000-LVNKY:1:1102:20348:14698;size=21	RH.0BD19D1A26A74EBZ0Z_F	100.000	25	0	1.18e-09	50.1
M03520:605:000000000-LVNKY:1:1102:20348:14698;size=21	RH.0BD19D1A26A74EBZ0Z_R	100.000	24	0	4.65e-09	48.1
M03520:605:000000000-LVNKY:1:1102:20872:22662;size=21	RH.B9EF730EBE6C436Z0Z_R	100.000	25	0	1.18e-09	50.1
M03520:605:000000000-LVNKY:1:1102:20872:22662;size=21	RH.B9EF730EBE6C436Z0Z_F	100.000	25	0	1.18e-09	50.1
M03520:605:000000000-LVNKY:1:1102:21543:5268;size=21	RH.0BD19D1A26A74EBZ0Z_R	100.000	24	0	4.65e-09	48.1
M03520:605:000000000-LVNKY:1:1102:21543:5268;size=21	RH.0BD19D1A26A74EBZ0Z_F	100.000	24	0	4.65e-09	48.1
M03520:605:000000000-LVNKY:1:1102:26311:7536;size=21	RH.0BD19D1A26A74EBZ0Z_F	100.000	25	0	1.18e-09	50.1
M03520:605:000000000-LVNKY:1:1102:26311:7536;size=21	RH.0BD19D1A26A74EBZ0Z_R	95.833	24	1	1.13e-06	40.1
M03520:605:000000000-LVNKY:1:1102:3081:9873;size=21	RH.2AFFFBA0E81C482Z0Z_R	100.000	23	0	1.84e-08	46.1
M03520:605:000000000-LVNKY:1:1102:3081:9873;size=21	RH.2AFFFBA0E81C482Z0Z_F	100.000	23	0	1.84e-08	46.1
M03520:605:000000000-LVNKY:1:1102:3251:14142;size=21	RH.2AFFFBA0E81C482Z0Z_R	100.000	23	0	1.84e-08	46.1
M03520:605:000000000-LVNKY:1:1102:3251:14142;size=21	RH.2AFFFBA0E81C482Z0Z_F	100.000	23	0	1.84e-08	46.1
M03520:605:000000000-LVNKY:1:1102:5611:13556;size=21	RH.0BD19D1A26A74EBZ0Z_R	100.000	24	0	4.65e-09	48.1
M03520:605:000000000-LVNKY:1:1102:5611:13556;size=21	RH.0BD19D1A26A74EBZ0Z_F	100.000	22	0	7.27e-08	44.1
M03520:605:000000000-LVNKY:1:1102:5918:10968;size=21	RH.85A5303CAAF54ADZ0Z_R	100.000	22	0	7.27e-08	44.1
M03520:605:000000000-LVNKY:1:1102:5918:10968;size=21	RH.85A5303CAAF54ADZ0Z_F	100.000	20	0	1.13e-06	40.1
M03520:605:000000000-LVNKY:1:1102:7105:14983;size=21	RH.69CEA0AC39F4445Z0Z_F	100.000	24	0	4.65e-09	48.1
M03520:605:000000000-LVNKY:1:1102:7105:14983;size=21	RH.69CEA0AC39F4445Z0Z_R	100.000	23	0	1.84e-08	46.1
M03520:605:000000000-LVNKY:1:1102:7391:9640;size=21	RH.85A5303CAAF54ADZ0Z_R	100.000	22	0	7.27e-08	44.1
M03520:605:000000000-LVNKY:1:1102:7391:9640;size=21	RH.85A5303CAAF54ADZ0Z_F	100.000	21	0	2.87e-07	42.1
M03520:605:000000000-LVNKY:1:1103:11768:11567;size=21	RH.B9EF730EBE6C436Z0Z_R	100.000	25	0	1.18e-09	50.1
M03520:605:000000000-LVNKY:1:1103:11768:11567;size=21	RH.B9EF730EBE6C436Z0Z_F	100.000	25	0	1.18e-09	50.1
M03520:605:000000000-LVNKY:1:1103:21219:25867;size=21	RH.DDB83AFF97C94C6Z0Z_R	100.000	25	0	1.18e-09	50.1
M03520:605:000000000-LVNKY:1:1103:21219:25867;size=21	RH.DDB83AFF97C94C6Z0Z_F	100.000	24	0	4.65e-09	48.1
M03520:605:000000000-LVNKY:1:1103:9147:19087;size=21	RH.85A5303CAAF54ADZ0Z_R	100.000	22	0	7.27e-08	44.1
M03520:605:000000000-LVNKY:1:1103:9147:19087;size=21	RH.85A5303CAAF54ADZ0Z_F	100.000	21	0	2.87e-07	42.1
M03520:605:000000000-LVNKY:1:1104:10186:12148;size=21	RH.2AFFFBA0E81C482Z0Z_R	100.000	23	0	1.84e-08	46.1
M03520:605:000000000-LVNKY:1:1104:10186:12148;size=21	RH.2AFFFBA0E81C482Z0Z_F	100.000	20	0	1.13e-06	40.1
M03520:605:000000000-LVNKY:1:1104:19648:3877;size=21	RH.85A5303CAAF54ADZ0Z_R	100.000	22	0	7.27e-08	44.1
M03520:605:000000000-LVNKY:1:1104:4971:13040;size=21	RH.02ED2313668747CZ0Z_R	100.000	25	0	1.18e-09	50.1
M03520:605:000000000-LVNKY:1:1107:26696:7702;size=21	RH.FDEF34A308684D6Z0Z_F	100.000	24	0	4.65e-09	48.1
M03520:605:000000000-LVNKY:1:1101:10782:10398;size=20	RH.0BD19D1A26A74EBZ0Z_F	100.000	25	0	1.18e-09	50.1
M03520:605:000000000-LVNKY:1:1101:10782:10398;size=20	RH.0BD19D1A26A74EBZ0Z_R	95.833	24	1	1.13e-06	40.1
M03520:605:000000000-LVNKY:1:1101:11200:13961;size=20	RH.2AFFFBA0E81C482Z0Z_R	100.000	23	0	1.84e-08	46.1
M03520:605:000000000-LVNKY:1:1101:11200:13961;size=20	RH.2AFFFBA0E81C482Z0Z_F	100.000	23	0	1.84e-08	46.1
M03520:605:000000000-LVNKY:1:1101:11230:14366;size=20	RH.8B31C1794529442Z0Z_F	100.000	21	0	2.87e-07	42.1
M03520:605:000000000-LVNKY:1:1101:11230:14366;size=20	RH.8B31C1794529442Z0Z_R	100.000	20	0	1.13e-06	40.1
M03520:605:000000000-LVNKY:1:1101:11850:7589;size=20	RH.DDB83AFF97C94C6Z0Z_R	100.000	25	0	1.18e-09	50.1
M03520:605:000000000-LVNKY:1:1101:11850:7589;size=20	RH.DDB83AFF97C94C6Z0Z_F	100.000	24	0	4.65e-09	48.1
M03520:605:000000000-LVNKY:1:1101:12035:7981;size=20	RH.DDB83AFF97C94C6Z0Z_R	100.000	25	0	1.18e-09	50.1
M03520:605:000000000-LVNKY:1:1101:12035:7981;size=20	RH.DDB83AFF97C94C6Z0Z_F	100.000	24	0	4.65e-09	48.1
M03520:605:000000000-LVNKY:1:1101:12091:17044;size=20	RH.7CE39E25906745AZ0Z_F	100.000	25	0	1.18e-09	50.1
M03520:605:000000000-LVNKY:1:1101:12091:17044;size=20	RH.7CE39E25906745AZ0Z_R	96.154	26	1	7.27e-08	44.1
M03520:605:000000000-LVNKY:1:1101:12150:5199;size=20	RH.B9EF730EBE6C436Z0Z_R	100.000	25	0	1.18e-09	50.1
M03520:605:000000000-LVNKY:1:1101:12150:5199;size=20	RH.B9EF730EBE6C436Z0Z_F	100.000	25	0	1.18e-09	50.1
M03520:605:000000000-LVNKY:1:1101:13764:9096;size=20	RH.0BD19D1A26A74EBZ0Z_F	100.000	25	0	1.18e-09	50.1
M03520:605:000000000-LVNKY:1:1101:13764:9096;size=20	RH.0BD19D1A26A74EBZ0Z_R	95.833	24	1	1.13e-06	40.1
M03520:605:000000000-LVNKY:1:1101:14301:17681;size=20	RH.0550AF0F57084ADZ0Z_F	100.000	24	0	4.65e-09	48.1
M03520:605:000000000-LVNKY:1:1101:14301:17681;size=20	RH.0550AF0F57084ADZ0Z_R	100.000	22	0	7.27e-08	44.1
M03520:605:000000000-LVNKY:1:1101:14835:6927;size=20	RH.8B25A056ABC1444Z0Z_R	100.000	24	0	4.65e-09	48.1
M03520:605:000000000-LVNKY:1:1101:14835:6927;size=20	RH.8B25A056ABC1444Z0Z_F	100.000	22	0	7.27e-08	44.1
M03520:605:000000000-LVNKY:1:1101:14897:4722;size=20	RH.0BD19D1A26A74EBZ0Z_F	100.000	25	0	1.18e-09	50.1
M03520:605:000000000-LVNKY:1:1101:14897:4722;size=20	RH.0BD19D1A26A74EBZ0Z_R	100.000	24	0	4.65e-09	48.1
M03520:605:000000000-LVNKY:1:1101:15091:1942;size=20	RH.85A5303CAAF54ADZ0Z_R	100.000	22	0	7.27e-08	44.1
M03520:605:000000000-LVNKY:1:1101:15091:1942;size=20	RH.85A5303CAAF54ADZ0Z_F	100.000	21	0	2.87e-07	42.1
M03520:605:000000000-LVNKY:1:1101:15248:12708;size=20	RH.B9EF730EBE6C436Z0Z_R	100.000	25	0	1.18e-09	50.1
M03520:605:000000000-LVNKY:1:1101:15248:12708;size=20	RH.B9EF730EBE6C436Z0Z_F	100.000	25	0	1.18e-09	50.1
M03520:605:000000000-LVNKY:1:1101:16198:11030;size=20	RH.7CE39E25906745AZ0Z_R	100.000	26	0	2.98e-10	52.0
M03520:605:000000000-LVNKY:1:1101:16198:11030;size=20	RH.7CE39E25906745AZ0Z_F	100.000	25	0	1.18e-09	50.1
M03520:605:000000000-LVNKY:1:1101:16629:4733;size=20	RH.DDB83AFF97C94C6Z0Z_F	100.000	24	0	4.65e-09	48.1
M03520:605:000000000-LVNKY:1:1101:16629:4733;size=20	RH.DDB83AFF97C94C6Z0Z_R	96.000	25	1	2.87e-07	42.1
M03520:605:000000000-LVNKY:1:1101:18758:6032;size=20	RH.DDB83AFF97C94C6Z0Z_F	100.000	24	0	4.65e-09	48.1
M03520:605:000000000-LVNKY:1:1101:18758:6032;size=20	RH.DDB83AFF97C94C6Z0Z_R	96.000	25	1	2.87e-07	42.1
M03520:605:000000000-LVNKY:1:1101:18870:7486;size=20	RH.0550AF0F57084ADZ0Z_F	100.000	24	0	4.65e-09	48.1
M03520:605:000000000-LVNKY:1:1101:18870:7486;size=20	RH.0550AF0F57084ADZ0Z_R	100.000	19	0	4.48e-06	38.2
M03520:605:000000000-LVNKY:1:1101:19412:22595;size=20	RH.57EBF0B62FE946DZ0Z_F	100.000	23	0	1.84e-08	46.1
M03520:605:000000000-LVNKY:1:1101:19412:22595;size=20	RH.57EBF0B62FE946DZ0Z_R	100.000	22	0	7.27e-08	44.1
M03520:605:000000000-LVNKY:1:1101:19968:4184;size=20	RH.85A5303CAAF54ADZ0Z_R	100.000	22	0	7.27e-08	44.1
M03520:605:000000000-LVNKY:1:1101:19968:4184;size=20	RH.85A5303CAAF54ADZ0Z_F	100.000	21	0	2.87e-07	42.1
M03520:605:000000000-LVNKY:1:1101:20266:17504;size=20	RH.2AFFFBA0E81C482Z0Z_R	100.000	23	0	1.84e-08	46.1
M03520:605:000000000-LVNKY:1:1101:20266:17504;size=20	RH.2AFFFBA0E81C482Z0Z_F	100.000	23	0	1.84e-08	46.1
M03520:605:000000000-LVNKY:1:1101:20791:11390;size=20	RH.85A5303CAAF54ADZ0Z_R	100.000	22	0	7.27e-08	44.1
M03520:605:000000000-LVNKY:1:1101:20791:11390;size=20	RH.85A5303CAAF54ADZ0Z_F	100.000	21	0	2.87e-07	42.1
M03520:605:000000000-LVNKY:1:1101:24251:17761;size=20	RH.7CE39E25906745AZ0Z_R	100.000	26	0	2.98e-10	52.0
M03520:605:000000000-LVNKY:1:1101:24251:17761;size=20	RH.7CE39E25906745AZ0Z_F	100.000	25	0	1.18e-09	50.1
M03520:605:000000000-LVNKY:1:1101:25607:12117;size=20	RH.7CE39E25906745AZ0Z_R	100.000	26	0	2.98e-10	52.0
M03520:605:000000000-LVNKY:1:1101:25607:12117;size=20	RH.7CE39E25906745AZ0Z_F	100.000	25	0	1.18e-09	50.1
M03520:605:000000000-LVNKY:1:1101:27326:10803;size=20	RH.DDB83AFF97C94C6Z0Z_R	100.000	25	0	1.18e-09	50.1
M03520:605:000000000-LVNKY:1:1101:27326:10803;size=20	RH.DDB83AFF97C94C6Z0Z_F	100.000	24	0	4.65e-09	48.1
M03520:605:000000000-LVNKY:1:1101:6157:13374;size=20	RH.0BD19D1A26A74EBZ0Z_F	100.000	25	0	1.18e-09	50.1
M03520:605:000000000-LVNKY:1:1101:6157:13374;size=20	RH.0BD19D1A26A74EBZ0Z_R	100.000	24	0	4.65e-09	48.1
M03520:605:000000000-LVNKY:1:1101:6276:17972;size=20	RH.7CE39E25906745AZ0Z_R	100.000	26	0	2.98e-10	52.0
M03520:605:000000000-LVNKY:1:1101:6276:17972;size=20	RH.7CE39E25906745AZ0Z_F	100.000	25	0	1.18e-09	50.1
M03520:605:000000000-LVNKY:1:1102:12029:19640;size=20	RH.0096A141894D447Z0Z_F	100.000	24	0	4.65e-09	48.1
M03520:605:000000000-LVNKY:1:1102:12029:19640;size=20	RH.0096A141894D447Z0Z_R	100.000	21	0	2.87e-07	42.1
M03520:605:000000000-LVNKY:1:1102:15179:4651;size=20	RH.2A8AD21024974C0Z0Z_F	100.000	26	0	2.98e-10	52.0
M03520:605:000000000-LVNKY:1:1102:15179:4651;size=20	RH.2A8AD21024974C0Z0Z_R	100.000	25	0	1.18e-09	50.1
M03520:605:000000000-LVNKY:1:1102:15777:14912;size=20	RH.51338FA06EDB4F0Z0Z_R	100.000	25	0	1.18e-09	50.1
M03520:605:000000000-LVNKY:1:1102:15777:14912;size=20	RH.51338FA06EDB4F0Z0Z_F	100.000	25	0	1.18e-09	50.1
M03520:605:000000000-LVNKY:1:1102:17166:22313;size=20	RH.0550AF0F57084ADZ0Z_F	100.000	24	0	4.65e-09	48.1
M03520:605:000000000-LVNKY:1:1102:17166:22313;size=20	RH.0550AF0F57084ADZ0Z_R	100.000	22	0	7.27e-08	44.1
M03520:605:000000000-LVNKY:1:1102:17524:3156;size=20	RH.0096A141894D447Z0Z_F	100.000	24	0	4.65e-09	48.1
M03520:605:000000000-LVNKY:1:1102:17524:3156;size=20	RH.0096A141894D447Z0Z_R	100.000	21	0	2.87e-07	42.1
M03520:605:000000000-LVNKY:1:1102:21428:2773;size=20	RH.B9EF730EBE6C436Z0Z_R	100.000	25	0	1.18e-09	50.1
M03520:605:000000000-LVNKY:1:1102:21428:2773;size=20	RH.B9EF730EBE6C436Z0Z_F	96.000	25	1	2.87e-07	42.1
M03520:605:000000000-LVNKY:1:1102:24250:9932;size=20	RH.0096A141894D447Z0Z_F	100.000	24	0	4.65e-09	48.1
M03520:605:000000000-LVNKY:1:1102:24250:9932;size=20	RH.0096A141894D447Z0Z_R	100.000	21	0	2.87e-07	42.1
M03520:605:000000000-LVNKY:1:1102:25090:11420;size=20	RH.1B7E66F8455D45AZ0Z_F	100.000	22	0	7.27e-08	44.1
M03520:605:000000000-LVNKY:1:1102:25090:11420;size=20	RH.1B7E66F8455D45AZ0Z_R	100.000	21	0	2.87e-07	42.1
M03520:605:000000000-LVNKY:1:1102:28121:10366;size=20	RH.0096A141894D447Z0Z_F	100.000	24	0	4.65e-09	48.1
M03520:605:000000000-LVNKY:1:1102:28121:10366;size=20	RH.0096A141894D447Z0Z_R	100.000	21	0	2.87e-07	42.1
M03520:605:000000000-LVNKY:1:1102:3577:10122;size=20	RH.8BDD8BEDFC3B423Z0Z_F	100.000	21	0	2.87e-07	42.1
M03520:605:000000000-LVNKY:1:1102:3577:10122;size=20	RH.8BDD8BEDFC3B423Z0Z_R	100.000	21	0	2.87e-07	42.1
M03520:605:000000000-LVNKY:1:1102:5297:18076;size=20	RH.2091F326F74640CZ0Z_F	100.000	24	0	4.65e-09	48.1
M03520:605:000000000-LVNKY:1:1102:5297:18076;size=20	RH.2091F326F74640CZ0Z_R	100.000	22	0	7.27e-08	44.1
M03520:605:000000000-LVNKY:1:1102:6181:12562;size=20	RH.B9EF730EBE6C436Z0Z_R	100.000	25	0	1.18e-09	50.1
M03520:605:000000000-LVNKY:1:1102:6181:12562;size=20	RH.B9EF730EBE6C436Z0Z_F	100.000	25	0	1.18e-09	50.1
M03520:605:000000000-LVNKY:1:1103:15761:8804;size=20	RH.0096A141894D447Z0Z_F	100.000	24	0	4.65e-09	48.1
M03520:605:000000000-LVNKY:1:1103:15761:8804;size=20	RH.0096A141894D447Z0Z_R	100.000	21	0	2.87e-07	42.1
M03520:605:000000000-LVNKY:1:1103:15800:14077;size=20	RH.51338FA06EDB4F0Z0Z_F	100.000	25	0	1.18e-09	50.1
M03520:605:000000000-LVNKY:1:1103:15800:14077;size=20	RH.51338FA06EDB4F0Z0Z_R	100.000	25	0	1.18e-09	50.1
M03520:605:000000000-LVNKY:1:1103:22224:12781;size=20	RH.85A5303CAAF54ADZ0Z_R	100.000	22	0	7.27e-08	44.1
M03520:605:000000000-LVNKY:1:1103:22224:12781;size=20	RH.85A5303CAAF54ADZ0Z_F	100.000	21	0	2.87e-07	42.1
M03520:605:000000000-LVNKY:1:1103:22453:10708;size=20	RH.7CE39E25906745AZ0Z_R	100.000	26	0	2.98e-10	52.0
M03520:605:000000000-LVNKY:1:1103:22453:10708;size=20	RH.7CE39E25906745AZ0Z_F	100.000	25	0	1.18e-09	50.1
M03520:605:000000000-LVNKY:1:1103:22583:18105;size=20	RH.DDB83AFF97C94C6Z0Z_R	100.000	25	0	1.18e-09	50.1
M03520:605:000000000-LVNKY:1:1103:22583:18105;size=20	RH.DDB83AFF97C94C6Z0Z_F	100.000	22	0	7.27e-08	44.1
M03520:605:000000000-LVNKY:1:1103:8460:9681;size=20	RH.0550AF0F57084ADZ0Z_F	100.000	24	0	4.65e-09	48.1
M03520:605:000000000-LVNKY:1:1103:8460:9681;size=20	RH.0550AF0F57084ADZ0Z_R	100.000	22	0	7.27e-08	44.1
M03520:605:000000000-LVNKY:1:1103:9720:4809;size=20	RH.0550AF0F57084ADZ0Z_R	100.000	22	0	7.27e-08	44.1
M03520:605:000000000-LVNKY:1:1103:9720:4809;size=20	RH.0550AF0F57084ADZ0Z_F	100.000	20	0	1.13e-06	40.1
M03520:605:000000000-LVNKY:1:1104:11423:9174;size=20	RH.6A8DC54BEE5644AZ0Z_F	100.000	23	0	1.84e-08	46.1
M03520:605:000000000-LVNKY:1:1104:11423:9174;size=20	RH.6A8DC54BEE5644AZ0Z_R	100.000	22	0	7.27e-08	44.1
M03520:605:000000000-LVNKY:1:1104:23457:22613;size=20	RH.DDB83AFF97C94C6Z0Z_R	100.000	25	0	1.18e-09	50.1
M03520:605:000000000-LVNKY:1:1104:23457:22613;size=20	RH.DDB83AFF97C94C6Z0Z_F	100.000	24	0	4.65e-09	48.1
M03520:605:000000000-LVNKY:1:1104:27264:9049;size=20	RH.85A5303CAAF54ADZ0Z_R	100.000	22	0	7.27e-08	44.1
M03520:605:000000000-LVNKY:1:1104:27264:9049;size=20	RH.85A5303CAAF54ADZ0Z_F	100.000	21	0	2.87e-07	42.1
M03520:605:000000000-LVNKY:1:1105:17541:2384;size=20	RH.69CEA0AC39F4445Z0Z_F	100.000	24	0	4.65e-09	48.1
M03520:605:000000000-LVNKY:1:1105:17541:2384;size=20	RH.69CEA0AC39F4445Z0Z_R	100.000	23	0	1.84e-08	46.1
M03520:605:000000000-LVNKY:1:1105:26951:17081;size=20	RH.1CC74B91718A42FZ0Z_R	100.000	25	0	1.18e-09	50.1
M03520:605:000000000-LVNKY:1:1105:26951:17081;size=20	RH.1CC74B91718A42FZ0Z_F	100.000	24	0	4.65e-09	48.1
M03520:605:000000000-LVNKY:1:1105:28423:14284;size=20	RH.9726AFF14C0D4B3Z0Z_R	100.000	25	0	1.18e-09	50.1
M03520:605:000000000-LVNKY:1:1105:28423:14284;size=20	RH.9726AFF14C0D4B3Z0Z_F	100.000	24	0	4.65e-09	48.1
M03520:605:000000000-LVNKY:1:1105:28536:18962;size=20	RH.85A5303CAAF54ADZ0Z_F	100.000	21	0	2.87e-07	42.1
M03520:605:000000000-LVNKY:1:1101:10380:12979;size=19	RH.0BD19D1A26A74EBZ0Z_F	100.000	25	0	1.18e-09	50.1
M03520:605:000000000-LVNKY:1:1101:10380:12979;size=19	RH.0BD19D1A26A74EBZ0Z_R	100.000	24	0	4.65e-09	48.1
M03520:605:000000000-LVNKY:1:1101:11455:2771;size=19	RH.6572108A164E48EZ0Z_R	100.000	25	0	1.18e-09	50.1
M03520:605:000000000-LVNKY:1:1101:11455:2771;size=19	RH.6572108A164E48EZ0Z_F	100.000	24	0	4.65e-09	48.1
M03520:605:000000000-LVNKY:1:1101:11965:3595;size=19	RH.69CEA0AC39F4445Z0Z_F	100.000	24	0	4.65e-09	48.1
M03520:605:000000000-LVNKY:1:1101:11965:3595;size=19	RH.69CEA0AC39F4445Z0Z_R	100.000	23	0	1.84e-08	46.1
M03520:605:000000000-LVNKY:1:1101:12507:4796;size=19	RH.610B38BED86C4FCZ0Z_R	100.000	23	0	1.84e-08	46.1
M03520:605:000000000-LVNKY:1:1101:12507:4796;size=19	RH.610B38BED86C4FCZ0Z_F	100.000	23	0	1.84e-08	46.1
M03520:605:000000000-LVNKY:1:1101:14067:4497;size=19	RH.185D4E36BBF74FEZ0Z_F	100.000	27	0	7.54e-11	54.0
M03520:605:000000000-LVNKY:1:1101:14067:4497;size=19	RH.185D4E36BBF74FEZ0Z_R	100.000	26	0	2.98e-10	52.0
M03520:605:000000000-LVNKY:1:1101:14260:16710;size=19	RH.85A5303CAAF54ADZ0Z_R	100.000	22	0	7.27e-08	44.1
M03520:605:000000000-LVNKY:1:1101:14260:16710;size=19	RH.6CA921864485410Z0Z_F	100.000	20	0	1.13e-06	40.1
M03520:605:000000000-LVNKY:1:1101:14482:15332;size=19	RH.0BD19D1A26A74EBZ0Z_R	100.000	24	0	4.65e-09	48.1
M03520:605:000000000-LVNKY:1:1101:14482:15332;size=19	RH.0BD19D1A26A74EBZ0Z_F	100.000	23	0	1.84e-08	46.1
M03520:605:000000000-LVNKY:1:1101:14814:18105;size=19	RH.0550AF0F57084ADZ0Z_F	100.000	24	0	4.65e-09	48.1
M03520:605:000000000-LVNKY:1:1101:14814:18105;size=19	RH.0550AF0F57084ADZ0Z_R	100.000	22	0	7.27e-08	44.1
M03520:605:000000000-LVNKY:1:1101:16221:24055;size=19	RH.69CEA0AC39F4445Z0Z_F	100.000	24	0	4.65e-09	48.1
M03520:605:000000000-LVNKY:1:1101:16221:24055;size=19	RH.2EA209621B43487Z0Z_R	100.000	19	0	4.48e-06	38.2
M03520:605:000000000-LVNKY:1:1101:17059:5636;size=19	RH.7CE39E25906745AZ0Z_F	100.000	25	0	1.18e-09	50.1
M03520:605:000000000-LVNKY:1:1101:17059:5636;size=19	RH.7CE39E25906745AZ0Z_R	96.154	26	1	7.27e-08	44.1
M03520:605:000000000-LVNKY:1:1101:17461:12232;size=19	RH.0BD19D1A26A74EBZ0Z_F	100.000	25	0	1.18e-09	50.1
M03520:605:000000000-LVNKY:1:1101:17461:12232;size=19	RH.0BD19D1A26A74EBZ0Z_R	100.000	24	0	4.65e-09	48.1
M03520:605:000000000-LVNKY:1:1101:17940:20365;size=19	RH.B5A2E3C1CC8E44AZ0Z_F	100.000	23	0	1.84e-08	46.1
M03520:605:000000000-LVNKY:1:1101:17940:20365;size=19	RH.B5A2E3C1CC8E44AZ0Z_R	100.000	22	0	7.27e-08	44.1
M03520:605:000000000-LVNKY:1:1101:18041:8686;size=19	RH.B9EF730EBE6C436Z0Z_R	100.000	25	0	1.18e-09	50.1
M03520:605:000000000-LVNKY:1:1101:18041:8686;size=19	RH.B9EF730EBE6C436Z0Z_F	100.000	25	0	1.18e-09	50.1
M03520:605:000000000-LVNKY:1:1101:18603:8096;size=19	RH.1CC74B91718A42FZ0Z_F	100.000	22	0	7.27e-08	44.1
M03520:605:000000000-LVNKY:1:1101:18603:8096;size=19	RH.91032F4F1F0841CZ0Z_R	100.000	21	0	2.87e-07	42.1
M03520:605:000000000-LVNKY:1:1101:20467:17911;size=19	RH.27578A9A85FA4A3Z0Z_F	100.000	24	0	4.65e-09	48.1
M03520:605:000000000-LVNKY:1:1101:20467:17911;size=19	RH.27578A9A85FA4A3Z0Z_R	100.000	22	0	7.27e-08	44.1
M03520:605:000000000-LVNKY:1:1101:20845:22020;size=19	RH.69CEA0AC39F4445Z0Z_F	100.000	24	0	4.65e-09	48.1
M03520:605:000000000-LVNKY:1:1101:20845:22020;size=19	RH.69CEA0AC39F4445Z0Z_R	100.000	23	0	1.84e-08	46.1
M03520:605:000000000-LVNKY:1:1101:20915:20364;size=19	RH.0096A141894D447Z0Z_F	100.000	24	0	4.65e-09	48.1
M03520:605:000000000-LVNKY:1:1101:20915:20364;size=19	RH.0096A141894D447Z0Z_R	100.000	21	0	2.87e-07	42.1
M03520:605:000000000-LVNKY:1:1101:21050:25687;size=19	RH.DDB83AFF97C94C6Z0Z_R	100.000	25	0	1.18e-09	50.1
M03520:605:000000000-LVNKY:1:1101:21050:25687;size=19	RH.DDB83AFF97C94C6Z0Z_F	100.000	24	0	4.65e-09	48.1
M03520:605:000000000-LVNKY:1:1101:21165:16970;size=19	RH.7CE39E25906745AZ0Z_R	100.000	26	0	2.98e-10	52.0
M03520:605:000000000-LVNKY:1:1101:21165:16970;size=19	RH.7CE39E25906745AZ0Z_F	100.000	25	0	1.18e-09	50.1
M03520:605:000000000-LVNKY:1:1101:21470:20100;size=19	RH.7CE39E25906745AZ0Z_R	100.000	26	0	2.98e-10	52.0
M03520:605:000000000-LVNKY:1:1101:21470:20100;size=19	RH.7CE39E25906745AZ0Z_F	100.000	25	0	1.18e-09	50.1
M03520:605:000000000-LVNKY:1:1101:21767:8849;size=19	RH.0096A141894D447Z0Z_R	100.000	21	0	2.87e-07	42.1
M03520:605:000000000-LVNKY:1:1101:21767:8849;size=19	RH.0096A141894D447Z0Z_F	100.000	20	0	1.13e-06	40.1
M03520:605:000000000-LVNKY:1:1101:22526:13310;size=19	RH.6572108A164E48EZ0Z_R	100.000	25	0	1.18e-09	50.1
M03520:605:000000000-LVNKY:1:1101:22526:13310;size=19	RH.6572108A164E48EZ0Z_F	100.000	24	0	4.65e-09	48.1
M03520:605:000000000-LVNKY:1:1101:23772:17643;size=19	RH.B9EF730EBE6C436Z0Z_R	100.000	25	0	1.18e-09	50.1
M03520:605:000000000-LVNKY:1:1101:23772:17643;size=19	RH.B9EF730EBE6C436Z0Z_F	100.000	25	0	1.18e-09	50.1
M03520:605:000000000-LVNKY:1:1101:24960:12256;size=19	RH.2AFFFBA0E81C482Z0Z_R	100.000	23	0	1.84e-08	46.1
M03520:605:000000000-LVNKY:1:1101:24960:12256;size=19	RH.2AFFFBA0E81C482Z0Z_F	100.000	23	0	1.84e-08	46.1
M03520:605:000000000-LVNKY:1:1101:26417:13889;size=19	RH.DDB83AFF97C94C6Z0Z_R	100.000	25	0	1.18e-09	50.1
M03520:605:000000000-LVNKY:1:1101:26417:13889;size=19	RH.DDB83AFF97C94C6Z0Z_F	100.000	24	0	4.65e-09	48.1
M03520:605:000000000-LVNKY:1:1101:3636:20643;size=19	RH.85A5303CAAF54ADZ0Z_R	100.000	22	0	7.27e-08	44.1
M03520:605:000000000-LVNKY:1:1101:3636:20643;size=19	RH.85A5303CAAF54ADZ0Z_F	100.000	21	0	2.87e-07	42.1
M03520:605:000000000-LVNKY:1:1101:5367:19232;size=19	RH.0096A141894D447Z0Z_F	100.000	24	0	4.65e-09	48.1
M03520:605:000000000-LVNKY:1:1101:5367:19232;size=19	RH.0096A141894D447Z0Z_R	100.000	21	0	2.87e-07	42.1
M03520:605:000000000-LVNKY:1:1101:6430:9828;size=19	RH.85A5303CAAF54ADZ0Z_R	100.000	22	0	7.27e-08	44.1
M03520:605:000000000-LVNKY:1:1101:8008:10468;size=19	RH.B9EF730EBE6C436Z0Z_F	100.000	25	0	1.18e-09	50.1
M03520:605:000000000-LVNKY:1:1101:8008:10468;size=19	RH.B9EF730EBE6C436Z0Z_R	100.000	25	0	1.18e-09	50.1
M03520:605:000000000-LVNKY:1:1101:8477:15327;size=19	RH.85A5303CAAF54ADZ0Z_R	100.000	21	0	2.87e-07	42.1
M03520:605:000000000-LVNKY:1:1101:8477:15327;size=19	RH.85A5303CAAF54ADZ0Z_F	100.000	21	0	2.87e-07	42.1
M03520:605:000000000-LVNKY:1:1101:8813:8962;size=19	RH.27578A9A85FA4A3Z0Z_F	100.000	24	0	4.65e-09	48.1
M03520:605:000000000-LVNKY:1:1101:8813:8962;size=19	RH.27578A9A85FA4A3Z0Z_R	100.000	22	0	7.27e-08	44.1
M03520:605:000000000-LVNKY:1:1101:9051:9325;size=19	RH.0BD19D1A26A74EBZ0Z_F	100.000	25	0	1.18e-09	50.1
M03520:605:000000000-LVNKY:1:1101:9051:9325;size=19	RH.0BD19D1A26A74EBZ0Z_R	100.000	24	0	4.65e-09	48.1
M03520:605:000000000-LVNKY:1:1101:9948:14285;size=19	RH.85A5303CAAF54ADZ0Z_F	100.000	21	0	2.87e-07	42.1
M03520:605:000000000-LVNKY:1:1102:10058:13329;size=19	RH.2AFFFBA0E81C482Z0Z_R	100.000	23	0	1.84e-08	46.1
M03520:605:000000000-LVNKY:1:1102:10058:13329;size=19	RH.2AFFFBA0E81C482Z0Z_F	100.000	23	0	1.84e-08	46.1
M03520:605:000000000-LVNKY:1:1102:14005:25482;size=19	RH.85A5303CAAF54ADZ0Z_F	100.000	21	0	2.87e-07	42.1
M03520:605:000000000-LVNKY:1:1102:15479:26578;size=19	RH.7CE39E25906745AZ0Z_R	100.000	26	0	2.98e-10	52.0
M03520:605:000000000-LVNKY:1:1102:15479:26578;size=19	RH.7CE39E25906745AZ0Z_F	100.000	25	0	1.18e-09	50.1
M03520:605:000000000-LVNKY:1:1102:16515:11159;size=19	RH.0096A141894D447Z0Z_F	100.000	24	0	4.65e-09	48.1
M03520:605:000000000-LVNKY:1:1102:17744:25396;size=19	RH.7CE39E25906745AZ0Z_R	100.000	26	0	2.98e-10	52.0
M03520:605:000000000-LVNKY:1:1102:17744:25396;size=19	RH.7CE39E25906745AZ0Z_F	96.000	25	1	2.87e-07	42.1
M03520:605:000000000-LVNKY:1:1102:20984:20646;size=19	RH.2AFFFBA0E81C482Z0Z_R	100.000	23	0	1.84e-08	46.1
M03520:605:000000000-LVNKY:1:1102:20984:20646;size=19	RH.2AFFFBA0E81C482Z0Z_F	100.000	23	0	1.84e-08	46.1
M03520:605:000000000-LVNKY:1:1102:22312:8640;size=19	RH.0BD19D1A26A74EBZ0Z_F	100.000	25	0	1.18e-09	50.1
M03520:605:000000000-LVNKY:1:1102:22312:8640;size=19	RH.0BD19D1A26A74EBZ0Z_R	95.833	24	1	1.13e-06	40.1
M03520:605:000000000-LVNKY:1:1102:22610:5897;size=19	RH.1CC74B91718A42FZ0Z_R	100.000	25	0	1.18e-09	50.1
M03520:605:000000000-LVNKY:1:1102:22610:5897;size=19	RH.1CC74B91718A42FZ0Z_F	100.000	24	0	4.65e-09	48.1
M03520:605:000000000-LVNKY:1:1102:25422:22510;size=19	RH.7CE39E25906745AZ0Z_R	100.000	26	0	2.98e-10	52.0
M03520:605:000000000-LVNKY:1:1102:25422:22510;size=19	RH.7CE39E25906745AZ0Z_F	100.000	25	0	1.18e-09	50.1
M03520:605:000000000-LVNKY:1:1102:27920:12644;size=19	RH.B9EF730EBE6C436Z0Z_R	100.000	25	0	1.18e-09	50.1
M03520:605:000000000-LVNKY:1:1102:27920:12644;size=19	RH.B9EF730EBE6C436Z0Z_F	100.000	25	0	1.18e-09	50.1
M03520:605:000000000-LVNKY:1:1102:4125:18208;size=19	RH.0BD19D1A26A74EBZ0Z_F	100.000	25	0	1.18e-09	50.1
M03520:605:000000000-LVNKY:1:1102:4125:18208;size=19	RH.0BD19D1A26A74EBZ0Z_R	100.000	19	0	4.48e-06	38.2
M03520:605:000000000-LVNKY:1:1102:4272:7843;size=19	RH.DDB83AFF97C94C6Z0Z_R	100.000	25	0	1.18e-09	50.1
M03520:605:000000000-LVNKY:1:1102:4272:7843;size=19	RH.DDB83AFF97C94C6Z0Z_F	100.000	24	0	4.65e-09	48.1
M03520:605:000000000-LVNKY:1:1102:4848:15677;size=19	RH.7CE39E25906745AZ0Z_R	100.000	26	0	2.98e-10	52.0
M03520:605:000000000-LVNKY:1:1102:4848:15677;size=19	RH.7CE39E25906745AZ0Z_F	100.000	25	0	1.18e-09	50.1
M03520:605:000000000-LVNKY:1:1102:5276:16940;size=19	RH.85A5303CAAF54ADZ0Z_R	100.000	22	0	7.27e-08	44.1
M03520:605:000000000-LVNKY:1:1102:5276:16940;size=19	RH.85A5303CAAF54ADZ0Z_F	100.000	21	0	2.87e-07	42.1
M03520:605:000000000-LVNKY:1:1102:6533:10639;size=19	RH.7CE39E25906745AZ0Z_R	100.000	26	0	2.98e-10	52.0
M03520:605:000000000-LVNKY:1:1102:6533:10639;size=19	RH.718B57159C244F7Z0Z_F	100.000	19	0	4.48e-06	38.2
M03520:605:000000000-LVNKY:1:1102:7381:7699;size=19	RH.0BD19D1A26A74EBZ0Z_F	100.000	25	0	1.18e-09	50.1
M03520:605:000000000-LVNKY:1:1102:7381:7699;size=19	RH.E33F7FBD66A243AZ0Z_R	100.000	21	0	2.87e-07	42.1
M03520:605:000000000-LVNKY:1:1102:8004:10391;size=19	RH.85A5303CAAF54ADZ0Z_F	100.000	21	0	2.87e-07	42.1
M03520:605:000000000-LVNKY:1:1102:9366:20175;size=19	RH.0550AF0F57084ADZ0Z_F	100.000	24	0	4.65e-09	48.1
M03520:605:000000000-LVNKY:1:1102:9366:20175;size=19	RH.0550AF0F57084ADZ0Z_R	100.000	22	0	7.27e-08	44.1
M03520:605:000000000-LVNKY:1:1102:9498:13712;size=19	RH.B9EF730EBE6C436Z0Z_R	100.000	25	0	1.18e-09	50.1
M03520:605:000000000-LVNKY:1:1102:9498:13712;size=19	RH.B9EF730EBE6C436Z0Z_F	100.000	25	0	1.18e-09	50.1
M03520:605:000000000-LVNKY:1:1103:16277:8388;size=19	RH.0550AF0F57084ADZ0Z_F	100.000	24	0	4.65e-09	48.1
M03520:605:000000000-LVNKY:1:1103:16277:8388;size=19	RH.0550AF0F57084ADZ0Z_R	100.000	22	0	7.27e-08	44.1
M03520:605:000000000-LVNKY:1:1103:23765:9498;size=19	RH.0217D7856D1B4F3Z0Z_R	100.000	23	0	1.84e-08	46.1
M03520:605:000000000-LVNKY:1:1103:23765:9498;size=19	RH.0217D7856D1B4F3Z0Z_F	100.000	22	0	7.27e-08	44.1
M03520:605:000000000-LVNKY:1:1103:24467:13758;size=19	RH.85A5303CAAF54ADZ0Z_R	100.000	22	0	7.27e-08	44.1
M03520:605:000000000-LVNKY:1:1103:24467:13758;size=19	RH.85A5303CAAF54ADZ0Z_F	100.000	21	0	2.87e-07	42.1
M03520:605:000000000-LVNKY:1:1104:12822:4767;size=19	RH.DDB83AFF97C94C6Z0Z_R	100.000	25	0	1.18e-09	50.1
M03520:605:000000000-LVNKY:1:1104:12822:4767;size=19	RH.DDB83AFF97C94C6Z0Z_F	100.000	23	0	1.84e-08	46.1
M03520:605:000000000-LVNKY:1:1104:13852:17020;size=19	RH.0096A141894D447Z0Z_R	100.000	21	0	2.87e-07	42.1
M03520:605:000000000-LVNKY:1:1104:13852:17020;size=19	RH.0096A141894D447Z0Z_F	95.833	24	1	1.13e-06	40.1
M03520:605:000000000-LVNKY:1:1104:24766:15200;size=19	RH.85A5303CAAF54ADZ0Z_R	100.000	22	0	7.27e-08	44.1
M03520:605:000000000-LVNKY:1:1104:24766:15200;size=19	RH.85A5303CAAF54ADZ0Z_F	100.000	21	0	2.87e-07	42.1
M03520:605:000000000-LVNKY:1:1104:7255:8527;size=19	RH.51338FA06EDB4F0Z0Z_F	100.000	25	0	1.18e-09	50.1
M03520:605:000000000-LVNKY:1:1104:7255:8527;size=19	RH.51338FA06EDB4F0Z0Z_R	100.000	25	0	1.18e-09	50.1
M03520:605:000000000-LVNKY:1:1104:8175:8998;size=19	RH.7CE39E25906745AZ0Z_R	100.000	26	0	2.98e-10	52.0
M03520:605:000000000-LVNKY:1:1104:8175:8998;size=19	RH.7CE39E25906745AZ0Z_F	100.000	25	0	1.18e-09	50.1
M03520:605:000000000-LVNKY:1:1105:17003:8325;size=19	RH.85A5303CAAF54ADZ0Z_R	100.000	22	0	7.27e-08	44.1
M03520:605:000000000-LVNKY:1:1105:17003:8325;size=19	RH.85A5303CAAF54ADZ0Z_F	100.000	21	0	2.87e-07	42.1
M03520:605:000000000-LVNKY:1:1105:25310:12627;size=19	RH.7CE39E25906745AZ0Z_R	100.000	26	0	2.98e-10	52.0
M03520:605:000000000-LVNKY:1:1105:25310:12627;size=19	RH.7CE39E25906745AZ0Z_F	100.000	25	0	1.18e-09	50.1
M03520:605:000000000-LVNKY:1:1106:15501:7928;size=19	RH.2A8AD21024974C0Z0Z_R	100.000	25	0	1.18e-09	50.1
M03520:605:000000000-LVNKY:1:1106:15501:7928;size=19	RH.2A8AD21024974C0Z0Z_F	100.000	24	0	4.65e-09	48.1
M03520:605:000000000-LVNKY:1:1101:10068:12738;size=18	RH.B9EF730EBE6C436Z0Z_R	100.000	25	0	1.18e-09	50.1
M03520:605:000000000-LVNKY:1:1101:10068:12738;size=18	RH.B9EF730EBE6C436Z0Z_F	100.000	25	0	1.18e-09	50.1
M03520:605:000000000-LVNKY:1:1101:10693:3141;size=18	RH.7CE39E25906745AZ0Z_R	100.000	26	0	2.98e-10	52.0
M03520:605:000000000-LVNKY:1:1101:10693:3141;size=18	RH.7CE39E25906745AZ0Z_F	100.000	25	0	1.18e-09	50.1
M03520:605:000000000-LVNKY:1:1101:11177:8494;size=18	RH.1CC74B91718A42FZ0Z_R	100.000	25	0	1.18e-09	50.1
M03520:605:000000000-LVNKY:1:1101:11177:8494;size=18	RH.1CC74B91718A42FZ0Z_F	100.000	24	0	4.65e-09	48.1
M03520:605:000000000-LVNKY:1:1101:11302:12104;size=18	RH.69CEA0AC39F4445Z0Z_F	100.000	24	0	4.65e-09	48.1
M03520:605:000000000-LVNKY:1:1101:11302:12104;size=18	RH.69CEA0AC39F4445Z0Z_R	100.000	23	0	1.84e-08	46.1
M03520:605:000000000-LVNKY:1:1101:12152:23313;size=18	RH.0096A141894D447Z0Z_F	100.000	24	0	4.65e-09	48.1
M03520:605:000000000-LVNKY:1:1101:12152:23313;size=18	RH.0096A141894D447Z0Z_R	100.000	21	0	2.87e-07	42.1
M03520:605:000000000-LVNKY:1:1101:12818:9671;size=18	RH.69CEA0AC39F4445Z0Z_F	100.000	24	0	4.65e-09	48.1
M03520:605:000000000-LVNKY:1:1101:12818:9671;size=18	RH.69CEA0AC39F4445Z0Z_R	100.000	23	0	1.84e-08	46.1
M03520:605:000000000-LVNKY:1:1101:13057:5021;size=18	RH.0096A141894D447Z0Z_F	100.000	24	0	4.65e-09	48.1
M03520:605:000000000-LVNKY:1:1101:13057:5021;size=18	RH.0096A141894D447Z0Z_R	100.000	21	0	2.87e-07	42.1
M03520:605:000000000-LVNKY:1:1101:14528:24698;size=18	RH.B9EF730EBE6C436Z0Z_F	100.000	25	0	1.18e-09	50.1
M03520:605:000000000-LVNKY:1:1101:14528:24698;size=18	RH.B9EF730EBE6C436Z0Z_R	96.000	25	1	2.87e-07	42.1
M03520:605:000000000-LVNKY:1:1101:14733:24889;size=18	RH.2AFFFBA0E81C482Z0Z_R	100.000	23	0	1.84e-08	46.1
M03520:605:000000000-LVNKY:1:1101:14733:24889;size=18	RH.2AFFFBA0E81C482Z0Z_F	100.000	23	0	1.84e-08	46.1
M03520:605:000000000-LVNKY:1:1101:15504:24323;size=18	RH.2AFFFBA0E81C482Z0Z_F	100.000	23	0	1.84e-08	46.1
M03520:605:000000000-LVNKY:1:1101:15504:24323;size=18	RH.2AFFFBA0E81C482Z0Z_R	95.652	23	1	4.48e-06	38.2
M03520:605:000000000-LVNKY:1:1101:15768:23129;size=18	RH.0BD19D1A26A74EBZ0Z_R	100.000	24	0	4.65e-09	48.1
M03520:605:000000000-LVNKY:1:1101:15920:28518;size=18	RH.7CE39E25906745AZ0Z_R	100.000	26	0	2.98e-10	52.0
M03520:605:000000000-LVNKY:1:1101:15920:28518;size=18	RH.7CE39E25906745AZ0Z_F	100.000	22	0	7.27e-08	44.1
M03520:605:000000000-LVNKY:1:1101:16918:17091;size=18	RH.2AFFFBA0E81C482Z0Z_F	100.000	23	0	1.84e-08	46.1
M03520:605:000000000-LVNKY:1:1101:16918:17091;size=18	RH.2AFFFBA0E81C482Z0Z_R	100.000	21	0	2.87e-07	42.1
M03520:605:000000000-LVNKY:1:1101:18343:23061;size=18	RH.DDB83AFF97C94C6Z0Z_R	100.000	25	0	1.18e-09	50.1
M03520:605:000000000-LVNKY:1:1101:18343:23061;size=18	RH.DDB83AFF97C94C6Z0Z_F	100.000	24	0	4.65e-09	48.1
M03520:605:000000000-LVNKY:1:1101:20495:4608;size=18	RH.8B25A056ABC1444Z0Z_F	100.000	25	0	1.18e-09	50.1
M03520:605:000000000-LVNKY:1:1101:20495:4608;size=18	RH.8B25A056ABC1444Z0Z_R	100.000	24	0	4.65e-09	48.1
M03520:605:000000000-LVNKY:1:1101:20769:13779;size=18	RH.0096A141894D447Z0Z_F	100.000	24	0	4.65e-09	48.1
M03520:605:000000000-LVNKY:1:1101:20769:13779;size=18	RH.0096A141894D447Z0Z_R	100.000	21	0	2.87e-07	42.1
M03520:605:000000000-LVNKY:1:1101:21068:3492;size=18	RH.2A8AD21024974C0Z0Z_F	100.000	26	0	2.98e-10	52.0
M03520:605:000000000-LVNKY:1:1101:21068:3492;size=18	RH.2A8AD21024974C0Z0Z_R	100.000	25	0	1.18e-09	50.1
M03520:605:000000000-LVNKY:1:1101:22826:4334;size=18	RH.DDB83AFF97C94C6Z0Z_F	100.000	24	0	4.65e-09	48.1
M03520:605:000000000-LVNKY:1:1101:22826:4334;size=18	RH.DDB83AFF97C94C6Z0Z_R	96.000	25	1	2.87e-07	42.1
M03520:605:000000000-LVNKY:1:1101:23538:20856;size=18	RH.0550AF0F57084ADZ0Z_F	100.000	24	0	4.65e-09	48.1
M03520:605:000000000-LVNKY:1:1101:23538:20856;size=18	RH.0550AF0F57084ADZ0Z_R	100.000	22	0	7.27e-08	44.1
M03520:605:000000000-LVNKY:1:1101:25652:15843;size=18	RH.2AFFFBA0E81C482Z0Z_R	100.000	23	0	1.84e-08	46.1
M03520:605:000000000-LVNKY:1:1101:25652:15843;size=18	RH.2AFFFBA0E81C482Z0Z_F	100.000	23	0	1.84e-08	46.1
M03520:605:000000000-LVNKY:1:1101:25826:21847;size=18	RH.0BD19D1A26A74EBZ0Z_F	100.000	25	0	1.18e-09	50.1
M03520:605:000000000-LVNKY:1:1101:25826:21847;size=18	RH.0BD19D1A26A74EBZ0Z_R	95.833	24	1	1.13e-06	40.1
M03520:605:000000000-LVNKY:1:1101:28978:12092;size=18	RH.51338FA06EDB4F0Z0Z_F	100.000	25	0	1.18e-09	50.1
M03520:605:000000000-LVNKY:1:1101:28978:12092;size=18	RH.51338FA06EDB4F0Z0Z_R	100.000	19	0	4.48e-06	38.2
M03520:605:000000000-LVNKY:1:1101:4261:17829;size=18	RH.0096A141894D447Z0Z_F	100.000	24	0	4.65e-09	48.1
M03520:605:000000000-LVNKY:1:1101:5048:15820;size=18	RH.7CE39E25906745AZ0Z_R	100.000	26	0	2.98e-10	52.0
M03520:605:000000000-LVNKY:1:1101:5048:15820;size=18	RH.7CE39E25906745AZ0Z_F	100.000	25	0	1.18e-09	50.1
M03520:605:000000000-LVNKY:1:1101:5175:14259;size=18	RH.27578A9A85FA4A3Z0Z_F	100.000	24	0	4.65e-09	48.1
M03520:605:000000000-LVNKY:1:1101:5175:14259;size=18	RH.27578A9A85FA4A3Z0Z_R	100.000	22	0	7.27e-08	44.1
M03520:605:000000000-LVNKY:1:1101:6661:10932;size=18	RH.0550AF0F57084ADZ0Z_F	100.000	24	0	4.65e-09	48.1
M03520:605:000000000-LVNKY:1:1101:6661:10932;size=18	RH.0550AF0F57084ADZ0Z_R	100.000	22	0	7.27e-08	44.1
M03520:605:000000000-LVNKY:1:1101:7890:10985;size=18	RH.B9EF730EBE6C436Z0Z_R	100.000	25	0	1.18e-09	50.1
M03520:605:000000000-LVNKY:1:1101:7890:10985;size=18	RH.B9EF730EBE6C436Z0Z_F	100.000	25	0	1.18e-09	50.1
M03520:605:000000000-LVNKY:1:1101:8976:8156;size=18	RH.2A8AD21024974C0Z0Z_F	100.000	26	0	2.98e-10	52.0
M03520:605:000000000-LVNKY:1:1101:8976:8156;size=18	RH.2A8AD21024974C0Z0Z_R	100.000	25	0	1.18e-09	50.1
M03520:605:000000000-LVNKY:1:1102:10155:9777;size=18	RH.B9EF730EBE6C436Z0Z_R	100.000	25	0	1.18e-09	50.1
M03520:605:000000000-LVNKY:1:1102:10155:9777;size=18	RH.B9EF730EBE6C436Z0Z_F	96.000	25	1	2.87e-07	42.1
M03520:605:000000000-LVNKY:1:1102:10182:7928;size=18	RH.2AFFFBA0E81C482Z0Z_R	100.000	23	0	1.84e-08	46.1
M03520:605:000000000-LVNKY:1:1102:10182:7928;size=18	RH.2AFFFBA0E81C482Z0Z_F	100.000	23	0	1.84e-08	46.1
M03520:605:000000000-LVNKY:1:1102:12069:20539;size=18	RH.B9EF730EBE6C436Z0Z_R	100.000	25	0	1.18e-09	50.1
M03520:605:000000000-LVNKY:1:1102:12069:20539;size=18	RH.B9EF730EBE6C436Z0Z_F	100.000	25	0	1.18e-09	50.1
M03520:605:000000000-LVNKY:1:1102:16262:20298;size=18	RH.0BD19D1A26A74EBZ0Z_F	100.000	25	0	1.18e-09	50.1
M03520:605:000000000-LVNKY:1:1102:16262:20298;size=18	RH.0BD19D1A26A74EBZ0Z_R	95.833	24	1	1.13e-06	40.1
M03520:605:000000000-LVNKY:1:1102:16867:14533;size=18	RH.85A5303CAAF54ADZ0Z_R	100.000	22	0	7.27e-08	44.1
M03520:605:000000000-LVNKY:1:1102:17161:3825;size=18	RH.0550AF0F57084ADZ0Z_F	100.000	24	0	4.65e-09	48.1
M03520:605:000000000-LVNKY:1:1102:18205:1827;size=18	RH.DDB83AFF97C94C6Z0Z_R	100.000	25	0	1.18e-09	50.1
M03520:605:000000000-LVNKY:1:1102:18205:1827;size=18	RH.DDB83AFF97C94C6Z0Z_F	100.000	24	0	4.65e-09	48.1
M03520:605:000000000-LVNKY:1:1102:19145:20469;size=18	RH.0BD19D1A26A74EBZ0Z_R	100.000	24	0	4.65e-09	48.1
M03520:605:000000000-LVNKY:1:1102:19145:20469;size=18	RH.0BD19D1A26A74EBZ0Z_F	100.000	24	0	4.65e-09	48.1
M03520:605:000000000-LVNKY:1:1102:19616:28576;size=18	RH.2AFFFBA0E81C482Z0Z_R	100.000	23	0	1.84e-08	46.1
M03520:605:000000000-LVNKY:1:1102:19616:28576;size=18	RH.2AFFFBA0E81C482Z0Z_F	100.000	23	0	1.84e-08	46.1
M03520:605:000000000-LVNKY:1:1102:19804:6271;size=18	RH.6572108A164E48EZ0Z_F	100.000	24	0	4.65e-09	48.1
M03520:605:000000000-LVNKY:1:1102:20552:16911;size=18	RH.7CE39E25906745AZ0Z_R	100.000	26	0	2.98e-10	52.0
M03520:605:000000000-LVNKY:1:1102:20552:16911;size=18	RH.7CE39E25906745AZ0Z_F	100.000	25	0	1.18e-09	50.1
M03520:605:000000000-LVNKY:1:1102:21374:12524;size=18	RH.2AFFFBA0E81C482Z0Z_F	100.000	23	0	1.84e-08	46.1
M03520:605:000000000-LVNKY:1:1102:21374:12524;size=18	RH.2AFFFBA0E81C482Z0Z_R	100.000	23	0	1.84e-08	46.1
M03520:605:000000000-LVNKY:1:1102:23343:19829;size=18	RH.0550AF0F57084ADZ0Z_F	100.000	24	0	4.65e-09	48.1
M03520:605:000000000-LVNKY:1:1102:23343:19829;size=18	RH.0550AF0F57084ADZ0Z_R	100.000	22	0	7.27e-08	44.1
M03520:605:000000000-LVNKY:1:1102:2702:18759;size=18	RH.0096A141894D447Z0Z_F	100.000	24	0	4.65e-09	48.1
M03520:605:000000000-LVNKY:1:1102:2702:18759;size=18	RH.0096A141894D447Z0Z_R	100.000	21	0	2.87e-07	42.1
M03520:605:000000000-LVNKY:1:1102:28180:11092;size=18	RH.DDB83AFF97C94C6Z0Z_R	100.000	25	0	1.18e-09	50.1
M03520:605:000000000-LVNKY:1:1102:28180:11092;size=18	RH.DDB83AFF97C94C6Z0Z_F	100.000	24	0	4.65e-09	48.1
M03520:605:000000000-LVNKY:1:1102:3461:18875;size=18	RH.85A5303CAAF54ADZ0Z_R	100.000	22	0	7.27e-08	44.1
M03520:605:000000000-LVNKY:1:1102:6911:7617;size=18	RH.DDB83AFF97C94C6Z0Z_F	100.000	24	0	4.65e-09	48.1
M03520:605:000000000-LVNKY:1:1102:6911:7617;size=18	RH.DDB83AFF97C94C6Z0Z_R	100.000	21	0	2.87e-07	42.1
M03520:605:000000000-LVNKY:1:1102:7118:9359;size=18	RH.7CE39E25906745AZ0Z_R	100.000	26	0	2.98e-10	52.0
M03520:605:000000000-LVNKY:1:1102:7118:9359;size=18	RH.7CE39E25906745AZ0Z_F	100.000	25	0	1.18e-09	50.1
M03520:605:000000000-LVNKY:1:1102:8735:13520;size=18	RH.2AFFFBA0E81C482Z0Z_R	100.000	23	0	1.84e-08	46.1
M03520:605:000000000-LVNKY:1:1102:8735:13520;size=18	RH.2AFFFBA0E81C482Z0Z_F	100.000	23	0	1.84e-08	46.1
M03520:605:000000000-LVNKY:1:1102:9210:23484;size=18	RH.0550AF0F57084ADZ0Z_F	100.000	24	0	4.65e-09	48.1
M03520:605:000000000-LVNKY:1:1102:9210:23484;size=18	RH.0550AF0F57084ADZ0Z_R	100.000	22	0	7.27e-08	44.1
M03520:605:000000000-LVNKY:1:1102:9297:26430;size=18	RH.1CC74B91718A42FZ0Z_F	100.000	24	0	4.65e-09	48.1
M03520:605:000000000-LVNKY:1:1102:9297:26430;size=18	RH.1CC74B91718A42FZ0Z_R	100.000	23	0	1.84e-08	46.1
M03520:605:000000000-LVNKY:1:1102:9348:26018;size=18	RH.7CE39E25906745AZ0Z_R	100.000	26	0	2.98e-10	52.0
M03520:605:000000000-LVNKY:1:1102:9348:26018;size=18	RH.7CE39E25906745AZ0Z_F	100.000	25	0	1.18e-09	50.1
M03520:605:000000000-LVNKY:1:1103:10530:9800;size=18	RH.B9EF730EBE6C436Z0Z_R	100.000	25	0	1.18e-09	50.1
M03520:605:000000000-LVNKY:1:1103:10530:9800;size=18	RH.B9EF730EBE6C436Z0Z_F	100.000	25	0	1.18e-09	50.1
M03520:605:000000000-LVNKY:1:1103:11586:8663;size=18	RH.7CE39E25906745AZ0Z_R	100.000	26	0	2.98e-10	52.0
M03520:605:000000000-LVNKY:1:1103:14622:14008;size=18	RH.B9EF730EBE6C436Z0Z_R	100.000	25	0	1.18e-09	50.1
M03520:605:000000000-LVNKY:1:1103:14622:14008;size=18	RH.B9EF730EBE6C436Z0Z_F	96.000	25	1	2.87e-07	42.1
M03520:605:000000000-LVNKY:1:1103:16619:18329;size=18	RH.2A8AD21024974C0Z0Z_F	100.000	26	0	2.98e-10	52.0
M03520:605:000000000-LVNKY:1:1103:16619:18329;size=18	RH.2A8AD21024974C0Z0Z_R	100.000	25	0	1.18e-09	50.1
M03520:605:000000000-LVNKY:1:1103:21787:16955;size=18	RH.7CE39E25906745AZ0Z_R	100.000	26	0	2.98e-10	52.0
M03520:605:000000000-LVNKY:1:1103:21787:16955;size=18	RH.7CE39E25906745AZ0Z_F	100.000	25	0	1.18e-09	50.1
M03520:605:000000000-LVNKY:1:1103:22711:10645;size=18	RH.7CE39E25906745AZ0Z_R	100.000	26	0	2.98e-10	52.0
M03520:605:000000000-LVNKY:1:1103:22711:10645;size=18	RH.7CE39E25906745AZ0Z_F	100.000	25	0	1.18e-09	50.1
M03520:605:000000000-LVNKY:1:1103:23074:3847;size=18	RH.0550AF0F57084ADZ0Z_F	100.000	24	0	4.65e-09	48.1
M03520:605:000000000-LVNKY:1:1103:23074:3847;size=18	RH.0550AF0F57084ADZ0Z_R	100.000	22	0	7.27e-08	44.1
M03520:605:000000000-LVNKY:1:1103:25649:16365;size=18	RH.0550AF0F57084ADZ0Z_F	100.000	23	0	1.84e-08	46.1
M03520:605:000000000-LVNKY:1:1103:25649:16365;size=18	RH.0550AF0F57084ADZ0Z_R	100.000	22	0	7.27e-08	44.1
M03520:605:000000000-LVNKY:1:1103:3426:8786;size=18	RH.2A8AD21024974C0Z0Z_F	100.000	26	0	2.98e-10	52.0
M03520:605:000000000-LVNKY:1:1103:3426:8786;size=18	RH.2A8AD21024974C0Z0Z_R	100.000	25	0	1.18e-09	50.1
M03520:605:000000000-LVNKY:1:1103:3859:18395;size=18	RH.B9EF730EBE6C436Z0Z_R	100.000	25	0	1.18e-09	50.1
M03520:605:000000000-LVNKY:1:1103:3859:18395;size=18	RH.B9EF730EBE6C436Z0Z_F	100.000	25	0	1.18e-09	50.1
M03520:605:000000000-LVNKY:1:1103:5199:16119;size=18	RH.DDB83AFF97C94C6Z0Z_R	100.000	25	0	1.18e-09	50.1
M03520:605:000000000-LVNKY:1:1103:5199:16119;size=18	RH.DDB83AFF97C94C6Z0Z_F	100.000	24	0	4.65e-09	48.1
M03520:605:000000000-LVNKY:1:1103:6110:24365;size=18	RH.DDB83AFF97C94C6Z0Z_F	100.000	24	0	4.65e-09	48.1
M03520:605:000000000-LVNKY:1:1103:6110:24365;size=18	RH.DDB83AFF97C94C6Z0Z_R	100.000	21	0	2.87e-07	42.1
M03520:605:000000000-LVNKY:1:1104:14721:12644;size=18	RH.85A5303CAAF54ADZ0Z_R	100.000	22	0	7.27e-08	44.1
M03520:605:000000000-LVNKY:1:1104:14721:12644;size=18	RH.85A5303CAAF54ADZ0Z_F	100.000	21	0	2.87e-07	42.1
M03520:605:000000000-LVNKY:1:1105:15402:9950;size=18	RH.7CE39E25906745AZ0Z_R	100.000	26	0	2.98e-10	52.0
M03520:605:000000000-LVNKY:1:1105:15402:9950;size=18	RH.7CE39E25906745AZ0Z_F	96.000	25	1	2.87e-07	42.1
M03520:605:000000000-LVNKY:1:1108:26024:18246;size=18	RH.2A8AD21024974C0Z0Z_F	100.000	26	0	2.98e-10	52.0
M03520:605:000000000-LVNKY:1:1108:26024:18246;size=18	RH.2A8AD21024974C0Z0Z_R	100.000	25	0	1.18e-09	50.1
M03520:605:000000000-LVNKY:1:1109:20423:19775;size=18	RH.DDB83AFF97C94C6Z0Z_F	100.000	24	0	4.65e-09	48.1
M03520:605:000000000-LVNKY:1:1109:20423:19775;size=18	RH.DDB83AFF97C94C6Z0Z_R	100.000	22	0	7.27e-08	44.1
M03520:605:000000000-LVNKY:1:1101:10235:16008;size=17	RH.44DCEC943BED412Z0Z_R	100.000	23	0	1.84e-08	46.1
M03520:605:000000000-LVNKY:1:1101:10235:16008;size=17	RH.F8075AAECB0140EZ0Z_F	100.000	21	0	2.87e-07	42.1
M03520:605:000000000-LVNKY:1:1101:10271:17271;size=17	RH.0096A141894D447Z0Z_F	100.000	24	0	4.65e-09	48.1
M03520:605:000000000-LVNKY:1:1101:10271:17271;size=17	RH.0096A141894D447Z0Z_R	100.000	21	0	2.87e-07	42.1
M03520:605:000000000-LVNKY:1:1101:10600:11466;size=17	RH.85A5303CAAF54ADZ0Z_R	100.000	22	0	7.27e-08	44.1
M03520:605:000000000-LVNKY:1:1101:10600:11466;size=17	RH.85A5303CAAF54ADZ0Z_F	100.000	20	0	1.13e-06	40.1
M03520:605:000000000-LVNKY:1:1101:11825:12582;size=17	RH.B9EF730EBE6C436Z0Z_R	100.000	25	0	1.18e-09	50.1
M03520:605:000000000-LVNKY:1:1101:11825:12582;size=17	RH.B9EF730EBE6C436Z0Z_F	100.000	25	0	1.18e-09	50.1
M03520:605:000000000-LVNKY:1:1101:12363:6582;size=17	RH.DDB83AFF97C94C6Z0Z_R	100.000	25	0	1.18e-09	50.1
M03520:605:000000000-LVNKY:1:1101:12363:6582;size=17	RH.DDB83AFF97C94C6Z0Z_F	100.000	24	0	4.65e-09	48.1
M03520:605:000000000-LVNKY:1:1101:12992:25352;size=17	RH.85A5303CAAF54ADZ0Z_R	100.000	22	0	7.27e-08	44.1
M03520:605:000000000-LVNKY:1:1101:12992:25352;size=17	RH.85A5303CAAF54ADZ0Z_F	100.000	21	0	2.87e-07	42.1
M03520:605:000000000-LVNKY:1:1101:13941:16864;size=17	RH.9A66BF27C97B4E9Z0Z_F	100.000	25	0	1.18e-09	50.1
M03520:605:000000000-LVNKY:1:1101:14070:6083;size=17	RH.85A5303CAAF54ADZ0Z_R	100.000	22	0	7.27e-08	44.1
M03520:605:000000000-LVNKY:1:1101:14070:6083;size=17	RH.85A5303CAAF54ADZ0Z_F	100.000	21	0	2.87e-07	42.1
M03520:605:000000000-LVNKY:1:1101:15029:9639;size=17	RH.0550AF0F57084ADZ0Z_F	100.000	24	0	4.65e-09	48.1
M03520:605:000000000-LVNKY:1:1101:15095:6238;size=17	RH.7CE39E25906745AZ0Z_R	100.000	26	0	2.98e-10	52.0
M03520:605:000000000-LVNKY:1:1101:15095:6238;size=17	RH.7CE39E25906745AZ0Z_F	100.000	25	0	1.18e-09	50.1
M03520:605:000000000-LVNKY:1:1101:15215:6385;size=17	RH.0096A141894D447Z0Z_R	100.000	21	0	2.87e-07	42.1
M03520:605:000000000-LVNKY:1:1101:15215:6385;size=17	RH.0096A141894D447Z0Z_F	95.833	24	1	1.13e-06	40.1
M03520:605:000000000-LVNKY:1:1101:15634:17245;size=17	RH.2A8AD21024974C0Z0Z_F	100.000	26	0	2.98e-10	52.0
M03520:605:000000000-LVNKY:1:1101:15634:17245;size=17	RH.2A8AD21024974C0Z0Z_R	100.000	25	0	1.18e-09	50.1
M03520:605:000000000-LVNKY:1:1101:15896:9497;size=17	RH.7CE39E25906745AZ0Z_F	100.000	25	0	1.18e-09	50.1
M03520:605:000000000-LVNKY:1:1101:15896:9497;size=17	RH.7CE39E25906745AZ0Z_R	96.154	26	1	7.27e-08	44.1
M03520:605:000000000-LVNKY:1:1101:19667:6285;size=17	RH.2A8AD21024974C0Z0Z_R	100.000	25	0	1.18e-09	50.1
M03520:605:000000000-LVNKY:1:1101:19667:6285;size=17	RH.2A8AD21024974C0Z0Z_F	100.000	23	0	1.84e-08	46.1
M03520:605:000000000-LVNKY:1:1101:20107:24833;size=17	RH.DDB83AFF97C94C6Z0Z_F	100.000	24	0	4.65e-09	48.1
M03520:605:000000000-LVNKY:1:1101:20107:24833;size=17	RH.DDB83AFF97C94C6Z0Z_R	96.000	25	1	2.87e-07	42.1
M03520:605:000000000-LVNKY:1:1101:21275:23833;size=17	RH.85A5303CAAF54ADZ0Z_R	100.000	22	0	7.27e-08	44.1
M03520:605:000000000-LVNKY:1:1101:21275:23833;size=17	RH.85A5303CAAF54ADZ0Z_F	100.000	21	0	2.87e-07	42.1
M03520:605:000000000-LVNKY:1:1101:22830:14411;size=17	RH.DDB83AFF97C94C6Z0Z_R	100.000	25	0	1.18e-09	50.1
M03520:605:000000000-LVNKY:1:1101:22830:14411;size=17	RH.DDB83AFF97C94C6Z0Z_F	100.000	24	0	4.65e-09	48.1
M03520:605:000000000-LVNKY:1:1101:22830:14411;size=17	RH.AB03371A973C4B1Z0Z_F	100.000	20	0	1.13e-06	40.1
M03520:605:000000000-LVNKY:1:1101:24423:15844;size=17	RH.DDB83AFF97C94C6Z0Z_R	100.000	24	0	4.65e-09	48.1
M03520:605:000000000-LVNKY:1:1101:24423:15844;size=17	RH.DDB83AFF97C94C6Z0Z_F	100.000	24	0	4.65e-09	48.1
M03520:605:000000000-LVNKY:1:1101:25421:20034;size=17	RH.85A5303CAAF54ADZ0Z_R	100.000	22	0	7.27e-08	44.1
M03520:605:000000000-LVNKY:1:1101:25421:20034;size=17	RH.85A5303CAAF54ADZ0Z_F	100.000	21	0	2.87e-07	42.1
M03520:605:000000000-LVNKY:1:1101:25626:19119;size=17	RH.0BD19D1A26A74EBZ0Z_F	100.000	25	0	1.18e-09	50.1
M03520:605:000000000-LVNKY:1:1101:25626:19119;size=17	RH.0BD19D1A26A74EBZ0Z_R	100.000	24	0	4.65e-09	48.1
M03520:605:000000000-LVNKY:1:1101:2613:10594;size=17	RH.0096A141894D447Z0Z_F	100.000	24	0	4.65e-09	48.1
M03520:605:000000000-LVNKY:1:1101:2613:10594;size=17	RH.0096A141894D447Z0Z_R	100.000	21	0	2.87e-07	42.1
M03520:605:000000000-LVNKY:1:1101:26821:16028;size=17	RH.1CC74B91718A42FZ0Z_R	100.000	25	0	1.18e-09	50.1
M03520:605:000000000-LVNKY:1:1101:26821:16028;size=17	RH.1CC74B91718A42FZ0Z_F	100.000	23	0	1.84e-08	46.1
M03520:605:000000000-LVNKY:1:1101:26920:10316;size=17	RH.DDB83AFF97C94C6Z0Z_R	100.000	25	0	1.18e-09	50.1
M03520:605:000000000-LVNKY:1:1101:26920:10316;size=17	RH.DDB83AFF97C94C6Z0Z_F	100.000	24	0	4.65e-09	48.1
M03520:605:000000000-LVNKY:1:1101:27101:13000;size=17	RH.2AFFFBA0E81C482Z0Z_R	100.000	23	0	1.84e-08	46.1
M03520:605:000000000-LVNKY:1:1101:27101:13000;size=17	RH.2AFFFBA0E81C482Z0Z_F	100.000	23	0	1.84e-08	46.1
M03520:605:000000000-LVNKY:1:1101:27333:8618;size=17	RH.B9EF730EBE6C436Z0Z_R	100.000	25	0	1.18e-09	50.1
M03520:605:000000000-LVNKY:1:1101:27333:8618;size=17	RH.B9EF730EBE6C436Z0Z_F	100.000	25	0	1.18e-09	50.1
M03520:605:000000000-LVNKY:1:1101:7128:10338;size=17	RH.51338FA06EDB4F0Z0Z_R	100.000	25	0	1.18e-09	50.1
M03520:605:000000000-LVNKY:1:1101:7128:10338;size=17	RH.51338FA06EDB4F0Z0Z_F	96.000	25	1	2.87e-07	42.1
M03520:605:000000000-LVNKY:1:1101:7217:9409;size=17	RH.85A5303CAAF54ADZ0Z_R	100.000	22	0	7.27e-08	44.1
M03520:605:000000000-LVNKY:1:1101:7217:9409;size=17	RH.85A5303CAAF54ADZ0Z_F	100.000	21	0	2.87e-07	42.1
M03520:605:000000000-LVNKY:1:1101:7818:23480;size=17	RH.DDB83AFF97C94C6Z0Z_F	100.000	24	0	4.65e-09	48.1
M03520:605:000000000-LVNKY:1:1101:7818:23480;size=17	RH.DDB83AFF97C94C6Z0Z_R	96.000	25	1	2.87e-07	42.1
M03520:605:000000000-LVNKY:1:1101:8387:8790;size=17	RH.CA1E204B0C0842DZ0Z_F	100.000	26	0	2.98e-10	52.0
M03520:605:000000000-LVNKY:1:1101:8387:8790;size=17	RH.CA1E204B0C0842DZ0Z_R	100.000	24	0	4.65e-09	48.1
M03520:605:000000000-LVNKY:1:1101:8518:8530;size=17	RH.85A5303CAAF54ADZ0Z_R	100.000	22	0	7.27e-08	44.1
M03520:605:000000000-LVNKY:1:1101:8518:8530;size=17	RH.FF3971CC0B8D410Z0Z_F	100.000	20	0	1.13e-06	40.1
M03520:605:000000000-LVNKY:1:1101:8578:11844;size=17	RH.51338FA06EDB4F0Z0Z_R	100.000	25	0	1.18e-09	50.1
M03520:605:000000000-LVNKY:1:1101:8578:11844;size=17	RH.51338FA06EDB4F0Z0Z_F	100.000	25	0	1.18e-09	50.1
M03520:605:000000000-LVNKY:1:1101:8758:25541;size=17	RH.69CEA0AC39F4445Z0Z_R	100.000	23	0	1.84e-08	46.1
M03520:605:000000000-LVNKY:1:1101:8758:25541;size=17	RH.69CEA0AC39F4445Z0Z_F	100.000	21	0	2.87e-07	42.1
M03520:605:000000000-LVNKY:1:1101:9050:18618;size=17	RH.69CEA0AC39F4445Z0Z_F	100.000	24	0	4.65e-09	48.1
M03520:605:000000000-LVNKY:1:1101:9050:18618;size=17	RH.69CEA0AC39F4445Z0Z_R	100.000	23	0	1.84e-08	46.1
M03520:605:000000000-LVNKY:1:1101:9135:16360;size=17	RH.69CEA0AC39F4445Z0Z_F	100.000	24	0	4.65e-09	48.1
M03520:605:000000000-LVNKY:1:1101:9135:16360;size=17	RH.69CEA0AC39F4445Z0Z_R	100.000	23	0	1.84e-08	46.1
M03520:605:000000000-LVNKY:1:1102:10166:20478;size=17	RH.85A5303CAAF54ADZ0Z_R	100.000	22	0	7.27e-08	44.1
M03520:605:000000000-LVNKY:1:1102:10166:20478;size=17	RH.85A5303CAAF54ADZ0Z_F	100.000	21	0	2.87e-07	42.1
M03520:605:000000000-LVNKY:1:1102:10386:24062;size=17	RH.DDB83AFF97C94C6Z0Z_R	100.000	25	0	1.18e-09	50.1
M03520:605:000000000-LVNKY:1:1102:10386:24062;size=17	RH.DDB83AFF97C94C6Z0Z_F	100.000	24	0	4.65e-09	48.1
M03520:605:000000000-LVNKY:1:1102:12147:11776;size=17	RH.85A5303CAAF54ADZ0Z_R	100.000	22	0	7.27e-08	44.1
M03520:605:000000000-LVNKY:1:1102:12204:4301;size=17	RH.7CE39E25906745AZ0Z_R	100.000	26	0	2.98e-10	52.0
M03520:605:000000000-LVNKY:1:1102:12204:4301;size=17	RH.7CE39E25906745AZ0Z_F	100.000	25	0	1.18e-09	50.1
M03520:605:000000000-LVNKY:1:1102:13822:22375;size=17	RH.7CE39E25906745AZ0Z_R	100.000	26	0	2.98e-10	52.0
M03520:605:000000000-LVNKY:1:1102:13822:22375;size=17	RH.7CE39E25906745AZ0Z_F	100.000	25	0	1.18e-09	50.1
M03520:605:000000000-LVNKY:1:1102:14490:18406;size=17	RH.7CE39E25906745AZ0Z_R	100.000	26	0	2.98e-10	52.0
M03520:605:000000000-LVNKY:1:1102:14490:18406;size=17	RH.7CE39E25906745AZ0Z_F	96.000	25	1	2.87e-07	42.1
M03520:605:000000000-LVNKY:1:1102:14679:5830;size=17	RH.0096A141894D447Z0Z_F	100.000	24	0	4.65e-09	48.1
M03520:605:000000000-LVNKY:1:1102:14679:5830;size=17	RH.0096A141894D447Z0Z_R	100.000	21	0	2.87e-07	42.1
M03520:605:000000000-LVNKY:1:1102:15149:27720;size=17	RH.0550AF0F57084ADZ0Z_R	100.000	22	0	7.27e-08	44.1
M03520:605:000000000-LVNKY:1:1102:15149:27720;size=17	RH.0550AF0F57084ADZ0Z_F	95.833	24	1	1.13e-06	40.1
M03520:605:000000000-LVNKY:1:1102:15569:3986;size=17	RH.51338FA06EDB4F0Z0Z_R	100.000	25	0	1.18e-09	50.1
M03520:605:000000000-LVNKY:1:1102:15569:3986;size=17	RH.51338FA06EDB4F0Z0Z_F	100.000	25	0	1.18e-09	50.1
M03520:605:000000000-LVNKY:1:1102:16685:19998;size=17	RH.0096A141894D447Z0Z_F	100.000	24	0	4.65e-09	48.1
M03520:605:000000000-LVNKY:1:1102:16685:19998;size=17	RH.0096A141894D447Z0Z_R	100.000	19	0	4.48e-06	38.2
M03520:605:000000000-LVNKY:1:1102:18328:9696;size=17	RH.B9EF730EBE6C436Z0Z_R	100.000	25	0	1.18e-09	50.1
M03520:605:000000000-LVNKY:1:1102:18328:9696;size=17	RH.B9EF730EBE6C436Z0Z_F	100.000	25	0	1.18e-09	50.1
M03520:605:000000000-LVNKY:1:1102:19214:22354;size=17	RH.DDB83AFF97C94C6Z0Z_R	100.000	25	0	1.18e-09	50.1
M03520:605:000000000-LVNKY:1:1102:19214:22354;size=17	RH.DDB83AFF97C94C6Z0Z_F	100.000	24	0	4.65e-09	48.1
M03520:605:000000000-LVNKY:1:1102:19917:6597;size=17	RH.7CE39E25906745AZ0Z_R	100.000	26	0	2.98e-10	52.0
M03520:605:000000000-LVNKY:1:1102:19917:6597;size=17	RH.7CE39E25906745AZ0Z_F	100.000	23	0	1.84e-08	46.1
M03520:605:000000000-LVNKY:1:1102:24391:13930;size=17	RH.B9EF730EBE6C436Z0Z_R	100.000	25	0	1.18e-09	50.1
M03520:605:000000000-LVNKY:1:1102:24391:13930;size=17	RH.B9EF730EBE6C436Z0Z_F	100.000	25	0	1.18e-09	50.1
M03520:605:000000000-LVNKY:1:1102:25552:9456;size=17	RH.8B25A056ABC1444Z0Z_R	100.000	24	0	4.65e-09	48.1
M03520:605:000000000-LVNKY:1:1102:27721:14812;size=17	RH.4D53736870F247FZ0Z_R	100.000	25	0	1.18e-09	50.1
M03520:605:000000000-LVNKY:1:1102:28807:12778;size=17	RH.7CE39E25906745AZ0Z_R	100.000	26	0	2.98e-10	52.0
M03520:605:000000000-LVNKY:1:1102:28807:12778;size=17	RH.7CE39E25906745AZ0Z_F	100.000	25	0	1.18e-09	50.1
M03520:605:000000000-LVNKY:1:1102:28877:18560;size=17	RH.DDB83AFF97C94C6Z0Z_R	100.000	25	0	1.18e-09	50.1
M03520:605:000000000-LVNKY:1:1102:28877:18560;size=17	RH.DDB83AFF97C94C6Z0Z_F	100.000	24	0	4.65e-09	48.1
M03520:605:000000000-LVNKY:1:1102:3519:19051;size=17	RH.0BD19D1A26A74EBZ0Z_F	100.000	25	0	1.18e-09	50.1
M03520:605:000000000-LVNKY:1:1102:3519:19051;size=17	RH.0BD19D1A26A74EBZ0Z_R	100.000	23	0	1.84e-08	46.1
M03520:605:000000000-LVNKY:1:1102:6418:16391;size=17	RH.0096A141894D447Z0Z_R	100.000	21	0	2.87e-07	42.1
M03520:605:000000000-LVNKY:1:1102:6418:16391;size=17	RH.0096A141894D447Z0Z_F	100.000	20	0	1.13e-06	40.1
M03520:605:000000000-LVNKY:1:1102:6987:6141;size=17	RH.0BD19D1A26A74EBZ0Z_F	100.000	25	0	1.18e-09	50.1
M03520:605:000000000-LVNKY:1:1102:6987:6141;size=17	RH.0BD19D1A26A74EBZ0Z_R	100.000	24	0	4.65e-09	48.1
M03520:605:000000000-LVNKY:1:1102:7792:8045;size=17	RH.0BD19D1A26A74EBZ0Z_F	100.000	25	0	1.18e-09	50.1
M03520:605:000000000-LVNKY:1:1102:7792:8045;size=17	RH.0BD19D1A26A74EBZ0Z_R	100.000	24	0	4.65e-09	48.1
M03520:605:000000000-LVNKY:1:1102:8063:20132;size=17	RH.0BD19D1A26A74EBZ0Z_F	100.000	25	0	1.18e-09	50.1
M03520:605:000000000-LVNKY:1:1102:8063:20132;size=17	RH.0BD19D1A26A74EBZ0Z_R	100.000	24	0	4.65e-09	48.1
M03520:605:000000000-LVNKY:1:1102:8123:8263;size=17	RH.1CC74B91718A42FZ0Z_R	100.000	25	0	1.18e-09	50.1
M03520:605:000000000-LVNKY:1:1102:8123:8263;size=17	RH.1CC74B91718A42FZ0Z_F	100.000	24	0	4.65e-09	48.1
M03520:605:000000000-LVNKY:1:1102:9196:16952;size=17	RH.DDB83AFF97C94C6Z0Z_R	100.000	25	0	1.18e-09	50.1
M03520:605:000000000-LVNKY:1:1102:9196:16952;size=17	RH.DDB83AFF97C94C6Z0Z_F	100.000	21	0	2.87e-07	42.1
M03520:605:000000000-LVNKY:1:1103:10262:12992;size=17	RH.7CE39E25906745AZ0Z_R	100.000	26	0	2.98e-10	52.0
M03520:605:000000000-LVNKY:1:1103:10262:12992;size=17	RH.7CE39E25906745AZ0Z_F	100.000	25	0	1.18e-09	50.1
M03520:605:000000000-LVNKY:1:1103:12200:2341;size=17	RH.0BD19D1A26A74EBZ0Z_R	100.000	24	0	4.65e-09	48.1
M03520:605:000000000-LVNKY:1:1103:12200:2341;size=17	RH.0BD19D1A26A74EBZ0Z_F	96.000	25	1	2.87e-07	42.1
M03520:605:000000000-LVNKY:1:1103:14258:10658;size=17	RH.2A8AD21024974C0Z0Z_F	100.000	26	0	2.98e-10	52.0
M03520:605:000000000-LVNKY:1:1103:14258:10658;size=17	RH.2A8AD21024974C0Z0Z_R	100.000	25	0	1.18e-09	50.1
M03520:605:000000000-LVNKY:1:1103:17839:18207;size=17	RH.B9EF730EBE6C436Z0Z_R	100.000	25	0	1.18e-09	50.1
M03520:605:000000000-LVNKY:1:1103:17839:18207;size=17	RH.B9EF730EBE6C436Z0Z_F	100.000	25	0	1.18e-09	50.1
M03520:605:000000000-LVNKY:1:1103:18592:1826;size=17	RH.0550AF0F57084ADZ0Z_F	100.000	24	0	4.65e-09	48.1
M03520:605:000000000-LVNKY:1:1103:18592:1826;size=17	RH.0550AF0F57084ADZ0Z_R	100.000	22	0	7.27e-08	44.1
M03520:605:000000000-LVNKY:1:1103:21135:22900;size=17	RH.1CC74B91718A42FZ0Z_R	100.000	25	0	1.18e-09	50.1
M03520:605:000000000-LVNKY:1:1103:21135:22900;size=17	RH.1CC74B91718A42FZ0Z_F	100.000	24	0	4.65e-09	48.1
M03520:605:000000000-LVNKY:1:1103:2721:16122;size=17	RH.B9EF730EBE6C436Z0Z_R	100.000	25	0	1.18e-09	50.1
M03520:605:000000000-LVNKY:1:1103:2721:16122;size=17	RH.B9EF730EBE6C436Z0Z_F	100.000	25	0	1.18e-09	50.1
M03520:605:000000000-LVNKY:1:1104:24810:6310;size=17	RH.B9EF730EBE6C436Z0Z_R	100.000	25	0	1.18e-09	50.1
M03520:605:000000000-LVNKY:1:1104:24810:6310;size=17	RH.B9EF730EBE6C436Z0Z_F	100.000	25	0	1.18e-09	50.1
M03520:605:000000000-LVNKY:1:1104:28289:11492;size=17	RH.7CE39E25906745AZ0Z_R	100.000	26	0	2.98e-10	52.0
M03520:605:000000000-LVNKY:1:1104:28289:11492;size=17	RH.7CE39E25906745AZ0Z_F	96.000	25	1	2.87e-07	42.1
M03520:605:000000000-LVNKY:1:1105:19555:6428;size=17	RH.B9EF730EBE6C436Z0Z_R	100.000	25	0	1.18e-09	50.1
M03520:605:000000000-LVNKY:1:1105:19555:6428;size=17	RH.B9EF730EBE6C436Z0Z_F	100.000	25	0	1.18e-09	50.1
M03520:605:000000000-LVNKY:1:1106:21392:11875;size=17	RH.0550AF0F57084ADZ0Z_F	100.000	24	0	4.65e-09	48.1
M03520:605:000000000-LVNKY:1:1106:21392:11875;size=17	RH.0550AF0F57084ADZ0Z_R	100.000	22	0	7.27e-08	44.1
M03520:605:000000000-LVNKY:1:1106:5143:11325;size=17	RH.B9EF730EBE6C436Z0Z_R	100.000	25	0	1.18e-09	50.1
M03520:605:000000000-LVNKY:1:1106:5143:11325;size=17	RH.B9EF730EBE6C436Z0Z_F	100.000	25	0	1.18e-09	50.1
M03520:605:000000000-LVNKY:1:1107:3690:12329;size=17	RH.0096A141894D447Z0Z_F	100.000	24	0	4.65e-09	48.1
M03520:605:000000000-LVNKY:1:1108:19922:17258;size=17	RH.7CE39E25906745AZ0Z_R	100.000	26	0	2.98e-10	52.0
M03520:605:000000000-LVNKY:1:1108:19922:17258;size=17	RH.7CE39E25906745AZ0Z_F	100.000	24	0	4.65e-09	48.1
M03520:605:000000000-LVNKY:1:1109:10808:4411;size=17	RH.B9EF730EBE6C436Z0Z_F	100.000	25	0	1.18e-09	50.1
M03520:605:000000000-LVNKY:1:1109:10808:4411;size=17	RH.B9EF730EBE6C436Z0Z_R	96.000	25	1	2.87e-07	42.1
M03520:605:000000000-LVNKY:1:1109:6047:23314;size=17	RH.0096A141894D447Z0Z_F	100.000	24	0	4.65e-09	48.1
M03520:605:000000000-LVNKY:1:1101:12005:20006;size=16	RH.51338FA06EDB4F0Z0Z_R	100.000	25	0	1.18e-09	50.1
M03520:605:000000000-LVNKY:1:1101:12005:20006;size=16	RH.51338FA06EDB4F0Z0Z_F	100.000	21	0	2.87e-07	42.1
M03520:605:000000000-LVNKY:1:1101:12093:9215;size=16	RH.0BD19D1A26A74EBZ0Z_F	100.000	25	0	1.18e-09	50.1
M03520:605:000000000-LVNKY:1:1101:12093:9215;size=16	RH.0BD19D1A26A74EBZ0Z_R	100.000	24	0	4.65e-09	48.1
M03520:605:000000000-LVNKY:1:1101:12326:2143;size=16	RH.0BD19D1A26A74EBZ0Z_F	100.000	25	0	1.18e-09	50.1
M03520:605:000000000-LVNKY:1:1101:12326:2143;size=16	RH.0BD19D1A26A74EBZ0Z_R	100.000	24	0	4.65e-09	48.1
M03520:605:000000000-LVNKY:1:1101:12946:4854;size=16	RH.B9EF730EBE6C436Z0Z_F	100.000	25	0	1.18e-09	50.1
M03520:605:000000000-LVNKY:1:1101:12946:4854;size=16	RH.B9EF730EBE6C436Z0Z_R	100.000	21	0	2.87e-07	42.1
M03520:605:000000000-LVNKY:1:1101:13515:27542;size=16	RH.27578A9A85FA4A3Z0Z_F	100.000	24	0	4.65e-09	48.1
M03520:605:000000000-LVNKY:1:1101:13515:27542;size=16	RH.27578A9A85FA4A3Z0Z_R	100.000	22	0	7.27e-08	44.1
M03520:605:000000000-LVNKY:1:1101:13553:20403;size=16	RH.27578A9A85FA4A3Z0Z_F	100.000	24	0	4.65e-09	48.1
M03520:605:000000000-LVNKY:1:1101:13553:20403;size=16	RH.27578A9A85FA4A3Z0Z_R	100.000	22	0	7.27e-08	44.1
M03520:605:000000000-LVNKY:1:1101:14140:3217;size=16	RH.51338FA06EDB4F0Z0Z_R	100.000	25	0	1.18e-09	50.1
M03520:605:000000000-LVNKY:1:1101:14140:3217;size=16	RH.51338FA06EDB4F0Z0Z_F	96.000	25	1	2.87e-07	42.1
M03520:605:000000000-LVNKY:1:1101:14141:18122;size=16	RH.6ED317E1F29644AZ0Z_R	100.000	23	0	1.84e-08	46.1
M03520:605:000000000-LVNKY:1:1101:14141:18122;size=16	RH.6ED317E1F29644AZ0Z_F	100.000	23	0	1.84e-08	46.1
M03520:605:000000000-LVNKY:1:1101:14245:18201;size=16	RH.85A5303CAAF54ADZ0Z_R	100.000	22	0	7.27e-08	44.1
M03520:605:000000000-LVNKY:1:1101:14245:18201;size=16	RH.85A5303CAAF54ADZ0Z_F	100.000	21	0	2.87e-07	42.1
M03520:605:000000000-LVNKY:1:1101:14818:22168;size=16	RH.6572108A164E48EZ0Z_R	100.000	25	0	1.18e-09	50.1
M03520:605:000000000-LVNKY:1:1101:14818:22168;size=16	RH.6572108A164E48EZ0Z_F	95.833	24	1	1.13e-06	40.1
M03520:605:000000000-LVNKY:1:1101:15255:11917;size=16	RH.2A8AD21024974C0Z0Z_F	100.000	26	0	2.98e-10	52.0
M03520:605:000000000-LVNKY:1:1101:15255:11917;size=16	RH.2A8AD21024974C0Z0Z_R	100.000	25	0	1.18e-09	50.1
M03520:605:000000000-LVNKY:1:1101:15797:2008;size=16	RH.DDB83AFF97C94C6Z0Z_F	100.000	24	0	4.65e-09	48.1
M03520:605:000000000-LVNKY:1:1101:15797:2008;size=16	RH.DDB83AFF97C94C6Z0Z_R	96.000	25	1	2.87e-07	42.1
M03520:605:000000000-LVNKY:1:1101:16464:9176;size=16	RH.51338FA06EDB4F0Z0Z_R	100.000	25	0	1.18e-09	50.1
M03520:605:000000000-LVNKY:1:1101:16464:9176;size=16	RH.51338FA06EDB4F0Z0Z_F	100.000	25	0	1.18e-09	50.1
M03520:605:000000000-LVNKY:1:1101:16681:8324;size=16	RH.B9EF730EBE6C436Z0Z_R	100.000	25	0	1.18e-09	50.1
M03520:605:000000000-LVNKY:1:1101:16681:8324;size=16	RH.B9EF730EBE6C436Z0Z_F	100.000	21	0	2.87e-07	42.1
M03520:605:000000000-LVNKY:1:1101:16699:15532;size=16	RH.27578A9A85FA4A3Z0Z_F	100.000	24	0	4.65e-09	48.1
M03520:605:000000000-LVNKY:1:1101:16699:15532;size=16	RH.27578A9A85FA4A3Z0Z_R	100.000	22	0	7.27e-08	44.1
M03520:605:000000000-LVNKY:1:1101:17195:5602;size=16	RH.85A5303CAAF54ADZ0Z_F	100.000	21	0	2.87e-07	42.1
M03520:605:000000000-LVNKY:1:1101:17195:5602;size=16	RH.85A5303CAAF54ADZ0Z_R	100.000	20	0	1.13e-06	40.1
M03520:605:000000000-LVNKY:1:1101:17455:13892;size=16	RH.7CE39E25906745AZ0Z_R	100.000	26	0	2.98e-10	52.0
M03520:605:000000000-LVNKY:1:1101:17455:13892;size=16	RH.7CE39E25906745AZ0Z_F	96.000	25	1	2.87e-07	42.1
M03520:605:000000000-LVNKY:1:1101:17747:9589;size=16	RH.DDB83AFF97C94C6Z0Z_R	100.000	25	0	1.18e-09	50.1
M03520:605:000000000-LVNKY:1:1101:18716:15728;size=16	RH.B9EF730EBE6C436Z0Z_R	100.000	25	0	1.18e-09	50.1
M03520:605:000000000-LVNKY:1:1101:18716:15728;size=16	RH.B9EF730EBE6C436Z0Z_F	100.000	25	0	1.18e-09	50.1
M03520:605:000000000-LVNKY:1:1101:18764:17844;size=16	RH.7CE39E25906745AZ0Z_R	100.000	26	0	2.98e-10	52.0
M03520:605:000000000-LVNKY:1:1101:18764:17844;size=16	RH.7CE39E25906745AZ0Z_F	100.000	25	0	1.18e-09	50.1
M03520:605:000000000-LVNKY:1:1101:19551:17859;size=16	RH.DDB83AFF97C94C6Z0Z_R	100.000	25	0	1.18e-09	50.1
M03520:605:000000000-LVNKY:1:1101:19551:17859;size=16	RH.DDB83AFF97C94C6Z0Z_F	100.000	24	0	4.65e-09	48.1
M03520:605:000000000-LVNKY:1:1101:20188:12248;size=16	RH.B9EF730EBE6C436Z0Z_R	100.000	25	0	1.18e-09	50.1
M03520:605:000000000-LVNKY:1:1101:20188:12248;size=16	RH.B9EF730EBE6C436Z0Z_F	100.000	25	0	1.18e-09	50.1
M03520:605:000000000-LVNKY:1:1101:20262:14629;size=16	RH.DDB83AFF97C94C6Z0Z_R	100.000	25	0	1.18e-09	50.1
M03520:605:000000000-LVNKY:1:1101:20262:14629;size=16	RH.DDB83AFF97C94C6Z0Z_F	100.000	24	0	4.65e-09	48.1
M03520:605:000000000-LVNKY:1:1101:24723:20597;size=16	RH.0550AF0F57084ADZ0Z_F	100.000	24	0	4.65e-09	48.1
M03520:605:000000000-LVNKY:1:1101:24723:20597;size=16	RH.0550AF0F57084ADZ0Z_R	100.000	22	0	7.27e-08	44.1
M03520:605:000000000-LVNKY:1:1101:26145:8744;size=16	RH.B9EF730EBE6C436Z0Z_R	100.000	25	0	1.18e-09	50.1
M03520:605:000000000-LVNKY:1:1101:26145:8744;size=16	RH.B9EF730EBE6C436Z0Z_F	100.000	25	0	1.18e-09	50.1
M03520:605:000000000-LVNKY:1:1101:26497:16528;size=16	RH.2091F326F74640CZ0Z_F	100.000	24	0	4.65e-09	48.1
M03520:605:000000000-LVNKY:1:1101:26648:11834;size=16	RH.85A5303CAAF54ADZ0Z_R	100.000	22	0	7.27e-08	44.1
M03520:605:000000000-LVNKY:1:1101:26648:11834;size=16	RH.85A5303CAAF54ADZ0Z_F	100.000	21	0	2.87e-07	42.1
M03520:605:000000000-LVNKY:1:1101:26685:18812;size=16	RH.0BD19D1A26A74EBZ0Z_F	100.000	25	0	1.18e-09	50.1
M03520:605:000000000-LVNKY:1:1101:26685:18812;size=16	RH.0BD19D1A26A74EBZ0Z_R	100.000	24	0	4.65e-09	48.1
M03520:605:000000000-LVNKY:1:1101:28027:18918;size=16	RH.1CC74B91718A42FZ0Z_R	100.000	25	0	1.18e-09	50.1
M03520:605:000000000-LVNKY:1:1101:28027:18918;size=16	RH.1CC74B91718A42FZ0Z_F	100.000	24	0	4.65e-09	48.1
M03520:605:000000000-LVNKY:1:1101:28256:17938;size=16	RH.0BD19D1A26A74EBZ0Z_F	100.000	25	0	1.18e-09	50.1
M03520:605:000000000-LVNKY:1:1101:28256:17938;size=16	RH.0BD19D1A26A74EBZ0Z_R	100.000	24	0	4.65e-09	48.1
M03520:605:000000000-LVNKY:1:1101:4598:10145;size=16	RH.0550AF0F57084ADZ0Z_F	100.000	24	0	4.65e-09	48.1
M03520:605:000000000-LVNKY:1:1101:4598:10145;size=16	RH.0550AF0F57084ADZ0Z_R	100.000	22	0	7.27e-08	44.1
M03520:605:000000000-LVNKY:1:1101:6019:7837;size=16	RH.0550AF0F57084ADZ0Z_R	100.000	22	0	7.27e-08	44.1
M03520:605:000000000-LVNKY:1:1101:6019:7837;size=16	RH.0550AF0F57084ADZ0Z_F	95.833	24	1	1.13e-06	40.1
M03520:605:000000000-LVNKY:1:1101:6716:17451;size=16	RH.B9EF730EBE6C436Z0Z_R	100.000	25	0	1.18e-09	50.1
M03520:605:000000000-LVNKY:1:1101:6716:17451;size=16	RH.B9EF730EBE6C436Z0Z_F	100.000	25	0	1.18e-09	50.1
M03520:605:000000000-LVNKY:1:1101:6969:21100;size=16	RH.6572108A164E48EZ0Z_R	100.000	25	0	1.18e-09	50.1
M03520:605:000000000-LVNKY:1:1101:6969:21100;size=16	RH.6572108A164E48EZ0Z_F	100.000	24	0	4.65e-09	48.1
M03520:605:000000000-LVNKY:1:1101:7123:15619;size=16	RH.59838CF1FB684F6Z0Z_R	100.000	21	0	2.87e-07	42.1
M03520:605:000000000-LVNKY:1:1101:8064:11435;size=16	RH.27578A9A85FA4A3Z0Z_F	100.000	24	0	4.65e-09	48.1
M03520:605:000000000-LVNKY:1:1101:8064:11435;size=16	RH.27578A9A85FA4A3Z0Z_R	100.000	22	0	7.27e-08	44.1
M03520:605:000000000-LVNKY:1:1101:9681:14610;size=16	RH.51338FA06EDB4F0Z0Z_F	100.000	25	0	1.18e-09	50.1
M03520:605:000000000-LVNKY:1:1101:9681:14610;size=16	RH.51338FA06EDB4F0Z0Z_R	96.000	25	1	2.87e-07	42.1
M03520:605:000000000-LVNKY:1:1102:12727:6841;size=16	RH.51338FA06EDB4F0Z0Z_R	100.000	25	0	1.18e-09	50.1
M03520:605:000000000-LVNKY:1:1102:12727:6841;size=16	RH.51338FA06EDB4F0Z0Z_F	100.000	25	0	1.18e-09	50.1
M03520:605:000000000-LVNKY:1:1102:14766:26842;size=16	RH.2AFFFBA0E81C482Z0Z_F	100.000	23	0	1.84e-08	46.1
M03520:605:000000000-LVNKY:1:1102:14766:26842;size=16	RH.2AFFFBA0E81C482Z0Z_R	100.000	23	0	1.84e-08	46.1
M03520:605:000000000-LVNKY:1:1102:15084:14556;size=16	RH.7CE39E25906745AZ0Z_F	100.000	25	0	1.18e-09	50.1
M03520:605:000000000-LVNKY:1:1102:15084:14556;size=16	RH.7CE39E25906745AZ0Z_R	96.154	26	1	7.27e-08	44.1
M03520:605:000000000-LVNKY:1:1102:16090:25240;size=16	RH.6572108A164E48EZ0Z_R	100.000	25	0	1.18e-09	50.1
M03520:605:000000000-LVNKY:1:1102:16090:25240;size=16	RH.6572108A164E48EZ0Z_F	100.000	24	0	4.65e-09	48.1
M03520:605:000000000-LVNKY:1:1102:17941:9545;size=16	RH.DDB83AFF97C94C6Z0Z_R	100.000	25	0	1.18e-09	50.1
M03520:605:000000000-LVNKY:1:1102:17941:9545;size=16	RH.DDB83AFF97C94C6Z0Z_F	100.000	20	0	1.13e-06	40.1
M03520:605:000000000-LVNKY:1:1102:20373:4304;size=16	RH.8B25A056ABC1444Z0Z_R	100.000	20	0	1.13e-06	40.1
M03520:605:000000000-LVNKY:1:1102:20373:4304;size=16	RH.8B25A056ABC1444Z0Z_F	100.000	20	0	1.13e-06	40.1
M03520:605:000000000-LVNKY:1:1102:20373:4304;size=16	RH.7428754DAE7C4F9Z0Z_F	100.000	19	0	4.48e-06	38.2
M03520:605:000000000-LVNKY:1:1102:24153:25441;size=16	RH.0096A141894D447Z0Z_F	100.000	24	0	4.65e-09	48.1
M03520:605:000000000-LVNKY:1:1102:24153:25441;size=16	RH.0096A141894D447Z0Z_R	100.000	21	0	2.87e-07	42.1
M03520:605:000000000-LVNKY:1:1102:24787:24006;size=16	RH.DC4B788FBB14440Z0Z_F	100.000	24	0	4.65e-09	48.1
M03520:605:000000000-LVNKY:1:1102:24787:24006;size=16	RH.DC4B788FBB14440Z0Z_R	100.000	23	0	1.84e-08	46.1
M03520:605:000000000-LVNKY:1:1102:24971:8291;size=16	RH.2A8AD21024974C0Z0Z_F	100.000	26	0	2.98e-10	52.0
M03520:605:000000000-LVNKY:1:1102:24971:8291;size=16	RH.2A8AD21024974C0Z0Z_R	100.000	25	0	1.18e-09	50.1
M03520:605:000000000-LVNKY:1:1102:25493:22847;size=16	RH.0BD19D1A26A74EBZ0Z_R	100.000	24	0	4.65e-09	48.1
M03520:605:000000000-LVNKY:1:1102:25493:22847;size=16	RH.0BD19D1A26A74EBZ0Z_F	96.000	25	1	2.87e-07	42.1
M03520:605:000000000-LVNKY:1:1102:3881:17784;size=16	RH.2A8AD21024974C0Z0Z_F	100.000	26	0	2.98e-10	52.0
M03520:605:000000000-LVNKY:1:1102:3881:17784;size=16	RH.2A8AD21024974C0Z0Z_R	100.000	25	0	1.18e-09	50.1
M03520:605:000000000-LVNKY:1:1102:3936:12198;size=16	RH.27578A9A85FA4A3Z0Z_R	100.000	22	0	7.27e-08	44.1
M03520:605:000000000-LVNKY:1:1102:3936:12198;size=16	RH.27578A9A85FA4A3Z0Z_F	95.833	24	1	1.13e-06	40.1
M03520:605:000000000-LVNKY:1:1102:4322:19795;size=16	RH.0096A141894D447Z0Z_F	100.000	24	0	4.65e-09	48.1
M03520:605:000000000-LVNKY:1:1102:4322:19795;size=16	RH.0096A141894D447Z0Z_R	100.000	21	0	2.87e-07	42.1
M03520:605:000000000-LVNKY:1:1102:4774:14871;size=16	RH.85A5303CAAF54ADZ0Z_R	100.000	22	0	7.27e-08	44.1
M03520:605:000000000-LVNKY:1:1102:4774:14871;size=16	RH.85A5303CAAF54ADZ0Z_F	100.000	21	0	2.87e-07	42.1
M03520:605:000000000-LVNKY:1:1102:7029:10049;size=16	RH.0550AF0F57084ADZ0Z_R	100.000	22	0	7.27e-08	44.1
M03520:605:000000000-LVNKY:1:1102:7029:10049;size=16	RH.0550AF0F57084ADZ0Z_F	95.833	24	1	1.13e-06	40.1
M03520:605:000000000-LVNKY:1:1102:9367:11946;size=16	RH.69CEA0AC39F4445Z0Z_F	100.000	24	0	4.65e-09	48.1
M03520:605:000000000-LVNKY:1:1102:9367:11946;size=16	RH.69CEA0AC39F4445Z0Z_R	100.000	23	0	1.84e-08	46.1
M03520:605:000000000-LVNKY:1:1103:10375:23502;size=16	RH.0096A141894D447Z0Z_R	100.000	21	0	2.87e-07	42.1
M03520:605:000000000-LVNKY:1:1103:10375:23502;size=16	RH.0096A141894D447Z0Z_F	95.833	24	1	1.13e-06	40.1
M03520:605:000000000-LVNKY:1:1103:11814:16704;size=16	RH.27578A9A85FA4A3Z0Z_F	100.000	24	0	4.65e-09	48.1
M03520:605:000000000-LVNKY:1:1103:11814:16704;size=16	RH.27578A9A85FA4A3Z0Z_R	100.000	22	0	7.27e-08	44.1
M03520:605:000000000-LVNKY:1:1103:13467:5122;size=16	RH.0BD19D1A26A74EBZ0Z_F	100.000	25	0	1.18e-09	50.1
M03520:605:000000000-LVNKY:1:1103:13467:5122;size=16	RH.0BD19D1A26A74EBZ0Z_R	100.000	24	0	4.65e-09	48.1
M03520:605:000000000-LVNKY:1:1103:15832:27704;size=16	RH.27578A9A85FA4A3Z0Z_F	100.000	24	0	4.65e-09	48.1
M03520:605:000000000-LVNKY:1:1103:15832:27704;size=16	RH.27578A9A85FA4A3Z0Z_R	100.000	22	0	7.27e-08	44.1
M03520:605:000000000-LVNKY:1:1103:18034:11523;size=16	RH.DDB83AFF97C94C6Z0Z_R	100.000	25	0	1.18e-09	50.1
M03520:605:000000000-LVNKY:1:1103:18034:11523;size=16	RH.DDB83AFF97C94C6Z0Z_F	100.000	24	0	4.65e-09	48.1
M03520:605:000000000-LVNKY:1:1103:18190:19021;size=16	RH.27578A9A85FA4A3Z0Z_F	100.000	24	0	4.65e-09	48.1
M03520:605:000000000-LVNKY:1:1103:18386:2571;size=16	RH.85A5303CAAF54ADZ0Z_R	100.000	22	0	7.27e-08	44.1
M03520:605:000000000-LVNKY:1:1103:18575:21778;size=16	RH.2AFFFBA0E81C482Z0Z_F	100.000	23	0	1.84e-08	46.1
M03520:605:000000000-LVNKY:1:1103:18575:21778;size=16	RH.2AFFFBA0E81C482Z0Z_R	95.652	23	1	4.48e-06	38.2
M03520:605:000000000-LVNKY:1:1103:21729:12440;size=16	RH.0096A141894D447Z0Z_F	100.000	24	0	4.65e-09	48.1
M03520:605:000000000-LVNKY:1:1103:25402:7131;size=16	RH.0096A141894D447Z0Z_F	100.000	24	0	4.65e-09	48.1
M03520:605:000000000-LVNKY:1:1103:25402:7131;size=16	RH.0096A141894D447Z0Z_R	100.000	21	0	2.87e-07	42.1
M03520:605:000000000-LVNKY:1:1103:28426:12732;size=16	RH.7CE39E25906745AZ0Z_R	100.000	26	0	2.98e-10	52.0
M03520:605:000000000-LVNKY:1:1103:28426:12732;size=16	RH.7CE39E25906745AZ0Z_F	100.000	25	0	1.18e-09	50.1
M03520:605:000000000-LVNKY:1:1103:7167:10833;size=16	RH.B9EF730EBE6C436Z0Z_R	100.000	25	0	1.18e-09	50.1
M03520:605:000000000-LVNKY:1:1103:7167:10833;size=16	RH.B9EF730EBE6C436Z0Z_F	100.000	25	0	1.18e-09	50.1
M03520:605:000000000-LVNKY:1:1103:7722:18969;size=16	RH.69CEA0AC39F4445Z0Z_F	100.000	24	0	4.65e-09	48.1
M03520:605:000000000-LVNKY:1:1103:7722:18969;size=16	RH.69CEA0AC39F4445Z0Z_R	100.000	23	0	1.84e-08	46.1
M03520:605:000000000-LVNKY:1:1103:7942:26899;size=16	RH.DDB83AFF97C94C6Z0Z_R	100.000	25	0	1.18e-09	50.1
M03520:605:000000000-LVNKY:1:1103:7942:26899;size=16	RH.DDB83AFF97C94C6Z0Z_F	100.000	24	0	4.65e-09	48.1
M03520:605:000000000-LVNKY:1:1104:14180:15311;size=16	RH.0BD19D1A26A74EBZ0Z_F	100.000	25	0	1.18e-09	50.1
M03520:605:000000000-LVNKY:1:1104:14180:15311;size=16	RH.0BD19D1A26A74EBZ0Z_R	100.000	24	0	4.65e-09	48.1
M03520:605:000000000-LVNKY:1:1104:21233:26509;size=16	RH.0096A141894D447Z0Z_F	100.000	24	0	4.65e-09	48.1
M03520:605:000000000-LVNKY:1:1104:21540:20451;size=16	RH.85A5303CAAF54ADZ0Z_R	100.000	22	0	7.27e-08	44.1
M03520:605:000000000-LVNKY:1:1104:21540:20451;size=16	RH.85A5303CAAF54ADZ0Z_F	100.000	21	0	2.87e-07	42.1
M03520:605:000000000-LVNKY:1:1104:22495:7635;size=16	RH.85A5303CAAF54ADZ0Z_R	100.000	22	0	7.27e-08	44.1
M03520:605:000000000-LVNKY:1:1104:22495:7635;size=16	RH.85A5303CAAF54ADZ0Z_F	100.000	21	0	2.87e-07	42.1
M03520:605:000000000-LVNKY:1:1104:25882:23055;size=16	RH.77300263E6F14F3Z0Z_F	100.000	24	0	4.65e-09	48.1
M03520:605:000000000-LVNKY:1:1104:25882:23055;size=16	RH.77300263E6F14F3Z0Z_R	100.000	23	0	1.84e-08	46.1
M03520:605:000000000-LVNKY:1:1104:27845:17273;size=16	RH.7CE39E25906745AZ0Z_R	100.000	26	0	2.98e-10	52.0
M03520:605:000000000-LVNKY:1:1104:27845:17273;size=16	RH.7CE39E25906745AZ0Z_F	100.000	25	0	1.18e-09	50.1
M03520:605:000000000-LVNKY:1:1104:28464:18646;size=16	RH.7CE39E25906745AZ0Z_R	100.000	26	0	2.98e-10	52.0
M03520:605:000000000-LVNKY:1:1104:28464:18646;size=16	RH.7CE39E25906745AZ0Z_F	100.000	25	0	1.18e-09	50.1
M03520:605:000000000-LVNKY:1:1104:7213:11445;size=16	RH.2A8AD21024974C0Z0Z_F	100.000	26	0	2.98e-10	52.0
M03520:605:000000000-LVNKY:1:1104:7213:11445;size=16	RH.2A8AD21024974C0Z0Z_R	100.000	23	0	1.84e-08	46.1
M03520:605:000000000-LVNKY:1:1104:9272:23891;size=16	RH.2AFFFBA0E81C482Z0Z_R	100.000	23	0	1.84e-08	46.1
M03520:605:000000000-LVNKY:1:1104:9272:23891;size=16	RH.2AFFFBA0E81C482Z0Z_F	100.000	23	0	1.84e-08	46.1
M03520:605:000000000-LVNKY:1:1104:9794:22635;size=16	RH.7CE39E25906745AZ0Z_R	100.000	26	0	2.98e-10	52.0
M03520:605:000000000-LVNKY:1:1104:9794:22635;size=16	RH.7CE39E25906745AZ0Z_F	100.000	25	0	1.18e-09	50.1
M03520:605:000000000-LVNKY:1:1105:14685:17141;size=16	RH.0550AF0F57084ADZ0Z_F	100.000	24	0	4.65e-09	48.1
M03520:605:000000000-LVNKY:1:1105:14685:17141;size=16	RH.0550AF0F57084ADZ0Z_R	100.000	22	0	7.27e-08	44.1
M03520:605:000000000-LVNKY:1:1105:16834:14049;size=16	RH.B9EF730EBE6C436Z0Z_R	100.000	25	0	1.18e-09	50.1
M03520:605:000000000-LVNKY:1:1105:16834:14049;size=16	RH.B9EF730EBE6C436Z0Z_F	100.000	25	0	1.18e-09	50.1
M03520:605:000000000-LVNKY:1:1105:18532:1655;size=16	RH.DDB83AFF97C94C6Z0Z_R	100.000	25	0	1.18e-09	50.1
M03520:605:000000000-LVNKY:1:1105:18532:1655;size=16	RH.DDB83AFF97C94C6Z0Z_F	100.000	24	0	4.65e-09	48.1
M03520:605:000000000-LVNKY:1:1105:9377:16409;size=16	RH.7CE39E25906745AZ0Z_F	100.000	25	0	1.18e-09	50.1
M03520:605:000000000-LVNKY:1:1105:9377:16409;size=16	RH.7CE39E25906745AZ0Z_R	96.154	26	1	7.27e-08	44.1
M03520:605:000000000-LVNKY:1:1105:9511:15900;size=16	RH.85A5303CAAF54ADZ0Z_F	100.000	21	0	2.87e-07	42.1
M03520:605:000000000-LVNKY:1:1106:27062:15164;size=16	RH.B9EF730EBE6C436Z0Z_F	100.000	25	0	1.18e-09	50.1
M03520:605:000000000-LVNKY:1:1106:27062:15164;size=16	RH.B9EF730EBE6C436Z0Z_R	96.000	25	1	2.87e-07	42.1
M03520:605:000000000-LVNKY:1:1106:27980:13259;size=16	RH.2A8AD21024974C0Z0Z_F	100.000	26	0	2.98e-10	52.0
M03520:605:000000000-LVNKY:1:1106:27980:13259;size=16	RH.2A8AD21024974C0Z0Z_R	100.000	25	0	1.18e-09	50.1
M03520:605:000000000-LVNKY:1:1106:28456:11240;size=16	RH.B9EF730EBE6C436Z0Z_R	100.000	25	0	1.18e-09	50.1
M03520:605:000000000-LVNKY:1:1106:28456:11240;size=16	RH.B9EF730EBE6C436Z0Z_F	100.000	25	0	1.18e-09	50.1
M03520:605:000000000-LVNKY:1:1107:18127:2982;size=16	RH.7CE39E25906745AZ0Z_R	100.000	26	0	2.98e-10	52.0
M03520:605:000000000-LVNKY:1:1107:18127:2982;size=16	RH.7CE39E25906745AZ0Z_F	100.000	25	0	1.18e-09	50.1
M03520:605:000000000-LVNKY:1:1108:5750:23633;size=16	RH.DE543226C201437Z0Z_R	100.000	20	0	1.13e-06	40.1
M03520:605:000000000-LVNKY:1:1108:5750:23633;size=16	RH.51338FA06EDB4F0Z0Z_R	95.652	23	1	4.48e-06	38.2
M03520:605:000000000-LVNKY:1:1101:10673:17189;size=15	RH.7CE39E25906745AZ0Z_F	100.000	25	0	1.18e-09	50.1
M03520:605:000000000-LVNKY:1:1101:10673:17189;size=15	RH.7CE39E25906745AZ0Z_R	96.154	26	1	7.27e-08	44.1
M03520:605:000000000-LVNKY:1:1101:10979:3023;size=15	RH.27578A9A85FA4A3Z0Z_F	100.000	24	0	4.65e-09	48.1
M03520:605:000000000-LVNKY:1:1101:11298:19693;size=15	RH.0096A141894D447Z0Z_F	100.000	22	0	7.27e-08	44.1
M03520:605:000000000-LVNKY:1:1101:11298:19693;size=15	RH.0096A141894D447Z0Z_R	100.000	21	0	2.87e-07	42.1
M03520:605:000000000-LVNKY:1:1101:12464:4248;size=15	RH.27578A9A85FA4A3Z0Z_F	100.000	24	0	4.65e-09	48.1
M03520:605:000000000-LVNKY:1:1101:12464:4248;size=15	RH.27578A9A85FA4A3Z0Z_R	100.000	22	0	7.27e-08	44.1
M03520:605:000000000-LVNKY:1:1101:12500:9107;size=15	RH.0550AF0F57084ADZ0Z_F	100.000	24	0	4.65e-09	48.1
M03520:605:000000000-LVNKY:1:1101:13056:11439;size=15	RH.DDB83AFF97C94C6Z0Z_R	100.000	25	0	1.18e-09	50.1
M03520:605:000000000-LVNKY:1:1101:13056:11439;size=15	RH.DDB83AFF97C94C6Z0Z_F	100.000	24	0	4.65e-09	48.1
M03520:605:000000000-LVNKY:1:1101:13259:22851;size=15	RH.DDB83AFF97C94C6Z0Z_R	100.000	25	0	1.18e-09	50.1
M03520:605:000000000-LVNKY:1:1101:13259:22851;size=15	RH.DDB83AFF97C94C6Z0Z_F	100.000	24	0	4.65e-09	48.1
M03520:605:000000000-LVNKY:1:1101:13617:16951;size=15	RH.DDB83AFF97C94C6Z0Z_R	100.000	25	0	1.18e-09	50.1
M03520:605:000000000-LVNKY:1:1101:13617:16951;size=15	RH.DDB83AFF97C94C6Z0Z_F	100.000	24	0	4.65e-09	48.1
M03520:605:000000000-LVNKY:1:1101:13641:22273;size=15	RH.69CEA0AC39F4445Z0Z_F	100.000	24	0	4.65e-09	48.1
M03520:605:000000000-LVNKY:1:1101:13641:22273;size=15	RH.69CEA0AC39F4445Z0Z_R	100.000	23	0	1.84e-08	46.1
M03520:605:000000000-LVNKY:1:1101:14431:3599;size=15	RH.0BD19D1A26A74EBZ0Z_R	100.000	24	0	4.65e-09	48.1
M03520:605:000000000-LVNKY:1:1101:14431:3599;size=15	RH.0BD19D1A26A74EBZ0Z_F	96.000	25	1	2.87e-07	42.1
M03520:605:000000000-LVNKY:1:1101:14927:11923;size=15	RH.27578A9A85FA4A3Z0Z_F	100.000	24	0	4.65e-09	48.1
M03520:605:000000000-LVNKY:1:1101:15704:11968;size=15	RH.1CC74B91718A42FZ0Z_R	100.000	25	0	1.18e-09	50.1
M03520:605:000000000-LVNKY:1:1101:15704:11968;size=15	RH.1CC74B91718A42FZ0Z_F	100.000	24	0	4.65e-09	48.1
M03520:605:000000000-LVNKY:1:1101:15895:19020;size=15	RH.7CE39E25906745AZ0Z_R	100.000	26	0	2.98e-10	52.0
M03520:605:000000000-LVNKY:1:1101:15895:19020;size=15	RH.7CE39E25906745AZ0Z_F	100.000	24	0	4.65e-09	48.1
M03520:605:000000000-LVNKY:1:1101:16716:4964;size=15	RH.7CE39E25906745AZ0Z_R	100.000	26	0	2.98e-10	52.0
M03520:605:000000000-LVNKY:1:1101:16716:4964;size=15	RH.7CE39E25906745AZ0Z_F	100.000	25	0	1.18e-09	50.1
M03520:605:000000000-LVNKY:1:1101:17525:10620;size=15	RH.0BD19D1A26A74EBZ0Z_F	100.000	25	0	1.18e-09	50.1
M03520:605:000000000-LVNKY:1:1101:17525:10620;size=15	RH.0BD19D1A26A74EBZ0Z_R	100.000	24	0	4.65e-09	48.1
M03520:605:000000000-LVNKY:1:1101:18257:5693;size=15	RH.2091F326F74640CZ0Z_R	100.000	22	0	7.27e-08	44.1
M03520:605:000000000-LVNKY:1:1101:18257:5693;size=15	RH.2091F326F74640CZ0Z_F	95.833	24	1	1.13e-06	40.1
M03520:605:000000000-LVNKY:1:1101:18959:27150;size=15	RH.51338FA06EDB4F0Z0Z_R	100.000	25	0	1.18e-09	50.1
M03520:605:000000000-LVNKY:1:1101:18959:27150;size=15	RH.51338FA06EDB4F0Z0Z_F	100.000	25	0	1.18e-09	50.1
M03520:605:000000000-LVNKY:1:1101:19383:8269;size=15	RH.51338FA06EDB4F0Z0Z_R	100.000	25	0	1.18e-09	50.1
M03520:605:000000000-LVNKY:1:1101:19383:8269;size=15	RH.51338FA06EDB4F0Z0Z_F	100.000	22	0	7.27e-08	44.1
M03520:605:000000000-LVNKY:1:1101:19537:2208;size=15	RH.6572108A164E48EZ0Z_R	100.000	25	0	1.18e-09	50.1
M03520:605:000000000-LVNKY:1:1101:19537:2208;size=15	RH.6572108A164E48EZ0Z_F	100.000	24	0	4.65e-09	48.1
M03520:605:000000000-LVNKY:1:1101:20637:18330;size=15	RH.B9EF730EBE6C436Z0Z_R	100.000	25	0	1.18e-09	50.1
M03520:605:000000000-LVNKY:1:1101:20637:18330;size=15	RH.B9EF730EBE6C436Z0Z_F	100.000	25	0	1.18e-09	50.1
M03520:605:000000000-LVNKY:1:1101:22288:12725;size=15	RH.2AFFFBA0E81C482Z0Z_R	100.000	23	0	1.84e-08	46.1
M03520:605:000000000-LVNKY:1:1101:22288:12725;size=15	RH.2AFFFBA0E81C482Z0Z_F	100.000	23	0	1.84e-08	46.1
M03520:605:000000000-LVNKY:1:1101:22563:14962;size=15	RH.7CE39E25906745AZ0Z_R	100.000	26	0	2.98e-10	52.0
M03520:605:000000000-LVNKY:1:1101:22563:14962;size=15	RH.7CE39E25906745AZ0Z_F	100.000	25	0	1.18e-09	50.1
M03520:605:000000000-LVNKY:1:1101:22643:22683;size=15	RH.7CE39E25906745AZ0Z_R	100.000	26	0	2.98e-10	52.0
M03520:605:000000000-LVNKY:1:1101:22643:22683;size=15	RH.7CE39E25906745AZ0Z_F	96.000	25	1	2.87e-07	42.1
M03520:605:000000000-LVNKY:1:1101:24652:19669;size=15	RH.DDB83AFF97C94C6Z0Z_R	100.000	25	0	1.18e-09	50.1
M03520:605:000000000-LVNKY:1:1101:24652:19669;size=15	RH.DDB83AFF97C94C6Z0Z_F	100.000	24	0	4.65e-09	48.1
M03520:605:000000000-LVNKY:1:1101:25981:12833;size=15	RH.1CC74B91718A42FZ0Z_F	100.000	24	0	4.65e-09	48.1
M03520:605:000000000-LVNKY:1:1101:25981:12833;size=15	RH.1CC74B91718A42FZ0Z_R	100.000	21	0	2.87e-07	42.1
M03520:605:000000000-LVNKY:1:1101:26420:18509;size=15	RH.1CC74B91718A42FZ0Z_R	100.000	25	0	1.18e-09	50.1
M03520:605:000000000-LVNKY:1:1101:26420:18509;size=15	RH.1CC74B91718A42FZ0Z_F	100.000	24	0	4.65e-09	48.1
M03520:605:000000000-LVNKY:1:1101:3773:19969;size=15	RH.DDB83AFF97C94C6Z0Z_R	100.000	25	0	1.18e-09	50.1
M03520:605:000000000-LVNKY:1:1101:3773:19969;size=15	RH.DDB83AFF97C94C6Z0Z_F	100.000	24	0	4.65e-09	48.1
M03520:605:000000000-LVNKY:1:1101:4639:15382;size=15	RH.0BD19D1A26A74EBZ0Z_F	100.000	25	0	1.18e-09	50.1
M03520:605:000000000-LVNKY:1:1101:4639:15382;size=15	RH.0BD19D1A26A74EBZ0Z_R	100.000	20	0	1.13e-06	40.1
M03520:605:000000000-LVNKY:1:1101:5727:8323;size=15	RH.DDB83AFF97C94C6Z0Z_R	100.000	25	0	1.18e-09	50.1
M03520:605:000000000-LVNKY:1:1101:5727:8323;size=15	RH.DDB83AFF97C94C6Z0Z_F	100.000	24	0	4.65e-09	48.1
M03520:605:000000000-LVNKY:1:1101:6491:15738;size=15	RH.0BD19D1A26A74EBZ0Z_R	100.000	24	0	4.65e-09	48.1
M03520:605:000000000-LVNKY:1:1101:6491:15738;size=15	RH.0BD19D1A26A74EBZ0Z_F	96.000	25	1	2.87e-07	42.1
M03520:605:000000000-LVNKY:1:1101:6898:18997;size=15	RH.51338FA06EDB4F0Z0Z_R	100.000	25	0	1.18e-09	50.1
M03520:605:000000000-LVNKY:1:1101:6898:18997;size=15	RH.51338FA06EDB4F0Z0Z_F	96.000	25	1	2.87e-07	42.1
M03520:605:000000000-LVNKY:1:1101:7775:5845;size=15	RH.0550AF0F57084ADZ0Z_R	100.000	22	0	7.27e-08	44.1
M03520:605:000000000-LVNKY:1:1101:7775:5845;size=15	RH.0550AF0F57084ADZ0Z_F	100.000	21	0	2.87e-07	42.1
M03520:605:000000000-LVNKY:1:1102:10155:28047;size=15	RH.85A5303CAAF54ADZ0Z_R	100.000	22	0	7.27e-08	44.1
M03520:605:000000000-LVNKY:1:1102:10155:28047;size=15	RH.85A5303CAAF54ADZ0Z_F	100.000	21	0	2.87e-07	42.1
M03520:605:000000000-LVNKY:1:1102:14641:1507;size=15	RH.B9EF730EBE6C436Z0Z_F	100.000	25	0	1.18e-09	50.1
M03520:605:000000000-LVNKY:1:1102:14641:1507;size=15	RH.B9EF730EBE6C436Z0Z_R	96.000	25	1	2.87e-07	42.1
M03520:605:000000000-LVNKY:1:1102:15343:3074;size=15	RH.2A8AD21024974C0Z0Z_F	100.000	26	0	2.98e-10	52.0
M03520:605:000000000-LVNKY:1:1102:15343:3074;size=15	RH.2A8AD21024974C0Z0Z_R	100.000	25	0	1.18e-09	50.1
M03520:605:000000000-LVNKY:1:1102:16696:2379;size=15	RH.85A5303CAAF54ADZ0Z_R	100.000	22	0	7.27e-08	44.1
M03520:605:000000000-LVNKY:1:1102:16696:2379;size=15	RH.85A5303CAAF54ADZ0Z_F	100.000	21	0	2.87e-07	42.1
M03520:605:000000000-LVNKY:1:1102:18401:8610;size=15	RH.B9EF730EBE6C436Z0Z_R	100.000	25	0	1.18e-09	50.1
M03520:605:000000000-LVNKY:1:1102:18401:8610;size=15	RH.B9EF730EBE6C436Z0Z_F	100.000	25	0	1.18e-09	50.1
M03520:605:000000000-LVNKY:1:1102:18576:11853;size=15	RH.0550AF0F57084ADZ0Z_F	100.000	24	0	4.65e-09	48.1
M03520:605:000000000-LVNKY:1:1102:18576:11853;size=15	RH.0550AF0F57084ADZ0Z_R	100.000	22	0	7.27e-08	44.1
M03520:605:000000000-LVNKY:1:1102:20079:21446;size=15	RH.DDB83AFF97C94C6Z0Z_R	100.000	25	0	1.18e-09	50.1
M03520:605:000000000-LVNKY:1:1102:20079:21446;size=15	RH.8B25A056ABC1444Z0Z_F	100.000	22	0	7.27e-08	44.1
M03520:605:000000000-LVNKY:1:1102:21343:4984;size=15	RH.2AFFFBA0E81C482Z0Z_R	100.000	23	0	1.84e-08	46.1
M03520:605:000000000-LVNKY:1:1102:21343:4984;size=15	RH.2AFFFBA0E81C482Z0Z_F	95.652	23	1	4.48e-06	38.2
M03520:605:000000000-LVNKY:1:1102:22960:12548;size=15	RH.6572108A164E48EZ0Z_R	100.000	25	0	1.18e-09	50.1
M03520:605:000000000-LVNKY:1:1102:22960:12548;size=15	RH.6572108A164E48EZ0Z_F	100.000	24	0	4.65e-09	48.1
M03520:605:000000000-LVNKY:1:1102:24458:6680;size=15	RH.2AFFFBA0E81C482Z0Z_F	100.000	23	0	1.84e-08	46.1
M03520:605:000000000-LVNKY:1:1102:24458:6680;size=15	RH.2AFFFBA0E81C482Z0Z_R	95.652	23	1	4.48e-06	38.2
M03520:605:000000000-LVNKY:1:1102:24935:7940;size=15	RH.0096A141894D447Z0Z_F	100.000	24	0	4.65e-09	48.1
M03520:605:000000000-LVNKY:1:1102:4090:9229;size=15	RH.2AFFFBA0E81C482Z0Z_R	100.000	23	0	1.84e-08	46.1
M03520:605:000000000-LVNKY:1:1102:4090:9229;size=15	RH.2AFFFBA0E81C482Z0Z_F	100.000	21	0	2.87e-07	42.1
M03520:605:000000000-LVNKY:1:1102:5261:19227;size=15	RH.B9EF730EBE6C436Z0Z_R	100.000	25	0	1.18e-09	50.1
M03520:605:000000000-LVNKY:1:1102:5261:19227;size=15	RH.B9EF730EBE6C436Z0Z_F	96.000	25	1	2.87e-07	42.1
M03520:605:000000000-LVNKY:1:1102:5804:22088;size=15	RH.B9EF730EBE6C436Z0Z_R	100.000	25	0	1.18e-09	50.1
M03520:605:000000000-LVNKY:1:1102:5804:22088;size=15	RH.B9EF730EBE6C436Z0Z_F	100.000	25	0	1.18e-09	50.1
M03520:605:000000000-LVNKY:1:1102:6567:18078;size=15	RH.DDB83AFF97C94C6Z0Z_R	100.000	25	0	1.18e-09	50.1
M03520:605:000000000-LVNKY:1:1102:6567:18078;size=15	RH.DDB83AFF97C94C6Z0Z_F	100.000	24	0	4.65e-09	48.1
M03520:605:000000000-LVNKY:1:1103:11598:4958;size=15	RH.1CC74B91718A42FZ0Z_R	100.000	25	0	1.18e-09	50.1
M03520:605:000000000-LVNKY:1:1103:11598:4958;size=15	RH.1CC74B91718A42FZ0Z_F	100.000	24	0	4.65e-09	48.1
M03520:605:000000000-LVNKY:1:1103:12266:22208;size=15	RH.DDB83AFF97C94C6Z0Z_R	100.000	25	0	1.18e-09	50.1
M03520:605:000000000-LVNKY:1:1103:12266:22208;size=15	RH.DDB83AFF97C94C6Z0Z_F	100.000	21	0	2.87e-07	42.1
M03520:605:000000000-LVNKY:1:1103:15826:16053;size=15	RH.0550AF0F57084ADZ0Z_F	100.000	24	0	4.65e-09	48.1
M03520:605:000000000-LVNKY:1:1103:16035:9768;size=15	RH.2AFFFBA0E81C482Z0Z_F	100.000	23	0	1.84e-08	46.1
M03520:605:000000000-LVNKY:1:1103:16035:9768;size=15	RH.2AFFFBA0E81C482Z0Z_R	100.000	20	0	1.13e-06	40.1
M03520:605:000000000-LVNKY:1:1103:19082:18591;size=15	RH.0550AF0F57084ADZ0Z_R	100.000	22	0	7.27e-08	44.1
M03520:605:000000000-LVNKY:1:1103:19082:18591;size=15	RH.0550AF0F57084ADZ0Z_F	95.833	24	1	1.13e-06	40.1
M03520:605:000000000-LVNKY:1:1103:19095:18301;size=15	RH.0BD19D1A26A74EBZ0Z_R	100.000	24	0	4.65e-09	48.1
M03520:605:000000000-LVNKY:1:1103:19095:18301;size=15	RH.0BD19D1A26A74EBZ0Z_F	100.000	22	0	7.27e-08	44.1
M03520:605:000000000-LVNKY:1:1103:19652:13815;size=15	RH.7CE39E25906745AZ0Z_R	100.000	26	0	2.98e-10	52.0
M03520:605:000000000-LVNKY:1:1103:19652:13815;size=15	RH.7CE39E25906745AZ0Z_F	100.000	25	0	1.18e-09	50.1
M03520:605:000000000-LVNKY:1:1103:21056:15543;size=15	RH.DDB83AFF97C94C6Z0Z_F	100.000	24	0	4.65e-09	48.1
M03520:605:000000000-LVNKY:1:1103:21056:15543;size=15	RH.DDB83AFF97C94C6Z0Z_R	96.000	25	1	2.87e-07	42.1
M03520:605:000000000-LVNKY:1:1103:25156:20282;size=15	RH.0096A141894D447Z0Z_F	100.000	24	0	4.65e-09	48.1
M03520:605:000000000-LVNKY:1:1103:25156:20282;size=15	RH.0096A141894D447Z0Z_R	100.000	21	0	2.87e-07	42.1
M03520:605:000000000-LVNKY:1:1103:4096:9022;size=15	RH.DDB83AFF97C94C6Z0Z_R	100.000	25	0	1.18e-09	50.1
M03520:605:000000000-LVNKY:1:1103:4096:9022;size=15	RH.DDB83AFF97C94C6Z0Z_F	100.000	24	0	4.65e-09	48.1
M03520:605:000000000-LVNKY:1:1103:5405:17319;size=15	RH.0550AF0F57084ADZ0Z_F	100.000	24	0	4.65e-09	48.1
M03520:605:000000000-LVNKY:1:1103:6150:22158;size=15	RH.DDB83AFF97C94C6Z0Z_R	100.000	25	0	1.18e-09	50.1
M03520:605:000000000-LVNKY:1:1103:6150:22158;size=15	RH.DDB83AFF97C94C6Z0Z_F	100.000	24	0	4.65e-09	48.1
M03520:605:000000000-LVNKY:1:1103:7478:17546;size=15	RH.0096A141894D447Z0Z_F	100.000	24	0	4.65e-09	48.1
M03520:605:000000000-LVNKY:1:1103:7478:17546;size=15	RH.0096A141894D447Z0Z_R	100.000	21	0	2.87e-07	42.1
M03520:605:000000000-LVNKY:1:1103:8969:3213;size=15	RH.FDEF34A308684D6Z0Z_F	100.000	24	0	4.65e-09	48.1
M03520:605:000000000-LVNKY:1:1104:10576:18482;size=15	RH.85A5303CAAF54ADZ0Z_R	100.000	22	0	7.27e-08	44.1
M03520:605:000000000-LVNKY:1:1104:10576:18482;size=15	RH.85A5303CAAF54ADZ0Z_F	100.000	21	0	2.87e-07	42.1
M03520:605:000000000-LVNKY:1:1104:18652:19925;size=15	RH.2A8AD21024974C0Z0Z_F	100.000	26	0	2.98e-10	52.0
M03520:605:000000000-LVNKY:1:1104:18652:19925;size=15	RH.2A8AD21024974C0Z0Z_R	100.000	24	0	4.65e-09	48.1
M03520:605:000000000-LVNKY:1:1104:20633:12942;size=15	RH.85A5303CAAF54ADZ0Z_R	100.000	22	0	7.27e-08	44.1
M03520:605:000000000-LVNKY:1:1104:20633:12942;size=15	RH.85A5303CAAF54ADZ0Z_F	100.000	21	0	2.87e-07	42.1
M03520:605:000000000-LVNKY:1:1104:22179:20690;size=15	RH.27578A9A85FA4A3Z0Z_F	100.000	24	0	4.65e-09	48.1
M03520:605:000000000-LVNKY:1:1104:22179:20690;size=15	RH.27578A9A85FA4A3Z0Z_R	100.000	22	0	7.27e-08	44.1
M03520:605:000000000-LVNKY:1:1104:7087:19572;size=15	RH.7CE39E25906745AZ0Z_F	100.000	25	0	1.18e-09	50.1
M03520:605:000000000-LVNKY:1:1104:7087:19572;size=15	RH.7CE39E25906745AZ0Z_R	96.154	26	1	7.27e-08	44.1
M03520:605:000000000-LVNKY:1:1104:9839:8518;size=15	RH.0BD19D1A26A74EBZ0Z_F	100.000	25	0	1.18e-09	50.1
M03520:605:000000000-LVNKY:1:1104:9839:8518;size=15	RH.0BD19D1A26A74EBZ0Z_R	100.000	24	0	4.65e-09	48.1
M03520:605:000000000-LVNKY:1:1106:16036:4513;size=15	RH.DDB83AFF97C94C6Z0Z_R	100.000	25	0	1.18e-09	50.1
M03520:605:000000000-LVNKY:1:1106:16036:4513;size=15	RH.DDB83AFF97C94C6Z0Z_F	100.000	24	0	4.65e-09	48.1
M03520:605:000000000-LVNKY:1:1107:13340:22246;size=15	RH.2A8AD21024974C0Z0Z_F	100.000	26	0	2.98e-10	52.0
M03520:605:000000000-LVNKY:1:1107:13340:22246;size=15	RH.2A8AD21024974C0Z0Z_R	100.000	25	0	1.18e-09	50.1
M03520:605:000000000-LVNKY:1:1107:24130:6510;size=15	RH.BE09C1F6EE4B426Z0Z_R	100.000	23	0	1.84e-08	46.1
M03520:605:000000000-LVNKY:1:1107:24130:6510;size=15	RH.BE09C1F6EE4B426Z0Z_F	100.000	22	0	7.27e-08	44.1
M03520:605:000000000-LVNKY:1:1110:15661:24529;size=15	RH.7CE39E25906745AZ0Z_R	100.000	26	0	2.98e-10	52.0
M03520:605:000000000-LVNKY:1:1110:15661:24529;size=15	RH.7CE39E25906745AZ0Z_F	100.000	25	0	1.18e-09	50.1
M03520:605:000000000-LVNKY:1:1112:11696:19886;size=15	RH.8B25A056ABC1444Z0Z_R	100.000	24	0	4.65e-09	48.1
M03520:605:000000000-LVNKY:1:1112:11696:19886;size=15	RH.8B25A056ABC1444Z0Z_F	100.000	22	0	7.27e-08	44.1
M03520:605:000000000-LVNKY:1:1101:10130:10091;size=14	RH.B9EF730EBE6C436Z0Z_R	100.000	25	0	1.18e-09	50.1
M03520:605:000000000-LVNKY:1:1101:10130:10091;size=14	RH.B9EF730EBE6C436Z0Z_F	100.000	25	0	1.18e-09	50.1
M03520:605:000000000-LVNKY:1:1101:10428:2742;size=14	RH.DDB83AFF97C94C6Z0Z_F	100.000	24	0	4.65e-09	48.1
M03520:605:000000000-LVNKY:1:1101:10428:2742;size=14	RH.DDB83AFF97C94C6Z0Z_R	96.000	25	1	2.87e-07	42.1
M03520:605:000000000-LVNKY:1:1101:11482:3091;size=14	RH.0BD19D1A26A74EBZ0Z_R	100.000	24	0	4.65e-09	48.1
M03520:605:000000000-LVNKY:1:1101:11482:3091;size=14	RH.0BD19D1A26A74EBZ0Z_F	100.000	20	0	1.13e-06	40.1
M03520:605:000000000-LVNKY:1:1101:11639:4727;size=14	RH.0BD19D1A26A74EBZ0Z_R	100.000	24	0	4.65e-09	48.1
M03520:605:000000000-LVNKY:1:1101:11639:4727;size=14	RH.0BD19D1A26A74EBZ0Z_F	100.000	21	0	2.87e-07	42.1
M03520:605:000000000-LVNKY:1:1101:12349:19802;size=14	RH.7CE39E25906745AZ0Z_R	100.000	26	0	2.98e-10	52.0
M03520:605:000000000-LVNKY:1:1101:12349:19802;size=14	RH.7CE39E25906745AZ0Z_F	100.000	25	0	1.18e-09	50.1
M03520:605:000000000-LVNKY:1:1101:12436:10474;size=14	RH.2A8AD21024974C0Z0Z_R	100.000	25	0	1.18e-09	50.1
M03520:605:000000000-LVNKY:1:1101:12638:6532;size=14	RH.0096A141894D447Z0Z_F	100.000	24	0	4.65e-09	48.1
M03520:605:000000000-LVNKY:1:1101:12638:6532;size=14	RH.0096A141894D447Z0Z_R	100.000	21	0	2.87e-07	42.1
M03520:605:000000000-LVNKY:1:1101:13646:6820;size=14	RH.0550AF0F57084ADZ0Z_F	100.000	24	0	4.65e-09	48.1
M03520:605:000000000-LVNKY:1:1101:13646:6820;size=14	RH.0550AF0F57084ADZ0Z_R	100.000	22	0	7.27e-08	44.1
M03520:605:000000000-LVNKY:1:1101:13679:1695;size=14	RH.DDB83AFF97C94C6Z0Z_R	100.000	25	0	1.18e-09	50.1
M03520:605:000000000-LVNKY:1:1101:13679:1695;size=14	RH.DDB83AFF97C94C6Z0Z_F	100.000	22	0	7.27e-08	44.1
M03520:605:000000000-LVNKY:1:1101:14201:25145;size=14	RH.0096A141894D447Z0Z_F	100.000	24	0	4.65e-09	48.1
M03520:605:000000000-LVNKY:1:1101:14201:25145;size=14	RH.0096A141894D447Z0Z_R	100.000	21	0	2.87e-07	42.1
M03520:605:000000000-LVNKY:1:1101:14730:22462;size=14	RH.0BD19D1A26A74EBZ0Z_F	100.000	25	0	1.18e-09	50.1
M03520:605:000000000-LVNKY:1:1101:14861:24908;size=14	RH.85A5303CAAF54ADZ0Z_R	100.000	22	0	7.27e-08	44.1
M03520:605:000000000-LVNKY:1:1101:14861:24908;size=14	RH.85A5303CAAF54ADZ0Z_F	100.000	21	0	2.87e-07	42.1
M03520:605:000000000-LVNKY:1:1101:14914:12385;size=14	RH.0096A141894D447Z0Z_F	100.000	24	0	4.65e-09	48.1
M03520:605:000000000-LVNKY:1:1101:14914:12385;size=14	RH.0096A141894D447Z0Z_R	100.000	21	0	2.87e-07	42.1
M03520:605:000000000-LVNKY:1:1101:14963:5354;size=14	RH.0096A141894D447Z0Z_F	100.000	24	0	4.65e-09	48.1
M03520:605:000000000-LVNKY:1:1101:14963:5354;size=14	RH.0096A141894D447Z0Z_R	100.000	21	0	2.87e-07	42.1
M03520:605:000000000-LVNKY:1:1101:15304:9823;size=14	RH.51338FA06EDB4F0Z0Z_R	100.000	25	0	1.18e-09	50.1
M03520:605:000000000-LVNKY:1:1101:15304:9823;size=14	RH.51338FA06EDB4F0Z0Z_F	96.000	25	1	2.87e-07	42.1
M03520:605:000000000-LVNKY:1:1101:15781:9498;size=14	RH.B9EF730EBE6C436Z0Z_R	100.000	25	0	1.18e-09	50.1
M03520:605:000000000-LVNKY:1:1101:15781:9498;size=14	RH.B9EF730EBE6C436Z0Z_F	96.000	25	1	2.87e-07	42.1
M03520:605:000000000-LVNKY:1:1101:16488:13046;size=14	RH.DDB83AFF97C94C6Z0Z_R	100.000	25	0	1.18e-09	50.1
M03520:605:000000000-LVNKY:1:1101:16488:13046;size=14	RH.098C2C0732D843BZ0Z_F	100.000	22	0	7.27e-08	44.1
M03520:605:000000000-LVNKY:1:1101:16756:27491;size=14	RH.7CE39E25906745AZ0Z_F	100.000	25	0	1.18e-09	50.1
M03520:605:000000000-LVNKY:1:1101:16756:27491;size=14	RH.7CE39E25906745AZ0Z_R	100.000	25	0	1.18e-09	50.1
M03520:605:000000000-LVNKY:1:1101:16980:25067;size=14	RH.DDB83AFF97C94C6Z0Z_R	100.000	25	0	1.18e-09	50.1
M03520:605:000000000-LVNKY:1:1101:16980:25067;size=14	RH.DDB83AFF97C94C6Z0Z_F	100.000	24	0	4.65e-09	48.1
M03520:605:000000000-LVNKY:1:1101:17591:6438;size=14	RH.DDB83AFF97C94C6Z0Z_R	100.000	25	0	1.18e-09	50.1
M03520:605:000000000-LVNKY:1:1101:17591:6438;size=14	RH.DDB83AFF97C94C6Z0Z_F	100.000	24	0	4.65e-09	48.1
M03520:605:000000000-LVNKY:1:1101:17797:15700;size=14	RH.B9EF730EBE6C436Z0Z_R	100.000	25	0	1.18e-09	50.1
M03520:605:000000000-LVNKY:1:1101:17797:15700;size=14	RH.B9EF730EBE6C436Z0Z_F	100.000	25	0	1.18e-09	50.1
M03520:605:000000000-LVNKY:1:1101:18198:28102;size=14	RH.0550AF0F57084ADZ0Z_F	100.000	24	0	4.65e-09	48.1
M03520:605:000000000-LVNKY:1:1101:18780:4569;size=14	RH.1CC74B91718A42FZ0Z_F	100.000	24	0	4.65e-09	48.1
M03520:605:000000000-LVNKY:1:1101:18780:4569;size=14	RH.1CC74B91718A42FZ0Z_R	100.000	22	0	7.27e-08	44.1
M03520:605:000000000-LVNKY:1:1101:18822:5335;size=14	RH.0BD19D1A26A74EBZ0Z_F	100.000	25	0	1.18e-09	50.1
M03520:605:000000000-LVNKY:1:1101:18822:5335;size=14	RH.0BD19D1A26A74EBZ0Z_R	95.833	24	1	1.13e-06	40.1
M03520:605:000000000-LVNKY:1:1101:18975:26185;size=14	RH.0550AF0F57084ADZ0Z_F	100.000	23	0	1.84e-08	46.1
M03520:605:000000000-LVNKY:1:1101:18975:26185;size=14	RH.0550AF0F57084ADZ0Z_R	100.000	22	0	7.27e-08	44.1
M03520:605:000000000-LVNKY:1:1101:18980:13076;size=14	RH.7CE39E25906745AZ0Z_R	100.000	26	0	2.98e-10	52.0
M03520:605:000000000-LVNKY:1:1101:18980:13076;size=14	RH.7CE39E25906745AZ0Z_F	100.000	25	0	1.18e-09	50.1
M03520:605:000000000-LVNKY:1:1101:19035:11542;size=14	RH.23246278E0E74E6Z0Z_R	100.000	23	0	1.84e-08	46.1
M03520:605:000000000-LVNKY:1:1101:19035:11542;size=14	RH.23246278E0E74E6Z0Z_F	100.000	20	0	1.13e-06	40.1
M03520:605:000000000-LVNKY:1:1101:19521:2891;size=14	RH.B9EF730EBE6C436Z0Z_R	100.000	25	0	1.18e-09	50.1
M03520:605:000000000-LVNKY:1:1101:19521:2891;size=14	RH.B9EF730EBE6C436Z0Z_F	100.000	25	0	1.18e-09	50.1
M03520:605:000000000-LVNKY:1:1101:19597:23395;size=14	RH.2AFFFBA0E81C482Z0Z_R	100.000	23	0	1.84e-08	46.1
M03520:605:000000000-LVNKY:1:1101:19597:23395;size=14	RH.2AFFFBA0E81C482Z0Z_F	100.000	23	0	1.84e-08	46.1
M03520:605:000000000-LVNKY:1:1101:21754:7980;size=14	RH.69CEA0AC39F4445Z0Z_F	100.000	24	0	4.65e-09	48.1
M03520:605:000000000-LVNKY:1:1101:21754:7980;size=14	RH.69CEA0AC39F4445Z0Z_R	100.000	23	0	1.84e-08	46.1
M03520:605:000000000-LVNKY:1:1101:21860:23667;size=14	RH.69CEA0AC39F4445Z0Z_F	100.000	24	0	4.65e-09	48.1
M03520:605:000000000-LVNKY:1:1101:21860:23667;size=14	RH.69CEA0AC39F4445Z0Z_R	100.000	23	0	1.84e-08	46.1
M03520:605:000000000-LVNKY:1:1101:21967:25406;size=14	RH.0096A141894D447Z0Z_F	100.000	24	0	4.65e-09	48.1
M03520:605:000000000-LVNKY:1:1101:21967:25406;size=14	RH.0096A141894D447Z0Z_R	100.000	21	0	2.87e-07	42.1
M03520:605:000000000-LVNKY:1:1101:22828:14800;size=14	RH.DDB83AFF97C94C6Z0Z_R	100.000	25	0	1.18e-09	50.1
M03520:605:000000000-LVNKY:1:1101:22828:14800;size=14	RH.DDB83AFF97C94C6Z0Z_F	100.000	24	0	4.65e-09	48.1
M03520:605:000000000-LVNKY:1:1101:23324:14807;size=14	RH.1CC74B91718A42FZ0Z_F	100.000	24	0	4.65e-09	48.1
M03520:605:000000000-LVNKY:1:1101:23324:14807;size=14	RH.1CC74B91718A42FZ0Z_R	100.000	21	0	2.87e-07	42.1
M03520:605:000000000-LVNKY:1:1101:23858:4107;size=14	RH.DDB83AFF97C94C6Z0Z_R	100.000	25	0	1.18e-09	50.1
M03520:605:000000000-LVNKY:1:1101:23858:4107;size=14	RH.DDB83AFF97C94C6Z0Z_F	100.000	24	0	4.65e-09	48.1
M03520:605:000000000-LVNKY:1:1101:25362:9954;size=14	RH.0550AF0F57084ADZ0Z_F	100.000	24	0	4.65e-09	48.1
M03520:605:000000000-LVNKY:1:1101:25362:9954;size=14	RH.0550AF0F57084ADZ0Z_R	100.000	20	0	1.13e-06	40.1
M03520:605:000000000-LVNKY:1:1101:25916:11353;size=14	RH.0550AF0F57084ADZ0Z_F	100.000	24	0	4.65e-09	48.1
M03520:605:000000000-LVNKY:1:1101:25916:11353;size=14	RH.0550AF0F57084ADZ0Z_R	100.000	22	0	7.27e-08	44.1
M03520:605:000000000-LVNKY:1:1101:2764:16046;size=14	RH.0550AF0F57084ADZ0Z_F	100.000	24	0	4.65e-09	48.1
M03520:605:000000000-LVNKY:1:1101:2764:16046;size=14	RH.0550AF0F57084ADZ0Z_R	100.000	22	0	7.27e-08	44.1
M03520:605:000000000-LVNKY:1:1101:4153:22764;size=14	RH.7CE39E25906745AZ0Z_R	100.000	26	0	2.98e-10	52.0
M03520:605:000000000-LVNKY:1:1101:4153:22764;size=14	RH.7CE39E25906745AZ0Z_F	100.000	25	0	1.18e-09	50.1
M03520:605:000000000-LVNKY:1:1101:4811:17791;size=14	RH.0BD19D1A26A74EBZ0Z_F	100.000	25	0	1.18e-09	50.1
M03520:605:000000000-LVNKY:1:1101:4811:17791;size=14	RH.0BD19D1A26A74EBZ0Z_R	100.000	21	0	2.87e-07	42.1
M03520:605:000000000-LVNKY:1:1101:5437:8861;size=14	RH.DDB83AFF97C94C6Z0Z_R	100.000	25	0	1.18e-09	50.1
M03520:605:000000000-LVNKY:1:1101:5437:8861;size=14	RH.DDB83AFF97C94C6Z0Z_F	100.000	24	0	4.65e-09	48.1
M03520:605:000000000-LVNKY:1:1101:5733:21482;size=14	RH.7CE39E25906745AZ0Z_R	100.000	26	0	2.98e-10	52.0
M03520:605:000000000-LVNKY:1:1101:5733:21482;size=14	RH.7CE39E25906745AZ0Z_F	100.000	25	0	1.18e-09	50.1
M03520:605:000000000-LVNKY:1:1101:5733:6714;size=14	RH.69CEA0AC39F4445Z0Z_F	100.000	24	0	4.65e-09	48.1
M03520:605:000000000-LVNKY:1:1101:5733:6714;size=14	RH.69CEA0AC39F4445Z0Z_R	100.000	23	0	1.84e-08	46.1
M03520:605:000000000-LVNKY:1:1101:6688:6093;size=14	RH.0096A141894D447Z0Z_F	100.000	24	0	4.65e-09	48.1
M03520:605:000000000-LVNKY:1:1101:6688:6093;size=14	RH.0096A141894D447Z0Z_R	100.000	21	0	2.87e-07	42.1
M03520:605:000000000-LVNKY:1:1101:7198:17296;size=14	RH.27578A9A85FA4A3Z0Z_R	100.000	22	0	7.27e-08	44.1
M03520:605:000000000-LVNKY:1:1101:7198:17296;size=14	RH.27578A9A85FA4A3Z0Z_F	95.833	24	1	1.13e-06	40.1
M03520:605:000000000-LVNKY:1:1101:7357:22320;size=14	RH.0BD19D1A26A74EBZ0Z_F	100.000	25	0	1.18e-09	50.1
M03520:605:000000000-LVNKY:1:1101:7357:22320;size=14	RH.0BD19D1A26A74EBZ0Z_R	100.000	24	0	4.65e-09	48.1
M03520:605:000000000-LVNKY:1:1101:7443:15838;size=14	RH.0550AF0F57084ADZ0Z_F	100.000	24	0	4.65e-09	48.1
M03520:605:000000000-LVNKY:1:1101:7443:15838;size=14	RH.0550AF0F57084ADZ0Z_R	100.000	22	0	7.27e-08	44.1
M03520:605:000000000-LVNKY:1:1101:7721:5608;size=14	RH.DDB83AFF97C94C6Z0Z_R	100.000	25	0	1.18e-09	50.1
M03520:605:000000000-LVNKY:1:1101:7721:5608;size=14	RH.DDB83AFF97C94C6Z0Z_F	100.000	24	0	4.65e-09	48.1
M03520:605:000000000-LVNKY:1:1101:9389:19451;size=14	RH.DE543226C201437Z0Z_R	100.000	20	0	1.13e-06	40.1
M03520:605:000000000-LVNKY:1:1101:9389:19451;size=14	RH.51338FA06EDB4F0Z0Z_R	95.652	23	1	4.48e-06	38.2
M03520:605:000000000-LVNKY:1:1101:9487:14907;size=14	RH.1CC74B91718A42FZ0Z_F	100.000	24	0	4.65e-09	48.1
M03520:605:000000000-LVNKY:1:1101:9487:14907;size=14	RH.1CC74B91718A42FZ0Z_R	100.000	23	0	1.84e-08	46.1
M03520:605:000000000-LVNKY:1:1102:10201:16598;size=14	RH.27578A9A85FA4A3Z0Z_F	100.000	24	0	4.65e-09	48.1
M03520:605:000000000-LVNKY:1:1102:12028:14521;size=14	RH.69CEA0AC39F4445Z0Z_F	100.000	23	0	1.84e-08	46.1
M03520:605:000000000-LVNKY:1:1102:12028:14521;size=14	RH.69CEA0AC39F4445Z0Z_R	100.000	23	0	1.84e-08	46.1
M03520:605:000000000-LVNKY:1:1102:12571:16683;size=14	RH.2AFFFBA0E81C482Z0Z_R	100.000	23	0	1.84e-08	46.1
M03520:605:000000000-LVNKY:1:1102:12571:16683;size=14	RH.2AFFFBA0E81C482Z0Z_F	100.000	23	0	1.84e-08	46.1
M03520:605:000000000-LVNKY:1:1102:17445:3053;size=14	RH.2091F326F74640CZ0Z_F	100.000	22	0	7.27e-08	44.1
M03520:605:000000000-LVNKY:1:1102:17943:2353;size=14	RH.0BD19D1A26A74EBZ0Z_F	100.000	25	0	1.18e-09	50.1
M03520:605:000000000-LVNKY:1:1102:17943:2353;size=14	RH.0BD19D1A26A74EBZ0Z_R	100.000	24	0	4.65e-09	48.1
M03520:605:000000000-LVNKY:1:1102:18851:20643;size=14	RH.0550AF0F57084ADZ0Z_R	100.000	22	0	7.27e-08	44.1
M03520:605:000000000-LVNKY:1:1102:18851:20643;size=14	RH.0550AF0F57084ADZ0Z_F	100.000	21	0	2.87e-07	42.1
M03520:605:000000000-LVNKY:1:1102:19983:4582;size=14	RH.0BD19D1A26A74EBZ0Z_R	100.000	24	0	4.65e-09	48.1
M03520:605:000000000-LVNKY:1:1102:19983:4582;size=14	RH.0BD19D1A26A74EBZ0Z_F	96.000	25	1	2.87e-07	42.1
M03520:605:000000000-LVNKY:1:1102:21118:23725;size=14	RH.2AFFFBA0E81C482Z0Z_R	100.000	23	0	1.84e-08	46.1
M03520:605:000000000-LVNKY:1:1102:21118:23725;size=14	RH.2AFFFBA0E81C482Z0Z_F	100.000	23	0	1.84e-08	46.1
M03520:605:000000000-LVNKY:1:1102:21621:9195;size=14	RH.0096A141894D447Z0Z_F	100.000	24	0	4.65e-09	48.1
M03520:605:000000000-LVNKY:1:1102:21621:9195;size=14	RH.0096A141894D447Z0Z_R	100.000	21	0	2.87e-07	42.1
M03520:605:000000000-LVNKY:1:1102:22380:18157;size=14	RH.DDB83AFF97C94C6Z0Z_F	100.000	24	0	4.65e-09	48.1
M03520:605:000000000-LVNKY:1:1102:22380:18157;size=14	RH.DDB83AFF97C94C6Z0Z_R	96.000	25	1	2.87e-07	42.1
M03520:605:000000000-LVNKY:1:1102:22825:16397;size=14	RH.7CE39E25906745AZ0Z_R	100.000	26	0	2.98e-10	52.0
M03520:605:000000000-LVNKY:1:1102:22825:16397;size=14	RH.7CE39E25906745AZ0Z_F	100.000	25	0	1.18e-09	50.1
M03520:605:000000000-LVNKY:1:1102:23357:11987;size=14	RH.DDB83AFF97C94C6Z0Z_R	100.000	25	0	1.18e-09	50.1
M03520:605:000000000-LVNKY:1:1102:23357:11987;size=14	RH.DDB83AFF97C94C6Z0Z_F	100.000	24	0	4.65e-09	48.1
M03520:605:000000000-LVNKY:1:1102:23743:17772;size=14	RH.DDB83AFF97C94C6Z0Z_F	100.000	24	0	4.65e-09	48.1
M03520:605:000000000-LVNKY:1:1102:23743:17772;size=14	RH.DDB83AFF97C94C6Z0Z_R	96.000	25	1	2.87e-07	42.1
M03520:605:000000000-LVNKY:1:1102:24464:8580;size=14	RH.0550AF0F57084ADZ0Z_F	100.000	24	0	4.65e-09	48.1
M03520:605:000000000-LVNKY:1:1102:24464:8580;size=14	RH.0550AF0F57084ADZ0Z_R	100.000	22	0	7.27e-08	44.1
M03520:605:000000000-LVNKY:1:1102:7528:15866;size=14	RH.6572108A164E48EZ0Z_R	100.000	25	0	1.18e-09	50.1
M03520:605:000000000-LVNKY:1:1102:7528:15866;size=14	RH.6572108A164E48EZ0Z_F	100.000	24	0	4.65e-09	48.1
M03520:605:000000000-LVNKY:1:1103:10833:19099;size=14	RH.51338FA06EDB4F0Z0Z_R	100.000	25	0	1.18e-09	50.1
M03520:605:000000000-LVNKY:1:1103:10833:19099;size=14	RH.51338FA06EDB4F0Z0Z_F	100.000	25	0	1.18e-09	50.1
M03520:605:000000000-LVNKY:1:1103:11535:21274;size=14	RH.85A5303CAAF54ADZ0Z_R	100.000	22	0	7.27e-08	44.1
M03520:605:000000000-LVNKY:1:1103:11535:21274;size=14	RH.85A5303CAAF54ADZ0Z_F	100.000	21	0	2.87e-07	42.1
M03520:605:000000000-LVNKY:1:1103:14438:2240;size=14	RH.1CC74B91718A42FZ0Z_F	100.000	24	0	4.65e-09	48.1
M03520:605:000000000-LVNKY:1:1103:14438:2240;size=14	RH.1CC74B91718A42FZ0Z_R	96.000	25	1	2.87e-07	42.1
M03520:605:000000000-LVNKY:1:1103:15530:7457;size=14	RH.7CE39E25906745AZ0Z_R	100.000	26	0	2.98e-10	52.0
M03520:605:000000000-LVNKY:1:1103:19131:11808;size=14	RH.85A5303CAAF54ADZ0Z_F	100.000	21	0	2.87e-07	42.1
M03520:605:000000000-LVNKY:1:1103:23141:17977;size=14	RH.85A5303CAAF54ADZ0Z_R	100.000	22	0	7.27e-08	44.1
M03520:605:000000000-LVNKY:1:1103:23141:17977;size=14	RH.85A5303CAAF54ADZ0Z_F	100.000	21	0	2.87e-07	42.1
M03520:605:000000000-LVNKY:1:1103:2469:14658;size=14	RH.DDB83AFF97C94C6Z0Z_F	100.000	24	0	4.65e-09	48.1
M03520:605:000000000-LVNKY:1:1103:2469:14658;size=14	RH.DDB83AFF97C94C6Z0Z_R	96.000	25	1	2.87e-07	42.1
M03520:605:000000000-LVNKY:1:1103:25669:14921;size=14	RH.5600BF1B5AE248BZ0Z_R	100.000	21	0	2.87e-07	42.1
M03520:605:000000000-LVNKY:1:1103:25669:14921;size=14	RH.5600BF1B5AE248BZ0Z_F	100.000	21	0	2.87e-07	42.1
M03520:605:000000000-LVNKY:1:1103:28650:19340;size=14	RH.85A5303CAAF54ADZ0Z_R	100.000	22	0	7.27e-08	44.1
M03520:605:000000000-LVNKY:1:1103:28650:19340;size=14	RH.85A5303CAAF54ADZ0Z_F	100.000	21	0	2.87e-07	42.1
M03520:605:000000000-LVNKY:1:1103:6525:20207;size=14	RH.0550AF0F57084ADZ0Z_F	100.000	24	0	4.65e-09	48.1
M03520:605:000000000-LVNKY:1:1103:6525:20207;size=14	RH.0550AF0F57084ADZ0Z_R	100.000	22	0	7.27e-08	44.1
M03520:605:000000000-LVNKY:1:1103:7339:20409;size=14	RH.0BD19D1A26A74EBZ0Z_F	100.000	25	0	1.18e-09	50.1
M03520:605:000000000-LVNKY:1:1103:7339:20409;size=14	RH.0BD19D1A26A74EBZ0Z_R	100.000	24	0	4.65e-09	48.1
M03520:605:000000000-LVNKY:1:1104:10482:21769;size=14	RH.27578A9A85FA4A3Z0Z_F	100.000	24	0	4.65e-09	48.1
M03520:605:000000000-LVNKY:1:1104:10482:21769;size=14	RH.27578A9A85FA4A3Z0Z_R	100.000	22	0	7.27e-08	44.1
M03520:605:000000000-LVNKY:1:1104:11644:9170;size=14	RH.0550AF0F57084ADZ0Z_R	100.000	22	0	7.27e-08	44.1
M03520:605:000000000-LVNKY:1:1104:11644:9170;size=14	RH.0550AF0F57084ADZ0Z_F	95.833	24	1	1.13e-06	40.1
M03520:605:000000000-LVNKY:1:1104:12930:6553;size=14	RH.2AFFFBA0E81C482Z0Z_R	100.000	23	0	1.84e-08	46.1
M03520:605:000000000-LVNKY:1:1104:12930:6553;size=14	RH.2AFFFBA0E81C482Z0Z_F	100.000	23	0	1.84e-08	46.1
M03520:605:000000000-LVNKY:1:1104:14311:7067;size=14	RH.85A5303CAAF54ADZ0Z_R	100.000	22	0	7.27e-08	44.1
M03520:605:000000000-LVNKY:1:1104:14311:7067;size=14	RH.85A5303CAAF54ADZ0Z_F	100.000	21	0	2.87e-07	42.1
M03520:605:000000000-LVNKY:1:1104:16131:11981;size=14	RH.2AFFFBA0E81C482Z0Z_R	100.000	23	0	1.84e-08	46.1
M03520:605:000000000-LVNKY:1:1104:16131:11981;size=14	RH.2AFFFBA0E81C482Z0Z_F	95.652	23	1	4.48e-06	38.2
M03520:605:000000000-LVNKY:1:1104:18648:6842;size=14	RH.85A5303CAAF54ADZ0Z_F	100.000	21	0	2.87e-07	42.1
M03520:605:000000000-LVNKY:1:1104:18648:6842;size=14	RH.85A5303CAAF54ADZ0Z_R	100.000	19	0	4.48e-06	38.2
M03520:605:000000000-LVNKY:1:1104:22796:23546;size=14	RH.0096A141894D447Z0Z_F	100.000	24	0	4.65e-09	48.1
M03520:605:000000000-LVNKY:1:1104:22796:23546;size=14	RH.0096A141894D447Z0Z_R	100.000	21	0	2.87e-07	42.1
M03520:605:000000000-LVNKY:1:1104:24429:18025;size=14	RH.0096A141894D447Z0Z_F	100.000	24	0	4.65e-09	48.1
M03520:605:000000000-LVNKY:1:1104:24429:18025;size=14	RH.0096A141894D447Z0Z_R	100.000	21	0	2.87e-07	42.1
M03520:605:000000000-LVNKY:1:1104:2782:10824;size=14	RH.7CE39E25906745AZ0Z_R	100.000	25	0	1.18e-09	50.1
M03520:605:000000000-LVNKY:1:1104:2782:10824;size=14	RH.7CE39E25906745AZ0Z_F	100.000	25	0	1.18e-09	50.1
M03520:605:000000000-LVNKY:1:1105:12525:18375;size=14	RH.0550AF0F57084ADZ0Z_F	100.000	24	0	4.65e-09	48.1
M03520:605:000000000-LVNKY:1:1105:12525:18375;size=14	RH.0550AF0F57084ADZ0Z_R	100.000	22	0	7.27e-08	44.1
M03520:605:000000000-LVNKY:1:1105:14420:20370;size=14	RH.85A5303CAAF54ADZ0Z_F	100.000	21	0	2.87e-07	42.1
M03520:605:000000000-LVNKY:1:1105:16639:20681;size=14	RH.CA1E204B0C0842DZ0Z_F	100.000	26	0	2.98e-10	52.0
M03520:605:000000000-LVNKY:1:1105:16639:20681;size=14	RH.E04EE94198274F7Z0Z_F	100.000	25	0	1.18e-09	50.1
M03520:605:000000000-LVNKY:1:1105:16639:20681;size=14	RH.CA1E204B0C0842DZ0Z_R	100.000	24	0	4.65e-09	48.1
M03520:605:000000000-LVNKY:1:1106:19081:12421;size=14	RH.0096A141894D447Z0Z_F	100.000	24	0	4.65e-09	48.1
M03520:605:000000000-LVNKY:1:1106:19081:12421;size=14	RH.0096A141894D447Z0Z_R	100.000	21	0	2.87e-07	42.1
M03520:605:000000000-LVNKY:1:1106:24523:18634;size=14	RH.27578A9A85FA4A3Z0Z_F	100.000	23	0	1.84e-08	46.1
M03520:605:000000000-LVNKY:1:1106:24523:18634;size=14	RH.27578A9A85FA4A3Z0Z_R	100.000	22	0	7.27e-08	44.1
M03520:605:000000000-LVNKY:1:1107:10265:7713;size=14	RH.6572108A164E48EZ0Z_R	96.000	25	1	2.87e-07	42.1
M03520:605:000000000-LVNKY:1:1107:10265:7713;size=14	RH.F7E3D42951B44CCZ0Z_F	100.000	21	0	2.87e-07	42.1
M03520:605:000000000-LVNKY:1:1110:2142:16095;size=14	RH.2A8AD21024974C0Z0Z_F	100.000	26	0	2.98e-10	52.0
M03520:605:000000000-LVNKY:1:1110:2142:16095;size=14	RH.2A8AD21024974C0Z0Z_R	100.000	25	0	1.18e-09	50.1
M03520:605:000000000-LVNKY:1:1101:10036:21810;size=13	RH.69CEA0AC39F4445Z0Z_F	100.000	24	0	4.65e-09	48.1
M03520:605:000000000-LVNKY:1:1101:10036:21810;size=13	RH.69CEA0AC39F4445Z0Z_R	100.000	23	0	1.84e-08	46.1
M03520:605:000000000-LVNKY:1:1101:10130:4635;size=13	RH.0096A141894D447Z0Z_F	100.000	24	0	4.65e-09	48.1
M03520:605:000000000-LVNKY:1:1101:10130:4635;size=13	RH.0096A141894D447Z0Z_R	100.000	21	0	2.87e-07	42.1
M03520:605:000000000-LVNKY:1:1101:10553:18992;size=13	RH.E4C34C29ADFB490Z0Z_R	100.000	23	0	1.84e-08	46.1
M03520:605:000000000-LVNKY:1:1101:10553:18992;size=13	RH.E4C34C29ADFB490Z0Z_F	100.000	22	0	7.27e-08	44.1
M03520:605:000000000-LVNKY:1:1101:10628:13817;size=13	RH.0BD19D1A26A74EBZ0Z_F	100.000	25	0	1.18e-09	50.1
M03520:605:000000000-LVNKY:1:1101:10628:13817;size=13	RH.0BD19D1A26A74EBZ0Z_R	100.000	24	0	4.65e-09	48.1
M03520:605:000000000-LVNKY:1:1101:11055:6724;size=13	RH.0096A141894D447Z0Z_F	100.000	24	0	4.65e-09	48.1
M03520:605:000000000-LVNKY:1:1101:11278:10200;size=13	RH.7CE39E25906745AZ0Z_R	100.000	26	0	2.98e-10	52.0
M03520:605:000000000-LVNKY:1:1101:11278:10200;size=13	RH.7CE39E25906745AZ0Z_F	100.000	25	0	1.18e-09	50.1
M03520:605:000000000-LVNKY:1:1101:11561:3611;size=13	RH.0550AF0F57084ADZ0Z_F	100.000	24	0	4.65e-09	48.1
M03520:605:000000000-LVNKY:1:1101:11616:20468;size=13	RH.3E15F0DCA8B741FZ0Z_F	100.000	24	0	4.65e-09	48.1
M03520:605:000000000-LVNKY:1:1101:11616:20468;size=13	RH.3E15F0DCA8B741FZ0Z_R	100.000	24	0	4.65e-09	48.1
M03520:605:000000000-LVNKY:1:1101:11946:2344;size=13	RH.0BD19D1A26A74EBZ0Z_F	100.000	25	0	1.18e-09	50.1
M03520:605:000000000-LVNKY:1:1101:11946:2344;size=13	RH.0BD19D1A26A74EBZ0Z_R	100.000	24	0	4.65e-09	48.1
M03520:605:000000000-LVNKY:1:1101:12716:19846;size=13	RH.0096A141894D447Z0Z_F	100.000	24	0	4.65e-09	48.1
M03520:605:000000000-LVNKY:1:1101:12716:19846;size=13	RH.0096A141894D447Z0Z_R	100.000	21	0	2.87e-07	42.1
M03520:605:000000000-LVNKY:1:1101:13357:28681;size=13	RH.DDB83AFF97C94C6Z0Z_F	100.000	24	0	4.65e-09	48.1
M03520:605:000000000-LVNKY:1:1101:13357:28681;size=13	RH.DDB83AFF97C94C6Z0Z_R	100.000	21	0	2.87e-07	42.1
M03520:605:000000000-LVNKY:1:1101:14894:1574;size=13	RH.27578A9A85FA4A3Z0Z_F	100.000	24	0	4.65e-09	48.1
M03520:605:000000000-LVNKY:1:1101:15791:27684;size=13	RH.27578A9A85FA4A3Z0Z_R	100.000	22	0	7.27e-08	44.1
M03520:605:000000000-LVNKY:1:1101:15791:27684;size=13	RH.27578A9A85FA4A3Z0Z_F	95.833	24	1	1.13e-06	40.1
M03520:605:000000000-LVNKY:1:1101:15920:7174;size=13	RH.6572108A164E48EZ0Z_R	100.000	25	0	1.18e-09	50.1
M03520:605:000000000-LVNKY:1:1101:15920:7174;size=13	RH.6572108A164E48EZ0Z_F	100.000	24	0	4.65e-09	48.1
M03520:605:000000000-LVNKY:1:1101:15920:7174;size=13	RH.F7E3D42951B44CCZ0Z_R	100.000	19	0	4.48e-06	38.2
M03520:605:000000000-LVNKY:1:1101:16017:16073;size=13	RH.2AFFFBA0E81C482Z0Z_R	100.000	23	0	1.84e-08	46.1
M03520:605:000000000-LVNKY:1:1101:16017:16073;size=13	RH.2AFFFBA0E81C482Z0Z_F	100.000	19	0	4.48e-06	38.2
M03520:605:000000000-LVNKY:1:1101:17083:5297;size=13	RH.27578A9A85FA4A3Z0Z_F	100.000	24	0	4.65e-09	48.1
M03520:605:000000000-LVNKY:1:1101:17083:5297;size=13	RH.27578A9A85FA4A3Z0Z_R	100.000	22	0	7.27e-08	44.1
M03520:605:000000000-LVNKY:1:1101:17753:3777;size=13	RH.6572108A164E48EZ0Z_R	100.000	25	0	1.18e-09	50.1
M03520:605:000000000-LVNKY:1:1101:17753:3777;size=13	RH.6572108A164E48EZ0Z_F	100.000	24	0	4.65e-09	48.1
M03520:605:000000000-LVNKY:1:1101:18002:3016;size=13	RH.0096A141894D447Z0Z_F	100.000	24	0	4.65e-09	48.1
M03520:605:000000000-LVNKY:1:1101:18002:3016;size=13	RH.0096A141894D447Z0Z_R	100.000	21	0	2.87e-07	42.1
M03520:605:000000000-LVNKY:1:1101:18558:12496;size=13	RH.0BD19D1A26A74EBZ0Z_F	100.000	25	0	1.18e-09	50.1
M03520:605:000000000-LVNKY:1:1101:18558:12496;size=13	RH.0BD19D1A26A74EBZ0Z_R	100.000	24	0	4.65e-09	48.1
M03520:605:000000000-LVNKY:1:1101:18874:11643;size=13	RH.7CE39E25906745AZ0Z_R	100.000	26	0	2.98e-10	52.0
M03520:605:000000000-LVNKY:1:1101:18874:11643;size=13	RH.7CE39E25906745AZ0Z_F	100.000	25	0	1.18e-09	50.1
M03520:605:000000000-LVNKY:1:1101:19583:11912;size=13	RH.27578A9A85FA4A3Z0Z_F	100.000	24	0	4.65e-09	48.1
M03520:605:000000000-LVNKY:1:1101:19631:6345;size=13	RH.DDB83AFF97C94C6Z0Z_R	100.000	25	0	1.18e-09	50.1
M03520:605:000000000-LVNKY:1:1101:19631:6345;size=13	RH.DDB83AFF97C94C6Z0Z_F	100.000	24	0	4.65e-09	48.1
M03520:605:000000000-LVNKY:1:1101:20141:24033;size=13	RH.51338FA06EDB4F0Z0Z_R	100.000	25	0	1.18e-09	50.1
M03520:605:000000000-LVNKY:1:1101:20141:24033;size=13	RH.51338FA06EDB4F0Z0Z_F	96.000	25	1	2.87e-07	42.1
M03520:605:000000000-LVNKY:1:1101:20162:16832;size=13	RH.27578A9A85FA4A3Z0Z_F	100.000	24	0	4.65e-09	48.1
M03520:605:000000000-LVNKY:1:1101:20162:16832;size=13	RH.27578A9A85FA4A3Z0Z_R	100.000	22	0	7.27e-08	44.1
M03520:605:000000000-LVNKY:1:1101:20172:27722;size=13	RH.0096A141894D447Z0Z_F	100.000	24	0	4.65e-09	48.1
M03520:605:000000000-LVNKY:1:1101:20172:27722;size=13	RH.0096A141894D447Z0Z_R	100.000	21	0	2.87e-07	42.1
M03520:605:000000000-LVNKY:1:1101:20701:16515;size=13	RH.85A5303CAAF54ADZ0Z_R	100.000	22	0	7.27e-08	44.1
M03520:605:000000000-LVNKY:1:1101:20725:11042;size=13	RH.DDB83AFF97C94C6Z0Z_R	100.000	25	0	1.18e-09	50.1
M03520:605:000000000-LVNKY:1:1101:20725:11042;size=13	RH.DDB83AFF97C94C6Z0Z_F	100.000	24	0	4.65e-09	48.1
M03520:605:000000000-LVNKY:1:1101:20914:15509;size=13	RH.85A5303CAAF54ADZ0Z_R	100.000	22	0	7.27e-08	44.1
M03520:605:000000000-LVNKY:1:1101:20914:15509;size=13	RH.85A5303CAAF54ADZ0Z_F	100.000	21	0	2.87e-07	42.1
M03520:605:000000000-LVNKY:1:1101:21732:27869;size=13	RH.27578A9A85FA4A3Z0Z_F	100.000	24	0	4.65e-09	48.1
M03520:605:000000000-LVNKY:1:1101:21732:27869;size=13	RH.27578A9A85FA4A3Z0Z_R	100.000	22	0	7.27e-08	44.1
M03520:605:000000000-LVNKY:1:1101:21961:7122;size=13	RH.51338FA06EDB4F0Z0Z_F	100.000	25	0	1.18e-09	50.1
M03520:605:000000000-LVNKY:1:1101:21961:7122;size=13	RH.51338FA06EDB4F0Z0Z_R	100.000	25	0	1.18e-09	50.1
M03520:605:000000000-LVNKY:1:1101:22000:22970;size=13	RH.1CC74B91718A42FZ0Z_R	100.000	25	0	1.18e-09	50.1
M03520:605:000000000-LVNKY:1:1101:22000:22970;size=13	RH.1CC74B91718A42FZ0Z_F	100.000	20	0	1.13e-06	40.1
M03520:605:000000000-LVNKY:1:1101:22014:27501;size=13	RH.51338FA06EDB4F0Z0Z_R	100.000	25	0	1.18e-09	50.1
M03520:605:000000000-LVNKY:1:1101:22014:27501;size=13	RH.51338FA06EDB4F0Z0Z_F	100.000	25	0	1.18e-09	50.1
M03520:605:000000000-LVNKY:1:1101:24873:17815;size=13	RH.6572108A164E48EZ0Z_R	100.000	25	0	1.18e-09	50.1
M03520:605:000000000-LVNKY:1:1101:24873:17815;size=13	RH.6572108A164E48EZ0Z_F	100.000	22	0	7.27e-08	44.1
M03520:605:000000000-LVNKY:1:1101:25061:13402;size=13	RH.6572108A164E48EZ0Z_R	100.000	25	0	1.18e-09	50.1
M03520:605:000000000-LVNKY:1:1101:25061:13402;size=13	RH.F7E3D42951B44CCZ0Z_F	100.000	21	0	2.87e-07	42.1
M03520:605:000000000-LVNKY:1:1101:26722:13681;size=13	RH.DDB83AFF97C94C6Z0Z_R	100.000	25	0	1.18e-09	50.1
M03520:605:000000000-LVNKY:1:1101:26722:13681;size=13	RH.DDB83AFF97C94C6Z0Z_F	100.000	24	0	4.65e-09	48.1
M03520:605:000000000-LVNKY:1:1101:26778:22488;size=13	RH.27578A9A85FA4A3Z0Z_R	100.000	22	0	7.27e-08	44.1
M03520:605:000000000-LVNKY:1:1101:28323:12296;size=13	RH.2AFFFBA0E81C482Z0Z_F	100.000	23	0	1.84e-08	46.1
M03520:605:000000000-LVNKY:1:1101:28323:12296;size=13	RH.2AFFFBA0E81C482Z0Z_R	95.652	23	1	4.48e-06	38.2
M03520:605:000000000-LVNKY:1:1101:4255:12731;size=13	RH.85A5303CAAF54ADZ0Z_R	100.000	22	0	7.27e-08	44.1
M03520:605:000000000-LVNKY:1:1101:4255:12731;size=13	RH.85A5303CAAF54ADZ0Z_F	100.000	21	0	2.87e-07	42.1
M03520:605:000000000-LVNKY:1:1101:4288:15751;size=13	RH.CF953F27F5674E1Z0Z_F	100.000	26	0	2.98e-10	52.0
M03520:605:000000000-LVNKY:1:1101:4288:15751;size=13	RH.CF953F27F5674E1Z0Z_R	100.000	25	0	1.18e-09	50.1
M03520:605:000000000-LVNKY:1:1101:5006:14399;size=13	RH.0550AF0F57084ADZ0Z_F	100.000	24	0	4.65e-09	48.1
M03520:605:000000000-LVNKY:1:1101:5006:14399;size=13	RH.0550AF0F57084ADZ0Z_R	100.000	22	0	7.27e-08	44.1
M03520:605:000000000-LVNKY:1:1101:6166:17845;size=13	RH.27578A9A85FA4A3Z0Z_F	100.000	24	0	4.65e-09	48.1
M03520:605:000000000-LVNKY:1:1101:6166:17845;size=13	RH.27578A9A85FA4A3Z0Z_R	100.000	22	0	7.27e-08	44.1
M03520:605:000000000-LVNKY:1:1101:8757:3588;size=13	RH.6572108A164E48EZ0Z_R	100.000	25	0	1.18e-09	50.1
M03520:605:000000000-LVNKY:1:1101:8757:3588;size=13	RH.6572108A164E48EZ0Z_F	100.000	24	0	4.65e-09	48.1
M03520:605:000000000-LVNKY:1:1101:8789:23510;size=13	RH.0096A141894D447Z0Z_F	100.000	24	0	4.65e-09	48.1
M03520:605:000000000-LVNKY:1:1102:10052:26800;size=13	RH.2A8AD21024974C0Z0Z_R	100.000	25	0	1.18e-09	50.1
M03520:605:000000000-LVNKY:1:1102:10052:26800;size=13	RH.2A8AD21024974C0Z0Z_F	100.000	23	0	1.84e-08	46.1
M03520:605:000000000-LVNKY:1:1102:10418:26604;size=13	RH.85A5303CAAF54ADZ0Z_R	100.000	22	0	7.27e-08	44.1
M03520:605:000000000-LVNKY:1:1102:10418:26604;size=13	RH.85A5303CAAF54ADZ0Z_F	100.000	21	0	2.87e-07	42.1
M03520:605:000000000-LVNKY:1:1102:11537:5539;size=13	RH.0096A141894D447Z0Z_F	100.000	24	0	4.65e-09	48.1
M03520:605:000000000-LVNKY:1:1102:11537:5539;size=13	RH.0096A141894D447Z0Z_R	100.000	21	0	2.87e-07	42.1
M03520:605:000000000-LVNKY:1:1102:12972:12875;size=13	RH.8B25A056ABC1444Z0Z_R	100.000	24	0	4.65e-09	48.1
M03520:605:000000000-LVNKY:1:1102:12972:12875;size=13	RH.8B25A056ABC1444Z0Z_F	100.000	22	0	7.27e-08	44.1
M03520:605:000000000-LVNKY:1:1102:13160:10217;size=13	RH.DE543226C201437Z0Z_R	100.000	20	0	1.13e-06	40.1
M03520:605:000000000-LVNKY:1:1102:13160:10217;size=13	RH.51338FA06EDB4F0Z0Z_R	95.652	23	1	4.48e-06	38.2
M03520:605:000000000-LVNKY:1:1102:13768:12864;size=13	RH.7CE39E25906745AZ0Z_R	100.000	26	0	2.98e-10	52.0
M03520:605:000000000-LVNKY:1:1102:13768:12864;size=13	RH.7CE39E25906745AZ0Z_F	100.000	25	0	1.18e-09	50.1
M03520:605:000000000-LVNKY:1:1102:14166:26309;size=13	RH.51338FA06EDB4F0Z0Z_F	100.000	25	0	1.18e-09	50.1
M03520:605:000000000-LVNKY:1:1102:14166:26309;size=13	RH.51338FA06EDB4F0Z0Z_R	96.000	25	1	2.87e-07	42.1
M03520:605:000000000-LVNKY:1:1102:14459:15489;size=13	RH.0550AF0F57084ADZ0Z_F	100.000	24	0	4.65e-09	48.1
M03520:605:000000000-LVNKY:1:1102:14459:15489;size=13	RH.0550AF0F57084ADZ0Z_R	100.000	22	0	7.27e-08	44.1
M03520:605:000000000-LVNKY:1:1102:14683:8059;size=13	RH.0096A141894D447Z0Z_F	100.000	24	0	4.65e-09	48.1
M03520:605:000000000-LVNKY:1:1102:14683:8059;size=13	RH.0096A141894D447Z0Z_R	100.000	21	0	2.87e-07	42.1
M03520:605:000000000-LVNKY:1:1102:14842:10161;size=13	RH.0BD19D1A26A74EBZ0Z_F	100.000	25	0	1.18e-09	50.1
M03520:605:000000000-LVNKY:1:1102:14842:10161;size=13	RH.0BD19D1A26A74EBZ0Z_R	100.000	24	0	4.65e-09	48.1
M03520:605:000000000-LVNKY:1:1102:15356:7996;size=13	RH.0096A141894D447Z0Z_F	100.000	24	0	4.65e-09	48.1
M03520:605:000000000-LVNKY:1:1102:15356:7996;size=13	RH.0096A141894D447Z0Z_R	100.000	21	0	2.87e-07	42.1
M03520:605:000000000-LVNKY:1:1102:15443:24130;size=13	RH.27578A9A85FA4A3Z0Z_F	100.000	24	0	4.65e-09	48.1
M03520:605:000000000-LVNKY:1:1102:15443:24130;size=13	RH.27578A9A85FA4A3Z0Z_R	100.000	22	0	7.27e-08	44.1
M03520:605:000000000-LVNKY:1:1102:15490:19610;size=13	RH.7CE39E25906745AZ0Z_R	100.000	26	0	2.98e-10	52.0
M03520:605:000000000-LVNKY:1:1102:15490:19610;size=13	RH.7CE39E25906745AZ0Z_F	96.000	25	1	2.87e-07	42.1
M03520:605:000000000-LVNKY:1:1102:15560:2702;size=13	RH.27578A9A85FA4A3Z0Z_F	100.000	24	0	4.65e-09	48.1
M03520:605:000000000-LVNKY:1:1102:15560:2702;size=13	RH.27578A9A85FA4A3Z0Z_R	100.000	22	0	7.27e-08	44.1
M03520:605:000000000-LVNKY:1:1102:15687:23614;size=13	RH.7CE39E25906745AZ0Z_F	100.000	25	0	1.18e-09	50.1
M03520:605:000000000-LVNKY:1:1102:15687:23614;size=13	RH.7CE39E25906745AZ0Z_R	96.154	26	1	7.27e-08	44.1
M03520:605:000000000-LVNKY:1:1102:15985:7817;size=13	RH.2A8AD21024974C0Z0Z_F	100.000	26	0	2.98e-10	52.0
M03520:605:000000000-LVNKY:1:1102:15985:7817;size=13	RH.2A8AD21024974C0Z0Z_R	100.000	25	0	1.18e-09	50.1
M03520:605:000000000-LVNKY:1:1102:16323:18448;size=13	RH.7CE39E25906745AZ0Z_R	100.000	26	0	2.98e-10	52.0
M03520:605:000000000-LVNKY:1:1102:16323:18448;size=13	RH.7CE39E25906745AZ0Z_F	100.000	25	0	1.18e-09	50.1
M03520:605:000000000-LVNKY:1:1102:17225:9241;size=13	RH.B9EF730EBE6C436Z0Z_R	100.000	25	0	1.18e-09	50.1
M03520:605:000000000-LVNKY:1:1102:17225:9241;size=13	RH.B9EF730EBE6C436Z0Z_F	100.000	19	0	4.48e-06	38.2
M03520:605:000000000-LVNKY:1:1102:17580:21416;size=13	RH.2AFFFBA0E81C482Z0Z_R	100.000	23	0	1.84e-08	46.1
M03520:605:000000000-LVNKY:1:1102:17580:21416;size=13	RH.2AFFFBA0E81C482Z0Z_F	100.000	23	0	1.84e-08	46.1
M03520:605:000000000-LVNKY:1:1102:18201:11506;size=13	RH.27578A9A85FA4A3Z0Z_F	100.000	24	0	4.65e-09	48.1
M03520:605:000000000-LVNKY:1:1102:18201:11506;size=13	RH.27578A9A85FA4A3Z0Z_R	100.000	22	0	7.27e-08	44.1
M03520:605:000000000-LVNKY:1:1102:18514:19497;size=13	RH.2A8AD21024974C0Z0Z_F	100.000	26	0	2.98e-10	52.0
M03520:605:000000000-LVNKY:1:1102:18514:19497;size=13	RH.2A8AD21024974C0Z0Z_R	100.000	25	0	1.18e-09	50.1
M03520:605:000000000-LVNKY:1:1102:18654:4722;size=13	RH.27578A9A85FA4A3Z0Z_F	100.000	24	0	4.65e-09	48.1
M03520:605:000000000-LVNKY:1:1102:19409:6593;size=13	RH.7CE39E25906745AZ0Z_R	100.000	26	0	2.98e-10	52.0
M03520:605:000000000-LVNKY:1:1102:19409:6593;size=13	RH.7CE39E25906745AZ0Z_F	100.000	25	0	1.18e-09	50.1
M03520:605:000000000-LVNKY:1:1102:19431:3470;size=13	RH.DDB83AFF97C94C6Z0Z_R	100.000	25	0	1.18e-09	50.1
M03520:605:000000000-LVNKY:1:1102:19431:3470;size=13	RH.8B25A056ABC1444Z0Z_F	100.000	22	0	7.27e-08	44.1
M03520:605:000000000-LVNKY:1:1102:19673:1912;size=13	RH.69CEA0AC39F4445Z0Z_F	100.000	24	0	4.65e-09	48.1
M03520:605:000000000-LVNKY:1:1102:19673:1912;size=13	RH.69CEA0AC39F4445Z0Z_R	100.000	23	0	1.84e-08	46.1
M03520:605:000000000-LVNKY:1:1102:20819:23471;size=13	RH.DDB83AFF97C94C6Z0Z_F	100.000	24	0	4.65e-09	48.1
M03520:605:000000000-LVNKY:1:1102:20848:8787;size=13	RH.7CE39E25906745AZ0Z_R	100.000	26	0	2.98e-10	52.0
M03520:605:000000000-LVNKY:1:1102:20848:8787;size=13	RH.7CE39E25906745AZ0Z_F	100.000	25	0	1.18e-09	50.1
M03520:605:000000000-LVNKY:1:1102:21127:18897;size=13	RH.2AFFFBA0E81C482Z0Z_F	100.000	23	0	1.84e-08	46.1
M03520:605:000000000-LVNKY:1:1102:21127:18897;size=13	RH.2AFFFBA0E81C482Z0Z_R	95.652	23	1	4.48e-06	38.2
M03520:605:000000000-LVNKY:1:1102:21162:7272;size=13	RH.0096A141894D447Z0Z_F	100.000	24	0	4.65e-09	48.1
M03520:605:000000000-LVNKY:1:1102:21162:7272;size=13	RH.0096A141894D447Z0Z_R	100.000	21	0	2.87e-07	42.1
M03520:605:000000000-LVNKY:1:1102:26851:17899;size=13	RH.DDB83AFF97C94C6Z0Z_R	100.000	25	0	1.18e-09	50.1
M03520:605:000000000-LVNKY:1:1102:26851:17899;size=13	RH.DDB83AFF97C94C6Z0Z_F	100.000	20	0	1.13e-06	40.1
M03520:605:000000000-LVNKY:1:1102:28124:10201;size=13	RH.69CEA0AC39F4445Z0Z_F	100.000	24	0	4.65e-09	48.1
M03520:605:000000000-LVNKY:1:1102:28124:10201;size=13	RH.69CEA0AC39F4445Z0Z_R	100.000	19	0	4.48e-06	38.2
M03520:605:000000000-LVNKY:1:1102:3016:16952;size=13	RH.DDB83AFF97C94C6Z0Z_R	100.000	25	0	1.18e-09	50.1
M03520:605:000000000-LVNKY:1:1102:3016:16952;size=13	RH.DDB83AFF97C94C6Z0Z_F	100.000	24	0	4.65e-09	48.1
M03520:605:000000000-LVNKY:1:1102:4427:20311;size=13	RH.1CC74B91718A42FZ0Z_R	100.000	25	0	1.18e-09	50.1
M03520:605:000000000-LVNKY:1:1102:4427:20311;size=13	RH.1CC74B91718A42FZ0Z_F	100.000	24	0	4.65e-09	48.1
M03520:605:000000000-LVNKY:1:1103:10002:14800;size=13	RH.69CEA0AC39F4445Z0Z_F	100.000	24	0	4.65e-09	48.1
M03520:605:000000000-LVNKY:1:1103:10002:14800;size=13	RH.69CEA0AC39F4445Z0Z_R	100.000	23	0	1.84e-08	46.1
M03520:605:000000000-LVNKY:1:1103:12645:5940;size=13	RH.69CEA0AC39F4445Z0Z_F	100.000	24	0	4.65e-09	48.1
M03520:605:000000000-LVNKY:1:1103:12645:5940;size=13	RH.69CEA0AC39F4445Z0Z_R	100.000	23	0	1.84e-08	46.1
M03520:605:000000000-LVNKY:1:1103:13105:7400;size=13	RH.2AFFFBA0E81C482Z0Z_F	100.000	23	0	1.84e-08	46.1
M03520:605:000000000-LVNKY:1:1103:13105:7400;size=13	RH.2AFFFBA0E81C482Z0Z_R	95.652	23	1	4.48e-06	38.2
M03520:605:000000000-LVNKY:1:1103:15068:4942;size=13	RH.0096A141894D447Z0Z_F	100.000	24	0	4.65e-09	48.1
M03520:605:000000000-LVNKY:1:1103:15068:4942;size=13	RH.0096A141894D447Z0Z_R	100.000	21	0	2.87e-07	42.1
M03520:605:000000000-LVNKY:1:1103:15540:8700;size=13	RH.2AFFFBA0E81C482Z0Z_F	100.000	23	0	1.84e-08	46.1
M03520:605:000000000-LVNKY:1:1103:15540:8700;size=13	RH.2AFFFBA0E81C482Z0Z_R	100.000	21	0	2.87e-07	42.1
M03520:605:000000000-LVNKY:1:1103:17407:21417;size=13	RH.0550AF0F57084ADZ0Z_F	100.000	24	0	4.65e-09	48.1
M03520:605:000000000-LVNKY:1:1103:17407:21417;size=13	RH.0550AF0F57084ADZ0Z_R	100.000	22	0	7.27e-08	44.1
M03520:605:000000000-LVNKY:1:1103:17510:9683;size=13	RH.E04EE94198274F7Z0Z_F	100.000	25	0	1.18e-09	50.1
M03520:605:000000000-LVNKY:1:1103:17510:9683;size=13	RH.E04EE94198274F7Z0Z_R	95.833	24	1	1.13e-06	40.1
M03520:605:000000000-LVNKY:1:1103:19976:16447;size=13	RH.0BD19D1A26A74EBZ0Z_F	100.000	25	0	1.18e-09	50.1
M03520:605:000000000-LVNKY:1:1103:19976:16447;size=13	RH.0BD19D1A26A74EBZ0Z_R	100.000	24	0	4.65e-09	48.1
M03520:605:000000000-LVNKY:1:1103:24325:6666;size=13	RH.0BD19D1A26A74EBZ0Z_F	100.000	25	0	1.18e-09	50.1
M03520:605:000000000-LVNKY:1:1103:24325:6666;size=13	RH.0BD19D1A26A74EBZ0Z_R	100.000	24	0	4.65e-09	48.1
M03520:605:000000000-LVNKY:1:1103:26220:18041;size=13	RH.51338FA06EDB4F0Z0Z_F	100.000	25	0	1.18e-09	50.1
M03520:605:000000000-LVNKY:1:1103:26220:18041;size=13	RH.51338FA06EDB4F0Z0Z_R	96.000	25	1	2.87e-07	42.1
M03520:605:000000000-LVNKY:1:1103:5948:12705;size=13	RH.51338FA06EDB4F0Z0Z_F	100.000	25	0	1.18e-09	50.1
M03520:605:000000000-LVNKY:1:1103:5948:12705;size=13	RH.51338FA06EDB4F0Z0Z_R	100.000	24	0	4.65e-09	48.1
M03520:605:000000000-LVNKY:1:1103:7613:24746;size=13	RH.7CE39E25906745AZ0Z_F	100.000	25	0	1.18e-09	50.1
M03520:605:000000000-LVNKY:1:1103:7613:24746;size=13	RH.7CE39E25906745AZ0Z_R	96.154	26	1	7.27e-08	44.1
M03520:605:000000000-LVNKY:1:1103:8353:11227;size=13	RH.7CE39E25906745AZ0Z_R	100.000	26	0	2.98e-10	52.0
M03520:605:000000000-LVNKY:1:1103:8353:11227;size=13	RH.7CE39E25906745AZ0Z_F	100.000	25	0	1.18e-09	50.1
M03520:605:000000000-LVNKY:1:1103:9320:8801;size=13	RH.27578A9A85FA4A3Z0Z_F	100.000	24	0	4.65e-09	48.1
M03520:605:000000000-LVNKY:1:1103:9320:8801;size=13	RH.27578A9A85FA4A3Z0Z_R	100.000	22	0	7.27e-08	44.1
M03520:605:000000000-LVNKY:1:1103:9785:25929;size=13	RH.69CEA0AC39F4445Z0Z_F	100.000	24	0	4.65e-09	48.1
M03520:605:000000000-LVNKY:1:1103:9785:25929;size=13	RH.69CEA0AC39F4445Z0Z_R	95.652	23	1	4.48e-06	38.2
M03520:605:000000000-LVNKY:1:1104:10217:2573;size=13	RH.7CE39E25906745AZ0Z_R	100.000	24	0	4.65e-09	48.1
M03520:605:000000000-LVNKY:1:1104:12204:19919;size=13	RH.B9EF730EBE6C436Z0Z_F	100.000	25	0	1.18e-09	50.1
M03520:605:000000000-LVNKY:1:1104:12204:19919;size=13	RH.B9EF730EBE6C436Z0Z_R	96.000	25	1	2.87e-07	42.1
M03520:605:000000000-LVNKY:1:1104:17986:21728;size=13	RH.2AFFFBA0E81C482Z0Z_R	100.000	23	0	1.84e-08	46.1
M03520:605:000000000-LVNKY:1:1104:17986:21728;size=13	RH.2AFFFBA0E81C482Z0Z_F	95.652	23	1	4.48e-06	38.2
M03520:605:000000000-LVNKY:1:1104:18449:5039;size=13	RH.69CEA0AC39F4445Z0Z_F	100.000	24	0	4.65e-09	48.1
M03520:605:000000000-LVNKY:1:1104:18449:5039;size=13	RH.69CEA0AC39F4445Z0Z_R	100.000	23	0	1.84e-08	46.1
M03520:605:000000000-LVNKY:1:1104:21835:16643;size=13	RH.2AFFFBA0E81C482Z0Z_F	100.000	23	0	1.84e-08	46.1
M03520:605:000000000-LVNKY:1:1104:21835:16643;size=13	RH.2AFFFBA0E81C482Z0Z_R	95.652	23	1	4.48e-06	38.2
M03520:605:000000000-LVNKY:1:1104:22344:5136;size=13	RH.B9EF730EBE6C436Z0Z_R	100.000	25	0	1.18e-09	50.1
M03520:605:000000000-LVNKY:1:1104:22344:5136;size=13	RH.B9EF730EBE6C436Z0Z_F	100.000	24	0	4.65e-09	48.1
M03520:605:000000000-LVNKY:1:1104:22349:17393;size=13	RH.DDB83AFF97C94C6Z0Z_R	100.000	25	0	1.18e-09	50.1
M03520:605:000000000-LVNKY:1:1104:22349:17393;size=13	RH.DDB83AFF97C94C6Z0Z_F	100.000	24	0	4.65e-09	48.1
M03520:605:000000000-LVNKY:1:1104:24023:22106;size=13	RH.7CE39E25906745AZ0Z_R	100.000	26	0	2.98e-10	52.0
M03520:605:000000000-LVNKY:1:1104:24023:22106;size=13	RH.7CE39E25906745AZ0Z_F	100.000	25	0	1.18e-09	50.1
M03520:605:000000000-LVNKY:1:1104:4940:19906;size=13	RH.27578A9A85FA4A3Z0Z_F	100.000	24	0	4.65e-09	48.1
M03520:605:000000000-LVNKY:1:1104:8927:23969;size=13	RH.0096A141894D447Z0Z_F	100.000	24	0	4.65e-09	48.1
M03520:605:000000000-LVNKY:1:1104:8927:23969;size=13	RH.0096A141894D447Z0Z_R	100.000	21	0	2.87e-07	42.1
M03520:605:000000000-LVNKY:1:1104:9889:18505;size=13	RH.B9EF730EBE6C436Z0Z_F	100.000	25	0	1.18e-09	50.1
M03520:605:000000000-LVNKY:1:1104:9889:18505;size=13	RH.B9EF730EBE6C436Z0Z_R	96.000	25	1	2.87e-07	42.1
M03520:605:000000000-LVNKY:1:1105:12972:15854;size=13	RH.7CE39E25906745AZ0Z_R	100.000	26	0	2.98e-10	52.0
M03520:605:000000000-LVNKY:1:1105:12972:15854;size=13	RH.7CE39E25906745AZ0Z_F	100.000	25	0	1.18e-09	50.1
M03520:605:000000000-LVNKY:1:1105:13116:22020;size=13	RH.61181F89884D47EZ0Z_R	100.000	25	0	1.18e-09	50.1
M03520:605:000000000-LVNKY:1:1105:13116:22020;size=13	RH.61181F89884D47EZ0Z_F	100.000	25	0	1.18e-09	50.1
M03520:605:000000000-LVNKY:1:1105:18150:6932;size=13	RH.B9EF730EBE6C436Z0Z_R	100.000	25	0	1.18e-09	50.1
M03520:605:000000000-LVNKY:1:1105:18150:6932;size=13	RH.B9EF730EBE6C436Z0Z_F	96.000	25	1	2.87e-07	42.1
M03520:605:000000000-LVNKY:1:1106:11299:5964;size=13	RH.7CE39E25906745AZ0Z_F	100.000	25	0	1.18e-09	50.1
M03520:605:000000000-LVNKY:1:1106:11299:5964;size=13	RH.7CE39E25906745AZ0Z_R	100.000	22	0	7.27e-08	44.1
M03520:605:000000000-LVNKY:1:1106:14032:10690;size=13	RH.85A5303CAAF54ADZ0Z_R	100.000	22	0	7.27e-08	44.1
M03520:605:000000000-LVNKY:1:1106:14032:10690;size=13	RH.85A5303CAAF54ADZ0Z_F	100.000	21	0	2.87e-07	42.1
M03520:605:000000000-LVNKY:1:1106:18419:18604;size=13	RH.85A5303CAAF54ADZ0Z_R	100.000	22	0	7.27e-08	44.1
M03520:605:000000000-LVNKY:1:1106:18419:18604;size=13	RH.85A5303CAAF54ADZ0Z_F	100.000	21	0	2.87e-07	42.1
M03520:605:000000000-LVNKY:1:1106:5822:16200;size=13	RH.0550AF0F57084ADZ0Z_F	100.000	24	0	4.65e-09	48.1
M03520:605:000000000-LVNKY:1:1106:5822:16200;size=13	RH.0550AF0F57084ADZ0Z_R	100.000	22	0	7.27e-08	44.1
M03520:605:000000000-LVNKY:1:1107:17082:2371;size=13	RH.CFB366F097C448DZ0Z_F	100.000	26	0	2.98e-10	52.0
M03520:605:000000000-LVNKY:1:1107:17082:2371;size=13	RH.CFB366F097C448DZ0Z_R	100.000	21	0	2.87e-07	42.1
M03520:605:000000000-LVNKY:1:1107:19713:3809;size=13	RH.27578A9A85FA4A3Z0Z_F	100.000	24	0	4.65e-09	48.1
M03520:605:000000000-LVNKY:1:1107:19713:3809;size=13	RH.27578A9A85FA4A3Z0Z_R	100.000	22	0	7.27e-08	44.1
M03520:605:000000000-LVNKY:1:1107:25233:7437;size=13	RH.E04EE94198274F7Z0Z_F	100.000	25	0	1.18e-09	50.1
M03520:605:000000000-LVNKY:1:1107:25233:7437;size=13	RH.E04EE94198274F7Z0Z_R	95.833	24	1	1.13e-06	40.1
M03520:605:000000000-LVNKY:1:1108:11439:9625;size=13	RH.2A8AD21024974C0Z0Z_R	100.000	25	0	1.18e-09	50.1
M03520:605:000000000-LVNKY:1:1108:11439:9625;size=13	RH.2A8AD21024974C0Z0Z_F	96.154	26	1	7.27e-08	44.1
M03520:605:000000000-LVNKY:1:1111:8982:15819;size=13	RH.1CC74B91718A42FZ0Z_R	100.000	25	0	1.18e-09	50.1
M03520:605:000000000-LVNKY:1:1111:8982:15819;size=13	RH.1CC74B91718A42FZ0Z_F	100.000	24	0	4.65e-09	48.1
M03520:605:000000000-LVNKY:1:1101:11094:12603;size=12	RH.27578A9A85FA4A3Z0Z_F	100.000	24	0	4.65e-09	48.1
M03520:605:000000000-LVNKY:1:1101:11094:12603;size=12	RH.27578A9A85FA4A3Z0Z_R	100.000	22	0	7.27e-08	44.1
M03520:605:000000000-LVNKY:1:1101:11137:7884;size=12	RH.DDB83AFF97C94C6Z0Z_R	100.000	25	0	1.18e-09	50.1
M03520:605:000000000-LVNKY:1:1101:11137:7884;size=12	RH.DDB83AFF97C94C6Z0Z_F	100.000	24	0	4.65e-09	48.1
M03520:605:000000000-LVNKY:1:1101:11295:13080;size=12	RH.0BD19D1A26A74EBZ0Z_F	100.000	25	0	1.18e-09	50.1
M03520:605:000000000-LVNKY:1:1101:11295:13080;size=12	RH.0BD19D1A26A74EBZ0Z_R	100.000	24	0	4.65e-09	48.1
M03520:605:000000000-LVNKY:1:1101:11333:7700;size=12	RH.2A8AD21024974C0Z0Z_F	100.000	26	0	2.98e-10	52.0
M03520:605:000000000-LVNKY:1:1101:11333:7700;size=12	RH.2A8AD21024974C0Z0Z_R	100.000	25	0	1.18e-09	50.1
M03520:605:000000000-LVNKY:1:1101:12073:20570;size=12	RH.51338FA06EDB4F0Z0Z_F	100.000	25	0	1.18e-09	50.1
M03520:605:000000000-LVNKY:1:1101:12073:20570;size=12	RH.51338FA06EDB4F0Z0Z_R	100.000	25	0	1.18e-09	50.1
M03520:605:000000000-LVNKY:1:1101:13749:11846;size=12	RH.0550AF0F57084ADZ0Z_R	100.000	22	0	7.27e-08	44.1
M03520:605:000000000-LVNKY:1:1101:13749:11846;size=12	RH.0550AF0F57084ADZ0Z_F	95.833	24	1	1.13e-06	40.1
M03520:605:000000000-LVNKY:1:1101:14186:12840;size=12	RH.0BD19D1A26A74EBZ0Z_F	100.000	25	0	1.18e-09	50.1
M03520:605:000000000-LVNKY:1:1101:14186:12840;size=12	RH.0BD19D1A26A74EBZ0Z_R	100.000	24	0	4.65e-09	48.1
M03520:605:000000000-LVNKY:1:1101:14319:20363;size=12	RH.0BD19D1A26A74EBZ0Z_R	100.000	24	0	4.65e-09	48.1
M03520:605:000000000-LVNKY:1:1101:14319:20363;size=12	RH.0BD19D1A26A74EBZ0Z_F	96.000	25	1	2.87e-07	42.1
M03520:605:000000000-LVNKY:1:1101:15029:25954;size=12	RH.51338FA06EDB4F0Z0Z_R	100.000	25	0	1.18e-09	50.1
M03520:605:000000000-LVNKY:1:1101:15029:25954;size=12	RH.51338FA06EDB4F0Z0Z_F	96.000	25	1	2.87e-07	42.1
M03520:605:000000000-LVNKY:1:1101:15393:14584;size=12	RH.2AFFFBA0E81C482Z0Z_F	100.000	23	0	1.84e-08	46.1
M03520:605:000000000-LVNKY:1:1101:15393:14584;size=12	RH.2AFFFBA0E81C482Z0Z_R	95.652	23	1	4.48e-06	38.2
M03520:605:000000000-LVNKY:1:1101:15697:22893;size=12	RH.2A8AD21024974C0Z0Z_R	100.000	25	0	1.18e-09	50.1
M03520:605:000000000-LVNKY:1:1101:15697:22893;size=12	RH.2A8AD21024974C0Z0Z_F	100.000	24	0	4.65e-09	48.1
M03520:605:000000000-LVNKY:1:1101:16461:2550;size=12	RH.69CEA0AC39F4445Z0Z_F	100.000	24	0	4.65e-09	48.1
M03520:605:000000000-LVNKY:1:1101:16461:2550;size=12	RH.69CEA0AC39F4445Z0Z_R	100.000	23	0	1.84e-08	46.1
M03520:605:000000000-LVNKY:1:1101:16699:2917;size=12	RH.51338FA06EDB4F0Z0Z_R	100.000	25	0	1.18e-09	50.1
M03520:605:000000000-LVNKY:1:1101:16699:2917;size=12	RH.51338FA06EDB4F0Z0Z_F	100.000	25	0	1.18e-09	50.1
M03520:605:000000000-LVNKY:1:1101:16782:19166;size=12	RH.7CE39E25906745AZ0Z_R	100.000	26	0	2.98e-10	52.0
M03520:605:000000000-LVNKY:1:1101:16782:19166;size=12	RH.7CE39E25906745AZ0Z_F	100.000	20	0	1.13e-06	40.1
M03520:605:000000000-LVNKY:1:1101:17038:14885;size=12	RH.0BD19D1A26A74EBZ0Z_R	100.000	24	0	4.65e-09	48.1
M03520:605:000000000-LVNKY:1:1101:17038:14885;size=12	RH.0BD19D1A26A74EBZ0Z_F	96.000	25	1	2.87e-07	42.1
M03520:605:000000000-LVNKY:1:1101:17497:12068;size=12	RH.DDB83AFF97C94C6Z0Z_R	100.000	25	0	1.18e-09	50.1
M03520:605:000000000-LVNKY:1:1101:17497:12068;size=12	RH.DDB83AFF97C94C6Z0Z_F	100.000	24	0	4.65e-09	48.1
M03520:605:000000000-LVNKY:1:1101:17561:13109;size=12	RH.6572108A164E48EZ0Z_R	100.000	25	0	1.18e-09	50.1
M03520:605:000000000-LVNKY:1:1101:17561:13109;size=12	RH.6572108A164E48EZ0Z_F	100.000	24	0	4.65e-09	48.1
M03520:605:000000000-LVNKY:1:1101:18066:1919;size=12	RH.0BD19D1A26A74EBZ0Z_F	100.000	25	0	1.18e-09	50.1
M03520:605:000000000-LVNKY:1:1101:18066:1919;size=12	RH.0BD19D1A26A74EBZ0Z_R	100.000	24	0	4.65e-09	48.1
M03520:605:000000000-LVNKY:1:1101:18996:7458;size=12	RH.0096A141894D447Z0Z_F	100.000	24	0	4.65e-09	48.1
M03520:605:000000000-LVNKY:1:1101:18996:7458;size=12	RH.0096A141894D447Z0Z_R	100.000	21	0	2.87e-07	42.1
M03520:605:000000000-LVNKY:1:1101:19095:19837;size=12	RH.DDB83AFF97C94C6Z0Z_R	100.000	25	0	1.18e-09	50.1
M03520:605:000000000-LVNKY:1:1101:19095:19837;size=12	RH.DDB83AFF97C94C6Z0Z_F	100.000	24	0	4.65e-09	48.1
M03520:605:000000000-LVNKY:1:1101:19587:28644;size=12	RH.0550AF0F57084ADZ0Z_F	100.000	24	0	4.65e-09	48.1
M03520:605:000000000-LVNKY:1:1101:19587:28644;size=12	RH.0550AF0F57084ADZ0Z_R	100.000	22	0	7.27e-08	44.1
M03520:605:000000000-LVNKY:1:1101:19785:9967;size=12	RH.27578A9A85FA4A3Z0Z_F	100.000	24	0	4.65e-09	48.1
M03520:605:000000000-LVNKY:1:1101:19785:9967;size=12	RH.27578A9A85FA4A3Z0Z_R	100.000	22	0	7.27e-08	44.1
M03520:605:000000000-LVNKY:1:1101:21449:27907;size=12	RH.2AFFFBA0E81C482Z0Z_R	100.000	23	0	1.84e-08	46.1
M03520:605:000000000-LVNKY:1:1101:21449:27907;size=12	RH.2AFFFBA0E81C482Z0Z_F	100.000	23	0	1.84e-08	46.1
M03520:605:000000000-LVNKY:1:1101:21622:16949;size=12	RH.85A5303CAAF54ADZ0Z_R	100.000	22	0	7.27e-08	44.1
M03520:605:000000000-LVNKY:1:1101:21622:16949;size=12	RH.85A5303CAAF54ADZ0Z_F	100.000	21	0	2.87e-07	42.1
M03520:605:000000000-LVNKY:1:1101:22756:9211;size=12	RH.51338FA06EDB4F0Z0Z_F	100.000	25	0	1.18e-09	50.1
M03520:605:000000000-LVNKY:1:1101:22756:9211;size=12	RH.51338FA06EDB4F0Z0Z_R	100.000	25	0	1.18e-09	50.1
M03520:605:000000000-LVNKY:1:1101:23705:20123;size=12	RH.6572108A164E48EZ0Z_R	100.000	25	0	1.18e-09	50.1
M03520:605:000000000-LVNKY:1:1101:23705:20123;size=12	RH.6572108A164E48EZ0Z_F	100.000	24	0	4.65e-09	48.1
M03520:605:000000000-LVNKY:1:1101:24569:20181;size=12	RH.0BD19D1A26A74EBZ0Z_F	100.000	25	0	1.18e-09	50.1
M03520:605:000000000-LVNKY:1:1101:24569:20181;size=12	RH.0BD19D1A26A74EBZ0Z_R	95.833	24	1	1.13e-06	40.1
M03520:605:000000000-LVNKY:1:1101:24637:12317;size=12	RH.0096A141894D447Z0Z_R	100.000	21	0	2.87e-07	42.1
M03520:605:000000000-LVNKY:1:1101:24637:12317;size=12	RH.0096A141894D447Z0Z_F	100.000	21	0	2.87e-07	42.1
M03520:605:000000000-LVNKY:1:1101:25274:8713;size=12	RH.1CC74B91718A42FZ0Z_R	100.000	25	0	1.18e-09	50.1
M03520:605:000000000-LVNKY:1:1101:25274:8713;size=12	RH.1CC74B91718A42FZ0Z_F	100.000	24	0	4.65e-09	48.1
M03520:605:000000000-LVNKY:1:1101:25999:6700;size=12	RH.27578A9A85FA4A3Z0Z_F	100.000	24	0	4.65e-09	48.1
M03520:605:000000000-LVNKY:1:1101:25999:6700;size=12	RH.27578A9A85FA4A3Z0Z_R	100.000	22	0	7.27e-08	44.1
M03520:605:000000000-LVNKY:1:1101:27406:14866;size=12	RH.69CEA0AC39F4445Z0Z_F	100.000	24	0	4.65e-09	48.1
M03520:605:000000000-LVNKY:1:1101:27406:14866;size=12	RH.69CEA0AC39F4445Z0Z_R	100.000	23	0	1.84e-08	46.1
M03520:605:000000000-LVNKY:1:1101:27634:19490;size=12	RH.0550AF0F57084ADZ0Z_R	100.000	22	0	7.27e-08	44.1
M03520:605:000000000-LVNKY:1:1101:27634:19490;size=12	RH.0550AF0F57084ADZ0Z_F	95.833	24	1	1.13e-06	40.1
M03520:605:000000000-LVNKY:1:1101:28229:18454;size=12	RH.2A8AD21024974C0Z0Z_F	100.000	26	0	2.98e-10	52.0
M03520:605:000000000-LVNKY:1:1101:29331:17805;size=12	RH.E04EE94198274F7Z0Z_R	95.833	24	1	1.13e-06	40.1
M03520:605:000000000-LVNKY:1:1101:29341:17063;size=12	RH.DDB83AFF97C94C6Z0Z_R	100.000	25	0	1.18e-09	50.1
M03520:605:000000000-LVNKY:1:1101:29341:17063;size=12	RH.DDB83AFF97C94C6Z0Z_F	100.000	24	0	4.65e-09	48.1
M03520:605:000000000-LVNKY:1:1101:4039:16519;size=12	RH.9C70B4C9923B4A8Z0Z_R	100.000	23	0	1.84e-08	46.1
M03520:605:000000000-LVNKY:1:1101:4039:16519;size=12	RH.9C70B4C9923B4A8Z0Z_F	100.000	23	0	1.84e-08	46.1
M03520:605:000000000-LVNKY:1:1101:4277:16412;size=12	RH.0550AF0F57084ADZ0Z_F	100.000	24	0	4.65e-09	48.1
M03520:605:000000000-LVNKY:1:1101:4277:16412;size=12	RH.0550AF0F57084ADZ0Z_R	100.000	22	0	7.27e-08	44.1
M03520:605:000000000-LVNKY:1:1101:7202:7973;size=12	RH.7CE39E25906745AZ0Z_F	100.000	25	0	1.18e-09	50.1
M03520:605:000000000-LVNKY:1:1101:7202:7973;size=12	RH.7CE39E25906745AZ0Z_R	96.154	26	1	7.27e-08	44.1
M03520:605:000000000-LVNKY:1:1101:7589:20212;size=12	RH.7CE39E25906745AZ0Z_R	100.000	26	0	2.98e-10	52.0
M03520:605:000000000-LVNKY:1:1101:7589:20212;size=12	RH.7CE39E25906745AZ0Z_F	100.000	25	0	1.18e-09	50.1
M03520:605:000000000-LVNKY:1:1101:8271:26076;size=12	RH.7CE39E25906745AZ0Z_R	100.000	26	0	2.98e-10	52.0
M03520:605:000000000-LVNKY:1:1101:8271:26076;size=12	RH.7CE39E25906745AZ0Z_F	100.000	25	0	1.18e-09	50.1
M03520:605:000000000-LVNKY:1:1101:8561:4245;size=12	RH.27578A9A85FA4A3Z0Z_F	100.000	24	0	4.65e-09	48.1
M03520:605:000000000-LVNKY:1:1101:9091:21770;size=12	RH.BE09C1F6EE4B426Z0Z_F	100.000	22	0	7.27e-08	44.1
M03520:605:000000000-LVNKY:1:1101:9495:25720;size=12	RH.0096A141894D447Z0Z_F	100.000	24	0	4.65e-09	48.1
M03520:605:000000000-LVNKY:1:1101:9495:25720;size=12	RH.0096A141894D447Z0Z_R	100.000	21	0	2.87e-07	42.1
M03520:605:000000000-LVNKY:1:1102:10311:14578;size=12	RH.2A8AD21024974C0Z0Z_F	100.000	26	0	2.98e-10	52.0
M03520:605:000000000-LVNKY:1:1102:10311:14578;size=12	RH.2A8AD21024974C0Z0Z_R	100.000	25	0	1.18e-09	50.1
M03520:605:000000000-LVNKY:1:1102:11156:21816;size=12	RH.7CE39E25906745AZ0Z_R	100.000	26	0	2.98e-10	52.0
M03520:605:000000000-LVNKY:1:1102:11156:21816;size=12	RH.7CE39E25906745AZ0Z_F	96.000	25	1	2.87e-07	42.1
M03520:605:000000000-LVNKY:1:1102:11661:2746;size=12	RH.DDB83AFF97C94C6Z0Z_F	100.000	24	0	4.65e-09	48.1
M03520:605:000000000-LVNKY:1:1102:11661:2746;size=12	RH.DDB83AFF97C94C6Z0Z_R	100.000	23	0	1.84e-08	46.1
M03520:605:000000000-LVNKY:1:1102:11772:7470;size=12	RH.0096A141894D447Z0Z_F	100.000	24	0	4.65e-09	48.1
M03520:605:000000000-LVNKY:1:1102:13847:12246;size=12	RH.27578A9A85FA4A3Z0Z_F	100.000	24	0	4.65e-09	48.1
M03520:605:000000000-LVNKY:1:1102:13847:12246;size=12	RH.27578A9A85FA4A3Z0Z_R	100.000	22	0	7.27e-08	44.1
M03520:605:000000000-LVNKY:1:1102:13885:11790;size=12	RH.27578A9A85FA4A3Z0Z_F	100.000	24	0	4.65e-09	48.1
M03520:605:000000000-LVNKY:1:1102:13885:11790;size=12	RH.27578A9A85FA4A3Z0Z_R	100.000	22	0	7.27e-08	44.1
M03520:605:000000000-LVNKY:1:1102:16390:14750;size=12	RH.0BD19D1A26A74EBZ0Z_F	100.000	25	0	1.18e-09	50.1
M03520:605:000000000-LVNKY:1:1102:16390:14750;size=12	RH.0BD19D1A26A74EBZ0Z_R	100.000	24	0	4.65e-09	48.1
M03520:605:000000000-LVNKY:1:1102:18954:26300;size=12	RH.0550AF0F57084ADZ0Z_F	100.000	24	0	4.65e-09	48.1
M03520:605:000000000-LVNKY:1:1102:18954:26300;size=12	RH.0550AF0F57084ADZ0Z_R	100.000	22	0	7.27e-08	44.1
M03520:605:000000000-LVNKY:1:1102:21313:3175;size=12	RH.27578A9A85FA4A3Z0Z_R	100.000	22	0	7.27e-08	44.1
M03520:605:000000000-LVNKY:1:1102:21313:3175;size=12	RH.27578A9A85FA4A3Z0Z_F	95.833	24	1	1.13e-06	40.1
M03520:605:000000000-LVNKY:1:1102:21680:18329;size=12	RH.DDB83AFF97C94C6Z0Z_R	100.000	25	0	1.18e-09	50.1
M03520:605:000000000-LVNKY:1:1102:21680:18329;size=12	RH.DDB83AFF97C94C6Z0Z_F	100.000	24	0	4.65e-09	48.1
M03520:605:000000000-LVNKY:1:1102:2258:17789;size=12	RH.1CC74B91718A42FZ0Z_F	100.000	24	0	4.65e-09	48.1
M03520:605:000000000-LVNKY:1:1102:2258:17789;size=12	RH.1CC74B91718A42FZ0Z_R	100.000	22	0	7.27e-08	44.1
M03520:605:000000000-LVNKY:1:1102:23582:20395;size=12	RH.0550AF0F57084ADZ0Z_R	100.000	22	0	7.27e-08	44.1
M03520:605:000000000-LVNKY:1:1102:23582:20395;size=12	RH.0550AF0F57084ADZ0Z_F	95.833	24	1	1.13e-06	40.1
M03520:605:000000000-LVNKY:1:1102:24882:12569;size=12	RH.6572108A164E48EZ0Z_R	100.000	25	0	1.18e-09	50.1
M03520:605:000000000-LVNKY:1:1102:24882:12569;size=12	RH.6572108A164E48EZ0Z_F	100.000	24	0	4.65e-09	48.1
M03520:605:000000000-LVNKY:1:1102:2518:16941;size=12	RH.7CE39E25906745AZ0Z_R	100.000	26	0	2.98e-10	52.0
M03520:605:000000000-LVNKY:1:1102:2518:16941;size=12	RH.7CE39E25906745AZ0Z_F	100.000	23	0	1.84e-08	46.1
M03520:605:000000000-LVNKY:1:1102:27436:12077;size=12	RH.2AFFFBA0E81C482Z0Z_F	100.000	23	0	1.84e-08	46.1
M03520:605:000000000-LVNKY:1:1102:27436:12077;size=12	RH.19C64E69AB7E463Z0Z_R	100.000	19	0	4.48e-06	38.2
M03520:605:000000000-LVNKY:1:1102:6028:13010;size=12	RH.1CC74B91718A42FZ0Z_R	100.000	25	0	1.18e-09	50.1
M03520:605:000000000-LVNKY:1:1102:6028:13010;size=12	RH.1CC74B91718A42FZ0Z_F	100.000	24	0	4.65e-09	48.1
M03520:605:000000000-LVNKY:1:1102:6638:18437;size=12	RH.7CE39E25906745AZ0Z_R	100.000	26	0	2.98e-10	52.0
M03520:605:000000000-LVNKY:1:1102:6638:18437;size=12	RH.7CE39E25906745AZ0Z_F	100.000	21	0	2.87e-07	42.1
M03520:605:000000000-LVNKY:1:1102:7173:9943;size=12	RH.6572108A164E48EZ0Z_R	100.000	25	0	1.18e-09	50.1
M03520:605:000000000-LVNKY:1:1102:7173:9943;size=12	RH.6572108A164E48EZ0Z_F	100.000	24	0	4.65e-09	48.1
M03520:605:000000000-LVNKY:1:1102:7621:25103;size=12	RH.2AFFFBA0E81C482Z0Z_R	100.000	23	0	1.84e-08	46.1
M03520:605:000000000-LVNKY:1:1102:7621:25103;size=12	RH.2AFFFBA0E81C482Z0Z_F	100.000	23	0	1.84e-08	46.1
M03520:605:000000000-LVNKY:1:1102:9077:11215;size=12	RH.0BD19D1A26A74EBZ0Z_R	100.000	24	0	4.65e-09	48.1
M03520:605:000000000-LVNKY:1:1102:9077:11215;size=12	RH.0BD19D1A26A74EBZ0Z_F	100.000	23	0	1.84e-08	46.1
M03520:605:000000000-LVNKY:1:1102:9718:23614;size=12	RH.0BD19D1A26A74EBZ0Z_F	100.000	25	0	1.18e-09	50.1
M03520:605:000000000-LVNKY:1:1102:9718:23614;size=12	RH.0BD19D1A26A74EBZ0Z_R	100.000	24	0	4.65e-09	48.1
M03520:605:000000000-LVNKY:1:1103:10552:8919;size=12	RH.2A8AD21024974C0Z0Z_F	100.000	26	0	2.98e-10	52.0
M03520:605:000000000-LVNKY:1:1103:10552:8919;size=12	RH.2A8AD21024974C0Z0Z_R	100.000	25	0	1.18e-09	50.1
M03520:605:000000000-LVNKY:1:1103:12452:17703;size=12	RH.2AFFFBA0E81C482Z0Z_F	100.000	23	0	1.84e-08	46.1
M03520:605:000000000-LVNKY:1:1103:12452:17703;size=12	RH.2AFFFBA0E81C482Z0Z_R	100.000	23	0	1.84e-08	46.1
M03520:605:000000000-LVNKY:1:1103:12615:7277;size=12	RH.DDB83AFF97C94C6Z0Z_R	100.000	25	0	1.18e-09	50.1
M03520:605:000000000-LVNKY:1:1103:12615:7277;size=12	RH.DDB83AFF97C94C6Z0Z_F	100.000	24	0	4.65e-09	48.1
M03520:605:000000000-LVNKY:1:1103:15118:13812;size=12	RH.85A5303CAAF54ADZ0Z_R	100.000	22	0	7.27e-08	44.1
M03520:605:000000000-LVNKY:1:1103:15118:13812;size=12	RH.85A5303CAAF54ADZ0Z_F	100.000	21	0	2.87e-07	42.1
M03520:605:000000000-LVNKY:1:1103:16939:3598;size=12	RH.27578A9A85FA4A3Z0Z_F	100.000	24	0	4.65e-09	48.1
M03520:605:000000000-LVNKY:1:1103:16939:3598;size=12	RH.27578A9A85FA4A3Z0Z_R	100.000	22	0	7.27e-08	44.1
M03520:605:000000000-LVNKY:1:1103:18353:10949;size=12	RH.8B25A056ABC1444Z0Z_R	100.000	24	0	4.65e-09	48.1
M03520:605:000000000-LVNKY:1:1103:18353:10949;size=12	RH.8B25A056ABC1444Z0Z_F	100.000	22	0	7.27e-08	44.1
M03520:605:000000000-LVNKY:1:1103:18737:14807;size=12	RH.DDB83AFF97C94C6Z0Z_R	100.000	25	0	1.18e-09	50.1
M03520:605:000000000-LVNKY:1:1103:18737:14807;size=12	RH.DDB83AFF97C94C6Z0Z_F	100.000	24	0	4.65e-09	48.1
M03520:605:000000000-LVNKY:1:1103:21317:24426;size=12	RH.B9EF730EBE6C436Z0Z_F	100.000	25	0	1.18e-09	50.1
M03520:605:000000000-LVNKY:1:1103:21317:24426;size=12	RH.B9EF730EBE6C436Z0Z_R	96.000	25	1	2.87e-07	42.1
M03520:605:000000000-LVNKY:1:1103:21622:9566;size=12	RH.0BD19D1A26A74EBZ0Z_F	100.000	25	0	1.18e-09	50.1
M03520:605:000000000-LVNKY:1:1103:26013:17896;size=12	RH.0096A141894D447Z0Z_R	100.000	21	0	2.87e-07	42.1
M03520:605:000000000-LVNKY:1:1103:26013:17896;size=12	RH.0096A141894D447Z0Z_F	95.833	24	1	1.13e-06	40.1
M03520:605:000000000-LVNKY:1:1103:9066:13136;size=12	RH.CF953F27F5674E1Z0Z_F	100.000	26	0	2.98e-10	52.0
M03520:605:000000000-LVNKY:1:1103:9066:13136;size=12	RH.CF953F27F5674E1Z0Z_R	100.000	25	0	1.18e-09	50.1
M03520:605:000000000-LVNKY:1:1103:9244:26935;size=12	RH.0096A141894D447Z0Z_F	100.000	24	0	4.65e-09	48.1
M03520:605:000000000-LVNKY:1:1103:9244:26935;size=12	RH.0096A141894D447Z0Z_R	100.000	21	0	2.87e-07	42.1
M03520:605:000000000-LVNKY:1:1103:9969:8600;size=12	RH.2A8AD21024974C0Z0Z_F	100.000	26	0	2.98e-10	52.0
M03520:605:000000000-LVNKY:1:1103:9969:8600;size=12	RH.2A8AD21024974C0Z0Z_R	100.000	25	0	1.18e-09	50.1
M03520:605:000000000-LVNKY:1:1104:10866:12223;size=12	RH.B9EF730EBE6C436Z0Z_R	100.000	25	0	1.18e-09	50.1
M03520:605:000000000-LVNKY:1:1104:13168:4473;size=12	RH.27578A9A85FA4A3Z0Z_F	100.000	24	0	4.65e-09	48.1
M03520:605:000000000-LVNKY:1:1104:14570:25950;size=12	RH.DE543226C201437Z0Z_R	100.000	20	0	1.13e-06	40.1
M03520:605:000000000-LVNKY:1:1104:14570:25950;size=12	RH.51338FA06EDB4F0Z0Z_R	95.652	23	1	4.48e-06	38.2
M03520:605:000000000-LVNKY:1:1104:15901:21344;size=12	RH.E4C34C29ADFB490Z0Z_R	100.000	23	0	1.84e-08	46.1
M03520:605:000000000-LVNKY:1:1104:15901:21344;size=12	RH.E4C34C29ADFB490Z0Z_F	100.000	22	0	7.27e-08	44.1
M03520:605:000000000-LVNKY:1:1104:19527:7851;size=12	RH.0BD19D1A26A74EBZ0Z_R	100.000	24	0	4.65e-09	48.1
M03520:605:000000000-LVNKY:1:1104:19940:13110;size=12	RH.7CE39E25906745AZ0Z_F	100.000	25	0	1.18e-09	50.1
M03520:605:000000000-LVNKY:1:1104:19940:13110;size=12	RH.7CE39E25906745AZ0Z_R	96.154	26	1	7.27e-08	44.1
M03520:605:000000000-LVNKY:1:1104:22058:9751;size=12	RH.0550AF0F57084ADZ0Z_R	100.000	22	0	7.27e-08	44.1
M03520:605:000000000-LVNKY:1:1104:22058:9751;size=12	RH.0550AF0F57084ADZ0Z_F	95.833	24	1	1.13e-06	40.1
M03520:605:000000000-LVNKY:1:1104:25730:14231;size=12	RH.A8C08AF39EA24A4Z0Z_R	100.000	24	0	4.65e-09	48.1
M03520:605:000000000-LVNKY:1:1104:25730:14231;size=12	RH.A8C08AF39EA24A4Z0Z_F	100.000	22	0	7.27e-08	44.1
M03520:605:000000000-LVNKY:1:1104:28352:13218;size=12	RH.DDB83AFF97C94C6Z0Z_R	100.000	25	0	1.18e-09	50.1
M03520:605:000000000-LVNKY:1:1104:28352:13218;size=12	RH.DDB83AFF97C94C6Z0Z_F	100.000	24	0	4.65e-09	48.1
M03520:605:000000000-LVNKY:1:1104:29526:17649;size=12	RH.85A5303CAAF54ADZ0Z_F	100.000	21	0	2.87e-07	42.1
M03520:605:000000000-LVNKY:1:1104:9259:14616;size=12	RH.0BD19D1A26A74EBZ0Z_F	100.000	25	0	1.18e-09	50.1
M03520:605:000000000-LVNKY:1:1104:9259:14616;size=12	RH.0BD19D1A26A74EBZ0Z_R	100.000	24	0	4.65e-09	48.1
M03520:605:000000000-LVNKY:1:1104:9332:15457;size=12	RH.0096A141894D447Z0Z_F	100.000	24	0	4.65e-09	48.1
M03520:605:000000000-LVNKY:1:1104:9332:15457;size=12	RH.0096A141894D447Z0Z_R	100.000	21	0	2.87e-07	42.1
M03520:605:000000000-LVNKY:1:1104:9397:17381;size=12	RH.69CEA0AC39F4445Z0Z_F	100.000	24	0	4.65e-09	48.1
M03520:605:000000000-LVNKY:1:1104:9397:17381;size=12	RH.69CEA0AC39F4445Z0Z_R	95.652	23	1	4.48e-06	38.2
M03520:605:000000000-LVNKY:1:1105:14264:14211;size=12	RH.85A5303CAAF54ADZ0Z_R	100.000	22	0	7.27e-08	44.1
M03520:605:000000000-LVNKY:1:1105:14264:14211;size=12	RH.85A5303CAAF54ADZ0Z_F	100.000	21	0	2.87e-07	42.1
M03520:605:000000000-LVNKY:1:1105:15987:11512;size=12	RH.8B25A056ABC1444Z0Z_R	100.000	24	0	4.65e-09	48.1
M03520:605:000000000-LVNKY:1:1105:15987:11512;size=12	RH.8B25A056ABC1444Z0Z_F	100.000	22	0	7.27e-08	44.1
M03520:605:000000000-LVNKY:1:1105:16817:15274;size=12	RH.0550AF0F57084ADZ0Z_F	100.000	24	0	4.65e-09	48.1
M03520:605:000000000-LVNKY:1:1105:16817:15274;size=12	RH.0550AF0F57084ADZ0Z_R	100.000	22	0	7.27e-08	44.1
M03520:605:000000000-LVNKY:1:1105:17497:22271;size=12	RH.0096A141894D447Z0Z_F	100.000	24	0	4.65e-09	48.1
M03520:605:000000000-LVNKY:1:1105:17497:22271;size=12	RH.0096A141894D447Z0Z_R	100.000	21	0	2.87e-07	42.1
M03520:605:000000000-LVNKY:1:1105:18648:5624;size=12	RH.2AFFFBA0E81C482Z0Z_F	100.000	23	0	1.84e-08	46.1
M03520:605:000000000-LVNKY:1:1105:18648:5624;size=12	RH.2AFFFBA0E81C482Z0Z_R	100.000	23	0	1.84e-08	46.1
M03520:605:000000000-LVNKY:1:1105:22266:16292;size=12	RH.7CE39E25906745AZ0Z_R	100.000	26	0	2.98e-10	52.0
M03520:605:000000000-LVNKY:1:1105:22266:16292;size=12	RH.7CE39E25906745AZ0Z_F	96.000	25	1	2.87e-07	42.1
M03520:605:000000000-LVNKY:1:1105:22982:5785;size=12	RH.7CE39E25906745AZ0Z_R	100.000	26	0	2.98e-10	52.0
M03520:605:000000000-LVNKY:1:1105:22982:5785;size=12	RH.7CE39E25906745AZ0Z_F	100.000	25	0	1.18e-09	50.1
M03520:605:000000000-LVNKY:1:1105:4899:16700;size=12	RH.2A8AD21024974C0Z0Z_F	100.000	26	0	2.98e-10	52.0
M03520:605:000000000-LVNKY:1:1105:4899:16700;size=12	RH.2A8AD21024974C0Z0Z_R	100.000	23	0	1.84e-08	46.1
M03520:605:000000000-LVNKY:1:1105:7241:8708;size=12	RH.6572108A164E48EZ0Z_R	100.000	25	0	1.18e-09	50.1
M03520:605:000000000-LVNKY:1:1105:7241:8708;size=12	RH.6572108A164E48EZ0Z_F	100.000	24	0	4.65e-09	48.1
M03520:605:000000000-LVNKY:1:1106:27086:10834;size=12	RH.7CE39E25906745AZ0Z_R	100.000	26	0	2.98e-10	52.0
M03520:605:000000000-LVNKY:1:1106:27086:10834;size=12	RH.7CE39E25906745AZ0Z_F	100.000	22	0	7.27e-08	44.1
M03520:605:000000000-LVNKY:1:1106:7426:15094;size=12	RH.85A5303CAAF54ADZ0Z_R	100.000	22	0	7.27e-08	44.1
M03520:605:000000000-LVNKY:1:1106:7426:15094;size=12	RH.85A5303CAAF54ADZ0Z_F	100.000	21	0	2.87e-07	42.1
M03520:605:000000000-LVNKY:1:1107:18903:1921;size=12	RH.44DCEC943BED412Z0Z_F	100.000	23	0	1.84e-08	46.1
M03520:605:000000000-LVNKY:1:1107:18903:1921;size=12	RH.44DCEC943BED412Z0Z_R	95.652	23	1	4.48e-06	38.2
M03520:605:000000000-LVNKY:1:1107:25879:6782;size=12	RH.DDB83AFF97C94C6Z0Z_R	100.000	25	0	1.18e-09	50.1
M03520:605:000000000-LVNKY:1:1107:25879:6782;size=12	RH.DDB83AFF97C94C6Z0Z_F	100.000	24	0	4.65e-09	48.1
M03520:605:000000000-LVNKY:1:1108:18276:19461;size=12	RH.2AFFFBA0E81C482Z0Z_R	100.000	23	0	1.84e-08	46.1
M03520:605:000000000-LVNKY:1:1108:18276:19461;size=12	RH.2AFFFBA0E81C482Z0Z_F	100.000	23	0	1.84e-08	46.1
M03520:605:000000000-LVNKY:1:1108:21899:7817;size=12	RH.0096A141894D447Z0Z_F	100.000	24	0	4.65e-09	48.1
M03520:605:000000000-LVNKY:1:1108:21899:7817;size=12	RH.0096A141894D447Z0Z_R	100.000	21	0	2.87e-07	42.1
M03520:605:000000000-LVNKY:1:1109:15376:2338;size=12	RH.0BD19D1A26A74EBZ0Z_R	100.000	24	0	4.65e-09	48.1
M03520:605:000000000-LVNKY:1:1109:15376:2338;size=12	RH.0BD19D1A26A74EBZ0Z_F	100.000	23	0	1.84e-08	46.1
M03520:605:000000000-LVNKY:1:1110:6086:7399;size=12	RH.DDB83AFF97C94C6Z0Z_F	100.000	24	0	4.65e-09	48.1
M03520:605:000000000-LVNKY:1:1110:6086:7399;size=12	RH.DDB83AFF97C94C6Z0Z_R	96.000	25	1	2.87e-07	42.1
M03520:605:000000000-LVNKY:1:1111:22819:27382;size=12	RH.B9EF730EBE6C436Z0Z_R	100.000	25	0	1.18e-09	50.1
M03520:605:000000000-LVNKY:1:1111:22819:27382;size=12	RH.B9EF730EBE6C436Z0Z_F	100.000	25	0	1.18e-09	50.1
M03520:605:000000000-LVNKY:1:1101:10021:9772;size=11	RH.A2C9012430E34ADZ0Z_R	100.000	24	0	4.65e-09	48.1
M03520:605:000000000-LVNKY:1:1101:10021:9772;size=11	RH.A2C9012430E34ADZ0Z_F	100.000	24	0	4.65e-09	48.1
M03520:605:000000000-LVNKY:1:1101:10210:7480;size=11	RH.0096A141894D447Z0Z_F	100.000	24	0	4.65e-09	48.1
M03520:605:000000000-LVNKY:1:1101:10210:7480;size=11	RH.0096A141894D447Z0Z_R	100.000	21	0	2.87e-07	42.1
M03520:605:000000000-LVNKY:1:1101:10918:9013;size=11	RH.BE09C1F6EE4B426Z0Z_R	100.000	23	0	1.84e-08	46.1
M03520:605:000000000-LVNKY:1:1101:10918:9013;size=11	RH.BE09C1F6EE4B426Z0Z_F	100.000	22	0	7.27e-08	44.1
M03520:605:000000000-LVNKY:1:1101:11248:27716;size=11	RH.7CE39E25906745AZ0Z_R	100.000	26	0	2.98e-10	52.0
M03520:605:000000000-LVNKY:1:1101:11248:27716;size=11	RH.7CE39E25906745AZ0Z_F	100.000	25	0	1.18e-09	50.1
M03520:605:000000000-LVNKY:1:1101:11785:7681;size=11	RH.7CE39E25906745AZ0Z_F	100.000	25	0	1.18e-09	50.1
M03520:605:000000000-LVNKY:1:1101:11785:7681;size=11	RH.7CE39E25906745AZ0Z_R	96.154	26	1	7.27e-08	44.1
M03520:605:000000000-LVNKY:1:1101:12167:7187;size=11	RH.0550AF0F57084ADZ0Z_F	100.000	24	0	4.65e-09	48.1
M03520:605:000000000-LVNKY:1:1101:12259:7881;size=11	RH.8B25A056ABC1444Z0Z_R	100.000	24	0	4.65e-09	48.1
M03520:605:000000000-LVNKY:1:1101:12259:7881;size=11	RH.8B25A056ABC1444Z0Z_F	100.000	22	0	7.27e-08	44.1
M03520:605:000000000-LVNKY:1:1101:12443:10732;size=11	RH.0550AF0F57084ADZ0Z_F	100.000	24	0	4.65e-09	48.1
M03520:605:000000000-LVNKY:1:1101:12443:10732;size=11	RH.0550AF0F57084ADZ0Z_R	100.000	22	0	7.27e-08	44.1
M03520:605:000000000-LVNKY:1:1101:12501:28574;size=11	RH.7CE39E25906745AZ0Z_R	100.000	26	0	2.98e-10	52.0
M03520:605:000000000-LVNKY:1:1101:12501:28574;size=11	RH.7CE39E25906745AZ0Z_F	100.000	25	0	1.18e-09	50.1
M03520:605:000000000-LVNKY:1:1101:13662:17446;size=11	RH.0096A141894D447Z0Z_F	100.000	24	0	4.65e-09	48.1
M03520:605:000000000-LVNKY:1:1101:13662:17446;size=11	RH.0096A141894D447Z0Z_R	100.000	21	0	2.87e-07	42.1
M03520:605:000000000-LVNKY:1:1101:14694:9303;size=11	RH.51338FA06EDB4F0Z0Z_R	100.000	25	0	1.18e-09	50.1
M03520:605:000000000-LVNKY:1:1101:14694:9303;size=11	RH.51338FA06EDB4F0Z0Z_F	96.000	25	1	2.87e-07	42.1
M03520:605:000000000-LVNKY:1:1101:15107:25968;size=11	RH.B9EF730EBE6C436Z0Z_F	100.000	25	0	1.18e-09	50.1
M03520:605:000000000-LVNKY:1:1101:15347:5546;size=11	RH.B9EF730EBE6C436Z0Z_R	100.000	25	0	1.18e-09	50.1
M03520:605:000000000-LVNKY:1:1101:15347:5546;size=11	RH.B9EF730EBE6C436Z0Z_F	100.000	25	0	1.18e-09	50.1
M03520:605:000000000-LVNKY:1:1101:15959:10519;size=11	RH.85A5303CAAF54ADZ0Z_R	100.000	22	0	7.27e-08	44.1
M03520:605:000000000-LVNKY:1:1101:15959:10519;size=11	RH.85A5303CAAF54ADZ0Z_F	100.000	21	0	2.87e-07	42.1
M03520:605:000000000-LVNKY:1:1101:16152:24753;size=11	RH.0550AF0F57084ADZ0Z_F	100.000	24	0	4.65e-09	48.1
M03520:605:000000000-LVNKY:1:1101:16152:24753;size=11	RH.0550AF0F57084ADZ0Z_R	100.000	22	0	7.27e-08	44.1
M03520:605:000000000-LVNKY:1:1101:16514:13781;size=11	RH.6572108A164E48EZ0Z_R	100.000	25	0	1.18e-09	50.1
M03520:605:000000000-LVNKY:1:1101:16514:13781;size=11	RH.6572108A164E48EZ0Z_F	100.000	24	0	4.65e-09	48.1
M03520:605:000000000-LVNKY:1:1101:16786:17965;size=11	RH.B9EF730EBE6C436Z0Z_R	100.000	25	0	1.18e-09	50.1
M03520:605:000000000-LVNKY:1:1101:16786:17965;size=11	RH.B9EF730EBE6C436Z0Z_F	100.000	25	0	1.18e-09	50.1
M03520:605:000000000-LVNKY:1:1101:17165:15158;size=11	RH.8B25A056ABC1444Z0Z_R	100.000	24	0	4.65e-09	48.1
M03520:605:000000000-LVNKY:1:1101:17165:15158;size=11	RH.8B25A056ABC1444Z0Z_F	100.000	22	0	7.27e-08	44.1
M03520:605:000000000-LVNKY:1:1101:17411:22881;size=11	RH.1CC74B91718A42FZ0Z_R	100.000	25	0	1.18e-09	50.1
M03520:605:000000000-LVNKY:1:1101:17411:22881;size=11	RH.1CC74B91718A42FZ0Z_F	100.000	24	0	4.65e-09	48.1
M03520:605:000000000-LVNKY:1:1101:17704:25640;size=11	RH.2AFFFBA0E81C482Z0Z_R	100.000	23	0	1.84e-08	46.1
M03520:605:000000000-LVNKY:1:1101:17704:25640;size=11	RH.2AFFFBA0E81C482Z0Z_F	100.000	22	0	7.27e-08	44.1
M03520:605:000000000-LVNKY:1:1101:17887:23619;size=11	RH.2A8AD21024974C0Z0Z_R	100.000	25	0	1.18e-09	50.1
M03520:605:000000000-LVNKY:1:1101:17887:23619;size=11	RH.FC3FC8C7290A49DZ0Z_F	100.000	19	0	4.48e-06	38.2
M03520:605:000000000-LVNKY:1:1101:18034:22328;size=11	RH.2AFFFBA0E81C482Z0Z_R	100.000	23	0	1.84e-08	46.1
M03520:605:000000000-LVNKY:1:1101:18034:22328;size=11	RH.2AFFFBA0E81C482Z0Z_F	100.000	23	0	1.84e-08	46.1
M03520:605:000000000-LVNKY:1:1101:18233:2378;size=11	RH.2AFFFBA0E81C482Z0Z_R	100.000	23	0	1.84e-08	46.1
M03520:605:000000000-LVNKY:1:1101:18233:2378;size=11	RH.2AFFFBA0E81C482Z0Z_F	100.000	23	0	1.84e-08	46.1
M03520:605:000000000-LVNKY:1:1101:18681:27072;size=11	RH.DDB83AFF97C94C6Z0Z_R	100.000	25	0	1.18e-09	50.1
M03520:605:000000000-LVNKY:1:1101:18681:27072;size=11	RH.DDB83AFF97C94C6Z0Z_F	100.000	24	0	4.65e-09	48.1
M03520:605:000000000-LVNKY:1:1101:18691:13292;size=11	RH.78B83B8D6A224B1Z0Z_R	100.000	23	0	1.84e-08	46.1
M03520:605:000000000-LVNKY:1:1101:18691:13292;size=11	RH.78B83B8D6A224B1Z0Z_F	100.000	22	0	7.27e-08	44.1
M03520:605:000000000-LVNKY:1:1101:19134:3069;size=11	RH.1CC74B91718A42FZ0Z_R	100.000	25	0	1.18e-09	50.1
M03520:605:000000000-LVNKY:1:1101:19134:3069;size=11	RH.1CC74B91718A42FZ0Z_F	100.000	24	0	4.65e-09	48.1
M03520:605:000000000-LVNKY:1:1101:19504:4206;size=11	RH.2A8AD21024974C0Z0Z_F	100.000	26	0	2.98e-10	52.0
M03520:605:000000000-LVNKY:1:1101:19504:4206;size=11	RH.2A8AD21024974C0Z0Z_R	100.000	25	0	1.18e-09	50.1
M03520:605:000000000-LVNKY:1:1101:20247:3998;size=11	RH.7CE39E25906745AZ0Z_R	100.000	26	0	2.98e-10	52.0
M03520:605:000000000-LVNKY:1:1101:20247:3998;size=11	RH.7CE39E25906745AZ0Z_F	100.000	25	0	1.18e-09	50.1
M03520:605:000000000-LVNKY:1:1101:20652:6184;size=11	RH.DE543226C201437Z0Z_R	100.000	20	0	1.13e-06	40.1
M03520:605:000000000-LVNKY:1:1101:20652:6184;size=11	RH.51338FA06EDB4F0Z0Z_R	95.652	23	1	4.48e-06	38.2
M03520:605:000000000-LVNKY:1:1101:20950:13016;size=11	RH.0550AF0F57084ADZ0Z_F	100.000	24	0	4.65e-09	48.1
M03520:605:000000000-LVNKY:1:1101:20950:13016;size=11	RH.0550AF0F57084ADZ0Z_R	100.000	22	0	7.27e-08	44.1
M03520:605:000000000-LVNKY:1:1101:21090:7033;size=11	RH.B9EF730EBE6C436Z0Z_F	100.000	25	0	1.18e-09	50.1
M03520:605:000000000-LVNKY:1:1101:22039:19174;size=11	RH.DDB83AFF97C94C6Z0Z_R	100.000	25	0	1.18e-09	50.1
M03520:605:000000000-LVNKY:1:1101:22039:19174;size=11	RH.8B25A056ABC1444Z0Z_F	100.000	22	0	7.27e-08	44.1
M03520:605:000000000-LVNKY:1:1101:22114:17371;size=11	RH.B9EF730EBE6C436Z0Z_R	100.000	25	0	1.18e-09	50.1
M03520:605:000000000-LVNKY:1:1101:22114:17371;size=11	RH.B9EF730EBE6C436Z0Z_F	96.000	25	1	2.87e-07	42.1
M03520:605:000000000-LVNKY:1:1101:22406:17192;size=11	RH.0550AF0F57084ADZ0Z_F	100.000	24	0	4.65e-09	48.1
M03520:605:000000000-LVNKY:1:1101:22406:17192;size=11	RH.0550AF0F57084ADZ0Z_R	100.000	22	0	7.27e-08	44.1
M03520:605:000000000-LVNKY:1:1101:2263:14934;size=11	RH.7CE39E25906745AZ0Z_R	100.000	26	0	2.98e-10	52.0
M03520:605:000000000-LVNKY:1:1101:2263:14934;size=11	RH.7CE39E25906745AZ0Z_F	96.000	25	1	2.87e-07	42.1
M03520:605:000000000-LVNKY:1:1101:23916:24493;size=11	RH.51338FA06EDB4F0Z0Z_R	100.000	25	0	1.18e-09	50.1
M03520:605:000000000-LVNKY:1:1101:23916:24493;size=11	RH.51338FA06EDB4F0Z0Z_F	100.000	25	0	1.18e-09	50.1
M03520:605:000000000-LVNKY:1:1101:24228:9187;size=11	RH.0096A141894D447Z0Z_F	100.000	24	0	4.65e-09	48.1
M03520:605:000000000-LVNKY:1:1101:24228:9187;size=11	RH.0096A141894D447Z0Z_R	100.000	21	0	2.87e-07	42.1
M03520:605:000000000-LVNKY:1:1101:24310:7925;size=11	RH.69CEA0AC39F4445Z0Z_F	100.000	24	0	4.65e-09	48.1
M03520:605:000000000-LVNKY:1:1101:24310:7925;size=11	RH.69CEA0AC39F4445Z0Z_R	100.000	19	0	4.48e-06	38.2
M03520:605:000000000-LVNKY:1:1101:24410:22391;size=11	RH.27578A9A85FA4A3Z0Z_F	100.000	24	0	4.65e-09	48.1
M03520:605:000000000-LVNKY:1:1101:24410:22391;size=11	RH.27578A9A85FA4A3Z0Z_R	100.000	22	0	7.27e-08	44.1
M03520:605:000000000-LVNKY:1:1101:25261:6886;size=11	RH.85A5303CAAF54ADZ0Z_R	100.000	22	0	7.27e-08	44.1
M03520:605:000000000-LVNKY:1:1101:25261:6886;size=11	RH.85A5303CAAF54ADZ0Z_F	100.000	21	0	2.87e-07	42.1
M03520:605:000000000-LVNKY:1:1101:25691:20501;size=11	RH.0550AF0F57084ADZ0Z_R	100.000	22	0	7.27e-08	44.1
M03520:605:000000000-LVNKY:1:1101:25691:20501;size=11	RH.0550AF0F57084ADZ0Z_F	100.000	20	0	1.13e-06	40.1
M03520:605:000000000-LVNKY:1:1101:25734:10464;size=11	RH.0096A141894D447Z0Z_F	100.000	24	0	4.65e-09	48.1
M03520:605:000000000-LVNKY:1:1101:25734:10464;size=11	RH.0096A141894D447Z0Z_R	100.000	21	0	2.87e-07	42.1
M03520:605:000000000-LVNKY:1:1101:25893:10648;size=11	RH.2AFFFBA0E81C482Z0Z_R	100.000	23	0	1.84e-08	46.1
M03520:605:000000000-LVNKY:1:1101:25893:10648;size=11	RH.2AFFFBA0E81C482Z0Z_F	95.652	23	1	4.48e-06	38.2
M03520:605:000000000-LVNKY:1:1101:26029:18343;size=11	RH.7E59D32B4EDB4C3Z0Z_F	100.000	23	0	1.84e-08	46.1
M03520:605:000000000-LVNKY:1:1101:26029:18343;size=11	RH.7E59D32B4EDB4C3Z0Z_R	100.000	19	0	4.48e-06	38.2
M03520:605:000000000-LVNKY:1:1101:26996:17131;size=11	RH.51338FA06EDB4F0Z0Z_R	100.000	25	0	1.18e-09	50.1
M03520:605:000000000-LVNKY:1:1101:26996:17131;size=11	RH.51338FA06EDB4F0Z0Z_F	96.000	25	1	2.87e-07	42.1
M03520:605:000000000-LVNKY:1:1101:27240:12156;size=11	RH.0BD19D1A26A74EBZ0Z_F	100.000	25	0	1.18e-09	50.1
M03520:605:000000000-LVNKY:1:1101:27240:12156;size=11	RH.0BD19D1A26A74EBZ0Z_R	95.833	24	1	1.13e-06	40.1
M03520:605:000000000-LVNKY:1:1101:2917:13565;size=11	RH.DDB83AFF97C94C6Z0Z_R	100.000	25	0	1.18e-09	50.1
M03520:605:000000000-LVNKY:1:1101:2917:13565;size=11	RH.DDB83AFF97C94C6Z0Z_F	100.000	24	0	4.65e-09	48.1
M03520:605:000000000-LVNKY:1:1101:3939:18420;size=11	RH.1CC74B91718A42FZ0Z_R	100.000	25	0	1.18e-09	50.1
M03520:605:000000000-LVNKY:1:1101:3939:18420;size=11	RH.1CC74B91718A42FZ0Z_F	100.000	24	0	4.65e-09	48.1
M03520:605:000000000-LVNKY:1:1101:4358:18223;size=11	RH.7CE39E25906745AZ0Z_R	100.000	26	0	2.98e-10	52.0
M03520:605:000000000-LVNKY:1:1101:4358:18223;size=11	RH.7CE39E25906745AZ0Z_F	100.000	25	0	1.18e-09	50.1
M03520:605:000000000-LVNKY:1:1101:4506:8354;size=11	RH.DDB83AFF97C94C6Z0Z_R	100.000	25	0	1.18e-09	50.1
M03520:605:000000000-LVNKY:1:1101:4506:8354;size=11	RH.DDB83AFF97C94C6Z0Z_F	100.000	24	0	4.65e-09	48.1
M03520:605:000000000-LVNKY:1:1101:5048:18001;size=11	RH.2AFFFBA0E81C482Z0Z_R	100.000	23	0	1.84e-08	46.1
M03520:605:000000000-LVNKY:1:1101:5048:18001;size=11	RH.2AFFFBA0E81C482Z0Z_F	100.000	23	0	1.84e-08	46.1
M03520:605:000000000-LVNKY:1:1101:5255:24222;size=11	RH.0096A141894D447Z0Z_F	100.000	24	0	4.65e-09	48.1
M03520:605:000000000-LVNKY:1:1101:5255:24222;size=11	RH.0096A141894D447Z0Z_R	100.000	20	0	1.13e-06	40.1
M03520:605:000000000-LVNKY:1:1101:5378:20063;size=11	RH.0550AF0F57084ADZ0Z_F	100.000	24	0	4.65e-09	48.1
M03520:605:000000000-LVNKY:1:1101:5378:20063;size=11	RH.0550AF0F57084ADZ0Z_R	100.000	22	0	7.27e-08	44.1
M03520:605:000000000-LVNKY:1:1101:7895:12961;size=11	RH.DDB83AFF97C94C6Z0Z_R	100.000	25	0	1.18e-09	50.1
M03520:605:000000000-LVNKY:1:1101:7895:12961;size=11	RH.DDB83AFF97C94C6Z0Z_F	100.000	24	0	4.65e-09	48.1
M03520:605:000000000-LVNKY:1:1101:8277:4262;size=11	RH.2A8AD21024974C0Z0Z_F	100.000	26	0	2.98e-10	52.0
M03520:605:000000000-LVNKY:1:1101:8277:4262;size=11	RH.2A8AD21024974C0Z0Z_R	100.000	25	0	1.18e-09	50.1
M03520:605:000000000-LVNKY:1:1101:8711:10682;size=11	RH.0BD19D1A26A74EBZ0Z_F	100.000	25	0	1.18e-09	50.1
M03520:605:000000000-LVNKY:1:1101:8711:10682;size=11	RH.0BD19D1A26A74EBZ0Z_R	100.000	24	0	4.65e-09	48.1
M03520:605:000000000-LVNKY:1:1101:9053:11005;size=11	RH.E4A8B94D0D174D9Z0Z_F	100.000	24	0	4.65e-09	48.1
M03520:605:000000000-LVNKY:1:1101:9326:7398;size=11	RH.1CC74B91718A42FZ0Z_R	100.000	25	0	1.18e-09	50.1
M03520:605:000000000-LVNKY:1:1101:9326:7398;size=11	RH.1CC74B91718A42FZ0Z_F	100.000	24	0	4.65e-09	48.1
M03520:605:000000000-LVNKY:1:1102:10059:4483;size=11	RH.2091F326F74640CZ0Z_F	100.000	24	0	4.65e-09	48.1
M03520:605:000000000-LVNKY:1:1102:10059:4483;size=11	RH.2091F326F74640CZ0Z_R	100.000	22	0	7.27e-08	44.1
M03520:605:000000000-LVNKY:1:1102:10634:13523;size=11	RH.DDB83AFF97C94C6Z0Z_R	100.000	25	0	1.18e-09	50.1
M03520:605:000000000-LVNKY:1:1102:10634:13523;size=11	RH.DDB83AFF97C94C6Z0Z_F	100.000	24	0	4.65e-09	48.1
M03520:605:000000000-LVNKY:1:1102:10939:12316;size=11	RH.B9EF730EBE6C436Z0Z_F	100.000	25	0	1.18e-09	50.1
M03520:605:000000000-LVNKY:1:1102:10939:12316;size=11	RH.B9EF730EBE6C436Z0Z_R	100.000	20	0	1.13e-06	40.1
M03520:605:000000000-LVNKY:1:1102:12159:27320;size=11	RH.0550AF0F57084ADZ0Z_R	100.000	22	0	7.27e-08	44.1
M03520:605:000000000-LVNKY:1:1102:12159:27320;size=11	RH.0550AF0F57084ADZ0Z_F	95.833	24	1	1.13e-06	40.1
M03520:605:000000000-LVNKY:1:1102:12313:21024;size=11	RH.0C6EF86AB29A422Z0Z_R	100.000	23	0	1.84e-08	46.1
M03520:605:000000000-LVNKY:1:1102:12313:21024;size=11	RH.0C6EF86AB29A422Z0Z_F	100.000	23	0	1.84e-08	46.1
M03520:605:000000000-LVNKY:1:1102:13572:27494;size=11	RH.2A8AD21024974C0Z0Z_F	100.000	26	0	2.98e-10	52.0
M03520:605:000000000-LVNKY:1:1102:13572:27494;size=11	RH.2A8AD21024974C0Z0Z_R	96.000	25	1	2.87e-07	42.1
M03520:605:000000000-LVNKY:1:1102:13621:4025;size=11	RH.51338FA06EDB4F0Z0Z_F	100.000	25	0	1.18e-09	50.1
M03520:605:000000000-LVNKY:1:1102:13621:4025;size=11	RH.51338FA06EDB4F0Z0Z_R	96.000	25	1	2.87e-07	42.1
M03520:605:000000000-LVNKY:1:1102:13871:17922;size=11	RH.8B25A056ABC1444Z0Z_R	100.000	24	0	4.65e-09	48.1
M03520:605:000000000-LVNKY:1:1102:13871:17922;size=11	RH.8B25A056ABC1444Z0Z_F	100.000	22	0	7.27e-08	44.1
M03520:605:000000000-LVNKY:1:1102:14390:3945;size=11	RH.E04EE94198274F7Z0Z_F	100.000	25	0	1.18e-09	50.1
M03520:605:000000000-LVNKY:1:1102:14390:3945;size=11	RH.E04EE94198274F7Z0Z_R	95.833	24	1	1.13e-06	40.1
M03520:605:000000000-LVNKY:1:1102:15426:4116;size=11	RH.69CEA0AC39F4445Z0Z_F	100.000	24	0	4.65e-09	48.1
M03520:605:000000000-LVNKY:1:1102:15426:4116;size=11	RH.69CEA0AC39F4445Z0Z_R	100.000	23	0	1.84e-08	46.1
M03520:605:000000000-LVNKY:1:1102:15495:10456;size=11	RH.DDB83AFF97C94C6Z0Z_F	100.000	24	0	4.65e-09	48.1
M03520:605:000000000-LVNKY:1:1102:15495:10456;size=11	RH.CD599890796C4EFZ0Z_R	100.000	20	0	1.13e-06	40.1
M03520:605:000000000-LVNKY:1:1102:16803:21153;size=11	RH.2AFFFBA0E81C482Z0Z_R	100.000	23	0	1.84e-08	46.1
M03520:605:000000000-LVNKY:1:1102:16803:21153;size=11	RH.2AFFFBA0E81C482Z0Z_F	100.000	23	0	1.84e-08	46.1
M03520:605:000000000-LVNKY:1:1102:17904:3726;size=11	RH.0550AF0F57084ADZ0Z_F	100.000	24	0	4.65e-09	48.1
M03520:605:000000000-LVNKY:1:1102:17904:3726;size=11	RH.0550AF0F57084ADZ0Z_R	100.000	22	0	7.27e-08	44.1
M03520:605:000000000-LVNKY:1:1102:2093:12993;size=11	RH.69CEA0AC39F4445Z0Z_F	100.000	24	0	4.65e-09	48.1
M03520:605:000000000-LVNKY:1:1102:2093:12993;size=11	RH.69CEA0AC39F4445Z0Z_R	100.000	23	0	1.84e-08	46.1
M03520:605:000000000-LVNKY:1:1102:25565:24222;size=11	RH.7CE39E25906745AZ0Z_F	100.000	25	0	1.18e-09	50.1
M03520:605:000000000-LVNKY:1:1102:25565:24222;size=11	RH.7CE39E25906745AZ0Z_R	96.154	26	1	7.27e-08	44.1
M03520:605:000000000-LVNKY:1:1102:26809:15281;size=11	RH.2A8AD21024974C0Z0Z_F	100.000	26	0	2.98e-10	52.0
M03520:605:000000000-LVNKY:1:1102:26809:15281;size=11	RH.2A8AD21024974C0Z0Z_R	100.000	25	0	1.18e-09	50.1
M03520:605:000000000-LVNKY:1:1102:27305:9422;size=11	RH.DDB83AFF97C94C6Z0Z_R	100.000	25	0	1.18e-09	50.1
M03520:605:000000000-LVNKY:1:1102:27305:9422;size=11	RH.DDB83AFF97C94C6Z0Z_F	100.000	24	0	4.65e-09	48.1
M03520:605:000000000-LVNKY:1:1102:4031:18116;size=11	RH.2091F326F74640CZ0Z_R	100.000	23	0	1.84e-08	46.1
M03520:605:000000000-LVNKY:1:1102:4114:18251;size=11	RH.85A5303CAAF54ADZ0Z_R	100.000	22	0	7.27e-08	44.1
M03520:605:000000000-LVNKY:1:1102:4114:18251;size=11	RH.85A5303CAAF54ADZ0Z_F	100.000	21	0	2.87e-07	42.1
M03520:605:000000000-LVNKY:1:1102:4471:10750;size=11	RH.8B25A056ABC1444Z0Z_R	100.000	24	0	4.65e-09	48.1
M03520:605:000000000-LVNKY:1:1102:4471:10750;size=11	RH.8B25A056ABC1444Z0Z_F	100.000	22	0	7.27e-08	44.1
M03520:605:000000000-LVNKY:1:1102:5013:17401;size=11	RH.B9EF730EBE6C436Z0Z_R	100.000	25	0	1.18e-09	50.1
M03520:605:000000000-LVNKY:1:1102:5115:7374;size=11	RH.7CE39E25906745AZ0Z_R	100.000	26	0	2.98e-10	52.0
M03520:605:000000000-LVNKY:1:1102:5115:7374;size=11	RH.7CE39E25906745AZ0Z_F	100.000	25	0	1.18e-09	50.1
M03520:605:000000000-LVNKY:1:1102:5620:16972;size=11	RH.2AFFFBA0E81C482Z0Z_F	100.000	23	0	1.84e-08	46.1
M03520:605:000000000-LVNKY:1:1102:5620:16972;size=11	RH.2AFFFBA0E81C482Z0Z_R	95.652	23	1	4.48e-06	38.2
M03520:605:000000000-LVNKY:1:1102:6512:19118;size=11	RH.7CE39E25906745AZ0Z_R	100.000	26	0	2.98e-10	52.0
M03520:605:000000000-LVNKY:1:1102:6512:19118;size=11	RH.7CE39E25906745AZ0Z_F	100.000	21	0	2.87e-07	42.1
M03520:605:000000000-LVNKY:1:1102:6926:7423;size=11	RH.8B25A056ABC1444Z0Z_R	100.000	24	0	4.65e-09	48.1
M03520:605:000000000-LVNKY:1:1102:6926:7423;size=11	RH.8B25A056ABC1444Z0Z_F	100.000	22	0	7.27e-08	44.1
M03520:605:000000000-LVNKY:1:1102:7402:20619;size=11	RH.0550AF0F57084ADZ0Z_F	100.000	24	0	4.65e-09	48.1
M03520:605:000000000-LVNKY:1:1102:7402:20619;size=11	RH.0550AF0F57084ADZ0Z_R	100.000	22	0	7.27e-08	44.1
M03520:605:000000000-LVNKY:1:1102:7899:23196;size=11	RH.DDB83AFF97C94C6Z0Z_R	100.000	25	0	1.18e-09	50.1
M03520:605:000000000-LVNKY:1:1102:7899:23196;size=11	RH.DDB83AFF97C94C6Z0Z_F	95.833	24	1	1.13e-06	40.1
M03520:605:000000000-LVNKY:1:1102:7971:13740;size=11	RH.B9EF730EBE6C436Z0Z_F	100.000	25	0	1.18e-09	50.1
M03520:605:000000000-LVNKY:1:1102:7971:13740;size=11	RH.B9EF730EBE6C436Z0Z_R	100.000	24	0	4.65e-09	48.1
M03520:605:000000000-LVNKY:1:1102:8338:8489;size=11	RH.85A5303CAAF54ADZ0Z_R	100.000	22	0	7.27e-08	44.1
M03520:605:000000000-LVNKY:1:1102:8338:8489;size=11	RH.85A5303CAAF54ADZ0Z_F	100.000	21	0	2.87e-07	42.1
M03520:605:000000000-LVNKY:1:1103:10026:18075;size=11	RH.DDB83AFF97C94C6Z0Z_R	100.000	25	0	1.18e-09	50.1
M03520:605:000000000-LVNKY:1:1103:10026:18075;size=11	RH.DDB83AFF97C94C6Z0Z_F	100.000	24	0	4.65e-09	48.1
M03520:605:000000000-LVNKY:1:1103:11739:24604;size=11	RH.6572108A164E48EZ0Z_R	100.000	25	0	1.18e-09	50.1
M03520:605:000000000-LVNKY:1:1103:11739:24604;size=11	RH.6572108A164E48EZ0Z_F	100.000	24	0	4.65e-09	48.1
M03520:605:000000000-LVNKY:1:1103:13971:7385;size=11	RH.0550AF0F57084ADZ0Z_R	100.000	22	0	7.27e-08	44.1
M03520:605:000000000-LVNKY:1:1103:13971:7385;size=11	RH.0550AF0F57084ADZ0Z_F	95.833	24	1	1.13e-06	40.1
M03520:605:000000000-LVNKY:1:1103:16614:17396;size=11	RH.0BD19D1A26A74EBZ0Z_R	100.000	24	0	4.65e-09	48.1
M03520:605:000000000-LVNKY:1:1103:16614:17396;size=11	RH.0BD19D1A26A74EBZ0Z_F	100.000	24	0	4.65e-09	48.1
M03520:605:000000000-LVNKY:1:1103:17598:26746;size=11	RH.0BD19D1A26A74EBZ0Z_F	100.000	25	0	1.18e-09	50.1
M03520:605:000000000-LVNKY:1:1103:17598:26746;size=11	RH.0BD19D1A26A74EBZ0Z_R	100.000	24	0	4.65e-09	48.1
M03520:605:000000000-LVNKY:1:1103:18032:7235;size=11	RH.0BD19D1A26A74EBZ0Z_F	100.000	25	0	1.18e-09	50.1
M03520:605:000000000-LVNKY:1:1103:18032:7235;size=11	RH.0BD19D1A26A74EBZ0Z_R	100.000	24	0	4.65e-09	48.1
M03520:605:000000000-LVNKY:1:1103:19035:10635;size=11	RH.2AFFFBA0E81C482Z0Z_R	100.000	23	0	1.84e-08	46.1
M03520:605:000000000-LVNKY:1:1103:19035:10635;size=11	RH.2AFFFBA0E81C482Z0Z_F	100.000	23	0	1.84e-08	46.1
M03520:605:000000000-LVNKY:1:1103:19056:8052;size=11	RH.6572108A164E48EZ0Z_R	100.000	25	0	1.18e-09	50.1
M03520:605:000000000-LVNKY:1:1103:19056:8052;size=11	RH.6572108A164E48EZ0Z_F	100.000	24	0	4.65e-09	48.1
M03520:605:000000000-LVNKY:1:1103:19669:15559;size=11	RH.2AFFFBA0E81C482Z0Z_R	100.000	23	0	1.84e-08	46.1
M03520:605:000000000-LVNKY:1:1103:19669:15559;size=11	RH.2AFFFBA0E81C482Z0Z_F	100.000	23	0	1.84e-08	46.1
M03520:605:000000000-LVNKY:1:1103:21164:11169;size=11	RH.2A8AD21024974C0Z0Z_F	100.000	26	0	2.98e-10	52.0
M03520:605:000000000-LVNKY:1:1103:21164:11169;size=11	RH.2A8AD21024974C0Z0Z_R	96.000	25	1	2.87e-07	42.1
M03520:605:000000000-LVNKY:1:1103:22079:18997;size=11	RH.2AFFFBA0E81C482Z0Z_R	100.000	23	0	1.84e-08	46.1
M03520:605:000000000-LVNKY:1:1103:22079:18997;size=11	RH.2AFFFBA0E81C482Z0Z_F	95.652	23	1	4.48e-06	38.2
M03520:605:000000000-LVNKY:1:1103:2270:14491;size=11	RH.69CEA0AC39F4445Z0Z_F	100.000	24	0	4.65e-09	48.1
M03520:605:000000000-LVNKY:1:1103:2270:14491;size=11	RH.69CEA0AC39F4445Z0Z_R	100.000	23	0	1.84e-08	46.1
M03520:605:000000000-LVNKY:1:1103:22762:18524;size=11	RH.B9EF730EBE6C436Z0Z_R	100.000	25	0	1.18e-09	50.1
M03520:605:000000000-LVNKY:1:1103:22762:18524;size=11	RH.B9EF730EBE6C436Z0Z_F	100.000	25	0	1.18e-09	50.1
M03520:605:000000000-LVNKY:1:1103:23709:5995;size=11	RH.27578A9A85FA4A3Z0Z_R	100.000	22	0	7.27e-08	44.1
M03520:605:000000000-LVNKY:1:1103:23709:5995;size=11	RH.27578A9A85FA4A3Z0Z_F	95.833	24	1	1.13e-06	40.1
M03520:605:000000000-LVNKY:1:1103:2508:14979;size=11	RH.CA1E204B0C0842DZ0Z_F	100.000	26	0	2.98e-10	52.0
M03520:605:000000000-LVNKY:1:1103:2508:14979;size=11	RH.CA1E204B0C0842DZ0Z_R	100.000	24	0	4.65e-09	48.1
M03520:605:000000000-LVNKY:1:1103:25398:21710;size=11	RH.0096A141894D447Z0Z_F	100.000	24	0	4.65e-09	48.1
M03520:605:000000000-LVNKY:1:1103:25398:21710;size=11	RH.0096A141894D447Z0Z_R	100.000	21	0	2.87e-07	42.1
M03520:605:000000000-LVNKY:1:1103:25509:19673;size=11	RH.0096A141894D447Z0Z_F	100.000	24	0	4.65e-09	48.1
M03520:605:000000000-LVNKY:1:1103:26362:14323;size=11	RH.DDB83AFF97C94C6Z0Z_R	100.000	25	0	1.18e-09	50.1
M03520:605:000000000-LVNKY:1:1103:26362:14323;size=11	RH.DDB83AFF97C94C6Z0Z_F	95.833	24	1	1.13e-06	40.1
M03520:605:000000000-LVNKY:1:1103:5835:16900;size=11	RH.8B25A056ABC1444Z0Z_F	100.000	25	0	1.18e-09	50.1
M03520:605:000000000-LVNKY:1:1103:5835:16900;size=11	RH.8B25A056ABC1444Z0Z_R	100.000	20	0	1.13e-06	40.1
M03520:605:000000000-LVNKY:1:1103:5966:8437;size=11	RH.27578A9A85FA4A3Z0Z_F	100.000	24	0	4.65e-09	48.1
M03520:605:000000000-LVNKY:1:1103:5966:8437;size=11	RH.27578A9A85FA4A3Z0Z_R	100.000	22	0	7.27e-08	44.1
M03520:605:000000000-LVNKY:1:1103:6545:21405;size=11	RH.CF953F27F5674E1Z0Z_F	100.000	26	0	2.98e-10	52.0
M03520:605:000000000-LVNKY:1:1103:6545:21405;size=11	RH.CF953F27F5674E1Z0Z_R	100.000	25	0	1.18e-09	50.1
M03520:605:000000000-LVNKY:1:1103:7494:8893;size=11	RH.7CE39E25906745AZ0Z_R	100.000	26	0	2.98e-10	52.0
M03520:605:000000000-LVNKY:1:1103:7494:8893;size=11	RH.7CE39E25906745AZ0Z_F	100.000	25	0	1.18e-09	50.1
M03520:605:000000000-LVNKY:1:1103:9495:6991;size=11	RH.8B25A056ABC1444Z0Z_R	100.000	24	0	4.65e-09	48.1
M03520:605:000000000-LVNKY:1:1103:9495:6991;size=11	RH.8B25A056ABC1444Z0Z_F	100.000	22	0	7.27e-08	44.1
M03520:605:000000000-LVNKY:1:1104:11108:8074;size=11	RH.2A8AD21024974C0Z0Z_F	100.000	26	0	2.98e-10	52.0
M03520:605:000000000-LVNKY:1:1104:11108:8074;size=11	RH.2A8AD21024974C0Z0Z_R	100.000	25	0	1.18e-09	50.1
M03520:605:000000000-LVNKY:1:1104:11392:15868;size=11	RH.1CC74B91718A42FZ0Z_R	100.000	24	0	4.65e-09	48.1
M03520:605:000000000-LVNKY:1:1104:11392:15868;size=11	RH.1CC74B91718A42FZ0Z_F	100.000	24	0	4.65e-09	48.1
M03520:605:000000000-LVNKY:1:1104:16052:9809;size=11	RH.2AFFFBA0E81C482Z0Z_F	100.000	23	0	1.84e-08	46.1
M03520:605:000000000-LVNKY:1:1104:16052:9809;size=11	RH.2AFFFBA0E81C482Z0Z_R	95.652	23	1	4.48e-06	38.2
M03520:605:000000000-LVNKY:1:1104:20480:27131;size=11	RH.7CE39E25906745AZ0Z_R	100.000	26	0	2.98e-10	52.0
M03520:605:000000000-LVNKY:1:1104:20480:27131;size=11	RH.7CE39E25906745AZ0Z_F	96.000	25	1	2.87e-07	42.1
M03520:605:000000000-LVNKY:1:1104:24631:12136;size=11	RH.27578A9A85FA4A3Z0Z_F	100.000	24	0	4.65e-09	48.1
M03520:605:000000000-LVNKY:1:1104:24631:12136;size=11	RH.27578A9A85FA4A3Z0Z_R	100.000	22	0	7.27e-08	44.1
M03520:605:000000000-LVNKY:1:1104:29593:16620;size=11	RH.8B25A056ABC1444Z0Z_R	100.000	24	0	4.65e-09	48.1
M03520:605:000000000-LVNKY:1:1104:29593:16620;size=11	RH.8B25A056ABC1444Z0Z_F	100.000	22	0	7.27e-08	44.1
M03520:605:000000000-LVNKY:1:1104:9170:20393;size=11	RH.6572108A164E48EZ0Z_R	100.000	25	0	1.18e-09	50.1
M03520:605:000000000-LVNKY:1:1104:9170:20393;size=11	RH.6572108A164E48EZ0Z_F	100.000	24	0	4.65e-09	48.1
M03520:605:000000000-LVNKY:1:1104:9771:6626;size=11	RH.1CC74B91718A42FZ0Z_R	100.000	25	0	1.18e-09	50.1
M03520:605:000000000-LVNKY:1:1104:9771:6626;size=11	RH.1CC74B91718A42FZ0Z_F	100.000	23	0	1.84e-08	46.1
M03520:605:000000000-LVNKY:1:1105:10464:6498;size=11	RH.7CE39E25906745AZ0Z_F	100.000	25	0	1.18e-09	50.1
M03520:605:000000000-LVNKY:1:1105:10464:6498;size=11	RH.7CE39E25906745AZ0Z_R	96.154	26	1	7.27e-08	44.1
M03520:605:000000000-LVNKY:1:1105:14202:1728;size=11	RH.DDB83AFF97C94C6Z0Z_R	100.000	25	0	1.18e-09	50.1
M03520:605:000000000-LVNKY:1:1105:14202:1728;size=11	RH.8B25A056ABC1444Z0Z_F	100.000	22	0	7.27e-08	44.1
M03520:605:000000000-LVNKY:1:1105:14573:22132;size=11	RH.7CE39E25906745AZ0Z_F	100.000	25	0	1.18e-09	50.1
M03520:605:000000000-LVNKY:1:1105:14573:22132;size=11	RH.7CE39E25906745AZ0Z_R	96.154	26	1	7.27e-08	44.1
M03520:605:000000000-LVNKY:1:1105:15230:18145;size=11	RH.51338FA06EDB4F0Z0Z_R	100.000	25	0	1.18e-09	50.1
M03520:605:000000000-LVNKY:1:1105:15230:18145;size=11	RH.51338FA06EDB4F0Z0Z_F	96.000	25	1	2.87e-07	42.1
M03520:605:000000000-LVNKY:1:1105:23875:17707;size=11	RH.7CE39E25906745AZ0Z_R	100.000	26	0	2.98e-10	52.0
M03520:605:000000000-LVNKY:1:1105:23875:17707;size=11	RH.7CE39E25906745AZ0Z_F	100.000	25	0	1.18e-09	50.1
M03520:605:000000000-LVNKY:1:1105:6835:23208;size=11	RH.DDB83AFF97C94C6Z0Z_R	100.000	25	0	1.18e-09	50.1
M03520:605:000000000-LVNKY:1:1105:6835:23208;size=11	RH.DDB83AFF97C94C6Z0Z_F	100.000	24	0	4.65e-09	48.1
M03520:605:000000000-LVNKY:1:1106:10446:17382;size=11	RH.DDB83AFF97C94C6Z0Z_R	100.000	25	0	1.18e-09	50.1
M03520:605:000000000-LVNKY:1:1106:10446:17382;size=11	RH.DDB83AFF97C94C6Z0Z_F	100.000	24	0	4.65e-09	48.1
M03520:605:000000000-LVNKY:1:1106:12611:16223;size=11	RH.27578A9A85FA4A3Z0Z_F	100.000	24	0	4.65e-09	48.1
M03520:605:000000000-LVNKY:1:1106:15264:15134;size=11	RH.7CE39E25906745AZ0Z_F	100.000	25	0	1.18e-09	50.1
M03520:605:000000000-LVNKY:1:1106:15264:15134;size=11	RH.7CE39E25906745AZ0Z_R	96.154	26	1	7.27e-08	44.1
M03520:605:000000000-LVNKY:1:1106:19319:13207;size=11	RH.09D312EAE0BE4BAZ0Z_R	100.000	23	0	1.84e-08	46.1
M03520:605:000000000-LVNKY:1:1106:19319:13207;size=11	RH.09D312EAE0BE4BAZ0Z_F	100.000	22	0	7.27e-08	44.1
M03520:605:000000000-LVNKY:1:1106:19510:20829;size=11	RH.B653F449126B4A1Z0Z_F	100.000	23	0	1.84e-08	46.1
M03520:605:000000000-LVNKY:1:1106:19510:20829;size=11	RH.B653F449126B4A1Z0Z_R	100.000	21	0	2.87e-07	42.1
M03520:605:000000000-LVNKY:1:1106:21543:13530;size=11	RH.0096A141894D447Z0Z_F	100.000	24	0	4.65e-09	48.1
M03520:605:000000000-LVNKY:1:1106:22331:12232;size=11	RH.0550AF0F57084ADZ0Z_R	100.000	22	0	7.27e-08	44.1
M03520:605:000000000-LVNKY:1:1106:22331:12232;size=11	RH.0550AF0F57084ADZ0Z_F	95.833	24	1	1.13e-06	40.1
M03520:605:000000000-LVNKY:1:1106:25262:7068;size=11	RH.B9EF730EBE6C436Z0Z_R	100.000	25	0	1.18e-09	50.1
M03520:605:000000000-LVNKY:1:1106:25262:7068;size=11	RH.B9EF730EBE6C436Z0Z_F	100.000	25	0	1.18e-09	50.1
M03520:605:000000000-LVNKY:1:1106:2750:16026;size=11	RH.27578A9A85FA4A3Z0Z_F	100.000	24	0	4.65e-09	48.1
M03520:605:000000000-LVNKY:1:1106:2750:16026;size=11	RH.27578A9A85FA4A3Z0Z_R	100.000	22	0	7.27e-08	44.1
M03520:605:000000000-LVNKY:1:1106:6682:10354;size=11	RH.0BA5504E4959438Z0Z_R	100.000	23	0	1.84e-08	46.1
M03520:605:000000000-LVNKY:1:1106:6682:10354;size=11	RH.0BA5504E4959438Z0Z_F	100.000	22	0	7.27e-08	44.1
M03520:605:000000000-LVNKY:1:1107:18996:1881;size=11	RH.72B9E3F522264B3Z0Z_F	100.000	22	0	7.27e-08	44.1
M03520:605:000000000-LVNKY:1:1107:22067:9680;size=11	RH.2091F326F74640CZ0Z_F	100.000	24	0	4.65e-09	48.1
M03520:605:000000000-LVNKY:1:1107:8879:3896;size=11	RH.CD599890796C4EFZ0Z_F	100.000	23	0	1.84e-08	46.1
M03520:605:000000000-LVNKY:1:1107:8879:3896;size=11	RH.CD599890796C4EFZ0Z_R	100.000	21	0	2.87e-07	42.1
M03520:605:000000000-LVNKY:1:1108:10719:12967;size=11	RH.7CE39E25906745AZ0Z_R	100.000	26	0	2.98e-10	52.0
M03520:605:000000000-LVNKY:1:1108:10719:12967;size=11	RH.7CE39E25906745AZ0Z_F	100.000	22	0	7.27e-08	44.1
M03520:605:000000000-LVNKY:1:1108:11715:2227;size=11	RH.27578A9A85FA4A3Z0Z_F	100.000	24	0	4.65e-09	48.1
M03520:605:000000000-LVNKY:1:1108:11715:2227;size=11	RH.27578A9A85FA4A3Z0Z_R	100.000	22	0	7.27e-08	44.1
M03520:605:000000000-LVNKY:1:1108:14074:26470;size=11	RH.6572108A164E48EZ0Z_R	100.000	25	0	1.18e-09	50.1
M03520:605:000000000-LVNKY:1:1108:14074:26470;size=11	RH.6572108A164E48EZ0Z_F	100.000	24	0	4.65e-09	48.1
M03520:605:000000000-LVNKY:1:1108:15423:12308;size=11	RH.69CEA0AC39F4445Z0Z_R	100.000	23	0	1.84e-08	46.1
M03520:605:000000000-LVNKY:1:1108:15423:12308;size=11	RH.69CEA0AC39F4445Z0Z_F	100.000	20	0	1.13e-06	40.1
M03520:605:000000000-LVNKY:1:1108:22306:11859;size=11	RH.2AFFFBA0E81C482Z0Z_R	100.000	23	0	1.84e-08	46.1
M03520:605:000000000-LVNKY:1:1108:22306:11859;size=11	RH.2AFFFBA0E81C482Z0Z_F	100.000	23	0	1.84e-08	46.1
M03520:605:000000000-LVNKY:1:1108:24098:16305;size=11	RH.0096A141894D447Z0Z_F	100.000	24	0	4.65e-09	48.1
M03520:605:000000000-LVNKY:1:1108:24098:16305;size=11	RH.0096A141894D447Z0Z_R	100.000	21	0	2.87e-07	42.1
M03520:605:000000000-LVNKY:1:1109:13551:13880;size=11	RH.0550AF0F57084ADZ0Z_F	100.000	24	0	4.65e-09	48.1
M03520:605:000000000-LVNKY:1:1109:13551:13880;size=11	RH.0550AF0F57084ADZ0Z_R	100.000	22	0	7.27e-08	44.1
M03520:605:000000000-LVNKY:1:1109:25344:10035;size=11	RH.7CE39E25906745AZ0Z_R	100.000	26	0	2.98e-10	52.0
M03520:605:000000000-LVNKY:1:1109:25344:10035;size=11	RH.7CE39E25906745AZ0Z_F	100.000	25	0	1.18e-09	50.1
M03520:605:000000000-LVNKY:1:1109:8930:23233;size=11	RH.DDB83AFF97C94C6Z0Z_R	100.000	25	0	1.18e-09	50.1
M03520:605:000000000-LVNKY:1:1109:8930:23233;size=11	RH.DDB83AFF97C94C6Z0Z_F	100.000	24	0	4.65e-09	48.1
M03520:605:000000000-LVNKY:1:1111:22713:8551;size=11	RH.7CE39E25906745AZ0Z_R	100.000	26	0	2.98e-10	52.0
M03520:605:000000000-LVNKY:1:1111:22713:8551;size=11	RH.7CE39E25906745AZ0Z_F	100.000	25	0	1.18e-09	50.1
M03520:605:000000000-LVNKY:1:1101:10010:16595;size=10	RH.27578A9A85FA4A3Z0Z_F	100.000	24	0	4.65e-09	48.1
M03520:605:000000000-LVNKY:1:1101:10363:15963;size=10	RH.B9EF730EBE6C436Z0Z_R	100.000	25	0	1.18e-09	50.1
M03520:605:000000000-LVNKY:1:1101:10363:15963;size=10	RH.B9EF730EBE6C436Z0Z_F	96.000	25	1	2.87e-07	42.1
M03520:605:000000000-LVNKY:1:1101:10718:15769;size=10	RH.0C6EF86AB29A422Z0Z_R	100.000	23	0	1.84e-08	46.1
M03520:605:000000000-LVNKY:1:1101:10718:15769;size=10	RH.0C6EF86AB29A422Z0Z_F	100.000	23	0	1.84e-08	46.1
M03520:605:000000000-LVNKY:1:1101:10788:11399;size=10	RH.51338FA06EDB4F0Z0Z_R	100.000	25	0	1.18e-09	50.1
M03520:605:000000000-LVNKY:1:1101:10788:11399;size=10	RH.51338FA06EDB4F0Z0Z_F	100.000	25	0	1.18e-09	50.1
M03520:605:000000000-LVNKY:1:1101:11751:13198;size=10	RH.DDB83AFF97C94C6Z0Z_R	100.000	25	0	1.18e-09	50.1
M03520:605:000000000-LVNKY:1:1101:11751:13198;size=10	RH.DDB83AFF97C94C6Z0Z_F	100.000	24	0	4.65e-09	48.1
M03520:605:000000000-LVNKY:1:1101:12698:25999;size=10	RH.7CE39E25906745AZ0Z_R	100.000	26	0	2.98e-10	52.0
M03520:605:000000000-LVNKY:1:1101:12698:25999;size=10	RH.7CE39E25906745AZ0Z_F	100.000	25	0	1.18e-09	50.1
M03520:605:000000000-LVNKY:1:1101:12863:2655;size=10	RH.0BD19D1A26A74EBZ0Z_R	100.000	24	0	4.65e-09	48.1
M03520:605:000000000-LVNKY:1:1101:12863:2655;size=10	RH.0BD19D1A26A74EBZ0Z_F	100.000	21	0	2.87e-07	42.1
M03520:605:000000000-LVNKY:1:1101:12899:20087;size=10	RH.DC4B788FBB14440Z0Z_F	100.000	24	0	4.65e-09	48.1
M03520:605:000000000-LVNKY:1:1101:12899:20087;size=10	RH.DC4B788FBB14440Z0Z_R	100.000	23	0	1.84e-08	46.1
M03520:605:000000000-LVNKY:1:1101:13958:22087;size=10	RH.0096A141894D447Z0Z_R	100.000	21	0	2.87e-07	42.1
M03520:605:000000000-LVNKY:1:1101:13958:22087;size=10	RH.0096A141894D447Z0Z_F	95.833	24	1	1.13e-06	40.1
M03520:605:000000000-LVNKY:1:1101:14435:24217;size=10	RH.DDB83AFF97C94C6Z0Z_R	100.000	25	0	1.18e-09	50.1
M03520:605:000000000-LVNKY:1:1101:14435:24217;size=10	RH.DDB83AFF97C94C6Z0Z_F	100.000	24	0	4.65e-09	48.1
M03520:605:000000000-LVNKY:1:1101:14919:16577;size=10	RH.0BD19D1A26A74EBZ0Z_F	100.000	25	0	1.18e-09	50.1
M03520:605:000000000-LVNKY:1:1101:14919:16577;size=10	RH.0BD19D1A26A74EBZ0Z_R	100.000	24	0	4.65e-09	48.1
M03520:605:000000000-LVNKY:1:1101:15488:16331;size=10	RH.2A8AD21024974C0Z0Z_R	100.000	25	0	1.18e-09	50.1
M03520:605:000000000-LVNKY:1:1101:15488:16331;size=10	RH.2A8AD21024974C0Z0Z_F	96.154	26	1	7.27e-08	44.1
M03520:605:000000000-LVNKY:1:1101:16745:25357;size=10	RH.7CE39E25906745AZ0Z_R	100.000	26	0	2.98e-10	52.0
M03520:605:000000000-LVNKY:1:1101:16745:25357;size=10	RH.7CE39E25906745AZ0Z_F	100.000	25	0	1.18e-09	50.1
M03520:605:000000000-LVNKY:1:1101:16833:20218;size=10	RH.DDB83AFF97C94C6Z0Z_R	100.000	25	0	1.18e-09	50.1
M03520:605:000000000-LVNKY:1:1101:16833:20218;size=10	RH.8B25A056ABC1444Z0Z_F	100.000	22	0	7.27e-08	44.1
M03520:605:000000000-LVNKY:1:1101:17045:8513;size=10	RH.DE543226C201437Z0Z_R	100.000	20	0	1.13e-06	40.1
M03520:605:000000000-LVNKY:1:1101:17045:8513;size=10	RH.51338FA06EDB4F0Z0Z_R	95.652	23	1	4.48e-06	38.2
M03520:605:000000000-LVNKY:1:1101:17638:25712;size=10	RH.69CEA0AC39F4445Z0Z_F	100.000	24	0	4.65e-09	48.1
M03520:605:000000000-LVNKY:1:1101:17638:25712;size=10	RH.69CEA0AC39F4445Z0Z_R	100.000	23	0	1.84e-08	46.1
M03520:605:000000000-LVNKY:1:1101:18091:4603;size=10	RH.69CEA0AC39F4445Z0Z_R	100.000	23	0	1.84e-08	46.1
M03520:605:000000000-LVNKY:1:1101:18091:4603;size=10	RH.69CEA0AC39F4445Z0Z_F	95.833	24	1	1.13e-06	40.1
M03520:605:000000000-LVNKY:1:1101:18674:4800;size=10	RH.27578A9A85FA4A3Z0Z_F	100.000	24	0	4.65e-09	48.1
M03520:605:000000000-LVNKY:1:1101:1977:13503;size=10	RH.0BD19D1A26A74EBZ0Z_F	100.000	25	0	1.18e-09	50.1
M03520:605:000000000-LVNKY:1:1101:1977:13503;size=10	RH.0BD19D1A26A74EBZ0Z_R	100.000	24	0	4.65e-09	48.1
M03520:605:000000000-LVNKY:1:1101:20828:7388;size=10	RH.0BD19D1A26A74EBZ0Z_F	100.000	25	0	1.18e-09	50.1
M03520:605:000000000-LVNKY:1:1101:20951:26313;size=10	RH.69CEA0AC39F4445Z0Z_F	100.000	24	0	4.65e-09	48.1
M03520:605:000000000-LVNKY:1:1101:20951:26313;size=10	RH.69CEA0AC39F4445Z0Z_R	100.000	23	0	1.84e-08	46.1
M03520:605:000000000-LVNKY:1:1101:22069:24814;size=10	RH.7CE39E25906745AZ0Z_F	100.000	25	0	1.18e-09	50.1
M03520:605:000000000-LVNKY:1:1101:22069:24814;size=10	RH.7CE39E25906745AZ0Z_R	96.154	26	1	7.27e-08	44.1
M03520:605:000000000-LVNKY:1:1101:22663:16023;size=10	RH.B9EF730EBE6C436Z0Z_R	100.000	25	0	1.18e-09	50.1
M03520:605:000000000-LVNKY:1:1101:22663:16023;size=10	RH.B9EF730EBE6C436Z0Z_F	100.000	25	0	1.18e-09	50.1
M03520:605:000000000-LVNKY:1:1101:22906:23167;size=10	RH.27578A9A85FA4A3Z0Z_F	100.000	24	0	4.65e-09	48.1
M03520:605:000000000-LVNKY:1:1101:22906:23167;size=10	RH.27578A9A85FA4A3Z0Z_R	100.000	22	0	7.27e-08	44.1
M03520:605:000000000-LVNKY:1:1101:23184:16183;size=10	RH.DDB83AFF97C94C6Z0Z_R	100.000	25	0	1.18e-09	50.1
M03520:605:000000000-LVNKY:1:1101:23184:16183;size=10	RH.8B25A056ABC1444Z0Z_F	100.000	22	0	7.27e-08	44.1
M03520:605:000000000-LVNKY:1:1101:23472:18200;size=10	RH.7CE39E25906745AZ0Z_R	100.000	26	0	2.98e-10	52.0
M03520:605:000000000-LVNKY:1:1101:23472:18200;size=10	RH.7CE39E25906745AZ0Z_F	100.000	25	0	1.18e-09	50.1
M03520:605:000000000-LVNKY:1:1101:23702:18955;size=10	RH.E04EE94198274F7Z0Z_F	100.000	25	0	1.18e-09	50.1
M03520:605:000000000-LVNKY:1:1101:23762:18114;size=10	RH.51338FA06EDB4F0Z0Z_R	100.000	25	0	1.18e-09	50.1
M03520:605:000000000-LVNKY:1:1101:23762:18114;size=10	RH.51338FA06EDB4F0Z0Z_F	96.000	25	1	2.87e-07	42.1
M03520:605:000000000-LVNKY:1:1101:23938:4482;size=10	RH.2A8AD21024974C0Z0Z_R	100.000	25	0	1.18e-09	50.1
M03520:605:000000000-LVNKY:1:1101:23938:4482;size=10	RH.0C6EF86AB29A422Z0Z_F	100.000	19	0	4.48e-06	38.2
M03520:605:000000000-LVNKY:1:1101:24659:21625;size=10	RH.1CC74B91718A42FZ0Z_R	100.000	25	0	1.18e-09	50.1
M03520:605:000000000-LVNKY:1:1101:24659:21625;size=10	RH.1CC74B91718A42FZ0Z_F	100.000	24	0	4.65e-09	48.1
M03520:605:000000000-LVNKY:1:1101:27304:15428;size=10	RH.27578A9A85FA4A3Z0Z_F	100.000	24	0	4.65e-09	48.1
M03520:605:000000000-LVNKY:1:1101:27304:15428;size=10	RH.27578A9A85FA4A3Z0Z_R	100.000	22	0	7.27e-08	44.1
M03520:605:000000000-LVNKY:1:1101:27741:18951;size=10	RH.0BD19D1A26A74EBZ0Z_F	100.000	25	0	1.18e-09	50.1
M03520:605:000000000-LVNKY:1:1101:27741:18951;size=10	RH.0BD19D1A26A74EBZ0Z_R	100.000	24	0	4.65e-09	48.1
M03520:605:000000000-LVNKY:1:1101:4555:17784;size=10	RH.51338FA06EDB4F0Z0Z_R	100.000	25	0	1.18e-09	50.1
M03520:605:000000000-LVNKY:1:1101:4555:17784;size=10	RH.51338FA06EDB4F0Z0Z_F	100.000	25	0	1.18e-09	50.1
M03520:605:000000000-LVNKY:1:1101:4756:11781;size=10	RH.0BD19D1A26A74EBZ0Z_R	100.000	24	0	4.65e-09	48.1
M03520:605:000000000-LVNKY:1:1101:5598:8842;size=10	RH.69CEA0AC39F4445Z0Z_F	100.000	24	0	4.65e-09	48.1
M03520:605:000000000-LVNKY:1:1101:5598:8842;size=10	RH.69CEA0AC39F4445Z0Z_R	100.000	23	0	1.84e-08	46.1
M03520:605:000000000-LVNKY:1:1101:6917:13031;size=10	RH.7CE39E25906745AZ0Z_R	100.000	26	0	2.98e-10	52.0
M03520:605:000000000-LVNKY:1:1101:6917:13031;size=10	RH.7CE39E25906745AZ0Z_F	100.000	25	0	1.18e-09	50.1
M03520:605:000000000-LVNKY:1:1101:8157:18493;size=10	RH.0096A141894D447Z0Z_F	100.000	24	0	4.65e-09	48.1
M03520:605:000000000-LVNKY:1:1101:8406:13525;size=10	RH.6572108A164E48EZ0Z_R	100.000	25	0	1.18e-09	50.1
M03520:605:000000000-LVNKY:1:1101:8406:13525;size=10	RH.6572108A164E48EZ0Z_F	100.000	21	0	2.87e-07	42.1
M03520:605:000000000-LVNKY:1:1101:8578:12401;size=10	RH.27578A9A85FA4A3Z0Z_R	100.000	22	0	7.27e-08	44.1
M03520:605:000000000-LVNKY:1:1101:8578:12401;size=10	RH.27578A9A85FA4A3Z0Z_F	100.000	21	0	2.87e-07	42.1
M03520:605:000000000-LVNKY:1:1101:8792:3693;size=10	RH.51338FA06EDB4F0Z0Z_R	100.000	25	0	1.18e-09	50.1
M03520:605:000000000-LVNKY:1:1101:8792:3693;size=10	RH.51338FA06EDB4F0Z0Z_F	100.000	21	0	2.87e-07	42.1
M03520:605:000000000-LVNKY:1:1102:10054:19632;size=10	RH.0550AF0F57084ADZ0Z_F	100.000	24	0	4.65e-09	48.1
M03520:605:000000000-LVNKY:1:1102:10407:3188;size=10	RH.27578A9A85FA4A3Z0Z_F	100.000	24	0	4.65e-09	48.1
M03520:605:000000000-LVNKY:1:1102:10730:26201;size=10	RH.7CE39E25906745AZ0Z_R	100.000	26	0	2.98e-10	52.0
M03520:605:000000000-LVNKY:1:1102:10730:26201;size=10	RH.7CE39E25906745AZ0Z_F	96.000	25	1	2.87e-07	42.1
M03520:605:000000000-LVNKY:1:1102:11028:24270;size=10	RH.0096A141894D447Z0Z_F	100.000	24	0	4.65e-09	48.1
M03520:605:000000000-LVNKY:1:1102:11028:24270;size=10	RH.0096A141894D447Z0Z_R	100.000	21	0	2.87e-07	42.1
M03520:605:000000000-LVNKY:1:1102:11552:13678;size=10	RH.DDB83AFF97C94C6Z0Z_R	100.000	25	0	1.18e-09	50.1
M03520:605:000000000-LVNKY:1:1102:11552:13678;size=10	RH.DDB83AFF97C94C6Z0Z_F	95.833	24	1	1.13e-06	40.1
M03520:605:000000000-LVNKY:1:1102:12495:11941;size=10	RH.85A5303CAAF54ADZ0Z_R	100.000	22	0	7.27e-08	44.1
M03520:605:000000000-LVNKY:1:1102:12495:11941;size=10	RH.85A5303CAAF54ADZ0Z_F	100.000	21	0	2.87e-07	42.1
M03520:605:000000000-LVNKY:1:1102:12601:18241;size=10	RH.0096A141894D447Z0Z_F	100.000	24	0	4.65e-09	48.1
M03520:605:000000000-LVNKY:1:1102:12601:18241;size=10	RH.0096A141894D447Z0Z_R	100.000	21	0	2.87e-07	42.1
M03520:605:000000000-LVNKY:1:1102:12794:18322;size=10	RH.DDB83AFF97C94C6Z0Z_R	100.000	25	0	1.18e-09	50.1
M03520:605:000000000-LVNKY:1:1102:12794:18322;size=10	RH.DDB83AFF97C94C6Z0Z_F	100.000	24	0	4.65e-09	48.1
M03520:605:000000000-LVNKY:1:1102:12886:7167;size=10	RH.0550AF0F57084ADZ0Z_F	100.000	24	0	4.65e-09	48.1
M03520:605:000000000-LVNKY:1:1102:12886:7167;size=10	RH.0550AF0F57084ADZ0Z_R	100.000	22	0	7.27e-08	44.1
M03520:605:000000000-LVNKY:1:1102:12893:19672;size=10	RH.0BD19D1A26A74EBZ0Z_R	100.000	24	0	4.65e-09	48.1
M03520:605:000000000-LVNKY:1:1102:13033:26228;size=10	RH.7E59D32B4EDB4C3Z0Z_F	100.000	23	0	1.84e-08	46.1
M03520:605:000000000-LVNKY:1:1102:13033:26228;size=10	RH.7E59D32B4EDB4C3Z0Z_R	100.000	19	0	4.48e-06	38.2
M03520:605:000000000-LVNKY:1:1102:14261:17904;size=10	RH.0096A141894D447Z0Z_F	100.000	24	0	4.65e-09	48.1
M03520:605:000000000-LVNKY:1:1102:14624:28599;size=10	RH.0BD19D1A26A74EBZ0Z_F	100.000	25	0	1.18e-09	50.1
M03520:605:000000000-LVNKY:1:1102:14624:28599;size=10	RH.0BD19D1A26A74EBZ0Z_R	100.000	24	0	4.65e-09	48.1
M03520:605:000000000-LVNKY:1:1102:14814:28285;size=10	RH.B9EF730EBE6C436Z0Z_R	100.000	25	0	1.18e-09	50.1
M03520:605:000000000-LVNKY:1:1102:14814:28285;size=10	RH.B9EF730EBE6C436Z0Z_F	100.000	25	0	1.18e-09	50.1
M03520:605:000000000-LVNKY:1:1102:15610:27572;size=10	RH.27578A9A85FA4A3Z0Z_F	100.000	24	0	4.65e-09	48.1
M03520:605:000000000-LVNKY:1:1102:15610:27572;size=10	RH.27578A9A85FA4A3Z0Z_R	100.000	22	0	7.27e-08	44.1
M03520:605:000000000-LVNKY:1:1102:15848:9012;size=10	RH.2AFFFBA0E81C482Z0Z_R	100.000	23	0	1.84e-08	46.1
M03520:605:000000000-LVNKY:1:1102:15848:9012;size=10	RH.2AFFFBA0E81C482Z0Z_F	95.652	23	1	4.48e-06	38.2
M03520:605:000000000-LVNKY:1:1102:17460:16540;size=10	RH.0096A141894D447Z0Z_F	100.000	24	0	4.65e-09	48.1
M03520:605:000000000-LVNKY:1:1102:17460:16540;size=10	RH.0096A141894D447Z0Z_R	100.000	21	0	2.87e-07	42.1
M03520:605:000000000-LVNKY:1:1102:17472:26801;size=10	RH.2091F326F74640CZ0Z_F	100.000	22	0	7.27e-08	44.1
M03520:605:000000000-LVNKY:1:1102:18086:15844;size=10	RH.8B25A056ABC1444Z0Z_F	100.000	22	0	7.27e-08	44.1
M03520:605:000000000-LVNKY:1:1102:18086:15844;size=10	RH.8B25A056ABC1444Z0Z_R	100.000	21	0	2.87e-07	42.1
M03520:605:000000000-LVNKY:1:1102:18780:8326;size=10	RH.85A5303CAAF54ADZ0Z_R	100.000	22	0	7.27e-08	44.1
M03520:605:000000000-LVNKY:1:1102:18780:8326;size=10	RH.85A5303CAAF54ADZ0Z_F	100.000	21	0	2.87e-07	42.1
M03520:605:000000000-LVNKY:1:1102:20149:15420;size=10	RH.2AFFFBA0E81C482Z0Z_F	100.000	23	0	1.84e-08	46.1
M03520:605:000000000-LVNKY:1:1102:20149:15420;size=10	RH.2AFFFBA0E81C482Z0Z_R	95.652	23	1	4.48e-06	38.2
M03520:605:000000000-LVNKY:1:1102:20238:11825;size=10	RH.7CE39E25906745AZ0Z_R	100.000	25	0	1.18e-09	50.1
M03520:605:000000000-LVNKY:1:1102:20238:11825;size=10	RH.7CE39E25906745AZ0Z_F	100.000	25	0	1.18e-09	50.1
M03520:605:000000000-LVNKY:1:1102:21142:17848;size=10	RH.B9EF730EBE6C436Z0Z_R	100.000	25	0	1.18e-09	50.1
M03520:605:000000000-LVNKY:1:1102:21189:19086;size=10	RH.DE543226C201437Z0Z_R	100.000	20	0	1.13e-06	40.1
M03520:605:000000000-LVNKY:1:1102:21189:19086;size=10	RH.51338FA06EDB4F0Z0Z_R	95.652	23	1	4.48e-06	38.2
M03520:605:000000000-LVNKY:1:1102:21807:15231;size=10	RH.0BD19D1A26A74EBZ0Z_R	100.000	24	0	4.65e-09	48.1
M03520:605:000000000-LVNKY:1:1102:24224:23724;size=10	RH.69CEA0AC39F4445Z0Z_R	100.000	23	0	1.84e-08	46.1
M03520:605:000000000-LVNKY:1:1102:24477:14194;size=10	RH.51338FA06EDB4F0Z0Z_R	100.000	25	0	1.18e-09	50.1
M03520:605:000000000-LVNKY:1:1102:24477:14194;size=10	RH.51338FA06EDB4F0Z0Z_F	100.000	25	0	1.18e-09	50.1
M03520:605:000000000-LVNKY:1:1102:25657:7695;size=10	RH.7CE39E25906745AZ0Z_F	100.000	25	0	1.18e-09	50.1
M03520:605:000000000-LVNKY:1:1102:25657:7695;size=10	RH.7CE39E25906745AZ0Z_R	96.154	26	1	7.27e-08	44.1
M03520:605:000000000-LVNKY:1:1102:26061:24688;size=10	RH.7CE39E25906745AZ0Z_F	100.000	25	0	1.18e-09	50.1
M03520:605:000000000-LVNKY:1:1102:26061:24688;size=10	RH.7CE39E25906745AZ0Z_R	96.154	26	1	7.27e-08	44.1
M03520:605:000000000-LVNKY:1:1102:26694:11403;size=10	RH.27578A9A85FA4A3Z0Z_F	100.000	24	0	4.65e-09	48.1
M03520:605:000000000-LVNKY:1:1102:26694:11403;size=10	RH.27578A9A85FA4A3Z0Z_R	100.000	22	0	7.27e-08	44.1
M03520:605:000000000-LVNKY:1:1102:27618:16220;size=10	RH.DDB83AFF97C94C6Z0Z_R	100.000	25	0	1.18e-09	50.1
M03520:605:000000000-LVNKY:1:1102:27618:16220;size=10	RH.8B25A056ABC1444Z0Z_F	100.000	22	0	7.27e-08	44.1
M03520:605:000000000-LVNKY:1:1102:28406:14879;size=10	RH.0096A141894D447Z0Z_F	100.000	24	0	4.65e-09	48.1
M03520:605:000000000-LVNKY:1:1102:28406:14879;size=10	RH.0096A141894D447Z0Z_R	100.000	21	0	2.87e-07	42.1
M03520:605:000000000-LVNKY:1:1102:4653:9252;size=10	RH.51338FA06EDB4F0Z0Z_F	100.000	25	0	1.18e-09	50.1
M03520:605:000000000-LVNKY:1:1102:4653:9252;size=10	RH.51338FA06EDB4F0Z0Z_R	100.000	25	0	1.18e-09	50.1
M03520:605:000000000-LVNKY:1:1102:5551:24725;size=10	RH.2AFFFBA0E81C482Z0Z_R	100.000	23	0	1.84e-08	46.1
M03520:605:000000000-LVNKY:1:1102:5551:24725;size=10	RH.2AFFFBA0E81C482Z0Z_F	95.652	23	1	4.48e-06	38.2
M03520:605:000000000-LVNKY:1:1102:5788:19516;size=10	RH.DE543226C201437Z0Z_R	100.000	20	0	1.13e-06	40.1
M03520:605:000000000-LVNKY:1:1102:5788:19516;size=10	RH.51338FA06EDB4F0Z0Z_R	95.652	23	1	4.48e-06	38.2
M03520:605:000000000-LVNKY:1:1102:7329:12055;size=10	RH.69CEA0AC39F4445Z0Z_F	100.000	24	0	4.65e-09	48.1
M03520:605:000000000-LVNKY:1:1102:7329:12055;size=10	RH.69CEA0AC39F4445Z0Z_R	100.000	23	0	1.84e-08	46.1
M03520:605:000000000-LVNKY:1:1102:8184:17988;size=10	RH.7CE39E25906745AZ0Z_F	100.000	25	0	1.18e-09	50.1
M03520:605:000000000-LVNKY:1:1102:8184:17988;size=10	RH.7CE39E25906745AZ0Z_R	100.000	22	0	7.27e-08	44.1
M03520:605:000000000-LVNKY:1:1102:8283:14877;size=10	RH.6572108A164E48EZ0Z_R	100.000	25	0	1.18e-09	50.1
M03520:605:000000000-LVNKY:1:1102:8283:14877;size=10	RH.6572108A164E48EZ0Z_F	100.000	24	0	4.65e-09	48.1
M03520:605:000000000-LVNKY:1:1102:8607:26588;size=10	RH.1CC74B91718A42FZ0Z_F	100.000	24	0	4.65e-09	48.1
M03520:605:000000000-LVNKY:1:1102:8607:26588;size=10	RH.1CC74B91718A42FZ0Z_R	100.000	24	0	4.65e-09	48.1
M03520:605:000000000-LVNKY:1:1102:9065:15279;size=10	RH.2A8AD21024974C0Z0Z_R	100.000	25	0	1.18e-09	50.1
M03520:605:000000000-LVNKY:1:1102:9065:15279;size=10	RH.2A8AD21024974C0Z0Z_F	96.154	26	1	7.27e-08	44.1
M03520:605:000000000-LVNKY:1:1102:9079:12282;size=10	RH.B9EF730EBE6C436Z0Z_R	100.000	25	0	1.18e-09	50.1
M03520:605:000000000-LVNKY:1:1102:9079:12282;size=10	RH.B9EF730EBE6C436Z0Z_F	100.000	25	0	1.18e-09	50.1
M03520:605:000000000-LVNKY:1:1102:9107:21359;size=10	RH.2A8AD21024974C0Z0Z_F	100.000	26	0	2.98e-10	52.0
M03520:605:000000000-LVNKY:1:1102:9107:21359;size=10	RH.2A8AD21024974C0Z0Z_R	100.000	25	0	1.18e-09	50.1
M03520:605:000000000-LVNKY:1:1102:9118:26156;size=10	RH.0550AF0F57084ADZ0Z_F	100.000	24	0	4.65e-09	48.1
M03520:605:000000000-LVNKY:1:1102:9118:26156;size=10	RH.0550AF0F57084ADZ0Z_R	100.000	22	0	7.27e-08	44.1
M03520:605:000000000-LVNKY:1:1102:9779:17363;size=10	RH.8B25A056ABC1444Z0Z_F	100.000	22	0	7.27e-08	44.1
M03520:605:000000000-LVNKY:1:1102:9779:17363;size=10	RH.DDB83AFF97C94C6Z0Z_R	96.000	25	1	2.87e-07	42.1
M03520:605:000000000-LVNKY:1:1103:10662:5979;size=10	RH.7CE39E25906745AZ0Z_R	100.000	25	0	1.18e-09	50.1
M03520:605:000000000-LVNKY:1:1103:10662:5979;size=10	RH.7CE39E25906745AZ0Z_F	100.000	25	0	1.18e-09	50.1
M03520:605:000000000-LVNKY:1:1103:11120:16906;size=10	RH.2AFFFBA0E81C482Z0Z_R	100.000	23	0	1.84e-08	46.1
M03520:605:000000000-LVNKY:1:1103:11120:16906;size=10	RH.2AFFFBA0E81C482Z0Z_F	100.000	23	0	1.84e-08	46.1
M03520:605:000000000-LVNKY:1:1103:11635:17989;size=10	RH.0550AF0F57084ADZ0Z_F	100.000	24	0	4.65e-09	48.1
M03520:605:000000000-LVNKY:1:1103:11635:17989;size=10	RH.0550AF0F57084ADZ0Z_R	100.000	22	0	7.27e-08	44.1
M03520:605:000000000-LVNKY:1:1103:12872:19921;size=10	RH.DDB83AFF97C94C6Z0Z_R	100.000	25	0	1.18e-09	50.1
M03520:605:000000000-LVNKY:1:1103:12872:19921;size=10	RH.DDB83AFF97C94C6Z0Z_F	100.000	24	0	4.65e-09	48.1
M03520:605:000000000-LVNKY:1:1103:13317:4067;size=10	RH.85A5303CAAF54ADZ0Z_R	100.000	22	0	7.27e-08	44.1
M03520:605:000000000-LVNKY:1:1103:13317:4067;size=10	RH.85A5303CAAF54ADZ0Z_F	100.000	21	0	2.87e-07	42.1
M03520:605:000000000-LVNKY:1:1103:14380:1529;size=10	RH.2AFFFBA0E81C482Z0Z_F	100.000	23	0	1.84e-08	46.1
M03520:605:000000000-LVNKY:1:1103:14380:1529;size=10	RH.2AFFFBA0E81C482Z0Z_R	100.000	23	0	1.84e-08	46.1
M03520:605:000000000-LVNKY:1:1103:15209:14545;size=10	RH.6572108A164E48EZ0Z_R	100.000	25	0	1.18e-09	50.1
M03520:605:000000000-LVNKY:1:1103:15209:14545;size=10	RH.6572108A164E48EZ0Z_F	100.000	24	0	4.65e-09	48.1
M03520:605:000000000-LVNKY:1:1103:16038:10809;size=10	RH.7CE39E25906745AZ0Z_R	100.000	26	0	2.98e-10	52.0
M03520:605:000000000-LVNKY:1:1103:16038:10809;size=10	RH.7CE39E25906745AZ0Z_F	100.000	23	0	1.84e-08	46.1
M03520:605:000000000-LVNKY:1:1103:16264:9072;size=10	RH.DE543226C201437Z0Z_R	100.000	20	0	1.13e-06	40.1
M03520:605:000000000-LVNKY:1:1103:16264:9072;size=10	RH.51338FA06EDB4F0Z0Z_R	95.652	23	1	4.48e-06	38.2
M03520:605:000000000-LVNKY:1:1103:16311:1426;size=10	RH.51338FA06EDB4F0Z0Z_F	100.000	25	0	1.18e-09	50.1
M03520:605:000000000-LVNKY:1:1103:16311:1426;size=10	RH.51338FA06EDB4F0Z0Z_R	96.000	25	1	2.87e-07	42.1
M03520:605:000000000-LVNKY:1:1103:17894:7232;size=10	RH.7CE39E25906745AZ0Z_R	100.000	24	0	4.65e-09	48.1
M03520:605:000000000-LVNKY:1:1103:18147:17755;size=10	RH.27578A9A85FA4A3Z0Z_F	100.000	24	0	4.65e-09	48.1
M03520:605:000000000-LVNKY:1:1103:18147:17755;size=10	RH.27578A9A85FA4A3Z0Z_R	100.000	22	0	7.27e-08	44.1
M03520:605:000000000-LVNKY:1:1103:18998:19140;size=10	RH.DDB83AFF97C94C6Z0Z_R	100.000	25	0	1.18e-09	50.1
M03520:605:000000000-LVNKY:1:1103:18998:19140;size=10	RH.DDB83AFF97C94C6Z0Z_F	100.000	24	0	4.65e-09	48.1
M03520:605:000000000-LVNKY:1:1103:20520:6203;size=10	RH.0BD19D1A26A74EBZ0Z_F	100.000	25	0	1.18e-09	50.1
M03520:605:000000000-LVNKY:1:1103:20520:6203;size=10	RH.0BD19D1A26A74EBZ0Z_R	100.000	24	0	4.65e-09	48.1
M03520:605:000000000-LVNKY:1:1103:21197:17192;size=10	RH.0BD19D1A26A74EBZ0Z_F	100.000	25	0	1.18e-09	50.1
M03520:605:000000000-LVNKY:1:1103:21197:17192;size=10	RH.0BD19D1A26A74EBZ0Z_R	100.000	24	0	4.65e-09	48.1
M03520:605:000000000-LVNKY:1:1103:22213:22839;size=10	RH.85A5303CAAF54ADZ0Z_R	100.000	22	0	7.27e-08	44.1
M03520:605:000000000-LVNKY:1:1103:22686:4818;size=10	RH.DDB83AFF97C94C6Z0Z_R	100.000	25	0	1.18e-09	50.1
M03520:605:000000000-LVNKY:1:1103:22686:4818;size=10	RH.DDB83AFF97C94C6Z0Z_F	95.833	24	1	1.13e-06	40.1
M03520:605:000000000-LVNKY:1:1103:23235:16330;size=10	RH.27578A9A85FA4A3Z0Z_F	100.000	22	0	7.27e-08	44.1
M03520:605:000000000-LVNKY:1:1103:23235:16330;size=10	RH.27578A9A85FA4A3Z0Z_R	100.000	22	0	7.27e-08	44.1
M03520:605:000000000-LVNKY:1:1103:25967:15490;size=10	RH.6572108A164E48EZ0Z_R	100.000	25	0	1.18e-09	50.1
M03520:605:000000000-LVNKY:1:1103:25967:15490;size=10	RH.6572108A164E48EZ0Z_F	100.000	24	0	4.65e-09	48.1
M03520:605:000000000-LVNKY:1:1103:4151:10887;size=10	RH.0550AF0F57084ADZ0Z_F	100.000	24	0	4.65e-09	48.1
M03520:605:000000000-LVNKY:1:1103:4151:10887;size=10	RH.0550AF0F57084ADZ0Z_R	100.000	22	0	7.27e-08	44.1
M03520:605:000000000-LVNKY:1:1103:6122:6028;size=10	RH.51338FA06EDB4F0Z0Z_R	100.000	25	0	1.18e-09	50.1
M03520:605:000000000-LVNKY:1:1103:6122:6028;size=10	RH.51338FA06EDB4F0Z0Z_F	100.000	24	0	4.65e-09	48.1
M03520:605:000000000-LVNKY:1:1103:6386:14477;size=10	RH.0550AF0F57084ADZ0Z_F	100.000	24	0	4.65e-09	48.1
M03520:605:000000000-LVNKY:1:1103:6386:14477;size=10	RH.0550AF0F57084ADZ0Z_R	100.000	22	0	7.27e-08	44.1
M03520:605:000000000-LVNKY:1:1103:6949:24737;size=10	RH.DDB83AFF97C94C6Z0Z_R	100.000	25	0	1.18e-09	50.1
M03520:605:000000000-LVNKY:1:1103:6949:24737;size=10	RH.DDB83AFF97C94C6Z0Z_F	100.000	24	0	4.65e-09	48.1
M03520:605:000000000-LVNKY:1:1103:7507:20815;size=10	RH.27578A9A85FA4A3Z0Z_F	100.000	24	0	4.65e-09	48.1
M03520:605:000000000-LVNKY:1:1103:7507:20815;size=10	RH.27578A9A85FA4A3Z0Z_R	100.000	22	0	7.27e-08	44.1
M03520:605:000000000-LVNKY:1:1103:8355:22475;size=10	RH.7CE39E25906745AZ0Z_R	100.000	26	0	2.98e-10	52.0
M03520:605:000000000-LVNKY:1:1103:8355:22475;size=10	RH.7CE39E25906745AZ0Z_F	100.000	25	0	1.18e-09	50.1
M03520:605:000000000-LVNKY:1:1103:9110:7027;size=10	RH.2AFFFBA0E81C482Z0Z_F	100.000	23	0	1.84e-08	46.1
M03520:605:000000000-LVNKY:1:1103:9110:7027;size=10	RH.2AFFFBA0E81C482Z0Z_R	100.000	19	0	4.48e-06	38.2
M03520:605:000000000-LVNKY:1:1103:9420:16237;size=10	RH.DDB83AFF97C94C6Z0Z_F	100.000	24	0	4.65e-09	48.1
M03520:605:000000000-LVNKY:1:1103:9420:16237;size=10	RH.DDB83AFF97C94C6Z0Z_R	100.000	22	0	7.27e-08	44.1
M03520:605:000000000-LVNKY:1:1103:9846:20329;size=10	RH.0550AF0F57084ADZ0Z_R	100.000	22	0	7.27e-08	44.1
M03520:605:000000000-LVNKY:1:1103:9847:19300;size=10	RH.7CE39E25906745AZ0Z_R	100.000	26	0	2.98e-10	52.0
M03520:605:000000000-LVNKY:1:1103:9847:19300;size=10	RH.7CE39E25906745AZ0Z_F	100.000	25	0	1.18e-09	50.1
M03520:605:000000000-LVNKY:1:1104:12025:9582;size=10	RH.DDB83AFF97C94C6Z0Z_R	100.000	24	0	4.65e-09	48.1
M03520:605:000000000-LVNKY:1:1104:12025:9582;size=10	RH.DDB83AFF97C94C6Z0Z_F	100.000	24	0	4.65e-09	48.1
M03520:605:000000000-LVNKY:1:1104:12167:3955;size=10	RH.51338FA06EDB4F0Z0Z_R	95.652	23	1	4.48e-06	38.2
M03520:605:000000000-LVNKY:1:1104:14477:18691;size=10	RH.7CE39E25906745AZ0Z_R	100.000	26	0	2.98e-10	52.0
M03520:605:000000000-LVNKY:1:1104:14477:18691;size=10	RH.7CE39E25906745AZ0Z_F	100.000	25	0	1.18e-09	50.1
M03520:605:000000000-LVNKY:1:1104:15849:19799;size=10	RH.27578A9A85FA4A3Z0Z_F	100.000	24	0	4.65e-09	48.1
M03520:605:000000000-LVNKY:1:1104:15849:19799;size=10	RH.27578A9A85FA4A3Z0Z_R	100.000	22	0	7.27e-08	44.1
M03520:605:000000000-LVNKY:1:1104:17593:18334;size=10	RH.27578A9A85FA4A3Z0Z_F	100.000	24	0	4.65e-09	48.1
M03520:605:000000000-LVNKY:1:1104:17593:18334;size=10	RH.27578A9A85FA4A3Z0Z_R	100.000	22	0	7.27e-08	44.1
M03520:605:000000000-LVNKY:1:1104:19520:5187;size=10	RH.0096A141894D447Z0Z_F	100.000	24	0	4.65e-09	48.1
M03520:605:000000000-LVNKY:1:1104:19520:5187;size=10	RH.0096A141894D447Z0Z_R	100.000	21	0	2.87e-07	42.1
M03520:605:000000000-LVNKY:1:1104:21052:17383;size=10	RH.0BD19D1A26A74EBZ0Z_F	100.000	25	0	1.18e-09	50.1
M03520:605:000000000-LVNKY:1:1104:21052:17383;size=10	RH.0BD19D1A26A74EBZ0Z_R	100.000	24	0	4.65e-09	48.1
M03520:605:000000000-LVNKY:1:1104:21609:26646;size=10	RH.85A5303CAAF54ADZ0Z_R	100.000	22	0	7.27e-08	44.1
M03520:605:000000000-LVNKY:1:1104:24011:15521;size=10	RH.7CE39E25906745AZ0Z_R	100.000	26	0	2.98e-10	52.0
M03520:605:000000000-LVNKY:1:1104:24011:15521;size=10	RH.7CE39E25906745AZ0Z_F	100.000	25	0	1.18e-09	50.1
M03520:605:000000000-LVNKY:1:1104:28239:20974;size=10	RH.0550AF0F57084ADZ0Z_F	100.000	24	0	4.65e-09	48.1
M03520:605:000000000-LVNKY:1:1104:28239:20974;size=10	RH.0550AF0F57084ADZ0Z_R	100.000	22	0	7.27e-08	44.1
M03520:605:000000000-LVNKY:1:1104:5205:20255;size=10	RH.27578A9A85FA4A3Z0Z_F	100.000	24	0	4.65e-09	48.1
M03520:605:000000000-LVNKY:1:1104:5205:20255;size=10	RH.27578A9A85FA4A3Z0Z_R	100.000	22	0	7.27e-08	44.1
M03520:605:000000000-LVNKY:1:1104:7054:14998;size=10	RH.7CE39E25906745AZ0Z_R	100.000	26	0	2.98e-10	52.0
M03520:605:000000000-LVNKY:1:1104:7054:14998;size=10	RH.7CE39E25906745AZ0Z_F	96.000	25	1	2.87e-07	42.1
M03520:605:000000000-LVNKY:1:1104:8343:14628;size=10	RH.DDB83AFF97C94C6Z0Z_R	100.000	25	0	1.18e-09	50.1
M03520:605:000000000-LVNKY:1:1104:8343:14628;size=10	RH.DDB83AFF97C94C6Z0Z_F	100.000	24	0	4.65e-09	48.1
M03520:605:000000000-LVNKY:1:1105:11333:2303;size=10	RH.0096A141894D447Z0Z_F	100.000	24	0	4.65e-09	48.1
M03520:605:000000000-LVNKY:1:1105:11333:2303;size=10	RH.0096A141894D447Z0Z_R	100.000	21	0	2.87e-07	42.1
M03520:605:000000000-LVNKY:1:1105:16127:13953;size=10	RH.DDB83AFF97C94C6Z0Z_R	100.000	25	0	1.18e-09	50.1
M03520:605:000000000-LVNKY:1:1105:16127:13953;size=10	RH.DDB83AFF97C94C6Z0Z_F	100.000	24	0	4.65e-09	48.1
M03520:605:000000000-LVNKY:1:1105:16767:17824;size=10	RH.2A8AD21024974C0Z0Z_F	100.000	26	0	2.98e-10	52.0
M03520:605:000000000-LVNKY:1:1105:16767:17824;size=10	RH.2A8AD21024974C0Z0Z_R	100.000	25	0	1.18e-09	50.1
M03520:605:000000000-LVNKY:1:1105:21413:13032;size=10	RH.2AFFFBA0E81C482Z0Z_F	100.000	23	0	1.84e-08	46.1
M03520:605:000000000-LVNKY:1:1105:21413:13032;size=10	RH.2AFFFBA0E81C482Z0Z_R	95.652	23	1	4.48e-06	38.2
M03520:605:000000000-LVNKY:1:1105:22395:18747;size=10	RH.7CE39E25906745AZ0Z_R	100.000	26	0	2.98e-10	52.0
M03520:605:000000000-LVNKY:1:1105:22395:18747;size=10	RH.7CE39E25906745AZ0Z_F	100.000	25	0	1.18e-09	50.1
M03520:605:000000000-LVNKY:1:1105:2308:17292;size=10	RH.44DCEC943BED412Z0Z_R	100.000	23	0	1.84e-08	46.1
M03520:605:000000000-LVNKY:1:1105:2308:17292;size=10	RH.44DCEC943BED412Z0Z_F	100.000	23	0	1.84e-08	46.1
M03520:605:000000000-LVNKY:1:1105:2308:17292;size=10	RH.F8075AAECB0140EZ0Z_F	100.000	21	0	2.87e-07	42.1
M03520:605:000000000-LVNKY:1:1105:25460:9049;size=10	RH.2AFFFBA0E81C482Z0Z_R	100.000	23	0	1.84e-08	46.1
M03520:605:000000000-LVNKY:1:1105:25460:9049;size=10	RH.2AFFFBA0E81C482Z0Z_F	100.000	23	0	1.84e-08	46.1
M03520:605:000000000-LVNKY:1:1105:2593:15858;size=10	RH.6572108A164E48EZ0Z_R	100.000	25	0	1.18e-09	50.1
M03520:605:000000000-LVNKY:1:1105:2593:15858;size=10	RH.6572108A164E48EZ0Z_F	100.000	24	0	4.65e-09	48.1
M03520:605:000000000-LVNKY:1:1105:2788:15878;size=10	RH.CFB366F097C448DZ0Z_F	100.000	26	0	2.98e-10	52.0
M03520:605:000000000-LVNKY:1:1105:2788:15878;size=10	RH.CFB366F097C448DZ0Z_R	100.000	21	0	2.87e-07	42.1
M03520:605:000000000-LVNKY:1:1105:28232:11756;size=10	RH.7CE39E25906745AZ0Z_F	100.000	25	0	1.18e-09	50.1
M03520:605:000000000-LVNKY:1:1105:28232:11756;size=10	RH.7CE39E25906745AZ0Z_R	100.000	25	0	1.18e-09	50.1
M03520:605:000000000-LVNKY:1:1105:3409:11075;size=10	RH.8B25A056ABC1444Z0Z_R	100.000	22	0	7.27e-08	44.1
M03520:605:000000000-LVNKY:1:1105:3409:11075;size=10	RH.8B25A056ABC1444Z0Z_F	100.000	22	0	7.27e-08	44.1
M03520:605:000000000-LVNKY:1:1105:3497:16990;size=10	RH.DDB83AFF97C94C6Z0Z_R	100.000	25	0	1.18e-09	50.1
M03520:605:000000000-LVNKY:1:1105:3497:16990;size=10	RH.DDB83AFF97C94C6Z0Z_F	95.833	24	1	1.13e-06	40.1
M03520:605:000000000-LVNKY:1:1105:8577:19333;size=10	RH.DE543226C201437Z0Z_R	100.000	20	0	1.13e-06	40.1
M03520:605:000000000-LVNKY:1:1105:8577:19333;size=10	RH.51338FA06EDB4F0Z0Z_R	95.652	23	1	4.48e-06	38.2
M03520:605:000000000-LVNKY:1:1105:8797:15861;size=10	RH.85A5303CAAF54ADZ0Z_R	100.000	22	0	7.27e-08	44.1
M03520:605:000000000-LVNKY:1:1105:8797:15861;size=10	RH.85A5303CAAF54ADZ0Z_F	100.000	21	0	2.87e-07	42.1
M03520:605:000000000-LVNKY:1:1106:11443:23827;size=10	RH.1CC74B91718A42FZ0Z_R	100.000	25	0	1.18e-09	50.1
M03520:605:000000000-LVNKY:1:1106:11443:23827;size=10	RH.1CC74B91718A42FZ0Z_F	100.000	24	0	4.65e-09	48.1
M03520:605:000000000-LVNKY:1:1106:11775:15147;size=10	RH.85A5303CAAF54ADZ0Z_R	100.000	22	0	7.27e-08	44.1
M03520:605:000000000-LVNKY:1:1106:16235:5509;size=10	RH.2AFFFBA0E81C482Z0Z_R	100.000	23	0	1.84e-08	46.1
M03520:605:000000000-LVNKY:1:1106:16235:5509;size=10	RH.2AFFFBA0E81C482Z0Z_F	100.000	23	0	1.84e-08	46.1
M03520:605:000000000-LVNKY:1:1106:21471:20702;size=10	RH.2A8AD21024974C0Z0Z_F	100.000	26	0	2.98e-10	52.0
M03520:605:000000000-LVNKY:1:1106:21471:20702;size=10	RH.2A8AD21024974C0Z0Z_R	100.000	25	0	1.18e-09	50.1
M03520:605:000000000-LVNKY:1:1106:24873:19211;size=10	RH.2AFFFBA0E81C482Z0Z_F	100.000	23	0	1.84e-08	46.1
M03520:605:000000000-LVNKY:1:1106:24873:19211;size=10	RH.2AFFFBA0E81C482Z0Z_R	100.000	20	0	1.13e-06	40.1
M03520:605:000000000-LVNKY:1:1106:27576:15201;size=10	RH.2AFFFBA0E81C482Z0Z_R	100.000	23	0	1.84e-08	46.1
M03520:605:000000000-LVNKY:1:1106:27576:15201;size=10	RH.2AFFFBA0E81C482Z0Z_F	100.000	23	0	1.84e-08	46.1
M03520:605:000000000-LVNKY:1:1106:8131:19606;size=10	RH.DDB83AFF97C94C6Z0Z_R	100.000	25	0	1.18e-09	50.1
M03520:605:000000000-LVNKY:1:1106:9847:26214;size=10	RH.1CC74B91718A42FZ0Z_R	100.000	25	0	1.18e-09	50.1
M03520:605:000000000-LVNKY:1:1106:9847:26214;size=10	RH.1CC74B91718A42FZ0Z_F	100.000	24	0	4.65e-09	48.1
M03520:605:000000000-LVNKY:1:1107:10377:5144;size=10	RH.1CC74B91718A42FZ0Z_F	100.000	22	0	7.27e-08	44.1
M03520:605:000000000-LVNKY:1:1107:10377:5144;size=10	RH.1CC74B91718A42FZ0Z_R	100.000	21	0	2.87e-07	42.1
M03520:605:000000000-LVNKY:1:1107:13420:3455;size=10	RH.541A1C9A5856408Z0Z_F	100.000	24	0	4.65e-09	48.1
M03520:605:000000000-LVNKY:1:1107:13904:7155;size=10	RH.27578A9A85FA4A3Z0Z_F	100.000	24	0	4.65e-09	48.1
M03520:605:000000000-LVNKY:1:1107:13904:7155;size=10	RH.27578A9A85FA4A3Z0Z_R	100.000	22	0	7.27e-08	44.1
M03520:605:000000000-LVNKY:1:1107:15009:6755;size=10	RH.B9EF730EBE6C436Z0Z_F	100.000	25	0	1.18e-09	50.1
M03520:605:000000000-LVNKY:1:1107:15009:6755;size=10	RH.B9EF730EBE6C436Z0Z_R	96.000	25	1	2.87e-07	42.1
M03520:605:000000000-LVNKY:1:1107:15635:16358;size=10	RH.69CEA0AC39F4445Z0Z_F	100.000	24	0	4.65e-09	48.1
M03520:605:000000000-LVNKY:1:1107:15635:16358;size=10	RH.69CEA0AC39F4445Z0Z_R	100.000	23	0	1.84e-08	46.1
M03520:605:000000000-LVNKY:1:1107:19747:2502;size=10	RH.9C70B4C9923B4A8Z0Z_F	100.000	23	0	1.84e-08	46.1
M03520:605:000000000-LVNKY:1:1107:19747:2502;size=10	RH.9C70B4C9923B4A8Z0Z_R	95.652	23	1	4.48e-06	38.2
M03520:605:000000000-LVNKY:1:1107:22817:26497;size=10	RH.85A5303CAAF54ADZ0Z_R	100.000	22	0	7.27e-08	44.1
M03520:605:000000000-LVNKY:1:1107:22817:26497;size=10	RH.85A5303CAAF54ADZ0Z_F	100.000	21	0	2.87e-07	42.1
M03520:605:000000000-LVNKY:1:1108:17625:2249;size=10	RH.7CE39E25906745AZ0Z_F	100.000	25	0	1.18e-09	50.1
M03520:605:000000000-LVNKY:1:1108:17625:2249;size=10	RH.7CE39E25906745AZ0Z_R	100.000	24	0	4.65e-09	48.1
M03520:605:000000000-LVNKY:1:1108:9111:24009;size=10	RH.27578A9A85FA4A3Z0Z_F	100.000	24	0	4.65e-09	48.1
M03520:605:000000000-LVNKY:1:1110:23309:6424;size=10	RH.DDB83AFF97C94C6Z0Z_R	100.000	25	0	1.18e-09	50.1
M03520:605:000000000-LVNKY:1:1110:23309:6424;size=10	RH.DDB83AFF97C94C6Z0Z_F	95.833	24	1	1.13e-06	40.1
M03520:605:000000000-LVNKY:1:1110:2747:14572;size=10	RH.7CE39E25906745AZ0Z_F	100.000	25	0	1.18e-09	50.1
M03520:605:000000000-LVNKY:1:1110:2747:14572;size=10	RH.7CE39E25906745AZ0Z_R	96.154	26	1	7.27e-08	44.1
M03520:605:000000000-LVNKY:1:1112:27772:11454;size=10	RH.6572108A164E48EZ0Z_F	100.000	24	0	4.65e-09	48.1
M03520:605:000000000-LVNKY:1:1112:27772:11454;size=10	RH.6572108A164E48EZ0Z_R	100.000	22	0	7.27e-08	44.1
M03520:605:000000000-LVNKY:1:1112:3931:14451;size=10	RH.0096A141894D447Z0Z_R	100.000	21	0	2.87e-07	42.1
M03520:605:000000000-LVNKY:1:1112:3931:14451;size=10	RH.0096A141894D447Z0Z_F	95.833	24	1	1.13e-06	40.1
M03520:605:000000000-LVNKY:1:2101:5317:7913;size=10	RH.0BD19D1A26A74EBZ0Z_F	100.000	25	0	1.18e-09	50.1
M03520:605:000000000-LVNKY:1:2101:5317:7913;size=10	RH.0BD19D1A26A74EBZ0Z_R	95.833	24	1	1.13e-06	40.1
M03520:605:000000000-LVNKY:1:1101:10037:21557;size=9	RH.0096A141894D447Z0Z_R	100.000	21	0	2.87e-07	42.1
M03520:605:000000000-LVNKY:1:1101:10037:21557;size=9	RH.0096A141894D447Z0Z_F	95.833	24	1	1.13e-06	40.1
M03520:605:000000000-LVNKY:1:1101:11475:20259;size=9	RH.0550AF0F57084ADZ0Z_R	100.000	22	0	7.27e-08	44.1
M03520:605:000000000-LVNKY:1:1101:11475:20259;size=9	RH.0550AF0F57084ADZ0Z_F	100.000	22	0	7.27e-08	44.1
M03520:605:000000000-LVNKY:1:1101:11880:5916;size=9	RH.0550AF0F57084ADZ0Z_R	100.000	22	0	7.27e-08	44.1
M03520:605:000000000-LVNKY:1:1101:11880:5916;size=9	RH.0550AF0F57084ADZ0Z_F	100.000	21	0	2.87e-07	42.1
M03520:605:000000000-LVNKY:1:1101:12545:4167;size=9	RH.85A5303CAAF54ADZ0Z_R	100.000	22	0	7.27e-08	44.1
M03520:605:000000000-LVNKY:1:1101:12545:4167;size=9	RH.85A5303CAAF54ADZ0Z_F	100.000	21	0	2.87e-07	42.1
M03520:605:000000000-LVNKY:1:1101:12784:18297;size=9	RH.69CEA0AC39F4445Z0Z_F	100.000	24	0	4.65e-09	48.1
M03520:605:000000000-LVNKY:1:1101:12784:18297;size=9	RH.69CEA0AC39F4445Z0Z_R	100.000	23	0	1.84e-08	46.1
M03520:605:000000000-LVNKY:1:1101:13378:13547;size=9	RH.2AFFFBA0E81C482Z0Z_R	100.000	23	0	1.84e-08	46.1
M03520:605:000000000-LVNKY:1:1101:13378:13547;size=9	RH.2AFFFBA0E81C482Z0Z_F	100.000	23	0	1.84e-08	46.1
M03520:605:000000000-LVNKY:1:1101:13535:13688;size=9	RH.0096A141894D447Z0Z_F	100.000	24	0	4.65e-09	48.1
M03520:605:000000000-LVNKY:1:1101:13562:15313;size=9	RH.CA1E204B0C0842DZ0Z_F	100.000	26	0	2.98e-10	52.0
M03520:605:000000000-LVNKY:1:1101:13562:15313;size=9	RH.CA1E204B0C0842DZ0Z_R	100.000	24	0	4.65e-09	48.1
M03520:605:000000000-LVNKY:1:1101:14115:16649;size=9	RH.51338FA06EDB4F0Z0Z_F	100.000	25	0	1.18e-09	50.1
M03520:605:000000000-LVNKY:1:1101:14115:16649;size=9	RH.51338FA06EDB4F0Z0Z_R	100.000	25	0	1.18e-09	50.1
M03520:605:000000000-LVNKY:1:1101:14696:15876;size=9	RH.0096A141894D447Z0Z_F	100.000	24	0	4.65e-09	48.1
M03520:605:000000000-LVNKY:1:1101:14696:15876;size=9	RH.0096A141894D447Z0Z_R	100.000	21	0	2.87e-07	42.1
M03520:605:000000000-LVNKY:1:1101:14992:25297;size=9	RH.7CE39E25906745AZ0Z_R	100.000	26	0	2.98e-10	52.0
M03520:605:000000000-LVNKY:1:1101:14992:25297;size=9	RH.7CE39E25906745AZ0Z_F	100.000	24	0	4.65e-09	48.1
M03520:605:000000000-LVNKY:1:1101:15000:13890;size=9	RH.DDB83AFF97C94C6Z0Z_R	100.000	25	0	1.18e-09	50.1
M03520:605:000000000-LVNKY:1:1101:15000:13890;size=9	RH.DDB83AFF97C94C6Z0Z_F	100.000	24	0	4.65e-09	48.1
M03520:605:000000000-LVNKY:1:1101:15565:22734;size=9	RH.2AFFFBA0E81C482Z0Z_R	100.000	23	0	1.84e-08	46.1
M03520:605:000000000-LVNKY:1:1101:15565:22734;size=9	RH.2AFFFBA0E81C482Z0Z_F	100.000	23	0	1.84e-08	46.1
M03520:605:000000000-LVNKY:1:1101:15706:22239;size=9	RH.7CE39E25906745AZ0Z_R	100.000	26	0	2.98e-10	52.0
M03520:605:000000000-LVNKY:1:1101:15706:22239;size=9	RH.7CE39E25906745AZ0Z_F	100.000	25	0	1.18e-09	50.1
M03520:605:000000000-LVNKY:1:1101:16258:11940;size=9	RH.2A8AD21024974C0Z0Z_F	100.000	26	0	2.98e-10	52.0
M03520:605:000000000-LVNKY:1:1101:16258:11940;size=9	RH.2A8AD21024974C0Z0Z_R	96.000	25	1	2.87e-07	42.1
M03520:605:000000000-LVNKY:1:1101:16598:2336;size=9	RH.2AFFFBA0E81C482Z0Z_F	100.000	23	0	1.84e-08	46.1
M03520:605:000000000-LVNKY:1:1101:16598:2336;size=9	RH.2AFFFBA0E81C482Z0Z_R	100.000	23	0	1.84e-08	46.1
M03520:605:000000000-LVNKY:1:1101:17201:9531;size=9	RH.69CEA0AC39F4445Z0Z_F	100.000	24	0	4.65e-09	48.1
M03520:605:000000000-LVNKY:1:1101:17201:9531;size=9	RH.69CEA0AC39F4445Z0Z_R	100.000	23	0	1.84e-08	46.1
M03520:605:000000000-LVNKY:1:1101:17404:16873;size=9	RH.6572108A164E48EZ0Z_R	100.000	25	0	1.18e-09	50.1
M03520:605:000000000-LVNKY:1:1101:17404:16873;size=9	RH.6572108A164E48EZ0Z_F	100.000	24	0	4.65e-09	48.1
M03520:605:000000000-LVNKY:1:1101:17421:7410;size=9	RH.51338FA06EDB4F0Z0Z_F	100.000	25	0	1.18e-09	50.1
M03520:605:000000000-LVNKY:1:1101:17421:7410;size=9	RH.51338FA06EDB4F0Z0Z_R	96.000	25	1	2.87e-07	42.1
M03520:605:000000000-LVNKY:1:1101:18374:23652;size=9	RH.51338FA06EDB4F0Z0Z_F	100.000	25	0	1.18e-09	50.1
M03520:605:000000000-LVNKY:1:1101:18374:23652;size=9	RH.51338FA06EDB4F0Z0Z_R	100.000	25	0	1.18e-09	50.1
M03520:605:000000000-LVNKY:1:1101:18464:9919;size=9	RH.2AFFFBA0E81C482Z0Z_F	100.000	23	0	1.84e-08	46.1
M03520:605:000000000-LVNKY:1:1101:18464:9919;size=9	RH.2AFFFBA0E81C482Z0Z_R	95.652	23	1	4.48e-06	38.2
M03520:605:000000000-LVNKY:1:1101:18864:4684;size=9	RH.2AFFFBA0E81C482Z0Z_R	100.000	23	0	1.84e-08	46.1
M03520:605:000000000-LVNKY:1:1101:18864:4684;size=9	RH.2AFFFBA0E81C482Z0Z_F	100.000	23	0	1.84e-08	46.1
M03520:605:000000000-LVNKY:1:1101:19255:2372;size=9	RH.6572108A164E48EZ0Z_F	100.000	24	0	4.65e-09	48.1
M03520:605:000000000-LVNKY:1:1101:19255:2372;size=9	RH.6572108A164E48EZ0Z_R	96.000	25	1	2.87e-07	42.1
M03520:605:000000000-LVNKY:1:1101:20377:6205;size=9	RH.69CEA0AC39F4445Z0Z_F	100.000	24	0	4.65e-09	48.1
M03520:605:000000000-LVNKY:1:1101:20377:6205;size=9	RH.69CEA0AC39F4445Z0Z_R	95.652	23	1	4.48e-06	38.2
M03520:605:000000000-LVNKY:1:1101:20468:24811;size=9	RH.85A5303CAAF54ADZ0Z_R	100.000	22	0	7.27e-08	44.1
M03520:605:000000000-LVNKY:1:1101:20540:9103;size=9	RH.0096A141894D447Z0Z_F	100.000	24	0	4.65e-09	48.1
M03520:605:000000000-LVNKY:1:1101:20540:9103;size=9	RH.0096A141894D447Z0Z_R	100.000	20	0	1.13e-06	40.1
M03520:605:000000000-LVNKY:1:1101:20583:17761;size=9	RH.0096A141894D447Z0Z_F	100.000	24	0	4.65e-09	48.1
M03520:605:000000000-LVNKY:1:1101:20583:17761;size=9	RH.0096A141894D447Z0Z_R	100.000	21	0	2.87e-07	42.1
M03520:605:000000000-LVNKY:1:1101:20672:12678;size=9	RH.8B25A056ABC1444Z0Z_R	100.000	24	0	4.65e-09	48.1
M03520:605:000000000-LVNKY:1:1101:20672:12678;size=9	RH.8B25A056ABC1444Z0Z_F	100.000	22	0	7.27e-08	44.1
M03520:605:000000000-LVNKY:1:1101:20875:11421;size=9	RH.B9EF730EBE6C436Z0Z_F	100.000	25	0	1.18e-09	50.1
M03520:605:000000000-LVNKY:1:1101:20875:11421;size=9	RH.B9EF730EBE6C436Z0Z_R	100.000	22	0	7.27e-08	44.1
M03520:605:000000000-LVNKY:1:1101:20920:18037;size=9	RH.6572108A164E48EZ0Z_R	100.000	25	0	1.18e-09	50.1
M03520:605:000000000-LVNKY:1:1101:20920:18037;size=9	RH.6572108A164E48EZ0Z_F	95.833	24	1	1.13e-06	40.1
M03520:605:000000000-LVNKY:1:1101:21197:13277;size=9	RH.69CEA0AC39F4445Z0Z_F	100.000	24	0	4.65e-09	48.1
M03520:605:000000000-LVNKY:1:1101:21197:13277;size=9	RH.69CEA0AC39F4445Z0Z_R	100.000	23	0	1.84e-08	46.1
M03520:605:000000000-LVNKY:1:1101:21235:23546;size=9	RH.6572108A164E48EZ0Z_R	100.000	25	0	1.18e-09	50.1
M03520:605:000000000-LVNKY:1:1101:21235:23546;size=9	RH.6572108A164E48EZ0Z_F	100.000	24	0	4.65e-09	48.1
M03520:605:000000000-LVNKY:1:1101:21885:17017;size=9	RH.8BDD8BEDFC3B423Z0Z_F	100.000	21	0	2.87e-07	42.1
M03520:605:000000000-LVNKY:1:1101:21885:17017;size=9	RH.8BDD8BEDFC3B423Z0Z_R	100.000	21	0	2.87e-07	42.1
M03520:605:000000000-LVNKY:1:1101:22392:4604;size=9	RH.DDB83AFF97C94C6Z0Z_R	100.000	25	0	1.18e-09	50.1
M03520:605:000000000-LVNKY:1:1101:22392:4604;size=9	RH.DDB83AFF97C94C6Z0Z_F	95.833	24	1	1.13e-06	40.1
M03520:605:000000000-LVNKY:1:1101:22963:26122;size=9	RH.E04EE94198274F7Z0Z_F	100.000	25	0	1.18e-09	50.1
M03520:605:000000000-LVNKY:1:1101:22963:26122;size=9	RH.E04EE94198274F7Z0Z_R	95.833	24	1	1.13e-06	40.1
M03520:605:000000000-LVNKY:1:1101:24442:9515;size=9	RH.7CE39E25906745AZ0Z_R	100.000	26	0	2.98e-10	52.0
M03520:605:000000000-LVNKY:1:1101:24442:9515;size=9	RH.7CE39E25906745AZ0Z_F	96.000	25	1	2.87e-07	42.1
M03520:605:000000000-LVNKY:1:1101:24588:13311;size=9	RH.1CC74B91718A42FZ0Z_R	100.000	25	0	1.18e-09	50.1
M03520:605:000000000-LVNKY:1:1101:24588:13311;size=9	RH.1CC74B91718A42FZ0Z_F	100.000	24	0	4.65e-09	48.1
M03520:605:000000000-LVNKY:1:1101:25688:21514;size=9	RH.0096A141894D447Z0Z_F	100.000	24	0	4.65e-09	48.1
M03520:605:000000000-LVNKY:1:1101:25688:21514;size=9	RH.0096A141894D447Z0Z_R	100.000	21	0	2.87e-07	42.1
M03520:605:000000000-LVNKY:1:1101:2579:11784;size=9	RH.7CE39E25906745AZ0Z_R	100.000	26	0	2.98e-10	52.0
M03520:605:000000000-LVNKY:1:1101:2579:11784;size=9	RH.7CE39E25906745AZ0Z_F	100.000	25	0	1.18e-09	50.1
M03520:605:000000000-LVNKY:1:1101:26287:9256;size=9	RH.2A8AD21024974C0Z0Z_F	100.000	26	0	2.98e-10	52.0
M03520:605:000000000-LVNKY:1:1101:26287:9256;size=9	RH.2A8AD21024974C0Z0Z_R	100.000	25	0	1.18e-09	50.1
M03520:605:000000000-LVNKY:1:1101:26674:22247;size=9	RH.1CC74B91718A42FZ0Z_R	100.000	25	0	1.18e-09	50.1
M03520:605:000000000-LVNKY:1:1101:26674:22247;size=9	RH.1CC74B91718A42FZ0Z_F	100.000	22	0	7.27e-08	44.1
M03520:605:000000000-LVNKY:1:1101:26720:23846;size=9	RH.DDB83AFF97C94C6Z0Z_R	100.000	25	0	1.18e-09	50.1
M03520:605:000000000-LVNKY:1:1101:26720:23846;size=9	RH.DDB83AFF97C94C6Z0Z_F	100.000	24	0	4.65e-09	48.1
M03520:605:000000000-LVNKY:1:1101:27391:13689;size=9	RH.0096A141894D447Z0Z_F	100.000	24	0	4.65e-09	48.1
M03520:605:000000000-LVNKY:1:1101:27469:11912;size=9	RH.DE543226C201437Z0Z_R	100.000	20	0	1.13e-06	40.1
M03520:605:000000000-LVNKY:1:1101:27469:11912;size=9	RH.51338FA06EDB4F0Z0Z_R	95.652	23	1	4.48e-06	38.2
M03520:605:000000000-LVNKY:1:1101:2817:15372;size=9	RH.27578A9A85FA4A3Z0Z_F	100.000	24	0	4.65e-09	48.1
M03520:605:000000000-LVNKY:1:1101:2817:15372;size=9	RH.27578A9A85FA4A3Z0Z_R	100.000	22	0	7.27e-08	44.1
M03520:605:000000000-LVNKY:1:1101:28457:14488;size=9	RH.27578A9A85FA4A3Z0Z_F	100.000	24	0	4.65e-09	48.1
M03520:605:000000000-LVNKY:1:1101:28457:14488;size=9	RH.27578A9A85FA4A3Z0Z_R	100.000	22	0	7.27e-08	44.1
M03520:605:000000000-LVNKY:1:1101:4659:9824;size=9	RH.0550AF0F57084ADZ0Z_F	100.000	24	0	4.65e-09	48.1
M03520:605:000000000-LVNKY:1:1101:4659:9824;size=9	RH.0550AF0F57084ADZ0Z_R	100.000	22	0	7.27e-08	44.1
M03520:605:000000000-LVNKY:1:1101:4664:19812;size=9	RH.6572108A164E48EZ0Z_R	100.000	25	0	1.18e-09	50.1
M03520:605:000000000-LVNKY:1:1101:4664:19812;size=9	RH.6572108A164E48EZ0Z_F	100.000	24	0	4.65e-09	48.1
M03520:605:000000000-LVNKY:1:1101:5009:13828;size=9	RH.2AFFFBA0E81C482Z0Z_R	100.000	23	0	1.84e-08	46.1
M03520:605:000000000-LVNKY:1:1101:5009:13828;size=9	RH.2AFFFBA0E81C482Z0Z_F	100.000	23	0	1.84e-08	46.1
M03520:605:000000000-LVNKY:1:1101:6941:21743;size=9	RH.0BD19D1A26A74EBZ0Z_F	100.000	25	0	1.18e-09	50.1
M03520:605:000000000-LVNKY:1:1101:6941:21743;size=9	RH.0BD19D1A26A74EBZ0Z_R	100.000	24	0	4.65e-09	48.1
M03520:605:000000000-LVNKY:1:1101:8010:16970;size=9	RH.2091F326F74640CZ0Z_F	100.000	24	0	4.65e-09	48.1
M03520:605:000000000-LVNKY:1:1101:8010:16970;size=9	RH.2091F326F74640CZ0Z_R	100.000	22	0	7.27e-08	44.1
M03520:605:000000000-LVNKY:1:1101:8520:8093;size=9	RH.85A5303CAAF54ADZ0Z_R	100.000	22	0	7.27e-08	44.1
M03520:605:000000000-LVNKY:1:1101:8520:8093;size=9	RH.85A5303CAAF54ADZ0Z_F	100.000	21	0	2.87e-07	42.1
M03520:605:000000000-LVNKY:1:1101:8579:14749;size=9	RH.0550AF0F57084ADZ0Z_F	100.000	24	0	4.65e-09	48.1
M03520:605:000000000-LVNKY:1:1101:8579:14749;size=9	RH.0550AF0F57084ADZ0Z_R	100.000	22	0	7.27e-08	44.1
M03520:605:000000000-LVNKY:1:1101:8900:7357;size=9	RH.0BD19D1A26A74EBZ0Z_R	100.000	24	0	4.65e-09	48.1
M03520:605:000000000-LVNKY:1:1101:9797:10928;size=9	RH.2AFFFBA0E81C482Z0Z_R	100.000	23	0	1.84e-08	46.1
M03520:605:000000000-LVNKY:1:1101:9797:10928;size=9	RH.2AFFFBA0E81C482Z0Z_F	100.000	23	0	1.84e-08	46.1
M03520:605:000000000-LVNKY:1:1102:10297:4096;size=9	RH.51338FA06EDB4F0Z0Z_R	100.000	25	0	1.18e-09	50.1
M03520:605:000000000-LVNKY:1:1102:10297:4096;size=9	RH.51338FA06EDB4F0Z0Z_F	100.000	22	0	7.27e-08	44.1
M03520:605:000000000-LVNKY:1:1102:10732:9481;size=9	RH.69CEA0AC39F4445Z0Z_F	100.000	24	0	4.65e-09	48.1
M03520:605:000000000-LVNKY:1:1102:10732:9481;size=9	RH.69CEA0AC39F4445Z0Z_R	100.000	23	0	1.84e-08	46.1
M03520:605:000000000-LVNKY:1:1102:11245:26679;size=9	RH.7CE39E25906745AZ0Z_R	100.000	26	0	2.98e-10	52.0
M03520:605:000000000-LVNKY:1:1102:11245:26679;size=9	RH.7CE39E25906745AZ0Z_F	96.000	25	1	2.87e-07	42.1
M03520:605:000000000-LVNKY:1:1102:11370:13339;size=9	RH.85A5303CAAF54ADZ0Z_F	100.000	21	0	2.87e-07	42.1
M03520:605:000000000-LVNKY:1:1102:11370:13339;size=9	RH.85A5303CAAF54ADZ0Z_R	100.000	19	0	4.48e-06	38.2
M03520:605:000000000-LVNKY:1:1102:12155:24757;size=9	RH.DE543226C201437Z0Z_R	100.000	20	0	1.13e-06	40.1
M03520:605:000000000-LVNKY:1:1102:12155:24757;size=9	RH.51338FA06EDB4F0Z0Z_R	95.652	23	1	4.48e-06	38.2
M03520:605:000000000-LVNKY:1:1102:12303:6319;size=9	RH.6572108A164E48EZ0Z_R	100.000	25	0	1.18e-09	50.1
M03520:605:000000000-LVNKY:1:1102:12303:6319;size=9	RH.6572108A164E48EZ0Z_F	100.000	24	0	4.65e-09	48.1
M03520:605:000000000-LVNKY:1:1102:12781:18959;size=9	RH.0550AF0F57084ADZ0Z_F	100.000	24	0	4.65e-09	48.1
M03520:605:000000000-LVNKY:1:1102:12781:18959;size=9	RH.0550AF0F57084ADZ0Z_R	100.000	22	0	7.27e-08	44.1
M03520:605:000000000-LVNKY:1:1102:13021:17163;size=9	RH.DDB83AFF97C94C6Z0Z_R	100.000	25	0	1.18e-09	50.1
M03520:605:000000000-LVNKY:1:1102:13021:17163;size=9	RH.8B25A056ABC1444Z0Z_F	100.000	22	0	7.27e-08	44.1
M03520:605:000000000-LVNKY:1:1102:13202:22466;size=9	RH.7CE39E25906745AZ0Z_R	100.000	26	0	2.98e-10	52.0
M03520:605:000000000-LVNKY:1:1102:13202:22466;size=9	RH.7CE39E25906745AZ0Z_F	100.000	25	0	1.18e-09	50.1
M03520:605:000000000-LVNKY:1:1102:14289:15740;size=9	RH.0BD19D1A26A74EBZ0Z_F	100.000	25	0	1.18e-09	50.1
M03520:605:000000000-LVNKY:1:1102:14289:15740;size=9	RH.0BD19D1A26A74EBZ0Z_R	100.000	24	0	4.65e-09	48.1
M03520:605:000000000-LVNKY:1:1102:14764:28131;size=9	RH.7CE39E25906745AZ0Z_R	100.000	26	0	2.98e-10	52.0
M03520:605:000000000-LVNKY:1:1102:14764:28131;size=9	RH.7CE39E25906745AZ0Z_F	96.000	25	1	2.87e-07	42.1
M03520:605:000000000-LVNKY:1:1102:15398:25258;size=9	RH.2A8AD21024974C0Z0Z_F	100.000	26	0	2.98e-10	52.0
M03520:605:000000000-LVNKY:1:1102:15398:25258;size=9	RH.2A8AD21024974C0Z0Z_R	100.000	25	0	1.18e-09	50.1
M03520:605:000000000-LVNKY:1:1102:16284:24201;size=9	RH.1CC74B91718A42FZ0Z_R	100.000	25	0	1.18e-09	50.1
M03520:605:000000000-LVNKY:1:1102:16284:24201;size=9	RH.1CC74B91718A42FZ0Z_F	100.000	24	0	4.65e-09	48.1
M03520:605:000000000-LVNKY:1:1102:16464:23362;size=9	RH.7CE39E25906745AZ0Z_R	100.000	26	0	2.98e-10	52.0
M03520:605:000000000-LVNKY:1:1102:16464:23362;size=9	RH.7CE39E25906745AZ0Z_F	100.000	25	0	1.18e-09	50.1
M03520:605:000000000-LVNKY:1:1102:19055:17488;size=9	RH.7CE39E25906745AZ0Z_R	100.000	25	0	1.18e-09	50.1
M03520:605:000000000-LVNKY:1:1102:19055:17488;size=9	RH.7CE39E25906745AZ0Z_F	100.000	25	0	1.18e-09	50.1
M03520:605:000000000-LVNKY:1:1102:19154:7931;size=9	RH.DDB83AFF97C94C6Z0Z_R	100.000	25	0	1.18e-09	50.1
M03520:605:000000000-LVNKY:1:1102:19154:7931;size=9	RH.DDB83AFF97C94C6Z0Z_F	100.000	24	0	4.65e-09	48.1
M03520:605:000000000-LVNKY:1:1102:19664:3570;size=9	RH.2AFFFBA0E81C482Z0Z_F	100.000	23	0	1.84e-08	46.1
M03520:605:000000000-LVNKY:1:1102:19664:3570;size=9	RH.2AFFFBA0E81C482Z0Z_R	95.652	23	1	4.48e-06	38.2
M03520:605:000000000-LVNKY:1:1102:20277:28520;size=9	RH.0096A141894D447Z0Z_F	100.000	24	0	4.65e-09	48.1
M03520:605:000000000-LVNKY:1:1102:20277:28520;size=9	RH.0096A141894D447Z0Z_R	100.000	21	0	2.87e-07	42.1
M03520:605:000000000-LVNKY:1:1102:21026:16953;size=9	RH.51338FA06EDB4F0Z0Z_R	100.000	25	0	1.18e-09	50.1
M03520:605:000000000-LVNKY:1:1102:21026:16953;size=9	RH.51338FA06EDB4F0Z0Z_F	96.000	25	1	2.87e-07	42.1
M03520:605:000000000-LVNKY:1:1102:21086:9598;size=9	RH.0096A141894D447Z0Z_F	100.000	24	0	4.65e-09	48.1
M03520:605:000000000-LVNKY:1:1102:21086:9598;size=9	RH.0096A141894D447Z0Z_R	100.000	21	0	2.87e-07	42.1
M03520:605:000000000-LVNKY:1:1102:21143:6611;size=9	RH.7CE39E25906745AZ0Z_R	100.000	26	0	2.98e-10	52.0
M03520:605:000000000-LVNKY:1:1102:21143:6611;size=9	RH.7CE39E25906745AZ0Z_F	100.000	25	0	1.18e-09	50.1
M03520:605:000000000-LVNKY:1:1102:23087:16843;size=9	RH.0096A141894D447Z0Z_R	100.000	21	0	2.87e-07	42.1
M03520:605:000000000-LVNKY:1:1102:23087:16843;size=9	RH.0096A141894D447Z0Z_F	95.833	24	1	1.13e-06	40.1
M03520:605:000000000-LVNKY:1:1102:24016:13761;size=9	RH.0096A141894D447Z0Z_F	100.000	24	0	4.65e-09	48.1
M03520:605:000000000-LVNKY:1:1102:25361:21289;size=9	RH.B9EF730EBE6C436Z0Z_R	100.000	25	0	1.18e-09	50.1
M03520:605:000000000-LVNKY:1:1102:25361:21289;size=9	RH.B9EF730EBE6C436Z0Z_F	100.000	25	0	1.18e-09	50.1
M03520:605:000000000-LVNKY:1:1102:25502:11533;size=9	RH.7CE39E25906745AZ0Z_F	100.000	25	0	1.18e-09	50.1
M03520:605:000000000-LVNKY:1:1102:25502:11533;size=9	RH.7CE39E25906745AZ0Z_R	96.154	26	1	7.27e-08	44.1
M03520:605:000000000-LVNKY:1:1102:25707:7298;size=9	RH.8B25A056ABC1444Z0Z_R	100.000	24	0	4.65e-09	48.1
M03520:605:000000000-LVNKY:1:1102:25707:7298;size=9	RH.8B25A056ABC1444Z0Z_F	100.000	22	0	7.27e-08	44.1
M03520:605:000000000-LVNKY:1:1102:2576:11885;size=9	RH.2AFFFBA0E81C482Z0Z_F	100.000	23	0	1.84e-08	46.1
M03520:605:000000000-LVNKY:1:1102:2576:11885;size=9	RH.2AFFFBA0E81C482Z0Z_R	100.000	23	0	1.84e-08	46.1
M03520:605:000000000-LVNKY:1:1102:26730:8373;size=9	RH.DE543226C201437Z0Z_R	100.000	20	0	1.13e-06	40.1
M03520:605:000000000-LVNKY:1:1102:26730:8373;size=9	RH.51338FA06EDB4F0Z0Z_R	95.652	23	1	4.48e-06	38.2
M03520:605:000000000-LVNKY:1:1102:26840:13498;size=9	RH.0096A141894D447Z0Z_F	100.000	24	0	4.65e-09	48.1
M03520:605:000000000-LVNKY:1:1102:26840:13498;size=9	RH.0096A141894D447Z0Z_R	100.000	21	0	2.87e-07	42.1
M03520:605:000000000-LVNKY:1:1102:27193:21410;size=9	RH.0BD19D1A26A74EBZ0Z_F	100.000	25	0	1.18e-09	50.1
M03520:605:000000000-LVNKY:1:1102:29359:18451;size=9	RH.0096A141894D447Z0Z_F	100.000	24	0	4.65e-09	48.1
M03520:605:000000000-LVNKY:1:1102:29359:18451;size=9	RH.0096A141894D447Z0Z_R	100.000	21	0	2.87e-07	42.1
M03520:605:000000000-LVNKY:1:1102:3401:19414;size=9	RH.2AFFFBA0E81C482Z0Z_F	100.000	23	0	1.84e-08	46.1
M03520:605:000000000-LVNKY:1:1102:3542:17663;size=9	RH.51338FA06EDB4F0Z0Z_R	100.000	25	0	1.18e-09	50.1
M03520:605:000000000-LVNKY:1:1102:3542:17663;size=9	RH.51338FA06EDB4F0Z0Z_F	100.000	25	0	1.18e-09	50.1
M03520:605:000000000-LVNKY:1:1102:4585:6953;size=9	RH.0096A141894D447Z0Z_F	100.000	24	0	4.65e-09	48.1
M03520:605:000000000-LVNKY:1:1102:4585:6953;size=9	RH.0096A141894D447Z0Z_R	100.000	21	0	2.87e-07	42.1
M03520:605:000000000-LVNKY:1:1102:6006:17549;size=9	RH.0096A141894D447Z0Z_F	100.000	24	0	4.65e-09	48.1
M03520:605:000000000-LVNKY:1:1102:6006:17549;size=9	RH.0096A141894D447Z0Z_R	100.000	21	0	2.87e-07	42.1
M03520:605:000000000-LVNKY:1:1102:7628:21038;size=9	RH.51338FA06EDB4F0Z0Z_R	100.000	25	0	1.18e-09	50.1
M03520:605:000000000-LVNKY:1:1102:7628:21038;size=9	RH.51338FA06EDB4F0Z0Z_F	100.000	25	0	1.18e-09	50.1
M03520:605:000000000-LVNKY:1:1102:8762:24608;size=9	RH.2A8AD21024974C0Z0Z_F	100.000	26	0	2.98e-10	52.0
M03520:605:000000000-LVNKY:1:1102:8762:24608;size=9	RH.2A8AD21024974C0Z0Z_R	100.000	25	0	1.18e-09	50.1
M03520:605:000000000-LVNKY:1:1102:9735:13158;size=9	RH.51338FA06EDB4F0Z0Z_F	100.000	25	0	1.18e-09	50.1
M03520:605:000000000-LVNKY:1:1102:9735:13158;size=9	RH.51338FA06EDB4F0Z0Z_R	100.000	22	0	7.27e-08	44.1
M03520:605:000000000-LVNKY:1:1103:10937:20730;size=9	RH.2A8AD21024974C0Z0Z_F	100.000	26	0	2.98e-10	52.0
M03520:605:000000000-LVNKY:1:1103:10937:20730;size=9	RH.2A8AD21024974C0Z0Z_R	100.000	25	0	1.18e-09	50.1
M03520:605:000000000-LVNKY:1:1103:13428:17754;size=9	RH.85A5303CAAF54ADZ0Z_R	100.000	22	0	7.27e-08	44.1
M03520:605:000000000-LVNKY:1:1103:13428:17754;size=9	RH.85A5303CAAF54ADZ0Z_F	100.000	21	0	2.87e-07	42.1
M03520:605:000000000-LVNKY:1:1103:13844:6658;size=9	RH.69CEA0AC39F4445Z0Z_F	100.000	24	0	4.65e-09	48.1
M03520:605:000000000-LVNKY:1:1103:13844:6658;size=9	RH.69CEA0AC39F4445Z0Z_R	100.000	23	0	1.84e-08	46.1
M03520:605:000000000-LVNKY:1:1103:15631:18660;size=9	RH.2A8AD21024974C0Z0Z_F	100.000	26	0	2.98e-10	52.0
M03520:605:000000000-LVNKY:1:1103:15631:18660;size=9	RH.2A8AD21024974C0Z0Z_R	100.000	25	0	1.18e-09	50.1
M03520:605:000000000-LVNKY:1:1103:16184:4080;size=9	RH.CA1E204B0C0842DZ0Z_F	100.000	26	0	2.98e-10	52.0
M03520:605:000000000-LVNKY:1:1103:16184:4080;size=9	RH.CA1E204B0C0842DZ0Z_R	100.000	24	0	4.65e-09	48.1
M03520:605:000000000-LVNKY:1:1103:16586:8677;size=9	RH.27578A9A85FA4A3Z0Z_R	100.000	22	0	7.27e-08	44.1
M03520:605:000000000-LVNKY:1:1103:16586:8677;size=9	RH.27578A9A85FA4A3Z0Z_F	95.833	24	1	1.13e-06	40.1
M03520:605:000000000-LVNKY:1:1103:18621:10276;size=9	RH.7CE39E25906745AZ0Z_R	100.000	26	0	2.98e-10	52.0
M03520:605:000000000-LVNKY:1:1103:18621:10276;size=9	RH.7CE39E25906745AZ0Z_F	100.000	25	0	1.18e-09	50.1
M03520:605:000000000-LVNKY:1:1103:19742:22032;size=9	RH.69CEA0AC39F4445Z0Z_F	100.000	24	0	4.65e-09	48.1
M03520:605:000000000-LVNKY:1:1103:19742:22032;size=9	RH.69CEA0AC39F4445Z0Z_R	100.000	20	0	1.13e-06	40.1
M03520:605:000000000-LVNKY:1:1103:20653:22479;size=9	RH.0096A141894D447Z0Z_F	100.000	24	0	4.65e-09	48.1
M03520:605:000000000-LVNKY:1:1103:20653:22479;size=9	RH.0096A141894D447Z0Z_R	100.000	21	0	2.87e-07	42.1
M03520:605:000000000-LVNKY:1:1103:20664:16079;size=9	RH.B9EF730EBE6C436Z0Z_F	100.000	25	0	1.18e-09	50.1
M03520:605:000000000-LVNKY:1:1103:20664:16079;size=9	RH.B9EF730EBE6C436Z0Z_R	100.000	25	0	1.18e-09	50.1
M03520:605:000000000-LVNKY:1:1103:21802:13149;size=9	RH.DB98783D89B9417Z0Z_R	100.000	25	0	1.18e-09	50.1
M03520:605:000000000-LVNKY:1:1103:21802:13149;size=9	RH.DB98783D89B9417Z0Z_F	100.000	23	0	1.84e-08	46.1
M03520:605:000000000-LVNKY:1:1103:22565:8142;size=9	RH.2AFFFBA0E81C482Z0Z_R	100.000	23	0	1.84e-08	46.1
M03520:605:000000000-LVNKY:1:1103:22565:8142;size=9	RH.2AFFFBA0E81C482Z0Z_F	95.652	23	1	4.48e-06	38.2
M03520:605:000000000-LVNKY:1:1103:25320:11606;size=9	RH.51338FA06EDB4F0Z0Z_F	100.000	25	0	1.18e-09	50.1
M03520:605:000000000-LVNKY:1:1103:25320:11606;size=9	RH.51338FA06EDB4F0Z0Z_R	100.000	25	0	1.18e-09	50.1
M03520:605:000000000-LVNKY:1:1103:25440:19651;size=9	RH.2A8AD21024974C0Z0Z_R	100.000	25	0	1.18e-09	50.1
M03520:605:000000000-LVNKY:1:1103:25440:19651;size=9	RH.2A8AD21024974C0Z0Z_F	96.154	26	1	7.27e-08	44.1
M03520:605:000000000-LVNKY:1:1103:27716:14666;size=9	RH.2A8AD21024974C0Z0Z_F	100.000	26	0	2.98e-10	52.0
M03520:605:000000000-LVNKY:1:1103:27716:14666;size=9	RH.2A8AD21024974C0Z0Z_R	100.000	25	0	1.18e-09	50.1
M03520:605:000000000-LVNKY:1:1103:28404:16833;size=9	RH.69CEA0AC39F4445Z0Z_F	100.000	24	0	4.65e-09	48.1
M03520:605:000000000-LVNKY:1:1103:28404:16833;size=9	RH.69CEA0AC39F4445Z0Z_R	95.652	23	1	4.48e-06	38.2
M03520:605:000000000-LVNKY:1:1103:6550:24358;size=9	RH.DDB83AFF97C94C6Z0Z_R	100.000	25	0	1.18e-09	50.1
M03520:605:000000000-LVNKY:1:1103:6550:24358;size=9	RH.DDB83AFF97C94C6Z0Z_F	100.000	24	0	4.65e-09	48.1
M03520:605:000000000-LVNKY:1:1103:6811:23699;size=9	RH.85A5303CAAF54ADZ0Z_R	100.000	22	0	7.27e-08	44.1
M03520:605:000000000-LVNKY:1:1103:6811:23699;size=9	RH.85A5303CAAF54ADZ0Z_F	100.000	21	0	2.87e-07	42.1
M03520:605:000000000-LVNKY:1:1103:7182:15713;size=9	RH.0BD19D1A26A74EBZ0Z_F	100.000	25	0	1.18e-09	50.1
M03520:605:000000000-LVNKY:1:1103:7182:15713;size=9	RH.0BD19D1A26A74EBZ0Z_R	100.000	20	0	1.13e-06	40.1
M03520:605:000000000-LVNKY:1:1103:7470:13436;size=9	RH.7CE39E25906745AZ0Z_R	100.000	26	0	2.98e-10	52.0
M03520:605:000000000-LVNKY:1:1103:7470:13436;size=9	RH.7CE39E25906745AZ0Z_F	100.000	25	0	1.18e-09	50.1
M03520:605:000000000-LVNKY:1:1103:8996:16091;size=9	RH.DDB83AFF97C94C6Z0Z_R	100.000	25	0	1.18e-09	50.1
M03520:605:000000000-LVNKY:1:1103:8996:16091;size=9	RH.DDB83AFF97C94C6Z0Z_F	100.000	24	0	4.65e-09	48.1
M03520:605:000000000-LVNKY:1:1104:10700:16766;size=9	RH.6E1AE0460C7E46BZ0Z_F	100.000	23	0	1.84e-08	46.1
M03520:605:000000000-LVNKY:1:1104:10700:16766;size=9	RH.6E1AE0460C7E46BZ0Z_R	100.000	22	0	7.27e-08	44.1
M03520:605:000000000-LVNKY:1:1104:13740:20631;size=9	RH.0BD19D1A26A74EBZ0Z_F	100.000	25	0	1.18e-09	50.1
M03520:605:000000000-LVNKY:1:1104:13740:20631;size=9	RH.0BD19D1A26A74EBZ0Z_R	100.000	24	0	4.65e-09	48.1
M03520:605:000000000-LVNKY:1:1104:14739:22421;size=9	RH.DE543226C201437Z0Z_R	100.000	20	0	1.13e-06	40.1
M03520:605:000000000-LVNKY:1:1104:14739:22421;size=9	RH.51338FA06EDB4F0Z0Z_R	95.652	23	1	4.48e-06	38.2
M03520:605:000000000-LVNKY:1:1104:15408:5684;size=9	RH.DDB83AFF97C94C6Z0Z_R	100.000	25	0	1.18e-09	50.1
M03520:605:000000000-LVNKY:1:1104:15408:5684;size=9	RH.DDB83AFF97C94C6Z0Z_F	100.000	24	0	4.65e-09	48.1
M03520:605:000000000-LVNKY:1:1104:16009:13694;size=9	RH.1CC74B91718A42FZ0Z_F	100.000	24	0	4.65e-09	48.1
M03520:605:000000000-LVNKY:1:1104:16009:13694;size=9	RH.1CC74B91718A42FZ0Z_R	96.000	25	1	2.87e-07	42.1
M03520:605:000000000-LVNKY:1:1104:16064:12597;size=9	RH.2A8AD21024974C0Z0Z_F	100.000	26	0	2.98e-10	52.0
M03520:605:000000000-LVNKY:1:1104:16064:12597;size=9	RH.2A8AD21024974C0Z0Z_R	100.000	25	0	1.18e-09	50.1
M03520:605:000000000-LVNKY:1:1104:16980:13367;size=9	RH.2A8AD21024974C0Z0Z_F	100.000	26	0	2.98e-10	52.0
M03520:605:000000000-LVNKY:1:1104:16980:13367;size=9	RH.2A8AD21024974C0Z0Z_R	100.000	25	0	1.18e-09	50.1
M03520:605:000000000-LVNKY:1:1104:18418:21478;size=9	RH.B9EF730EBE6C436Z0Z_R	100.000	25	0	1.18e-09	50.1
M03520:605:000000000-LVNKY:1:1104:18418:21478;size=9	RH.B9EF730EBE6C436Z0Z_F	100.000	25	0	1.18e-09	50.1
M03520:605:000000000-LVNKY:1:1104:21961:21022;size=9	RH.0096A141894D447Z0Z_F	100.000	24	0	4.65e-09	48.1
M03520:605:000000000-LVNKY:1:1104:21961:21022;size=9	RH.0096A141894D447Z0Z_R	100.000	21	0	2.87e-07	42.1
M03520:605:000000000-LVNKY:1:1104:22186:23915;size=9	RH.0096A141894D447Z0Z_F	100.000	24	0	4.65e-09	48.1
M03520:605:000000000-LVNKY:1:1104:22186:23915;size=9	RH.0096A141894D447Z0Z_R	100.000	20	0	1.13e-06	40.1
M03520:605:000000000-LVNKY:1:1104:25911:8724;size=9	RH.7CE39E25906745AZ0Z_R	100.000	26	0	2.98e-10	52.0
M03520:605:000000000-LVNKY:1:1104:25911:8724;size=9	RH.7CE39E25906745AZ0Z_F	100.000	25	0	1.18e-09	50.1
M03520:605:000000000-LVNKY:1:1104:27817:17842;size=9	RH.DDB83AFF97C94C6Z0Z_R	100.000	25	0	1.18e-09	50.1
M03520:605:000000000-LVNKY:1:1104:27817:17842;size=9	RH.DDB83AFF97C94C6Z0Z_F	100.000	24	0	4.65e-09	48.1
M03520:605:000000000-LVNKY:1:1104:27851:19372;size=9	RH.DDB83AFF97C94C6Z0Z_R	100.000	25	0	1.18e-09	50.1
M03520:605:000000000-LVNKY:1:1104:27851:19372;size=9	RH.DDB83AFF97C94C6Z0Z_F	100.000	24	0	4.65e-09	48.1
M03520:605:000000000-LVNKY:1:1104:27859:11626;size=9	RH.2AFFFBA0E81C482Z0Z_R	100.000	23	0	1.84e-08	46.1
M03520:605:000000000-LVNKY:1:1104:27859:11626;size=9	RH.2AFFFBA0E81C482Z0Z_F	100.000	23	0	1.84e-08	46.1
M03520:605:000000000-LVNKY:1:1104:2843:10897;size=9	RH.2AFFFBA0E81C482Z0Z_R	100.000	23	0	1.84e-08	46.1
M03520:605:000000000-LVNKY:1:1104:2843:10897;size=9	RH.2AFFFBA0E81C482Z0Z_F	95.652	23	1	4.48e-06	38.2
M03520:605:000000000-LVNKY:1:1104:8156:23469;size=9	RH.185D4E36BBF74FEZ0Z_F	100.000	27	0	7.54e-11	54.0
M03520:605:000000000-LVNKY:1:1104:8156:23469;size=9	RH.185D4E36BBF74FEZ0Z_R	100.000	26	0	2.98e-10	52.0
M03520:605:000000000-LVNKY:1:1105:10362:7256;size=9	RH.7CE39E25906745AZ0Z_F	100.000	25	0	1.18e-09	50.1
M03520:605:000000000-LVNKY:1:1105:10362:7256;size=9	RH.7CE39E25906745AZ0Z_R	96.154	26	1	7.27e-08	44.1
M03520:605:000000000-LVNKY:1:1105:10762:22581;size=9	RH.0550AF0F57084ADZ0Z_F	100.000	24	0	4.65e-09	48.1
M03520:605:000000000-LVNKY:1:1105:11378:12655;size=9	RH.78B83B8D6A224B1Z0Z_R	100.000	23	0	1.84e-08	46.1
M03520:605:000000000-LVNKY:1:1105:11378:12655;size=9	RH.78B83B8D6A224B1Z0Z_F	100.000	22	0	7.27e-08	44.1
M03520:605:000000000-LVNKY:1:1105:11507:11935;size=9	RH.2A8AD21024974C0Z0Z_F	100.000	26	0	2.98e-10	52.0
M03520:605:000000000-LVNKY:1:1105:11507:11935;size=9	RH.2A8AD21024974C0Z0Z_R	100.000	24	0	4.65e-09	48.1
M03520:605:000000000-LVNKY:1:1105:12372:15637;size=9	RH.27578A9A85FA4A3Z0Z_F	100.000	24	0	4.65e-09	48.1
M03520:605:000000000-LVNKY:1:1105:12372:15637;size=9	RH.27578A9A85FA4A3Z0Z_R	100.000	22	0	7.27e-08	44.1
M03520:605:000000000-LVNKY:1:1105:13283:23980;size=9	RH.27578A9A85FA4A3Z0Z_F	100.000	24	0	4.65e-09	48.1
M03520:605:000000000-LVNKY:1:1105:13283:23980;size=9	RH.27578A9A85FA4A3Z0Z_R	100.000	22	0	7.27e-08	44.1
M03520:605:000000000-LVNKY:1:1105:15899:25232;size=9	RH.0096A141894D447Z0Z_F	100.000	24	0	4.65e-09	48.1
M03520:605:000000000-LVNKY:1:1105:16884:4332;size=9	RH.85A5303CAAF54ADZ0Z_R	100.000	22	0	7.27e-08	44.1
M03520:605:000000000-LVNKY:1:1105:16884:4332;size=9	RH.85A5303CAAF54ADZ0Z_F	100.000	21	0	2.87e-07	42.1
M03520:605:000000000-LVNKY:1:1105:20407:7708;size=9	RH.DDB83AFF97C94C6Z0Z_R	100.000	25	0	1.18e-09	50.1
M03520:605:000000000-LVNKY:1:1105:20407:7708;size=9	RH.DDB83AFF97C94C6Z0Z_F	100.000	24	0	4.65e-09	48.1
M03520:605:000000000-LVNKY:1:1105:22469:7632;size=9	RH.27578A9A85FA4A3Z0Z_F	100.000	23	0	1.84e-08	46.1
M03520:605:000000000-LVNKY:1:1105:22469:7632;size=9	RH.27578A9A85FA4A3Z0Z_R	100.000	22	0	7.27e-08	44.1
M03520:605:000000000-LVNKY:1:1105:24489:5805;size=9	RH.85A5303CAAF54ADZ0Z_R	100.000	22	0	7.27e-08	44.1
M03520:605:000000000-LVNKY:1:1105:24489:5805;size=9	RH.85A5303CAAF54ADZ0Z_F	100.000	21	0	2.87e-07	42.1
M03520:605:000000000-LVNKY:1:1105:25666:24393;size=9	RH.7CE39E25906745AZ0Z_R	100.000	26	0	2.98e-10	52.0
M03520:605:000000000-LVNKY:1:1105:25666:24393;size=9	RH.7CE39E25906745AZ0Z_F	100.000	25	0	1.18e-09	50.1
M03520:605:000000000-LVNKY:1:1105:26702:23076;size=9	RH.B9EF730EBE6C436Z0Z_R	100.000	25	0	1.18e-09	50.1
M03520:605:000000000-LVNKY:1:1105:26702:23076;size=9	RH.B9EF730EBE6C436Z0Z_F	100.000	25	0	1.18e-09	50.1
M03520:605:000000000-LVNKY:1:1105:28143:10126;size=9	RH.2A8AD21024974C0Z0Z_F	100.000	26	0	2.98e-10	52.0
M03520:605:000000000-LVNKY:1:1105:28143:10126;size=9	RH.2A8AD21024974C0Z0Z_R	100.000	25	0	1.18e-09	50.1
M03520:605:000000000-LVNKY:1:1105:28543:17098;size=9	RH.2AFFFBA0E81C482Z0Z_R	100.000	23	0	1.84e-08	46.1
M03520:605:000000000-LVNKY:1:1105:28543:17098;size=9	RH.2AFFFBA0E81C482Z0Z_F	100.000	23	0	1.84e-08	46.1
M03520:605:000000000-LVNKY:1:1106:10249:10808;size=9	RH.DE543226C201437Z0Z_R	100.000	20	0	1.13e-06	40.1
M03520:605:000000000-LVNKY:1:1106:11658:8960;size=9	RH.7CE39E25906745AZ0Z_R	100.000	26	0	2.98e-10	52.0
M03520:605:000000000-LVNKY:1:1106:11658:8960;size=9	RH.7CE39E25906745AZ0Z_F	100.000	25	0	1.18e-09	50.1
M03520:605:000000000-LVNKY:1:1106:14377:18486;size=9	RH.CF953F27F5674E1Z0Z_F	100.000	26	0	2.98e-10	52.0
M03520:605:000000000-LVNKY:1:1106:14377:18486;size=9	RH.CF953F27F5674E1Z0Z_R	100.000	25	0	1.18e-09	50.1
M03520:605:000000000-LVNKY:1:1106:16053:7991;size=9	RH.7CE39E25906745AZ0Z_F	100.000	25	0	1.18e-09	50.1
M03520:605:000000000-LVNKY:1:1106:16053:7991;size=9	RH.7CE39E25906745AZ0Z_R	100.000	22	0	7.27e-08	44.1
M03520:605:000000000-LVNKY:1:1106:16392:10265;size=9	RH.DDB83AFF97C94C6Z0Z_R	100.000	25	0	1.18e-09	50.1
M03520:605:000000000-LVNKY:1:1106:16392:10265;size=9	RH.DDB83AFF97C94C6Z0Z_F	100.000	24	0	4.65e-09	48.1
M03520:605:000000000-LVNKY:1:1106:22137:13720;size=9	RH.0BD19D1A26A74EBZ0Z_F	100.000	25	0	1.18e-09	50.1
M03520:605:000000000-LVNKY:1:1106:22137:13720;size=9	RH.0BD19D1A26A74EBZ0Z_R	100.000	24	0	4.65e-09	48.1
M03520:605:000000000-LVNKY:1:1106:22653:21541;size=9	RH.6572108A164E48EZ0Z_R	100.000	25	0	1.18e-09	50.1
M03520:605:000000000-LVNKY:1:1106:22653:21541;size=9	RH.6572108A164E48EZ0Z_F	100.000	24	0	4.65e-09	48.1
M03520:605:000000000-LVNKY:1:1106:23083:15598;size=9	RH.0096A141894D447Z0Z_F	100.000	24	0	4.65e-09	48.1
M03520:605:000000000-LVNKY:1:1106:23083:15598;size=9	RH.0096A141894D447Z0Z_R	100.000	21	0	2.87e-07	42.1
M03520:605:000000000-LVNKY:1:1106:26187:10835;size=9	RH.7CE39E25906745AZ0Z_R	100.000	26	0	2.98e-10	52.0
M03520:605:000000000-LVNKY:1:1106:26187:10835;size=9	RH.7CE39E25906745AZ0Z_F	100.000	25	0	1.18e-09	50.1
M03520:605:000000000-LVNKY:1:1106:26305:16223;size=9	RH.1CC74B91718A42FZ0Z_R	100.000	25	0	1.18e-09	50.1
M03520:605:000000000-LVNKY:1:1106:26305:16223;size=9	RH.1CC74B91718A42FZ0Z_F	100.000	24	0	4.65e-09	48.1
M03520:605:000000000-LVNKY:1:1106:27660:8775;size=9	RH.0550AF0F57084ADZ0Z_F	100.000	24	0	4.65e-09	48.1
M03520:605:000000000-LVNKY:1:1106:27660:8775;size=9	RH.0550AF0F57084ADZ0Z_R	100.000	22	0	7.27e-08	44.1
M03520:605:000000000-LVNKY:1:1106:28362:10341;size=9	RH.1CC74B91718A42FZ0Z_F	100.000	24	0	4.65e-09	48.1
M03520:605:000000000-LVNKY:1:1106:28362:10341;size=9	RH.1CC74B91718A42FZ0Z_R	100.000	23	0	1.84e-08	46.1
M03520:605:000000000-LVNKY:1:1106:28681:13299;size=9	RH.7CE39E25906745AZ0Z_R	100.000	26	0	2.98e-10	52.0
M03520:605:000000000-LVNKY:1:1106:28681:13299;size=9	RH.7CE39E25906745AZ0Z_F	100.000	25	0	1.18e-09	50.1
M03520:605:000000000-LVNKY:1:1106:3348:20136;size=9	RH.DDB83AFF97C94C6Z0Z_R	100.000	25	0	1.18e-09	50.1
M03520:605:000000000-LVNKY:1:1106:7571:17109;size=9	RH.7CE39E25906745AZ0Z_F	100.000	25	0	1.18e-09	50.1
M03520:605:000000000-LVNKY:1:1106:7571:17109;size=9	RH.7CE39E25906745AZ0Z_R	96.154	26	1	7.27e-08	44.1
M03520:605:000000000-LVNKY:1:1106:9161:13915;size=9	RH.51338FA06EDB4F0Z0Z_F	100.000	25	0	1.18e-09	50.1
M03520:605:000000000-LVNKY:1:1106:9161:13915;size=9	RH.51338FA06EDB4F0Z0Z_R	100.000	25	0	1.18e-09	50.1
M03520:605:000000000-LVNKY:1:1107:10361:6764;size=9	RH.DDB83AFF97C94C6Z0Z_R	100.000	25	0	1.18e-09	50.1
M03520:605:000000000-LVNKY:1:1107:10361:6764;size=9	RH.DDB83AFF97C94C6Z0Z_F	100.000	24	0	4.65e-09	48.1
M03520:605:000000000-LVNKY:1:1107:17187:11080;size=9	RH.0096A141894D447Z0Z_F	100.000	24	0	4.65e-09	48.1
M03520:605:000000000-LVNKY:1:1107:17187:11080;size=9	RH.0096A141894D447Z0Z_R	100.000	20	0	1.13e-06	40.1
M03520:605:000000000-LVNKY:1:1107:21668:9589;size=9	RH.0BD19D1A26A74EBZ0Z_F	100.000	25	0	1.18e-09	50.1
M03520:605:000000000-LVNKY:1:1107:21668:9589;size=9	RH.0BD19D1A26A74EBZ0Z_R	100.000	24	0	4.65e-09	48.1
M03520:605:000000000-LVNKY:1:1107:25705:20876;size=9	RH.6572108A164E48EZ0Z_R	100.000	25	0	1.18e-09	50.1
M03520:605:000000000-LVNKY:1:1107:25705:20876;size=9	RH.6572108A164E48EZ0Z_F	100.000	24	0	4.65e-09	48.1
M03520:605:000000000-LVNKY:1:1107:5410:11677;size=9	RH.69CEA0AC39F4445Z0Z_F	100.000	24	0	4.65e-09	48.1
M03520:605:000000000-LVNKY:1:1107:5410:11677;size=9	RH.69CEA0AC39F4445Z0Z_R	100.000	23	0	1.84e-08	46.1
M03520:605:000000000-LVNKY:1:1108:10780:19073;size=9	RH.DDB83AFF97C94C6Z0Z_F	100.000	24	0	4.65e-09	48.1
M03520:605:000000000-LVNKY:1:1108:10780:19073;size=9	RH.6572108A164E48EZ0Z_R	96.000	25	1	2.87e-07	42.1
M03520:605:000000000-LVNKY:1:1108:10780:19073;size=9	RH.F7E3D42951B44CCZ0Z_F	100.000	21	0	2.87e-07	42.1
M03520:605:000000000-LVNKY:1:1108:16007:13248;size=9	RH.27578A9A85FA4A3Z0Z_F	100.000	24	0	4.65e-09	48.1
M03520:605:000000000-LVNKY:1:1108:16007:13248;size=9	RH.27578A9A85FA4A3Z0Z_R	100.000	22	0	7.27e-08	44.1
M03520:605:000000000-LVNKY:1:1108:18032:8464;size=9	RH.2AFFFBA0E81C482Z0Z_R	100.000	23	0	1.84e-08	46.1
M03520:605:000000000-LVNKY:1:1108:18032:8464;size=9	RH.2AFFFBA0E81C482Z0Z_F	100.000	23	0	1.84e-08	46.1
M03520:605:000000000-LVNKY:1:1108:18556:13281;size=9	RH.0BD19D1A26A74EBZ0Z_F	100.000	25	0	1.18e-09	50.1
M03520:605:000000000-LVNKY:1:1108:18556:13281;size=9	RH.0BD19D1A26A74EBZ0Z_R	100.000	22	0	7.27e-08	44.1
M03520:605:000000000-LVNKY:1:1108:3998:19192;size=9	RH.2AFFFBA0E81C482Z0Z_F	100.000	23	0	1.84e-08	46.1
M03520:605:000000000-LVNKY:1:1108:3998:19192;size=9	RH.2AFFFBA0E81C482Z0Z_R	100.000	19	0	4.48e-06	38.2
M03520:605:000000000-LVNKY:1:1109:14201:4644;size=9	RH.2A8AD21024974C0Z0Z_R	100.000	25	0	1.18e-09	50.1
M03520:605:000000000-LVNKY:1:1109:14201:4644;size=9	RH.2A8AD21024974C0Z0Z_F	96.154	26	1	7.27e-08	44.1
M03520:605:000000000-LVNKY:1:1109:3401:19253;size=9	RH.6572108A164E48EZ0Z_R	100.000	25	0	1.18e-09	50.1
M03520:605:000000000-LVNKY:1:1109:3401:19253;size=9	RH.6572108A164E48EZ0Z_F	100.000	24	0	4.65e-09	48.1
M03520:605:000000000-LVNKY:1:1110:13042:5766;size=9	RH.7CE39E25906745AZ0Z_F	100.000	25	0	1.18e-09	50.1
M03520:605:000000000-LVNKY:1:1110:13042:5766;size=9	RH.7CE39E25906745AZ0Z_R	96.154	26	1	7.27e-08	44.1
M03520:605:000000000-LVNKY:1:1110:22693:21496;size=9	RH.0096A141894D447Z0Z_F	100.000	24	0	4.65e-09	48.1
M03520:605:000000000-LVNKY:1:1110:22693:21496;size=9	RH.0096A141894D447Z0Z_R	100.000	21	0	2.87e-07	42.1
M03520:605:000000000-LVNKY:1:1111:12367:8567;size=9	RH.DE543226C201437Z0Z_R	100.000	20	0	1.13e-06	40.1
M03520:605:000000000-LVNKY:1:1111:12367:8567;size=9	RH.51338FA06EDB4F0Z0Z_R	95.652	23	1	4.48e-06	38.2
M03520:605:000000000-LVNKY:1:1111:13273:7415;size=9	RH.7CE39E25906745AZ0Z_R	100.000	26	0	2.98e-10	52.0
M03520:605:000000000-LVNKY:1:1111:13273:7415;size=9	RH.7CE39E25906745AZ0Z_F	100.000	25	0	1.18e-09	50.1
M03520:605:000000000-LVNKY:1:1111:3282:18705;size=9	RH.1CC74B91718A42FZ0Z_R	100.000	25	0	1.18e-09	50.1
M03520:605:000000000-LVNKY:1:1111:3282:18705;size=9	RH.1CC74B91718A42FZ0Z_F	100.000	24	0	4.65e-09	48.1
M03520:605:000000000-LVNKY:1:1112:17988:2258;size=9	RH.0096A141894D447Z0Z_F	100.000	24	0	4.65e-09	48.1
M03520:605:000000000-LVNKY:1:1112:18848:17410;size=9	RH.DDB83AFF97C94C6Z0Z_R	100.000	25	0	1.18e-09	50.1
M03520:605:000000000-LVNKY:1:1112:18848:17410;size=9	RH.DDB83AFF97C94C6Z0Z_F	100.000	24	0	4.65e-09	48.1
M03520:605:000000000-LVNKY:1:1101:10255:26166;size=8	RH.69CEA0AC39F4445Z0Z_F	100.000	24	0	4.65e-09	48.1
M03520:605:000000000-LVNKY:1:1101:10255:26166;size=8	RH.69CEA0AC39F4445Z0Z_R	100.000	23	0	1.84e-08	46.1
M03520:605:000000000-LVNKY:1:1101:10417:3055;size=8	RH.DE543226C201437Z0Z_R	100.000	20	0	1.13e-06	40.1
M03520:605:000000000-LVNKY:1:1101:10417:3055;size=8	RH.51338FA06EDB4F0Z0Z_R	95.652	23	1	4.48e-06	38.2
M03520:605:000000000-LVNKY:1:1101:11430:10787;size=8	RH.0096A141894D447Z0Z_F	100.000	24	0	4.65e-09	48.1
M03520:605:000000000-LVNKY:1:1101:11430:10787;size=8	RH.0096A141894D447Z0Z_R	100.000	19	0	4.48e-06	38.2
M03520:605:000000000-LVNKY:1:1101:11746:23382;size=8	RH.DDB83AFF97C94C6Z0Z_R	100.000	25	0	1.18e-09	50.1
M03520:605:000000000-LVNKY:1:1101:11746:23382;size=8	RH.DDB83AFF97C94C6Z0Z_F	100.000	23	0	1.84e-08	46.1
M03520:605:000000000-LVNKY:1:1101:11757:1996;size=8	RH.27578A9A85FA4A3Z0Z_F	100.000	24	0	4.65e-09	48.1
M03520:605:000000000-LVNKY:1:1101:11757:1996;size=8	RH.27578A9A85FA4A3Z0Z_R	100.000	22	0	7.27e-08	44.1
M03520:605:000000000-LVNKY:1:1101:11767:15186;size=8	RH.DDB83AFF97C94C6Z0Z_F	100.000	24	0	4.65e-09	48.1
M03520:605:000000000-LVNKY:1:1101:11767:15186;size=8	RH.DDB83AFF97C94C6Z0Z_R	100.000	22	0	7.27e-08	44.1
M03520:605:000000000-LVNKY:1:1101:11836:5049;size=8	RH.27578A9A85FA4A3Z0Z_F	100.000	24	0	4.65e-09	48.1
M03520:605:000000000-LVNKY:1:1101:11836:5049;size=8	RH.27578A9A85FA4A3Z0Z_R	100.000	22	0	7.27e-08	44.1
M03520:605:000000000-LVNKY:1:1101:12014:22178;size=8	RH.DDB83AFF97C94C6Z0Z_F	100.000	24	0	4.65e-09	48.1
M03520:605:000000000-LVNKY:1:1101:12014:22178;size=8	RH.DDB83AFF97C94C6Z0Z_R	100.000	23	0	1.84e-08	46.1
M03520:605:000000000-LVNKY:1:1101:12215:26459;size=8	RH.0BD19D1A26A74EBZ0Z_F	100.000	25	0	1.18e-09	50.1
M03520:605:000000000-LVNKY:1:1101:12215:26459;size=8	RH.0BD19D1A26A74EBZ0Z_R	100.000	24	0	4.65e-09	48.1
M03520:605:000000000-LVNKY:1:1101:12216:14676;size=8	RH.DDB83AFF97C94C6Z0Z_R	100.000	25	0	1.18e-09	50.1
M03520:605:000000000-LVNKY:1:1101:12216:14676;size=8	RH.DDB83AFF97C94C6Z0Z_F	100.000	24	0	4.65e-09	48.1
M03520:605:000000000-LVNKY:1:1101:12678:10737;size=8	RH.7CE39E25906745AZ0Z_R	100.000	26	0	2.98e-10	52.0
M03520:605:000000000-LVNKY:1:1101:12678:10737;size=8	RH.7CE39E25906745AZ0Z_F	100.000	25	0	1.18e-09	50.1
M03520:605:000000000-LVNKY:1:1101:12798:17022;size=8	RH.0096A141894D447Z0Z_F	100.000	24	0	4.65e-09	48.1
M03520:605:000000000-LVNKY:1:1101:12798:17022;size=8	RH.0096A141894D447Z0Z_R	100.000	21	0	2.87e-07	42.1
M03520:605:000000000-LVNKY:1:1101:13283:13565;size=8	RH.27578A9A85FA4A3Z0Z_F	100.000	24	0	4.65e-09	48.1
M03520:605:000000000-LVNKY:1:1101:13283:13565;size=8	RH.27578A9A85FA4A3Z0Z_R	100.000	22	0	7.27e-08	44.1
M03520:605:000000000-LVNKY:1:1101:13493:12597;size=8	RH.85A5303CAAF54ADZ0Z_F	100.000	21	0	2.87e-07	42.1
M03520:605:000000000-LVNKY:1:1101:14742:13898;size=8	RH.0550AF0F57084ADZ0Z_F	100.000	24	0	4.65e-09	48.1
M03520:605:000000000-LVNKY:1:1101:14742:13898;size=8	RH.0550AF0F57084ADZ0Z_R	100.000	22	0	7.27e-08	44.1
M03520:605:000000000-LVNKY:1:1101:14965:21493;size=8	RH.51338FA06EDB4F0Z0Z_F	100.000	25	0	1.18e-09	50.1
M03520:605:000000000-LVNKY:1:1101:14965:21493;size=8	RH.51338FA06EDB4F0Z0Z_R	100.000	25	0	1.18e-09	50.1
M03520:605:000000000-LVNKY:1:1101:15052:11138;size=8	RH.0096A141894D447Z0Z_F	100.000	24	0	4.65e-09	48.1
M03520:605:000000000-LVNKY:1:1101:16091:16295;size=8	RH.DDB83AFF97C94C6Z0Z_R	100.000	25	0	1.18e-09	50.1
M03520:605:000000000-LVNKY:1:1101:16091:16295;size=8	RH.DDB83AFF97C94C6Z0Z_F	100.000	24	0	4.65e-09	48.1
M03520:605:000000000-LVNKY:1:1101:16331:1985;size=8	RH.DE543226C201437Z0Z_R	100.000	20	0	1.13e-06	40.1
M03520:605:000000000-LVNKY:1:1101:16331:1985;size=8	RH.51338FA06EDB4F0Z0Z_R	95.652	23	1	4.48e-06	38.2
M03520:605:000000000-LVNKY:1:1101:16487:5290;size=8	RH.2A8AD21024974C0Z0Z_F	100.000	26	0	2.98e-10	52.0
M03520:605:000000000-LVNKY:1:1101:16487:5290;size=8	RH.2A8AD21024974C0Z0Z_R	100.000	25	0	1.18e-09	50.1
M03520:605:000000000-LVNKY:1:1101:16575:25234;size=8	RH.0BD19D1A26A74EBZ0Z_F	100.000	25	0	1.18e-09	50.1
M03520:605:000000000-LVNKY:1:1101:16575:25234;size=8	RH.0BD19D1A26A74EBZ0Z_R	100.000	24	0	4.65e-09	48.1
M03520:605:000000000-LVNKY:1:1101:16698:22425;size=8	RH.8B25A056ABC1444Z0Z_R	100.000	24	0	4.65e-09	48.1
M03520:605:000000000-LVNKY:1:1101:16698:22425;size=8	RH.27578A9A85FA4A3Z0Z_F	100.000	24	0	4.65e-09	48.1
M03520:605:000000000-LVNKY:1:1101:16767:6281;size=8	RH.DDB83AFF97C94C6Z0Z_R	100.000	25	0	1.18e-09	50.1
M03520:605:000000000-LVNKY:1:1101:16767:6281;size=8	RH.DDB83AFF97C94C6Z0Z_F	100.000	24	0	4.65e-09	48.1
M03520:605:000000000-LVNKY:1:1101:17089:10656;size=8	RH.7CE39E25906745AZ0Z_F	100.000	25	0	1.18e-09	50.1
M03520:605:000000000-LVNKY:1:1101:17089:10656;size=8	RH.7CE39E25906745AZ0Z_R	96.154	26	1	7.27e-08	44.1
M03520:605:000000000-LVNKY:1:1101:17216:17266;size=8	RH.DDB83AFF97C94C6Z0Z_R	100.000	25	0	1.18e-09	50.1
M03520:605:000000000-LVNKY:1:1101:17216:17266;size=8	RH.DDB83AFF97C94C6Z0Z_F	100.000	24	0	4.65e-09	48.1
M03520:605:000000000-LVNKY:1:1101:17530:4497;size=8	RH.7CE39E25906745AZ0Z_F	100.000	25	0	1.18e-09	50.1
M03520:605:000000000-LVNKY:1:1101:17530:4497;size=8	RH.7CE39E25906745AZ0Z_R	96.154	26	1	7.27e-08	44.1
M03520:605:000000000-LVNKY:1:1101:17572:9020;size=8	RH.DDB83AFF97C94C6Z0Z_R	100.000	25	0	1.18e-09	50.1
M03520:605:000000000-LVNKY:1:1101:17572:9020;size=8	RH.DDB83AFF97C94C6Z0Z_F	95.833	24	1	1.13e-06	40.1
M03520:605:000000000-LVNKY:1:1101:17812:16680;size=8	RH.2A8AD21024974C0Z0Z_F	100.000	26	0	2.98e-10	52.0
M03520:605:000000000-LVNKY:1:1101:17812:16680;size=8	RH.2A8AD21024974C0Z0Z_R	100.000	25	0	1.18e-09	50.1
M03520:605:000000000-LVNKY:1:1101:18326:12905;size=8	RH.0550AF0F57084ADZ0Z_F	100.000	24	0	4.65e-09	48.1
M03520:605:000000000-LVNKY:1:1101:18326:12905;size=8	RH.0550AF0F57084ADZ0Z_R	100.000	22	0	7.27e-08	44.1
M03520:605:000000000-LVNKY:1:1101:18804:26114;size=8	RH.0BD19D1A26A74EBZ0Z_F	100.000	25	0	1.18e-09	50.1
M03520:605:000000000-LVNKY:1:1101:18804:26114;size=8	RH.0BD19D1A26A74EBZ0Z_R	100.000	24	0	4.65e-09	48.1
M03520:605:000000000-LVNKY:1:1101:19110:24756;size=8	RH.0096A141894D447Z0Z_F	100.000	24	0	4.65e-09	48.1
M03520:605:000000000-LVNKY:1:1101:19110:24756;size=8	RH.0096A141894D447Z0Z_R	100.000	21	0	2.87e-07	42.1
M03520:605:000000000-LVNKY:1:1101:19353:21538;size=8	RH.2A8AD21024974C0Z0Z_F	100.000	26	0	2.98e-10	52.0
M03520:605:000000000-LVNKY:1:1101:19353:21538;size=8	RH.2A8AD21024974C0Z0Z_R	100.000	25	0	1.18e-09	50.1
M03520:605:000000000-LVNKY:1:1101:19458:14514;size=8	RH.CA1E204B0C0842DZ0Z_F	100.000	26	0	2.98e-10	52.0
M03520:605:000000000-LVNKY:1:1101:19458:14514;size=8	RH.CA1E204B0C0842DZ0Z_R	100.000	24	0	4.65e-09	48.1
M03520:605:000000000-LVNKY:1:1101:19732:18621;size=8	RH.7CE39E25906745AZ0Z_F	100.000	25	0	1.18e-09	50.1
M03520:605:000000000-LVNKY:1:1101:19894:13708;size=8	RH.7CE39E25906745AZ0Z_R	100.000	26	0	2.98e-10	52.0
M03520:605:000000000-LVNKY:1:1101:19894:13708;size=8	RH.7CE39E25906745AZ0Z_F	100.000	25	0	1.18e-09	50.1
M03520:605:000000000-LVNKY:1:1101:20236:9343;size=8	RH.8B25A056ABC1444Z0Z_R	100.000	24	0	4.65e-09	48.1
M03520:605:000000000-LVNKY:1:1101:20699:18497;size=8	RH.0096A141894D447Z0Z_R	100.000	21	0	2.87e-07	42.1
M03520:605:000000000-LVNKY:1:1101:20699:18497;size=8	RH.0096A141894D447Z0Z_F	95.833	24	1	1.13e-06	40.1
M03520:605:000000000-LVNKY:1:1101:20827:6285;size=8	RH.7CE39E25906745AZ0Z_R	100.000	26	0	2.98e-10	52.0
M03520:605:000000000-LVNKY:1:1101:20827:6285;size=8	RH.7CE39E25906745AZ0Z_F	100.000	25	0	1.18e-09	50.1
M03520:605:000000000-LVNKY:1:1101:21189:27467;size=8	RH.7CE39E25906745AZ0Z_R	100.000	26	0	2.98e-10	52.0
M03520:605:000000000-LVNKY:1:1101:21189:27467;size=8	RH.7CE39E25906745AZ0Z_F	100.000	25	0	1.18e-09	50.1
M03520:605:000000000-LVNKY:1:1101:21225:26027;size=8	RH.185D4E36BBF74FEZ0Z_F	100.000	27	0	7.54e-11	54.0
M03520:605:000000000-LVNKY:1:1101:21225:26027;size=8	RH.185D4E36BBF74FEZ0Z_R	100.000	26	0	2.98e-10	52.0
M03520:605:000000000-LVNKY:1:1101:22512:14317;size=8	RH.7CE39E25906745AZ0Z_R	100.000	26	0	2.98e-10	52.0
M03520:605:000000000-LVNKY:1:1101:22512:14317;size=8	RH.7CE39E25906745AZ0Z_F	100.000	21	0	2.87e-07	42.1
M03520:605:000000000-LVNKY:1:1101:22854:6225;size=8	RH.51338FA06EDB4F0Z0Z_F	100.000	25	0	1.18e-09	50.1
M03520:605:000000000-LVNKY:1:1101:22854:6225;size=8	RH.51338FA06EDB4F0Z0Z_R	100.000	25	0	1.18e-09	50.1
M03520:605:000000000-LVNKY:1:1101:23032:12775;size=8	RH.6572108A164E48EZ0Z_R	100.000	25	0	1.18e-09	50.1
M03520:605:000000000-LVNKY:1:1101:23032:12775;size=8	RH.6572108A164E48EZ0Z_F	100.000	24	0	4.65e-09	48.1
M03520:605:000000000-LVNKY:1:1101:23082:13812;size=8	RH.7CE39E25906745AZ0Z_F	100.000	25	0	1.18e-09	50.1
M03520:605:000000000-LVNKY:1:1101:23471:7645;size=8	RH.6572108A164E48EZ0Z_R	100.000	25	0	1.18e-09	50.1
M03520:605:000000000-LVNKY:1:1101:23471:7645;size=8	RH.6572108A164E48EZ0Z_F	100.000	24	0	4.65e-09	48.1
M03520:605:000000000-LVNKY:1:1101:23552:7499;size=8	RH.6572108A164E48EZ0Z_F	100.000	24	0	4.65e-09	48.1
M03520:605:000000000-LVNKY:1:1101:23552:7499;size=8	RH.F7E3D42951B44CCZ0Z_R	100.000	22	0	7.27e-08	44.1
M03520:605:000000000-LVNKY:1:1101:23614:10962;size=8	RH.7CE39E25906745AZ0Z_R	100.000	26	0	2.98e-10	52.0
M03520:605:000000000-LVNKY:1:1101:23855:9087;size=8	RH.0BD19D1A26A74EBZ0Z_F	100.000	24	0	4.65e-09	48.1
M03520:605:000000000-LVNKY:1:1101:23855:9087;size=8	RH.0BD19D1A26A74EBZ0Z_R	100.000	24	0	4.65e-09	48.1
M03520:605:000000000-LVNKY:1:1101:24139:7708;size=8	RH.69CEA0AC39F4445Z0Z_F	100.000	24	0	4.65e-09	48.1
M03520:605:000000000-LVNKY:1:1101:24139:7708;size=8	RH.69CEA0AC39F4445Z0Z_R	100.000	23	0	1.84e-08	46.1
M03520:605:000000000-LVNKY:1:1101:24239:7938;size=8	RH.E04EE94198274F7Z0Z_F	100.000	25	0	1.18e-09	50.1
M03520:605:000000000-LVNKY:1:1101:24239:7938;size=8	RH.E04EE94198274F7Z0Z_R	95.833	24	1	1.13e-06	40.1
M03520:605:000000000-LVNKY:1:1101:24700:19095;size=8	RH.0096A141894D447Z0Z_F	100.000	24	0	4.65e-09	48.1
M03520:605:000000000-LVNKY:1:1101:25631:19622;size=8	RH.0BD19D1A26A74EBZ0Z_F	100.000	25	0	1.18e-09	50.1
M03520:605:000000000-LVNKY:1:1101:25631:19622;size=8	RH.0BD19D1A26A74EBZ0Z_R	100.000	24	0	4.65e-09	48.1
M03520:605:000000000-LVNKY:1:1101:25702:16935;size=8	RH.51338FA06EDB4F0Z0Z_R	100.000	25	0	1.18e-09	50.1
M03520:605:000000000-LVNKY:1:1101:25702:16935;size=8	RH.51338FA06EDB4F0Z0Z_F	100.000	25	0	1.18e-09	50.1
M03520:605:000000000-LVNKY:1:1101:26007:16855;size=8	RH.0096A141894D447Z0Z_F	100.000	24	0	4.65e-09	48.1
M03520:605:000000000-LVNKY:1:1101:26007:16855;size=8	RH.0096A141894D447Z0Z_R	100.000	21	0	2.87e-07	42.1
M03520:605:000000000-LVNKY:1:1101:26052:19045;size=8	RH.0096A141894D447Z0Z_F	100.000	24	0	4.65e-09	48.1
M03520:605:000000000-LVNKY:1:1101:26052:19045;size=8	RH.0096A141894D447Z0Z_R	100.000	21	0	2.87e-07	42.1
M03520:605:000000000-LVNKY:1:1101:26086:9635;size=8	RH.B9EF730EBE6C436Z0Z_R	100.000	25	0	1.18e-09	50.1
M03520:605:000000000-LVNKY:1:1101:26086:9635;size=8	RH.B9EF730EBE6C436Z0Z_F	96.000	25	1	2.87e-07	42.1
M03520:605:000000000-LVNKY:1:1101:26209:10548;size=8	RH.CA1E204B0C0842DZ0Z_F	100.000	26	0	2.98e-10	52.0
M03520:605:000000000-LVNKY:1:1101:26209:10548;size=8	RH.CA1E204B0C0842DZ0Z_R	100.000	24	0	4.65e-09	48.1
M03520:605:000000000-LVNKY:1:1101:26610:19893;size=8	RH.7CE39E25906745AZ0Z_R	100.000	26	0	2.98e-10	52.0
M03520:605:000000000-LVNKY:1:1101:27525:10326;size=8	RH.0550AF0F57084ADZ0Z_F	100.000	24	0	4.65e-09	48.1
M03520:605:000000000-LVNKY:1:1101:27525:10326;size=8	RH.0550AF0F57084ADZ0Z_R	100.000	22	0	7.27e-08	44.1
M03520:605:000000000-LVNKY:1:1101:28215:18014;size=8	RH.51338FA06EDB4F0Z0Z_F	100.000	25	0	1.18e-09	50.1
M03520:605:000000000-LVNKY:1:1101:2842:10366;size=8	RH.B9EF730EBE6C436Z0Z_R	100.000	25	0	1.18e-09	50.1
M03520:605:000000000-LVNKY:1:1101:28956:12387;size=8	RH.85A5303CAAF54ADZ0Z_R	100.000	22	0	7.27e-08	44.1
M03520:605:000000000-LVNKY:1:1101:28956:12387;size=8	RH.85A5303CAAF54ADZ0Z_F	100.000	21	0	2.87e-07	42.1
M03520:605:000000000-LVNKY:1:1101:29112:12388;size=8	RH.0096A141894D447Z0Z_F	100.000	23	0	1.84e-08	46.1
M03520:605:000000000-LVNKY:1:1101:29112:12388;size=8	RH.0096A141894D447Z0Z_R	100.000	21	0	2.87e-07	42.1
M03520:605:000000000-LVNKY:1:1101:3083:12387;size=8	RH.2AFFFBA0E81C482Z0Z_R	100.000	23	0	1.84e-08	46.1
M03520:605:000000000-LVNKY:1:1101:3083:12387;size=8	RH.2AFFFBA0E81C482Z0Z_F	100.000	23	0	1.84e-08	46.1
M03520:605:000000000-LVNKY:1:1101:4955:17963;size=8	RH.6572108A164E48EZ0Z_R	100.000	25	0	1.18e-09	50.1
M03520:605:000000000-LVNKY:1:1101:4955:17963;size=8	RH.6572108A164E48EZ0Z_F	100.000	24	0	4.65e-09	48.1
M03520:605:000000000-LVNKY:1:1101:5320:7927;size=8	RH.27578A9A85FA4A3Z0Z_F	100.000	24	0	4.65e-09	48.1
M03520:605:000000000-LVNKY:1:1101:5955:17977;size=8	RH.7CE39E25906745AZ0Z_F	100.000	25	0	1.18e-09	50.1
M03520:605:000000000-LVNKY:1:1101:5955:17977;size=8	RH.7CE39E25906745AZ0Z_R	100.000	24	0	4.65e-09	48.1
M03520:605:000000000-LVNKY:1:1101:6609:21167;size=8	RH.B9EF730EBE6C436Z0Z_R	100.000	25	0	1.18e-09	50.1
M03520:605:000000000-LVNKY:1:1101:6925:15765;size=8	RH.2AFFFBA0E81C482Z0Z_R	100.000	23	0	1.84e-08	46.1
M03520:605:000000000-LVNKY:1:1101:6925:15765;size=8	RH.2AFFFBA0E81C482Z0Z_F	100.000	23	0	1.84e-08	46.1
M03520:605:000000000-LVNKY:1:1101:8428:12991;size=8	RH.1CC74B91718A42FZ0Z_F	100.000	24	0	4.65e-09	48.1
M03520:605:000000000-LVNKY:1:1101:8428:12991;size=8	RH.1CC74B91718A42FZ0Z_R	96.000	25	1	2.87e-07	42.1
M03520:605:000000000-LVNKY:1:1101:9397:18066;size=8	RH.27578A9A85FA4A3Z0Z_F	100.000	24	0	4.65e-09	48.1
M03520:605:000000000-LVNKY:1:1101:9726:13723;size=8	RH.0BD19D1A26A74EBZ0Z_F	100.000	25	0	1.18e-09	50.1
M03520:605:000000000-LVNKY:1:1101:9726:13723;size=8	RH.0BD19D1A26A74EBZ0Z_R	100.000	24	0	4.65e-09	48.1
M03520:605:000000000-LVNKY:1:1101:9901:17816;size=8	RH.2AFFFBA0E81C482Z0Z_F	100.000	23	0	1.84e-08	46.1
M03520:605:000000000-LVNKY:1:1101:9901:17816;size=8	RH.2AFFFBA0E81C482Z0Z_R	100.000	23	0	1.84e-08	46.1
M03520:605:000000000-LVNKY:1:1102:11414:16695;size=8	RH.0BD19D1A26A74EBZ0Z_F	100.000	25	0	1.18e-09	50.1
M03520:605:000000000-LVNKY:1:1102:11414:16695;size=8	RH.0BD19D1A26A74EBZ0Z_R	100.000	24	0	4.65e-09	48.1
M03520:605:000000000-LVNKY:1:1102:11659:4548;size=8	RH.DDB83AFF97C94C6Z0Z_R	100.000	25	0	1.18e-09	50.1
M03520:605:000000000-LVNKY:1:1102:11659:4548;size=8	RH.8B25A056ABC1444Z0Z_F	100.000	22	0	7.27e-08	44.1
M03520:605:000000000-LVNKY:1:1102:11875:8428;size=8	RH.0096A141894D447Z0Z_F	100.000	24	0	4.65e-09	48.1
M03520:605:000000000-LVNKY:1:1102:11875:8428;size=8	RH.0096A141894D447Z0Z_R	100.000	21	0	2.87e-07	42.1
M03520:605:000000000-LVNKY:1:1102:12203:24914;size=8	RH.7CE39E25906745AZ0Z_R	100.000	26	0	2.98e-10	52.0
M03520:605:000000000-LVNKY:1:1102:12203:24914;size=8	RH.7CE39E25906745AZ0Z_F	100.000	25	0	1.18e-09	50.1
M03520:605:000000000-LVNKY:1:1102:12456:23442;size=8	RH.1CC74B91718A42FZ0Z_R	100.000	25	0	1.18e-09	50.1
M03520:605:000000000-LVNKY:1:1102:12456:23442;size=8	RH.1CC74B91718A42FZ0Z_F	100.000	21	0	2.87e-07	42.1
M03520:605:000000000-LVNKY:1:1102:12716:3130;size=8	RH.2AFFFBA0E81C482Z0Z_R	100.000	23	0	1.84e-08	46.1
M03520:605:000000000-LVNKY:1:1102:12716:3130;size=8	RH.2AFFFBA0E81C482Z0Z_F	100.000	20	0	1.13e-06	40.1
M03520:605:000000000-LVNKY:1:1102:13225:8510;size=8	RH.7CE39E25906745AZ0Z_F	100.000	25	0	1.18e-09	50.1
M03520:605:000000000-LVNKY:1:1102:13225:8510;size=8	RH.7CE39E25906745AZ0Z_R	96.154	26	1	7.27e-08	44.1
M03520:605:000000000-LVNKY:1:1102:14028:13554;size=8	RH.51338FA06EDB4F0Z0Z_F	100.000	25	0	1.18e-09	50.1
M03520:605:000000000-LVNKY:1:1102:14028:13554;size=8	RH.51338FA06EDB4F0Z0Z_R	100.000	25	0	1.18e-09	50.1
M03520:605:000000000-LVNKY:1:1102:14104:25943;size=8	RH.DDB83AFF97C94C6Z0Z_R	100.000	25	0	1.18e-09	50.1
M03520:605:000000000-LVNKY:1:1102:14104:25943;size=8	RH.DDB83AFF97C94C6Z0Z_F	100.000	24	0	4.65e-09	48.1
M03520:605:000000000-LVNKY:1:1102:15309:7142;size=8	RH.7CE39E25906745AZ0Z_R	100.000	26	0	2.98e-10	52.0
M03520:605:000000000-LVNKY:1:1102:15309:7142;size=8	RH.7CE39E25906745AZ0Z_F	100.000	25	0	1.18e-09	50.1
M03520:605:000000000-LVNKY:1:1102:16164:4760;size=8	RH.0550AF0F57084ADZ0Z_F	100.000	24	0	4.65e-09	48.1
M03520:605:000000000-LVNKY:1:1102:16164:4760;size=8	RH.0550AF0F57084ADZ0Z_R	100.000	22	0	7.27e-08	44.1
M03520:605:000000000-LVNKY:1:1102:17198:10767;size=8	RH.7CE39E25906745AZ0Z_R	100.000	26	0	2.98e-10	52.0
M03520:605:000000000-LVNKY:1:1102:17198:10767;size=8	RH.7CE39E25906745AZ0Z_F	100.000	25	0	1.18e-09	50.1
M03520:605:000000000-LVNKY:1:1102:17406:20314;size=8	RH.8B25A056ABC1444Z0Z_R	100.000	24	0	4.65e-09	48.1
M03520:605:000000000-LVNKY:1:1102:17406:20314;size=8	RH.8B25A056ABC1444Z0Z_F	100.000	22	0	7.27e-08	44.1
M03520:605:000000000-LVNKY:1:1102:17555:16362;size=8	RH.7CE39E25906745AZ0Z_R	100.000	25	0	1.18e-09	50.1
M03520:605:000000000-LVNKY:1:1102:17790:19576;size=8	RH.B9EF730EBE6C436Z0Z_R	100.000	25	0	1.18e-09	50.1
M03520:605:000000000-LVNKY:1:1102:17790:19576;size=8	RH.B9EF730EBE6C436Z0Z_F	96.000	25	1	2.87e-07	42.1
M03520:605:000000000-LVNKY:1:1102:19217:6991;size=8	RH.0096A141894D447Z0Z_F	100.000	24	0	4.65e-09	48.1
M03520:605:000000000-LVNKY:1:1102:19217:6991;size=8	RH.B9EF730EBE6C436Z0Z_F	100.000	20	0	1.13e-06	40.1
M03520:605:000000000-LVNKY:1:1102:19380:7423;size=8	RH.1CC74B91718A42FZ0Z_R	100.000	25	0	1.18e-09	50.1
M03520:605:000000000-LVNKY:1:1102:19380:7423;size=8	RH.1CC74B91718A42FZ0Z_F	100.000	24	0	4.65e-09	48.1
M03520:605:000000000-LVNKY:1:1102:20031:4332;size=8	RH.2AFFFBA0E81C482Z0Z_R	100.000	23	0	1.84e-08	46.1
M03520:605:000000000-LVNKY:1:1102:21866:17891;size=8	RH.0096A141894D447Z0Z_F	100.000	24	0	4.65e-09	48.1
M03520:605:000000000-LVNKY:1:1102:21866:17891;size=8	RH.0096A141894D447Z0Z_R	100.000	21	0	2.87e-07	42.1
M03520:605:000000000-LVNKY:1:1102:22044:22004;size=8	RH.51338FA06EDB4F0Z0Z_F	100.000	25	0	1.18e-09	50.1
M03520:605:000000000-LVNKY:1:1102:22044:22004;size=8	RH.51338FA06EDB4F0Z0Z_R	96.000	25	1	2.87e-07	42.1
M03520:605:000000000-LVNKY:1:1102:22089:12204;size=8	RH.B9EF730EBE6C436Z0Z_F	100.000	25	0	1.18e-09	50.1
M03520:605:000000000-LVNKY:1:1102:22089:12204;size=8	RH.B9EF730EBE6C436Z0Z_R	100.000	22	0	7.27e-08	44.1
M03520:605:000000000-LVNKY:1:1102:22488:16252;size=8	RH.51338FA06EDB4F0Z0Z_F	100.000	25	0	1.18e-09	50.1
M03520:605:000000000-LVNKY:1:1102:22488:16252;size=8	RH.51338FA06EDB4F0Z0Z_R	100.000	25	0	1.18e-09	50.1
M03520:605:000000000-LVNKY:1:1102:23670:23870;size=8	RH.85A5303CAAF54ADZ0Z_F	100.000	21	0	2.87e-07	42.1
M03520:605:000000000-LVNKY:1:1102:23670:23870;size=8	RH.85A5303CAAF54ADZ0Z_R	100.000	19	0	4.48e-06	38.2
M03520:605:000000000-LVNKY:1:1102:25354:19395;size=8	RH.27578A9A85FA4A3Z0Z_F	100.000	24	0	4.65e-09	48.1
M03520:605:000000000-LVNKY:1:1102:25354:19395;size=8	RH.27578A9A85FA4A3Z0Z_R	100.000	19	0	4.48e-06	38.2
M03520:605:000000000-LVNKY:1:1102:27419:19499;size=8	RH.2A8AD21024974C0Z0Z_F	100.000	26	0	2.98e-10	52.0
M03520:605:000000000-LVNKY:1:1102:27419:19499;size=8	RH.2A8AD21024974C0Z0Z_R	100.000	25	0	1.18e-09	50.1
M03520:605:000000000-LVNKY:1:1102:4693:10046;size=8	RH.1CC74B91718A42FZ0Z_F	100.000	24	0	4.65e-09	48.1
M03520:605:000000000-LVNKY:1:1102:4693:10046;size=8	RH.1CC74B91718A42FZ0Z_R	96.000	25	1	2.87e-07	42.1
M03520:605:000000000-LVNKY:1:1102:5684:10324;size=8	RH.8B25A056ABC1444Z0Z_R	100.000	24	0	4.65e-09	48.1
M03520:605:000000000-LVNKY:1:1102:5684:10324;size=8	RH.8B25A056ABC1444Z0Z_F	100.000	22	0	7.27e-08	44.1
M03520:605:000000000-LVNKY:1:1102:5687:22410;size=8	RH.7CE39E25906745AZ0Z_R	100.000	26	0	2.98e-10	52.0
M03520:605:000000000-LVNKY:1:1102:5687:22410;size=8	RH.7CE39E25906745AZ0Z_F	100.000	25	0	1.18e-09	50.1
M03520:605:000000000-LVNKY:1:1102:5836:17405;size=8	RH.85A5303CAAF54ADZ0Z_R	100.000	22	0	7.27e-08	44.1
M03520:605:000000000-LVNKY:1:1102:5836:17405;size=8	RH.85A5303CAAF54ADZ0Z_F	100.000	21	0	2.87e-07	42.1
M03520:605:000000000-LVNKY:1:1102:6735:11163;size=8	RH.0550AF0F57084ADZ0Z_R	100.000	22	0	7.27e-08	44.1
M03520:605:000000000-LVNKY:1:1102:6735:11163;size=8	RH.0550AF0F57084ADZ0Z_F	100.000	22	0	7.27e-08	44.1
M03520:605:000000000-LVNKY:1:1102:8174:22064;size=8	RH.0BD19D1A26A74EBZ0Z_F	100.000	25	0	1.18e-09	50.1
M03520:605:000000000-LVNKY:1:1102:8174:22064;size=8	RH.0BD19D1A26A74EBZ0Z_R	100.000	24	0	4.65e-09	48.1
M03520:605:000000000-LVNKY:1:1102:8318:19463;size=8	RH.6572108A164E48EZ0Z_R	100.000	25	0	1.18e-09	50.1
M03520:605:000000000-LVNKY:1:1102:8318:19463;size=8	RH.6572108A164E48EZ0Z_F	100.000	22	0	7.27e-08	44.1
M03520:605:000000000-LVNKY:1:1102:9397:17781;size=8	RH.27578A9A85FA4A3Z0Z_F	100.000	24	0	4.65e-09	48.1
M03520:605:000000000-LVNKY:1:1102:9397:17781;size=8	RH.27578A9A85FA4A3Z0Z_R	100.000	22	0	7.27e-08	44.1
M03520:605:000000000-LVNKY:1:1102:9984:18658;size=8	RH.7CE39E25906745AZ0Z_R	100.000	26	0	2.98e-10	52.0
M03520:605:000000000-LVNKY:1:1103:10344:8849;size=8	RH.7CE39E25906745AZ0Z_R	100.000	26	0	2.98e-10	52.0
M03520:605:000000000-LVNKY:1:1103:11325:24371;size=8	RH.2A8AD21024974C0Z0Z_F	100.000	26	0	2.98e-10	52.0
M03520:605:000000000-LVNKY:1:1103:11325:24371;size=8	RH.2A8AD21024974C0Z0Z_R	100.000	25	0	1.18e-09	50.1
M03520:605:000000000-LVNKY:1:1103:11429:26869;size=8	RH.DDB83AFF97C94C6Z0Z_R	100.000	25	0	1.18e-09	50.1
M03520:605:000000000-LVNKY:1:1103:11429:26869;size=8	RH.DDB83AFF97C94C6Z0Z_F	100.000	24	0	4.65e-09	48.1
M03520:605:000000000-LVNKY:1:1103:11806:20734;size=8	RH.85A5303CAAF54ADZ0Z_R	100.000	22	0	7.27e-08	44.1
M03520:605:000000000-LVNKY:1:1103:11806:20734;size=8	RH.85A5303CAAF54ADZ0Z_F	100.000	19	0	4.48e-06	38.2
M03520:605:000000000-LVNKY:1:1103:13202:12584;size=8	RH.0550AF0F57084ADZ0Z_F	100.000	24	0	4.65e-09	48.1
M03520:605:000000000-LVNKY:1:1103:13202:12584;size=8	RH.0550AF0F57084ADZ0Z_R	100.000	22	0	7.27e-08	44.1
M03520:605:000000000-LVNKY:1:1103:13816:12328;size=8	RH.DDB83AFF97C94C6Z0Z_F	100.000	24	0	4.65e-09	48.1
M03520:605:000000000-LVNKY:1:1103:14928:14209;size=8	RH.E04EE94198274F7Z0Z_F	100.000	25	0	1.18e-09	50.1
M03520:605:000000000-LVNKY:1:1103:14928:14209;size=8	RH.E04EE94198274F7Z0Z_R	95.833	24	1	1.13e-06	40.1
M03520:605:000000000-LVNKY:1:1103:15045:28139;size=8	RH.185D4E36BBF74FEZ0Z_F	100.000	27	0	7.54e-11	54.0
M03520:605:000000000-LVNKY:1:1103:15045:28139;size=8	RH.185D4E36BBF74FEZ0Z_R	100.000	26	0	2.98e-10	52.0
M03520:605:000000000-LVNKY:1:1103:15597:17402;size=8	RH.27578A9A85FA4A3Z0Z_F	100.000	24	0	4.65e-09	48.1
M03520:605:000000000-LVNKY:1:1103:15597:17402;size=8	RH.27578A9A85FA4A3Z0Z_R	100.000	22	0	7.27e-08	44.1
M03520:605:000000000-LVNKY:1:1103:17581:8146;size=8	RH.2AFFFBA0E81C482Z0Z_F	100.000	23	0	1.84e-08	46.1
M03520:605:000000000-LVNKY:1:1103:17581:8146;size=8	RH.2AFFFBA0E81C482Z0Z_R	100.000	23	0	1.84e-08	46.1
M03520:605:000000000-LVNKY:1:1103:18348:27098;size=8	RH.DDB83AFF97C94C6Z0Z_R	100.000	25	0	1.18e-09	50.1
M03520:605:000000000-LVNKY:1:1103:18626:23671;size=8	RH.69CEA0AC39F4445Z0Z_F	100.000	24	0	4.65e-09	48.1
M03520:605:000000000-LVNKY:1:1103:18626:23671;size=8	RH.69CEA0AC39F4445Z0Z_R	100.000	23	0	1.84e-08	46.1
M03520:605:000000000-LVNKY:1:1103:19144:9945;size=8	RH.7CE39E25906745AZ0Z_R	100.000	26	0	2.98e-10	52.0
M03520:605:000000000-LVNKY:1:1103:19144:9945;size=8	RH.7CE39E25906745AZ0Z_F	96.000	25	1	2.87e-07	42.1
M03520:605:000000000-LVNKY:1:1103:19355:9634;size=8	RH.CF953F27F5674E1Z0Z_F	100.000	26	0	2.98e-10	52.0
M03520:605:000000000-LVNKY:1:1103:19355:9634;size=8	RH.CF953F27F5674E1Z0Z_R	100.000	25	0	1.18e-09	50.1
M03520:605:000000000-LVNKY:1:1103:21301:9889;size=8	RH.CF953F27F5674E1Z0Z_F	100.000	26	0	2.98e-10	52.0
M03520:605:000000000-LVNKY:1:1103:21301:9889;size=8	RH.CF953F27F5674E1Z0Z_R	100.000	25	0	1.18e-09	50.1
M03520:605:000000000-LVNKY:1:1103:22133:27166;size=8	RH.0096A141894D447Z0Z_F	100.000	24	0	4.65e-09	48.1
M03520:605:000000000-LVNKY:1:1103:22133:27166;size=8	RH.0096A141894D447Z0Z_R	100.000	21	0	2.87e-07	42.1
M03520:605:000000000-LVNKY:1:1103:22476:25524;size=8	RH.0BD19D1A26A74EBZ0Z_F	100.000	25	0	1.18e-09	50.1
M03520:605:000000000-LVNKY:1:1103:22476:25524;size=8	RH.0BD19D1A26A74EBZ0Z_R	100.000	24	0	4.65e-09	48.1
M03520:605:000000000-LVNKY:1:1103:23126:5459;size=8	RH.2091F326F74640CZ0Z_F	100.000	24	0	4.65e-09	48.1
M03520:605:000000000-LVNKY:1:1103:23337:20314;size=8	RH.0BD19D1A26A74EBZ0Z_F	100.000	25	0	1.18e-09	50.1
M03520:605:000000000-LVNKY:1:1103:23337:20314;size=8	RH.0BD19D1A26A74EBZ0Z_R	100.000	24	0	4.65e-09	48.1
M03520:605:000000000-LVNKY:1:1103:24408:15614;size=8	RH.0096A141894D447Z0Z_F	100.000	24	0	4.65e-09	48.1
M03520:605:000000000-LVNKY:1:1103:24408:15614;size=8	RH.0096A141894D447Z0Z_R	100.000	21	0	2.87e-07	42.1
M03520:605:000000000-LVNKY:1:1103:25170:24226;size=8	RH.7CE39E25906745AZ0Z_R	100.000	26	0	2.98e-10	52.0
M03520:605:000000000-LVNKY:1:1103:25170:24226;size=8	RH.7CE39E25906745AZ0Z_F	100.000	25	0	1.18e-09	50.1
M03520:605:000000000-LVNKY:1:1103:4208:18636;size=8	RH.7CE39E25906745AZ0Z_R	100.000	26	0	2.98e-10	52.0
M03520:605:000000000-LVNKY:1:1103:4208:18636;size=8	RH.7CE39E25906745AZ0Z_F	100.000	25	0	1.18e-09	50.1
M03520:605:000000000-LVNKY:1:1103:5777:16399;size=8	RH.0096A141894D447Z0Z_F	100.000	24	0	4.65e-09	48.1
M03520:605:000000000-LVNKY:1:1103:6216:20654;size=8	RH.2091F326F74640CZ0Z_R	100.000	22	0	7.27e-08	44.1
M03520:605:000000000-LVNKY:1:1103:6216:20654;size=8	RH.2091F326F74640CZ0Z_F	100.000	22	0	7.27e-08	44.1
M03520:605:000000000-LVNKY:1:1103:6592:18108;size=8	RH.2A8AD21024974C0Z0Z_F	100.000	26	0	2.98e-10	52.0
M03520:605:000000000-LVNKY:1:1103:6592:18108;size=8	RH.2A8AD21024974C0Z0Z_R	100.000	25	0	1.18e-09	50.1
M03520:605:000000000-LVNKY:1:1103:7205:8913;size=8	RH.69CEA0AC39F4445Z0Z_R	100.000	23	0	1.84e-08	46.1
M03520:605:000000000-LVNKY:1:1103:7205:8913;size=8	RH.69CEA0AC39F4445Z0Z_F	100.000	21	0	2.87e-07	42.1
M03520:605:000000000-LVNKY:1:1103:7371:15082;size=8	RH.6572108A164E48EZ0Z_R	100.000	25	0	1.18e-09	50.1
M03520:605:000000000-LVNKY:1:1103:7371:15082;size=8	RH.6572108A164E48EZ0Z_F	100.000	24	0	4.65e-09	48.1
M03520:605:000000000-LVNKY:1:1103:8366:15648;size=8	RH.7CE39E25906745AZ0Z_R	100.000	26	0	2.98e-10	52.0
M03520:605:000000000-LVNKY:1:1103:8366:15648;size=8	RH.7CE39E25906745AZ0Z_F	100.000	25	0	1.18e-09	50.1
M03520:605:000000000-LVNKY:1:1103:9570:25336;size=8	RH.2A8AD21024974C0Z0Z_F	100.000	26	0	2.98e-10	52.0
M03520:605:000000000-LVNKY:1:1103:9570:25336;size=8	RH.2A8AD21024974C0Z0Z_R	100.000	25	0	1.18e-09	50.1
M03520:605:000000000-LVNKY:1:1103:9937:8165;size=8	RH.51338FA06EDB4F0Z0Z_F	100.000	25	0	1.18e-09	50.1
M03520:605:000000000-LVNKY:1:1103:9937:8165;size=8	RH.51338FA06EDB4F0Z0Z_R	100.000	25	0	1.18e-09	50.1
M03520:605:000000000-LVNKY:1:1104:11497:14653;size=8	RH.27578A9A85FA4A3Z0Z_F	100.000	24	0	4.65e-09	48.1
M03520:605:000000000-LVNKY:1:1104:11497:14653;size=8	RH.27578A9A85FA4A3Z0Z_R	100.000	22	0	7.27e-08	44.1
M03520:605:000000000-LVNKY:1:1104:12277:28424;size=8	RH.51338FA06EDB4F0Z0Z_F	100.000	25	0	1.18e-09	50.1
M03520:605:000000000-LVNKY:1:1104:12277:28424;size=8	RH.51338FA06EDB4F0Z0Z_R	100.000	25	0	1.18e-09	50.1
M03520:605:000000000-LVNKY:1:1104:12520:11131;size=8	RH.7CE39E25906745AZ0Z_R	100.000	26	0	2.98e-10	52.0
M03520:605:000000000-LVNKY:1:1104:12520:11131;size=8	RH.7CE39E25906745AZ0Z_F	100.000	25	0	1.18e-09	50.1
M03520:605:000000000-LVNKY:1:1104:13066:25862;size=8	RH.2A8AD21024974C0Z0Z_F	100.000	26	0	2.98e-10	52.0
M03520:605:000000000-LVNKY:1:1104:13066:25862;size=8	RH.2A8AD21024974C0Z0Z_R	100.000	25	0	1.18e-09	50.1
M03520:605:000000000-LVNKY:1:1104:18719:9215;size=8	RH.2AFFFBA0E81C482Z0Z_R	100.000	23	0	1.84e-08	46.1
M03520:605:000000000-LVNKY:1:1104:18876:13889;size=8	RH.0096A141894D447Z0Z_F	100.000	24	0	4.65e-09	48.1
M03520:605:000000000-LVNKY:1:1104:18876:13889;size=8	RH.0096A141894D447Z0Z_R	100.000	21	0	2.87e-07	42.1
M03520:605:000000000-LVNKY:1:1104:19061:4790;size=8	RH.7CE39E25906745AZ0Z_F	100.000	25	0	1.18e-09	50.1
M03520:605:000000000-LVNKY:1:1104:19061:4790;size=8	RH.7CE39E25906745AZ0Z_R	96.154	26	1	7.27e-08	44.1
M03520:605:000000000-LVNKY:1:1104:19134:12012;size=8	RH.E04EE94198274F7Z0Z_F	100.000	25	0	1.18e-09	50.1
M03520:605:000000000-LVNKY:1:1104:19134:12012;size=8	RH.E04EE94198274F7Z0Z_R	95.833	24	1	1.13e-06	40.1
M03520:605:000000000-LVNKY:1:1104:19865:20447;size=8	RH.B9EF730EBE6C436Z0Z_R	100.000	25	0	1.18e-09	50.1
M03520:605:000000000-LVNKY:1:1104:19865:20447;size=8	RH.B9EF730EBE6C436Z0Z_F	100.000	25	0	1.18e-09	50.1
M03520:605:000000000-LVNKY:1:1104:21051:24158;size=8	RH.B9EF730EBE6C436Z0Z_R	100.000	25	0	1.18e-09	50.1
M03520:605:000000000-LVNKY:1:1104:21369:11609;size=8	RH.1CC74B91718A42FZ0Z_R	100.000	25	0	1.18e-09	50.1
M03520:605:000000000-LVNKY:1:1104:21369:11609;size=8	RH.1CC74B91718A42FZ0Z_F	100.000	24	0	4.65e-09	48.1
M03520:605:000000000-LVNKY:1:1104:22932:13543;size=8	RH.7CE39E25906745AZ0Z_F	100.000	25	0	1.18e-09	50.1
M03520:605:000000000-LVNKY:1:1104:23486:13461;size=8	RH.DDB83AFF97C94C6Z0Z_R	100.000	25	0	1.18e-09	50.1
M03520:605:000000000-LVNKY:1:1104:23486:13461;size=8	RH.DDB83AFF97C94C6Z0Z_F	100.000	24	0	4.65e-09	48.1
M03520:605:000000000-LVNKY:1:1104:24820:15641;size=8	RH.0096A141894D447Z0Z_F	100.000	24	0	4.65e-09	48.1
M03520:605:000000000-LVNKY:1:1104:24820:15641;size=8	RH.0096A141894D447Z0Z_R	100.000	21	0	2.87e-07	42.1
M03520:605:000000000-LVNKY:1:1104:25732:10211;size=8	RH.2AFFFBA0E81C482Z0Z_F	100.000	23	0	1.84e-08	46.1
M03520:605:000000000-LVNKY:1:1104:25732:10211;size=8	RH.2AFFFBA0E81C482Z0Z_R	100.000	20	0	1.13e-06	40.1
M03520:605:000000000-LVNKY:1:1104:7909:13902;size=8	RH.7CE39E25906745AZ0Z_R	100.000	26	0	2.98e-10	52.0
M03520:605:000000000-LVNKY:1:1104:7909:13902;size=8	RH.7CE39E25906745AZ0Z_F	100.000	25	0	1.18e-09	50.1
M03520:605:000000000-LVNKY:1:1104:8573:4055;size=8	RH.1CC74B91718A42FZ0Z_R	100.000	25	0	1.18e-09	50.1
M03520:605:000000000-LVNKY:1:1104:8573:4055;size=8	RH.1CC74B91718A42FZ0Z_F	95.833	24	1	1.13e-06	40.1
M03520:605:000000000-LVNKY:1:1104:8860:5092;size=8	RH.0096A141894D447Z0Z_F	100.000	24	0	4.65e-09	48.1
M03520:605:000000000-LVNKY:1:1104:8860:5092;size=8	RH.0096A141894D447Z0Z_R	100.000	21	0	2.87e-07	42.1
M03520:605:000000000-LVNKY:1:1105:11565:23019;size=8	RH.2A8AD21024974C0Z0Z_F	100.000	26	0	2.98e-10	52.0
M03520:605:000000000-LVNKY:1:1105:11565:23019;size=8	RH.2A8AD21024974C0Z0Z_R	96.000	25	1	2.87e-07	42.1
M03520:605:000000000-LVNKY:1:1105:12053:8336;size=8	RH.51338FA06EDB4F0Z0Z_R	100.000	25	0	1.18e-09	50.1
M03520:605:000000000-LVNKY:1:1105:12053:8336;size=8	RH.51338FA06EDB4F0Z0Z_F	100.000	25	0	1.18e-09	50.1
M03520:605:000000000-LVNKY:1:1105:12717:2980;size=8	RH.0096A141894D447Z0Z_R	100.000	21	0	2.87e-07	42.1
M03520:605:000000000-LVNKY:1:1105:12717:2980;size=8	RH.0096A141894D447Z0Z_F	100.000	21	0	2.87e-07	42.1
M03520:605:000000000-LVNKY:1:1105:16219:21517;size=8	RH.27578A9A85FA4A3Z0Z_F	100.000	24	0	4.65e-09	48.1
M03520:605:000000000-LVNKY:1:1105:16219:21517;size=8	RH.27578A9A85FA4A3Z0Z_R	100.000	22	0	7.27e-08	44.1
M03520:605:000000000-LVNKY:1:1105:16232:4224;size=8	RH.85A5303CAAF54ADZ0Z_R	100.000	22	0	7.27e-08	44.1
M03520:605:000000000-LVNKY:1:1105:16232:4224;size=8	RH.85A5303CAAF54ADZ0Z_F	100.000	21	0	2.87e-07	42.1
M03520:605:000000000-LVNKY:1:1105:18668:4532;size=8	RH.2AFFFBA0E81C482Z0Z_R	100.000	23	0	1.84e-08	46.1
M03520:605:000000000-LVNKY:1:1105:18668:4532;size=8	RH.2AFFFBA0E81C482Z0Z_F	100.000	23	0	1.84e-08	46.1
M03520:605:000000000-LVNKY:1:1105:18787:15380;size=8	RH.185D4E36BBF74FEZ0Z_F	100.000	27	0	7.54e-11	54.0
M03520:605:000000000-LVNKY:1:1105:18787:15380;size=8	RH.185D4E36BBF74FEZ0Z_R	100.000	26	0	2.98e-10	52.0
M03520:605:000000000-LVNKY:1:1105:19276:22368;size=8	RH.2A8AD21024974C0Z0Z_F	100.000	26	0	2.98e-10	52.0
M03520:605:000000000-LVNKY:1:1105:19276:22368;size=8	RH.2A8AD21024974C0Z0Z_R	100.000	25	0	1.18e-09	50.1
M03520:605:000000000-LVNKY:1:1105:20209:9940;size=8	RH.0550AF0F57084ADZ0Z_F	100.000	24	0	4.65e-09	48.1
M03520:605:000000000-LVNKY:1:1105:20209:9940;size=8	RH.0550AF0F57084ADZ0Z_R	100.000	22	0	7.27e-08	44.1
M03520:605:000000000-LVNKY:1:1105:22061:17422;size=8	RH.DDB83AFF97C94C6Z0Z_R	100.000	25	0	1.18e-09	50.1
M03520:605:000000000-LVNKY:1:1105:22061:17422;size=8	RH.8B25A056ABC1444Z0Z_F	100.000	22	0	7.27e-08	44.1
M03520:605:000000000-LVNKY:1:1105:22815:11732;size=8	RH.85A5303CAAF54ADZ0Z_R	100.000	22	0	7.27e-08	44.1
M03520:605:000000000-LVNKY:1:1105:22815:11732;size=8	RH.85A5303CAAF54ADZ0Z_F	100.000	21	0	2.87e-07	42.1
M03520:605:000000000-LVNKY:1:1105:23042:17179;size=8	RH.E04EE94198274F7Z0Z_F	100.000	25	0	1.18e-09	50.1
M03520:605:000000000-LVNKY:1:1105:2377:14074;size=8	RH.7CE39E25906745AZ0Z_R	100.000	26	0	2.98e-10	52.0
M03520:605:000000000-LVNKY:1:1105:2377:14074;size=8	RH.7CE39E25906745AZ0Z_F	96.000	25	1	2.87e-07	42.1
M03520:605:000000000-LVNKY:1:1105:26376:22258;size=8	RH.51338FA06EDB4F0Z0Z_R	100.000	25	0	1.18e-09	50.1
M03520:605:000000000-LVNKY:1:1105:26376:22258;size=8	RH.51338FA06EDB4F0Z0Z_F	100.000	25	0	1.18e-09	50.1
M03520:605:000000000-LVNKY:1:1105:26667:8181;size=8	RH.B9EF730EBE6C436Z0Z_R	100.000	25	0	1.18e-09	50.1
M03520:605:000000000-LVNKY:1:1105:26667:8181;size=8	RH.B9EF730EBE6C436Z0Z_F	100.000	21	0	2.87e-07	42.1
M03520:605:000000000-LVNKY:1:1105:2728:18843;size=8	RH.69CEA0AC39F4445Z0Z_R	100.000	23	0	1.84e-08	46.1
M03520:605:000000000-LVNKY:1:1105:2728:18843;size=8	RH.69CEA0AC39F4445Z0Z_F	95.833	24	1	1.13e-06	40.1
M03520:605:000000000-LVNKY:1:1105:27748:13164;size=8	RH.B9EF730EBE6C436Z0Z_R	100.000	25	0	1.18e-09	50.1
M03520:605:000000000-LVNKY:1:1105:27748:13164;size=8	RH.B9EF730EBE6C436Z0Z_F	100.000	25	0	1.18e-09	50.1
M03520:605:000000000-LVNKY:1:1105:4783:19521;size=8	RH.51338FA06EDB4F0Z0Z_R	100.000	25	0	1.18e-09	50.1
M03520:605:000000000-LVNKY:1:1105:4783:19521;size=8	RH.51338FA06EDB4F0Z0Z_F	100.000	23	0	1.84e-08	46.1
M03520:605:000000000-LVNKY:1:1105:5261:8978;size=8	RH.B9EF730EBE6C436Z0Z_R	100.000	25	0	1.18e-09	50.1
M03520:605:000000000-LVNKY:1:1105:5261:8978;size=8	RH.B9EF730EBE6C436Z0Z_F	96.000	25	1	2.87e-07	42.1
M03520:605:000000000-LVNKY:1:1105:8165:19673;size=8	RH.2A8AD21024974C0Z0Z_F	100.000	26	0	2.98e-10	52.0
M03520:605:000000000-LVNKY:1:1105:8165:19673;size=8	RH.2A8AD21024974C0Z0Z_R	96.000	25	1	2.87e-07	42.1
M03520:605:000000000-LVNKY:1:1106:10256:18942;size=8	RH.DDB83AFF97C94C6Z0Z_F	100.000	24	0	4.65e-09	48.1
M03520:605:000000000-LVNKY:1:1106:10256:18942;size=8	RH.DDB83AFF97C94C6Z0Z_R	100.000	20	0	1.13e-06	40.1
M03520:605:000000000-LVNKY:1:1106:12624:2862;size=8	RH.69CEA0AC39F4445Z0Z_R	100.000	23	0	1.84e-08	46.1
M03520:605:000000000-LVNKY:1:1106:12624:2862;size=8	RH.69CEA0AC39F4445Z0Z_F	95.833	24	1	1.13e-06	40.1
M03520:605:000000000-LVNKY:1:1106:13616:7044;size=8	RH.8BDD8BEDFC3B423Z0Z_F	100.000	21	0	2.87e-07	42.1
M03520:605:000000000-LVNKY:1:1106:13616:7044;size=8	RH.8BDD8BEDFC3B423Z0Z_R	100.000	21	0	2.87e-07	42.1
M03520:605:000000000-LVNKY:1:1106:13752:5979;size=8	RH.0096A141894D447Z0Z_F	100.000	24	0	4.65e-09	48.1
M03520:605:000000000-LVNKY:1:1106:13752:5979;size=8	RH.0096A141894D447Z0Z_R	100.000	21	0	2.87e-07	42.1
M03520:605:000000000-LVNKY:1:1106:14964:2425;size=8	RH.0BD19D1A26A74EBZ0Z_F	100.000	25	0	1.18e-09	50.1
M03520:605:000000000-LVNKY:1:1106:14964:2425;size=8	RH.0BD19D1A26A74EBZ0Z_R	100.000	24	0	4.65e-09	48.1
M03520:605:000000000-LVNKY:1:1106:15167:18879;size=8	RH.2A8AD21024974C0Z0Z_F	100.000	26	0	2.98e-10	52.0
M03520:605:000000000-LVNKY:1:1106:15167:18879;size=8	RH.2A8AD21024974C0Z0Z_R	100.000	25	0	1.18e-09	50.1
M03520:605:000000000-LVNKY:1:1106:15439:8443;size=8	RH.2A8AD21024974C0Z0Z_F	100.000	25	0	1.18e-09	50.1
M03520:605:000000000-LVNKY:1:1106:15439:8443;size=8	RH.2A8AD21024974C0Z0Z_R	100.000	25	0	1.18e-09	50.1
M03520:605:000000000-LVNKY:1:1106:15952:26485;size=8	RH.69CEA0AC39F4445Z0Z_F	100.000	24	0	4.65e-09	48.1
M03520:605:000000000-LVNKY:1:1106:15952:26485;size=8	RH.69CEA0AC39F4445Z0Z_R	95.652	23	1	4.48e-06	38.2
M03520:605:000000000-LVNKY:1:1106:16621:20578;size=8	RH.69CEA0AC39F4445Z0Z_F	100.000	24	0	4.65e-09	48.1
M03520:605:000000000-LVNKY:1:1106:16621:20578;size=8	RH.69CEA0AC39F4445Z0Z_R	95.652	23	1	4.48e-06	38.2
M03520:605:000000000-LVNKY:1:1106:18978:15082;size=8	RH.B9EF730EBE6C436Z0Z_R	100.000	25	0	1.18e-09	50.1
M03520:605:000000000-LVNKY:1:1106:18978:15082;size=8	RH.B9EF730EBE6C436Z0Z_F	100.000	25	0	1.18e-09	50.1
M03520:605:000000000-LVNKY:1:1106:19105:5074;size=8	RH.7CE39E25906745AZ0Z_F	100.000	25	0	1.18e-09	50.1
M03520:605:000000000-LVNKY:1:1106:19105:5074;size=8	RH.7CE39E25906745AZ0Z_R	96.154	26	1	7.27e-08	44.1
M03520:605:000000000-LVNKY:1:1106:19504:28124;size=8	RH.7CE39E25906745AZ0Z_R	100.000	26	0	2.98e-10	52.0
M03520:605:000000000-LVNKY:1:1106:19504:28124;size=8	RH.7CE39E25906745AZ0Z_F	100.000	25	0	1.18e-09	50.1
M03520:605:000000000-LVNKY:1:1106:23486:9330;size=8	RH.BE09C1F6EE4B426Z0Z_R	100.000	23	0	1.84e-08	46.1
M03520:605:000000000-LVNKY:1:1106:23486:9330;size=8	RH.BE09C1F6EE4B426Z0Z_F	100.000	22	0	7.27e-08	44.1
M03520:605:000000000-LVNKY:1:1106:23858:24514;size=8	RH.2AFFFBA0E81C482Z0Z_F	100.000	23	0	1.84e-08	46.1
M03520:605:000000000-LVNKY:1:1106:23858:24514;size=8	RH.2AFFFBA0E81C482Z0Z_R	100.000	23	0	1.84e-08	46.1
M03520:605:000000000-LVNKY:1:1106:25363:17789;size=8	RH.517A9FBA2B494D5Z0Z_F	100.000	25	0	1.18e-09	50.1
M03520:605:000000000-LVNKY:1:1106:25363:17789;size=8	RH.517A9FBA2B494D5Z0Z_R	100.000	24	0	4.65e-09	48.1
M03520:605:000000000-LVNKY:1:1106:2544:15363;size=8	RH.7CE39E25906745AZ0Z_R	100.000	26	0	2.98e-10	52.0
M03520:605:000000000-LVNKY:1:1106:2544:15363;size=8	RH.7CE39E25906745AZ0Z_F	100.000	25	0	1.18e-09	50.1
M03520:605:000000000-LVNKY:1:1106:3366:19767;size=8	RH.85A5303CAAF54ADZ0Z_R	100.000	22	0	7.27e-08	44.1
M03520:605:000000000-LVNKY:1:1106:3366:19767;size=8	RH.85A5303CAAF54ADZ0Z_F	100.000	21	0	2.87e-07	42.1
M03520:605:000000000-LVNKY:1:1106:3419:11239;size=8	RH.7CE39E25906745AZ0Z_R	100.000	26	0	2.98e-10	52.0
M03520:605:000000000-LVNKY:1:1106:3419:11239;size=8	RH.7CE39E25906745AZ0Z_F	100.000	25	0	1.18e-09	50.1
M03520:605:000000000-LVNKY:1:1106:5074:19930;size=8	RH.B9EF730EBE6C436Z0Z_F	100.000	25	0	1.18e-09	50.1
M03520:605:000000000-LVNKY:1:1106:5074:19930;size=8	RH.B9EF730EBE6C436Z0Z_R	100.000	23	0	1.84e-08	46.1
M03520:605:000000000-LVNKY:1:1106:5628:6392;size=8	RH.DE543226C201437Z0Z_R	100.000	24	0	4.65e-09	48.1
M03520:605:000000000-LVNKY:1:1106:5628:6392;size=8	RH.51338FA06EDB4F0Z0Z_R	95.652	23	1	4.48e-06	38.2
M03520:605:000000000-LVNKY:1:1106:5762:5630;size=8	RH.B9EF730EBE6C436Z0Z_R	100.000	25	0	1.18e-09	50.1
M03520:605:000000000-LVNKY:1:1106:5908:13703;size=8	RH.8B25A056ABC1444Z0Z_R	100.000	24	0	4.65e-09	48.1
M03520:605:000000000-LVNKY:1:1106:5908:13703;size=8	RH.8B25A056ABC1444Z0Z_F	100.000	22	0	7.27e-08	44.1
M03520:605:000000000-LVNKY:1:1106:7241:9923;size=8	RH.51338FA06EDB4F0Z0Z_R	100.000	25	0	1.18e-09	50.1
M03520:605:000000000-LVNKY:1:1106:7241:9923;size=8	RH.51338FA06EDB4F0Z0Z_F	96.000	25	1	2.87e-07	42.1
M03520:605:000000000-LVNKY:1:1106:7435:7543;size=8	RH.0BD19D1A26A74EBZ0Z_F	100.000	25	0	1.18e-09	50.1
M03520:605:000000000-LVNKY:1:1106:7435:7543;size=8	RH.0BD19D1A26A74EBZ0Z_R	100.000	24	0	4.65e-09	48.1
M03520:605:000000000-LVNKY:1:1107:17906:27257;size=8	RH.69CEA0AC39F4445Z0Z_F	100.000	24	0	4.65e-09	48.1
M03520:605:000000000-LVNKY:1:1107:17906:27257;size=8	RH.69CEA0AC39F4445Z0Z_R	95.652	23	1	4.48e-06	38.2
M03520:605:000000000-LVNKY:1:1107:23799:9816;size=8	RH.27578A9A85FA4A3Z0Z_F	100.000	24	0	4.65e-09	48.1
M03520:605:000000000-LVNKY:1:1107:23799:9816;size=8	RH.27578A9A85FA4A3Z0Z_R	100.000	22	0	7.27e-08	44.1
M03520:605:000000000-LVNKY:1:1107:24425:17337;size=8	RH.0550AF0F57084ADZ0Z_R	100.000	22	0	7.27e-08	44.1
M03520:605:000000000-LVNKY:1:1107:24425:17337;size=8	RH.0550AF0F57084ADZ0Z_F	95.833	24	1	1.13e-06	40.1
M03520:605:000000000-LVNKY:1:1107:25315:7961;size=8	RH.2A8AD21024974C0Z0Z_R	100.000	25	0	1.18e-09	50.1
M03520:605:000000000-LVNKY:1:1107:25315:7961;size=8	RH.2A8AD21024974C0Z0Z_F	100.000	22	0	7.27e-08	44.1
M03520:605:000000000-LVNKY:1:1107:8027:7347;size=8	RH.275C7CB29BEF47CZ0Z_F	100.000	23	0	1.84e-08	46.1
M03520:605:000000000-LVNKY:1:1107:8027:7347;size=8	RH.275C7CB29BEF47CZ0Z_R	100.000	20	0	1.13e-06	40.1
M03520:605:000000000-LVNKY:1:1108:15310:23026;size=8	RH.51338FA06EDB4F0Z0Z_F	100.000	25	0	1.18e-09	50.1
M03520:605:000000000-LVNKY:1:1108:15310:23026;size=8	RH.51338FA06EDB4F0Z0Z_R	96.000	25	1	2.87e-07	42.1
M03520:605:000000000-LVNKY:1:1108:15564:1635;size=8	RH.DE543226C201437Z0Z_R	100.000	20	0	1.13e-06	40.1
M03520:605:000000000-LVNKY:1:1108:15564:1635;size=8	RH.51338FA06EDB4F0Z0Z_R	95.652	23	1	4.48e-06	38.2
M03520:605:000000000-LVNKY:1:1108:17797:10882;size=8	RH.DDB83AFF97C94C6Z0Z_R	100.000	25	0	1.18e-09	50.1
M03520:605:000000000-LVNKY:1:1108:17797:10882;size=8	RH.DDB83AFF97C94C6Z0Z_F	100.000	24	0	4.65e-09	48.1
M03520:605:000000000-LVNKY:1:1108:18784:26485;size=8	RH.7CE39E25906745AZ0Z_F	100.000	25	0	1.18e-09	50.1
M03520:605:000000000-LVNKY:1:1108:18784:26485;size=8	RH.7CE39E25906745AZ0Z_R	100.000	23	0	1.84e-08	46.1
M03520:605:000000000-LVNKY:1:1108:19607:25276;size=8	RH.B9EF730EBE6C436Z0Z_R	100.000	25	0	1.18e-09	50.1
M03520:605:000000000-LVNKY:1:1108:19607:25276;size=8	RH.B9EF730EBE6C436Z0Z_F	100.000	25	0	1.18e-09	50.1
M03520:605:000000000-LVNKY:1:1108:21528:13485;size=8	RH.7CE39E25906745AZ0Z_R	100.000	26	0	2.98e-10	52.0
M03520:605:000000000-LVNKY:1:1108:21528:13485;size=8	RH.7CE39E25906745AZ0Z_F	100.000	25	0	1.18e-09	50.1
M03520:605:000000000-LVNKY:1:1108:24168:23582;size=8	RH.CF953F27F5674E1Z0Z_F	100.000	26	0	2.98e-10	52.0
M03520:605:000000000-LVNKY:1:1108:24168:23582;size=8	RH.CF953F27F5674E1Z0Z_R	100.000	25	0	1.18e-09	50.1
M03520:605:000000000-LVNKY:1:1108:25069:6883;size=8	RH.7CE39E25906745AZ0Z_R	100.000	26	0	2.98e-10	52.0
M03520:605:000000000-LVNKY:1:1108:25069:6883;size=8	RH.7CE39E25906745AZ0Z_F	100.000	25	0	1.18e-09	50.1
M03520:605:000000000-LVNKY:1:1108:29039:15675;size=8	RH.B9EF730EBE6C436Z0Z_R	100.000	25	0	1.18e-09	50.1
M03520:605:000000000-LVNKY:1:1108:29039:15675;size=8	RH.B9EF730EBE6C436Z0Z_F	100.000	25	0	1.18e-09	50.1
M03520:605:000000000-LVNKY:1:1108:7443:22994;size=8	RH.1CC74B91718A42FZ0Z_R	100.000	25	0	1.18e-09	50.1
M03520:605:000000000-LVNKY:1:1108:7443:22994;size=8	RH.1CC74B91718A42FZ0Z_F	95.833	24	1	1.13e-06	40.1
M03520:605:000000000-LVNKY:1:1108:7983:19135;size=8	RH.51338FA06EDB4F0Z0Z_F	100.000	25	0	1.18e-09	50.1
M03520:605:000000000-LVNKY:1:1108:7983:19135;size=8	RH.51338FA06EDB4F0Z0Z_R	100.000	25	0	1.18e-09	50.1
M03520:605:000000000-LVNKY:1:1109:10667:15500;size=8	RH.DE543226C201437Z0Z_R	100.000	20	0	1.13e-06	40.1
M03520:605:000000000-LVNKY:1:1109:10667:15500;size=8	RH.51338FA06EDB4F0Z0Z_R	95.652	23	1	4.48e-06	38.2
M03520:605:000000000-LVNKY:1:1109:15049:2943;size=8	RH.185D4E36BBF74FEZ0Z_F	100.000	27	0	7.54e-11	54.0
M03520:605:000000000-LVNKY:1:1109:15049:2943;size=8	RH.185D4E36BBF74FEZ0Z_R	100.000	26	0	2.98e-10	52.0
M03520:605:000000000-LVNKY:1:1109:15906:9525;size=8	RH.2A8AD21024974C0Z0Z_F	100.000	26	0	2.98e-10	52.0
M03520:605:000000000-LVNKY:1:1109:15906:9525;size=8	RH.2A8AD21024974C0Z0Z_R	100.000	25	0	1.18e-09	50.1
M03520:605:000000000-LVNKY:1:1109:21408:15071;size=8	RH.0096A141894D447Z0Z_F	100.000	24	0	4.65e-09	48.1
M03520:605:000000000-LVNKY:1:1109:23181:6410;size=8	RH.1CC74B91718A42FZ0Z_R	100.000	25	0	1.18e-09	50.1
M03520:605:000000000-LVNKY:1:1109:23181:6410;size=8	RH.1CC74B91718A42FZ0Z_F	95.833	24	1	1.13e-06	40.1
M03520:605:000000000-LVNKY:1:1109:24649:11307;size=8	RH.2A8AD21024974C0Z0Z_F	100.000	26	0	2.98e-10	52.0
M03520:605:000000000-LVNKY:1:1109:24649:11307;size=8	RH.2A8AD21024974C0Z0Z_R	100.000	25	0	1.18e-09	50.1
M03520:605:000000000-LVNKY:1:1109:5432:20434;size=8	RH.0096A141894D447Z0Z_F	100.000	24	0	4.65e-09	48.1
M03520:605:000000000-LVNKY:1:1109:5432:20434;size=8	RH.0096A141894D447Z0Z_R	100.000	21	0	2.87e-07	42.1
M03520:605:000000000-LVNKY:1:1110:11931:20602;size=8	RH.0096A141894D447Z0Z_F	100.000	24	0	4.65e-09	48.1
M03520:605:000000000-LVNKY:1:1110:11931:20602;size=8	RH.0096A141894D447Z0Z_R	100.000	21	0	2.87e-07	42.1
M03520:605:000000000-LVNKY:1:1110:18873:8739;size=8	RH.0096A141894D447Z0Z_R	100.000	21	0	2.87e-07	42.1
M03520:605:000000000-LVNKY:1:1110:18873:8739;size=8	RH.0096A141894D447Z0Z_F	95.833	24	1	1.13e-06	40.1
M03520:605:000000000-LVNKY:1:1110:23422:10429;size=8	RH.0BD19D1A26A74EBZ0Z_F	100.000	25	0	1.18e-09	50.1
M03520:605:000000000-LVNKY:1:1110:23422:10429;size=8	RH.0BD19D1A26A74EBZ0Z_R	100.000	24	0	4.65e-09	48.1
M03520:605:000000000-LVNKY:1:1110:27121:15111;size=8	RH.DDB83AFF97C94C6Z0Z_R	100.000	25	0	1.18e-09	50.1
M03520:605:000000000-LVNKY:1:1110:27121:15111;size=8	RH.DDB83AFF97C94C6Z0Z_F	100.000	24	0	4.65e-09	48.1
M03520:605:000000000-LVNKY:1:1110:7553:9568;size=8	RH.7CE39E25906745AZ0Z_F	100.000	25	0	1.18e-09	50.1
M03520:605:000000000-LVNKY:1:1110:7553:9568;size=8	RH.7CE39E25906745AZ0Z_R	100.000	24	0	4.65e-09	48.1
M03520:605:000000000-LVNKY:1:1110:8541:10250;size=8	RH.B9EF730EBE6C436Z0Z_R	100.000	25	0	1.18e-09	50.1
M03520:605:000000000-LVNKY:1:1110:8541:10250;size=8	RH.B9EF730EBE6C436Z0Z_F	100.000	25	0	1.18e-09	50.1
M03520:605:000000000-LVNKY:1:1111:17105:14165;size=8	RH.2AFFFBA0E81C482Z0Z_R	100.000	23	0	1.84e-08	46.1
M03520:605:000000000-LVNKY:1:1111:17105:14165;size=8	RH.1CC74B91718A42FZ0Z_F	100.000	20	0	1.13e-06	40.1
M03520:605:000000000-LVNKY:1:1111:23697:19429;size=8	RH.DDB83AFF97C94C6Z0Z_R	100.000	25	0	1.18e-09	50.1
M03520:605:000000000-LVNKY:1:1111:23697:19429;size=8	RH.DDB83AFF97C94C6Z0Z_F	100.000	24	0	4.65e-09	48.1
M03520:605:000000000-LVNKY:1:1111:8487:24986;size=8	RH.DDB83AFF97C94C6Z0Z_R	100.000	25	0	1.18e-09	50.1
M03520:605:000000000-LVNKY:1:1111:8487:24986;size=8	RH.DDB83AFF97C94C6Z0Z_F	100.000	24	0	4.65e-09	48.1
M03520:605:000000000-LVNKY:1:1112:15465:28444;size=8	RH.0096A141894D447Z0Z_F	100.000	24	0	4.65e-09	48.1
M03520:605:000000000-LVNKY:1:1112:15465:28444;size=8	RH.0096A141894D447Z0Z_R	100.000	21	0	2.87e-07	42.1
M03520:605:000000000-LVNKY:1:1112:15983:18619;size=8	RH.2A8AD21024974C0Z0Z_R	100.000	25	0	1.18e-09	50.1
M03520:605:000000000-LVNKY:1:1112:15983:18619;size=8	RH.2A8AD21024974C0Z0Z_F	96.154	26	1	7.27e-08	44.1
M03520:605:000000000-LVNKY:1:1112:27411:15368;size=8	RH.2A8AD21024974C0Z0Z_F	100.000	26	0	2.98e-10	52.0
M03520:605:000000000-LVNKY:1:1112:27411:15368;size=8	RH.2A8AD21024974C0Z0Z_R	100.000	25	0	1.18e-09	50.1
M03520:605:000000000-LVNKY:1:1112:6489:5731;size=8	RH.DDB83AFF97C94C6Z0Z_F	100.000	24	0	4.65e-09	48.1
M03520:605:000000000-LVNKY:1:1112:6489:5731;size=8	RH.DDB83AFF97C94C6Z0Z_R	100.000	21	0	2.87e-07	42.1
M03520:605:000000000-LVNKY:1:1113:8271:17132;size=8	RH.7CE39E25906745AZ0Z_R	100.000	26	0	2.98e-10	52.0
M03520:605:000000000-LVNKY:1:1113:8271:17132;size=8	RH.7CE39E25906745AZ0Z_F	100.000	25	0	1.18e-09	50.1
M03520:605:000000000-LVNKY:1:1101:10023:21796;size=7	RH.0096A141894D447Z0Z_F	100.000	24	0	4.65e-09	48.1
M03520:605:000000000-LVNKY:1:1101:10023:21796;size=7	RH.0096A141894D447Z0Z_R	100.000	21	0	2.87e-07	42.1
M03520:605:000000000-LVNKY:1:1101:10335:3444;size=7	RH.6572108A164E48EZ0Z_R	100.000	25	0	1.18e-09	50.1
M03520:605:000000000-LVNKY:1:1101:10335:3444;size=7	RH.6572108A164E48EZ0Z_F	100.000	24	0	4.65e-09	48.1
M03520:605:000000000-LVNKY:1:1101:10466:27203;size=7	RH.0BD19D1A26A74EBZ0Z_F	100.000	25	0	1.18e-09	50.1
M03520:605:000000000-LVNKY:1:1101:10466:27203;size=7	RH.0BD19D1A26A74EBZ0Z_R	100.000	24	0	4.65e-09	48.1
M03520:605:000000000-LVNKY:1:1101:11215:16749;size=7	RH.51338FA06EDB4F0Z0Z_R	100.000	25	0	1.18e-09	50.1
M03520:605:000000000-LVNKY:1:1101:11215:16749;size=7	RH.51338FA06EDB4F0Z0Z_F	100.000	25	0	1.18e-09	50.1
M03520:605:000000000-LVNKY:1:1101:11383:8231;size=7	RH.DDB83AFF97C94C6Z0Z_F	100.000	24	0	4.65e-09	48.1
M03520:605:000000000-LVNKY:1:1101:11383:8231;size=7	RH.DDB83AFF97C94C6Z0Z_R	100.000	22	0	7.27e-08	44.1
M03520:605:000000000-LVNKY:1:1101:11681:2554;size=7	RH.2A8AD21024974C0Z0Z_F	100.000	26	0	2.98e-10	52.0
M03520:605:000000000-LVNKY:1:1101:11681:2554;size=7	RH.2A8AD21024974C0Z0Z_R	100.000	25	0	1.18e-09	50.1
M03520:605:000000000-LVNKY:1:1101:11852:27106;size=7	RH.2AFFFBA0E81C482Z0Z_F	100.000	23	0	1.84e-08	46.1
M03520:605:000000000-LVNKY:1:1101:11852:27106;size=7	RH.2AFFFBA0E81C482Z0Z_R	100.000	21	0	2.87e-07	42.1
M03520:605:000000000-LVNKY:1:1101:12678:13529;size=7	RH.0096A141894D447Z0Z_F	100.000	24	0	4.65e-09	48.1
M03520:605:000000000-LVNKY:1:1101:12678:13529;size=7	RH.0096A141894D447Z0Z_R	100.000	21	0	2.87e-07	42.1
M03520:605:000000000-LVNKY:1:1101:12700:2178;size=7	RH.0BD19D1A26A74EBZ0Z_F	100.000	25	0	1.18e-09	50.1
M03520:605:000000000-LVNKY:1:1101:12700:2178;size=7	RH.0BD19D1A26A74EBZ0Z_R	100.000	24	0	4.65e-09	48.1
M03520:605:000000000-LVNKY:1:1101:13117:23568;size=7	RH.6572108A164E48EZ0Z_R	100.000	25	0	1.18e-09	50.1
M03520:605:000000000-LVNKY:1:1101:13117:23568;size=7	RH.6572108A164E48EZ0Z_F	100.000	24	0	4.65e-09	48.1
M03520:605:000000000-LVNKY:1:1101:13804:25658;size=7	RH.27578A9A85FA4A3Z0Z_F	100.000	24	0	4.65e-09	48.1
M03520:605:000000000-LVNKY:1:1101:13804:25658;size=7	RH.27578A9A85FA4A3Z0Z_R	100.000	22	0	7.27e-08	44.1
M03520:605:000000000-LVNKY:1:1101:14066:1961;size=7	RH.85A5303CAAF54ADZ0Z_R	100.000	22	0	7.27e-08	44.1
M03520:605:000000000-LVNKY:1:1101:14066:1961;size=7	RH.85A5303CAAF54ADZ0Z_F	100.000	21	0	2.87e-07	42.1
M03520:605:000000000-LVNKY:1:1101:14276:17889;size=7	RH.27578A9A85FA4A3Z0Z_F	100.000	24	0	4.65e-09	48.1
M03520:605:000000000-LVNKY:1:1101:14276:17889;size=7	RH.27578A9A85FA4A3Z0Z_R	100.000	22	0	7.27e-08	44.1
M03520:605:000000000-LVNKY:1:1101:14369:2081;size=7	RH.2AFFFBA0E81C482Z0Z_R	100.000	23	0	1.84e-08	46.1
M03520:605:000000000-LVNKY:1:1101:14369:2081;size=7	RH.2AFFFBA0E81C482Z0Z_F	95.652	23	1	4.48e-06	38.2
M03520:605:000000000-LVNKY:1:1101:14700:4353;size=7	RH.0096A141894D447Z0Z_F	100.000	24	0	4.65e-09	48.1
M03520:605:000000000-LVNKY:1:1101:14700:4353;size=7	RH.0096A141894D447Z0Z_R	100.000	21	0	2.87e-07	42.1
M03520:605:000000000-LVNKY:1:1101:15807:15588;size=7	RH.0550AF0F57084ADZ0Z_F	100.000	24	0	4.65e-09	48.1
M03520:605:000000000-LVNKY:1:1101:15807:15588;size=7	RH.0550AF0F57084ADZ0Z_R	100.000	22	0	7.27e-08	44.1
M03520:605:000000000-LVNKY:1:1101:15933:22842;size=7	RH.27578A9A85FA4A3Z0Z_F	100.000	24	0	4.65e-09	48.1
M03520:605:000000000-LVNKY:1:1101:15933:22842;size=7	RH.27578A9A85FA4A3Z0Z_R	100.000	22	0	7.27e-08	44.1
M03520:605:000000000-LVNKY:1:1101:16414:6640;size=7	RH.27578A9A85FA4A3Z0Z_F	100.000	24	0	4.65e-09	48.1
M03520:605:000000000-LVNKY:1:1101:16414:6640;size=7	RH.27578A9A85FA4A3Z0Z_R	100.000	22	0	7.27e-08	44.1
M03520:605:000000000-LVNKY:1:1101:16918:3061;size=7	RH.B9EF730EBE6C436Z0Z_R	100.000	25	0	1.18e-09	50.1
M03520:605:000000000-LVNKY:1:1101:17066:2045;size=7	RH.7CE39E25906745AZ0Z_R	100.000	26	0	2.98e-10	52.0
M03520:605:000000000-LVNKY:1:1101:17066:2045;size=7	RH.7CE39E25906745AZ0Z_F	100.000	25	0	1.18e-09	50.1
M03520:605:000000000-LVNKY:1:1101:17287:6196;size=7	RH.69CEA0AC39F4445Z0Z_F	100.000	24	0	4.65e-09	48.1
M03520:605:000000000-LVNKY:1:1101:17287:6196;size=7	RH.69CEA0AC39F4445Z0Z_R	100.000	23	0	1.84e-08	46.1
M03520:605:000000000-LVNKY:1:1101:17287:9237;size=7	RH.0096A141894D447Z0Z_F	100.000	24	0	4.65e-09	48.1
M03520:605:000000000-LVNKY:1:1101:17287:9237;size=7	RH.0096A141894D447Z0Z_R	100.000	21	0	2.87e-07	42.1
M03520:605:000000000-LVNKY:1:1101:17370:18609;size=7	RH.0096A141894D447Z0Z_F	100.000	24	0	4.65e-09	48.1
M03520:605:000000000-LVNKY:1:1101:17370:18609;size=7	RH.0096A141894D447Z0Z_R	100.000	21	0	2.87e-07	42.1
M03520:605:000000000-LVNKY:1:1101:17441:17065;size=7	RH.1CC74B91718A42FZ0Z_F	100.000	24	0	4.65e-09	48.1
M03520:605:000000000-LVNKY:1:1101:17441:17065;size=7	RH.1CC74B91718A42FZ0Z_R	96.000	25	1	2.87e-07	42.1
M03520:605:000000000-LVNKY:1:1101:17637:28009;size=7	RH.B9EF730EBE6C436Z0Z_R	100.000	25	0	1.18e-09	50.1
M03520:605:000000000-LVNKY:1:1101:17637:28009;size=7	RH.B9EF730EBE6C436Z0Z_F	100.000	25	0	1.18e-09	50.1
M03520:605:000000000-LVNKY:1:1101:17801:7170;size=7	RH.2AFFFBA0E81C482Z0Z_F	100.000	23	0	1.84e-08	46.1
M03520:605:000000000-LVNKY:1:1101:17801:7170;size=7	RH.2AFFFBA0E81C482Z0Z_R	95.652	23	1	4.48e-06	38.2
M03520:605:000000000-LVNKY:1:1101:18027:16850;size=7	RH.2AFFFBA0E81C482Z0Z_R	100.000	23	0	1.84e-08	46.1
M03520:605:000000000-LVNKY:1:1101:18027:16850;size=7	RH.2AFFFBA0E81C482Z0Z_F	100.000	23	0	1.84e-08	46.1
M03520:605:000000000-LVNKY:1:1101:18325:10822;size=7	RH.0096A141894D447Z0Z_F	100.000	24	0	4.65e-09	48.1
M03520:605:000000000-LVNKY:1:1101:18325:10822;size=7	RH.0096A141894D447Z0Z_R	100.000	21	0	2.87e-07	42.1
M03520:605:000000000-LVNKY:1:1101:18483:27966;size=7	RH.DDB83AFF97C94C6Z0Z_R	100.000	25	0	1.18e-09	50.1
M03520:605:000000000-LVNKY:1:1101:18703:15772;size=7	RH.2AFFFBA0E81C482Z0Z_F	100.000	23	0	1.84e-08	46.1
M03520:605:000000000-LVNKY:1:1101:18703:15772;size=7	RH.2AFFFBA0E81C482Z0Z_R	100.000	22	0	7.27e-08	44.1
M03520:605:000000000-LVNKY:1:1101:18858:3963;size=7	RH.2091F326F74640CZ0Z_F	100.000	24	0	4.65e-09	48.1
M03520:605:000000000-LVNKY:1:1101:19291:5517;size=7	RH.E04EE94198274F7Z0Z_F	100.000	25	0	1.18e-09	50.1
M03520:605:000000000-LVNKY:1:1101:19291:5517;size=7	RH.E04EE94198274F7Z0Z_R	95.833	24	1	1.13e-06	40.1
M03520:605:000000000-LVNKY:1:1101:19828:11163;size=7	RH.B9EF730EBE6C436Z0Z_F	100.000	25	0	1.18e-09	50.1
M03520:605:000000000-LVNKY:1:1101:19950:5846;size=7	RH.7CE39E25906745AZ0Z_R	100.000	26	0	2.98e-10	52.0
M03520:605:000000000-LVNKY:1:1101:19950:5846;size=7	RH.7CE39E25906745AZ0Z_F	100.000	25	0	1.18e-09	50.1
M03520:605:000000000-LVNKY:1:1101:20190:6012;size=7	RH.6572108A164E48EZ0Z_R	100.000	25	0	1.18e-09	50.1
M03520:605:000000000-LVNKY:1:1101:20190:6012;size=7	RH.6572108A164E48EZ0Z_F	95.833	24	1	1.13e-06	40.1
M03520:605:000000000-LVNKY:1:1101:20712:8584;size=7	RH.27578A9A85FA4A3Z0Z_F	100.000	24	0	4.65e-09	48.1
M03520:605:000000000-LVNKY:1:1101:20733:10410;size=7	RH.85A5303CAAF54ADZ0Z_F	100.000	21	0	2.87e-07	42.1
M03520:605:000000000-LVNKY:1:1101:20793:17872;size=7	RH.51338FA06EDB4F0Z0Z_R	100.000	25	0	1.18e-09	50.1
M03520:605:000000000-LVNKY:1:1101:20793:17872;size=7	RH.51338FA06EDB4F0Z0Z_F	100.000	25	0	1.18e-09	50.1
M03520:605:000000000-LVNKY:1:1101:21020:14174;size=7	RH.0BD19D1A26A74EBZ0Z_R	100.000	24	0	4.65e-09	48.1
M03520:605:000000000-LVNKY:1:1101:21496:26013;size=7	RH.77AF146DFCE1428Z0Z_R	100.000	24	0	4.65e-09	48.1
M03520:605:000000000-LVNKY:1:1101:21496:26013;size=7	RH.77AF146DFCE1428Z0Z_F	100.000	23	0	1.84e-08	46.1
M03520:605:000000000-LVNKY:1:1101:21663:23932;size=7	RH.DDB83AFF97C94C6Z0Z_R	100.000	25	0	1.18e-09	50.1
M03520:605:000000000-LVNKY:1:1101:21663:23932;size=7	RH.8B25A056ABC1444Z0Z_F	100.000	22	0	7.27e-08	44.1
M03520:605:000000000-LVNKY:1:1101:21786:15495;size=7	RH.51338FA06EDB4F0Z0Z_F	100.000	25	0	1.18e-09	50.1
M03520:605:000000000-LVNKY:1:1101:21786:15495;size=7	RH.51338FA06EDB4F0Z0Z_R	100.000	24	0	4.65e-09	48.1
M03520:605:000000000-LVNKY:1:1101:21847:15817;size=7	RH.1CC74B91718A42FZ0Z_F	100.000	24	0	4.65e-09	48.1
M03520:605:000000000-LVNKY:1:1101:21847:15817;size=7	RH.1CC74B91718A42FZ0Z_R	96.000	25	1	2.87e-07	42.1
M03520:605:000000000-LVNKY:1:1101:22047:5005;size=7	RH.DDB83AFF97C94C6Z0Z_R	100.000	25	0	1.18e-09	50.1
M03520:605:000000000-LVNKY:1:1101:22047:5005;size=7	RH.8B25A056ABC1444Z0Z_F	100.000	22	0	7.27e-08	44.1
M03520:605:000000000-LVNKY:1:1101:22134:12215;size=7	RH.2A8AD21024974C0Z0Z_F	100.000	26	0	2.98e-10	52.0
M03520:605:000000000-LVNKY:1:1101:22134:12215;size=7	RH.2A8AD21024974C0Z0Z_R	100.000	25	0	1.18e-09	50.1
M03520:605:000000000-LVNKY:1:1101:22558:5669;size=7	RH.BE09C1F6EE4B426Z0Z_R	100.000	23	0	1.84e-08	46.1
M03520:605:000000000-LVNKY:1:1101:22558:5669;size=7	RH.BE09C1F6EE4B426Z0Z_F	100.000	22	0	7.27e-08	44.1
M03520:605:000000000-LVNKY:1:1101:22764:20927;size=7	RH.CF953F27F5674E1Z0Z_F	100.000	26	0	2.98e-10	52.0
M03520:605:000000000-LVNKY:1:1101:22764:20927;size=7	RH.CF953F27F5674E1Z0Z_R	100.000	25	0	1.18e-09	50.1
M03520:605:000000000-LVNKY:1:1101:23531:24937;size=7	RH.85A5303CAAF54ADZ0Z_R	100.000	22	0	7.27e-08	44.1
M03520:605:000000000-LVNKY:1:1101:23531:24937;size=7	RH.85A5303CAAF54ADZ0Z_F	100.000	21	0	2.87e-07	42.1
M03520:605:000000000-LVNKY:1:1101:23583:19432;size=7	RH.0096A141894D447Z0Z_R	100.000	21	0	2.87e-07	42.1
M03520:605:000000000-LVNKY:1:1101:23583:19432;size=7	RH.0096A141894D447Z0Z_F	95.833	24	1	1.13e-06	40.1
M03520:605:000000000-LVNKY:1:1101:23770:16668;size=7	RH.DDB83AFF97C94C6Z0Z_R	100.000	25	0	1.18e-09	50.1
M03520:605:000000000-LVNKY:1:1101:23770:16668;size=7	RH.8B25A056ABC1444Z0Z_F	100.000	22	0	7.27e-08	44.1
M03520:605:000000000-LVNKY:1:1101:24248:24850;size=7	RH.7CE39E25906745AZ0Z_F	100.000	25	0	1.18e-09	50.1
M03520:605:000000000-LVNKY:1:1101:24255:20234;size=7	RH.DDB83AFF97C94C6Z0Z_R	100.000	25	0	1.18e-09	50.1
M03520:605:000000000-LVNKY:1:1101:24255:20234;size=7	RH.DDB83AFF97C94C6Z0Z_F	100.000	23	0	1.84e-08	46.1
M03520:605:000000000-LVNKY:1:1101:24522:26003;size=7	RH.2AFFFBA0E81C482Z0Z_F	100.000	23	0	1.84e-08	46.1
M03520:605:000000000-LVNKY:1:1101:24522:26003;size=7	RH.2AFFFBA0E81C482Z0Z_R	95.652	23	1	4.48e-06	38.2
M03520:605:000000000-LVNKY:1:1101:24863:21179;size=7	RH.2091F326F74640CZ0Z_F	100.000	24	0	4.65e-09	48.1
M03520:605:000000000-LVNKY:1:1101:2642:10547;size=7	RH.0BD19D1A26A74EBZ0Z_F	100.000	25	0	1.18e-09	50.1
M03520:605:000000000-LVNKY:1:1101:2642:10547;size=7	RH.0BD19D1A26A74EBZ0Z_R	100.000	24	0	4.65e-09	48.1
M03520:605:000000000-LVNKY:1:1101:26559:14954;size=7	RH.27578A9A85FA4A3Z0Z_F	100.000	24	0	4.65e-09	48.1
M03520:605:000000000-LVNKY:1:1101:26559:14954;size=7	RH.27578A9A85FA4A3Z0Z_R	100.000	22	0	7.27e-08	44.1
M03520:605:000000000-LVNKY:1:1101:26829:14490;size=7	RH.0550AF0F57084ADZ0Z_F	100.000	24	0	4.65e-09	48.1
M03520:605:000000000-LVNKY:1:1101:26829:14490;size=7	RH.0550AF0F57084ADZ0Z_R	100.000	22	0	7.27e-08	44.1
M03520:605:000000000-LVNKY:1:1101:26830:10525;size=7	RH.85A5303CAAF54ADZ0Z_R	100.000	22	0	7.27e-08	44.1
M03520:605:000000000-LVNKY:1:1101:26830:10525;size=7	RH.85A5303CAAF54ADZ0Z_F	100.000	21	0	2.87e-07	42.1
M03520:605:000000000-LVNKY:1:1101:27111:12829;size=7	RH.1CC74B91718A42FZ0Z_R	100.000	25	0	1.18e-09	50.1
M03520:605:000000000-LVNKY:1:1101:27111:12829;size=7	RH.1CC74B91718A42FZ0Z_F	95.833	24	1	1.13e-06	40.1
M03520:605:000000000-LVNKY:1:1101:27557:13211;size=7	RH.DE543226C201437Z0Z_R	100.000	20	0	1.13e-06	40.1
M03520:605:000000000-LVNKY:1:1101:27557:13211;size=7	RH.51338FA06EDB4F0Z0Z_R	95.652	23	1	4.48e-06	38.2
M03520:605:000000000-LVNKY:1:1101:28141:12067;size=7	RH.DDB83AFF97C94C6Z0Z_R	100.000	25	0	1.18e-09	50.1
M03520:605:000000000-LVNKY:1:1101:28141:12067;size=7	RH.DDB83AFF97C94C6Z0Z_F	100.000	24	0	4.65e-09	48.1
M03520:605:000000000-LVNKY:1:1101:29191:16292;size=7	RH.6572108A164E48EZ0Z_R	100.000	25	0	1.18e-09	50.1
M03520:605:000000000-LVNKY:1:1101:29191:16292;size=7	RH.6572108A164E48EZ0Z_F	100.000	24	0	4.65e-09	48.1
M03520:605:000000000-LVNKY:1:1101:4216:8620;size=7	RH.51338FA06EDB4F0Z0Z_F	100.000	25	0	1.18e-09	50.1
M03520:605:000000000-LVNKY:1:1101:4216:8620;size=7	RH.51338FA06EDB4F0Z0Z_R	96.000	25	1	2.87e-07	42.1
M03520:605:000000000-LVNKY:1:1101:4557:8239;size=7	RH.2AFFFBA0E81C482Z0Z_F	100.000	23	0	1.84e-08	46.1
M03520:605:000000000-LVNKY:1:1101:4557:8239;size=7	RH.2AFFFBA0E81C482Z0Z_R	100.000	23	0	1.84e-08	46.1
M03520:605:000000000-LVNKY:1:1101:4773:16398;size=7	RH.606B5F6208E1492Z0Z_R	100.000	25	0	1.18e-09	50.1
M03520:605:000000000-LVNKY:1:1101:4773:16398;size=7	RH.606B5F6208E1492Z0Z_F	100.000	24	0	4.65e-09	48.1
M03520:605:000000000-LVNKY:1:1101:5017:15888;size=7	RH.0BD19D1A26A74EBZ0Z_F	100.000	25	0	1.18e-09	50.1
M03520:605:000000000-LVNKY:1:1101:5017:15888;size=7	RH.0BD19D1A26A74EBZ0Z_R	100.000	24	0	4.65e-09	48.1
M03520:605:000000000-LVNKY:1:1101:5020:19420;size=7	RH.6572108A164E48EZ0Z_F	100.000	24	0	4.65e-09	48.1
M03520:605:000000000-LVNKY:1:1101:5020:19420;size=7	RH.6572108A164E48EZ0Z_R	100.000	21	0	2.87e-07	42.1
M03520:605:000000000-LVNKY:1:1101:5475:14420;size=7	RH.2AFFFBA0E81C482Z0Z_R	100.000	23	0	1.84e-08	46.1
M03520:605:000000000-LVNKY:1:1101:5475:14420;size=7	RH.2AFFFBA0E81C482Z0Z_F	100.000	20	0	1.13e-06	40.1
M03520:605:000000000-LVNKY:1:1101:5631:22000;size=7	RH.0096A141894D447Z0Z_F	100.000	24	0	4.65e-09	48.1
M03520:605:000000000-LVNKY:1:1101:6171:18665;size=7	RH.B9EF730EBE6C436Z0Z_R	100.000	25	0	1.18e-09	50.1
M03520:605:000000000-LVNKY:1:1101:6171:18665;size=7	RH.B9EF730EBE6C436Z0Z_F	100.000	25	0	1.18e-09	50.1
M03520:605:000000000-LVNKY:1:1101:6246:7206;size=7	RH.0096A141894D447Z0Z_R	100.000	21	0	2.87e-07	42.1
M03520:605:000000000-LVNKY:1:1101:6246:7206;size=7	RH.0096A141894D447Z0Z_F	95.833	24	1	1.13e-06	40.1
M03520:605:000000000-LVNKY:1:1101:7501:18929;size=7	RH.DDB83AFF97C94C6Z0Z_R	100.000	25	0	1.18e-09	50.1
M03520:605:000000000-LVNKY:1:1101:7501:18929;size=7	RH.DDB83AFF97C94C6Z0Z_F	95.833	24	1	1.13e-06	40.1
M03520:605:000000000-LVNKY:1:1101:8265:22663;size=7	RH.85A5303CAAF54ADZ0Z_R	100.000	22	0	7.27e-08	44.1
M03520:605:000000000-LVNKY:1:1101:8265:22663;size=7	RH.85A5303CAAF54ADZ0Z_F	100.000	21	0	2.87e-07	42.1
M03520:605:000000000-LVNKY:1:1101:8651:11819;size=7	RH.0096A141894D447Z0Z_F	100.000	24	0	4.65e-09	48.1
M03520:605:000000000-LVNKY:1:1101:8651:11819;size=7	RH.0096A141894D447Z0Z_R	100.000	21	0	2.87e-07	42.1
M03520:605:000000000-LVNKY:1:1101:8721:22043;size=7	RH.DDB83AFF97C94C6Z0Z_R	100.000	25	0	1.18e-09	50.1
M03520:605:000000000-LVNKY:1:1101:8721:22043;size=7	RH.DDB83AFF97C94C6Z0Z_F	100.000	24	0	4.65e-09	48.1
M03520:605:000000000-LVNKY:1:1101:8866:14901;size=7	RH.0096A141894D447Z0Z_R	100.000	21	0	2.87e-07	42.1
M03520:605:000000000-LVNKY:1:1101:8866:14901;size=7	RH.0096A141894D447Z0Z_F	95.833	24	1	1.13e-06	40.1
M03520:605:000000000-LVNKY:1:1101:9186:8437;size=7	RH.27578A9A85FA4A3Z0Z_F	100.000	24	0	4.65e-09	48.1
M03520:605:000000000-LVNKY:1:1101:9186:8437;size=7	RH.27578A9A85FA4A3Z0Z_R	100.000	22	0	7.27e-08	44.1
M03520:605:000000000-LVNKY:1:1101:9489:20362;size=7	RH.51338FA06EDB4F0Z0Z_F	100.000	25	0	1.18e-09	50.1
M03520:605:000000000-LVNKY:1:1101:9489:20362;size=7	RH.51338FA06EDB4F0Z0Z_R	100.000	24	0	4.65e-09	48.1
M03520:605:000000000-LVNKY:1:1101:9622:19894;size=7	RH.27578A9A85FA4A3Z0Z_F	100.000	24	0	4.65e-09	48.1
M03520:605:000000000-LVNKY:1:1101:9622:19894;size=7	RH.27578A9A85FA4A3Z0Z_R	100.000	22	0	7.27e-08	44.1
M03520:605:000000000-LVNKY:1:1101:9691:13005;size=7	RH.DDB83AFF97C94C6Z0Z_R	100.000	25	0	1.18e-09	50.1
M03520:605:000000000-LVNKY:1:1101:9691:13005;size=7	RH.8B25A056ABC1444Z0Z_F	100.000	22	0	7.27e-08	44.1
M03520:605:000000000-LVNKY:1:1101:9691:15934;size=7	RH.7CE39E25906745AZ0Z_F	100.000	25	0	1.18e-09	50.1
M03520:605:000000000-LVNKY:1:1101:9691:15934;size=7	RH.7CE39E25906745AZ0Z_R	100.000	23	0	1.84e-08	46.1
M03520:605:000000000-LVNKY:1:1102:10613:5941;size=7	RH.E04EE94198274F7Z0Z_F	100.000	25	0	1.18e-09	50.1
M03520:605:000000000-LVNKY:1:1102:10613:5941;size=7	RH.E04EE94198274F7Z0Z_R	95.833	24	1	1.13e-06	40.1
M03520:605:000000000-LVNKY:1:1102:10680:24746;size=7	RH.2AFFFBA0E81C482Z0Z_R	100.000	23	0	1.84e-08	46.1
M03520:605:000000000-LVNKY:1:1102:10680:24746;size=7	RH.2AFFFBA0E81C482Z0Z_F	100.000	19	0	4.48e-06	38.2
M03520:605:000000000-LVNKY:1:1102:12397:24895;size=7	RH.0550AF0F57084ADZ0Z_F	100.000	24	0	4.65e-09	48.1
M03520:605:000000000-LVNKY:1:1102:12397:24895;size=7	RH.0550AF0F57084ADZ0Z_R	100.000	22	0	7.27e-08	44.1
M03520:605:000000000-LVNKY:1:1102:12717:22878;size=7	RH.DDB83AFF97C94C6Z0Z_R	100.000	25	0	1.18e-09	50.1
M03520:605:000000000-LVNKY:1:1102:12717:22878;size=7	RH.DDB83AFF97C94C6Z0Z_F	100.000	24	0	4.65e-09	48.1
M03520:605:000000000-LVNKY:1:1102:12768:21342;size=7	RH.27578A9A85FA4A3Z0Z_F	100.000	24	0	4.65e-09	48.1
M03520:605:000000000-LVNKY:1:1102:12768:21342;size=7	RH.27578A9A85FA4A3Z0Z_R	100.000	21	0	2.87e-07	42.1
M03520:605:000000000-LVNKY:1:1102:13097:22844;size=7	RH.0096A141894D447Z0Z_R	100.000	22	0	7.27e-08	44.1
M03520:605:000000000-LVNKY:1:1102:13716:2883;size=7	RH.8B25A056ABC1444Z0Z_R	100.000	24	0	4.65e-09	48.1
M03520:605:000000000-LVNKY:1:1102:13716:2883;size=7	RH.8B25A056ABC1444Z0Z_F	100.000	22	0	7.27e-08	44.1
M03520:605:000000000-LVNKY:1:1102:13837:8106;size=7	RH.7CE39E25906745AZ0Z_R	100.000	25	0	1.18e-09	50.1
M03520:605:000000000-LVNKY:1:1102:14154:7053;size=7	RH.7CE39E25906745AZ0Z_R	100.000	26	0	2.98e-10	52.0
M03520:605:000000000-LVNKY:1:1102:14154:7053;size=7	RH.7CE39E25906745AZ0Z_F	100.000	25	0	1.18e-09	50.1
M03520:605:000000000-LVNKY:1:1102:15170:4847;size=7	RH.27578A9A85FA4A3Z0Z_R	100.000	22	0	7.27e-08	44.1
M03520:605:000000000-LVNKY:1:1102:15513:10353;size=7	RH.27578A9A85FA4A3Z0Z_F	100.000	24	0	4.65e-09	48.1
M03520:605:000000000-LVNKY:1:1102:15672:24395;size=7	RH.B9EF730EBE6C436Z0Z_R	100.000	25	0	1.18e-09	50.1
M03520:605:000000000-LVNKY:1:1102:15672:24395;size=7	RH.B9EF730EBE6C436Z0Z_F	100.000	25	0	1.18e-09	50.1
M03520:605:000000000-LVNKY:1:1102:15860:21065;size=7	RH.0BD19D1A26A74EBZ0Z_F	100.000	25	0	1.18e-09	50.1
M03520:605:000000000-LVNKY:1:1102:15860:21065;size=7	RH.0BD19D1A26A74EBZ0Z_R	100.000	24	0	4.65e-09	48.1
M03520:605:000000000-LVNKY:1:1102:16450:7624;size=7	RH.0550AF0F57084ADZ0Z_F	100.000	23	0	1.84e-08	46.1
M03520:605:000000000-LVNKY:1:1102:16450:7624;size=7	RH.0550AF0F57084ADZ0Z_R	100.000	22	0	7.27e-08	44.1
M03520:605:000000000-LVNKY:1:1102:17251:5998;size=7	RH.CA1E204B0C0842DZ0Z_F	100.000	26	0	2.98e-10	52.0
M03520:605:000000000-LVNKY:1:1102:17251:5998;size=7	RH.CA1E204B0C0842DZ0Z_R	100.000	24	0	4.65e-09	48.1
M03520:605:000000000-LVNKY:1:1102:17531:26490;size=7	RH.DDB83AFF97C94C6Z0Z_R	100.000	25	0	1.18e-09	50.1
M03520:605:000000000-LVNKY:1:1102:17531:26490;size=7	RH.DDB83AFF97C94C6Z0Z_F	100.000	24	0	4.65e-09	48.1
M03520:605:000000000-LVNKY:1:1102:17595:11628;size=7	RH.0096A141894D447Z0Z_F	100.000	24	0	4.65e-09	48.1
M03520:605:000000000-LVNKY:1:1102:17595:11628;size=7	RH.0096A141894D447Z0Z_R	100.000	21	0	2.87e-07	42.1
M03520:605:000000000-LVNKY:1:1102:17790:8941;size=7	RH.0096A141894D447Z0Z_F	100.000	24	0	4.65e-09	48.1
M03520:605:000000000-LVNKY:1:1102:19166:24021;size=7	RH.51338FA06EDB4F0Z0Z_F	100.000	25	0	1.18e-09	50.1
M03520:605:000000000-LVNKY:1:1102:19166:24021;size=7	RH.51338FA06EDB4F0Z0Z_R	96.000	25	1	2.87e-07	42.1
M03520:605:000000000-LVNKY:1:1102:19308:21558;size=7	RH.51338FA06EDB4F0Z0Z_F	100.000	25	0	1.18e-09	50.1
M03520:605:000000000-LVNKY:1:1102:19308:21558;size=7	RH.51338FA06EDB4F0Z0Z_R	96.000	25	1	2.87e-07	42.1
M03520:605:000000000-LVNKY:1:1102:21304:18392;size=7	RH.DDB83AFF97C94C6Z0Z_R	100.000	25	0	1.18e-09	50.1
M03520:605:000000000-LVNKY:1:1102:21304:18392;size=7	RH.DDB83AFF97C94C6Z0Z_F	100.000	24	0	4.65e-09	48.1
M03520:605:000000000-LVNKY:1:1102:2139:12168;size=7	RH.27578A9A85FA4A3Z0Z_F	100.000	24	0	4.65e-09	48.1
M03520:605:000000000-LVNKY:1:1102:21458:16779;size=7	RH.7CE39E25906745AZ0Z_R	100.000	26	0	2.98e-10	52.0
M03520:605:000000000-LVNKY:1:1102:21458:16779;size=7	RH.7CE39E25906745AZ0Z_F	100.000	25	0	1.18e-09	50.1
M03520:605:000000000-LVNKY:1:1102:21767:23648;size=7	RH.0550AF0F57084ADZ0Z_F	100.000	24	0	4.65e-09	48.1
M03520:605:000000000-LVNKY:1:1102:21767:23648;size=7	RH.0550AF0F57084ADZ0Z_R	100.000	22	0	7.27e-08	44.1
M03520:605:000000000-LVNKY:1:1102:22039:15534;size=7	RH.51338FA06EDB4F0Z0Z_F	100.000	25	0	1.18e-09	50.1
M03520:605:000000000-LVNKY:1:1102:22039:15534;size=7	RH.51338FA06EDB4F0Z0Z_R	96.000	25	1	2.87e-07	42.1
M03520:605:000000000-LVNKY:1:1102:22393:3598;size=7	RH.DDB83AFF97C94C6Z0Z_R	100.000	25	0	1.18e-09	50.1
M03520:605:000000000-LVNKY:1:1102:23118:13495;size=7	RH.0096A141894D447Z0Z_R	100.000	21	0	2.87e-07	42.1
M03520:605:000000000-LVNKY:1:1102:23118:13495;size=7	RH.0096A141894D447Z0Z_F	100.000	21	0	2.87e-07	42.1
M03520:605:000000000-LVNKY:1:1102:23479:17426;size=7	RH.1CC74B91718A42FZ0Z_R	100.000	25	0	1.18e-09	50.1
M03520:605:000000000-LVNKY:1:1102:23479:17426;size=7	RH.1CC74B91718A42FZ0Z_F	100.000	24	0	4.65e-09	48.1
M03520:605:000000000-LVNKY:1:1102:24306:15550;size=7	RH.69CEA0AC39F4445Z0Z_F	100.000	24	0	4.65e-09	48.1
M03520:605:000000000-LVNKY:1:1102:24306:15550;size=7	RH.69CEA0AC39F4445Z0Z_R	100.000	23	0	1.84e-08	46.1
M03520:605:000000000-LVNKY:1:1102:24835:5494;size=7	RH.B9EF730EBE6C436Z0Z_R	100.000	25	0	1.18e-09	50.1
M03520:605:000000000-LVNKY:1:1102:24835:5494;size=7	RH.B9EF730EBE6C436Z0Z_F	100.000	25	0	1.18e-09	50.1
M03520:605:000000000-LVNKY:1:1102:25863:5689;size=7	RH.0BD19D1A26A74EBZ0Z_F	100.000	25	0	1.18e-09	50.1
M03520:605:000000000-LVNKY:1:1102:25863:5689;size=7	RH.0BD19D1A26A74EBZ0Z_R	100.000	24	0	4.65e-09	48.1
M03520:605:000000000-LVNKY:1:1102:26948:21265;size=7	RH.51338FA06EDB4F0Z0Z_R	100.000	25	0	1.18e-09	50.1
M03520:605:000000000-LVNKY:1:1102:27426:17294;size=7	RH.78B83B8D6A224B1Z0Z_F	100.000	20	0	1.13e-06	40.1
M03520:605:000000000-LVNKY:1:1102:28369:12262;size=7	RH.6572108A164E48EZ0Z_R	100.000	25	0	1.18e-09	50.1
M03520:605:000000000-LVNKY:1:1102:28369:12262;size=7	RH.6572108A164E48EZ0Z_F	100.000	24	0	4.65e-09	48.1
M03520:605:000000000-LVNKY:1:1102:28392:16051;size=7	RH.27578A9A85FA4A3Z0Z_F	100.000	24	0	4.65e-09	48.1
M03520:605:000000000-LVNKY:1:1102:28392:16051;size=7	RH.27578A9A85FA4A3Z0Z_R	100.000	21	0	2.87e-07	42.1
M03520:605:000000000-LVNKY:1:1102:3132:13852;size=7	RH.69CEA0AC39F4445Z0Z_F	100.000	24	0	4.65e-09	48.1
M03520:605:000000000-LVNKY:1:1102:3132:13852;size=7	RH.69CEA0AC39F4445Z0Z_R	100.000	23	0	1.84e-08	46.1
M03520:605:000000000-LVNKY:1:1102:3163:10679;size=7	RH.CF953F27F5674E1Z0Z_F	100.000	26	0	2.98e-10	52.0
M03520:605:000000000-LVNKY:1:1102:3163:10679;size=7	RH.CF953F27F5674E1Z0Z_R	100.000	25	0	1.18e-09	50.1
M03520:605:000000000-LVNKY:1:1102:4441:22980;size=7	RH.51338FA06EDB4F0Z0Z_F	100.000	25	0	1.18e-09	50.1
M03520:605:000000000-LVNKY:1:1102:4441:22980;size=7	RH.51338FA06EDB4F0Z0Z_R	100.000	25	0	1.18e-09	50.1
M03520:605:000000000-LVNKY:1:1102:4523:10869;size=7	RH.DE543226C201437Z0Z_R	100.000	20	0	1.13e-06	40.1
M03520:605:000000000-LVNKY:1:1102:4523:10869;size=7	RH.51338FA06EDB4F0Z0Z_R	95.652	23	1	4.48e-06	38.2
M03520:605:000000000-LVNKY:1:1102:4873:8854;size=7	RH.51338FA06EDB4F0Z0Z_R	100.000	25	0	1.18e-09	50.1
M03520:605:000000000-LVNKY:1:1102:4873:8854;size=7	RH.51338FA06EDB4F0Z0Z_F	100.000	25	0	1.18e-09	50.1
M03520:605:000000000-LVNKY:1:1102:6262:24671;size=7	RH.27578A9A85FA4A3Z0Z_F	100.000	24	0	4.65e-09	48.1
M03520:605:000000000-LVNKY:1:1102:7108:24885;size=7	RH.0BD19D1A26A74EBZ0Z_R	100.000	24	0	4.65e-09	48.1
M03520:605:000000000-LVNKY:1:1102:7108:24885;size=7	RH.0550AF0F57084ADZ0Z_F	100.000	24	0	4.65e-09	48.1
M03520:605:000000000-LVNKY:1:1102:7499:21235;size=7	RH.85A5303CAAF54ADZ0Z_R	100.000	22	0	7.27e-08	44.1
M03520:605:000000000-LVNKY:1:1102:7499:21235;size=7	RH.85A5303CAAF54ADZ0Z_F	100.000	21	0	2.87e-07	42.1
M03520:605:000000000-LVNKY:1:1102:8133:25486;size=7	RH.2A8AD21024974C0Z0Z_R	100.000	25	0	1.18e-09	50.1
M03520:605:000000000-LVNKY:1:1102:8133:25486;size=7	RH.2A8AD21024974C0Z0Z_F	96.154	26	1	7.27e-08	44.1
M03520:605:000000000-LVNKY:1:1102:8165:16350;size=7	RH.2A8AD21024974C0Z0Z_F	100.000	26	0	2.98e-10	52.0
M03520:605:000000000-LVNKY:1:1102:8165:16350;size=7	RH.2A8AD21024974C0Z0Z_R	100.000	25	0	1.18e-09	50.1
M03520:605:000000000-LVNKY:1:1102:9152:22286;size=7	RH.0550AF0F57084ADZ0Z_F	100.000	24	0	4.65e-09	48.1
M03520:605:000000000-LVNKY:1:1102:9152:22286;size=7	RH.0550AF0F57084ADZ0Z_R	100.000	22	0	7.27e-08	44.1
M03520:605:000000000-LVNKY:1:1102:9273:10732;size=7	RH.B9EF730EBE6C436Z0Z_R	100.000	25	0	1.18e-09	50.1
M03520:605:000000000-LVNKY:1:1102:9273:10732;size=7	RH.B9EF730EBE6C436Z0Z_F	100.000	25	0	1.18e-09	50.1
M03520:605:000000000-LVNKY:1:1102:9291:25355;size=7	RH.2A8AD21024974C0Z0Z_F	100.000	26	0	2.98e-10	52.0
M03520:605:000000000-LVNKY:1:1102:9291:25355;size=7	RH.2A8AD21024974C0Z0Z_R	100.000	25	0	1.18e-09	50.1
M03520:605:000000000-LVNKY:1:1103:10291:21606;size=7	RH.7CE39E25906745AZ0Z_R	100.000	26	0	2.98e-10	52.0
M03520:605:000000000-LVNKY:1:1103:10291:21606;size=7	RH.7CE39E25906745AZ0Z_F	100.000	25	0	1.18e-09	50.1
M03520:605:000000000-LVNKY:1:1103:10439:23840;size=7	RH.0096A141894D447Z0Z_F	100.000	24	0	4.65e-09	48.1
M03520:605:000000000-LVNKY:1:1103:10439:23840;size=7	RH.0096A141894D447Z0Z_R	100.000	21	0	2.87e-07	42.1
M03520:605:000000000-LVNKY:1:1103:11840:4076;size=7	RH.7CE39E25906745AZ0Z_R	100.000	26	0	2.98e-10	52.0
M03520:605:000000000-LVNKY:1:1103:11840:4076;size=7	RH.7CE39E25906745AZ0Z_F	100.000	25	0	1.18e-09	50.1
M03520:605:000000000-LVNKY:1:1103:11949:24957;size=7	RH.0BD19D1A26A74EBZ0Z_F	100.000	25	0	1.18e-09	50.1
M03520:605:000000000-LVNKY:1:1103:11949:24957;size=7	RH.0BD19D1A26A74EBZ0Z_R	100.000	24	0	4.65e-09	48.1
M03520:605:000000000-LVNKY:1:1103:12584:21604;size=7	RH.2AFFFBA0E81C482Z0Z_R	100.000	23	0	1.84e-08	46.1
M03520:605:000000000-LVNKY:1:1103:12584:21604;size=7	RH.2AFFFBA0E81C482Z0Z_F	100.000	23	0	1.84e-08	46.1
M03520:605:000000000-LVNKY:1:1103:12616:2867;size=7	RH.0BD19D1A26A74EBZ0Z_F	100.000	25	0	1.18e-09	50.1
M03520:605:000000000-LVNKY:1:1103:13528:14749;size=7	RH.69CEA0AC39F4445Z0Z_F	100.000	24	0	4.65e-09	48.1
M03520:605:000000000-LVNKY:1:1103:13528:14749;size=7	RH.69CEA0AC39F4445Z0Z_R	100.000	23	0	1.84e-08	46.1
M03520:605:000000000-LVNKY:1:1103:13879:6347;size=7	RH.7CE39E25906745AZ0Z_R	100.000	26	0	2.98e-10	52.0
M03520:605:000000000-LVNKY:1:1103:13879:6347;size=7	RH.7CE39E25906745AZ0Z_F	100.000	25	0	1.18e-09	50.1
M03520:605:000000000-LVNKY:1:1103:13962:22329;size=7	RH.27578A9A85FA4A3Z0Z_R	100.000	22	0	7.27e-08	44.1
M03520:605:000000000-LVNKY:1:1103:13962:22329;size=7	RH.27578A9A85FA4A3Z0Z_F	95.833	24	1	1.13e-06	40.1
M03520:605:000000000-LVNKY:1:1103:15302:24821;size=7	RH.51338FA06EDB4F0Z0Z_F	100.000	25	0	1.18e-09	50.1
M03520:605:000000000-LVNKY:1:1103:15302:24821;size=7	RH.51338FA06EDB4F0Z0Z_R	100.000	22	0	7.27e-08	44.1
M03520:605:000000000-LVNKY:1:1103:15703:16583;size=7	RH.0096A141894D447Z0Z_F	100.000	24	0	4.65e-09	48.1
M03520:605:000000000-LVNKY:1:1103:15897:10116;size=7	RH.0096A141894D447Z0Z_F	100.000	24	0	4.65e-09	48.1
M03520:605:000000000-LVNKY:1:1103:16828:19973;size=7	RH.2AFFFBA0E81C482Z0Z_F	100.000	23	0	1.84e-08	46.1
M03520:605:000000000-LVNKY:1:1103:16828:19973;size=7	RH.2AFFFBA0E81C482Z0Z_R	95.652	23	1	4.48e-06	38.2
M03520:605:000000000-LVNKY:1:1103:16884:13211;size=7	RH.DE543226C201437Z0Z_R	100.000	20	0	1.13e-06	40.1
M03520:605:000000000-LVNKY:1:1103:16884:13211;size=7	RH.51338FA06EDB4F0Z0Z_R	95.652	23	1	4.48e-06	38.2
M03520:605:000000000-LVNKY:1:1103:17181:7391;size=7	RH.2A8AD21024974C0Z0Z_F	100.000	26	0	2.98e-10	52.0
M03520:605:000000000-LVNKY:1:1103:17181:7391;size=7	RH.2A8AD21024974C0Z0Z_R	100.000	25	0	1.18e-09	50.1
M03520:605:000000000-LVNKY:1:1103:17466:26102;size=7	RH.1CC74B91718A42FZ0Z_F	100.000	24	0	4.65e-09	48.1
M03520:605:000000000-LVNKY:1:1103:17466:26102;size=7	RH.1CC74B91718A42FZ0Z_R	96.000	25	1	2.87e-07	42.1
M03520:605:000000000-LVNKY:1:1103:18373:12346;size=7	RH.70F7A1FF41FE4D2Z0Z_F	100.000	25	0	1.18e-09	50.1
M03520:605:000000000-LVNKY:1:1103:18373:12346;size=7	RH.70F7A1FF41FE4D2Z0Z_R	100.000	24	0	4.65e-09	48.1
M03520:605:000000000-LVNKY:1:1103:18509:27940;size=7	RH.185D4E36BBF74FEZ0Z_F	100.000	27	0	7.54e-11	54.0
M03520:605:000000000-LVNKY:1:1103:18509:27940;size=7	RH.185D4E36BBF74FEZ0Z_R	100.000	26	0	2.98e-10	52.0
M03520:605:000000000-LVNKY:1:1103:18532:17284;size=7	RH.6572108A164E48EZ0Z_R	100.000	25	0	1.18e-09	50.1
M03520:605:000000000-LVNKY:1:1103:18532:17284;size=7	RH.6572108A164E48EZ0Z_F	100.000	24	0	4.65e-09	48.1
M03520:605:000000000-LVNKY:1:1103:19001:5168;size=7	RH.E04EE94198274F7Z0Z_F	100.000	25	0	1.18e-09	50.1
M03520:605:000000000-LVNKY:1:1103:19001:5168;size=7	RH.E04EE94198274F7Z0Z_R	95.833	24	1	1.13e-06	40.1
M03520:605:000000000-LVNKY:1:1103:19243:17919;size=7	RH.85A5303CAAF54ADZ0Z_R	100.000	22	0	7.27e-08	44.1
M03520:605:000000000-LVNKY:1:1103:19849:2447;size=7	RH.0096A141894D447Z0Z_F	100.000	24	0	4.65e-09	48.1
M03520:605:000000000-LVNKY:1:1103:20076:13887;size=7	RH.6572108A164E48EZ0Z_R	100.000	25	0	1.18e-09	50.1
M03520:605:000000000-LVNKY:1:1103:20076:13887;size=7	RH.6572108A164E48EZ0Z_F	100.000	24	0	4.65e-09	48.1
M03520:605:000000000-LVNKY:1:1103:20590:8171;size=7	RH.DDB83AFF97C94C6Z0Z_R	100.000	25	0	1.18e-09	50.1
M03520:605:000000000-LVNKY:1:1103:20590:8171;size=7	RH.DDB83AFF97C94C6Z0Z_F	95.833	24	1	1.13e-06	40.1
M03520:605:000000000-LVNKY:1:1103:21588:23829;size=7	RH.0E12152EC5E54F0Z0Z_F	100.000	24	0	4.65e-09	48.1
M03520:605:000000000-LVNKY:1:1103:21588:23829;size=7	RH.0E12152EC5E54F0Z0Z_R	100.000	23	0	1.84e-08	46.1
M03520:605:000000000-LVNKY:1:1103:21635:16184;size=7	RH.2AFFFBA0E81C482Z0Z_R	100.000	23	0	1.84e-08	46.1
M03520:605:000000000-LVNKY:1:1103:21635:16184;size=7	RH.2AFFFBA0E81C482Z0Z_F	100.000	23	0	1.84e-08	46.1
M03520:605:000000000-LVNKY:1:1103:21760:3047;size=7	RH.7CE39E25906745AZ0Z_R	100.000	26	0	2.98e-10	52.0
M03520:605:000000000-LVNKY:1:1103:21760:3047;size=7	RH.7CE39E25906745AZ0Z_F	96.000	25	1	2.87e-07	42.1
M03520:605:000000000-LVNKY:1:1103:23615:7695;size=7	RH.DDB83AFF97C94C6Z0Z_R	100.000	25	0	1.18e-09	50.1
M03520:605:000000000-LVNKY:1:1103:23615:7695;size=7	RH.DDB83AFF97C94C6Z0Z_F	100.000	22	0	7.27e-08	44.1
M03520:605:000000000-LVNKY:1:1103:25092:14692;size=7	RH.8B25A056ABC1444Z0Z_R	100.000	24	0	4.65e-09	48.1
M03520:605:000000000-LVNKY:1:1103:25092:14692;size=7	RH.8B25A056ABC1444Z0Z_F	100.000	22	0	7.27e-08	44.1
M03520:605:000000000-LVNKY:1:1103:29207:14127;size=7	RH.2AFFFBA0E81C482Z0Z_R	100.000	23	0	1.84e-08	46.1
M03520:605:000000000-LVNKY:1:1103:29207:14127;size=7	RH.2AFFFBA0E81C482Z0Z_F	100.000	23	0	1.84e-08	46.1
M03520:605:000000000-LVNKY:1:1103:3118:18548;size=7	RH.0BD19D1A26A74EBZ0Z_F	100.000	25	0	1.18e-09	50.1
M03520:605:000000000-LVNKY:1:1103:3118:18548;size=7	RH.0BD19D1A26A74EBZ0Z_R	100.000	24	0	4.65e-09	48.1
M03520:605:000000000-LVNKY:1:1103:3210:17802;size=7	RH.DE543226C201437Z0Z_R	100.000	20	0	1.13e-06	40.1
M03520:605:000000000-LVNKY:1:1103:3210:17802;size=7	RH.51338FA06EDB4F0Z0Z_R	95.652	23	1	4.48e-06	38.2
M03520:605:000000000-LVNKY:1:1103:3637:20012;size=7	RH.8B25A056ABC1444Z0Z_F	100.000	25	0	1.18e-09	50.1
M03520:605:000000000-LVNKY:1:1103:3637:20012;size=7	RH.8B25A056ABC1444Z0Z_R	100.000	24	0	4.65e-09	48.1
M03520:605:000000000-LVNKY:1:1103:4246:8795;size=7	RH.8B25A056ABC1444Z0Z_R	100.000	24	0	4.65e-09	48.1
M03520:605:000000000-LVNKY:1:1103:4246:8795;size=7	RH.8B25A056ABC1444Z0Z_F	100.000	22	0	7.27e-08	44.1
M03520:605:000000000-LVNKY:1:1103:4362:8863;size=7	RH.2A8AD21024974C0Z0Z_R	100.000	25	0	1.18e-09	50.1
M03520:605:000000000-LVNKY:1:1103:5146:22986;size=7	RH.6572108A164E48EZ0Z_F	100.000	24	0	4.65e-09	48.1
M03520:605:000000000-LVNKY:1:1103:5146:22986;size=7	RH.6572108A164E48EZ0Z_R	96.000	25	1	2.87e-07	42.1
M03520:605:000000000-LVNKY:1:1103:5766:17619;size=7	RH.B9EF730EBE6C436Z0Z_R	100.000	25	0	1.18e-09	50.1
M03520:605:000000000-LVNKY:1:1103:5766:17619;size=7	RH.B9EF730EBE6C436Z0Z_F	100.000	25	0	1.18e-09	50.1
M03520:605:000000000-LVNKY:1:1103:6985:13632;size=7	RH.0096A141894D447Z0Z_R	100.000	21	0	2.87e-07	42.1
M03520:605:000000000-LVNKY:1:1103:6985:13632;size=7	RH.0096A141894D447Z0Z_F	95.833	24	1	1.13e-06	40.1
M03520:605:000000000-LVNKY:1:1103:8132:22666;size=7	RH.DDB83AFF97C94C6Z0Z_R	100.000	25	0	1.18e-09	50.1
M03520:605:000000000-LVNKY:1:1103:8132:22666;size=7	RH.DDB83AFF97C94C6Z0Z_F	100.000	21	0	2.87e-07	42.1
M03520:605:000000000-LVNKY:1:1103:8251:7710;size=7	RH.69CEA0AC39F4445Z0Z_F	100.000	24	0	4.65e-09	48.1
M03520:605:000000000-LVNKY:1:1103:8251:7710;size=7	RH.69CEA0AC39F4445Z0Z_R	100.000	23	0	1.84e-08	46.1
M03520:605:000000000-LVNKY:1:1103:8403:5149;size=7	RH.0096A141894D447Z0Z_F	100.000	24	0	4.65e-09	48.1
M03520:605:000000000-LVNKY:1:1103:8403:5149;size=7	RH.0096A141894D447Z0Z_R	100.000	21	0	2.87e-07	42.1
M03520:605:000000000-LVNKY:1:1103:9797:24313;size=7	RH.0BD19D1A26A74EBZ0Z_F	100.000	25	0	1.18e-09	50.1
M03520:605:000000000-LVNKY:1:1103:9797:24313;size=7	RH.0BD19D1A26A74EBZ0Z_R	100.000	24	0	4.65e-09	48.1
M03520:605:000000000-LVNKY:1:1104:10396:27769;size=7	RH.0BD19D1A26A74EBZ0Z_F	100.000	25	0	1.18e-09	50.1
M03520:605:000000000-LVNKY:1:1104:10396:27769;size=7	RH.0BD19D1A26A74EBZ0Z_R	100.000	24	0	4.65e-09	48.1
M03520:605:000000000-LVNKY:1:1104:10839:15542;size=7	RH.2A8AD21024974C0Z0Z_F	100.000	26	0	2.98e-10	52.0
M03520:605:000000000-LVNKY:1:1104:10839:15542;size=7	RH.2A8AD21024974C0Z0Z_R	100.000	25	0	1.18e-09	50.1
M03520:605:000000000-LVNKY:1:1104:11158:11616;size=7	RH.0BD19D1A26A74EBZ0Z_F	100.000	25	0	1.18e-09	50.1
M03520:605:000000000-LVNKY:1:1104:11158:11616;size=7	RH.0BD19D1A26A74EBZ0Z_R	100.000	24	0	4.65e-09	48.1
M03520:605:000000000-LVNKY:1:1104:11364:25969;size=7	RH.85A5303CAAF54ADZ0Z_F	100.000	21	0	2.87e-07	42.1
M03520:605:000000000-LVNKY:1:1104:11614:21073;size=7	RH.CA1E204B0C0842DZ0Z_F	100.000	26	0	2.98e-10	52.0
M03520:605:000000000-LVNKY:1:1104:11614:21073;size=7	RH.CA1E204B0C0842DZ0Z_R	100.000	24	0	4.65e-09	48.1
M03520:605:000000000-LVNKY:1:1104:11813:13067;size=7	RH.DDB83AFF97C94C6Z0Z_R	100.000	25	0	1.18e-09	50.1
M03520:605:000000000-LVNKY:1:1104:11813:13067;size=7	RH.8B25A056ABC1444Z0Z_F	100.000	22	0	7.27e-08	44.1
M03520:605:000000000-LVNKY:1:1104:11873:17598;size=7	RH.7CE39E25906745AZ0Z_R	100.000	26	0	2.98e-10	52.0
M03520:605:000000000-LVNKY:1:1104:11873:17598;size=7	RH.7CE39E25906745AZ0Z_F	100.000	25	0	1.18e-09	50.1
M03520:605:000000000-LVNKY:1:1104:12078:17742;size=7	RH.27578A9A85FA4A3Z0Z_F	100.000	24	0	4.65e-09	48.1
M03520:605:000000000-LVNKY:1:1104:12078:17742;size=7	RH.27578A9A85FA4A3Z0Z_R	100.000	22	0	7.27e-08	44.1
M03520:605:000000000-LVNKY:1:1104:12081:13505;size=7	RH.DDB83AFF97C94C6Z0Z_R	100.000	25	0	1.18e-09	50.1
M03520:605:000000000-LVNKY:1:1104:12081:13505;size=7	RH.DDB83AFF97C94C6Z0Z_F	100.000	24	0	4.65e-09	48.1
M03520:605:000000000-LVNKY:1:1104:12715:18081;size=7	RH.7CE39E25906745AZ0Z_F	100.000	25	0	1.18e-09	50.1
M03520:605:000000000-LVNKY:1:1104:12715:18081;size=7	RH.7CE39E25906745AZ0Z_R	100.000	23	0	1.84e-08	46.1
M03520:605:000000000-LVNKY:1:1104:12791:7173;size=7	RH.0550AF0F57084ADZ0Z_F	100.000	24	0	4.65e-09	48.1
M03520:605:000000000-LVNKY:1:1104:12791:7173;size=7	RH.0550AF0F57084ADZ0Z_R	100.000	22	0	7.27e-08	44.1
M03520:605:000000000-LVNKY:1:1104:13581:6664;size=7	RH.27578A9A85FA4A3Z0Z_R	100.000	22	0	7.27e-08	44.1
M03520:605:000000000-LVNKY:1:1104:13581:6664;size=7	RH.27578A9A85FA4A3Z0Z_F	95.833	24	1	1.13e-06	40.1
M03520:605:000000000-LVNKY:1:1104:14569:25374;size=7	RH.27578A9A85FA4A3Z0Z_F	100.000	24	0	4.65e-09	48.1
M03520:605:000000000-LVNKY:1:1104:14569:25374;size=7	RH.27578A9A85FA4A3Z0Z_R	100.000	22	0	7.27e-08	44.1
M03520:605:000000000-LVNKY:1:1104:16282:8933;size=7	RH.2AFFFBA0E81C482Z0Z_R	100.000	23	0	1.84e-08	46.1
M03520:605:000000000-LVNKY:1:1104:16282:8933;size=7	RH.2AFFFBA0E81C482Z0Z_F	100.000	23	0	1.84e-08	46.1
M03520:605:000000000-LVNKY:1:1104:16387:14088;size=7	RH.2A8AD21024974C0Z0Z_F	100.000	26	0	2.98e-10	52.0
M03520:605:000000000-LVNKY:1:1104:16387:14088;size=7	RH.2A8AD21024974C0Z0Z_R	100.000	25	0	1.18e-09	50.1
M03520:605:000000000-LVNKY:1:1104:16716:8934;size=7	RH.2AFFFBA0E81C482Z0Z_F	100.000	23	0	1.84e-08	46.1
M03520:605:000000000-LVNKY:1:1104:16716:8934;size=7	RH.2AFFFBA0E81C482Z0Z_R	100.000	23	0	1.84e-08	46.1
M03520:605:000000000-LVNKY:1:1104:18888:26517;size=7	RH.85A5303CAAF54ADZ0Z_R	100.000	22	0	7.27e-08	44.1
M03520:605:000000000-LVNKY:1:1104:18888:26517;size=7	RH.85A5303CAAF54ADZ0Z_F	100.000	21	0	2.87e-07	42.1
M03520:605:000000000-LVNKY:1:1104:19331:4763;size=7	RH.2AFFFBA0E81C482Z0Z_R	100.000	23	0	1.84e-08	46.1
M03520:605:000000000-LVNKY:1:1104:19331:4763;size=7	RH.2AFFFBA0E81C482Z0Z_F	100.000	19	0	4.48e-06	38.2
M03520:605:000000000-LVNKY:1:1104:19713:8003;size=7	RH.CF953F27F5674E1Z0Z_F	100.000	26	0	2.98e-10	52.0
M03520:605:000000000-LVNKY:1:1104:19713:8003;size=7	RH.CF953F27F5674E1Z0Z_R	100.000	25	0	1.18e-09	50.1
M03520:605:000000000-LVNKY:1:1104:20187:4635;size=7	RH.0096A141894D447Z0Z_F	100.000	24	0	4.65e-09	48.1
M03520:605:000000000-LVNKY:1:1104:21064:19511;size=7	RH.1CC74B91718A42FZ0Z_R	100.000	25	0	1.18e-09	50.1
M03520:605:000000000-LVNKY:1:1104:21064:19511;size=7	RH.1CC74B91718A42FZ0Z_F	100.000	24	0	4.65e-09	48.1
M03520:605:000000000-LVNKY:1:1104:21995:10422;size=7	RH.51338FA06EDB4F0Z0Z_F	100.000	25	0	1.18e-09	50.1
M03520:605:000000000-LVNKY:1:1104:21995:10422;size=7	RH.51338FA06EDB4F0Z0Z_R	100.000	25	0	1.18e-09	50.1
M03520:605:000000000-LVNKY:1:1104:22585:23887;size=7	RH.E04EE94198274F7Z0Z_F	100.000	25	0	1.18e-09	50.1
M03520:605:000000000-LVNKY:1:1104:22585:23887;size=7	RH.E04EE94198274F7Z0Z_R	95.833	24	1	1.13e-06	40.1
M03520:605:000000000-LVNKY:1:1104:23222:20683;size=7	RH.DDB83AFF97C94C6Z0Z_R	100.000	25	0	1.18e-09	50.1
M03520:605:000000000-LVNKY:1:1104:23222:20683;size=7	RH.DDB83AFF97C94C6Z0Z_F	100.000	24	0	4.65e-09	48.1
M03520:605:000000000-LVNKY:1:1104:23330:6899;size=7	RH.2AFFFBA0E81C482Z0Z_F	100.000	23	0	1.84e-08	46.1
M03520:605:000000000-LVNKY:1:1104:23330:6899;size=7	RH.2AFFFBA0E81C482Z0Z_R	95.652	23	1	4.48e-06	38.2
M03520:605:000000000-LVNKY:1:1104:23594:6156;size=7	RH.51338FA06EDB4F0Z0Z_F	100.000	23	0	1.84e-08	46.1
M03520:605:000000000-LVNKY:1:1104:23594:6156;size=7	RH.51338FA06EDB4F0Z0Z_R	96.000	25	1	2.87e-07	42.1
M03520:605:000000000-LVNKY:1:1104:25976:7799;size=7	RH.2A8AD21024974C0Z0Z_F	100.000	26	0	2.98e-10	52.0
M03520:605:000000000-LVNKY:1:1104:25976:7799;size=7	RH.2A8AD21024974C0Z0Z_R	100.000	25	0	1.18e-09	50.1
M03520:605:000000000-LVNKY:1:1104:26351:21714;size=7	RH.F8075AAECB0140EZ0Z_R	100.000	22	0	7.27e-08	44.1
M03520:605:000000000-LVNKY:1:1104:26351:21714;size=7	RH.F8075AAECB0140EZ0Z_F	100.000	19	0	4.48e-06	38.2
M03520:605:000000000-LVNKY:1:1104:3984:17349;size=7	RH.51338FA06EDB4F0Z0Z_R	100.000	25	0	1.18e-09	50.1
M03520:605:000000000-LVNKY:1:1104:3984:17349;size=7	RH.51338FA06EDB4F0Z0Z_F	100.000	25	0	1.18e-09	50.1
M03520:605:000000000-LVNKY:1:1104:5669:22490;size=7	RH.2091F326F74640CZ0Z_F	100.000	24	0	4.65e-09	48.1
M03520:605:000000000-LVNKY:1:1104:5864:22522;size=7	RH.1CC74B91718A42FZ0Z_F	100.000	24	0	4.65e-09	48.1
M03520:605:000000000-LVNKY:1:1104:6385:18736;size=7	RH.2AFFFBA0E81C482Z0Z_R	100.000	23	0	1.84e-08	46.1
M03520:605:000000000-LVNKY:1:1104:6385:18736;size=7	RH.2AFFFBA0E81C482Z0Z_F	95.652	23	1	4.48e-06	38.2
M03520:605:000000000-LVNKY:1:1104:8185:4625;size=7	RH.DDB83AFF97C94C6Z0Z_R	100.000	25	0	1.18e-09	50.1
M03520:605:000000000-LVNKY:1:1104:8185:4625;size=7	RH.DDB83AFF97C94C6Z0Z_F	95.833	24	1	1.13e-06	40.1
M03520:605:000000000-LVNKY:1:1104:8971:9190;size=7	RH.0096A141894D447Z0Z_F	100.000	24	0	4.65e-09	48.1
M03520:605:000000000-LVNKY:1:1104:8971:9190;size=7	RH.0096A141894D447Z0Z_R	100.000	21	0	2.87e-07	42.1
M03520:605:000000000-LVNKY:1:1104:9127:21725;size=7	RH.1CC74B91718A42FZ0Z_F	100.000	24	0	4.65e-09	48.1
M03520:605:000000000-LVNKY:1:1104:9127:21725;size=7	RH.1CC74B91718A42FZ0Z_R	96.000	25	1	2.87e-07	42.1
M03520:605:000000000-LVNKY:1:1104:9156:5849;size=7	RH.85A5303CAAF54ADZ0Z_R	100.000	22	0	7.27e-08	44.1
M03520:605:000000000-LVNKY:1:1104:9156:5849;size=7	RH.85A5303CAAF54ADZ0Z_F	100.000	21	0	2.87e-07	42.1
M03520:605:000000000-LVNKY:1:1104:9817:15902;size=7	RH.2091F326F74640CZ0Z_F	100.000	22	0	7.27e-08	44.1
M03520:605:000000000-LVNKY:1:1104:9819:16741;size=7	RH.0096A141894D447Z0Z_F	100.000	24	0	4.65e-09	48.1
M03520:605:000000000-LVNKY:1:1104:9819:16741;size=7	RH.0096A141894D447Z0Z_R	100.000	21	0	2.87e-07	42.1
M03520:605:000000000-LVNKY:1:1105:10875:23632;size=7	RH.51338FA06EDB4F0Z0Z_R	100.000	25	0	1.18e-09	50.1
M03520:605:000000000-LVNKY:1:1105:10875:23632;size=7	RH.51338FA06EDB4F0Z0Z_F	100.000	25	0	1.18e-09	50.1
M03520:605:000000000-LVNKY:1:1105:10985:14483;size=7	RH.B9EF730EBE6C436Z0Z_F	100.000	25	0	1.18e-09	50.1
M03520:605:000000000-LVNKY:1:1105:10985:14483;size=7	RH.B9EF730EBE6C436Z0Z_R	100.000	24	0	4.65e-09	48.1
M03520:605:000000000-LVNKY:1:1105:12147:27377;size=7	RH.DDB83AFF97C94C6Z0Z_R	100.000	25	0	1.18e-09	50.1
M03520:605:000000000-LVNKY:1:1105:12147:27377;size=7	RH.8B25A056ABC1444Z0Z_F	100.000	22	0	7.27e-08	44.1
M03520:605:000000000-LVNKY:1:1105:12817:20377;size=7	RH.27578A9A85FA4A3Z0Z_R	100.000	22	0	7.27e-08	44.1
M03520:605:000000000-LVNKY:1:1105:12817:20377;size=7	RH.27578A9A85FA4A3Z0Z_F	95.833	24	1	1.13e-06	40.1
M03520:605:000000000-LVNKY:1:1105:13984:9886;size=7	RH.E04EE94198274F7Z0Z_F	100.000	25	0	1.18e-09	50.1
M03520:605:000000000-LVNKY:1:1105:13984:9886;size=7	RH.E04EE94198274F7Z0Z_R	95.833	24	1	1.13e-06	40.1
M03520:605:000000000-LVNKY:1:1105:14256:9731;size=7	RH.0550AF0F57084ADZ0Z_F	100.000	24	0	4.65e-09	48.1
M03520:605:000000000-LVNKY:1:1105:14403:12428;size=7	RH.27578A9A85FA4A3Z0Z_R	100.000	22	0	7.27e-08	44.1
M03520:605:000000000-LVNKY:1:1105:14403:12428;size=7	RH.27578A9A85FA4A3Z0Z_F	95.833	24	1	1.13e-06	40.1
M03520:605:000000000-LVNKY:1:1105:16019:10075;size=7	RH.0BD19D1A26A74EBZ0Z_F	100.000	25	0	1.18e-09	50.1
M03520:605:000000000-LVNKY:1:1105:16019:10075;size=7	RH.0BD19D1A26A74EBZ0Z_R	100.000	24	0	4.65e-09	48.1
M03520:605:000000000-LVNKY:1:1105:17599:10668;size=7	RH.27578A9A85FA4A3Z0Z_F	100.000	24	0	4.65e-09	48.1
M03520:605:000000000-LVNKY:1:1105:17599:10668;size=7	RH.27578A9A85FA4A3Z0Z_R	100.000	22	0	7.27e-08	44.1
M03520:605:000000000-LVNKY:1:1105:19206:9557;size=7	RH.0096A141894D447Z0Z_F	100.000	24	0	4.65e-09	48.1
M03520:605:000000000-LVNKY:1:1105:20377:26031;size=7	RH.B9EF730EBE6C436Z0Z_R	100.000	25	0	1.18e-09	50.1
M03520:605:000000000-LVNKY:1:1105:20395:11263;size=7	RH.DDB83AFF97C94C6Z0Z_R	100.000	25	0	1.18e-09	50.1
M03520:605:000000000-LVNKY:1:1105:20395:11263;size=7	RH.DDB83AFF97C94C6Z0Z_F	100.000	24	0	4.65e-09	48.1
M03520:605:000000000-LVNKY:1:1105:21041:13438;size=7	RH.85A5303CAAF54ADZ0Z_R	100.000	22	0	7.27e-08	44.1
M03520:605:000000000-LVNKY:1:1105:21041:13438;size=7	RH.85A5303CAAF54ADZ0Z_F	100.000	21	0	2.87e-07	42.1
M03520:605:000000000-LVNKY:1:1105:2280:15361;size=7	RH.0550AF0F57084ADZ0Z_F	100.000	24	0	4.65e-09	48.1
M03520:605:000000000-LVNKY:1:1105:2280:15361;size=7	RH.0550AF0F57084ADZ0Z_R	100.000	22	0	7.27e-08	44.1
M03520:605:000000000-LVNKY:1:1105:22918:10776;size=7	RH.0096A141894D447Z0Z_F	100.000	24	0	4.65e-09	48.1
M03520:605:000000000-LVNKY:1:1105:22998:23008;size=7	RH.E04EE94198274F7Z0Z_F	100.000	25	0	1.18e-09	50.1
M03520:605:000000000-LVNKY:1:1105:22998:23008;size=7	RH.E04EE94198274F7Z0Z_R	95.833	24	1	1.13e-06	40.1
M03520:605:000000000-LVNKY:1:1105:23433:5894;size=7	RH.0BD19D1A26A74EBZ0Z_F	100.000	25	0	1.18e-09	50.1
M03520:605:000000000-LVNKY:1:1105:23433:5894;size=7	RH.0BD19D1A26A74EBZ0Z_R	100.000	24	0	4.65e-09	48.1
M03520:605:000000000-LVNKY:1:1105:26240:11669;size=7	RH.69CEA0AC39F4445Z0Z_F	100.000	24	0	4.65e-09	48.1
M03520:605:000000000-LVNKY:1:1105:28573:12552;size=7	RH.1CC74B91718A42FZ0Z_R	100.000	25	0	1.18e-09	50.1
M03520:605:000000000-LVNKY:1:1105:28573:12552;size=7	RH.1CC74B91718A42FZ0Z_F	95.833	24	1	1.13e-06	40.1
M03520:605:000000000-LVNKY:1:1105:3105:20091;size=7	RH.27578A9A85FA4A3Z0Z_F	100.000	24	0	4.65e-09	48.1
M03520:605:000000000-LVNKY:1:1105:4198:19537;size=7	RH.E04EE94198274F7Z0Z_F	100.000	21	0	2.87e-07	42.1
M03520:605:000000000-LVNKY:1:1105:4198:19537;size=7	RH.E04EE94198274F7Z0Z_R	95.833	24	1	1.13e-06	40.1
M03520:605:000000000-LVNKY:1:1105:5185:22419;size=7	RH.B9EF730EBE6C436Z0Z_F	100.000	25	0	1.18e-09	50.1
M03520:605:000000000-LVNKY:1:1105:5185:22419;size=7	RH.B9EF730EBE6C436Z0Z_R	100.000	25	0	1.18e-09	50.1
M03520:605:000000000-LVNKY:1:1105:5472:14965;size=7	RH.7CE39E25906745AZ0Z_R	100.000	26	0	2.98e-10	52.0
M03520:605:000000000-LVNKY:1:1105:5472:14965;size=7	RH.7CE39E25906745AZ0Z_F	96.000	25	1	2.87e-07	42.1
M03520:605:000000000-LVNKY:1:1105:6174:11372;size=7	RH.DE543226C201437Z0Z_R	100.000	20	0	1.13e-06	40.1
M03520:605:000000000-LVNKY:1:1105:6174:11372;size=7	RH.51338FA06EDB4F0Z0Z_R	95.652	23	1	4.48e-06	38.2
M03520:605:000000000-LVNKY:1:1105:6435:10844;size=7	RH.0096A141894D447Z0Z_F	100.000	24	0	4.65e-09	48.1
M03520:605:000000000-LVNKY:1:1105:6435:10844;size=7	RH.0096A141894D447Z0Z_R	100.000	21	0	2.87e-07	42.1
M03520:605:000000000-LVNKY:1:1105:6573:8766;size=7	RH.8B25A056ABC1444Z0Z_R	100.000	24	0	4.65e-09	48.1
M03520:605:000000000-LVNKY:1:1105:6573:8766;size=7	RH.8B25A056ABC1444Z0Z_F	100.000	22	0	7.27e-08	44.1
M03520:605:000000000-LVNKY:1:1105:6922:13213;size=7	RH.8BDD8BEDFC3B423Z0Z_F	100.000	21	0	2.87e-07	42.1
M03520:605:000000000-LVNKY:1:1105:6922:13213;size=7	RH.8BDD8BEDFC3B423Z0Z_R	100.000	21	0	2.87e-07	42.1
M03520:605:000000000-LVNKY:1:1105:7253:22108;size=7	RH.DDB83AFF97C94C6Z0Z_R	100.000	25	0	1.18e-09	50.1
M03520:605:000000000-LVNKY:1:1105:7253:22108;size=7	RH.DDB83AFF97C94C6Z0Z_F	100.000	24	0	4.65e-09	48.1
M03520:605:000000000-LVNKY:1:1105:9240:21482;size=7	RH.2A8AD21024974C0Z0Z_F	100.000	26	0	2.98e-10	52.0
M03520:605:000000000-LVNKY:1:1105:9240:21482;size=7	RH.2A8AD21024974C0Z0Z_R	100.000	25	0	1.18e-09	50.1
M03520:605:000000000-LVNKY:1:1105:9418:24913;size=7	RH.1CC74B91718A42FZ0Z_R	100.000	25	0	1.18e-09	50.1
M03520:605:000000000-LVNKY:1:1105:9418:24913;size=7	RH.1CC74B91718A42FZ0Z_F	100.000	24	0	4.65e-09	48.1
M03520:605:000000000-LVNKY:1:1105:9574:4745;size=7	RH.BE09C1F6EE4B426Z0Z_R	100.000	23	0	1.84e-08	46.1
M03520:605:000000000-LVNKY:1:1105:9574:4745;size=7	RH.BE09C1F6EE4B426Z0Z_F	100.000	22	0	7.27e-08	44.1
M03520:605:000000000-LVNKY:1:1105:9858:24156;size=7	RH.DE543226C201437Z0Z_R	100.000	20	0	1.13e-06	40.1
M03520:605:000000000-LVNKY:1:1105:9858:24156;size=7	RH.51338FA06EDB4F0Z0Z_R	95.652	23	1	4.48e-06	38.2
M03520:605:000000000-LVNKY:1:1105:9987:27669;size=7	RH.69CEA0AC39F4445Z0Z_F	100.000	24	0	4.65e-09	48.1
M03520:605:000000000-LVNKY:1:1105:9987:27669;size=7	RH.69CEA0AC39F4445Z0Z_R	100.000	23	0	1.84e-08	46.1
M03520:605:000000000-LVNKY:1:1106:11174:7464;size=7	RH.0096A141894D447Z0Z_F	100.000	24	0	4.65e-09	48.1
M03520:605:000000000-LVNKY:1:1106:11174:7464;size=7	RH.0096A141894D447Z0Z_R	100.000	21	0	2.87e-07	42.1
M03520:605:000000000-LVNKY:1:1106:15155:7271;size=7	RH.DF5F79C0CC444E7Z0Z_F	100.000	22	0	7.27e-08	44.1
M03520:605:000000000-LVNKY:1:1106:15155:7271;size=7	RH.DF5F79C0CC444E7Z0Z_R	100.000	21	0	2.87e-07	42.1
M03520:605:000000000-LVNKY:1:1106:16765:15707;size=7	RH.DDB83AFF97C94C6Z0Z_R	100.000	25	0	1.18e-09	50.1
M03520:605:000000000-LVNKY:1:1106:16765:15707;size=7	RH.DDB83AFF97C94C6Z0Z_F	100.000	24	0	4.65e-09	48.1
M03520:605:000000000-LVNKY:1:1106:16791:18900;size=7	RH.0BD19D1A26A74EBZ0Z_F	100.000	25	0	1.18e-09	50.1
M03520:605:000000000-LVNKY:1:1106:16791:18900;size=7	RH.0BD19D1A26A74EBZ0Z_R	100.000	24	0	4.65e-09	48.1
M03520:605:000000000-LVNKY:1:1106:17069:12717;size=7	RH.27578A9A85FA4A3Z0Z_F	100.000	24	0	4.65e-09	48.1
M03520:605:000000000-LVNKY:1:1106:17069:12717;size=7	RH.27578A9A85FA4A3Z0Z_R	100.000	22	0	7.27e-08	44.1
M03520:605:000000000-LVNKY:1:1106:17130:5374;size=7	RH.0550AF0F57084ADZ0Z_F	100.000	24	0	4.65e-09	48.1
M03520:605:000000000-LVNKY:1:1106:17130:5374;size=7	RH.0550AF0F57084ADZ0Z_R	100.000	22	0	7.27e-08	44.1
M03520:605:000000000-LVNKY:1:1106:19749:6140;size=7	RH.0BD19D1A26A74EBZ0Z_F	100.000	25	0	1.18e-09	50.1
M03520:605:000000000-LVNKY:1:1106:19749:6140;size=7	RH.0BD19D1A26A74EBZ0Z_R	100.000	24	0	4.65e-09	48.1
M03520:605:000000000-LVNKY:1:1106:23566:22060;size=7	RH.DDB83AFF97C94C6Z0Z_F	100.000	24	0	4.65e-09	48.1
M03520:605:000000000-LVNKY:1:1106:23566:22060;size=7	RH.DDB83AFF97C94C6Z0Z_R	96.000	25	1	2.87e-07	42.1
M03520:605:000000000-LVNKY:1:1106:24709:22992;size=7	RH.6572108A164E48EZ0Z_R	100.000	25	0	1.18e-09	50.1
M03520:605:000000000-LVNKY:1:1106:24709:22992;size=7	RH.6572108A164E48EZ0Z_F	100.000	24	0	4.65e-09	48.1
M03520:605:000000000-LVNKY:1:1106:24737:14548;size=7	RH.0096A141894D447Z0Z_F	100.000	24	0	4.65e-09	48.1
M03520:605:000000000-LVNKY:1:1106:24737:14548;size=7	RH.0096A141894D447Z0Z_R	100.000	21	0	2.87e-07	42.1
M03520:605:000000000-LVNKY:1:1106:25113:17850;size=7	RH.0550AF0F57084ADZ0Z_R	100.000	22	0	7.27e-08	44.1
M03520:605:000000000-LVNKY:1:1106:25113:17850;size=7	RH.0550AF0F57084ADZ0Z_F	95.833	24	1	1.13e-06	40.1
M03520:605:000000000-LVNKY:1:1106:26522:7847;size=7	RH.DDB83AFF97C94C6Z0Z_R	100.000	25	0	1.18e-09	50.1
M03520:605:000000000-LVNKY:1:1106:26522:7847;size=7	RH.DDB83AFF97C94C6Z0Z_F	100.000	24	0	4.65e-09	48.1
M03520:605:000000000-LVNKY:1:1106:28749:10602;size=7	RH.1CC74B91718A42FZ0Z_F	100.000	24	0	4.65e-09	48.1
M03520:605:000000000-LVNKY:1:1106:28749:10602;size=7	RH.1CC74B91718A42FZ0Z_R	96.000	25	1	2.87e-07	42.1
M03520:605:000000000-LVNKY:1:1106:4203:7544;size=7	RH.0BA5504E4959438Z0Z_R	100.000	23	0	1.84e-08	46.1
M03520:605:000000000-LVNKY:1:1106:4203:7544;size=7	RH.0BA5504E4959438Z0Z_F	100.000	22	0	7.27e-08	44.1
M03520:605:000000000-LVNKY:1:1106:5229:17454;size=7	RH.27578A9A85FA4A3Z0Z_F	100.000	24	0	4.65e-09	48.1
M03520:605:000000000-LVNKY:1:1106:5229:17454;size=7	RH.27578A9A85FA4A3Z0Z_R	100.000	22	0	7.27e-08	44.1
M03520:605:000000000-LVNKY:1:1106:5807:12165;size=7	RH.85A5303CAAF54ADZ0Z_R	100.000	22	0	7.27e-08	44.1
M03520:605:000000000-LVNKY:1:1106:9352:12970;size=7	RH.CA1E204B0C0842DZ0Z_F	100.000	26	0	2.98e-10	52.0
M03520:605:000000000-LVNKY:1:1106:9352:12970;size=7	RH.CA1E204B0C0842DZ0Z_R	100.000	24	0	4.65e-09	48.1
M03520:605:000000000-LVNKY:1:1107:11072:13643;size=7	RH.CF953F27F5674E1Z0Z_F	100.000	26	0	2.98e-10	52.0
M03520:605:000000000-LVNKY:1:1107:11072:13643;size=7	RH.CF953F27F5674E1Z0Z_R	100.000	25	0	1.18e-09	50.1
M03520:605:000000000-LVNKY:1:1107:11157:14917;size=7	RH.69CEA0AC39F4445Z0Z_R	100.000	23	0	1.84e-08	46.1
M03520:605:000000000-LVNKY:1:1107:11157:14917;size=7	RH.69CEA0AC39F4445Z0Z_F	95.833	24	1	1.13e-06	40.1
M03520:605:000000000-LVNKY:1:1107:11413:2331;size=7	RH.8BDD8BEDFC3B423Z0Z_F	100.000	21	0	2.87e-07	42.1
M03520:605:000000000-LVNKY:1:1107:11413:2331;size=7	RH.8BDD8BEDFC3B423Z0Z_R	100.000	21	0	2.87e-07	42.1
M03520:605:000000000-LVNKY:1:1107:20469:7415;size=7	RH.69CEA0AC39F4445Z0Z_F	100.000	24	0	4.65e-09	48.1
M03520:605:000000000-LVNKY:1:1107:20469:7415;size=7	RH.69CEA0AC39F4445Z0Z_R	95.652	23	1	4.48e-06	38.2
M03520:605:000000000-LVNKY:1:1107:20951:22905;size=7	RH.0550AF0F57084ADZ0Z_F	100.000	24	0	4.65e-09	48.1
M03520:605:000000000-LVNKY:1:1107:23030:8299;size=7	RH.CA1E204B0C0842DZ0Z_F	100.000	26	0	2.98e-10	52.0
M03520:605:000000000-LVNKY:1:1107:23030:8299;size=7	RH.CA1E204B0C0842DZ0Z_R	100.000	24	0	4.65e-09	48.1
M03520:605:000000000-LVNKY:1:1107:23231:13302;size=7	RH.2A8AD21024974C0Z0Z_F	100.000	26	0	2.98e-10	52.0
M03520:605:000000000-LVNKY:1:1107:23231:13302;size=7	RH.2A8AD21024974C0Z0Z_R	100.000	23	0	1.84e-08	46.1
M03520:605:000000000-LVNKY:1:1107:6700:6742;size=7	RH.DDB83AFF97C94C6Z0Z_R	100.000	25	0	1.18e-09	50.1
M03520:605:000000000-LVNKY:1:1107:6700:6742;size=7	RH.DDB83AFF97C94C6Z0Z_F	100.000	24	0	4.65e-09	48.1
M03520:605:000000000-LVNKY:1:1108:14640:10934;size=7	RH.2A8AD21024974C0Z0Z_R	100.000	25	0	1.18e-09	50.1
M03520:605:000000000-LVNKY:1:1108:14640:10934;size=7	RH.2A8AD21024974C0Z0Z_F	96.154	26	1	7.27e-08	44.1
M03520:605:000000000-LVNKY:1:1108:16479:25223;size=7	RH.27578A9A85FA4A3Z0Z_F	100.000	24	0	4.65e-09	48.1
M03520:605:000000000-LVNKY:1:1108:17457:14114;size=7	RH.DDB83AFF97C94C6Z0Z_R	100.000	25	0	1.18e-09	50.1
M03520:605:000000000-LVNKY:1:1108:17457:14114;size=7	RH.8B25A056ABC1444Z0Z_F	100.000	22	0	7.27e-08	44.1
M03520:605:000000000-LVNKY:1:1108:17692:12144;size=7	RH.B9EF730EBE6C436Z0Z_F	100.000	25	0	1.18e-09	50.1
M03520:605:000000000-LVNKY:1:1108:17692:12144;size=7	RH.B9EF730EBE6C436Z0Z_R	96.000	25	1	2.87e-07	42.1
M03520:605:000000000-LVNKY:1:1108:18457:2222;size=7	RH.DE543226C201437Z0Z_R	100.000	20	0	1.13e-06	40.1
M03520:605:000000000-LVNKY:1:1108:18457:2222;size=7	RH.51338FA06EDB4F0Z0Z_R	95.652	23	1	4.48e-06	38.2
M03520:605:000000000-LVNKY:1:1108:19560:27552;size=7	RH.8BDD8BEDFC3B423Z0Z_F	100.000	21	0	2.87e-07	42.1
M03520:605:000000000-LVNKY:1:1108:19560:27552;size=7	RH.8BDD8BEDFC3B423Z0Z_R	100.000	21	0	2.87e-07	42.1
M03520:605:000000000-LVNKY:1:1108:22587:19846;size=7	RH.2AFFFBA0E81C482Z0Z_R	100.000	23	0	1.84e-08	46.1
M03520:605:000000000-LVNKY:1:1108:22587:19846;size=7	RH.2AFFFBA0E81C482Z0Z_F	100.000	23	0	1.84e-08	46.1
M03520:605:000000000-LVNKY:1:1108:24874:10077;size=7	RH.6572108A164E48EZ0Z_R	100.000	25	0	1.18e-09	50.1
M03520:605:000000000-LVNKY:1:1108:24874:10077;size=7	RH.6572108A164E48EZ0Z_F	95.833	24	1	1.13e-06	40.1
M03520:605:000000000-LVNKY:1:1108:26397:14984;size=7	RH.2AFFFBA0E81C482Z0Z_F	100.000	23	0	1.84e-08	46.1
M03520:605:000000000-LVNKY:1:1108:26397:14984;size=7	RH.2AFFFBA0E81C482Z0Z_R	100.000	23	0	1.84e-08	46.1
M03520:605:000000000-LVNKY:1:1108:3172:10212;size=7	RH.2AFFFBA0E81C482Z0Z_R	100.000	23	0	1.84e-08	46.1
M03520:605:000000000-LVNKY:1:1108:3172:10212;size=7	RH.2AFFFBA0E81C482Z0Z_F	100.000	23	0	1.84e-08	46.1
M03520:605:000000000-LVNKY:1:1108:5336:21326;size=7	RH.1CC74B91718A42FZ0Z_R	100.000	25	0	1.18e-09	50.1
M03520:605:000000000-LVNKY:1:1108:5336:21326;size=7	RH.1CC74B91718A42FZ0Z_F	100.000	23	0	1.84e-08	46.1
M03520:605:000000000-LVNKY:1:1108:5367:7622;size=7	RH.8B25A056ABC1444Z0Z_R	100.000	24	0	4.65e-09	48.1
M03520:605:000000000-LVNKY:1:1108:5367:7622;size=7	RH.8B25A056ABC1444Z0Z_F	100.000	22	0	7.27e-08	44.1
M03520:605:000000000-LVNKY:1:1108:5916:13222;size=7	RH.0BD19D1A26A74EBZ0Z_F	100.000	25	0	1.18e-09	50.1
M03520:605:000000000-LVNKY:1:1108:5916:13222;size=7	RH.0BD19D1A26A74EBZ0Z_R	100.000	24	0	4.65e-09	48.1
M03520:605:000000000-LVNKY:1:1108:5992:9121;size=7	RH.2AFFFBA0E81C482Z0Z_R	100.000	23	0	1.84e-08	46.1
M03520:605:000000000-LVNKY:1:1108:5992:9121;size=7	RH.2AFFFBA0E81C482Z0Z_F	100.000	23	0	1.84e-08	46.1
M03520:605:000000000-LVNKY:1:1108:6389:24427;size=7	RH.1CC74B91718A42FZ0Z_R	100.000	25	0	1.18e-09	50.1
M03520:605:000000000-LVNKY:1:1108:6389:24427;size=7	RH.1CC74B91718A42FZ0Z_F	100.000	24	0	4.65e-09	48.1
M03520:605:000000000-LVNKY:1:1108:7923:21420;size=7	RH.0BD19D1A26A74EBZ0Z_F	100.000	25	0	1.18e-09	50.1
M03520:605:000000000-LVNKY:1:1108:7923:21420;size=7	RH.0BD19D1A26A74EBZ0Z_R	100.000	24	0	4.65e-09	48.1
M03520:605:000000000-LVNKY:1:1108:8987:4914;size=7	RH.85A5303CAAF54ADZ0Z_R	100.000	22	0	7.27e-08	44.1
M03520:605:000000000-LVNKY:1:1108:8987:4914;size=7	RH.85A5303CAAF54ADZ0Z_F	100.000	21	0	2.87e-07	42.1
M03520:605:000000000-LVNKY:1:1108:9581:11837;size=7	RH.51338FA06EDB4F0Z0Z_F	100.000	25	0	1.18e-09	50.1
M03520:605:000000000-LVNKY:1:1108:9581:11837;size=7	RH.51338FA06EDB4F0Z0Z_R	96.000	25	1	2.87e-07	42.1
M03520:605:000000000-LVNKY:1:1109:10052:18061;size=7	RH.B9EF730EBE6C436Z0Z_R	100.000	25	0	1.18e-09	50.1
M03520:605:000000000-LVNKY:1:1109:10052:18061;size=7	RH.B9EF730EBE6C436Z0Z_F	100.000	25	0	1.18e-09	50.1
M03520:605:000000000-LVNKY:1:1109:10130:17697;size=7	RH.E04EE94198274F7Z0Z_F	96.000	25	1	2.87e-07	42.1
M03520:605:000000000-LVNKY:1:1109:10130:17697;size=7	RH.E04EE94198274F7Z0Z_R	95.833	24	1	1.13e-06	40.1
M03520:605:000000000-LVNKY:1:1109:12627:3270;size=7	RH.27578A9A85FA4A3Z0Z_F	100.000	24	0	4.65e-09	48.1
M03520:605:000000000-LVNKY:1:1109:12627:3270;size=7	RH.27578A9A85FA4A3Z0Z_R	100.000	22	0	7.27e-08	44.1
M03520:605:000000000-LVNKY:1:1109:15835:8571;size=7	RH.E04EE94198274F7Z0Z_F	100.000	25	0	1.18e-09	50.1
M03520:605:000000000-LVNKY:1:1109:15835:8571;size=7	RH.E04EE94198274F7Z0Z_R	95.833	24	1	1.13e-06	40.1
M03520:605:000000000-LVNKY:1:1109:16770:8932;size=7	RH.0550AF0F57084ADZ0Z_F	100.000	24	0	4.65e-09	48.1
M03520:605:000000000-LVNKY:1:1109:16770:8932;size=7	RH.0550AF0F57084ADZ0Z_R	100.000	22	0	7.27e-08	44.1
M03520:605:000000000-LVNKY:1:1109:20788:12570;size=7	RH.2091F326F74640CZ0Z_F	100.000	24	0	4.65e-09	48.1
M03520:605:000000000-LVNKY:1:1109:20788:12570;size=7	RH.2091F326F74640CZ0Z_R	100.000	21	0	2.87e-07	42.1
M03520:605:000000000-LVNKY:1:1109:21203:20801;size=7	RH.DDB83AFF97C94C6Z0Z_F	100.000	24	0	4.65e-09	48.1
M03520:605:000000000-LVNKY:1:1109:23849:10091;size=7	RH.2AFFFBA0E81C482Z0Z_R	100.000	23	0	1.84e-08	46.1
M03520:605:000000000-LVNKY:1:1109:23849:10091;size=7	RH.2AFFFBA0E81C482Z0Z_F	100.000	23	0	1.84e-08	46.1
M03520:605:000000000-LVNKY:1:1109:26540:21844;size=7	RH.0096A141894D447Z0Z_F	100.000	24	0	4.65e-09	48.1
M03520:605:000000000-LVNKY:1:1109:26540:21844;size=7	RH.0096A141894D447Z0Z_R	100.000	21	0	2.87e-07	42.1
M03520:605:000000000-LVNKY:1:1109:5871:9561;size=7	RH.B9EF730EBE6C436Z0Z_F	100.000	25	0	1.18e-09	50.1
M03520:605:000000000-LVNKY:1:1109:5871:9561;size=7	RH.B9EF730EBE6C436Z0Z_R	96.000	25	1	2.87e-07	42.1
M03520:605:000000000-LVNKY:1:1110:12225:26967;size=7	RH.51338FA06EDB4F0Z0Z_F	100.000	25	0	1.18e-09	50.1
M03520:605:000000000-LVNKY:1:1110:12225:26967;size=7	RH.51338FA06EDB4F0Z0Z_R	100.000	25	0	1.18e-09	50.1
M03520:605:000000000-LVNKY:1:1110:13193:27964;size=7	RH.51338FA06EDB4F0Z0Z_R	100.000	25	0	1.18e-09	50.1
M03520:605:000000000-LVNKY:1:1110:13193:27964;size=7	RH.51338FA06EDB4F0Z0Z_F	100.000	25	0	1.18e-09	50.1
M03520:605:000000000-LVNKY:1:1110:13516:25333;size=7	RH.DDB83AFF97C94C6Z0Z_R	100.000	25	0	1.18e-09	50.1
M03520:605:000000000-LVNKY:1:1110:13516:25333;size=7	RH.DDB83AFF97C94C6Z0Z_F	100.000	24	0	4.65e-09	48.1
M03520:605:000000000-LVNKY:1:1110:14805:11578;size=7	RH.B9EF730EBE6C436Z0Z_F	100.000	25	0	1.18e-09	50.1
M03520:605:000000000-LVNKY:1:1110:17108:4397;size=7	RH.DDB83AFF97C94C6Z0Z_F	100.000	24	0	4.65e-09	48.1
M03520:605:000000000-LVNKY:1:1110:17108:4397;size=7	RH.DDB83AFF97C94C6Z0Z_R	96.000	25	1	2.87e-07	42.1
M03520:605:000000000-LVNKY:1:1110:17954:4015;size=7	RH.8B25A056ABC1444Z0Z_F	100.000	25	0	1.18e-09	50.1
M03520:605:000000000-LVNKY:1:1110:17954:4015;size=7	RH.8B25A056ABC1444Z0Z_R	100.000	24	0	4.65e-09	48.1
M03520:605:000000000-LVNKY:1:1110:18111:26826;size=7	RH.6572108A164E48EZ0Z_R	100.000	24	0	4.65e-09	48.1
M03520:605:000000000-LVNKY:1:1110:18111:26826;size=7	RH.6572108A164E48EZ0Z_F	100.000	24	0	4.65e-09	48.1
M03520:605:000000000-LVNKY:1:1110:22234:18689;size=7	RH.0550AF0F57084ADZ0Z_F	100.000	24	0	4.65e-09	48.1
M03520:605:000000000-LVNKY:1:1110:22234:18689;size=7	RH.0550AF0F57084ADZ0Z_R	100.000	22	0	7.27e-08	44.1
M03520:605:000000000-LVNKY:1:1110:24004:16788;size=7	RH.2A8AD21024974C0Z0Z_F	100.000	26	0	2.98e-10	52.0
M03520:605:000000000-LVNKY:1:1110:24004:16788;size=7	RH.2A8AD21024974C0Z0Z_R	100.000	25	0	1.18e-09	50.1
M03520:605:000000000-LVNKY:1:1110:5489:8070;size=7	RH.69CEA0AC39F4445Z0Z_F	100.000	24	0	4.65e-09	48.1
M03520:605:000000000-LVNKY:1:1110:5489:8070;size=7	RH.69CEA0AC39F4445Z0Z_R	95.652	23	1	4.48e-06	38.2
M03520:605:000000000-LVNKY:1:1110:9813:22212;size=7	RH.DDB83AFF97C94C6Z0Z_R	100.000	25	0	1.18e-09	50.1
M03520:605:000000000-LVNKY:1:1110:9813:22212;size=7	RH.DDB83AFF97C94C6Z0Z_F	100.000	24	0	4.65e-09	48.1
M03520:605:000000000-LVNKY:1:1111:14599:13052;size=7	RH.DDB83AFF97C94C6Z0Z_F	100.000	24	0	4.65e-09	48.1
M03520:605:000000000-LVNKY:1:1111:14599:13052;size=7	RH.6572108A164E48EZ0Z_R	96.000	25	1	2.87e-07	42.1
M03520:605:000000000-LVNKY:1:1111:14599:13052;size=7	RH.F7E3D42951B44CCZ0Z_F	100.000	21	0	2.87e-07	42.1
M03520:605:000000000-LVNKY:1:1111:14599:13052;size=7	RH.F7E3D42951B44CCZ0Z_R	100.000	19	0	4.48e-06	38.2
M03520:605:000000000-LVNKY:1:1111:27071:16865;size=7	RH.1CC74B91718A42FZ0Z_R	100.000	25	0	1.18e-09	50.1
M03520:605:000000000-LVNKY:1:1111:27071:16865;size=7	RH.1CC74B91718A42FZ0Z_F	95.833	24	1	1.13e-06	40.1
M03520:605:000000000-LVNKY:1:1111:7744:25026;size=7	RH.0096A141894D447Z0Z_F	100.000	24	0	4.65e-09	48.1
M03520:605:000000000-LVNKY:1:1111:7744:25026;size=7	RH.0096A141894D447Z0Z_R	100.000	21	0	2.87e-07	42.1
M03520:605:000000000-LVNKY:1:1112:16775:19270;size=7	RH.27578A9A85FA4A3Z0Z_F	100.000	24	0	4.65e-09	48.1
M03520:605:000000000-LVNKY:1:1112:16775:19270;size=7	RH.27578A9A85FA4A3Z0Z_R	100.000	22	0	7.27e-08	44.1
M03520:605:000000000-LVNKY:1:1112:16903:14129;size=7	RH.DDB83AFF97C94C6Z0Z_R	100.000	25	0	1.18e-09	50.1
M03520:605:000000000-LVNKY:1:1112:16903:14129;size=7	RH.DDB83AFF97C94C6Z0Z_F	100.000	24	0	4.65e-09	48.1
M03520:605:000000000-LVNKY:1:1112:17294:3059;size=7	RH.2AFFFBA0E81C482Z0Z_R	100.000	23	0	1.84e-08	46.1
M03520:605:000000000-LVNKY:1:1112:17294:3059;size=7	RH.2AFFFBA0E81C482Z0Z_F	100.000	23	0	1.84e-08	46.1
M03520:605:000000000-LVNKY:1:1112:19064:2252;size=7	RH.B9EF730EBE6C436Z0Z_R	100.000	25	0	1.18e-09	50.1
M03520:605:000000000-LVNKY:1:1112:19064:2252;size=7	RH.B9EF730EBE6C436Z0Z_F	100.000	22	0	7.27e-08	44.1
M03520:605:000000000-LVNKY:1:1112:23259:6710;size=7	RH.27578A9A85FA4A3Z0Z_F	100.000	24	0	4.65e-09	48.1
M03520:605:000000000-LVNKY:1:1112:23259:6710;size=7	RH.27578A9A85FA4A3Z0Z_R	100.000	22	0	7.27e-08	44.1
M03520:605:000000000-LVNKY:1:1113:10638:12025;size=7	RH.0BD19D1A26A74EBZ0Z_F	100.000	25	0	1.18e-09	50.1
M03520:605:000000000-LVNKY:1:1113:10638:12025;size=7	RH.0BD19D1A26A74EBZ0Z_R	100.000	24	0	4.65e-09	48.1
M03520:605:000000000-LVNKY:1:2101:14934:6062;size=7	RH.0BD19D1A26A74EBZ0Z_F	100.000	25	0	1.18e-09	50.1
M03520:605:000000000-LVNKY:1:2101:14934:6062;size=7	RH.0BD19D1A26A74EBZ0Z_R	100.000	24	0	4.65e-09	48.1
M03520:605:000000000-LVNKY:1:2101:19088:27122;size=7	RH.0BD19D1A26A74EBZ0Z_F	100.000	25	0	1.18e-09	50.1
M03520:605:000000000-LVNKY:1:2101:19088:27122;size=7	RH.0BD19D1A26A74EBZ0Z_R	100.000	24	0	4.65e-09	48.1
M03520:605:000000000-LVNKY:1:2103:21865:25149;size=7	RH.B9EF730EBE6C436Z0Z_R	100.000	25	0	1.18e-09	50.1
M03520:605:000000000-LVNKY:1:2103:21865:25149;size=7	RH.B9EF730EBE6C436Z0Z_F	100.000	25	0	1.18e-09	50.1
M03520:605:000000000-LVNKY:1:1101:10007:9654;size=6	RH.DDB83AFF97C94C6Z0Z_R	100.000	25	0	1.18e-09	50.1
M03520:605:000000000-LVNKY:1:1101:10007:9654;size=6	RH.DDB83AFF97C94C6Z0Z_F	100.000	24	0	4.65e-09	48.1
M03520:605:000000000-LVNKY:1:1101:10026:24500;size=6	RH.51338FA06EDB4F0Z0Z_F	100.000	25	0	1.18e-09	50.1
M03520:605:000000000-LVNKY:1:1101:10026:24500;size=6	RH.51338FA06EDB4F0Z0Z_R	100.000	20	0	1.13e-06	40.1
M03520:605:000000000-LVNKY:1:1101:10696:22925;size=6	RH.2A8AD21024974C0Z0Z_F	100.000	26	0	2.98e-10	52.0
M03520:605:000000000-LVNKY:1:1101:10696:22925;size=6	RH.2A8AD21024974C0Z0Z_R	96.000	25	1	2.87e-07	42.1
M03520:605:000000000-LVNKY:1:1101:10718:5388;size=6	RH.DDB83AFF97C94C6Z0Z_R	100.000	25	0	1.18e-09	50.1
M03520:605:000000000-LVNKY:1:1101:10718:5388;size=6	RH.DDB83AFF97C94C6Z0Z_F	100.000	24	0	4.65e-09	48.1
M03520:605:000000000-LVNKY:1:1101:10756:9020;size=6	RH.78B83B8D6A224B1Z0Z_R	100.000	23	0	1.84e-08	46.1
M03520:605:000000000-LVNKY:1:1101:10756:9020;size=6	RH.78B83B8D6A224B1Z0Z_F	100.000	22	0	7.27e-08	44.1
M03520:605:000000000-LVNKY:1:1101:11100:8985;size=6	RH.B9EF730EBE6C436Z0Z_R	100.000	25	0	1.18e-09	50.1
M03520:605:000000000-LVNKY:1:1101:11264:11608;size=6	RH.85A5303CAAF54ADZ0Z_R	100.000	22	0	7.27e-08	44.1
M03520:605:000000000-LVNKY:1:1101:11264:11608;size=6	RH.2091F326F74640CZ0Z_F	100.000	19	0	4.48e-06	38.2
M03520:605:000000000-LVNKY:1:1101:11950:8055;size=6	RH.8B25A056ABC1444Z0Z_R	100.000	24	0	4.65e-09	48.1
M03520:605:000000000-LVNKY:1:1101:11950:8055;size=6	RH.8B25A056ABC1444Z0Z_F	100.000	22	0	7.27e-08	44.1
M03520:605:000000000-LVNKY:1:1101:12062:13130;size=6	RH.2AFFFBA0E81C482Z0Z_F	100.000	23	0	1.84e-08	46.1
M03520:605:000000000-LVNKY:1:1101:12062:13130;size=6	RH.2AFFFBA0E81C482Z0Z_R	100.000	23	0	1.84e-08	46.1
M03520:605:000000000-LVNKY:1:1101:12209:16026;size=6	RH.27578A9A85FA4A3Z0Z_F	100.000	24	0	4.65e-09	48.1
M03520:605:000000000-LVNKY:1:1101:12209:16026;size=6	RH.27578A9A85FA4A3Z0Z_R	100.000	22	0	7.27e-08	44.1
M03520:605:000000000-LVNKY:1:1101:12494:14677;size=6	RH.0BD19D1A26A74EBZ0Z_F	100.000	25	0	1.18e-09	50.1
M03520:605:000000000-LVNKY:1:1101:12494:14677;size=6	RH.0BD19D1A26A74EBZ0Z_R	100.000	24	0	4.65e-09	48.1
M03520:605:000000000-LVNKY:1:1101:12592:7552;size=6	RH.69CEA0AC39F4445Z0Z_F	100.000	24	0	4.65e-09	48.1
M03520:605:000000000-LVNKY:1:1101:12592:7552;size=6	RH.69CEA0AC39F4445Z0Z_R	100.000	23	0	1.84e-08	46.1
M03520:605:000000000-LVNKY:1:1101:13192:4342;size=6	RH.0BD19D1A26A74EBZ0Z_F	100.000	25	0	1.18e-09	50.1
M03520:605:000000000-LVNKY:1:1101:13192:4342;size=6	RH.0BD19D1A26A74EBZ0Z_R	100.000	24	0	4.65e-09	48.1
M03520:605:000000000-LVNKY:1:1101:13410:6069;size=6	RH.2A8AD21024974C0Z0Z_F	100.000	26	0	2.98e-10	52.0
M03520:605:000000000-LVNKY:1:1101:13410:6069;size=6	RH.2A8AD21024974C0Z0Z_R	100.000	25	0	1.18e-09	50.1
M03520:605:000000000-LVNKY:1:1101:13412:18337;size=6	RH.8B25A056ABC1444Z0Z_R	100.000	24	0	4.65e-09	48.1
M03520:605:000000000-LVNKY:1:1101:13474:26023;size=6	RH.2A8AD21024974C0Z0Z_F	100.000	26	0	2.98e-10	52.0
M03520:605:000000000-LVNKY:1:1101:13474:26023;size=6	RH.2A8AD21024974C0Z0Z_R	100.000	25	0	1.18e-09	50.1
M03520:605:000000000-LVNKY:1:1101:13668:4271;size=6	RH.7CE39E25906745AZ0Z_R	100.000	26	0	2.98e-10	52.0
M03520:605:000000000-LVNKY:1:1101:13668:4271;size=6	RH.7CE39E25906745AZ0Z_F	100.000	25	0	1.18e-09	50.1
M03520:605:000000000-LVNKY:1:1101:13925:11041;size=6	RH.27578A9A85FA4A3Z0Z_F	100.000	23	0	1.84e-08	46.1
M03520:605:000000000-LVNKY:1:1101:13925:11041;size=6	RH.27578A9A85FA4A3Z0Z_R	100.000	22	0	7.27e-08	44.1
M03520:605:000000000-LVNKY:1:1101:14288:6801;size=6	RH.69CEA0AC39F4445Z0Z_F	100.000	24	0	4.65e-09	48.1
M03520:605:000000000-LVNKY:1:1101:14288:6801;size=6	RH.69CEA0AC39F4445Z0Z_R	100.000	23	0	1.84e-08	46.1
M03520:605:000000000-LVNKY:1:1101:14365:20207;size=6	RH.2AFFFBA0E81C482Z0Z_R	100.000	23	0	1.84e-08	46.1
M03520:605:000000000-LVNKY:1:1101:14365:20207;size=6	RH.2AFFFBA0E81C482Z0Z_F	95.652	23	1	4.48e-06	38.2
M03520:605:000000000-LVNKY:1:1101:14407:20726;size=6	RH.2091F326F74640CZ0Z_F	100.000	24	0	4.65e-09	48.1
M03520:605:000000000-LVNKY:1:1101:14407:20726;size=6	RH.2091F326F74640CZ0Z_R	100.000	22	0	7.27e-08	44.1
M03520:605:000000000-LVNKY:1:1101:14424:14957;size=6	RH.8BDD8BEDFC3B423Z0Z_R	100.000	21	0	2.87e-07	42.1
M03520:605:000000000-LVNKY:1:1101:14424:14957;size=6	RH.8BDD8BEDFC3B423Z0Z_F	100.000	21	0	2.87e-07	42.1
M03520:605:000000000-LVNKY:1:1101:15177:3402;size=6	RH.27578A9A85FA4A3Z0Z_F	100.000	24	0	4.65e-09	48.1
M03520:605:000000000-LVNKY:1:1101:15435:15824;size=6	RH.7CE39E25906745AZ0Z_R	100.000	26	0	2.98e-10	52.0
M03520:605:000000000-LVNKY:1:1101:15435:15824;size=6	RH.7CE39E25906745AZ0Z_F	100.000	25	0	1.18e-09	50.1
M03520:605:000000000-LVNKY:1:1101:15446:18322;size=6	RH.7CE39E25906745AZ0Z_R	100.000	26	0	2.98e-10	52.0
M03520:605:000000000-LVNKY:1:1101:15446:18322;size=6	RH.7CE39E25906745AZ0Z_F	96.000	25	1	2.87e-07	42.1
M03520:605:000000000-LVNKY:1:1101:16424:12812;size=6	RH.0096A141894D447Z0Z_F	100.000	24	0	4.65e-09	48.1
M03520:605:000000000-LVNKY:1:1101:16424:12812;size=6	RH.0096A141894D447Z0Z_R	100.000	21	0	2.87e-07	42.1
M03520:605:000000000-LVNKY:1:1101:16533:20585;size=6	RH.2A8AD21024974C0Z0Z_F	100.000	26	0	2.98e-10	52.0
M03520:605:000000000-LVNKY:1:1101:16533:20585;size=6	RH.2A8AD21024974C0Z0Z_R	100.000	23	0	1.84e-08	46.1
M03520:605:000000000-LVNKY:1:1101:16546:9455;size=6	RH.DDB83AFF97C94C6Z0Z_R	100.000	25	0	1.18e-09	50.1
M03520:605:000000000-LVNKY:1:1101:16546:9455;size=6	RH.8B25A056ABC1444Z0Z_F	100.000	22	0	7.27e-08	44.1
M03520:605:000000000-LVNKY:1:1101:16591:27725;size=6	RH.2AFFFBA0E81C482Z0Z_F	100.000	23	0	1.84e-08	46.1
M03520:605:000000000-LVNKY:1:1101:16591:27725;size=6	RH.2AFFFBA0E81C482Z0Z_R	95.652	23	1	4.48e-06	38.2
M03520:605:000000000-LVNKY:1:1101:16728:18500;size=6	RH.B9EF730EBE6C436Z0Z_R	100.000	25	0	1.18e-09	50.1
M03520:605:000000000-LVNKY:1:1101:16728:18500;size=6	RH.B9EF730EBE6C436Z0Z_F	100.000	23	0	1.84e-08	46.1
M03520:605:000000000-LVNKY:1:1101:17176:26667;size=6	RH.2AFFFBA0E81C482Z0Z_R	100.000	23	0	1.84e-08	46.1
M03520:605:000000000-LVNKY:1:1101:17176:26667;size=6	RH.2AFFFBA0E81C482Z0Z_F	100.000	23	0	1.84e-08	46.1
M03520:605:000000000-LVNKY:1:1101:17618:23238;size=6	RH.7CE39E25906745AZ0Z_R	100.000	26	0	2.98e-10	52.0
M03520:605:000000000-LVNKY:1:1101:17618:23238;size=6	RH.7CE39E25906745AZ0Z_F	96.000	25	1	2.87e-07	42.1
M03520:605:000000000-LVNKY:1:1101:17694:14643;size=6	RH.DDB83AFF97C94C6Z0Z_R	100.000	25	0	1.18e-09	50.1
M03520:605:000000000-LVNKY:1:1101:17694:14643;size=6	RH.DDB83AFF97C94C6Z0Z_F	95.833	24	1	1.13e-06	40.1
M03520:605:000000000-LVNKY:1:1101:17703:23523;size=6	RH.7CE39E25906745AZ0Z_R	100.000	26	0	2.98e-10	52.0
M03520:605:000000000-LVNKY:1:1101:17703:23523;size=6	RH.7CE39E25906745AZ0Z_F	100.000	25	0	1.18e-09	50.1
M03520:605:000000000-LVNKY:1:1101:17852:16857;size=6	RH.DE543226C201437Z0Z_R	100.000	20	0	1.13e-06	40.1
M03520:605:000000000-LVNKY:1:1101:17852:16857;size=6	RH.51338FA06EDB4F0Z0Z_R	95.652	23	1	4.48e-06	38.2
M03520:605:000000000-LVNKY:1:1101:18882:16551;size=6	RH.0096A141894D447Z0Z_F	100.000	24	0	4.65e-09	48.1
M03520:605:000000000-LVNKY:1:1101:18882:16551;size=6	RH.0096A141894D447Z0Z_R	100.000	21	0	2.87e-07	42.1
M03520:605:000000000-LVNKY:1:1101:19069:8964;size=6	RH.6572108A164E48EZ0Z_R	100.000	25	0	1.18e-09	50.1
M03520:605:000000000-LVNKY:1:1101:19069:8964;size=6	RH.6572108A164E48EZ0Z_F	100.000	24	0	4.65e-09	48.1
M03520:605:000000000-LVNKY:1:1101:19376:18671;size=6	RH.6572108A164E48EZ0Z_F	100.000	24	0	4.65e-09	48.1
M03520:605:000000000-LVNKY:1:1101:19376:18671;size=6	RH.6572108A164E48EZ0Z_R	96.000	25	1	2.87e-07	42.1
M03520:605:000000000-LVNKY:1:1101:19407:11569;size=6	RH.27578A9A85FA4A3Z0Z_F	100.000	24	0	4.65e-09	48.1
M03520:605:000000000-LVNKY:1:1101:19407:11569;size=6	RH.27578A9A85FA4A3Z0Z_R	100.000	20	0	1.13e-06	40.1
M03520:605:000000000-LVNKY:1:1101:19746:5566;size=6	RH.0550AF0F57084ADZ0Z_F	100.000	24	0	4.65e-09	48.1
M03520:605:000000000-LVNKY:1:1101:19746:5566;size=6	RH.0550AF0F57084ADZ0Z_R	100.000	22	0	7.27e-08	44.1
M03520:605:000000000-LVNKY:1:1101:20101:10072;size=6	RH.DE543226C201437Z0Z_R	100.000	20	0	1.13e-06	40.1
M03520:605:000000000-LVNKY:1:1101:20101:10072;size=6	RH.51338FA06EDB4F0Z0Z_R	95.652	23	1	4.48e-06	38.2
M03520:605:000000000-LVNKY:1:1101:20250:24776;size=6	RH.27578A9A85FA4A3Z0Z_F	100.000	24	0	4.65e-09	48.1
M03520:605:000000000-LVNKY:1:1101:20250:24776;size=6	RH.27578A9A85FA4A3Z0Z_R	100.000	22	0	7.27e-08	44.1
M03520:605:000000000-LVNKY:1:1101:20280:18715;size=6	RH.2AFFFBA0E81C482Z0Z_F	100.000	23	0	1.84e-08	46.1
M03520:605:000000000-LVNKY:1:1101:20280:18715;size=6	RH.2AFFFBA0E81C482Z0Z_R	95.652	23	1	4.48e-06	38.2
M03520:605:000000000-LVNKY:1:1101:20539:7554;size=6	RH.1CC74B91718A42FZ0Z_R	100.000	25	0	1.18e-09	50.1
M03520:605:000000000-LVNKY:1:1101:20539:7554;size=6	RH.1CC74B91718A42FZ0Z_F	95.833	24	1	1.13e-06	40.1
M03520:605:000000000-LVNKY:1:1101:20728:8428;size=6	RH.6572108A164E48EZ0Z_R	100.000	24	0	4.65e-09	48.1
M03520:605:000000000-LVNKY:1:1101:20728:8428;size=6	RH.6572108A164E48EZ0Z_F	100.000	24	0	4.65e-09	48.1
M03520:605:000000000-LVNKY:1:1101:20767:16929;size=6	RH.0096A141894D447Z0Z_F	100.000	24	0	4.65e-09	48.1
M03520:605:000000000-LVNKY:1:1101:20951:21747;size=6	RH.7CE39E25906745AZ0Z_R	100.000	26	0	2.98e-10	52.0
M03520:605:000000000-LVNKY:1:1101:20951:21747;size=6	RH.7CE39E25906745AZ0Z_F	96.000	25	1	2.87e-07	42.1
M03520:605:000000000-LVNKY:1:1101:21147:19117;size=6	RH.0550AF0F57084ADZ0Z_F	100.000	24	0	4.65e-09	48.1
M03520:605:000000000-LVNKY:1:1101:21261:11456;size=6	RH.0096A141894D447Z0Z_F	100.000	24	0	4.65e-09	48.1
M03520:605:000000000-LVNKY:1:1101:21573:5606;size=6	RH.DDB83AFF97C94C6Z0Z_R	100.000	25	0	1.18e-09	50.1
M03520:605:000000000-LVNKY:1:1101:21573:5606;size=6	RH.DDB83AFF97C94C6Z0Z_F	100.000	23	0	1.84e-08	46.1
M03520:605:000000000-LVNKY:1:1101:21785:15687;size=6	RH.2AFFFBA0E81C482Z0Z_F	100.000	23	0	1.84e-08	46.1
M03520:605:000000000-LVNKY:1:1101:21785:15687;size=6	RH.2AFFFBA0E81C482Z0Z_R	100.000	23	0	1.84e-08	46.1
M03520:605:000000000-LVNKY:1:1101:21866:26381;size=6	RH.69CEA0AC39F4445Z0Z_R	100.000	23	0	1.84e-08	46.1
M03520:605:000000000-LVNKY:1:1101:21866:26381;size=6	RH.69CEA0AC39F4445Z0Z_F	95.833	24	1	1.13e-06	40.1
M03520:605:000000000-LVNKY:1:1101:21895:12433;size=6	RH.8BDD8BEDFC3B423Z0Z_R	100.000	21	0	2.87e-07	42.1
M03520:605:000000000-LVNKY:1:1101:23592:21305;size=6	RH.2AFFFBA0E81C482Z0Z_F	100.000	23	0	1.84e-08	46.1
M03520:605:000000000-LVNKY:1:1101:23592:21305;size=6	RH.2AFFFBA0E81C482Z0Z_R	100.000	23	0	1.84e-08	46.1
M03520:605:000000000-LVNKY:1:1101:24139:23721;size=6	RH.CF953F27F5674E1Z0Z_F	100.000	26	0	2.98e-10	52.0
M03520:605:000000000-LVNKY:1:1101:24139:23721;size=6	RH.CF953F27F5674E1Z0Z_R	100.000	23	0	1.84e-08	46.1
M03520:605:000000000-LVNKY:1:1101:24383:12738;size=6	RH.2AFFFBA0E81C482Z0Z_R	100.000	23	0	1.84e-08	46.1
M03520:605:000000000-LVNKY:1:1101:24383:12738;size=6	RH.2AFFFBA0E81C482Z0Z_F	100.000	23	0	1.84e-08	46.1
M03520:605:000000000-LVNKY:1:1101:25938:23669;size=6	RH.8BDD8BEDFC3B423Z0Z_F	100.000	21	0	2.87e-07	42.1
M03520:605:000000000-LVNKY:1:1101:25938:23669;size=6	RH.8BDD8BEDFC3B423Z0Z_R	100.000	21	0	2.87e-07	42.1
M03520:605:000000000-LVNKY:1:1101:26242:7004;size=6	RH.DDB83AFF97C94C6Z0Z_R	100.000	25	0	1.18e-09	50.1
M03520:605:000000000-LVNKY:1:1101:26242:7004;size=6	RH.DDB83AFF97C94C6Z0Z_F	100.000	24	0	4.65e-09	48.1
M03520:605:000000000-LVNKY:1:1101:26357:21623;size=6	RH.DDB83AFF97C94C6Z0Z_F	100.000	24	0	4.65e-09	48.1
M03520:605:000000000-LVNKY:1:1101:28675:12363;size=6	RH.85A5303CAAF54ADZ0Z_R	100.000	22	0	7.27e-08	44.1
M03520:605:000000000-LVNKY:1:1101:28675:12363;size=6	RH.85A5303CAAF54ADZ0Z_F	100.000	21	0	2.87e-07	42.1
M03520:605:000000000-LVNKY:1:1101:28897:12900;size=6	RH.B9EF730EBE6C436Z0Z_F	100.000	25	0	1.18e-09	50.1
M03520:605:000000000-LVNKY:1:1101:28897:12900;size=6	RH.B9EF730EBE6C436Z0Z_R	100.000	25	0	1.18e-09	50.1
M03520:605:000000000-LVNKY:1:1101:3207:9745;size=6	RH.DDB83AFF97C94C6Z0Z_R	100.000	25	0	1.18e-09	50.1
M03520:605:000000000-LVNKY:1:1101:3207:9745;size=6	RH.DDB83AFF97C94C6Z0Z_F	100.000	24	0	4.65e-09	48.1
M03520:605:000000000-LVNKY:1:1101:4670:11304;size=6	RH.27578A9A85FA4A3Z0Z_F	100.000	24	0	4.65e-09	48.1
M03520:605:000000000-LVNKY:1:1101:4670:11304;size=6	RH.27578A9A85FA4A3Z0Z_R	100.000	22	0	7.27e-08	44.1
M03520:605:000000000-LVNKY:1:1101:4685:17328;size=6	RH.2A8AD21024974C0Z0Z_F	100.000	26	0	2.98e-10	52.0
M03520:605:000000000-LVNKY:1:1101:4685:17328;size=6	RH.2A8AD21024974C0Z0Z_R	96.000	25	1	2.87e-07	42.1
M03520:605:000000000-LVNKY:1:1101:4933:16735;size=6	RH.2A8AD21024974C0Z0Z_R	100.000	25	0	1.18e-09	50.1
M03520:605:000000000-LVNKY:1:1101:4933:16735;size=6	RH.2A8AD21024974C0Z0Z_F	100.000	24	0	4.65e-09	48.1
M03520:605:000000000-LVNKY:1:1101:5107:15132;size=6	RH.B9EF730EBE6C436Z0Z_R	100.000	25	0	1.18e-09	50.1
M03520:605:000000000-LVNKY:1:1101:5107:15132;size=6	RH.B9EF730EBE6C436Z0Z_F	100.000	25	0	1.18e-09	50.1
M03520:605:000000000-LVNKY:1:1101:5539:13451;size=6	RH.7CE39E25906745AZ0Z_R	100.000	26	0	2.98e-10	52.0
M03520:605:000000000-LVNKY:1:1101:5539:13451;size=6	RH.7CE39E25906745AZ0Z_F	100.000	22	0	7.27e-08	44.1
M03520:605:000000000-LVNKY:1:1101:5589:9283;size=6	RH.2AFFFBA0E81C482Z0Z_R	100.000	23	0	1.84e-08	46.1
M03520:605:000000000-LVNKY:1:1101:5589:9283;size=6	RH.2AFFFBA0E81C482Z0Z_F	100.000	23	0	1.84e-08	46.1
M03520:605:000000000-LVNKY:1:1101:5591:17536;size=6	RH.0096A141894D447Z0Z_F	100.000	22	0	7.27e-08	44.1
M03520:605:000000000-LVNKY:1:1101:5591:17536;size=6	RH.0096A141894D447Z0Z_R	100.000	21	0	2.87e-07	42.1
M03520:605:000000000-LVNKY:1:1101:5661:12866;size=6	RH.8BDD8BEDFC3B423Z0Z_R	100.000	21	0	2.87e-07	42.1
M03520:605:000000000-LVNKY:1:1101:5661:12866;size=6	RH.595FCA3D7BA7416Z0Z_F	100.000	19	0	4.48e-06	38.2
M03520:605:000000000-LVNKY:1:1101:6236:24954;size=6	RH.0550AF0F57084ADZ0Z_F	100.000	24	0	4.65e-09	48.1
M03520:605:000000000-LVNKY:1:1101:6236:24954;size=6	RH.0550AF0F57084ADZ0Z_R	100.000	21	0	2.87e-07	42.1
M03520:605:000000000-LVNKY:1:1101:7076:7633;size=6	RH.1CC74B91718A42FZ0Z_R	100.000	25	0	1.18e-09	50.1
M03520:605:000000000-LVNKY:1:1101:7418:14261;size=6	RH.85A5303CAAF54ADZ0Z_R	100.000	22	0	7.27e-08	44.1
M03520:605:000000000-LVNKY:1:1101:7418:14261;size=6	RH.85A5303CAAF54ADZ0Z_F	100.000	21	0	2.87e-07	42.1
M03520:605:000000000-LVNKY:1:1101:7443:20065;size=6	RH.268AAC66C1AD454Z0Z_R	100.000	24	0	4.65e-09	48.1
M03520:605:000000000-LVNKY:1:1101:7443:20065;size=6	RH.268AAC66C1AD454Z0Z_F	100.000	24	0	4.65e-09	48.1
M03520:605:000000000-LVNKY:1:1101:7608:17848;size=6	RH.51338FA06EDB4F0Z0Z_R	100.000	25	0	1.18e-09	50.1
M03520:605:000000000-LVNKY:1:1101:7608:17848;size=6	RH.51338FA06EDB4F0Z0Z_F	100.000	24	0	4.65e-09	48.1
M03520:605:000000000-LVNKY:1:1101:7769:4551;size=6	RH.0550AF0F57084ADZ0Z_F	100.000	24	0	4.65e-09	48.1
M03520:605:000000000-LVNKY:1:1101:7790:7716;size=6	RH.0BD19D1A26A74EBZ0Z_F	100.000	25	0	1.18e-09	50.1
M03520:605:000000000-LVNKY:1:1101:7790:7716;size=6	RH.0BD19D1A26A74EBZ0Z_R	100.000	24	0	4.65e-09	48.1
M03520:605:000000000-LVNKY:1:1101:7899:19291;size=6	RH.2A8AD21024974C0Z0Z_R	100.000	25	0	1.18e-09	50.1
M03520:605:000000000-LVNKY:1:1101:7899:19291;size=6	RH.2A8AD21024974C0Z0Z_F	96.154	26	1	7.27e-08	44.1
M03520:605:000000000-LVNKY:1:1101:8486:8174;size=6	RH.2A8AD21024974C0Z0Z_F	100.000	26	0	2.98e-10	52.0
M03520:605:000000000-LVNKY:1:1101:8486:8174;size=6	RH.2A8AD21024974C0Z0Z_R	100.000	25	0	1.18e-09	50.1
M03520:605:000000000-LVNKY:1:1101:9117:8005;size=6	RH.27578A9A85FA4A3Z0Z_F	100.000	24	0	4.65e-09	48.1
M03520:605:000000000-LVNKY:1:1101:9117:8005;size=6	RH.27578A9A85FA4A3Z0Z_R	100.000	22	0	7.27e-08	44.1
M03520:605:000000000-LVNKY:1:1101:9248:3766;size=6	RH.CA1E204B0C0842DZ0Z_F	100.000	26	0	2.98e-10	52.0
M03520:605:000000000-LVNKY:1:1101:9248:3766;size=6	RH.E04EE94198274F7Z0Z_F	100.000	25	0	1.18e-09	50.1
M03520:605:000000000-LVNKY:1:1101:9248:3766;size=6	RH.CA1E204B0C0842DZ0Z_R	100.000	24	0	4.65e-09	48.1
M03520:605:000000000-LVNKY:1:1102:10544:2600;size=6	RH.2AFFFBA0E81C482Z0Z_R	100.000	23	0	1.84e-08	46.1
M03520:605:000000000-LVNKY:1:1102:10544:2600;size=6	RH.2AFFFBA0E81C482Z0Z_F	95.652	23	1	4.48e-06	38.2
M03520:605:000000000-LVNKY:1:1102:10651:24568;size=6	RH.2AFFFBA0E81C482Z0Z_F	100.000	23	0	1.84e-08	46.1
M03520:605:000000000-LVNKY:1:1102:10651:24568;size=6	RH.2AFFFBA0E81C482Z0Z_R	100.000	23	0	1.84e-08	46.1
M03520:605:000000000-LVNKY:1:1102:10875:21006;size=6	RH.2A8AD21024974C0Z0Z_F	100.000	26	0	2.98e-10	52.0
M03520:605:000000000-LVNKY:1:1102:10875:21006;size=6	RH.2A8AD21024974C0Z0Z_R	100.000	25	0	1.18e-09	50.1
M03520:605:000000000-LVNKY:1:1102:10947:15307;size=6	RH.0096A141894D447Z0Z_R	100.000	21	0	2.87e-07	42.1
M03520:605:000000000-LVNKY:1:1102:10947:15307;size=6	RH.0096A141894D447Z0Z_F	95.833	24	1	1.13e-06	40.1
M03520:605:000000000-LVNKY:1:1102:11277:6863;size=6	RH.0096A141894D447Z0Z_F	100.000	24	0	4.65e-09	48.1
M03520:605:000000000-LVNKY:1:1102:11395:19447;size=6	RH.27578A9A85FA4A3Z0Z_F	100.000	24	0	4.65e-09	48.1
M03520:605:000000000-LVNKY:1:1102:11395:19447;size=6	RH.27578A9A85FA4A3Z0Z_R	100.000	19	0	4.48e-06	38.2
M03520:605:000000000-LVNKY:1:1102:11875:20331;size=6	RH.0096A141894D447Z0Z_F	100.000	24	0	4.65e-09	48.1
M03520:605:000000000-LVNKY:1:1102:12752:13861;size=6	RH.27578A9A85FA4A3Z0Z_F	100.000	24	0	4.65e-09	48.1
M03520:605:000000000-LVNKY:1:1102:12752:13861;size=6	RH.27578A9A85FA4A3Z0Z_R	100.000	22	0	7.27e-08	44.1
M03520:605:000000000-LVNKY:1:1102:12919:23185;size=6	RH.27578A9A85FA4A3Z0Z_F	100.000	24	0	4.65e-09	48.1
M03520:605:000000000-LVNKY:1:1102:12919:23185;size=6	RH.27578A9A85FA4A3Z0Z_R	100.000	22	0	7.27e-08	44.1
M03520:605:000000000-LVNKY:1:1102:13311:14726;size=6	RH.85A5303CAAF54ADZ0Z_R	100.000	22	0	7.27e-08	44.1
M03520:605:000000000-LVNKY:1:1102:13311:14726;size=6	RH.85A5303CAAF54ADZ0Z_F	100.000	21	0	2.87e-07	42.1
M03520:605:000000000-LVNKY:1:1102:13637:4157;size=6	RH.2AFFFBA0E81C482Z0Z_R	100.000	23	0	1.84e-08	46.1
M03520:605:000000000-LVNKY:1:1102:13637:4157;size=6	RH.2AFFFBA0E81C482Z0Z_F	95.652	23	1	4.48e-06	38.2
M03520:605:000000000-LVNKY:1:1102:13865:9454;size=6	RH.DDB83AFF97C94C6Z0Z_R	100.000	25	0	1.18e-09	50.1
M03520:605:000000000-LVNKY:1:1102:13865:9454;size=6	RH.8B25A056ABC1444Z0Z_F	100.000	22	0	7.27e-08	44.1
M03520:605:000000000-LVNKY:1:1102:14030:14139;size=6	RH.DE543226C201437Z0Z_R	100.000	20	0	1.13e-06	40.1
M03520:605:000000000-LVNKY:1:1102:14030:14139;size=6	RH.51338FA06EDB4F0Z0Z_R	95.652	23	1	4.48e-06	38.2
M03520:605:000000000-LVNKY:1:1102:14311:18896;size=6	RH.2AFFFBA0E81C482Z0Z_F	100.000	23	0	1.84e-08	46.1
M03520:605:000000000-LVNKY:1:1102:14674:23005;size=6	RH.0550AF0F57084ADZ0Z_F	100.000	24	0	4.65e-09	48.1
M03520:605:000000000-LVNKY:1:1102:14786:7598;size=6	RH.0096A141894D447Z0Z_F	100.000	24	0	4.65e-09	48.1
M03520:605:000000000-LVNKY:1:1102:14786:7598;size=6	RH.0096A141894D447Z0Z_R	100.000	21	0	2.87e-07	42.1
M03520:605:000000000-LVNKY:1:1102:15688:10826;size=6	RH.51338FA06EDB4F0Z0Z_R	100.000	25	0	1.18e-09	50.1
M03520:605:000000000-LVNKY:1:1102:15688:10826;size=6	RH.51338FA06EDB4F0Z0Z_F	100.000	25	0	1.18e-09	50.1
M03520:605:000000000-LVNKY:1:1102:15923:22338;size=6	RH.DDB83AFF97C94C6Z0Z_R	100.000	25	0	1.18e-09	50.1
M03520:605:000000000-LVNKY:1:1102:15923:22338;size=6	RH.DDB83AFF97C94C6Z0Z_F	100.000	24	0	4.65e-09	48.1
M03520:605:000000000-LVNKY:1:1102:16198:8645;size=6	RH.7CE39E25906745AZ0Z_R	100.000	26	0	2.98e-10	52.0
M03520:605:000000000-LVNKY:1:1102:16198:8645;size=6	RH.7CE39E25906745AZ0Z_F	100.000	24	0	4.65e-09	48.1
M03520:605:000000000-LVNKY:1:1102:16492:3747;size=6	RH.2AFFFBA0E81C482Z0Z_F	100.000	23	0	1.84e-08	46.1
M03520:605:000000000-LVNKY:1:1102:16492:3747;size=6	RH.2AFFFBA0E81C482Z0Z_R	100.000	23	0	1.84e-08	46.1
M03520:605:000000000-LVNKY:1:1102:16912:11035;size=6	RH.69CEA0AC39F4445Z0Z_F	100.000	24	0	4.65e-09	48.1
M03520:605:000000000-LVNKY:1:1102:16912:11035;size=6	RH.69CEA0AC39F4445Z0Z_R	100.000	23	0	1.84e-08	46.1
M03520:605:000000000-LVNKY:1:1102:17003:18925;size=6	RH.DDB83AFF97C94C6Z0Z_R	100.000	25	0	1.18e-09	50.1
M03520:605:000000000-LVNKY:1:1102:17003:18925;size=6	RH.DDB83AFF97C94C6Z0Z_F	100.000	24	0	4.65e-09	48.1
M03520:605:000000000-LVNKY:1:1102:1748:16138;size=6	RH.DDB83AFF97C94C6Z0Z_F	100.000	24	0	4.65e-09	48.1
M03520:605:000000000-LVNKY:1:1102:1748:16138;size=6	RH.DDB83AFF97C94C6Z0Z_R	96.000	25	1	2.87e-07	42.1
M03520:605:000000000-LVNKY:1:1102:19093:2829;size=6	RH.DDB83AFF97C94C6Z0Z_R	100.000	24	0	4.65e-09	48.1
M03520:605:000000000-LVNKY:1:1102:19093:2829;size=6	RH.DDB83AFF97C94C6Z0Z_F	100.000	24	0	4.65e-09	48.1
M03520:605:000000000-LVNKY:1:1102:19394:18361;size=6	RH.2AFFFBA0E81C482Z0Z_R	100.000	23	0	1.84e-08	46.1
M03520:605:000000000-LVNKY:1:1102:19394:18361;size=6	RH.2AFFFBA0E81C482Z0Z_F	95.652	23	1	4.48e-06	38.2
M03520:605:000000000-LVNKY:1:1102:19612:16795;size=6	RH.27578A9A85FA4A3Z0Z_F	100.000	24	0	4.65e-09	48.1
M03520:605:000000000-LVNKY:1:1102:19612:16795;size=6	RH.27578A9A85FA4A3Z0Z_R	100.000	22	0	7.27e-08	44.1
M03520:605:000000000-LVNKY:1:1102:19874:21426;size=6	RH.6572108A164E48EZ0Z_R	100.000	25	0	1.18e-09	50.1
M03520:605:000000000-LVNKY:1:1102:19874:21426;size=6	RH.6572108A164E48EZ0Z_F	100.000	24	0	4.65e-09	48.1
M03520:605:000000000-LVNKY:1:1102:20476:18165;size=6	RH.1CC74B91718A42FZ0Z_R	100.000	25	0	1.18e-09	50.1
M03520:605:000000000-LVNKY:1:1102:20476:18165;size=6	RH.1CC74B91718A42FZ0Z_F	100.000	24	0	4.65e-09	48.1
M03520:605:000000000-LVNKY:1:1102:20491:7429;size=6	RH.6572108A164E48EZ0Z_R	100.000	25	0	1.18e-09	50.1
M03520:605:000000000-LVNKY:1:1102:20491:7429;size=6	RH.6572108A164E48EZ0Z_F	100.000	23	0	1.84e-08	46.1
M03520:605:000000000-LVNKY:1:1102:20536:2939;size=6	RH.DDB83AFF97C94C6Z0Z_R	100.000	24	0	4.65e-09	48.1
M03520:605:000000000-LVNKY:1:1102:20536:2939;size=6	RH.DDB83AFF97C94C6Z0Z_F	100.000	24	0	4.65e-09	48.1
M03520:605:000000000-LVNKY:1:1102:20577:15791;size=6	RH.DE543226C201437Z0Z_R	100.000	20	0	1.13e-06	40.1
M03520:605:000000000-LVNKY:1:1102:20577:15791;size=6	RH.51338FA06EDB4F0Z0Z_R	95.652	23	1	4.48e-06	38.2
M03520:605:000000000-LVNKY:1:1102:20771:5590;size=6	RH.CF953F27F5674E1Z0Z_R	100.000	25	0	1.18e-09	50.1
M03520:605:000000000-LVNKY:1:1102:20771:5590;size=6	RH.CF953F27F5674E1Z0Z_F	100.000	25	0	1.18e-09	50.1
M03520:605:000000000-LVNKY:1:1102:21365:3405;size=6	RH.85A5303CAAF54ADZ0Z_R	100.000	22	0	7.27e-08	44.1
M03520:605:000000000-LVNKY:1:1102:21365:3405;size=6	RH.85A5303CAAF54ADZ0Z_F	100.000	21	0	2.87e-07	42.1
M03520:605:000000000-LVNKY:1:1102:21453:10246;size=6	RH.0550AF0F57084ADZ0Z_F	100.000	23	0	1.84e-08	46.1
M03520:605:000000000-LVNKY:1:1102:21453:10246;size=6	RH.0550AF0F57084ADZ0Z_R	100.000	22	0	7.27e-08	44.1
M03520:605:000000000-LVNKY:1:1102:21540:9143;size=6	RH.2AFFFBA0E81C482Z0Z_F	100.000	23	0	1.84e-08	46.1
M03520:605:000000000-LVNKY:1:1102:21540:9143;size=6	RH.2AFFFBA0E81C482Z0Z_R	100.000	23	0	1.84e-08	46.1
M03520:605:000000000-LVNKY:1:1102:21631:10427;size=6	RH.69CEA0AC39F4445Z0Z_F	100.000	24	0	4.65e-09	48.1
M03520:605:000000000-LVNKY:1:1102:21631:10427;size=6	RH.69CEA0AC39F4445Z0Z_R	100.000	23	0	1.84e-08	46.1
M03520:605:000000000-LVNKY:1:1102:21734:17987;size=6	RH.0096A141894D447Z0Z_F	100.000	24	0	4.65e-09	48.1
M03520:605:000000000-LVNKY:1:1102:21734:17987;size=6	RH.0096A141894D447Z0Z_R	100.000	21	0	2.87e-07	42.1
M03520:605:000000000-LVNKY:1:1102:21947:22252;size=6	RH.85A5303CAAF54ADZ0Z_R	100.000	22	0	7.27e-08	44.1
M03520:605:000000000-LVNKY:1:1102:21947:22252;size=6	RH.85A5303CAAF54ADZ0Z_F	100.000	21	0	2.87e-07	42.1
M03520:605:000000000-LVNKY:1:1102:22224:23861;size=6	RH.2A8AD21024974C0Z0Z_F	100.000	26	0	2.98e-10	52.0
M03520:605:000000000-LVNKY:1:1102:22224:23861;size=6	RH.2A8AD21024974C0Z0Z_R	96.000	25	1	2.87e-07	42.1
M03520:605:000000000-LVNKY:1:1102:22568:4306;size=6	RH.DE543226C201437Z0Z_R	100.000	20	0	1.13e-06	40.1
M03520:605:000000000-LVNKY:1:1102:22568:4306;size=6	RH.51338FA06EDB4F0Z0Z_R	95.652	23	1	4.48e-06	38.2
M03520:605:000000000-LVNKY:1:1102:22643:9130;size=6	RH.0BD19D1A26A74EBZ0Z_F	100.000	25	0	1.18e-09	50.1
M03520:605:000000000-LVNKY:1:1102:22643:9130;size=6	RH.0BD19D1A26A74EBZ0Z_R	95.833	24	1	1.13e-06	40.1
M03520:605:000000000-LVNKY:1:1102:22833:17780;size=6	RH.7CE39E25906745AZ0Z_R	100.000	26	0	2.98e-10	52.0
M03520:605:000000000-LVNKY:1:1102:22833:17780;size=6	RH.7CE39E25906745AZ0Z_F	96.000	25	1	2.87e-07	42.1
M03520:605:000000000-LVNKY:1:1102:22879:13508;size=6	RH.0096A141894D447Z0Z_F	100.000	24	0	4.65e-09	48.1
M03520:605:000000000-LVNKY:1:1102:23239:19604;size=6	RH.2AFFFBA0E81C482Z0Z_R	100.000	23	0	1.84e-08	46.1
M03520:605:000000000-LVNKY:1:1102:23239:19604;size=6	RH.2AFFFBA0E81C482Z0Z_F	100.000	23	0	1.84e-08	46.1
M03520:605:000000000-LVNKY:1:1102:2342:11834;size=6	RH.1CC74B91718A42FZ0Z_R	100.000	25	0	1.18e-09	50.1
M03520:605:000000000-LVNKY:1:1102:2342:11834;size=6	RH.1CC74B91718A42FZ0Z_F	100.000	24	0	4.65e-09	48.1
M03520:605:000000000-LVNKY:1:1102:23452:19068;size=6	RH.B9EF730EBE6C436Z0Z_R	100.000	25	0	1.18e-09	50.1
M03520:605:000000000-LVNKY:1:1102:23452:19068;size=6	RH.B9EF730EBE6C436Z0Z_F	100.000	24	0	4.65e-09	48.1
M03520:605:000000000-LVNKY:1:1102:24009:8369;size=6	RH.2AFFFBA0E81C482Z0Z_R	100.000	23	0	1.84e-08	46.1
M03520:605:000000000-LVNKY:1:1102:24009:8369;size=6	RH.2AFFFBA0E81C482Z0Z_F	100.000	23	0	1.84e-08	46.1
M03520:605:000000000-LVNKY:1:1102:24740:23204;size=6	RH.6572108A164E48EZ0Z_R	100.000	25	0	1.18e-09	50.1
M03520:605:000000000-LVNKY:1:1102:24740:23204;size=6	RH.6572108A164E48EZ0Z_F	95.833	24	1	1.13e-06	40.1
M03520:605:000000000-LVNKY:1:1102:24800:25225;size=6	RH.B9EF730EBE6C436Z0Z_R	100.000	25	0	1.18e-09	50.1
M03520:605:000000000-LVNKY:1:1102:24800:25225;size=6	RH.B9EF730EBE6C436Z0Z_F	100.000	25	0	1.18e-09	50.1
M03520:605:000000000-LVNKY:1:1102:24831:21376;size=6	RH.0550AF0F57084ADZ0Z_F	100.000	24	0	4.65e-09	48.1
M03520:605:000000000-LVNKY:1:1102:24831:21376;size=6	RH.0550AF0F57084ADZ0Z_R	100.000	22	0	7.27e-08	44.1
M03520:605:000000000-LVNKY:1:1102:26286:12637;size=6	RH.2A8AD21024974C0Z0Z_F	100.000	26	0	2.98e-10	52.0
M03520:605:000000000-LVNKY:1:1102:26286:12637;size=6	RH.2A8AD21024974C0Z0Z_R	100.000	25	0	1.18e-09	50.1
M03520:605:000000000-LVNKY:1:1102:26862:9004;size=6	RH.0550AF0F57084ADZ0Z_F	100.000	24	0	4.65e-09	48.1
M03520:605:000000000-LVNKY:1:1102:26862:9004;size=6	RH.0550AF0F57084ADZ0Z_R	100.000	22	0	7.27e-08	44.1
M03520:605:000000000-LVNKY:1:1102:26926:11182;size=6	RH.CF953F27F5674E1Z0Z_R	100.000	25	0	1.18e-09	50.1
M03520:605:000000000-LVNKY:1:1102:27207:13171;size=6	RH.1178978C1B124F7Z0Z_R	100.000	22	0	7.27e-08	44.1
M03520:605:000000000-LVNKY:1:1102:27207:13171;size=6	RH.1178978C1B124F7Z0Z_F	100.000	21	0	2.87e-07	42.1
M03520:605:000000000-LVNKY:1:1102:27543:21326;size=6	RH.2A8AD21024974C0Z0Z_F	100.000	26	0	2.98e-10	52.0
M03520:605:000000000-LVNKY:1:1102:27543:21326;size=6	RH.2A8AD21024974C0Z0Z_R	100.000	25	0	1.18e-09	50.1
M03520:605:000000000-LVNKY:1:1102:27644:8772;size=6	RH.DDB83AFF97C94C6Z0Z_R	100.000	25	0	1.18e-09	50.1
M03520:605:000000000-LVNKY:1:1102:27644:8772;size=6	RH.DDB83AFF97C94C6Z0Z_F	100.000	24	0	4.65e-09	48.1
M03520:605:000000000-LVNKY:1:1102:27664:10938;size=6	RH.1CC74B91718A42FZ0Z_R	100.000	25	0	1.18e-09	50.1
M03520:605:000000000-LVNKY:1:1102:27664:10938;size=6	RH.1CC74B91718A42FZ0Z_F	100.000	24	0	4.65e-09	48.1
M03520:605:000000000-LVNKY:1:1102:2784:18109;size=6	RH.2A8AD21024974C0Z0Z_F	100.000	26	0	2.98e-10	52.0
M03520:605:000000000-LVNKY:1:1102:2784:18109;size=6	RH.2A8AD21024974C0Z0Z_R	100.000	25	0	1.18e-09	50.1
M03520:605:000000000-LVNKY:1:1102:6013:8320;size=6	RH.2091F326F74640CZ0Z_F	100.000	24	0	4.65e-09	48.1
M03520:605:000000000-LVNKY:1:1102:6013:8320;size=6	RH.2091F326F74640CZ0Z_R	100.000	22	0	7.27e-08	44.1
M03520:605:000000000-LVNKY:1:1102:6193:9593;size=6	RH.CF953F27F5674E1Z0Z_F	100.000	26	0	2.98e-10	52.0
M03520:605:000000000-LVNKY:1:1102:6193:9593;size=6	RH.CF953F27F5674E1Z0Z_R	100.000	25	0	1.18e-09	50.1
M03520:605:000000000-LVNKY:1:1102:6756:17735;size=6	RH.DDB83AFF97C94C6Z0Z_R	100.000	25	0	1.18e-09	50.1
M03520:605:000000000-LVNKY:1:1102:6756:17735;size=6	RH.8B25A056ABC1444Z0Z_F	100.000	22	0	7.27e-08	44.1
M03520:605:000000000-LVNKY:1:1102:7325:10677;size=6	RH.0BD19D1A26A74EBZ0Z_F	100.000	25	0	1.18e-09	50.1
M03520:605:000000000-LVNKY:1:1102:7325:10677;size=6	RH.0BD19D1A26A74EBZ0Z_R	95.833	24	1	1.13e-06	40.1
M03520:605:000000000-LVNKY:1:1102:7483:18294;size=6	RH.27578A9A85FA4A3Z0Z_R	100.000	22	0	7.27e-08	44.1
M03520:605:000000000-LVNKY:1:1102:7483:18294;size=6	RH.27578A9A85FA4A3Z0Z_F	100.000	20	0	1.13e-06	40.1
M03520:605:000000000-LVNKY:1:1102:8249:9066;size=6	RH.1CC74B91718A42FZ0Z_R	100.000	25	0	1.18e-09	50.1
M03520:605:000000000-LVNKY:1:1102:8249:9066;size=6	RH.1CC74B91718A42FZ0Z_F	100.000	24	0	4.65e-09	48.1
M03520:605:000000000-LVNKY:1:1102:8531:21545;size=6	RH.51338FA06EDB4F0Z0Z_F	100.000	25	0	1.18e-09	50.1
M03520:605:000000000-LVNKY:1:1102:8531:21545;size=6	RH.51338FA06EDB4F0Z0Z_R	96.000	25	1	2.87e-07	42.1
M03520:605:000000000-LVNKY:1:1102:8692:22467;size=6	RH.7CE39E25906745AZ0Z_R	100.000	26	0	2.98e-10	52.0
M03520:605:000000000-LVNKY:1:1102:8692:22467;size=6	RH.7CE39E25906745AZ0Z_F	100.000	25	0	1.18e-09	50.1
M03520:605:000000000-LVNKY:1:1102:9456:13669;size=6	RH.0550AF0F57084ADZ0Z_R	100.000	22	0	7.27e-08	44.1
M03520:605:000000000-LVNKY:1:1103:10323:20121;size=6	RH.3C4181E04665462Z0Z_F	100.000	27	0	7.54e-11	54.0
M03520:605:000000000-LVNKY:1:1103:11394:8870;size=6	RH.6572108A164E48EZ0Z_R	100.000	25	0	1.18e-09	50.1
M03520:605:000000000-LVNKY:1:1103:11394:8870;size=6	RH.F7E3D42951B44CCZ0Z_F	100.000	21	0	2.87e-07	42.1
M03520:605:000000000-LVNKY:1:1103:12053:2473;size=6	RH.85A5303CAAF54ADZ0Z_R	100.000	22	0	7.27e-08	44.1
M03520:605:000000000-LVNKY:1:1103:12188:15410;size=6	RH.7CE39E25906745AZ0Z_R	100.000	26	0	2.98e-10	52.0
M03520:605:000000000-LVNKY:1:1103:12188:15410;size=6	RH.7CE39E25906745AZ0Z_F	100.000	25	0	1.18e-09	50.1
M03520:605:000000000-LVNKY:1:1103:12237:10815;size=6	RH.DDB83AFF97C94C6Z0Z_R	100.000	24	0	4.65e-09	48.1
M03520:605:000000000-LVNKY:1:1103:12237:10815;size=6	RH.DDB83AFF97C94C6Z0Z_F	100.000	24	0	4.65e-09	48.1
M03520:605:000000000-LVNKY:1:1103:12279:27589;size=6	RH.0096A141894D447Z0Z_F	100.000	22	0	7.27e-08	44.1
M03520:605:000000000-LVNKY:1:1103:12279:27589;size=6	RH.0096A141894D447Z0Z_R	100.000	21	0	2.87e-07	42.1
M03520:605:000000000-LVNKY:1:1103:13552:10380;size=6	RH.DE543226C201437Z0Z_R	100.000	20	0	1.13e-06	40.1
M03520:605:000000000-LVNKY:1:1103:13552:10380;size=6	RH.51338FA06EDB4F0Z0Z_R	95.652	23	1	4.48e-06	38.2
M03520:605:000000000-LVNKY:1:1103:13645:6726;size=6	RH.51338FA06EDB4F0Z0Z_F	100.000	25	0	1.18e-09	50.1
M03520:605:000000000-LVNKY:1:1103:13645:6726;size=6	RH.51338FA06EDB4F0Z0Z_R	100.000	25	0	1.18e-09	50.1
M03520:605:000000000-LVNKY:1:1103:14247:14334;size=6	RH.2A8AD21024974C0Z0Z_F	100.000	26	0	2.98e-10	52.0
M03520:605:000000000-LVNKY:1:1103:14247:14334;size=6	RH.2A8AD21024974C0Z0Z_R	96.000	25	1	2.87e-07	42.1
M03520:605:000000000-LVNKY:1:1103:14252:26208;size=6	RH.DDB83AFF97C94C6Z0Z_R	100.000	25	0	1.18e-09	50.1
M03520:605:000000000-LVNKY:1:1103:14252:26208;size=6	RH.DDB83AFF97C94C6Z0Z_F	100.000	24	0	4.65e-09	48.1
M03520:605:000000000-LVNKY:1:1103:14281:19153;size=6	RH.2AFFFBA0E81C482Z0Z_R	100.000	23	0	1.84e-08	46.1
M03520:605:000000000-LVNKY:1:1103:14281:19153;size=6	RH.2AFFFBA0E81C482Z0Z_F	100.000	23	0	1.84e-08	46.1
M03520:605:000000000-LVNKY:1:1103:15272:10351;size=6	RH.51338FA06EDB4F0Z0Z_R	100.000	25	0	1.18e-09	50.1
M03520:605:000000000-LVNKY:1:1103:15272:10351;size=6	RH.51338FA06EDB4F0Z0Z_F	100.000	25	0	1.18e-09	50.1
M03520:605:000000000-LVNKY:1:1103:15451:25821;size=6	RH.7CE39E25906745AZ0Z_R	100.000	26	0	2.98e-10	52.0
M03520:605:000000000-LVNKY:1:1103:15451:25821;size=6	RH.7CE39E25906745AZ0Z_F	100.000	25	0	1.18e-09	50.1
M03520:605:000000000-LVNKY:1:1103:15597:14085;size=6	RH.2AFFFBA0E81C482Z0Z_R	100.000	23	0	1.84e-08	46.1
M03520:605:000000000-LVNKY:1:1103:15597:14085;size=6	RH.2AFFFBA0E81C482Z0Z_F	100.000	23	0	1.84e-08	46.1
M03520:605:000000000-LVNKY:1:1103:15634:15476;size=6	RH.1CC74B91718A42FZ0Z_R	100.000	25	0	1.18e-09	50.1
M03520:605:000000000-LVNKY:1:1103:15634:15476;size=6	RH.1CC74B91718A42FZ0Z_F	95.833	24	1	1.13e-06	40.1
M03520:605:000000000-LVNKY:1:1103:15783:10642;size=6	RH.85A5303CAAF54ADZ0Z_R	100.000	22	0	7.27e-08	44.1
M03520:605:000000000-LVNKY:1:1103:15783:10642;size=6	RH.85A5303CAAF54ADZ0Z_F	100.000	21	0	2.87e-07	42.1
M03520:605:000000000-LVNKY:1:1103:16107:26859;size=6	RH.0096A141894D447Z0Z_R	100.000	22	0	7.27e-08	44.1
M03520:605:000000000-LVNKY:1:1103:17192:3403;size=6	RH.6572108A164E48EZ0Z_R	100.000	25	0	1.18e-09	50.1
M03520:605:000000000-LVNKY:1:1103:17192:3403;size=6	RH.6572108A164E48EZ0Z_F	100.000	24	0	4.65e-09	48.1
M03520:605:000000000-LVNKY:1:1103:17328:12182;size=6	RH.7CE39E25906745AZ0Z_R	100.000	26	0	2.98e-10	52.0
M03520:605:000000000-LVNKY:1:1103:17328:12182;size=6	RH.718B57159C244F7Z0Z_F	100.000	19	0	4.48e-06	38.2
M03520:605:000000000-LVNKY:1:1103:17370:9833;size=6	RH.0096A141894D447Z0Z_F	100.000	24	0	4.65e-09	48.1
M03520:605:000000000-LVNKY:1:1103:17370:9833;size=6	RH.0096A141894D447Z0Z_R	100.000	21	0	2.87e-07	42.1
M03520:605:000000000-LVNKY:1:1103:17405:6586;size=6	RH.0096A141894D447Z0Z_F	100.000	24	0	4.65e-09	48.1
M03520:605:000000000-LVNKY:1:1103:17405:6586;size=6	RH.0096A141894D447Z0Z_R	100.000	21	0	2.87e-07	42.1
M03520:605:000000000-LVNKY:1:1103:18270:6543;size=6	RH.1CC74B91718A42FZ0Z_R	100.000	25	0	1.18e-09	50.1
M03520:605:000000000-LVNKY:1:1103:18270:6543;size=6	RH.1CC74B91718A42FZ0Z_F	100.000	24	0	4.65e-09	48.1
M03520:605:000000000-LVNKY:1:1103:18519:20534;size=6	RH.CF953F27F5674E1Z0Z_F	100.000	26	0	2.98e-10	52.0
M03520:605:000000000-LVNKY:1:1103:18519:20534;size=6	RH.CF953F27F5674E1Z0Z_R	100.000	25	0	1.18e-09	50.1
M03520:605:000000000-LVNKY:1:1103:18932:11370;size=6	RH.0550AF0F57084ADZ0Z_F	100.000	24	0	4.65e-09	48.1
M03520:605:000000000-LVNKY:1:1103:18932:11370;size=6	RH.0550AF0F57084ADZ0Z_R	100.000	22	0	7.27e-08	44.1
M03520:605:000000000-LVNKY:1:1103:19502:15335;size=6	RH.2AFFFBA0E81C482Z0Z_R	100.000	23	0	1.84e-08	46.1
M03520:605:000000000-LVNKY:1:1103:19502:15335;size=6	RH.2AFFFBA0E81C482Z0Z_F	100.000	21	0	2.87e-07	42.1
M03520:605:000000000-LVNKY:1:1103:23100:10277;size=6	RH.E04EE94198274F7Z0Z_F	100.000	25	0	1.18e-09	50.1
M03520:605:000000000-LVNKY:1:1103:23100:10277;size=6	RH.E04EE94198274F7Z0Z_R	95.833	24	1	1.13e-06	40.1
M03520:605:000000000-LVNKY:1:1103:23357:14337;size=6	RH.6572108A164E48EZ0Z_F	100.000	24	0	4.65e-09	48.1
M03520:605:000000000-LVNKY:1:1103:23357:14337;size=6	RH.6572108A164E48EZ0Z_R	96.000	25	1	2.87e-07	42.1
M03520:605:000000000-LVNKY:1:1103:23447:16346;size=6	RH.27578A9A85FA4A3Z0Z_F	100.000	24	0	4.65e-09	48.1
M03520:605:000000000-LVNKY:1:1103:23447:16346;size=6	RH.27578A9A85FA4A3Z0Z_R	100.000	22	0	7.27e-08	44.1
M03520:605:000000000-LVNKY:1:1103:23548:8686;size=6	RH.51338FA06EDB4F0Z0Z_F	100.000	25	0	1.18e-09	50.1
M03520:605:000000000-LVNKY:1:1103:23827:10345;size=6	RH.7CE39E25906745AZ0Z_R	100.000	26	0	2.98e-10	52.0
M03520:605:000000000-LVNKY:1:1103:24366:11752;size=6	RH.3F0C3BDDC55E465Z0Z_F	100.000	30	0	1.22e-12	60.0
M03520:605:000000000-LVNKY:1:1103:24366:11752;size=6	RH.3F0C3BDDC55E465Z0Z_R	93.103	29	2	2.87e-07	42.1
M03520:605:000000000-LVNKY:1:1103:24664:14028;size=6	RH.8B25A056ABC1444Z0Z_R	100.000	24	0	4.65e-09	48.1
M03520:605:000000000-LVNKY:1:1103:24664:14028;size=6	RH.8B25A056ABC1444Z0Z_F	100.000	22	0	7.27e-08	44.1
M03520:605:000000000-LVNKY:1:1103:24669:15960;size=6	RH.CF953F27F5674E1Z0Z_F	100.000	26	0	2.98e-10	52.0
M03520:605:000000000-LVNKY:1:1103:24669:15960;size=6	RH.CF953F27F5674E1Z0Z_R	100.000	25	0	1.18e-09	50.1
M03520:605:000000000-LVNKY:1:1103:24684:10313;size=6	RH.1CC74B91718A42FZ0Z_R	100.000	25	0	1.18e-09	50.1
M03520:605:000000000-LVNKY:1:1103:24684:10313;size=6	RH.1CC74B91718A42FZ0Z_F	95.833	24	1	1.13e-06	40.1
M03520:605:000000000-LVNKY:1:1103:25098:16878;size=6	RH.0096A141894D447Z0Z_F	100.000	24	0	4.65e-09	48.1
M03520:605:000000000-LVNKY:1:1103:25221:19933;size=6	RH.8B25A056ABC1444Z0Z_F	100.000	22	0	7.27e-08	44.1
M03520:605:000000000-LVNKY:1:1103:25221:19933;size=6	RH.8B25A056ABC1444Z0Z_R	95.833	24	1	1.13e-06	40.1
M03520:605:000000000-LVNKY:1:1103:25880:12367;size=6	RH.DDB83AFF97C94C6Z0Z_R	100.000	25	0	1.18e-09	50.1
M03520:605:000000000-LVNKY:1:1103:25880:12367;size=6	RH.DDB83AFF97C94C6Z0Z_F	100.000	24	0	4.65e-09	48.1
M03520:605:000000000-LVNKY:1:1103:25947:11022;size=6	RH.0096A141894D447Z0Z_F	100.000	24	0	4.65e-09	48.1
M03520:605:000000000-LVNKY:1:1103:25947:11022;size=6	RH.0096A141894D447Z0Z_R	100.000	21	0	2.87e-07	42.1
M03520:605:000000000-LVNKY:1:1103:26226:19608;size=6	RH.8B25A056ABC1444Z0Z_R	100.000	24	0	4.65e-09	48.1
M03520:605:000000000-LVNKY:1:1103:28088:13481;size=6	RH.7CE39E25906745AZ0Z_R	100.000	26	0	2.98e-10	52.0
M03520:605:000000000-LVNKY:1:1103:28088:13481;size=6	RH.7CE39E25906745AZ0Z_F	100.000	25	0	1.18e-09	50.1
M03520:605:000000000-LVNKY:1:1103:28096:11037;size=6	RH.85A5303CAAF54ADZ0Z_R	100.000	22	0	7.27e-08	44.1
M03520:605:000000000-LVNKY:1:1103:28096:11037;size=6	RH.85A5303CAAF54ADZ0Z_F	100.000	21	0	2.87e-07	42.1
M03520:605:000000000-LVNKY:1:1103:5500:8517;size=6	RH.DDB83AFF97C94C6Z0Z_R	100.000	25	0	1.18e-09	50.1
M03520:605:000000000-LVNKY:1:1103:5500:8517;size=6	RH.DDB83AFF97C94C6Z0Z_F	100.000	24	0	4.65e-09	48.1
M03520:605:000000000-LVNKY:1:1103:5748:5871;size=6	RH.2AFFFBA0E81C482Z0Z_R	100.000	23	0	1.84e-08	46.1
M03520:605:000000000-LVNKY:1:1103:5748:5871;size=6	RH.2AFFFBA0E81C482Z0Z_F	100.000	23	0	1.84e-08	46.1
M03520:605:000000000-LVNKY:1:1103:6289:11012;size=6	RH.6572108A164E48EZ0Z_R	100.000	25	0	1.18e-09	50.1
M03520:605:000000000-LVNKY:1:1103:6289:11012;size=6	RH.6572108A164E48EZ0Z_F	100.000	24	0	4.65e-09	48.1
M03520:605:000000000-LVNKY:1:1103:6511:15834;size=6	RH.DDB83AFF97C94C6Z0Z_R	100.000	25	0	1.18e-09	50.1
M03520:605:000000000-LVNKY:1:1103:6511:15834;size=6	RH.8B25A056ABC1444Z0Z_F	100.000	22	0	7.27e-08	44.1
M03520:605:000000000-LVNKY:1:1103:7143:13281;size=6	RH.0BD19D1A26A74EBZ0Z_F	100.000	25	0	1.18e-09	50.1
M03520:605:000000000-LVNKY:1:1103:7143:13281;size=6	RH.0BD19D1A26A74EBZ0Z_R	100.000	24	0	4.65e-09	48.1
M03520:605:000000000-LVNKY:1:1103:7485:24229;size=6	RH.185D4E36BBF74FEZ0Z_F	100.000	27	0	7.54e-11	54.0
M03520:605:000000000-LVNKY:1:1103:7485:24229;size=6	RH.185D4E36BBF74FEZ0Z_R	100.000	26	0	2.98e-10	52.0
M03520:605:000000000-LVNKY:1:1103:7674:9930;size=6	RH.DDB83AFF97C94C6Z0Z_R	100.000	25	0	1.18e-09	50.1
M03520:605:000000000-LVNKY:1:1103:7674:9930;size=6	RH.DDB83AFF97C94C6Z0Z_F	100.000	24	0	4.65e-09	48.1
M03520:605:000000000-LVNKY:1:1103:7688:7677;size=6	RH.2A8AD21024974C0Z0Z_F	100.000	26	0	2.98e-10	52.0
M03520:605:000000000-LVNKY:1:1103:7688:7677;size=6	RH.2A8AD21024974C0Z0Z_R	100.000	25	0	1.18e-09	50.1
M03520:605:000000000-LVNKY:1:1103:7699:6433;size=6	RH.6572108A164E48EZ0Z_R	100.000	25	0	1.18e-09	50.1
M03520:605:000000000-LVNKY:1:1103:7699:6433;size=6	RH.6572108A164E48EZ0Z_F	100.000	24	0	4.65e-09	48.1
M03520:605:000000000-LVNKY:1:1103:8000:9738;size=6	RH.E04EE94198274F7Z0Z_F	100.000	25	0	1.18e-09	50.1
M03520:605:000000000-LVNKY:1:1103:8000:9738;size=6	RH.E04EE94198274F7Z0Z_R	95.833	24	1	1.13e-06	40.1
M03520:605:000000000-LVNKY:1:1103:8222:20135;size=6	RH.27578A9A85FA4A3Z0Z_R	100.000	22	0	7.27e-08	44.1
M03520:605:000000000-LVNKY:1:1103:8852:6333;size=6	RH.DDB83AFF97C94C6Z0Z_R	100.000	25	0	1.18e-09	50.1
M03520:605:000000000-LVNKY:1:1103:8852:6333;size=6	RH.8B25A056ABC1444Z0Z_F	100.000	22	0	7.27e-08	44.1
M03520:605:000000000-LVNKY:1:1103:8892:11357;size=6	RH.7CE39E25906745AZ0Z_R	100.000	26	0	2.98e-10	52.0
M03520:605:000000000-LVNKY:1:1103:8892:11357;size=6	RH.7CE39E25906745AZ0Z_F	100.000	25	0	1.18e-09	50.1
M03520:605:000000000-LVNKY:1:1103:9032:13670;size=6	RH.27578A9A85FA4A3Z0Z_R	100.000	22	0	7.27e-08	44.1
M03520:605:000000000-LVNKY:1:1103:9032:13670;size=6	RH.27578A9A85FA4A3Z0Z_F	95.833	24	1	1.13e-06	40.1
M03520:605:000000000-LVNKY:1:1103:9292:20616;size=6	RH.7CE39E25906745AZ0Z_R	100.000	26	0	2.98e-10	52.0
M03520:605:000000000-LVNKY:1:1103:9292:20616;size=6	RH.7CE39E25906745AZ0Z_F	100.000	25	0	1.18e-09	50.1
M03520:605:000000000-LVNKY:1:1104:10326:3569;size=6	RH.CF953F27F5674E1Z0Z_F	100.000	26	0	2.98e-10	52.0
M03520:605:000000000-LVNKY:1:1104:10326:3569;size=6	RH.CF953F27F5674E1Z0Z_R	100.000	25	0	1.18e-09	50.1
M03520:605:000000000-LVNKY:1:1104:10600:15186;size=6	RH.DDB83AFF97C94C6Z0Z_R	100.000	25	0	1.18e-09	50.1
M03520:605:000000000-LVNKY:1:1104:10600:15186;size=6	RH.DDB83AFF97C94C6Z0Z_F	100.000	24	0	4.65e-09	48.1
M03520:605:000000000-LVNKY:1:1104:10776:9334;size=6	RH.DDB83AFF97C94C6Z0Z_R	100.000	25	0	1.18e-09	50.1
M03520:605:000000000-LVNKY:1:1104:10776:9334;size=6	RH.DDB83AFF97C94C6Z0Z_F	100.000	24	0	4.65e-09	48.1
M03520:605:000000000-LVNKY:1:1104:10870:22538;size=6	RH.51338FA06EDB4F0Z0Z_F	100.000	25	0	1.18e-09	50.1
M03520:605:000000000-LVNKY:1:1104:10870:22538;size=6	RH.51338FA06EDB4F0Z0Z_R	100.000	25	0	1.18e-09	50.1
M03520:605:000000000-LVNKY:1:1104:11107:16311;size=6	RH.0BD19D1A26A74EBZ0Z_F	100.000	25	0	1.18e-09	50.1
M03520:605:000000000-LVNKY:1:1104:12019:23781;size=6	RH.2091F326F74640CZ0Z_F	100.000	24	0	4.65e-09	48.1
M03520:605:000000000-LVNKY:1:1104:12019:23781;size=6	RH.2091F326F74640CZ0Z_R	100.000	22	0	7.27e-08	44.1
M03520:605:000000000-LVNKY:1:1104:12333:4957;size=6	RH.0096A141894D447Z0Z_F	100.000	24	0	4.65e-09	48.1
M03520:605:000000000-LVNKY:1:1104:12333:4957;size=6	RH.0096A141894D447Z0Z_R	100.000	21	0	2.87e-07	42.1
M03520:605:000000000-LVNKY:1:1104:12655:17266;size=6	RH.2AFFFBA0E81C482Z0Z_F	100.000	23	0	1.84e-08	46.1
M03520:605:000000000-LVNKY:1:1104:12655:17266;size=6	RH.2AFFFBA0E81C482Z0Z_R	95.652	23	1	4.48e-06	38.2
M03520:605:000000000-LVNKY:1:1104:12821:7331;size=6	RH.0096A141894D447Z0Z_F	100.000	24	0	4.65e-09	48.1
M03520:605:000000000-LVNKY:1:1104:12821:7331;size=6	RH.0096A141894D447Z0Z_R	100.000	21	0	2.87e-07	42.1
M03520:605:000000000-LVNKY:1:1104:13261:4410;size=6	RH.185D4E36BBF74FEZ0Z_F	100.000	27	0	7.54e-11	54.0
M03520:605:000000000-LVNKY:1:1104:13261:4410;size=6	RH.185D4E36BBF74FEZ0Z_R	100.000	26	0	2.98e-10	52.0
M03520:605:000000000-LVNKY:1:1104:13598:24588;size=6	RH.185D4E36BBF74FEZ0Z_F	100.000	27	0	7.54e-11	54.0
M03520:605:000000000-LVNKY:1:1104:13598:24588;size=6	RH.185D4E36BBF74FEZ0Z_R	100.000	22	0	7.27e-08	44.1
M03520:605:000000000-LVNKY:1:1104:13945:9384;size=6	RH.2A8AD21024974C0Z0Z_F	100.000	26	0	2.98e-10	52.0
M03520:605:000000000-LVNKY:1:1104:13945:9384;size=6	RH.2A8AD21024974C0Z0Z_R	96.000	25	1	2.87e-07	42.1
M03520:605:000000000-LVNKY:1:1104:14028:27921;size=6	RH.2091F326F74640CZ0Z_F	100.000	24	0	4.65e-09	48.1
M03520:605:000000000-LVNKY:1:1104:14758:23668;size=6	RH.7CE39E25906745AZ0Z_R	100.000	26	0	2.98e-10	52.0
M03520:605:000000000-LVNKY:1:1104:14758:23668;size=6	RH.7CE39E25906745AZ0Z_F	100.000	25	0	1.18e-09	50.1
M03520:605:000000000-LVNKY:1:1104:14912:3868;size=6	RH.DDB83AFF97C94C6Z0Z_R	100.000	25	0	1.18e-09	50.1
M03520:605:000000000-LVNKY:1:1104:14912:3868;size=6	RH.DDB83AFF97C94C6Z0Z_F	100.000	24	0	4.65e-09	48.1
M03520:605:000000000-LVNKY:1:1104:16104:12323;size=6	RH.0096A141894D447Z0Z_F	100.000	24	0	4.65e-09	48.1
M03520:605:000000000-LVNKY:1:1104:16104:12323;size=6	RH.0096A141894D447Z0Z_R	100.000	21	0	2.87e-07	42.1
M03520:605:000000000-LVNKY:1:1104:16403:5994;size=6	RH.0096A141894D447Z0Z_F	100.000	24	0	4.65e-09	48.1
M03520:605:000000000-LVNKY:1:1104:16403:5994;size=6	RH.0096A141894D447Z0Z_R	100.000	21	0	2.87e-07	42.1
M03520:605:000000000-LVNKY:1:1104:16678:16128;size=6	RH.943B219FE254403Z0Z_F	100.000	23	0	1.84e-08	46.1
M03520:605:000000000-LVNKY:1:1104:16678:16128;size=6	RH.943B219FE254403Z0Z_R	100.000	21	0	2.87e-07	42.1
M03520:605:000000000-LVNKY:1:1104:17101:27891;size=6	RH.1CC74B91718A42FZ0Z_R	100.000	25	0	1.18e-09	50.1
M03520:605:000000000-LVNKY:1:1104:17101:27891;size=6	RH.1CC74B91718A42FZ0Z_F	100.000	24	0	4.65e-09	48.1
M03520:605:000000000-LVNKY:1:1104:17157:11801;size=6	RH.B9EF730EBE6C436Z0Z_F	100.000	25	0	1.18e-09	50.1
M03520:605:000000000-LVNKY:1:1104:17157:11801;size=6	RH.B9EF730EBE6C436Z0Z_R	96.000	25	1	2.87e-07	42.1
M03520:605:000000000-LVNKY:1:1104:17162:17522;size=6	RH.8B25A056ABC1444Z0Z_R	100.000	24	0	4.65e-09	48.1
M03520:605:000000000-LVNKY:1:1104:17162:17522;size=6	RH.8B25A056ABC1444Z0Z_F	100.000	22	0	7.27e-08	44.1
M03520:605:000000000-LVNKY:1:1104:18051:4590;size=6	RH.27578A9A85FA4A3Z0Z_F	100.000	24	0	4.65e-09	48.1
M03520:605:000000000-LVNKY:1:1104:18051:4590;size=6	RH.27578A9A85FA4A3Z0Z_R	100.000	22	0	7.27e-08	44.1
M03520:605:000000000-LVNKY:1:1104:18114:1633;size=6	RH.51338FA06EDB4F0Z0Z_R	100.000	25	0	1.18e-09	50.1
M03520:605:000000000-LVNKY:1:1104:18114:1633;size=6	RH.51338FA06EDB4F0Z0Z_F	100.000	25	0	1.18e-09	50.1
M03520:605:000000000-LVNKY:1:1104:18265:26475;size=6	RH.B9EF730EBE6C436Z0Z_R	100.000	25	0	1.18e-09	50.1
M03520:605:000000000-LVNKY:1:1104:18265:26475;size=6	RH.B9EF730EBE6C436Z0Z_F	100.000	25	0	1.18e-09	50.1
M03520:605:000000000-LVNKY:1:1104:18984:21164;size=6	RH.51338FA06EDB4F0Z0Z_R	100.000	25	0	1.18e-09	50.1
M03520:605:000000000-LVNKY:1:1104:18984:21164;size=6	RH.51338FA06EDB4F0Z0Z_F	100.000	25	0	1.18e-09	50.1
M03520:605:000000000-LVNKY:1:1104:19364:17178;size=6	RH.B9EF730EBE6C436Z0Z_R	100.000	25	0	1.18e-09	50.1
M03520:605:000000000-LVNKY:1:1104:19364:17178;size=6	RH.B9EF730EBE6C436Z0Z_F	100.000	25	0	1.18e-09	50.1
M03520:605:000000000-LVNKY:1:1104:19430:16266;size=6	RH.2A8AD21024974C0Z0Z_F	100.000	26	0	2.98e-10	52.0
M03520:605:000000000-LVNKY:1:1104:19430:16266;size=6	RH.2A8AD21024974C0Z0Z_R	100.000	25	0	1.18e-09	50.1
M03520:605:000000000-LVNKY:1:1104:20369:26490;size=6	RH.0550AF0F57084ADZ0Z_R	100.000	22	0	7.27e-08	44.1
M03520:605:000000000-LVNKY:1:1104:21285:22850;size=6	RH.0096A141894D447Z0Z_F	100.000	24	0	4.65e-09	48.1
M03520:605:000000000-LVNKY:1:1104:21600:15579;size=6	RH.B9EF730EBE6C436Z0Z_F	100.000	25	0	1.18e-09	50.1
M03520:605:000000000-LVNKY:1:1104:21600:15579;size=6	RH.B9EF730EBE6C436Z0Z_R	96.000	25	1	2.87e-07	42.1
M03520:605:000000000-LVNKY:1:1104:21656:10512;size=6	RH.DE543226C201437Z0Z_R	100.000	20	0	1.13e-06	40.1
M03520:605:000000000-LVNKY:1:1104:21656:10512;size=6	RH.51338FA06EDB4F0Z0Z_R	95.652	23	1	4.48e-06	38.2
M03520:605:000000000-LVNKY:1:1104:21850:24852;size=6	RH.DDB83AFF97C94C6Z0Z_R	100.000	25	0	1.18e-09	50.1
M03520:605:000000000-LVNKY:1:1104:21850:24852;size=6	RH.DDB83AFF97C94C6Z0Z_F	100.000	24	0	4.65e-09	48.1
M03520:605:000000000-LVNKY:1:1104:22236:11921;size=6	RH.B9EF730EBE6C436Z0Z_R	100.000	25	0	1.18e-09	50.1
M03520:605:000000000-LVNKY:1:1104:22236:11921;size=6	RH.B9EF730EBE6C436Z0Z_F	100.000	25	0	1.18e-09	50.1
M03520:605:000000000-LVNKY:1:1104:22261:23953;size=6	RH.2AFFFBA0E81C482Z0Z_R	100.000	23	0	1.84e-08	46.1
M03520:605:000000000-LVNKY:1:1104:22261:23953;size=6	RH.2AFFFBA0E81C482Z0Z_F	100.000	23	0	1.84e-08	46.1
M03520:605:000000000-LVNKY:1:1104:22683:21065;size=6	RH.7CE39E25906745AZ0Z_R	100.000	26	0	2.98e-10	52.0
M03520:605:000000000-LVNKY:1:1104:22683:21065;size=6	RH.7CE39E25906745AZ0Z_F	100.000	25	0	1.18e-09	50.1
M03520:605:000000000-LVNKY:1:1104:22829:9562;size=6	RH.B9EF730EBE6C436Z0Z_R	100.000	25	0	1.18e-09	50.1
M03520:605:000000000-LVNKY:1:1104:22829:9562;size=6	RH.B9EF730EBE6C436Z0Z_F	100.000	25	0	1.18e-09	50.1
M03520:605:000000000-LVNKY:1:1104:22885:6632;size=6	RH.8B25A056ABC1444Z0Z_F	100.000	22	0	7.27e-08	44.1
M03520:605:000000000-LVNKY:1:1104:22885:6632;size=6	RH.8B25A056ABC1444Z0Z_R	95.833	24	1	1.13e-06	40.1
M03520:605:000000000-LVNKY:1:1104:23070:21998;size=6	RH.0096A141894D447Z0Z_R	100.000	21	0	2.87e-07	42.1
M03520:605:000000000-LVNKY:1:1104:23070:21998;size=6	RH.0096A141894D447Z0Z_F	95.833	24	1	1.13e-06	40.1
M03520:605:000000000-LVNKY:1:1104:23348:11197;size=6	RH.8B25A056ABC1444Z0Z_F	100.000	22	0	7.27e-08	44.1
M03520:605:000000000-LVNKY:1:1104:23348:11197;size=6	RH.8B25A056ABC1444Z0Z_R	100.000	20	0	1.13e-06	40.1
M03520:605:000000000-LVNKY:1:1104:24026:19638;size=6	RH.185D4E36BBF74FEZ0Z_F	100.000	27	0	7.54e-11	54.0
M03520:605:000000000-LVNKY:1:1104:24026:19638;size=6	RH.185D4E36BBF74FEZ0Z_R	100.000	26	0	2.98e-10	52.0
M03520:605:000000000-LVNKY:1:1104:24347:13426;size=6	RH.0096A141894D447Z0Z_F	100.000	24	0	4.65e-09	48.1
M03520:605:000000000-LVNKY:1:1104:24347:13426;size=6	RH.0096A141894D447Z0Z_R	100.000	21	0	2.87e-07	42.1
M03520:605:000000000-LVNKY:1:1104:26023:10584;size=6	RH.1CC74B91718A42FZ0Z_R	100.000	25	0	1.18e-09	50.1
M03520:605:000000000-LVNKY:1:1104:26023:10584;size=6	RH.1CC74B91718A42FZ0Z_F	100.000	24	0	4.65e-09	48.1
M03520:605:000000000-LVNKY:1:1104:2772:10592;size=6	RH.B9EF730EBE6C436Z0Z_R	100.000	25	0	1.18e-09	50.1
M03520:605:000000000-LVNKY:1:1104:2772:10592;size=6	RH.B9EF730EBE6C436Z0Z_F	100.000	25	0	1.18e-09	50.1
M03520:605:000000000-LVNKY:1:1104:3641:10958;size=6	RH.7CE39E25906745AZ0Z_R	100.000	26	0	2.98e-10	52.0
M03520:605:000000000-LVNKY:1:1104:3641:10958;size=6	RH.7CE39E25906745AZ0Z_F	100.000	23	0	1.84e-08	46.1
M03520:605:000000000-LVNKY:1:1104:3764:21308;size=6	RH.0550AF0F57084ADZ0Z_F	100.000	24	0	4.65e-09	48.1
M03520:605:000000000-LVNKY:1:1104:3764:21308;size=6	RH.0550AF0F57084ADZ0Z_R	100.000	22	0	7.27e-08	44.1
M03520:605:000000000-LVNKY:1:1104:4407:14975;size=6	RH.CF953F27F5674E1Z0Z_F	100.000	26	0	2.98e-10	52.0
M03520:605:000000000-LVNKY:1:1104:4407:14975;size=6	RH.CF953F27F5674E1Z0Z_R	100.000	25	0	1.18e-09	50.1
M03520:605:000000000-LVNKY:1:1104:6243:24449;size=6	RH.517A9FBA2B494D5Z0Z_F	100.000	25	0	1.18e-09	50.1
M03520:605:000000000-LVNKY:1:1104:6243:24449;size=6	RH.517A9FBA2B494D5Z0Z_R	100.000	24	0	4.65e-09	48.1
M03520:605:000000000-LVNKY:1:1104:6363:21875;size=6	RH.DE543226C201437Z0Z_R	100.000	20	0	1.13e-06	40.1
M03520:605:000000000-LVNKY:1:1104:6363:21875;size=6	RH.51338FA06EDB4F0Z0Z_R	95.652	23	1	4.48e-06	38.2
M03520:605:000000000-LVNKY:1:1104:6377:5496;size=6	RH.0096A141894D447Z0Z_R	100.000	21	0	2.87e-07	42.1
M03520:605:000000000-LVNKY:1:1104:6377:5496;size=6	RH.0096A141894D447Z0Z_F	95.833	24	1	1.13e-06	40.1
M03520:605:000000000-LVNKY:1:1104:6497:13543;size=6	RH.DE543226C201437Z0Z_R	100.000	20	0	1.13e-06	40.1
M03520:605:000000000-LVNKY:1:1104:6497:13543;size=6	RH.51338FA06EDB4F0Z0Z_R	95.652	23	1	4.48e-06	38.2
M03520:605:000000000-LVNKY:1:1104:6996:5970;size=6	RH.DDB83AFF97C94C6Z0Z_R	100.000	23	0	1.84e-08	46.1
M03520:605:000000000-LVNKY:1:1104:6996:5970;size=6	RH.8B25A056ABC1444Z0Z_F	100.000	22	0	7.27e-08	44.1
M03520:605:000000000-LVNKY:1:1104:8205:7724;size=6	RH.DDB83AFF97C94C6Z0Z_R	100.000	25	0	1.18e-09	50.1
M03520:605:000000000-LVNKY:1:1104:8904:18654;size=6	RH.DDB83AFF97C94C6Z0Z_R	100.000	25	0	1.18e-09	50.1
M03520:605:000000000-LVNKY:1:1104:8904:18654;size=6	RH.DDB83AFF97C94C6Z0Z_F	100.000	24	0	4.65e-09	48.1
M03520:605:000000000-LVNKY:1:1104:8909:20629;size=6	RH.2A8AD21024974C0Z0Z_F	100.000	26	0	2.98e-10	52.0
M03520:605:000000000-LVNKY:1:1104:8909:20629;size=6	RH.2A8AD21024974C0Z0Z_R	100.000	25	0	1.18e-09	50.1
M03520:605:000000000-LVNKY:1:1105:10465:14087;size=6	RH.DE543226C201437Z0Z_R	100.000	20	0	1.13e-06	40.1
M03520:605:000000000-LVNKY:1:1105:10465:14087;size=6	RH.51338FA06EDB4F0Z0Z_R	95.652	23	1	4.48e-06	38.2
M03520:605:000000000-LVNKY:1:1105:10988:26536;size=6	RH.6572108A164E48EZ0Z_R	100.000	25	0	1.18e-09	50.1
M03520:605:000000000-LVNKY:1:1105:10988:26536;size=6	RH.6572108A164E48EZ0Z_F	100.000	24	0	4.65e-09	48.1
M03520:605:000000000-LVNKY:1:1105:12375:5014;size=6	RH.0550AF0F57084ADZ0Z_F	100.000	24	0	4.65e-09	48.1
M03520:605:000000000-LVNKY:1:1105:12375:5014;size=6	RH.0550AF0F57084ADZ0Z_R	100.000	22	0	7.27e-08	44.1
M03520:605:000000000-LVNKY:1:1105:12428:2745;size=6	RH.27578A9A85FA4A3Z0Z_F	100.000	24	0	4.65e-09	48.1
M03520:605:000000000-LVNKY:1:1105:12428:2745;size=6	RH.27578A9A85FA4A3Z0Z_R	100.000	22	0	7.27e-08	44.1
M03520:605:000000000-LVNKY:1:1105:12904:3671;size=6	RH.69CEA0AC39F4445Z0Z_R	100.000	23	0	1.84e-08	46.1
M03520:605:000000000-LVNKY:1:1105:12904:3671;size=6	RH.69CEA0AC39F4445Z0Z_F	95.833	24	1	1.13e-06	40.1
M03520:605:000000000-LVNKY:1:1105:14042:2850;size=6	RH.27578A9A85FA4A3Z0Z_F	100.000	24	0	4.65e-09	48.1
M03520:605:000000000-LVNKY:1:1105:14042:2850;size=6	RH.27578A9A85FA4A3Z0Z_R	100.000	22	0	7.27e-08	44.1
M03520:605:000000000-LVNKY:1:1105:16129:18245;size=6	RH.B9EF730EBE6C436Z0Z_F	100.000	25	0	1.18e-09	50.1
M03520:605:000000000-LVNKY:1:1105:16129:18245;size=6	RH.B9EF730EBE6C436Z0Z_R	100.000	23	0	1.84e-08	46.1
M03520:605:000000000-LVNKY:1:1105:17471:4446;size=6	RH.185D4E36BBF74FEZ0Z_F	100.000	27	0	7.54e-11	54.0
M03520:605:000000000-LVNKY:1:1105:17471:4446;size=6	RH.185D4E36BBF74FEZ0Z_R	100.000	25	0	1.18e-09	50.1
M03520:605:000000000-LVNKY:1:1105:19101:20107;size=6	RH.7CE39E25906745AZ0Z_R	100.000	26	0	2.98e-10	52.0
M03520:605:000000000-LVNKY:1:1105:19101:20107;size=6	RH.7CE39E25906745AZ0Z_F	96.000	25	1	2.87e-07	42.1
M03520:605:000000000-LVNKY:1:1105:19153:22640;size=6	RH.DDB83AFF97C94C6Z0Z_R	100.000	25	0	1.18e-09	50.1
M03520:605:000000000-LVNKY:1:1105:19153:22640;size=6	RH.DDB83AFF97C94C6Z0Z_F	100.000	24	0	4.65e-09	48.1
M03520:605:000000000-LVNKY:1:1105:19336:10480;size=6	RH.6572108A164E48EZ0Z_R	100.000	25	0	1.18e-09	50.1
M03520:605:000000000-LVNKY:1:1105:19336:10480;size=6	RH.6572108A164E48EZ0Z_F	100.000	24	0	4.65e-09	48.1
M03520:605:000000000-LVNKY:1:1105:20688:27852;size=6	RH.B9EF730EBE6C436Z0Z_R	100.000	25	0	1.18e-09	50.1
M03520:605:000000000-LVNKY:1:1105:20688:27852;size=6	RH.B9EF730EBE6C436Z0Z_F	100.000	25	0	1.18e-09	50.1
M03520:605:000000000-LVNKY:1:1105:20754:23843;size=6	RH.8B25A056ABC1444Z0Z_R	100.000	23	0	1.84e-08	46.1
M03520:605:000000000-LVNKY:1:1105:20754:23843;size=6	RH.8B25A056ABC1444Z0Z_F	100.000	22	0	7.27e-08	44.1
M03520:605:000000000-LVNKY:1:1105:21033:14051;size=6	RH.27578A9A85FA4A3Z0Z_F	100.000	24	0	4.65e-09	48.1
M03520:605:000000000-LVNKY:1:1105:21342:17209;size=6	RH.0096A141894D447Z0Z_R	100.000	21	0	2.87e-07	42.1
M03520:605:000000000-LVNKY:1:1105:21342:17209;size=6	RH.0096A141894D447Z0Z_F	95.833	24	1	1.13e-06	40.1
M03520:605:000000000-LVNKY:1:1105:21375:7286;size=6	RH.185D4E36BBF74FEZ0Z_F	100.000	27	0	7.54e-11	54.0
M03520:605:000000000-LVNKY:1:1105:21375:7286;size=6	RH.185D4E36BBF74FEZ0Z_R	100.000	26	0	2.98e-10	52.0
M03520:605:000000000-LVNKY:1:1105:23515:13867;size=6	RH.2A8AD21024974C0Z0Z_R	100.000	25	0	1.18e-09	50.1
M03520:605:000000000-LVNKY:1:1105:23515:13867;size=6	RH.2A8AD21024974C0Z0Z_F	96.154	26	1	7.27e-08	44.1
M03520:605:000000000-LVNKY:1:1105:24052:4504;size=6	RH.85A5303CAAF54ADZ0Z_R	100.000	22	0	7.27e-08	44.1
M03520:605:000000000-LVNKY:1:1105:24052:4504;size=6	RH.85A5303CAAF54ADZ0Z_F	100.000	21	0	2.87e-07	42.1
M03520:605:000000000-LVNKY:1:1105:24319:25150;size=6	RH.0550AF0F57084ADZ0Z_F	100.000	24	0	4.65e-09	48.1
M03520:605:000000000-LVNKY:1:1105:24360:18218;size=6	RH.B9EF730EBE6C436Z0Z_F	100.000	25	0	1.18e-09	50.1
M03520:605:000000000-LVNKY:1:1105:24360:18218;size=6	RH.B9EF730EBE6C436Z0Z_R	100.000	24	0	4.65e-09	48.1
M03520:605:000000000-LVNKY:1:1105:24672:14038;size=6	RH.DDB83AFF97C94C6Z0Z_R	100.000	25	0	1.18e-09	50.1
M03520:605:000000000-LVNKY:1:1105:24672:14038;size=6	RH.DDB83AFF97C94C6Z0Z_F	95.833	24	1	1.13e-06	40.1
M03520:605:000000000-LVNKY:1:1105:25149:22472;size=6	RH.B9EF730EBE6C436Z0Z_R	100.000	25	0	1.18e-09	50.1
M03520:605:000000000-LVNKY:1:1105:25149:22472;size=6	RH.B9EF730EBE6C436Z0Z_F	100.000	24	0	4.65e-09	48.1
M03520:605:000000000-LVNKY:1:1105:26605:18800;size=6	RH.2A8AD21024974C0Z0Z_R	100.000	25	0	1.18e-09	50.1
M03520:605:000000000-LVNKY:1:1105:26605:18800;size=6	RH.2A8AD21024974C0Z0Z_F	96.154	26	1	7.27e-08	44.1
M03520:605:000000000-LVNKY:1:1105:26718:14258;size=6	RH.0096A141894D447Z0Z_F	100.000	24	0	4.65e-09	48.1
M03520:605:000000000-LVNKY:1:1105:26718:14258;size=6	RH.0096A141894D447Z0Z_R	100.000	21	0	2.87e-07	42.1
M03520:605:000000000-LVNKY:1:1105:27131:10035;size=6	RH.185D4E36BBF74FEZ0Z_F	100.000	27	0	7.54e-11	54.0
M03520:605:000000000-LVNKY:1:1105:27131:10035;size=6	RH.185D4E36BBF74FEZ0Z_R	100.000	26	0	2.98e-10	52.0
M03520:605:000000000-LVNKY:1:1105:3731:19434;size=6	RH.6572108A164E48EZ0Z_R	100.000	25	0	1.18e-09	50.1
M03520:605:000000000-LVNKY:1:1105:3731:19434;size=6	RH.6572108A164E48EZ0Z_F	100.000	24	0	4.65e-09	48.1
M03520:605:000000000-LVNKY:1:1105:3936:22880;size=6	RH.69CEA0AC39F4445Z0Z_R	100.000	23	0	1.84e-08	46.1
M03520:605:000000000-LVNKY:1:1105:3936:22880;size=6	RH.69CEA0AC39F4445Z0Z_F	95.833	24	1	1.13e-06	40.1
M03520:605:000000000-LVNKY:1:1105:4360:14018;size=6	RH.51338FA06EDB4F0Z0Z_R	100.000	25	0	1.18e-09	50.1
M03520:605:000000000-LVNKY:1:1105:4360:14018;size=6	RH.51338FA06EDB4F0Z0Z_F	100.000	25	0	1.18e-09	50.1
M03520:605:000000000-LVNKY:1:1105:5714:7964;size=6	RH.69CEA0AC39F4445Z0Z_F	100.000	24	0	4.65e-09	48.1
M03520:605:000000000-LVNKY:1:1105:5714:7964;size=6	RH.69CEA0AC39F4445Z0Z_R	100.000	23	0	1.84e-08	46.1
M03520:605:000000000-LVNKY:1:1105:6821:25096;size=6	RH.27578A9A85FA4A3Z0Z_F	100.000	24	0	4.65e-09	48.1
M03520:605:000000000-LVNKY:1:1105:6821:25096;size=6	RH.27578A9A85FA4A3Z0Z_R	100.000	22	0	7.27e-08	44.1
M03520:605:000000000-LVNKY:1:1105:7118:17668;size=6	RH.2A8AD21024974C0Z0Z_F	100.000	26	0	2.98e-10	52.0
M03520:605:000000000-LVNKY:1:1105:7457:22566;size=6	RH.CA1E204B0C0842DZ0Z_R	100.000	24	0	4.65e-09	48.1
M03520:605:000000000-LVNKY:1:1105:7457:22566;size=6	RH.CA1E204B0C0842DZ0Z_F	96.154	26	1	7.27e-08	44.1
M03520:605:000000000-LVNKY:1:1105:7665:17562;size=6	RH.DDB83AFF97C94C6Z0Z_F	100.000	24	0	4.65e-09	48.1
M03520:605:000000000-LVNKY:1:1105:7665:17562;size=6	RH.DDB83AFF97C94C6Z0Z_R	96.000	25	1	2.87e-07	42.1
M03520:605:000000000-LVNKY:1:1105:8453:7921;size=6	RH.27578A9A85FA4A3Z0Z_F	100.000	24	0	4.65e-09	48.1
M03520:605:000000000-LVNKY:1:1105:8472:21645;size=6	RH.6572108A164E48EZ0Z_R	100.000	25	0	1.18e-09	50.1
M03520:605:000000000-LVNKY:1:1105:8472:21645;size=6	RH.F7E3D42951B44CCZ0Z_F	100.000	21	0	2.87e-07	42.1
M03520:605:000000000-LVNKY:1:1105:9460:8172;size=6	RH.B9EF730EBE6C436Z0Z_R	100.000	25	0	1.18e-09	50.1
M03520:605:000000000-LVNKY:1:1105:9959:16363;size=6	RH.CA1E204B0C0842DZ0Z_F	100.000	26	0	2.98e-10	52.0
M03520:605:000000000-LVNKY:1:1105:9959:16363;size=6	RH.CA1E204B0C0842DZ0Z_R	100.000	24	0	4.65e-09	48.1
M03520:605:000000000-LVNKY:1:1105:9998:3191;size=6	RH.69CEA0AC39F4445Z0Z_R	100.000	23	0	1.84e-08	46.1
M03520:605:000000000-LVNKY:1:1105:9998:3191;size=6	RH.69CEA0AC39F4445Z0Z_F	95.833	24	1	1.13e-06	40.1
M03520:605:000000000-LVNKY:1:1106:10476:16711;size=6	RH.C597F0BA65D4481Z0Z_R	100.000	24	0	4.65e-09	48.1
M03520:605:000000000-LVNKY:1:1106:10476:16711;size=6	RH.C597F0BA65D4481Z0Z_F	100.000	24	0	4.65e-09	48.1
M03520:605:000000000-LVNKY:1:1106:12451:10998;size=6	RH.27578A9A85FA4A3Z0Z_F	100.000	24	0	4.65e-09	48.1
M03520:605:000000000-LVNKY:1:1106:12579:14425;size=6	RH.69CEA0AC39F4445Z0Z_F	100.000	24	0	4.65e-09	48.1
M03520:605:000000000-LVNKY:1:1106:12579:14425;size=6	RH.69CEA0AC39F4445Z0Z_R	100.000	23	0	1.84e-08	46.1
M03520:605:000000000-LVNKY:1:1106:13043:7497;size=6	RH.DDB83AFF97C94C6Z0Z_R	100.000	25	0	1.18e-09	50.1
M03520:605:000000000-LVNKY:1:1106:13210:9559;size=6	RH.0550AF0F57084ADZ0Z_F	100.000	24	0	4.65e-09	48.1
M03520:605:000000000-LVNKY:1:1106:13210:9559;size=6	RH.0550AF0F57084ADZ0Z_R	100.000	20	0	1.13e-06	40.1
M03520:605:000000000-LVNKY:1:1106:13243:10239;size=6	RH.0096A141894D447Z0Z_F	100.000	24	0	4.65e-09	48.1
M03520:605:000000000-LVNKY:1:1106:13243:10239;size=6	RH.0096A141894D447Z0Z_R	100.000	21	0	2.87e-07	42.1
M03520:605:000000000-LVNKY:1:1106:13744:6797;size=6	RH.2AFFFBA0E81C482Z0Z_R	100.000	23	0	1.84e-08	46.1
M03520:605:000000000-LVNKY:1:1106:13744:6797;size=6	RH.2AFFFBA0E81C482Z0Z_F	100.000	23	0	1.84e-08	46.1
M03520:605:000000000-LVNKY:1:1106:13952:19662;size=6	RH.0550AF0F57084ADZ0Z_F	100.000	24	0	4.65e-09	48.1
M03520:605:000000000-LVNKY:1:1106:13952:19662;size=6	RH.0550AF0F57084ADZ0Z_R	100.000	22	0	7.27e-08	44.1
M03520:605:000000000-LVNKY:1:1106:13980:26536;size=6	RH.85A5303CAAF54ADZ0Z_R	100.000	22	0	7.27e-08	44.1
M03520:605:000000000-LVNKY:1:1106:13980:26536;size=6	RH.85A5303CAAF54ADZ0Z_F	100.000	21	0	2.87e-07	42.1
M03520:605:000000000-LVNKY:1:1106:14899:2742;size=6	RH.0BD19D1A26A74EBZ0Z_F	100.000	25	0	1.18e-09	50.1
M03520:605:000000000-LVNKY:1:1106:14899:2742;size=6	RH.0BD19D1A26A74EBZ0Z_R	100.000	24	0	4.65e-09	48.1
M03520:605:000000000-LVNKY:1:1106:15270:25058;size=6	RH.69CEA0AC39F4445Z0Z_F	100.000	24	0	4.65e-09	48.1
M03520:605:000000000-LVNKY:1:1106:15270:25058;size=6	RH.69CEA0AC39F4445Z0Z_R	100.000	23	0	1.84e-08	46.1
M03520:605:000000000-LVNKY:1:1106:15332:16347;size=6	RH.0096A141894D447Z0Z_F	100.000	24	0	4.65e-09	48.1
M03520:605:000000000-LVNKY:1:1106:15332:16347;size=6	RH.0096A141894D447Z0Z_R	100.000	21	0	2.87e-07	42.1
M03520:605:000000000-LVNKY:1:1106:15690:26454;size=6	RH.0BD19D1A26A74EBZ0Z_F	100.000	25	0	1.18e-09	50.1
M03520:605:000000000-LVNKY:1:1106:15690:26454;size=6	RH.0BD19D1A26A74EBZ0Z_R	95.833	24	1	1.13e-06	40.1
M03520:605:000000000-LVNKY:1:1106:16049:11164;size=6	RH.DDB83AFF97C94C6Z0Z_R	100.000	24	0	4.65e-09	48.1
M03520:605:000000000-LVNKY:1:1106:16049:11164;size=6	RH.8B25A056ABC1444Z0Z_F	100.000	22	0	7.27e-08	44.1
M03520:605:000000000-LVNKY:1:1106:16475:27813;size=6	RH.2A8AD21024974C0Z0Z_F	100.000	26	0	2.98e-10	52.0
M03520:605:000000000-LVNKY:1:1106:16475:27813;size=6	RH.2A8AD21024974C0Z0Z_R	100.000	21	0	2.87e-07	42.1
M03520:605:000000000-LVNKY:1:1106:17514:6774;size=6	RH.69CEA0AC39F4445Z0Z_F	100.000	24	0	4.65e-09	48.1
M03520:605:000000000-LVNKY:1:1106:17514:6774;size=6	RH.69CEA0AC39F4445Z0Z_R	100.000	23	0	1.84e-08	46.1
M03520:605:000000000-LVNKY:1:1106:17554:26420;size=6	RH.1CC74B91718A42FZ0Z_F	100.000	24	0	4.65e-09	48.1
M03520:605:000000000-LVNKY:1:1106:17554:26420;size=6	RH.1CC74B91718A42FZ0Z_R	96.000	25	1	2.87e-07	42.1
M03520:605:000000000-LVNKY:1:1106:18129:3856;size=6	RH.7CE39E25906745AZ0Z_R	100.000	26	0	2.98e-10	52.0
M03520:605:000000000-LVNKY:1:1106:18129:3856;size=6	RH.7CE39E25906745AZ0Z_F	100.000	25	0	1.18e-09	50.1
M03520:605:000000000-LVNKY:1:1106:18411:5966;size=6	RH.DDB83AFF97C94C6Z0Z_F	100.000	24	0	4.65e-09	48.1
M03520:605:000000000-LVNKY:1:1106:18411:5966;size=6	RH.DDB83AFF97C94C6Z0Z_R	100.000	21	0	2.87e-07	42.1
M03520:605:000000000-LVNKY:1:1106:18426:2296;size=6	RH.1CC74B91718A42FZ0Z_R	100.000	25	0	1.18e-09	50.1
M03520:605:000000000-LVNKY:1:1106:18426:2296;size=6	RH.1CC74B91718A42FZ0Z_F	100.000	24	0	4.65e-09	48.1
M03520:605:000000000-LVNKY:1:1106:19339:17812;size=6	RH.2AFFFBA0E81C482Z0Z_F	100.000	23	0	1.84e-08	46.1
M03520:605:000000000-LVNKY:1:1106:19339:17812;size=6	RH.2AFFFBA0E81C482Z0Z_R	100.000	23	0	1.84e-08	46.1
M03520:605:000000000-LVNKY:1:1106:19667:11736;size=6	RH.2AFFFBA0E81C482Z0Z_R	100.000	23	0	1.84e-08	46.1
M03520:605:000000000-LVNKY:1:1106:19667:11736;size=6	RH.2AFFFBA0E81C482Z0Z_F	100.000	23	0	1.84e-08	46.1
M03520:605:000000000-LVNKY:1:1106:21502:14470;size=6	RH.B9EF730EBE6C436Z0Z_R	100.000	25	0	1.18e-09	50.1
M03520:605:000000000-LVNKY:1:1106:21502:14470;size=6	RH.B9EF730EBE6C436Z0Z_F	100.000	25	0	1.18e-09	50.1
M03520:605:000000000-LVNKY:1:1106:21661:6810;size=6	RH.7CE39E25906745AZ0Z_R	100.000	26	0	2.98e-10	52.0
M03520:605:000000000-LVNKY:1:1106:21661:6810;size=6	RH.7CE39E25906745AZ0Z_F	100.000	21	0	2.87e-07	42.1
M03520:605:000000000-LVNKY:1:1106:21723:14568;size=6	RH.27578A9A85FA4A3Z0Z_R	100.000	22	0	7.27e-08	44.1
M03520:605:000000000-LVNKY:1:1106:21723:14568;size=6	RH.27578A9A85FA4A3Z0Z_F	95.833	24	1	1.13e-06	40.1
M03520:605:000000000-LVNKY:1:1106:23217:12019;size=6	RH.CA1E204B0C0842DZ0Z_F	100.000	26	0	2.98e-10	52.0
M03520:605:000000000-LVNKY:1:1106:23217:12019;size=6	RH.CA1E204B0C0842DZ0Z_R	100.000	24	0	4.65e-09	48.1
M03520:605:000000000-LVNKY:1:1106:23728:21469;size=6	RH.DDB83AFF97C94C6Z0Z_F	100.000	24	0	4.65e-09	48.1
M03520:605:000000000-LVNKY:1:1106:23728:21469;size=6	RH.DDB83AFF97C94C6Z0Z_R	100.000	23	0	1.84e-08	46.1
M03520:605:000000000-LVNKY:1:1106:24963:11428;size=6	RH.7CE39E25906745AZ0Z_R	100.000	26	0	2.98e-10	52.0
M03520:605:000000000-LVNKY:1:1106:24963:11428;size=6	RH.7CE39E25906745AZ0Z_F	100.000	25	0	1.18e-09	50.1
M03520:605:000000000-LVNKY:1:1106:25784:23264;size=6	RH.7CE39E25906745AZ0Z_R	100.000	26	0	2.98e-10	52.0
M03520:605:000000000-LVNKY:1:1106:25784:23264;size=6	RH.7CE39E25906745AZ0Z_F	100.000	19	0	4.48e-06	38.2
M03520:605:000000000-LVNKY:1:1106:27393:15331;size=6	RH.7CE39E25906745AZ0Z_R	100.000	26	0	2.98e-10	52.0
M03520:605:000000000-LVNKY:1:1106:27393:15331;size=6	RH.7CE39E25906745AZ0Z_F	100.000	25	0	1.18e-09	50.1
M03520:605:000000000-LVNKY:1:1106:27404:14795;size=6	RH.2AFFFBA0E81C482Z0Z_R	100.000	23	0	1.84e-08	46.1
M03520:605:000000000-LVNKY:1:1106:27404:14795;size=6	RH.2AFFFBA0E81C482Z0Z_F	100.000	23	0	1.84e-08	46.1
M03520:605:000000000-LVNKY:1:1106:29022:12603;size=6	RH.B9EF730EBE6C436Z0Z_F	100.000	25	0	1.18e-09	50.1
M03520:605:000000000-LVNKY:1:1106:29022:12603;size=6	RH.B9EF730EBE6C436Z0Z_R	96.000	25	1	2.87e-07	42.1
M03520:605:000000000-LVNKY:1:1106:3102:13366;size=6	RH.7CE39E25906745AZ0Z_R	100.000	26	0	2.98e-10	52.0
M03520:605:000000000-LVNKY:1:1106:3102:13366;size=6	RH.7CE39E25906745AZ0Z_F	100.000	25	0	1.18e-09	50.1
M03520:605:000000000-LVNKY:1:1106:8064:13421;size=6	RH.DDB83AFF97C94C6Z0Z_R	100.000	25	0	1.18e-09	50.1
M03520:605:000000000-LVNKY:1:1106:8064:13421;size=6	RH.DDB83AFF97C94C6Z0Z_F	95.833	24	1	1.13e-06	40.1
M03520:605:000000000-LVNKY:1:1107:12442:3073;size=6	RH.B9EF730EBE6C436Z0Z_F	100.000	25	0	1.18e-09	50.1
M03520:605:000000000-LVNKY:1:1107:12442:3073;size=6	RH.B9EF730EBE6C436Z0Z_R	96.000	25	1	2.87e-07	42.1
M03520:605:000000000-LVNKY:1:1107:12521:2273;size=6	RH.0BD19D1A26A74EBZ0Z_F	100.000	25	0	1.18e-09	50.1
M03520:605:000000000-LVNKY:1:1107:12521:2273;size=6	RH.0BD19D1A26A74EBZ0Z_R	100.000	24	0	4.65e-09	48.1
M03520:605:000000000-LVNKY:1:1107:13075:2194;size=6	RH.DDB83AFF97C94C6Z0Z_R	100.000	25	0	1.18e-09	50.1
M03520:605:000000000-LVNKY:1:1107:13075:2194;size=6	RH.DDB83AFF97C94C6Z0Z_F	100.000	24	0	4.65e-09	48.1
M03520:605:000000000-LVNKY:1:1107:13495:16096;size=6	RH.7CE39E25906745AZ0Z_R	100.000	26	0	2.98e-10	52.0
M03520:605:000000000-LVNKY:1:1107:14667:9263;size=6	RH.85A5303CAAF54ADZ0Z_R	100.000	22	0	7.27e-08	44.1
M03520:605:000000000-LVNKY:1:1107:14667:9263;size=6	RH.85A5303CAAF54ADZ0Z_F	100.000	21	0	2.87e-07	42.1
M03520:605:000000000-LVNKY:1:1107:16526:8713;size=6	RH.E4A8B94D0D174D9Z0Z_F	100.000	24	0	4.65e-09	48.1
M03520:605:000000000-LVNKY:1:1107:16526:8713;size=6	RH.E4A8B94D0D174D9Z0Z_R	95.833	24	1	1.13e-06	40.1
M03520:605:000000000-LVNKY:1:1107:17910:15112;size=6	RH.FDEF34A308684D6Z0Z_F	100.000	24	0	4.65e-09	48.1
M03520:605:000000000-LVNKY:1:1107:21375:4034;size=6	RH.B9EF730EBE6C436Z0Z_F	100.000	25	0	1.18e-09	50.1
M03520:605:000000000-LVNKY:1:1107:21375:4034;size=6	RH.B9EF730EBE6C436Z0Z_R	96.000	25	1	2.87e-07	42.1
M03520:605:000000000-LVNKY:1:1107:22059:14671;size=6	RH.85A5303CAAF54ADZ0Z_R	100.000	22	0	7.27e-08	44.1
M03520:605:000000000-LVNKY:1:1107:22059:14671;size=6	RH.85A5303CAAF54ADZ0Z_F	100.000	21	0	2.87e-07	42.1
M03520:605:000000000-LVNKY:1:1107:23501:4305;size=6	RH.B9EF730EBE6C436Z0Z_F	100.000	22	0	7.27e-08	44.1
M03520:605:000000000-LVNKY:1:1107:23501:4305;size=6	RH.B9EF730EBE6C436Z0Z_R	96.000	25	1	2.87e-07	42.1
M03520:605:000000000-LVNKY:1:1107:25271:5936;size=6	RH.6D324B1B4164459Z0Z_R	100.000	21	0	2.87e-07	42.1
M03520:605:000000000-LVNKY:1:1107:25271:5936;size=6	RH.6D324B1B4164459Z0Z_F	100.000	21	0	2.87e-07	42.1
M03520:605:000000000-LVNKY:1:1107:28324:20047;size=6	RH.69CEA0AC39F4445Z0Z_R	100.000	23	0	1.84e-08	46.1
M03520:605:000000000-LVNKY:1:1107:28324:20047;size=6	RH.69CEA0AC39F4445Z0Z_F	100.000	21	0	2.87e-07	42.1
M03520:605:000000000-LVNKY:1:1107:3350:18876;size=6	RH.0550AF0F57084ADZ0Z_F	100.000	24	0	4.65e-09	48.1
M03520:605:000000000-LVNKY:1:1107:3350:18876;size=6	RH.0550AF0F57084ADZ0Z_R	100.000	22	0	7.27e-08	44.1
M03520:605:000000000-LVNKY:1:1107:4756:19480;size=6	RH.0550AF0F57084ADZ0Z_F	100.000	24	0	4.65e-09	48.1
M03520:605:000000000-LVNKY:1:1107:4756:19480;size=6	RH.0550AF0F57084ADZ0Z_R	100.000	22	0	7.27e-08	44.1
M03520:605:000000000-LVNKY:1:1107:8362:4947;size=6	RH.F537671F3A234DCZ0Z_F	100.000	24	0	4.65e-09	48.1
M03520:605:000000000-LVNKY:1:1107:8362:4947;size=6	RH.F537671F3A234DCZ0Z_R	100.000	23	0	1.84e-08	46.1
M03520:605:000000000-LVNKY:1:1107:8742:4062;size=6	RH.27578A9A85FA4A3Z0Z_F	100.000	24	0	4.65e-09	48.1
M03520:605:000000000-LVNKY:1:1107:8742:4062;size=6	RH.27578A9A85FA4A3Z0Z_R	100.000	22	0	7.27e-08	44.1
M03520:605:000000000-LVNKY:1:1108:10361:7070;size=6	RH.69CEA0AC39F4445Z0Z_F	100.000	24	0	4.65e-09	48.1
M03520:605:000000000-LVNKY:1:1108:10361:7070;size=6	RH.69CEA0AC39F4445Z0Z_R	100.000	23	0	1.84e-08	46.1
M03520:605:000000000-LVNKY:1:1108:11540:8175;size=6	RH.69CEA0AC39F4445Z0Z_R	100.000	23	0	1.84e-08	46.1
M03520:605:000000000-LVNKY:1:1108:11540:8175;size=6	RH.69CEA0AC39F4445Z0Z_F	95.833	24	1	1.13e-06	40.1
M03520:605:000000000-LVNKY:1:1108:11981:18873;size=6	RH.0096A141894D447Z0Z_F	100.000	24	0	4.65e-09	48.1
M03520:605:000000000-LVNKY:1:1108:11981:18873;size=6	RH.0096A141894D447Z0Z_R	100.000	21	0	2.87e-07	42.1
M03520:605:000000000-LVNKY:1:1108:12477:13569;size=6	RH.27578A9A85FA4A3Z0Z_F	100.000	24	0	4.65e-09	48.1
M03520:605:000000000-LVNKY:1:1108:12477:13569;size=6	RH.27578A9A85FA4A3Z0Z_R	100.000	22	0	7.27e-08	44.1
M03520:605:000000000-LVNKY:1:1108:13666:10549;size=6	RH.51338FA06EDB4F0Z0Z_R	100.000	25	0	1.18e-09	50.1
M03520:605:000000000-LVNKY:1:1108:13666:10549;size=6	RH.51338FA06EDB4F0Z0Z_F	100.000	25	0	1.18e-09	50.1
M03520:605:000000000-LVNKY:1:1108:15070:9539;size=6	RH.DDB83AFF97C94C6Z0Z_R	100.000	25	0	1.18e-09	50.1
M03520:605:000000000-LVNKY:1:1108:16936:25032;size=6	RH.85A5303CAAF54ADZ0Z_R	100.000	22	0	7.27e-08	44.1
M03520:605:000000000-LVNKY:1:1108:17837:8978;size=6	RH.8B25A056ABC1444Z0Z_F	100.000	25	0	1.18e-09	50.1
M03520:605:000000000-LVNKY:1:1108:17837:8978;size=6	RH.8B25A056ABC1444Z0Z_R	100.000	24	0	4.65e-09	48.1
M03520:605:000000000-LVNKY:1:1108:18062:5626;size=6	RH.0096A141894D447Z0Z_F	100.000	24	0	4.65e-09	48.1
M03520:605:000000000-LVNKY:1:1108:18062:5626;size=6	RH.0096A141894D447Z0Z_R	100.000	21	0	2.87e-07	42.1
M03520:605:000000000-LVNKY:1:1108:18082:13320;size=6	RH.1CC74B91718A42FZ0Z_R	100.000	25	0	1.18e-09	50.1
M03520:605:000000000-LVNKY:1:1108:18082:13320;size=6	RH.1CC74B91718A42FZ0Z_F	100.000	24	0	4.65e-09	48.1
M03520:605:000000000-LVNKY:1:1108:18173:20158;size=6	RH.DE543226C201437Z0Z_R	100.000	20	0	1.13e-06	40.1
M03520:605:000000000-LVNKY:1:1108:18173:20158;size=6	RH.51338FA06EDB4F0Z0Z_R	95.652	23	1	4.48e-06	38.2
M03520:605:000000000-LVNKY:1:1108:19689:22772;size=6	RH.0096A141894D447Z0Z_R	100.000	21	0	2.87e-07	42.1
M03520:605:000000000-LVNKY:1:1108:19689:22772;size=6	RH.0096A141894D447Z0Z_F	95.833	24	1	1.13e-06	40.1
M03520:605:000000000-LVNKY:1:1108:20277:17464;size=6	RH.0550AF0F57084ADZ0Z_F	100.000	24	0	4.65e-09	48.1
M03520:605:000000000-LVNKY:1:1108:20421:15907;size=6	RH.85A5303CAAF54ADZ0Z_R	100.000	22	0	7.27e-08	44.1
M03520:605:000000000-LVNKY:1:1108:20421:15907;size=6	RH.85A5303CAAF54ADZ0Z_F	100.000	21	0	2.87e-07	42.1
M03520:605:000000000-LVNKY:1:1108:21041:9255;size=6	RH.CF953F27F5674E1Z0Z_F	100.000	26	0	2.98e-10	52.0
M03520:605:000000000-LVNKY:1:1108:21041:9255;size=6	RH.CF953F27F5674E1Z0Z_R	100.000	25	0	1.18e-09	50.1
M03520:605:000000000-LVNKY:1:1108:21585:10005;size=6	RH.8B25A056ABC1444Z0Z_R	100.000	24	0	4.65e-09	48.1
M03520:605:000000000-LVNKY:1:1108:21585:10005;size=6	RH.8B25A056ABC1444Z0Z_F	100.000	22	0	7.27e-08	44.1
M03520:605:000000000-LVNKY:1:1108:22431:19553;size=6	RH.DDB83AFF97C94C6Z0Z_R	100.000	25	0	1.18e-09	50.1
M03520:605:000000000-LVNKY:1:1108:22431:19553;size=6	RH.DDB83AFF97C94C6Z0Z_F	100.000	21	0	2.87e-07	42.1
M03520:605:000000000-LVNKY:1:1108:23969:15158;size=6	RH.7CE39E25906745AZ0Z_F	100.000	25	0	1.18e-09	50.1
M03520:605:000000000-LVNKY:1:1108:23969:15158;size=6	RH.C2FBC8A97D1343AZ0Z_R	100.000	20	0	1.13e-06	40.1
M03520:605:000000000-LVNKY:1:1108:25708:23962;size=6	RH.1CC74B91718A42FZ0Z_F	100.000	24	0	4.65e-09	48.1
M03520:605:000000000-LVNKY:1:1108:25708:23962;size=6	RH.1CC74B91718A42FZ0Z_R	96.000	25	1	2.87e-07	42.1
M03520:605:000000000-LVNKY:1:1108:26204:21786;size=6	RH.85A5303CAAF54ADZ0Z_R	100.000	22	0	7.27e-08	44.1
M03520:605:000000000-LVNKY:1:1108:26204:21786;size=6	RH.85A5303CAAF54ADZ0Z_F	100.000	21	0	2.87e-07	42.1
M03520:605:000000000-LVNKY:1:1108:7111:17532;size=6	RH.51338FA06EDB4F0Z0Z_F	100.000	25	0	1.18e-09	50.1
M03520:605:000000000-LVNKY:1:1108:7111:17532;size=6	RH.51338FA06EDB4F0Z0Z_R	100.000	25	0	1.18e-09	50.1
M03520:605:000000000-LVNKY:1:1108:7494:7096;size=6	RH.2AFFFBA0E81C482Z0Z_F	100.000	23	0	1.84e-08	46.1
M03520:605:000000000-LVNKY:1:1108:7494:7096;size=6	RH.2AFFFBA0E81C482Z0Z_R	95.652	23	1	4.48e-06	38.2
M03520:605:000000000-LVNKY:1:1108:8187:24944;size=6	RH.DDB83AFF97C94C6Z0Z_R	100.000	25	0	1.18e-09	50.1
M03520:605:000000000-LVNKY:1:1108:8187:24944;size=6	RH.DDB83AFF97C94C6Z0Z_F	100.000	24	0	4.65e-09	48.1
M03520:605:000000000-LVNKY:1:1109:10362:24443;size=6	RH.0BD19D1A26A74EBZ0Z_R	100.000	24	0	4.65e-09	48.1
M03520:605:000000000-LVNKY:1:1109:10362:24443;size=6	RH.0BD19D1A26A74EBZ0Z_F	100.000	22	0	7.27e-08	44.1
M03520:605:000000000-LVNKY:1:1109:10382:7461;size=6	RH.2AFFFBA0E81C482Z0Z_F	100.000	23	0	1.84e-08	46.1
M03520:605:000000000-LVNKY:1:1109:10382:7461;size=6	RH.2AFFFBA0E81C482Z0Z_R	100.000	21	0	2.87e-07	42.1
M03520:605:000000000-LVNKY:1:1109:10923:4961;size=6	RH.0096A141894D447Z0Z_F	100.000	24	0	4.65e-09	48.1
M03520:605:000000000-LVNKY:1:1109:12385:6481;size=6	RH.51338FA06EDB4F0Z0Z_F	100.000	25	0	1.18e-09	50.1
M03520:605:000000000-LVNKY:1:1109:12385:6481;size=6	RH.51338FA06EDB4F0Z0Z_R	100.000	25	0	1.18e-09	50.1
M03520:605:000000000-LVNKY:1:1109:13105:22681;size=6	RH.27578A9A85FA4A3Z0Z_F	100.000	24	0	4.65e-09	48.1
M03520:605:000000000-LVNKY:1:1109:13105:22681;size=6	RH.27578A9A85FA4A3Z0Z_R	100.000	22	0	7.27e-08	44.1
M03520:605:000000000-LVNKY:1:1109:15681:27186;size=6	RH.51338FA06EDB4F0Z0Z_R	100.000	25	0	1.18e-09	50.1
M03520:605:000000000-LVNKY:1:1109:15681:27186;size=6	RH.51338FA06EDB4F0Z0Z_F	100.000	25	0	1.18e-09	50.1
M03520:605:000000000-LVNKY:1:1109:16503:9750;size=6	RH.DDB83AFF97C94C6Z0Z_R	100.000	25	0	1.18e-09	50.1
M03520:605:000000000-LVNKY:1:1109:16503:9750;size=6	RH.8B25A056ABC1444Z0Z_F	100.000	22	0	7.27e-08	44.1
M03520:605:000000000-LVNKY:1:1109:17838:22716;size=6	RH.DDB83AFF97C94C6Z0Z_R	100.000	25	0	1.18e-09	50.1
M03520:605:000000000-LVNKY:1:1109:17838:22716;size=6	RH.DDB83AFF97C94C6Z0Z_F	100.000	24	0	4.65e-09	48.1
M03520:605:000000000-LVNKY:1:1109:18083:5044;size=6	RH.8B25A056ABC1444Z0Z_R	100.000	24	0	4.65e-09	48.1
M03520:605:000000000-LVNKY:1:1109:18083:5044;size=6	RH.8B25A056ABC1444Z0Z_F	100.000	22	0	7.27e-08	44.1
M03520:605:000000000-LVNKY:1:1109:22104:25763;size=6	RH.DDB83AFF97C94C6Z0Z_R	100.000	25	0	1.18e-09	50.1
M03520:605:000000000-LVNKY:1:1109:22104:25763;size=6	RH.8B25A056ABC1444Z0Z_F	100.000	22	0	7.27e-08	44.1
M03520:605:000000000-LVNKY:1:1109:22916:21633;size=6	RH.DDB83AFF97C94C6Z0Z_R	100.000	25	0	1.18e-09	50.1
M03520:605:000000000-LVNKY:1:1109:23070:18979;size=6	RH.E04EE94198274F7Z0Z_F	100.000	25	0	1.18e-09	50.1
M03520:605:000000000-LVNKY:1:1109:23070:18979;size=6	RH.E04EE94198274F7Z0Z_R	95.833	24	1	1.13e-06	40.1
M03520:605:000000000-LVNKY:1:1109:23105:24658;size=6	RH.2AFFFBA0E81C482Z0Z_R	100.000	23	0	1.84e-08	46.1
M03520:605:000000000-LVNKY:1:1109:23105:24658;size=6	RH.2AFFFBA0E81C482Z0Z_F	100.000	23	0	1.84e-08	46.1
M03520:605:000000000-LVNKY:1:1109:24046:26246;size=6	RH.7CE39E25906745AZ0Z_R	100.000	26	0	2.98e-10	52.0
M03520:605:000000000-LVNKY:1:1109:24046:26246;size=6	RH.7CE39E25906745AZ0Z_F	100.000	25	0	1.18e-09	50.1
M03520:605:000000000-LVNKY:1:1109:27898:21178;size=6	RH.185D4E36BBF74FEZ0Z_F	100.000	27	0	7.54e-11	54.0
M03520:605:000000000-LVNKY:1:1109:27898:21178;size=6	RH.185D4E36BBF74FEZ0Z_R	100.000	26	0	2.98e-10	52.0
M03520:605:000000000-LVNKY:1:1109:3249:9295;size=6	RH.DDB83AFF97C94C6Z0Z_R	100.000	25	0	1.18e-09	50.1
M03520:605:000000000-LVNKY:1:1109:3249:9295;size=6	RH.DDB83AFF97C94C6Z0Z_F	100.000	21	0	2.87e-07	42.1
M03520:605:000000000-LVNKY:1:1109:4550:10804;size=6	RH.0550AF0F57084ADZ0Z_F	100.000	24	0	4.65e-09	48.1
M03520:605:000000000-LVNKY:1:1109:4550:10804;size=6	RH.0550AF0F57084ADZ0Z_R	100.000	22	0	7.27e-08	44.1
M03520:605:000000000-LVNKY:1:1109:5813:10852;size=6	RH.27578A9A85FA4A3Z0Z_F	100.000	24	0	4.65e-09	48.1
M03520:605:000000000-LVNKY:1:1109:5813:10852;size=6	RH.27578A9A85FA4A3Z0Z_R	100.000	22	0	7.27e-08	44.1
M03520:605:000000000-LVNKY:1:1109:5845:21816;size=6	RH.69CEA0AC39F4445Z0Z_F	100.000	24	0	4.65e-09	48.1
M03520:605:000000000-LVNKY:1:1109:5845:21816;size=6	RH.69CEA0AC39F4445Z0Z_R	100.000	23	0	1.84e-08	46.1
M03520:605:000000000-LVNKY:1:1109:6498:20052;size=6	RH.1CC74B91718A42FZ0Z_R	100.000	25	0	1.18e-09	50.1
M03520:605:000000000-LVNKY:1:1109:6498:20052;size=6	RH.1CC74B91718A42FZ0Z_F	100.000	20	0	1.13e-06	40.1
M03520:605:000000000-LVNKY:1:1109:9864:20973;size=6	RH.DE543226C201437Z0Z_R	100.000	20	0	1.13e-06	40.1
M03520:605:000000000-LVNKY:1:1109:9864:20973;size=6	RH.51338FA06EDB4F0Z0Z_R	95.652	23	1	4.48e-06	38.2
M03520:605:000000000-LVNKY:1:1110:10776:24910;size=6	RH.E04EE94198274F7Z0Z_F	100.000	25	0	1.18e-09	50.1
M03520:605:000000000-LVNKY:1:1110:10776:24910;size=6	RH.E04EE94198274F7Z0Z_R	95.833	24	1	1.13e-06	40.1
M03520:605:000000000-LVNKY:1:1110:11575:17215;size=6	RH.B9EF730EBE6C436Z0Z_F	100.000	25	0	1.18e-09	50.1
M03520:605:000000000-LVNKY:1:1110:11575:17215;size=6	RH.B9EF730EBE6C436Z0Z_R	100.000	19	0	4.48e-06	38.2
M03520:605:000000000-LVNKY:1:1110:14191:1718;size=6	RH.B9EF730EBE6C436Z0Z_R	100.000	25	0	1.18e-09	50.1
M03520:605:000000000-LVNKY:1:1110:14191:1718;size=6	RH.B9EF730EBE6C436Z0Z_F	100.000	25	0	1.18e-09	50.1
M03520:605:000000000-LVNKY:1:1110:16974:27638;size=6	RH.DDB83AFF97C94C6Z0Z_R	100.000	25	0	1.18e-09	50.1
M03520:605:000000000-LVNKY:1:1110:16974:27638;size=6	RH.DDB83AFF97C94C6Z0Z_F	100.000	24	0	4.65e-09	48.1
M03520:605:000000000-LVNKY:1:1110:18371:8757;size=6	RH.27578A9A85FA4A3Z0Z_R	100.000	22	0	7.27e-08	44.1
M03520:605:000000000-LVNKY:1:1110:18371:8757;size=6	RH.27578A9A85FA4A3Z0Z_F	100.000	20	0	1.13e-06	40.1
M03520:605:000000000-LVNKY:1:1110:20138:19954;size=6	RH.2AFFFBA0E81C482Z0Z_R	100.000	23	0	1.84e-08	46.1
M03520:605:000000000-LVNKY:1:1110:20138:19954;size=6	RH.2AFFFBA0E81C482Z0Z_F	100.000	23	0	1.84e-08	46.1
M03520:605:000000000-LVNKY:1:1110:3533:10786;size=6	RH.B9EF730EBE6C436Z0Z_F	100.000	25	0	1.18e-09	50.1
M03520:605:000000000-LVNKY:1:1110:3533:10786;size=6	RH.B9EF730EBE6C436Z0Z_R	96.000	25	1	2.87e-07	42.1
M03520:605:000000000-LVNKY:1:1111:10641:22376;size=6	RH.8B25A056ABC1444Z0Z_R	100.000	24	0	4.65e-09	48.1
M03520:605:000000000-LVNKY:1:1111:10641:22376;size=6	RH.8B25A056ABC1444Z0Z_F	100.000	22	0	7.27e-08	44.1
M03520:605:000000000-LVNKY:1:1111:12717:2610;size=6	RH.0BD19D1A26A74EBZ0Z_F	100.000	25	0	1.18e-09	50.1
M03520:605:000000000-LVNKY:1:1111:12717:2610;size=6	RH.0BD19D1A26A74EBZ0Z_R	100.000	22	0	7.27e-08	44.1
M03520:605:000000000-LVNKY:1:1111:17807:21620;size=6	RH.1CC74B91718A42FZ0Z_R	100.000	25	0	1.18e-09	50.1
M03520:605:000000000-LVNKY:1:1111:17807:21620;size=6	RH.1CC74B91718A42FZ0Z_F	100.000	24	0	4.65e-09	48.1
M03520:605:000000000-LVNKY:1:1111:18317:7034;size=6	RH.2AFFFBA0E81C482Z0Z_R	100.000	23	0	1.84e-08	46.1
M03520:605:000000000-LVNKY:1:1111:18317:7034;size=6	RH.2AFFFBA0E81C482Z0Z_F	100.000	23	0	1.84e-08	46.1
M03520:605:000000000-LVNKY:1:1111:25312:17431;size=6	RH.7CE39E25906745AZ0Z_R	100.000	26	0	2.98e-10	52.0
M03520:605:000000000-LVNKY:1:1111:25312:17431;size=6	RH.7CE39E25906745AZ0Z_F	100.000	25	0	1.18e-09	50.1
M03520:605:000000000-LVNKY:1:1111:7486:9440;size=6	RH.B9EF730EBE6C436Z0Z_R	100.000	25	0	1.18e-09	50.1
M03520:605:000000000-LVNKY:1:1111:7486:9440;size=6	RH.B9EF730EBE6C436Z0Z_F	100.000	25	0	1.18e-09	50.1
M03520:605:000000000-LVNKY:1:1111:7498:18641;size=6	RH.DDB83AFF97C94C6Z0Z_R	100.000	25	0	1.18e-09	50.1
M03520:605:000000000-LVNKY:1:1111:7498:18641;size=6	RH.DDB83AFF97C94C6Z0Z_F	100.000	24	0	4.65e-09	48.1
M03520:605:000000000-LVNKY:1:1111:8752:23387;size=6	RH.69CEA0AC39F4445Z0Z_F	100.000	24	0	4.65e-09	48.1
M03520:605:000000000-LVNKY:1:1111:8752:23387;size=6	RH.69CEA0AC39F4445Z0Z_R	100.000	23	0	1.84e-08	46.1
M03520:605:000000000-LVNKY:1:1112:11392:20818;size=6	RH.2AFFFBA0E81C482Z0Z_R	100.000	23	0	1.84e-08	46.1
M03520:605:000000000-LVNKY:1:1112:11392:20818;size=6	RH.2AFFFBA0E81C482Z0Z_F	100.000	23	0	1.84e-08	46.1
M03520:605:000000000-LVNKY:1:1112:14011:25655;size=6	RH.B9EF730EBE6C436Z0Z_R	100.000	25	0	1.18e-09	50.1
M03520:605:000000000-LVNKY:1:1112:14011:25655;size=6	RH.B9EF730EBE6C436Z0Z_F	100.000	25	0	1.18e-09	50.1
M03520:605:000000000-LVNKY:1:1112:15386:12189;size=6	RH.E04EE94198274F7Z0Z_F	100.000	25	0	1.18e-09	50.1
M03520:605:000000000-LVNKY:1:1112:15386:12189;size=6	RH.E04EE94198274F7Z0Z_R	95.833	24	1	1.13e-06	40.1
M03520:605:000000000-LVNKY:1:1112:24863:25598;size=6	RH.51338FA06EDB4F0Z0Z_F	100.000	25	0	1.18e-09	50.1
M03520:605:000000000-LVNKY:1:1112:24863:25598;size=6	RH.51338FA06EDB4F0Z0Z_R	100.000	25	0	1.18e-09	50.1
M03520:605:000000000-LVNKY:1:1112:25617:19697;size=6	RH.DDB83AFF97C94C6Z0Z_R	100.000	25	0	1.18e-09	50.1
M03520:605:000000000-LVNKY:1:1112:25617:19697;size=6	RH.DDB83AFF97C94C6Z0Z_F	100.000	24	0	4.65e-09	48.1
M03520:605:000000000-LVNKY:1:1113:13077:28127;size=6	RH.DE543226C201437Z0Z_R	100.000	20	0	1.13e-06	40.1
M03520:605:000000000-LVNKY:1:1113:13077:28127;size=6	RH.51338FA06EDB4F0Z0Z_R	95.652	23	1	4.48e-06	38.2
M03520:605:000000000-LVNKY:1:1113:28053:15815;size=6	RH.27578A9A85FA4A3Z0Z_F	100.000	24	0	4.65e-09	48.1
M03520:605:000000000-LVNKY:1:1113:28078:20697;size=6	RH.6572108A164E48EZ0Z_R	100.000	25	0	1.18e-09	50.1
M03520:605:000000000-LVNKY:1:1113:28078:20697;size=6	RH.6572108A164E48EZ0Z_F	100.000	24	0	4.65e-09	48.1
M03520:605:000000000-LVNKY:1:1113:5209:21917;size=6	RH.0096A141894D447Z0Z_F	100.000	22	0	7.27e-08	44.1
M03520:605:000000000-LVNKY:1:1113:5209:21917;size=6	RH.0096A141894D447Z0Z_R	100.000	21	0	2.87e-07	42.1
M03520:605:000000000-LVNKY:1:1114:12581:2679;size=6	RH.0096A141894D447Z0Z_F	100.000	24	0	4.65e-09	48.1
M03520:605:000000000-LVNKY:1:1114:12581:2679;size=6	RH.0096A141894D447Z0Z_R	100.000	21	0	2.87e-07	42.1
M03520:605:000000000-LVNKY:1:1114:15281:11575;size=6	RH.2A8AD21024974C0Z0Z_F	100.000	26	0	2.98e-10	52.0
M03520:605:000000000-LVNKY:1:1114:15281:11575;size=6	RH.2A8AD21024974C0Z0Z_R	96.000	25	1	2.87e-07	42.1
M03520:605:000000000-LVNKY:1:1114:16345:3840;size=6	RH.B9EF730EBE6C436Z0Z_R	100.000	25	0	1.18e-09	50.1
M03520:605:000000000-LVNKY:1:1114:16345:3840;size=6	RH.B9EF730EBE6C436Z0Z_F	100.000	25	0	1.18e-09	50.1
M03520:605:000000000-LVNKY:1:1114:9271:12026;size=6	RH.7CE39E25906745AZ0Z_R	100.000	26	0	2.98e-10	52.0
M03520:605:000000000-LVNKY:1:1114:9271:12026;size=6	RH.7CE39E25906745AZ0Z_F	100.000	20	0	1.13e-06	40.1
M03520:605:000000000-LVNKY:1:1114:9538:12476;size=6	RH.0550AF0F57084ADZ0Z_F	100.000	24	0	4.65e-09	48.1
M03520:605:000000000-LVNKY:1:1114:9538:12476;size=6	RH.0550AF0F57084ADZ0Z_R	100.000	22	0	7.27e-08	44.1
M03520:605:000000000-LVNKY:1:2101:15814:4121;size=6	RH.51338FA06EDB4F0Z0Z_R	100.000	25	0	1.18e-09	50.1
M03520:605:000000000-LVNKY:1:2101:15814:4121;size=6	RH.51338FA06EDB4F0Z0Z_F	100.000	25	0	1.18e-09	50.1
M03520:605:000000000-LVNKY:1:2101:19391:25737;size=6	RH.CA1E204B0C0842DZ0Z_F	100.000	26	0	2.98e-10	52.0
M03520:605:000000000-LVNKY:1:2101:19391:25737;size=6	RH.CA1E204B0C0842DZ0Z_R	100.000	24	0	4.65e-09	48.1
M03520:605:000000000-LVNKY:1:2101:22223:25378;size=6	RH.7CE39E25906745AZ0Z_R	100.000	26	0	2.98e-10	52.0
M03520:605:000000000-LVNKY:1:2101:22223:25378;size=6	RH.7CE39E25906745AZ0Z_F	100.000	25	0	1.18e-09	50.1
M03520:605:000000000-LVNKY:1:2103:10244:7273;size=6	RH.DDB83AFF97C94C6Z0Z_R	100.000	25	0	1.18e-09	50.1
M03520:605:000000000-LVNKY:1:2105:23374:13531;size=6	RH.B9EF730EBE6C436Z0Z_R	100.000	25	0	1.18e-09	50.1
M03520:605:000000000-LVNKY:1:2105:23374:13531;size=6	RH.B9EF730EBE6C436Z0Z_F	100.000	25	0	1.18e-09	50.1
M03520:605:000000000-LVNKY:1:1101:10148:10211;size=5	RH.85A5303CAAF54ADZ0Z_R	100.000	22	0	7.27e-08	44.1
M03520:605:000000000-LVNKY:1:1101:10148:10211;size=5	RH.85A5303CAAF54ADZ0Z_F	100.000	21	0	2.87e-07	42.1
M03520:605:000000000-LVNKY:1:1101:10444:15304;size=5	RH.DDB83AFF97C94C6Z0Z_F	100.000	24	0	4.65e-09	48.1
M03520:605:000000000-LVNKY:1:1101:10444:15304;size=5	RH.DDB83AFF97C94C6Z0Z_R	100.000	22	0	7.27e-08	44.1
M03520:605:000000000-LVNKY:1:1101:10533:23123;size=5	RH.DDB83AFF97C94C6Z0Z_R	100.000	25	0	1.18e-09	50.1
M03520:605:000000000-LVNKY:1:1101:10533:23123;size=5	RH.DDB83AFF97C94C6Z0Z_F	100.000	24	0	4.65e-09	48.1
M03520:605:000000000-LVNKY:1:1101:10994:23781;size=5	RH.85A5303CAAF54ADZ0Z_R	100.000	22	0	7.27e-08	44.1
M03520:605:000000000-LVNKY:1:1101:10994:23781;size=5	RH.85A5303CAAF54ADZ0Z_F	100.000	21	0	2.87e-07	42.1
M03520:605:000000000-LVNKY:1:1101:11430:17425;size=5	RH.185D4E36BBF74FEZ0Z_F	100.000	27	0	7.54e-11	54.0
M03520:605:000000000-LVNKY:1:1101:11430:17425;size=5	RH.185D4E36BBF74FEZ0Z_R	100.000	26	0	2.98e-10	52.0
M03520:605:000000000-LVNKY:1:1101:11521:11641;size=5	RH.DDB83AFF97C94C6Z0Z_R	100.000	25	0	1.18e-09	50.1
M03520:605:000000000-LVNKY:1:1101:11521:11641;size=5	RH.8B25A056ABC1444Z0Z_F	100.000	22	0	7.27e-08	44.1
M03520:605:000000000-LVNKY:1:1101:11537:16352;size=5	RH.B9EF730EBE6C436Z0Z_R	100.000	25	0	1.18e-09	50.1
M03520:605:000000000-LVNKY:1:1101:11537:16352;size=5	RH.B9EF730EBE6C436Z0Z_F	100.000	25	0	1.18e-09	50.1
M03520:605:000000000-LVNKY:1:1101:11558:24401;size=5	RH.2A8AD21024974C0Z0Z_F	100.000	26	0	2.98e-10	52.0
M03520:605:000000000-LVNKY:1:1101:11558:24401;size=5	RH.2A8AD21024974C0Z0Z_R	100.000	25	0	1.18e-09	50.1
M03520:605:000000000-LVNKY:1:1101:11748:11104;size=5	RH.185D4E36BBF74FEZ0Z_F	100.000	27	0	7.54e-11	54.0
M03520:605:000000000-LVNKY:1:1101:11748:11104;size=5	RH.185D4E36BBF74FEZ0Z_R	100.000	26	0	2.98e-10	52.0
M03520:605:000000000-LVNKY:1:1101:11802:24523;size=5	RH.E4C34C29ADFB490Z0Z_R	100.000	23	0	1.84e-08	46.1
M03520:605:000000000-LVNKY:1:1101:11802:24523;size=5	RH.E4C34C29ADFB490Z0Z_F	100.000	22	0	7.27e-08	44.1
M03520:605:000000000-LVNKY:1:1101:11842:6363;size=5	RH.CF953F27F5674E1Z0Z_F	100.000	26	0	2.98e-10	52.0
M03520:605:000000000-LVNKY:1:1101:11842:6363;size=5	RH.CF953F27F5674E1Z0Z_R	100.000	25	0	1.18e-09	50.1
M03520:605:000000000-LVNKY:1:1101:12021:6156;size=5	RH.8B25A056ABC1444Z0Z_F	100.000	22	0	7.27e-08	44.1
M03520:605:000000000-LVNKY:1:1101:12021:6156;size=5	RH.8B25A056ABC1444Z0Z_R	95.833	24	1	1.13e-06	40.1
M03520:605:000000000-LVNKY:1:1101:12120:10736;size=5	RH.2A8AD21024974C0Z0Z_F	100.000	26	0	2.98e-10	52.0
M03520:605:000000000-LVNKY:1:1101:12120:10736;size=5	RH.2A8AD21024974C0Z0Z_R	100.000	25	0	1.18e-09	50.1
M03520:605:000000000-LVNKY:1:1101:12124:24675;size=5	RH.DDB83AFF97C94C6Z0Z_F	100.000	24	0	4.65e-09	48.1
M03520:605:000000000-LVNKY:1:1101:12124:24675;size=5	RH.DDB83AFF97C94C6Z0Z_R	100.000	24	0	4.65e-09	48.1
M03520:605:000000000-LVNKY:1:1101:12217:13373;size=5	RH.51338FA06EDB4F0Z0Z_R	100.000	25	0	1.18e-09	50.1
M03520:605:000000000-LVNKY:1:1101:12217:13373;size=5	RH.51338FA06EDB4F0Z0Z_F	100.000	25	0	1.18e-09	50.1
M03520:605:000000000-LVNKY:1:1101:12751:12933;size=5	RH.8B25A056ABC1444Z0Z_R	100.000	24	0	4.65e-09	48.1
M03520:605:000000000-LVNKY:1:1101:12751:12933;size=5	RH.8B25A056ABC1444Z0Z_F	100.000	22	0	7.27e-08	44.1
M03520:605:000000000-LVNKY:1:1101:12853:2885;size=5	RH.DDB83AFF97C94C6Z0Z_R	100.000	25	0	1.18e-09	50.1
M03520:605:000000000-LVNKY:1:1101:12853:2885;size=5	RH.DDB83AFF97C94C6Z0Z_F	100.000	24	0	4.65e-09	48.1
M03520:605:000000000-LVNKY:1:1101:13135:15824;size=5	RH.2AFFFBA0E81C482Z0Z_R	100.000	23	0	1.84e-08	46.1
M03520:605:000000000-LVNKY:1:1101:13135:15824;size=5	RH.2AFFFBA0E81C482Z0Z_F	95.652	23	1	4.48e-06	38.2
M03520:605:000000000-LVNKY:1:1101:13242:2389;size=5	RH.2A8AD21024974C0Z0Z_F	100.000	26	0	2.98e-10	52.0
M03520:605:000000000-LVNKY:1:1101:13242:2389;size=5	RH.2A8AD21024974C0Z0Z_R	100.000	25	0	1.18e-09	50.1
M03520:605:000000000-LVNKY:1:1101:13379:13923;size=5	RH.27578A9A85FA4A3Z0Z_R	100.000	22	0	7.27e-08	44.1
M03520:605:000000000-LVNKY:1:1101:13466:28708;size=5	RH.8B25A056ABC1444Z0Z_F	100.000	25	0	1.18e-09	50.1
M03520:605:000000000-LVNKY:1:1101:13466:28708;size=5	RH.8B25A056ABC1444Z0Z_R	100.000	24	0	4.65e-09	48.1
M03520:605:000000000-LVNKY:1:1101:13486:5182;size=5	RH.E04EE94198274F7Z0Z_F	100.000	25	0	1.18e-09	50.1
M03520:605:000000000-LVNKY:1:1101:13486:5182;size=5	RH.E04EE94198274F7Z0Z_R	95.833	24	1	1.13e-06	40.1
M03520:605:000000000-LVNKY:1:1101:13937:19535;size=5	RH.85A5303CAAF54ADZ0Z_R	100.000	22	0	7.27e-08	44.1
M03520:605:000000000-LVNKY:1:1101:13937:19535;size=5	RH.85A5303CAAF54ADZ0Z_F	100.000	21	0	2.87e-07	42.1
M03520:605:000000000-LVNKY:1:1101:13946:5124;size=5	RH.DDB83AFF97C94C6Z0Z_R	100.000	25	0	1.18e-09	50.1
M03520:605:000000000-LVNKY:1:1101:13946:5124;size=5	RH.8B25A056ABC1444Z0Z_F	100.000	22	0	7.27e-08	44.1
M03520:605:000000000-LVNKY:1:1101:14028:17465;size=5	RH.DE543226C201437Z0Z_R	100.000	20	0	1.13e-06	40.1
M03520:605:000000000-LVNKY:1:1101:14028:17465;size=5	RH.51338FA06EDB4F0Z0Z_R	95.652	23	1	4.48e-06	38.2
M03520:605:000000000-LVNKY:1:1101:14278:25004;size=5	RH.51338FA06EDB4F0Z0Z_R	100.000	25	0	1.18e-09	50.1
M03520:605:000000000-LVNKY:1:1101:15119:25390;size=5	RH.DDB83AFF97C94C6Z0Z_R	100.000	25	0	1.18e-09	50.1
M03520:605:000000000-LVNKY:1:1101:15152:8795;size=5	RH.B9EF730EBE6C436Z0Z_R	100.000	25	0	1.18e-09	50.1
M03520:605:000000000-LVNKY:1:1101:15152:8795;size=5	RH.B9EF730EBE6C436Z0Z_F	100.000	21	0	2.87e-07	42.1
M03520:605:000000000-LVNKY:1:1101:15240:7640;size=5	RH.0BD19D1A26A74EBZ0Z_F	100.000	25	0	1.18e-09	50.1
M03520:605:000000000-LVNKY:1:1101:15240:7640;size=5	RH.0BD19D1A26A74EBZ0Z_R	100.000	24	0	4.65e-09	48.1
M03520:605:000000000-LVNKY:1:1101:15520:23370;size=5	RH.7CE39E25906745AZ0Z_R	100.000	26	0	2.98e-10	52.0
M03520:605:000000000-LVNKY:1:1101:15520:23370;size=5	RH.7CE39E25906745AZ0Z_F	100.000	21	0	2.87e-07	42.1
M03520:605:000000000-LVNKY:1:1101:15925:10830;size=5	RH.0096A141894D447Z0Z_F	100.000	24	0	4.65e-09	48.1
M03520:605:000000000-LVNKY:1:1101:15925:10830;size=5	RH.0096A141894D447Z0Z_R	100.000	21	0	2.87e-07	42.1
M03520:605:000000000-LVNKY:1:1101:16864:27412;size=5	RH.44DCEC943BED412Z0Z_R	100.000	23	0	1.84e-08	46.1
M03520:605:000000000-LVNKY:1:1101:16864:27412;size=5	RH.F8075AAECB0140EZ0Z_F	100.000	21	0	2.87e-07	42.1
M03520:605:000000000-LVNKY:1:1101:17282:9968;size=5	RH.B9EF730EBE6C436Z0Z_R	100.000	25	0	1.18e-09	50.1
M03520:605:000000000-LVNKY:1:1101:17282:9968;size=5	RH.B9EF730EBE6C436Z0Z_F	100.000	25	0	1.18e-09	50.1
M03520:605:000000000-LVNKY:1:1101:17372:14823;size=5	RH.2AFFFBA0E81C482Z0Z_R	100.000	23	0	1.84e-08	46.1
M03520:605:000000000-LVNKY:1:1101:17372:14823;size=5	RH.2AFFFBA0E81C482Z0Z_F	100.000	23	0	1.84e-08	46.1
M03520:605:000000000-LVNKY:1:1101:17408:16432;size=5	RH.B9EF730EBE6C436Z0Z_R	100.000	25	0	1.18e-09	50.1
M03520:605:000000000-LVNKY:1:1101:17408:16432;size=5	RH.B9EF730EBE6C436Z0Z_F	100.000	25	0	1.18e-09	50.1
M03520:605:000000000-LVNKY:1:1101:17823:19105;size=5	RH.51338FA06EDB4F0Z0Z_R	100.000	25	0	1.18e-09	50.1
M03520:605:000000000-LVNKY:1:1101:17823:19105;size=5	RH.51338FA06EDB4F0Z0Z_F	100.000	25	0	1.18e-09	50.1
M03520:605:000000000-LVNKY:1:1101:17854:24947;size=5	RH.2091F326F74640CZ0Z_F	100.000	24	0	4.65e-09	48.1
M03520:605:000000000-LVNKY:1:1101:17854:24947;size=5	RH.2091F326F74640CZ0Z_R	100.000	22	0	7.27e-08	44.1
M03520:605:000000000-LVNKY:1:1101:17976:10119;size=5	RH.51338FA06EDB4F0Z0Z_F	100.000	25	0	1.18e-09	50.1
M03520:605:000000000-LVNKY:1:1101:17976:10119;size=5	RH.51338FA06EDB4F0Z0Z_R	100.000	23	0	1.84e-08	46.1
M03520:605:000000000-LVNKY:1:1101:18028:4527;size=5	RH.185D4E36BBF74FEZ0Z_F	100.000	27	0	7.54e-11	54.0
M03520:605:000000000-LVNKY:1:1101:18028:4527;size=5	RH.185D4E36BBF74FEZ0Z_R	100.000	26	0	2.98e-10	52.0
M03520:605:000000000-LVNKY:1:1101:18126:14227;size=5	RH.0096A141894D447Z0Z_F	100.000	23	0	1.84e-08	46.1
M03520:605:000000000-LVNKY:1:1101:18126:14227;size=5	RH.0096A141894D447Z0Z_R	100.000	22	0	7.27e-08	44.1
M03520:605:000000000-LVNKY:1:1101:18762:17919;size=5	RH.0096A141894D447Z0Z_F	100.000	24	0	4.65e-09	48.1
M03520:605:000000000-LVNKY:1:1101:18762:17919;size=5	RH.0096A141894D447Z0Z_R	100.000	21	0	2.87e-07	42.1
M03520:605:000000000-LVNKY:1:1101:1891:15406;size=5	RH.0BD19D1A26A74EBZ0Z_F	100.000	25	0	1.18e-09	50.1
M03520:605:000000000-LVNKY:1:1101:1891:15406;size=5	RH.0BD19D1A26A74EBZ0Z_R	100.000	24	0	4.65e-09	48.1
M03520:605:000000000-LVNKY:1:1101:19041:3750;size=5	RH.B9EF730EBE6C436Z0Z_R	100.000	25	0	1.18e-09	50.1
M03520:605:000000000-LVNKY:1:1101:19041:3750;size=5	RH.B9EF730EBE6C436Z0Z_F	100.000	25	0	1.18e-09	50.1
M03520:605:000000000-LVNKY:1:1101:19113:10849;size=5	RH.DDB83AFF97C94C6Z0Z_R	100.000	25	0	1.18e-09	50.1
M03520:605:000000000-LVNKY:1:1101:19113:10849;size=5	RH.8B25A056ABC1444Z0Z_F	100.000	22	0	7.27e-08	44.1
M03520:605:000000000-LVNKY:1:1101:19224:18531;size=5	RH.23246278E0E74E6Z0Z_R	100.000	22	0	7.27e-08	44.1
M03520:605:000000000-LVNKY:1:1101:19224:18531;size=5	RH.A9EEDC62F48D4DAZ0Z_F	100.000	19	0	4.48e-06	38.2
M03520:605:000000000-LVNKY:1:1101:19379:21906;size=5	RH.51338FA06EDB4F0Z0Z_F	100.000	25	0	1.18e-09	50.1
M03520:605:000000000-LVNKY:1:1101:19379:21906;size=5	RH.51338FA06EDB4F0Z0Z_R	100.000	22	0	7.27e-08	44.1
M03520:605:000000000-LVNKY:1:1101:19389:7306;size=5	RH.0096A141894D447Z0Z_F	100.000	24	0	4.65e-09	48.1
M03520:605:000000000-LVNKY:1:1101:19389:7306;size=5	RH.0096A141894D447Z0Z_R	100.000	21	0	2.87e-07	42.1
M03520:605:000000000-LVNKY:1:1101:19562:25803;size=5	RH.1CC74B91718A42FZ0Z_R	100.000	25	0	1.18e-09	50.1
M03520:605:000000000-LVNKY:1:1101:19562:25803;size=5	RH.1CC74B91718A42FZ0Z_F	100.000	24	0	4.65e-09	48.1
M03520:605:000000000-LVNKY:1:1101:19582:6081;size=5	RH.51338FA06EDB4F0Z0Z_F	100.000	25	0	1.18e-09	50.1
M03520:605:000000000-LVNKY:1:1101:19582:6081;size=5	RH.51338FA06EDB4F0Z0Z_R	100.000	25	0	1.18e-09	50.1
M03520:605:000000000-LVNKY:1:1101:20167:5202;size=5	RH.DDB83AFF97C94C6Z0Z_R	100.000	25	0	1.18e-09	50.1
M03520:605:000000000-LVNKY:1:1101:20167:5202;size=5	RH.DDB83AFF97C94C6Z0Z_F	100.000	20	0	1.13e-06	40.1
M03520:605:000000000-LVNKY:1:1101:20202:15817;size=5	RH.2A8AD21024974C0Z0Z_F	100.000	26	0	2.98e-10	52.0
M03520:605:000000000-LVNKY:1:1101:20202:15817;size=5	RH.2A8AD21024974C0Z0Z_R	100.000	25	0	1.18e-09	50.1
M03520:605:000000000-LVNKY:1:1101:21175:9846;size=5	RH.1CC74B91718A42FZ0Z_R	100.000	25	0	1.18e-09	50.1
M03520:605:000000000-LVNKY:1:1101:21175:9846;size=5	RH.1CC74B91718A42FZ0Z_F	100.000	24	0	4.65e-09	48.1
M03520:605:000000000-LVNKY:1:1101:21945:22976;size=5	RH.0BD19D1A26A74EBZ0Z_F	100.000	25	0	1.18e-09	50.1
M03520:605:000000000-LVNKY:1:1101:21945:22976;size=5	RH.0BD19D1A26A74EBZ0Z_R	100.000	24	0	4.65e-09	48.1
M03520:605:000000000-LVNKY:1:1101:22477:20500;size=5	RH.51338FA06EDB4F0Z0Z_F	100.000	25	0	1.18e-09	50.1
M03520:605:000000000-LVNKY:1:1101:22477:20500;size=5	RH.51338FA06EDB4F0Z0Z_R	100.000	21	0	2.87e-07	42.1
M03520:605:000000000-LVNKY:1:1101:22785:20831;size=5	RH.2AFFFBA0E81C482Z0Z_R	100.000	23	0	1.84e-08	46.1
M03520:605:000000000-LVNKY:1:1101:22785:20831;size=5	RH.2AFFFBA0E81C482Z0Z_F	100.000	23	0	1.84e-08	46.1
M03520:605:000000000-LVNKY:1:1101:22806:19028;size=5	RH.2AFFFBA0E81C482Z0Z_F	100.000	23	0	1.84e-08	46.1
M03520:605:000000000-LVNKY:1:1101:22806:19028;size=5	RH.2AFFFBA0E81C482Z0Z_R	100.000	19	0	4.48e-06	38.2
M03520:605:000000000-LVNKY:1:1101:22904:11634;size=5	RH.B9EF730EBE6C436Z0Z_R	100.000	25	0	1.18e-09	50.1
M03520:605:000000000-LVNKY:1:1101:22904:11634;size=5	RH.B9EF730EBE6C436Z0Z_F	100.000	25	0	1.18e-09	50.1
M03520:605:000000000-LVNKY:1:1101:23020:5085;size=5	RH.E04EE94198274F7Z0Z_F	100.000	25	0	1.18e-09	50.1
M03520:605:000000000-LVNKY:1:1101:23020:5085;size=5	RH.E04EE94198274F7Z0Z_R	95.833	24	1	1.13e-06	40.1
M03520:605:000000000-LVNKY:1:1101:23589:7272;size=5	RH.DE543226C201437Z0Z_R	100.000	20	0	1.13e-06	40.1
M03520:605:000000000-LVNKY:1:1101:23589:7272;size=5	RH.51338FA06EDB4F0Z0Z_R	95.652	23	1	4.48e-06	38.2
M03520:605:000000000-LVNKY:1:1101:23842:14874;size=5	RH.DDB83AFF97C94C6Z0Z_F	100.000	24	0	4.65e-09	48.1
M03520:605:000000000-LVNKY:1:1101:24487:16499;size=5	RH.27578A9A85FA4A3Z0Z_F	100.000	24	0	4.65e-09	48.1
M03520:605:000000000-LVNKY:1:1101:24487:16499;size=5	RH.27578A9A85FA4A3Z0Z_R	100.000	22	0	7.27e-08	44.1
M03520:605:000000000-LVNKY:1:1101:24696:25948;size=5	RH.B9EF730EBE6C436Z0Z_F	100.000	25	0	1.18e-09	50.1
M03520:605:000000000-LVNKY:1:1101:24696:25948;size=5	RH.B9EF730EBE6C436Z0Z_R	100.000	25	0	1.18e-09	50.1
M03520:605:000000000-LVNKY:1:1101:24884:9754;size=5	RH.B9EF730EBE6C436Z0Z_R	100.000	25	0	1.18e-09	50.1
M03520:605:000000000-LVNKY:1:1101:24884:9754;size=5	RH.B9EF730EBE6C436Z0Z_F	100.000	23	0	1.84e-08	46.1
M03520:605:000000000-LVNKY:1:1101:24967:9754;size=5	RH.2A8AD21024974C0Z0Z_F	100.000	26	0	2.98e-10	52.0
M03520:605:000000000-LVNKY:1:1101:24967:9754;size=5	RH.2A8AD21024974C0Z0Z_R	96.000	25	1	2.87e-07	42.1
M03520:605:000000000-LVNKY:1:1101:25008:24333;size=5	RH.2AFFFBA0E81C482Z0Z_R	100.000	23	0	1.84e-08	46.1
M03520:605:000000000-LVNKY:1:1101:25008:24333;size=5	RH.2AFFFBA0E81C482Z0Z_F	100.000	23	0	1.84e-08	46.1
M03520:605:000000000-LVNKY:1:1101:25030:19879;size=5	RH.E04EE94198274F7Z0Z_R	95.833	24	1	1.13e-06	40.1
M03520:605:000000000-LVNKY:1:1101:25064:18758;size=5	RH.7CE39E25906745AZ0Z_R	100.000	26	0	2.98e-10	52.0
M03520:605:000000000-LVNKY:1:1101:25064:18758;size=5	RH.7CE39E25906745AZ0Z_F	100.000	25	0	1.18e-09	50.1
M03520:605:000000000-LVNKY:1:1101:25528:16578;size=5	RH.8B25A056ABC1444Z0Z_F	100.000	25	0	1.18e-09	50.1
M03520:605:000000000-LVNKY:1:1101:25528:16578;size=5	RH.8B25A056ABC1444Z0Z_R	100.000	24	0	4.65e-09	48.1
M03520:605:000000000-LVNKY:1:1101:27387:14862;size=5	RH.BE09C1F6EE4B426Z0Z_R	100.000	23	0	1.84e-08	46.1
M03520:605:000000000-LVNKY:1:1101:27387:14862;size=5	RH.BE09C1F6EE4B426Z0Z_F	100.000	22	0	7.27e-08	44.1
M03520:605:000000000-LVNKY:1:1101:27519:14939;size=5	RH.0096A141894D447Z0Z_F	100.000	24	0	4.65e-09	48.1
M03520:605:000000000-LVNKY:1:1101:27519:14939;size=5	RH.0096A141894D447Z0Z_R	100.000	21	0	2.87e-07	42.1
M03520:605:000000000-LVNKY:1:1101:27605:19786;size=5	RH.51338FA06EDB4F0Z0Z_R	100.000	25	0	1.18e-09	50.1
M03520:605:000000000-LVNKY:1:1101:27605:19786;size=5	RH.51338FA06EDB4F0Z0Z_F	100.000	25	0	1.18e-09	50.1
M03520:605:000000000-LVNKY:1:1101:29202:17319;size=5	RH.B9EF730EBE6C436Z0Z_R	100.000	25	0	1.18e-09	50.1
M03520:605:000000000-LVNKY:1:1101:29202:17319;size=5	RH.B9EF730EBE6C436Z0Z_F	96.000	25	1	2.87e-07	42.1
M03520:605:000000000-LVNKY:1:1101:4617:19326;size=5	RH.DDB83AFF97C94C6Z0Z_R	100.000	25	0	1.18e-09	50.1
M03520:605:000000000-LVNKY:1:1101:4617:19326;size=5	RH.DDB83AFF97C94C6Z0Z_F	100.000	24	0	4.65e-09	48.1
M03520:605:000000000-LVNKY:1:1101:4617:19326;size=5	RH.AB03371A973C4B1Z0Z_F	100.000	20	0	1.13e-06	40.1
M03520:605:000000000-LVNKY:1:1101:4920:11610;size=5	RH.69CEA0AC39F4445Z0Z_F	100.000	24	0	4.65e-09	48.1
M03520:605:000000000-LVNKY:1:1101:4920:11610;size=5	RH.69CEA0AC39F4445Z0Z_R	100.000	22	0	7.27e-08	44.1
M03520:605:000000000-LVNKY:1:1101:5083:6747;size=5	RH.B9EF730EBE6C436Z0Z_R	100.000	25	0	1.18e-09	50.1
M03520:605:000000000-LVNKY:1:1101:5083:6747;size=5	RH.B9EF730EBE6C436Z0Z_F	100.000	25	0	1.18e-09	50.1
M03520:605:000000000-LVNKY:1:1101:5136:20672;size=5	RH.0BD19D1A26A74EBZ0Z_F	100.000	25	0	1.18e-09	50.1
M03520:605:000000000-LVNKY:1:1101:5136:20672;size=5	RH.0BD19D1A26A74EBZ0Z_R	100.000	24	0	4.65e-09	48.1
M03520:605:000000000-LVNKY:1:1101:5164:12109;size=5	RH.0096A141894D447Z0Z_F	100.000	23	0	1.84e-08	46.1
M03520:605:000000000-LVNKY:1:1101:5164:12109;size=5	RH.0096A141894D447Z0Z_R	100.000	21	0	2.87e-07	42.1
M03520:605:000000000-LVNKY:1:1101:5294:19372;size=5	RH.DE543226C201437Z0Z_R	100.000	20	0	1.13e-06	40.1
M03520:605:000000000-LVNKY:1:1101:5294:19372;size=5	RH.51338FA06EDB4F0Z0Z_R	95.652	23	1	4.48e-06	38.2
M03520:605:000000000-LVNKY:1:1101:5516:19904;size=5	RH.27578A9A85FA4A3Z0Z_F	100.000	23	0	1.84e-08	46.1
M03520:605:000000000-LVNKY:1:1101:5516:19904;size=5	RH.27578A9A85FA4A3Z0Z_R	100.000	22	0	7.27e-08	44.1
M03520:605:000000000-LVNKY:1:1101:5823:18297;size=5	RH.2A8AD21024974C0Z0Z_F	100.000	26	0	2.98e-10	52.0
M03520:605:000000000-LVNKY:1:1101:6021:17309;size=5	RH.27578A9A85FA4A3Z0Z_F	100.000	24	0	4.65e-09	48.1
M03520:605:000000000-LVNKY:1:1101:6021:17309;size=5	RH.27578A9A85FA4A3Z0Z_R	100.000	22	0	7.27e-08	44.1
M03520:605:000000000-LVNKY:1:1101:6084:23410;size=5	RH.DDB83AFF97C94C6Z0Z_R	100.000	25	0	1.18e-09	50.1
M03520:605:000000000-LVNKY:1:1101:6084:23410;size=5	RH.DDB83AFF97C94C6Z0Z_F	95.833	24	1	1.13e-06	40.1
M03520:605:000000000-LVNKY:1:1101:6461:20339;size=5	RH.85A5303CAAF54ADZ0Z_R	100.000	22	0	7.27e-08	44.1
M03520:605:000000000-LVNKY:1:1101:6461:20339;size=5	RH.85A5303CAAF54ADZ0Z_F	100.000	21	0	2.87e-07	42.1
M03520:605:000000000-LVNKY:1:1101:6775:18427;size=5	RH.27578A9A85FA4A3Z0Z_F	100.000	24	0	4.65e-09	48.1
M03520:605:000000000-LVNKY:1:1101:6775:18427;size=5	RH.27578A9A85FA4A3Z0Z_R	100.000	19	0	4.48e-06	38.2
M03520:605:000000000-LVNKY:1:1101:6814:13982;size=5	RH.F7E3D42951B44CCZ0Z_F	100.000	22	0	7.27e-08	44.1
M03520:605:000000000-LVNKY:1:1101:6814:13982;size=5	RH.F7E3D42951B44CCZ0Z_R	100.000	22	0	7.27e-08	44.1
M03520:605:000000000-LVNKY:1:1101:6933:12165;size=5	RH.2A8AD21024974C0Z0Z_R	100.000	25	0	1.18e-09	50.1
M03520:605:000000000-LVNKY:1:1101:6933:12165;size=5	RH.2A8AD21024974C0Z0Z_F	96.154	26	1	7.27e-08	44.1
M03520:605:000000000-LVNKY:1:1101:7203:16639;size=5	RH.27578A9A85FA4A3Z0Z_F	100.000	24	0	4.65e-09	48.1
M03520:605:000000000-LVNKY:1:1101:7203:16639;size=5	RH.27578A9A85FA4A3Z0Z_R	100.000	22	0	7.27e-08	44.1
M03520:605:000000000-LVNKY:1:1101:7308:15006;size=5	RH.69CEA0AC39F4445Z0Z_R	100.000	23	0	1.84e-08	46.1
M03520:605:000000000-LVNKY:1:1101:7308:15006;size=5	RH.69CEA0AC39F4445Z0Z_F	100.000	23	0	1.84e-08	46.1
M03520:605:000000000-LVNKY:1:1101:7431:11634;size=5	RH.8B25A056ABC1444Z0Z_F	100.000	25	0	1.18e-09	50.1
M03520:605:000000000-LVNKY:1:1101:7431:11634;size=5	RH.8B25A056ABC1444Z0Z_R	100.000	24	0	4.65e-09	48.1
M03520:605:000000000-LVNKY:1:1101:7542:5135;size=5	RH.0096A141894D447Z0Z_R	100.000	21	0	2.87e-07	42.1
M03520:605:000000000-LVNKY:1:1101:7542:5135;size=5	RH.0096A141894D447Z0Z_F	95.833	24	1	1.13e-06	40.1
M03520:605:000000000-LVNKY:1:1101:8016:11712;size=5	RH.1CC74B91718A42FZ0Z_R	100.000	25	0	1.18e-09	50.1
M03520:605:000000000-LVNKY:1:1101:8016:11712;size=5	RH.1CC74B91718A42FZ0Z_F	100.000	19	0	4.48e-06	38.2
M03520:605:000000000-LVNKY:1:1101:8147:6182;size=5	RH.2AFFFBA0E81C482Z0Z_R	100.000	23	0	1.84e-08	46.1
M03520:605:000000000-LVNKY:1:1101:8147:6182;size=5	RH.2AFFFBA0E81C482Z0Z_F	100.000	23	0	1.84e-08	46.1
M03520:605:000000000-LVNKY:1:1101:8465:8697;size=5	RH.7CE39E25906745AZ0Z_R	100.000	26	0	2.98e-10	52.0
M03520:605:000000000-LVNKY:1:1101:8465:8697;size=5	RH.7CE39E25906745AZ0Z_F	100.000	25	0	1.18e-09	50.1
M03520:605:000000000-LVNKY:1:1101:8597:23256;size=5	RH.27578A9A85FA4A3Z0Z_F	100.000	24	0	4.65e-09	48.1
M03520:605:000000000-LVNKY:1:1101:8597:23256;size=5	RH.27578A9A85FA4A3Z0Z_R	100.000	22	0	7.27e-08	44.1
M03520:605:000000000-LVNKY:1:1101:9146:20200;size=5	RH.DE543226C201437Z0Z_R	100.000	20	0	1.13e-06	40.1
M03520:605:000000000-LVNKY:1:1101:9146:20200;size=5	RH.51338FA06EDB4F0Z0Z_R	95.652	23	1	4.48e-06	38.2
M03520:605:000000000-LVNKY:1:1101:9229:9008;size=5	RH.85A5303CAAF54ADZ0Z_R	100.000	22	0	7.27e-08	44.1
M03520:605:000000000-LVNKY:1:1101:9319:8892;size=5	RH.2A8AD21024974C0Z0Z_F	100.000	26	0	2.98e-10	52.0
M03520:605:000000000-LVNKY:1:1101:9319:8892;size=5	RH.2A8AD21024974C0Z0Z_R	100.000	25	0	1.18e-09	50.1
M03520:605:000000000-LVNKY:1:1101:9824:20899;size=5	RH.2A8AD21024974C0Z0Z_R	100.000	25	0	1.18e-09	50.1
M03520:605:000000000-LVNKY:1:1101:9992:9048;size=5	RH.8BDD8BEDFC3B423Z0Z_R	100.000	21	0	2.87e-07	42.1
M03520:605:000000000-LVNKY:1:1101:9992:9048;size=5	RH.8BDD8BEDFC3B423Z0Z_F	100.000	21	0	2.87e-07	42.1
M03520:605:000000000-LVNKY:1:1102:10123:15826;size=5	RH.E04EE94198274F7Z0Z_F	96.000	25	1	2.87e-07	42.1
M03520:605:000000000-LVNKY:1:1102:10123:15826;size=5	RH.E04EE94198274F7Z0Z_R	95.833	24	1	1.13e-06	40.1
M03520:605:000000000-LVNKY:1:1102:10405:6454;size=5	RH.69CEA0AC39F4445Z0Z_F	100.000	23	0	1.84e-08	46.1
M03520:605:000000000-LVNKY:1:1102:10405:6454;size=5	RH.69CEA0AC39F4445Z0Z_R	100.000	23	0	1.84e-08	46.1
M03520:605:000000000-LVNKY:1:1102:10672:9202;size=5	RH.1CC74B91718A42FZ0Z_R	100.000	25	0	1.18e-09	50.1
M03520:605:000000000-LVNKY:1:1102:10672:9202;size=5	RH.1CC74B91718A42FZ0Z_F	100.000	24	0	4.65e-09	48.1
M03520:605:000000000-LVNKY:1:1102:10698:16790;size=5	RH.0BD19D1A26A74EBZ0Z_F	100.000	25	0	1.18e-09	50.1
M03520:605:000000000-LVNKY:1:1102:10698:16790;size=5	RH.0BD19D1A26A74EBZ0Z_R	95.833	24	1	1.13e-06	40.1
M03520:605:000000000-LVNKY:1:1102:10855:18506;size=5	RH.2AFFFBA0E81C482Z0Z_R	100.000	23	0	1.84e-08	46.1
M03520:605:000000000-LVNKY:1:1102:10855:18506;size=5	RH.2AFFFBA0E81C482Z0Z_F	100.000	23	0	1.84e-08	46.1
M03520:605:000000000-LVNKY:1:1102:10892:18897;size=5	RH.8B25A056ABC1444Z0Z_R	100.000	24	0	4.65e-09	48.1
M03520:605:000000000-LVNKY:1:1102:10892:18897;size=5	RH.8B25A056ABC1444Z0Z_F	100.000	22	0	7.27e-08	44.1
M03520:605:000000000-LVNKY:1:1102:11317:9416;size=5	RH.27578A9A85FA4A3Z0Z_R	100.000	22	0	7.27e-08	44.1
M03520:605:000000000-LVNKY:1:1102:11317:9416;size=5	RH.27578A9A85FA4A3Z0Z_F	95.833	24	1	1.13e-06	40.1
M03520:605:000000000-LVNKY:1:1102:11551:16051;size=5	RH.0550AF0F57084ADZ0Z_F	100.000	24	0	4.65e-09	48.1
M03520:605:000000000-LVNKY:1:1102:11551:16051;size=5	RH.0550AF0F57084ADZ0Z_R	100.000	22	0	7.27e-08	44.1
M03520:605:000000000-LVNKY:1:1102:11644:13060;size=5	RH.2091F326F74640CZ0Z_R	100.000	22	0	7.27e-08	44.1
M03520:605:000000000-LVNKY:1:1102:11644:13060;size=5	RH.2091F326F74640CZ0Z_F	100.000	20	0	1.13e-06	40.1
M03520:605:000000000-LVNKY:1:1102:11931:21893;size=5	RH.E04EE94198274F7Z0Z_F	100.000	25	0	1.18e-09	50.1
M03520:605:000000000-LVNKY:1:1102:12086:27631;size=5	RH.7CE39E25906745AZ0Z_R	100.000	26	0	2.98e-10	52.0
M03520:605:000000000-LVNKY:1:1102:12086:27631;size=5	RH.7CE39E25906745AZ0Z_F	100.000	25	0	1.18e-09	50.1
M03520:605:000000000-LVNKY:1:1102:12336:20649;size=5	RH.185D4E36BBF74FEZ0Z_F	100.000	27	0	7.54e-11	54.0
M03520:605:000000000-LVNKY:1:1102:12336:20649;size=5	RH.185D4E36BBF74FEZ0Z_R	100.000	26	0	2.98e-10	52.0
M03520:605:000000000-LVNKY:1:1102:12859:10416;size=5	RH.27578A9A85FA4A3Z0Z_F	100.000	24	0	4.65e-09	48.1
M03520:605:000000000-LVNKY:1:1102:12859:10416;size=5	RH.27578A9A85FA4A3Z0Z_R	100.000	22	0	7.27e-08	44.1
M03520:605:000000000-LVNKY:1:1102:12996:13227;size=5	RH.B9EF730EBE6C436Z0Z_R	100.000	25	0	1.18e-09	50.1
M03520:605:000000000-LVNKY:1:1102:12996:13227;size=5	RH.B9EF730EBE6C436Z0Z_F	100.000	25	0	1.18e-09	50.1
M03520:605:000000000-LVNKY:1:1102:13057:10876;size=5	RH.0BD19D1A26A74EBZ0Z_F	100.000	25	0	1.18e-09	50.1
M03520:605:000000000-LVNKY:1:1102:13057:10876;size=5	RH.0BD19D1A26A74EBZ0Z_R	100.000	23	0	1.84e-08	46.1
M03520:605:000000000-LVNKY:1:1102:13339:28427;size=5	RH.0096A141894D447Z0Z_F	100.000	24	0	4.65e-09	48.1
M03520:605:000000000-LVNKY:1:1102:13339:28427;size=5	RH.0096A141894D447Z0Z_R	100.000	21	0	2.87e-07	42.1
M03520:605:000000000-LVNKY:1:1102:13457:17022;size=5	RH.DDB83AFF97C94C6Z0Z_F	100.000	24	0	4.65e-09	48.1
M03520:605:000000000-LVNKY:1:1102:13457:17022;size=5	RH.DDB83AFF97C94C6Z0Z_R	96.000	25	1	2.87e-07	42.1
M03520:605:000000000-LVNKY:1:1102:13493:23771;size=5	RH.85A5303CAAF54ADZ0Z_R	100.000	22	0	7.27e-08	44.1
M03520:605:000000000-LVNKY:1:1102:13493:23771;size=5	RH.85A5303CAAF54ADZ0Z_F	100.000	21	0	2.87e-07	42.1
M03520:605:000000000-LVNKY:1:1102:15157:28593;size=5	RH.CA1E204B0C0842DZ0Z_F	100.000	26	0	2.98e-10	52.0
M03520:605:000000000-LVNKY:1:1102:15157:28593;size=5	RH.CA1E204B0C0842DZ0Z_R	100.000	24	0	4.65e-09	48.1
M03520:605:000000000-LVNKY:1:1102:15225:22411;size=5	RH.E04EE94198274F7Z0Z_F	100.000	25	0	1.18e-09	50.1
M03520:605:000000000-LVNKY:1:1102:15225:22411;size=5	RH.E04EE94198274F7Z0Z_R	95.833	24	1	1.13e-06	40.1
M03520:605:000000000-LVNKY:1:1102:15337:21350;size=5	RH.27578A9A85FA4A3Z0Z_F	100.000	24	0	4.65e-09	48.1
M03520:605:000000000-LVNKY:1:1102:15337:21350;size=5	RH.27578A9A85FA4A3Z0Z_R	100.000	22	0	7.27e-08	44.1
M03520:605:000000000-LVNKY:1:1102:15355:5109;size=5	RH.8B25A056ABC1444Z0Z_R	100.000	24	0	4.65e-09	48.1
M03520:605:000000000-LVNKY:1:1102:15355:5109;size=5	RH.8B25A056ABC1444Z0Z_F	100.000	21	0	2.87e-07	42.1
M03520:605:000000000-LVNKY:1:1102:15443:12080;size=5	RH.0096A141894D447Z0Z_F	100.000	24	0	4.65e-09	48.1
M03520:605:000000000-LVNKY:1:1102:15443:12080;size=5	RH.0096A141894D447Z0Z_R	100.000	21	0	2.87e-07	42.1
M03520:605:000000000-LVNKY:1:1102:15631:17356;size=5	RH.0096A141894D447Z0Z_F	100.000	24	0	4.65e-09	48.1
M03520:605:000000000-LVNKY:1:1102:15917:3915;size=5	RH.2AFFFBA0E81C482Z0Z_R	100.000	23	0	1.84e-08	46.1
M03520:605:000000000-LVNKY:1:1102:15917:3915;size=5	RH.2AFFFBA0E81C482Z0Z_F	100.000	23	0	1.84e-08	46.1
M03520:605:000000000-LVNKY:1:1102:16820:6318;size=5	RH.2A8AD21024974C0Z0Z_F	100.000	26	0	2.98e-10	52.0
M03520:605:000000000-LVNKY:1:1102:16820:6318;size=5	RH.2A8AD21024974C0Z0Z_R	100.000	25	0	1.18e-09	50.1
M03520:605:000000000-LVNKY:1:1102:17042:17288;size=5	RH.69CEA0AC39F4445Z0Z_F	100.000	24	0	4.65e-09	48.1
M03520:605:000000000-LVNKY:1:1102:17042:17288;size=5	RH.69CEA0AC39F4445Z0Z_R	100.000	23	0	1.84e-08	46.1
M03520:605:000000000-LVNKY:1:1102:17166:6085;size=5	RH.0BD19D1A26A74EBZ0Z_F	100.000	25	0	1.18e-09	50.1
M03520:605:000000000-LVNKY:1:1102:17166:6085;size=5	RH.0BD19D1A26A74EBZ0Z_R	100.000	24	0	4.65e-09	48.1
M03520:605:000000000-LVNKY:1:1102:17240:21919;size=5	RH.2AFFFBA0E81C482Z0Z_R	100.000	23	0	1.84e-08	46.1
M03520:605:000000000-LVNKY:1:1102:17240:21919;size=5	RH.2AFFFBA0E81C482Z0Z_F	100.000	23	0	1.84e-08	46.1
M03520:605:000000000-LVNKY:1:1102:17254:17916;size=5	RH.0096A141894D447Z0Z_F	100.000	24	0	4.65e-09	48.1
M03520:605:000000000-LVNKY:1:1102:17254:17916;size=5	RH.0096A141894D447Z0Z_R	100.000	21	0	2.87e-07	42.1
M03520:605:000000000-LVNKY:1:1102:17302:23536;size=5	RH.DDB83AFF97C94C6Z0Z_R	100.000	25	0	1.18e-09	50.1
M03520:605:000000000-LVNKY:1:1102:17349:18806;size=5	RH.6572108A164E48EZ0Z_R	100.000	25	0	1.18e-09	50.1
M03520:605:000000000-LVNKY:1:1102:17349:18806;size=5	RH.6572108A164E48EZ0Z_F	100.000	24	0	4.65e-09	48.1
M03520:605:000000000-LVNKY:1:1102:17371:6576;size=5	RH.2A8AD21024974C0Z0Z_F	100.000	26	0	2.98e-10	52.0
M03520:605:000000000-LVNKY:1:1102:17371:6576;size=5	RH.2A8AD21024974C0Z0Z_R	100.000	25	0	1.18e-09	50.1
M03520:605:000000000-LVNKY:1:1102:17455:9937;size=5	RH.85A5303CAAF54ADZ0Z_F	100.000	21	0	2.87e-07	42.1
M03520:605:000000000-LVNKY:1:1102:17694:25531;size=5	RH.B9EF730EBE6C436Z0Z_F	100.000	25	0	1.18e-09	50.1
M03520:605:000000000-LVNKY:1:1102:17694:25531;size=5	RH.B9EF730EBE6C436Z0Z_R	100.000	25	0	1.18e-09	50.1
M03520:605:000000000-LVNKY:1:1102:18466:27168;size=5	RH.DDB83AFF97C94C6Z0Z_R	100.000	25	0	1.18e-09	50.1
M03520:605:000000000-LVNKY:1:1102:18466:27168;size=5	RH.DDB83AFF97C94C6Z0Z_F	100.000	24	0	4.65e-09	48.1
M03520:605:000000000-LVNKY:1:1102:18948:19800;size=5	RH.CA1E204B0C0842DZ0Z_F	100.000	26	0	2.98e-10	52.0
M03520:605:000000000-LVNKY:1:1102:18948:19800;size=5	RH.CA1E204B0C0842DZ0Z_R	100.000	24	0	4.65e-09	48.1
M03520:605:000000000-LVNKY:1:1102:1895:13839;size=5	RH.BE09C1F6EE4B426Z0Z_R	100.000	23	0	1.84e-08	46.1
M03520:605:000000000-LVNKY:1:1102:19478:12850;size=5	RH.B9EF730EBE6C436Z0Z_F	100.000	25	0	1.18e-09	50.1
M03520:605:000000000-LVNKY:1:1102:19478:12850;size=5	RH.B9EF730EBE6C436Z0Z_R	100.000	25	0	1.18e-09	50.1
M03520:605:000000000-LVNKY:1:1102:19715:12691;size=5	RH.DDB83AFF97C94C6Z0Z_R	100.000	25	0	1.18e-09	50.1
M03520:605:000000000-LVNKY:1:1102:19715:12691;size=5	RH.DDB83AFF97C94C6Z0Z_F	100.000	24	0	4.65e-09	48.1
M03520:605:000000000-LVNKY:1:1102:20481:4011;size=5	RH.DDB83AFF97C94C6Z0Z_F	100.000	24	0	4.65e-09	48.1
M03520:605:000000000-LVNKY:1:1102:20481:4011;size=5	RH.DDB83AFF97C94C6Z0Z_R	96.000	25	1	2.87e-07	42.1
M03520:605:000000000-LVNKY:1:1102:21130:17919;size=5	RH.0BD19D1A26A74EBZ0Z_F	100.000	25	0	1.18e-09	50.1
M03520:605:000000000-LVNKY:1:1102:21130:17919;size=5	RH.0BD19D1A26A74EBZ0Z_R	100.000	24	0	4.65e-09	48.1
M03520:605:000000000-LVNKY:1:1102:21366:6738;size=5	RH.1CC74B91718A42FZ0Z_R	100.000	25	0	1.18e-09	50.1
M03520:605:000000000-LVNKY:1:1102:21366:6738;size=5	RH.1CC74B91718A42FZ0Z_F	100.000	24	0	4.65e-09	48.1
M03520:605:000000000-LVNKY:1:1102:22208:17266;size=5	RH.8B25A056ABC1444Z0Z_R	100.000	24	0	4.65e-09	48.1
M03520:605:000000000-LVNKY:1:1102:22208:17266;size=5	RH.8B25A056ABC1444Z0Z_F	100.000	22	0	7.27e-08	44.1
M03520:605:000000000-LVNKY:1:1102:24001:18586;size=5	RH.2A8AD21024974C0Z0Z_F	100.000	26	0	2.98e-10	52.0
M03520:605:000000000-LVNKY:1:1102:24001:18586;size=5	RH.2A8AD21024974C0Z0Z_R	100.000	25	0	1.18e-09	50.1
M03520:605:000000000-LVNKY:1:1102:24209:6028;size=5	RH.69CEA0AC39F4445Z0Z_F	100.000	24	0	4.65e-09	48.1
M03520:605:000000000-LVNKY:1:1102:24209:6028;size=5	RH.69CEA0AC39F4445Z0Z_R	100.000	23	0	1.84e-08	46.1
M03520:605:000000000-LVNKY:1:1102:24587:6269;size=5	RH.B9EF730EBE6C436Z0Z_R	100.000	25	0	1.18e-09	50.1
M03520:605:000000000-LVNKY:1:1102:24587:6269;size=5	RH.B9EF730EBE6C436Z0Z_F	100.000	23	0	1.84e-08	46.1
M03520:605:000000000-LVNKY:1:1102:24843:23575;size=5	RH.0096A141894D447Z0Z_F	100.000	24	0	4.65e-09	48.1
M03520:605:000000000-LVNKY:1:1102:24843:23575;size=5	RH.0096A141894D447Z0Z_R	100.000	21	0	2.87e-07	42.1
M03520:605:000000000-LVNKY:1:1102:25040:18265;size=5	RH.0BD19D1A26A74EBZ0Z_R	100.000	24	0	4.65e-09	48.1
M03520:605:000000000-LVNKY:1:1102:25040:18265;size=5	RH.0BD19D1A26A74EBZ0Z_F	100.000	22	0	7.27e-08	44.1
M03520:605:000000000-LVNKY:1:1102:25192:10968;size=5	RH.0096A141894D447Z0Z_F	100.000	24	0	4.65e-09	48.1
M03520:605:000000000-LVNKY:1:1102:25192:10968;size=5	RH.0096A141894D447Z0Z_R	100.000	19	0	4.48e-06	38.2
M03520:605:000000000-LVNKY:1:1102:25621:7090;size=5	RH.DDB83AFF97C94C6Z0Z_R	100.000	25	0	1.18e-09	50.1
M03520:605:000000000-LVNKY:1:1102:25621:7090;size=5	RH.DDB83AFF97C94C6Z0Z_F	100.000	24	0	4.65e-09	48.1
M03520:605:000000000-LVNKY:1:1102:25645:21329;size=5	RH.CF953F27F5674E1Z0Z_F	100.000	26	0	2.98e-10	52.0
M03520:605:000000000-LVNKY:1:1102:25645:21329;size=5	RH.CF953F27F5674E1Z0Z_R	100.000	25	0	1.18e-09	50.1
M03520:605:000000000-LVNKY:1:1102:25705:16512;size=5	RH.2A8AD21024974C0Z0Z_F	100.000	26	0	2.98e-10	52.0
M03520:605:000000000-LVNKY:1:1102:25705:16512;size=5	RH.2A8AD21024974C0Z0Z_R	100.000	25	0	1.18e-09	50.1
M03520:605:000000000-LVNKY:1:1102:25914:24325;size=5	RH.2AFFFBA0E81C482Z0Z_F	100.000	23	0	1.84e-08	46.1
M03520:605:000000000-LVNKY:1:1102:25914:24325;size=5	RH.2AFFFBA0E81C482Z0Z_R	100.000	23	0	1.84e-08	46.1
M03520:605:000000000-LVNKY:1:1102:26203:8680;size=5	RH.0550AF0F57084ADZ0Z_R	100.000	22	0	7.27e-08	44.1
M03520:605:000000000-LVNKY:1:1102:26258:21091;size=5	RH.DDB83AFF97C94C6Z0Z_R	100.000	25	0	1.18e-09	50.1
M03520:605:000000000-LVNKY:1:1102:26258:21091;size=5	RH.DDB83AFF97C94C6Z0Z_F	100.000	24	0	4.65e-09	48.1
M03520:605:000000000-LVNKY:1:1102:2642:12296;size=5	RH.6572108A164E48EZ0Z_R	100.000	25	0	1.18e-09	50.1
M03520:605:000000000-LVNKY:1:1102:2642:12296;size=5	RH.6572108A164E48EZ0Z_F	100.000	24	0	4.65e-09	48.1
M03520:605:000000000-LVNKY:1:1102:26901:13936;size=5	RH.69CEA0AC39F4445Z0Z_R	100.000	23	0	1.84e-08	46.1
M03520:605:000000000-LVNKY:1:1102:26901:13936;size=5	RH.69CEA0AC39F4445Z0Z_F	95.833	24	1	1.13e-06	40.1
M03520:605:000000000-LVNKY:1:1102:27186:22883;size=5	RH.8B25A056ABC1444Z0Z_R	100.000	24	0	4.65e-09	48.1
M03520:605:000000000-LVNKY:1:1102:27186:22883;size=5	RH.8B25A056ABC1444Z0Z_F	100.000	20	0	1.13e-06	40.1
M03520:605:000000000-LVNKY:1:1102:27356:13881;size=5	RH.7CE39E25906745AZ0Z_R	100.000	26	0	2.98e-10	52.0
M03520:605:000000000-LVNKY:1:1102:27356:13881;size=5	RH.7CE39E25906745AZ0Z_F	100.000	25	0	1.18e-09	50.1
M03520:605:000000000-LVNKY:1:1102:28417:14534;size=5	RH.0550AF0F57084ADZ0Z_F	100.000	24	0	4.65e-09	48.1
M03520:605:000000000-LVNKY:1:1102:28417:14534;size=5	RH.0550AF0F57084ADZ0Z_R	100.000	22	0	7.27e-08	44.1
M03520:605:000000000-LVNKY:1:1102:28441:13571;size=5	RH.7CE39E25906745AZ0Z_F	100.000	25	0	1.18e-09	50.1
M03520:605:000000000-LVNKY:1:1102:28441:13571;size=5	RH.7CE39E25906745AZ0Z_R	100.000	22	0	7.27e-08	44.1
M03520:605:000000000-LVNKY:1:1102:3055:14231;size=5	RH.CF953F27F5674E1Z0Z_F	100.000	26	0	2.98e-10	52.0
M03520:605:000000000-LVNKY:1:1102:3055:14231;size=5	RH.CF953F27F5674E1Z0Z_R	100.000	25	0	1.18e-09	50.1
M03520:605:000000000-LVNKY:1:1102:3408:9255;size=5	RH.DDB83AFF97C94C6Z0Z_R	100.000	25	0	1.18e-09	50.1
M03520:605:000000000-LVNKY:1:1102:3408:9255;size=5	RH.DDB83AFF97C94C6Z0Z_F	100.000	24	0	4.65e-09	48.1
M03520:605:000000000-LVNKY:1:1102:3775:19367;size=5	RH.6572108A164E48EZ0Z_R	100.000	25	0	1.18e-09	50.1
M03520:605:000000000-LVNKY:1:1102:3775:19367;size=5	RH.6572108A164E48EZ0Z_F	100.000	24	0	4.65e-09	48.1
M03520:605:000000000-LVNKY:1:1102:4203:15890;size=5	RH.DE543226C201437Z0Z_R	100.000	20	0	1.13e-06	40.1
M03520:605:000000000-LVNKY:1:1102:4203:15890;size=5	RH.51338FA06EDB4F0Z0Z_R	95.652	23	1	4.48e-06	38.2
M03520:605:000000000-LVNKY:1:1102:4532:15356;size=5	RH.1CC74B91718A42FZ0Z_R	100.000	25	0	1.18e-09	50.1
M03520:605:000000000-LVNKY:1:1102:4532:15356;size=5	RH.1CC74B91718A42FZ0Z_F	95.833	24	1	1.13e-06	40.1
M03520:605:000000000-LVNKY:1:1102:4842:18648;size=5	RH.69CEA0AC39F4445Z0Z_F	100.000	24	0	4.65e-09	48.1
M03520:605:000000000-LVNKY:1:1102:4842:18648;size=5	RH.69CEA0AC39F4445Z0Z_R	100.000	23	0	1.84e-08	46.1
M03520:605:000000000-LVNKY:1:1102:5341:20577;size=5	RH.0096A141894D447Z0Z_F	100.000	24	0	4.65e-09	48.1
M03520:605:000000000-LVNKY:1:1102:5666:7530;size=5	RH.8B25A056ABC1444Z0Z_R	100.000	24	0	4.65e-09	48.1
M03520:605:000000000-LVNKY:1:1102:5666:7530;size=5	RH.8B25A056ABC1444Z0Z_F	100.000	22	0	7.27e-08	44.1
M03520:605:000000000-LVNKY:1:1102:6080:14416;size=5	RH.0096A141894D447Z0Z_F	100.000	24	0	4.65e-09	48.1
M03520:605:000000000-LVNKY:1:1102:6080:14416;size=5	RH.0096A141894D447Z0Z_R	100.000	21	0	2.87e-07	42.1
M03520:605:000000000-LVNKY:1:1102:6123:18095;size=5	RH.B9EF730EBE6C436Z0Z_R	100.000	25	0	1.18e-09	50.1
M03520:605:000000000-LVNKY:1:1102:6123:18095;size=5	RH.B9EF730EBE6C436Z0Z_F	100.000	25	0	1.18e-09	50.1
M03520:605:000000000-LVNKY:1:1102:6318:20449;size=5	RH.0BD19D1A26A74EBZ0Z_F	100.000	25	0	1.18e-09	50.1
M03520:605:000000000-LVNKY:1:1102:6318:20449;size=5	RH.0BD19D1A26A74EBZ0Z_R	100.000	24	0	4.65e-09	48.1
M03520:605:000000000-LVNKY:1:1102:6914:24706;size=5	RH.27578A9A85FA4A3Z0Z_F	100.000	24	0	4.65e-09	48.1
M03520:605:000000000-LVNKY:1:1102:6914:24706;size=5	RH.27578A9A85FA4A3Z0Z_R	100.000	22	0	7.27e-08	44.1
M03520:605:000000000-LVNKY:1:1102:7148:20961;size=5	RH.CA1E204B0C0842DZ0Z_F	100.000	26	0	2.98e-10	52.0
M03520:605:000000000-LVNKY:1:1102:7148:20961;size=5	RH.CA1E204B0C0842DZ0Z_R	100.000	24	0	4.65e-09	48.1
M03520:605:000000000-LVNKY:1:1102:7817:23753;size=5	RH.69CEA0AC39F4445Z0Z_F	100.000	24	0	4.65e-09	48.1
M03520:605:000000000-LVNKY:1:1102:7817:23753;size=5	RH.69CEA0AC39F4445Z0Z_R	100.000	23	0	1.84e-08	46.1
M03520:605:000000000-LVNKY:1:1102:7964:25186;size=5	RH.2A8AD21024974C0Z0Z_F	100.000	26	0	2.98e-10	52.0
M03520:605:000000000-LVNKY:1:1102:7964:25186;size=5	RH.2A8AD21024974C0Z0Z_R	100.000	25	0	1.18e-09	50.1
M03520:605:000000000-LVNKY:1:1102:8064:21915;size=5	RH.0096A141894D447Z0Z_F	100.000	24	0	4.65e-09	48.1
M03520:605:000000000-LVNKY:1:1102:8064:21915;size=5	RH.0096A141894D447Z0Z_R	100.000	21	0	2.87e-07	42.1
M03520:605:000000000-LVNKY:1:1102:8145:18442;size=5	RH.85A5303CAAF54ADZ0Z_R	100.000	22	0	7.27e-08	44.1
M03520:605:000000000-LVNKY:1:1102:8145:18442;size=5	RH.85A5303CAAF54ADZ0Z_F	100.000	21	0	2.87e-07	42.1
M03520:605:000000000-LVNKY:1:1102:8613:4894;size=5	RH.B9EF730EBE6C436Z0Z_R	100.000	25	0	1.18e-09	50.1
M03520:605:000000000-LVNKY:1:1102:8613:4894;size=5	RH.B9EF730EBE6C436Z0Z_F	100.000	25	0	1.18e-09	50.1
M03520:605:000000000-LVNKY:1:1102:9308:10502;size=5	RH.CF953F27F5674E1Z0Z_F	100.000	26	0	2.98e-10	52.0
M03520:605:000000000-LVNKY:1:1102:9308:10502;size=5	RH.CF953F27F5674E1Z0Z_R	100.000	25	0	1.18e-09	50.1
M03520:605:000000000-LVNKY:1:1103:10017:24984;size=5	RH.2091F326F74640CZ0Z_R	100.000	22	0	7.27e-08	44.1
M03520:605:000000000-LVNKY:1:1103:10017:24984;size=5	RH.2091F326F74640CZ0Z_F	95.833	24	1	1.13e-06	40.1
M03520:605:000000000-LVNKY:1:1103:10627:23293;size=5	RH.2A8AD21024974C0Z0Z_R	100.000	25	0	1.18e-09	50.1
M03520:605:000000000-LVNKY:1:1103:10627:23293;size=5	RH.2A8AD21024974C0Z0Z_F	96.154	26	1	7.27e-08	44.1
M03520:605:000000000-LVNKY:1:1103:10857:22272;size=5	RH.DDB83AFF97C94C6Z0Z_R	100.000	25	0	1.18e-09	50.1
M03520:605:000000000-LVNKY:1:1103:10857:22272;size=5	RH.8B25A056ABC1444Z0Z_F	100.000	22	0	7.27e-08	44.1
M03520:605:000000000-LVNKY:1:1103:10957:8717;size=5	RH.51338FA06EDB4F0Z0Z_R	100.000	25	0	1.18e-09	50.1
M03520:605:000000000-LVNKY:1:1103:10957:8717;size=5	RH.51338FA06EDB4F0Z0Z_F	100.000	25	0	1.18e-09	50.1
M03520:605:000000000-LVNKY:1:1103:11382:15084;size=5	RH.69CEA0AC39F4445Z0Z_F	100.000	24	0	4.65e-09	48.1
M03520:605:000000000-LVNKY:1:1103:11382:15084;size=5	RH.69CEA0AC39F4445Z0Z_R	100.000	23	0	1.84e-08	46.1
M03520:605:000000000-LVNKY:1:1103:11970:22250;size=5	RH.09D312EAE0BE4BAZ0Z_R	100.000	23	0	1.84e-08	46.1
M03520:605:000000000-LVNKY:1:1103:11970:22250;size=5	RH.3D465DB261444C9Z0Z_F	100.000	20	0	1.13e-06	40.1
M03520:605:000000000-LVNKY:1:1103:12508:20559;size=5	RH.0550AF0F57084ADZ0Z_F	100.000	24	0	4.65e-09	48.1
M03520:605:000000000-LVNKY:1:1103:12508:20559;size=5	RH.0550AF0F57084ADZ0Z_R	100.000	22	0	7.27e-08	44.1
M03520:605:000000000-LVNKY:1:1103:12511:2645;size=5	RH.DDB83AFF97C94C6Z0Z_R	100.000	25	0	1.18e-09	50.1
M03520:605:000000000-LVNKY:1:1103:12665:20899;size=5	RH.0096A141894D447Z0Z_F	100.000	24	0	4.65e-09	48.1
M03520:605:000000000-LVNKY:1:1103:12665:20899;size=5	RH.0096A141894D447Z0Z_R	100.000	21	0	2.87e-07	42.1
M03520:605:000000000-LVNKY:1:1103:12823:20410;size=5	RH.2A8AD21024974C0Z0Z_F	100.000	26	0	2.98e-10	52.0
M03520:605:000000000-LVNKY:1:1103:12823:20410;size=5	RH.2A8AD21024974C0Z0Z_R	100.000	25	0	1.18e-09	50.1
M03520:605:000000000-LVNKY:1:1103:12933:17723;size=5	RH.0BD19D1A26A74EBZ0Z_F	100.000	25	0	1.18e-09	50.1
M03520:605:000000000-LVNKY:1:1103:12933:17723;size=5	RH.0BD19D1A26A74EBZ0Z_R	100.000	24	0	4.65e-09	48.1
M03520:605:000000000-LVNKY:1:1103:13087:4079;size=5	RH.8B25A056ABC1444Z0Z_R	100.000	24	0	4.65e-09	48.1
M03520:605:000000000-LVNKY:1:1103:13087:4079;size=5	RH.8B25A056ABC1444Z0Z_F	100.000	22	0	7.27e-08	44.1
M03520:605:000000000-LVNKY:1:1103:13191:5049;size=5	RH.8B25A056ABC1444Z0Z_R	100.000	24	0	4.65e-09	48.1
M03520:605:000000000-LVNKY:1:1103:13191:5049;size=5	RH.8B25A056ABC1444Z0Z_F	100.000	22	0	7.27e-08	44.1
M03520:605:000000000-LVNKY:1:1103:13746:7862;size=5	RH.69CEA0AC39F4445Z0Z_F	100.000	24	0	4.65e-09	48.1
M03520:605:000000000-LVNKY:1:1103:13746:7862;size=5	RH.69CEA0AC39F4445Z0Z_R	100.000	23	0	1.84e-08	46.1
M03520:605:000000000-LVNKY:1:1103:14320:14485;size=5	RH.85A5303CAAF54ADZ0Z_R	100.000	22	0	7.27e-08	44.1
M03520:605:000000000-LVNKY:1:1103:14320:14485;size=5	RH.85A5303CAAF54ADZ0Z_F	100.000	21	0	2.87e-07	42.1
M03520:605:000000000-LVNKY:1:1103:14798:19438;size=5	RH.E04EE94198274F7Z0Z_F	100.000	25	0	1.18e-09	50.1
M03520:605:000000000-LVNKY:1:1103:14798:19438;size=5	RH.E04EE94198274F7Z0Z_R	95.652	23	1	4.48e-06	38.2
M03520:605:000000000-LVNKY:1:1103:15015:13640;size=5	RH.7CE39E25906745AZ0Z_R	100.000	26	0	2.98e-10	52.0
M03520:605:000000000-LVNKY:1:1103:15015:13640;size=5	RH.7CE39E25906745AZ0Z_F	100.000	25	0	1.18e-09	50.1
M03520:605:000000000-LVNKY:1:1103:15490:1950;size=5	RH.27578A9A85FA4A3Z0Z_R	100.000	22	0	7.27e-08	44.1
M03520:605:000000000-LVNKY:1:1103:15490:1950;size=5	RH.27578A9A85FA4A3Z0Z_F	95.833	24	1	1.13e-06	40.1
M03520:605:000000000-LVNKY:1:1103:15790:4489;size=5	RH.2091F326F74640CZ0Z_F	100.000	24	0	4.65e-09	48.1
M03520:605:000000000-LVNKY:1:1103:15790:4489;size=5	RH.2091F326F74640CZ0Z_R	100.000	20	0	1.13e-06	40.1
M03520:605:000000000-LVNKY:1:1103:16278:21808;size=5	RH.E04EE94198274F7Z0Z_F	100.000	25	0	1.18e-09	50.1
M03520:605:000000000-LVNKY:1:1103:16664:11611;size=5	RH.7CE39E25906745AZ0Z_F	100.000	25	0	1.18e-09	50.1
M03520:605:000000000-LVNKY:1:1103:16664:11611;size=5	RH.7CE39E25906745AZ0Z_R	96.154	26	1	7.27e-08	44.1
M03520:605:000000000-LVNKY:1:1103:16727:14725;size=5	RH.CF953F27F5674E1Z0Z_F	100.000	26	0	2.98e-10	52.0
M03520:605:000000000-LVNKY:1:1103:16727:14725;size=5	RH.CF953F27F5674E1Z0Z_R	100.000	25	0	1.18e-09	50.1
M03520:605:000000000-LVNKY:1:1103:17717:11607;size=5	RH.0BD19D1A26A74EBZ0Z_F	100.000	25	0	1.18e-09	50.1
M03520:605:000000000-LVNKY:1:1103:17717:11607;size=5	RH.0BD19D1A26A74EBZ0Z_R	100.000	24	0	4.65e-09	48.1
M03520:605:000000000-LVNKY:1:1103:17861:22408;size=5	RH.0096A141894D447Z0Z_R	100.000	21	0	2.87e-07	42.1
M03520:605:000000000-LVNKY:1:1103:17861:22408;size=5	RH.0096A141894D447Z0Z_F	100.000	20	0	1.13e-06	40.1
M03520:605:000000000-LVNKY:1:1103:17924:4024;size=5	RH.B9EF730EBE6C436Z0Z_R	100.000	25	0	1.18e-09	50.1
M03520:605:000000000-LVNKY:1:1103:17924:4024;size=5	RH.B9EF730EBE6C436Z0Z_F	100.000	25	0	1.18e-09	50.1
M03520:605:000000000-LVNKY:1:1103:18031:6897;size=5	RH.2AFFFBA0E81C482Z0Z_R	100.000	23	0	1.84e-08	46.1
M03520:605:000000000-LVNKY:1:1103:18031:6897;size=5	RH.2AFFFBA0E81C482Z0Z_F	100.000	23	0	1.84e-08	46.1
M03520:605:000000000-LVNKY:1:1103:18404:22619;size=5	RH.7CE39E25906745AZ0Z_R	100.000	26	0	2.98e-10	52.0
M03520:605:000000000-LVNKY:1:1103:18404:22619;size=5	RH.7CE39E25906745AZ0Z_F	96.000	25	1	2.87e-07	42.1
M03520:605:000000000-LVNKY:1:1103:18430:5073;size=5	RH.2AFFFBA0E81C482Z0Z_R	100.000	23	0	1.84e-08	46.1
M03520:605:000000000-LVNKY:1:1103:18430:5073;size=5	RH.2AFFFBA0E81C482Z0Z_F	95.652	23	1	4.48e-06	38.2
M03520:605:000000000-LVNKY:1:1103:18511:5512;size=5	RH.7CE39E25906745AZ0Z_R	100.000	26	0	2.98e-10	52.0
M03520:605:000000000-LVNKY:1:1103:18511:5512;size=5	RH.7CE39E25906745AZ0Z_F	100.000	25	0	1.18e-09	50.1
M03520:605:000000000-LVNKY:1:1103:18536:3909;size=5	RH.DDB83AFF97C94C6Z0Z_R	100.000	25	0	1.18e-09	50.1
M03520:605:000000000-LVNKY:1:1103:18536:3909;size=5	RH.DDB83AFF97C94C6Z0Z_F	100.000	24	0	4.65e-09	48.1
M03520:605:000000000-LVNKY:1:1103:18749:15282;size=5	RH.0BD19D1A26A74EBZ0Z_F	100.000	25	0	1.18e-09	50.1
M03520:605:000000000-LVNKY:1:1103:18749:15282;size=5	RH.0BD19D1A26A74EBZ0Z_R	100.000	24	0	4.65e-09	48.1
M03520:605:000000000-LVNKY:1:1103:18774:23822;size=5	RH.6572108A164E48EZ0Z_F	100.000	24	0	4.65e-09	48.1
M03520:605:000000000-LVNKY:1:1103:18774:23822;size=5	RH.6572108A164E48EZ0Z_R	100.000	23	0	1.84e-08	46.1
M03520:605:000000000-LVNKY:1:1103:19029:27318;size=5	RH.27578A9A85FA4A3Z0Z_F	100.000	24	0	4.65e-09	48.1
M03520:605:000000000-LVNKY:1:1103:19029:27318;size=5	RH.27578A9A85FA4A3Z0Z_R	100.000	22	0	7.27e-08	44.1
M03520:605:000000000-LVNKY:1:1103:1906:14599;size=5	RH.27578A9A85FA4A3Z0Z_F	100.000	24	0	4.65e-09	48.1
M03520:605:000000000-LVNKY:1:1103:1906:14599;size=5	RH.27578A9A85FA4A3Z0Z_R	100.000	22	0	7.27e-08	44.1
M03520:605:000000000-LVNKY:1:1103:19150:19940;size=5	RH.2AFFFBA0E81C482Z0Z_F	100.000	23	0	1.84e-08	46.1
M03520:605:000000000-LVNKY:1:1103:19150:19940;size=5	RH.2AFFFBA0E81C482Z0Z_R	95.652	23	1	4.48e-06	38.2
M03520:605:000000000-LVNKY:1:1103:19734:27903;size=5	RH.DDB83AFF97C94C6Z0Z_R	100.000	25	0	1.18e-09	50.1
M03520:605:000000000-LVNKY:1:1103:19734:27903;size=5	RH.DDB83AFF97C94C6Z0Z_F	100.000	24	0	4.65e-09	48.1
M03520:605:000000000-LVNKY:1:1103:19966:4215;size=5	RH.DDB83AFF97C94C6Z0Z_R	100.000	25	0	1.18e-09	50.1
M03520:605:000000000-LVNKY:1:1103:19966:4215;size=5	RH.DDB83AFF97C94C6Z0Z_F	100.000	24	0	4.65e-09	48.1
M03520:605:000000000-LVNKY:1:1103:20415:18425;size=5	RH.0096A141894D447Z0Z_F	100.000	24	0	4.65e-09	48.1
M03520:605:000000000-LVNKY:1:1103:20415:18425;size=5	RH.0096A141894D447Z0Z_R	100.000	21	0	2.87e-07	42.1
M03520:605:000000000-LVNKY:1:1103:20664:6727;size=5	RH.DDB83AFF97C94C6Z0Z_R	100.000	25	0	1.18e-09	50.1
M03520:605:000000000-LVNKY:1:1103:20664:6727;size=5	RH.DDB83AFF97C94C6Z0Z_F	100.000	24	0	4.65e-09	48.1
M03520:605:000000000-LVNKY:1:1103:20765:20898;size=5	RH.1CC74B91718A42FZ0Z_R	100.000	25	0	1.18e-09	50.1
M03520:605:000000000-LVNKY:1:1103:20765:20898;size=5	RH.1CC74B91718A42FZ0Z_F	100.000	24	0	4.65e-09	48.1
M03520:605:000000000-LVNKY:1:1103:21102:27047;size=5	RH.DDB83AFF97C94C6Z0Z_R	100.000	25	0	1.18e-09	50.1
M03520:605:000000000-LVNKY:1:1103:21102:27047;size=5	RH.DDB83AFF97C94C6Z0Z_F	100.000	24	0	4.65e-09	48.1
M03520:605:000000000-LVNKY:1:1103:21853:19181;size=5	RH.6572108A164E48EZ0Z_R	100.000	25	0	1.18e-09	50.1
M03520:605:000000000-LVNKY:1:1103:21853:19181;size=5	RH.6572108A164E48EZ0Z_F	100.000	24	0	4.65e-09	48.1
M03520:605:000000000-LVNKY:1:1103:22976:5588;size=5	RH.DE543226C201437Z0Z_R	100.000	20	0	1.13e-06	40.1
M03520:605:000000000-LVNKY:1:1103:22976:5588;size=5	RH.51338FA06EDB4F0Z0Z_R	95.652	23	1	4.48e-06	38.2
M03520:605:000000000-LVNKY:1:1103:25465:23136;size=5	RH.0BD19D1A26A74EBZ0Z_F	100.000	25	0	1.18e-09	50.1
M03520:605:000000000-LVNKY:1:1103:25465:23136;size=5	RH.0BD19D1A26A74EBZ0Z_R	100.000	23	0	1.84e-08	46.1
M03520:605:000000000-LVNKY:1:1103:25618:18030;size=5	RH.6572108A164E48EZ0Z_R	100.000	25	0	1.18e-09	50.1
M03520:605:000000000-LVNKY:1:1103:25618:18030;size=5	RH.6572108A164E48EZ0Z_F	100.000	24	0	4.65e-09	48.1
M03520:605:000000000-LVNKY:1:1103:25661:18750;size=5	RH.51338FA06EDB4F0Z0Z_F	100.000	25	0	1.18e-09	50.1
M03520:605:000000000-LVNKY:1:1103:25661:18750;size=5	RH.51338FA06EDB4F0Z0Z_R	100.000	25	0	1.18e-09	50.1
M03520:605:000000000-LVNKY:1:1103:26211:17879;size=5	RH.E04EE94198274F7Z0Z_F	100.000	25	0	1.18e-09	50.1
M03520:605:000000000-LVNKY:1:1103:26211:17879;size=5	RH.CA1E204B0C0842DZ0Z_R	100.000	24	0	4.65e-09	48.1
M03520:605:000000000-LVNKY:1:1103:27392:19429;size=5	RH.DDB83AFF97C94C6Z0Z_R	100.000	25	0	1.18e-09	50.1
M03520:605:000000000-LVNKY:1:1103:27392:19429;size=5	RH.DDB83AFF97C94C6Z0Z_F	100.000	24	0	4.65e-09	48.1
M03520:605:000000000-LVNKY:1:1103:29328:13221;size=5	RH.B9EF730EBE6C436Z0Z_R	100.000	25	0	1.18e-09	50.1
M03520:605:000000000-LVNKY:1:1103:29328:13221;size=5	RH.B9EF730EBE6C436Z0Z_F	100.000	25	0	1.18e-09	50.1
M03520:605:000000000-LVNKY:1:1103:3135:14404;size=5	RH.0550AF0F57084ADZ0Z_F	100.000	24	0	4.65e-09	48.1
M03520:605:000000000-LVNKY:1:1103:3135:14404;size=5	RH.0550AF0F57084ADZ0Z_R	100.000	22	0	7.27e-08	44.1
M03520:605:000000000-LVNKY:1:1103:3867:15629;size=5	RH.27578A9A85FA4A3Z0Z_F	100.000	24	0	4.65e-09	48.1
M03520:605:000000000-LVNKY:1:1103:3867:15629;size=5	RH.27578A9A85FA4A3Z0Z_R	100.000	22	0	7.27e-08	44.1
M03520:605:000000000-LVNKY:1:1103:4008:10123;size=5	RH.1CC74B91718A42FZ0Z_F	100.000	24	0	4.65e-09	48.1
M03520:605:000000000-LVNKY:1:1103:4008:10123;size=5	RH.1CC74B91718A42FZ0Z_R	96.000	25	1	2.87e-07	42.1
M03520:605:000000000-LVNKY:1:1103:5381:14717;size=5	RH.2A8AD21024974C0Z0Z_R	100.000	25	0	1.18e-09	50.1
M03520:605:000000000-LVNKY:1:1103:5381:14717;size=5	RH.2A8AD21024974C0Z0Z_F	96.154	26	1	7.27e-08	44.1
M03520:605:000000000-LVNKY:1:1103:5516:9111;size=5	RH.0550AF0F57084ADZ0Z_F	100.000	24	0	4.65e-09	48.1
M03520:605:000000000-LVNKY:1:1103:5516:9111;size=5	RH.0550AF0F57084ADZ0Z_R	100.000	19	0	4.48e-06	38.2
M03520:605:000000000-LVNKY:1:1103:6638:20174;size=5	RH.DDB83AFF97C94C6Z0Z_R	100.000	25	0	1.18e-09	50.1
M03520:605:000000000-LVNKY:1:1103:6892:14093;size=5	RH.2AFFFBA0E81C482Z0Z_R	100.000	23	0	1.84e-08	46.1
M03520:605:000000000-LVNKY:1:1103:6892:14093;size=5	RH.2AFFFBA0E81C482Z0Z_F	100.000	23	0	1.84e-08	46.1
M03520:605:000000000-LVNKY:1:1103:7051:22076;size=5	RH.0096A141894D447Z0Z_F	100.000	24	0	4.65e-09	48.1
M03520:605:000000000-LVNKY:1:1103:7051:22076;size=5	RH.0096A141894D447Z0Z_R	100.000	21	0	2.87e-07	42.1
M03520:605:000000000-LVNKY:1:1103:7070:5249;size=5	RH.DDB83AFF97C94C6Z0Z_R	100.000	25	0	1.18e-09	50.1
M03520:605:000000000-LVNKY:1:1103:7070:5249;size=5	RH.8B25A056ABC1444Z0Z_F	100.000	22	0	7.27e-08	44.1
M03520:605:000000000-LVNKY:1:1103:7255:8630;size=5	RH.DDB83AFF97C94C6Z0Z_R	100.000	25	0	1.18e-09	50.1
M03520:605:000000000-LVNKY:1:1103:7255:8630;size=5	RH.DDB83AFF97C94C6Z0Z_F	100.000	24	0	4.65e-09	48.1
M03520:605:000000000-LVNKY:1:1103:7904:17073;size=5	RH.0096A141894D447Z0Z_F	100.000	24	0	4.65e-09	48.1
M03520:605:000000000-LVNKY:1:1103:7904:17073;size=5	RH.0096A141894D447Z0Z_R	100.000	21	0	2.87e-07	42.1
M03520:605:000000000-LVNKY:1:1103:7905:22315;size=5	RH.0BD19D1A26A74EBZ0Z_F	100.000	25	0	1.18e-09	50.1
M03520:605:000000000-LVNKY:1:1103:7905:22315;size=5	RH.0BD19D1A26A74EBZ0Z_R	100.000	24	0	4.65e-09	48.1
M03520:605:000000000-LVNKY:1:1103:8275:24113;size=5	RH.0550AF0F57084ADZ0Z_F	100.000	24	0	4.65e-09	48.1
M03520:605:000000000-LVNKY:1:1103:8275:24113;size=5	RH.0550AF0F57084ADZ0Z_R	100.000	22	0	7.27e-08	44.1
M03520:605:000000000-LVNKY:1:1103:8851:11425;size=5	RH.2A8AD21024974C0Z0Z_R	100.000	25	0	1.18e-09	50.1
M03520:605:000000000-LVNKY:1:1103:8851:11425;size=5	RH.2A8AD21024974C0Z0Z_F	96.154	26	1	7.27e-08	44.1
M03520:605:000000000-LVNKY:1:1103:8876:5998;size=5	RH.8B25A056ABC1444Z0Z_F	100.000	22	0	7.27e-08	44.1
M03520:605:000000000-LVNKY:1:1103:8876:5998;size=5	RH.8B25A056ABC1444Z0Z_R	95.833	24	1	1.13e-06	40.1
M03520:605:000000000-LVNKY:1:1103:9081:8584;size=5	RH.85A5303CAAF54ADZ0Z_R	100.000	22	0	7.27e-08	44.1
M03520:605:000000000-LVNKY:1:1103:9081:8584;size=5	RH.85A5303CAAF54ADZ0Z_F	100.000	21	0	2.87e-07	42.1
M03520:605:000000000-LVNKY:1:1104:11095:14599;size=5	RH.7CE39E25906745AZ0Z_R	100.000	26	0	2.98e-10	52.0
M03520:605:000000000-LVNKY:1:1104:11095:14599;size=5	RH.7CE39E25906745AZ0Z_F	100.000	25	0	1.18e-09	50.1
M03520:605:000000000-LVNKY:1:1104:11162:4419;size=5	RH.2A8AD21024974C0Z0Z_F	100.000	26	0	2.98e-10	52.0
M03520:605:000000000-LVNKY:1:1104:11162:4419;size=5	RH.2A8AD21024974C0Z0Z_R	100.000	25	0	1.18e-09	50.1
M03520:605:000000000-LVNKY:1:1104:12175:16718;size=5	RH.0BD19D1A26A74EBZ0Z_F	100.000	25	0	1.18e-09	50.1
M03520:605:000000000-LVNKY:1:1104:12175:16718;size=5	RH.0BD19D1A26A74EBZ0Z_R	100.000	24	0	4.65e-09	48.1
M03520:605:000000000-LVNKY:1:1104:12837:7971;size=5	RH.2A8AD21024974C0Z0Z_F	100.000	26	0	2.98e-10	52.0
M03520:605:000000000-LVNKY:1:1104:12837:7971;size=5	RH.2A8AD21024974C0Z0Z_R	100.000	25	0	1.18e-09	50.1
M03520:605:000000000-LVNKY:1:1104:12990:6788;size=5	RH.85A5303CAAF54ADZ0Z_R	100.000	22	0	7.27e-08	44.1
M03520:605:000000000-LVNKY:1:1104:12990:6788;size=5	RH.85A5303CAAF54ADZ0Z_F	100.000	21	0	2.87e-07	42.1
M03520:605:000000000-LVNKY:1:1104:13029:6686;size=5	RH.7CE39E25906745AZ0Z_R	100.000	26	0	2.98e-10	52.0
M03520:605:000000000-LVNKY:1:1104:13029:6686;size=5	RH.7CE39E25906745AZ0Z_F	100.000	25	0	1.18e-09	50.1
M03520:605:000000000-LVNKY:1:1104:13182:9540;size=5	RH.8B25A056ABC1444Z0Z_R	100.000	24	0	4.65e-09	48.1
M03520:605:000000000-LVNKY:1:1104:13182:9540;size=5	RH.8B25A056ABC1444Z0Z_F	100.000	22	0	7.27e-08	44.1
M03520:605:000000000-LVNKY:1:1104:13489:22837;size=5	RH.6572108A164E48EZ0Z_R	100.000	25	0	1.18e-09	50.1
M03520:605:000000000-LVNKY:1:1104:13489:22837;size=5	RH.6572108A164E48EZ0Z_F	100.000	24	0	4.65e-09	48.1
M03520:605:000000000-LVNKY:1:1104:13876:14765;size=5	RH.51338FA06EDB4F0Z0Z_F	100.000	25	0	1.18e-09	50.1
M03520:605:000000000-LVNKY:1:1104:14531:6110;size=5	RH.51338FA06EDB4F0Z0Z_R	100.000	25	0	1.18e-09	50.1
M03520:605:000000000-LVNKY:1:1104:14531:6110;size=5	RH.51338FA06EDB4F0Z0Z_F	96.000	25	1	2.87e-07	42.1
M03520:605:000000000-LVNKY:1:1104:15476:7925;size=5	RH.2AFFFBA0E81C482Z0Z_F	100.000	23	0	1.84e-08	46.1
M03520:605:000000000-LVNKY:1:1104:15476:7925;size=5	RH.2AFFFBA0E81C482Z0Z_R	95.652	23	1	4.48e-06	38.2
M03520:605:000000000-LVNKY:1:1104:16576:27866;size=5	RH.0BD19D1A26A74EBZ0Z_F	100.000	25	0	1.18e-09	50.1
M03520:605:000000000-LVNKY:1:1104:16576:27866;size=5	RH.0BD19D1A26A74EBZ0Z_R	100.000	21	0	2.87e-07	42.1
M03520:605:000000000-LVNKY:1:1104:16824:21479;size=5	RH.0BD19D1A26A74EBZ0Z_F	100.000	25	0	1.18e-09	50.1
M03520:605:000000000-LVNKY:1:1104:16824:21479;size=5	RH.0BD19D1A26A74EBZ0Z_R	100.000	24	0	4.65e-09	48.1
M03520:605:000000000-LVNKY:1:1104:17698:16146;size=5	RH.DDB83AFF97C94C6Z0Z_R	100.000	25	0	1.18e-09	50.1
M03520:605:000000000-LVNKY:1:1104:17785:8325;size=5	RH.1CC74B91718A42FZ0Z_R	100.000	25	0	1.18e-09	50.1
M03520:605:000000000-LVNKY:1:1104:17785:8325;size=5	RH.1CC74B91718A42FZ0Z_F	100.000	24	0	4.65e-09	48.1
M03520:605:000000000-LVNKY:1:1104:18161:7593;size=5	RH.2AFFFBA0E81C482Z0Z_F	100.000	23	0	1.84e-08	46.1
M03520:605:000000000-LVNKY:1:1104:18161:7593;size=5	RH.2AFFFBA0E81C482Z0Z_R	95.652	23	1	4.48e-06	38.2
M03520:605:000000000-LVNKY:1:1104:18203:18367;size=5	RH.0550AF0F57084ADZ0Z_F	100.000	24	0	4.65e-09	48.1
M03520:605:000000000-LVNKY:1:1104:18428:7063;size=5	RH.0096A141894D447Z0Z_F	100.000	24	0	4.65e-09	48.1
M03520:605:000000000-LVNKY:1:1104:18428:7063;size=5	RH.0096A141894D447Z0Z_R	100.000	21	0	2.87e-07	42.1
M03520:605:000000000-LVNKY:1:1104:18785:28260;size=5	RH.27578A9A85FA4A3Z0Z_R	100.000	22	0	7.27e-08	44.1
M03520:605:000000000-LVNKY:1:1104:18785:28260;size=5	RH.27578A9A85FA4A3Z0Z_F	95.833	24	1	1.13e-06	40.1
M03520:605:000000000-LVNKY:1:1104:19262:14107;size=5	RH.2A8AD21024974C0Z0Z_F	100.000	26	0	2.98e-10	52.0
M03520:605:000000000-LVNKY:1:1104:19262:14107;size=5	RH.2A8AD21024974C0Z0Z_R	100.000	25	0	1.18e-09	50.1
M03520:605:000000000-LVNKY:1:1104:19369:4145;size=5	RH.B9EF730EBE6C436Z0Z_R	100.000	25	0	1.18e-09	50.1
M03520:605:000000000-LVNKY:1:1104:19369:4145;size=5	RH.B9EF730EBE6C436Z0Z_F	100.000	25	0	1.18e-09	50.1
M03520:605:000000000-LVNKY:1:1104:19837:7208;size=5	RH.6572108A164E48EZ0Z_R	100.000	25	0	1.18e-09	50.1
M03520:605:000000000-LVNKY:1:1104:19837:7208;size=5	RH.6572108A164E48EZ0Z_F	100.000	24	0	4.65e-09	48.1
M03520:605:000000000-LVNKY:1:1104:19980:26102;size=5	RH.0096A141894D447Z0Z_F	100.000	24	0	4.65e-09	48.1
M03520:605:000000000-LVNKY:1:1104:19980:26102;size=5	RH.0096A141894D447Z0Z_R	100.000	21	0	2.87e-07	42.1
M03520:605:000000000-LVNKY:1:1104:20256:15442;size=5	RH.27578A9A85FA4A3Z0Z_F	100.000	24	0	4.65e-09	48.1
M03520:605:000000000-LVNKY:1:1104:20256:15442;size=5	RH.27578A9A85FA4A3Z0Z_R	100.000	22	0	7.27e-08	44.1
M03520:605:000000000-LVNKY:1:1104:20836:19691;size=5	RH.E04EE94198274F7Z0Z_F	100.000	25	0	1.18e-09	50.1
M03520:605:000000000-LVNKY:1:1104:20836:19691;size=5	RH.E04EE94198274F7Z0Z_R	95.833	24	1	1.13e-06	40.1
M03520:605:000000000-LVNKY:1:1104:20921:25369;size=5	RH.DDB83AFF97C94C6Z0Z_F	100.000	24	0	4.65e-09	48.1
M03520:605:000000000-LVNKY:1:1104:20921:25369;size=5	RH.DDB83AFF97C94C6Z0Z_R	100.000	23	0	1.84e-08	46.1
M03520:605:000000000-LVNKY:1:1104:21541:13252;size=5	RH.0550AF0F57084ADZ0Z_F	100.000	24	0	4.65e-09	48.1
M03520:605:000000000-LVNKY:1:1104:21746:15075;size=5	RH.185D4E36BBF74FEZ0Z_R	100.000	26	0	2.98e-10	52.0
M03520:605:000000000-LVNKY:1:1104:21746:15075;size=5	RH.185D4E36BBF74FEZ0Z_F	100.000	23	0	1.84e-08	46.1
M03520:605:000000000-LVNKY:1:1104:22297:13225;size=5	RH.DDB83AFF97C94C6Z0Z_R	100.000	25	0	1.18e-09	50.1
M03520:605:000000000-LVNKY:1:1104:22297:13225;size=5	RH.8B25A056ABC1444Z0Z_F	100.000	20	0	1.13e-06	40.1
M03520:605:000000000-LVNKY:1:1104:22507:3781;size=5	RH.0BD19D1A26A74EBZ0Z_F	100.000	25	0	1.18e-09	50.1
M03520:605:000000000-LVNKY:1:1104:22507:3781;size=5	RH.0BD19D1A26A74EBZ0Z_R	100.000	24	0	4.65e-09	48.1
M03520:605:000000000-LVNKY:1:1104:22805:6516;size=5	RH.27578A9A85FA4A3Z0Z_F	100.000	24	0	4.65e-09	48.1
M03520:605:000000000-LVNKY:1:1104:22805:6516;size=5	RH.27578A9A85FA4A3Z0Z_R	100.000	22	0	7.27e-08	44.1
M03520:605:000000000-LVNKY:1:1104:22940:21450;size=5	RH.0BD19D1A26A74EBZ0Z_F	100.000	25	0	1.18e-09	50.1
M03520:605:000000000-LVNKY:1:1104:22940:21450;size=5	RH.0BD19D1A26A74EBZ0Z_R	100.000	23	0	1.84e-08	46.1
M03520:605:000000000-LVNKY:1:1104:23021:5929;size=5	RH.BE09C1F6EE4B426Z0Z_R	100.000	23	0	1.84e-08	46.1
M03520:605:000000000-LVNKY:1:1104:23021:5929;size=5	RH.BE09C1F6EE4B426Z0Z_F	100.000	22	0	7.27e-08	44.1
M03520:605:000000000-LVNKY:1:1104:23088:9608;size=5	RH.0BD19D1A26A74EBZ0Z_F	100.000	25	0	1.18e-09	50.1
M03520:605:000000000-LVNKY:1:1104:23088:9608;size=5	RH.0BD19D1A26A74EBZ0Z_R	95.833	24	1	1.13e-06	40.1
M03520:605:000000000-LVNKY:1:1104:2322:15016;size=5	RH.27578A9A85FA4A3Z0Z_R	100.000	22	0	7.27e-08	44.1
M03520:605:000000000-LVNKY:1:1104:2322:15016;size=5	RH.27578A9A85FA4A3Z0Z_F	95.833	24	1	1.13e-06	40.1
M03520:605:000000000-LVNKY:1:1104:23244:15280;size=5	RH.85A5303CAAF54ADZ0Z_R	100.000	22	0	7.27e-08	44.1
M03520:605:000000000-LVNKY:1:1104:23244:15280;size=5	RH.85A5303CAAF54ADZ0Z_F	100.000	21	0	2.87e-07	42.1
M03520:605:000000000-LVNKY:1:1104:23357:7720;size=5	RH.DE543226C201437Z0Z_R	100.000	20	0	1.13e-06	40.1
M03520:605:000000000-LVNKY:1:1104:23357:7720;size=5	RH.51338FA06EDB4F0Z0Z_R	95.652	23	1	4.48e-06	38.2
M03520:605:000000000-LVNKY:1:1104:23522:8831;size=5	RH.8B25A056ABC1444Z0Z_R	100.000	24	0	4.65e-09	48.1
M03520:605:000000000-LVNKY:1:1104:24657:7206;size=5	RH.B9EF730EBE6C436Z0Z_F	100.000	25	0	1.18e-09	50.1
M03520:605:000000000-LVNKY:1:1104:25986:8330;size=5	RH.7CE39E25906745AZ0Z_R	100.000	26	0	2.98e-10	52.0
M03520:605:000000000-LVNKY:1:1104:25986:8330;size=5	RH.7CE39E25906745AZ0Z_F	100.000	25	0	1.18e-09	50.1
M03520:605:000000000-LVNKY:1:1104:26705:14340;size=5	RH.0096A141894D447Z0Z_F	100.000	24	0	4.65e-09	48.1
M03520:605:000000000-LVNKY:1:1104:26705:14340;size=5	RH.0096A141894D447Z0Z_R	100.000	21	0	2.87e-07	42.1
M03520:605:000000000-LVNKY:1:1104:26991:23574;size=5	RH.1CC74B91718A42FZ0Z_R	100.000	25	0	1.18e-09	50.1
M03520:605:000000000-LVNKY:1:1104:26991:23574;size=5	RH.1CC74B91718A42FZ0Z_F	100.000	24	0	4.65e-09	48.1
M03520:605:000000000-LVNKY:1:1104:2742:11557;size=5	RH.2A8AD21024974C0Z0Z_F	100.000	26	0	2.98e-10	52.0
M03520:605:000000000-LVNKY:1:1104:27483:11548;size=5	RH.E04EE94198274F7Z0Z_F	100.000	25	0	1.18e-09	50.1
M03520:605:000000000-LVNKY:1:1104:27483:11548;size=5	RH.E04EE94198274F7Z0Z_R	95.833	24	1	1.13e-06	40.1
M03520:605:000000000-LVNKY:1:1104:4586:14109;size=5	RH.7CE39E25906745AZ0Z_R	100.000	26	0	2.98e-10	52.0
M03520:605:000000000-LVNKY:1:1104:4586:14109;size=5	RH.7CE39E25906745AZ0Z_F	100.000	25	0	1.18e-09	50.1
M03520:605:000000000-LVNKY:1:1104:5166:21265;size=5	RH.51338FA06EDB4F0Z0Z_R	95.652	23	1	4.48e-06	38.2
M03520:605:000000000-LVNKY:1:1104:6347:14282;size=5	RH.DDB83AFF97C94C6Z0Z_R	100.000	25	0	1.18e-09	50.1
M03520:605:000000000-LVNKY:1:1104:6347:14282;size=5	RH.DDB83AFF97C94C6Z0Z_F	100.000	24	0	4.65e-09	48.1
M03520:605:000000000-LVNKY:1:1104:6580:18523;size=5	RH.69CEA0AC39F4445Z0Z_R	100.000	23	0	1.84e-08	46.1
M03520:605:000000000-LVNKY:1:1104:6580:18523;size=5	RH.69CEA0AC39F4445Z0Z_F	95.833	24	1	1.13e-06	40.1
M03520:605:000000000-LVNKY:1:1104:7141:11027;size=5	RH.DE543226C201437Z0Z_R	100.000	20	0	1.13e-06	40.1
M03520:605:000000000-LVNKY:1:1104:8339:19655;size=5	RH.27578A9A85FA4A3Z0Z_F	100.000	24	0	4.65e-09	48.1
M03520:605:000000000-LVNKY:1:1104:8339:19655;size=5	RH.27578A9A85FA4A3Z0Z_R	100.000	21	0	2.87e-07	42.1
M03520:605:000000000-LVNKY:1:1104:8703:8269;size=5	RH.0096A141894D447Z0Z_F	100.000	24	0	4.65e-09	48.1
M03520:605:000000000-LVNKY:1:1104:8769:23539;size=5	RH.FDEF34A308684D6Z0Z_F	100.000	24	0	4.65e-09	48.1
M03520:605:000000000-LVNKY:1:1104:9019:12525;size=5	RH.27578A9A85FA4A3Z0Z_F	100.000	24	0	4.65e-09	48.1
M03520:605:000000000-LVNKY:1:1104:9019:12525;size=5	RH.27578A9A85FA4A3Z0Z_R	100.000	22	0	7.27e-08	44.1
M03520:605:000000000-LVNKY:1:1104:9576:21264;size=5	RH.85A5303CAAF54ADZ0Z_R	100.000	22	0	7.27e-08	44.1
M03520:605:000000000-LVNKY:1:1104:9576:21264;size=5	RH.85A5303CAAF54ADZ0Z_F	100.000	21	0	2.87e-07	42.1
M03520:605:000000000-LVNKY:1:1104:9685:9371;size=5	RH.DDB83AFF97C94C6Z0Z_R	100.000	25	0	1.18e-09	50.1
M03520:605:000000000-LVNKY:1:1104:9685:9371;size=5	RH.DDB83AFF97C94C6Z0Z_F	100.000	24	0	4.65e-09	48.1
M03520:605:000000000-LVNKY:1:1105:10335:14402;size=5	RH.DDB83AFF97C94C6Z0Z_R	100.000	25	0	1.18e-09	50.1
M03520:605:000000000-LVNKY:1:1105:10335:14402;size=5	RH.8B25A056ABC1444Z0Z_F	100.000	22	0	7.27e-08	44.1
M03520:605:000000000-LVNKY:1:1105:10775:7607;size=5	RH.185D4E36BBF74FEZ0Z_R	100.000	26	0	2.98e-10	52.0
M03520:605:000000000-LVNKY:1:1105:10775:7607;size=5	RH.185D4E36BBF74FEZ0Z_F	100.000	25	0	1.18e-09	50.1
M03520:605:000000000-LVNKY:1:1105:10919:27687;size=5	RH.B9EF730EBE6C436Z0Z_F	100.000	25	0	1.18e-09	50.1
M03520:605:000000000-LVNKY:1:1105:11315:16933;size=5	RH.B9EF730EBE6C436Z0Z_R	100.000	25	0	1.18e-09	50.1
M03520:605:000000000-LVNKY:1:1105:11315:16933;size=5	RH.B9EF730EBE6C436Z0Z_F	100.000	20	0	1.13e-06	40.1
M03520:605:000000000-LVNKY:1:1105:12631:10836;size=5	RH.0096A141894D447Z0Z_F	100.000	24	0	4.65e-09	48.1
M03520:605:000000000-LVNKY:1:1105:12640:18451;size=5	RH.0550AF0F57084ADZ0Z_F	100.000	24	0	4.65e-09	48.1
M03520:605:000000000-LVNKY:1:1105:12640:18451;size=5	RH.0550AF0F57084ADZ0Z_R	100.000	22	0	7.27e-08	44.1
M03520:605:000000000-LVNKY:1:1105:13535:9868;size=5	RH.7CE39E25906745AZ0Z_R	100.000	26	0	2.98e-10	52.0
M03520:605:000000000-LVNKY:1:1105:13535:9868;size=5	RH.7CE39E25906745AZ0Z_F	100.000	20	0	1.13e-06	40.1
M03520:605:000000000-LVNKY:1:1105:13548:4393;size=5	RH.DDB83AFF97C94C6Z0Z_R	100.000	25	0	1.18e-09	50.1
M03520:605:000000000-LVNKY:1:1105:13729:20480;size=5	RH.E04EE94198274F7Z0Z_F	100.000	25	0	1.18e-09	50.1
M03520:605:000000000-LVNKY:1:1105:13948:20372;size=5	RH.7CE39E25906745AZ0Z_R	100.000	26	0	2.98e-10	52.0
M03520:605:000000000-LVNKY:1:1105:13948:20372;size=5	RH.7CE39E25906745AZ0Z_F	100.000	25	0	1.18e-09	50.1
M03520:605:000000000-LVNKY:1:1105:14524:21216;size=5	RH.B9EF730EBE6C436Z0Z_R	100.000	25	0	1.18e-09	50.1
M03520:605:000000000-LVNKY:1:1105:14524:21216;size=5	RH.B9EF730EBE6C436Z0Z_F	100.000	25	0	1.18e-09	50.1
M03520:605:000000000-LVNKY:1:1105:14837:16525;size=5	RH.6572108A164E48EZ0Z_F	100.000	24	0	4.65e-09	48.1
M03520:605:000000000-LVNKY:1:1105:15973:6376;size=5	RH.7CE39E25906745AZ0Z_R	100.000	26	0	2.98e-10	52.0
M03520:605:000000000-LVNKY:1:1105:15973:6376;size=5	RH.7CE39E25906745AZ0Z_F	100.000	25	0	1.18e-09	50.1
M03520:605:000000000-LVNKY:1:1105:16748:15993;size=5	RH.2AFFFBA0E81C482Z0Z_R	100.000	23	0	1.84e-08	46.1
M03520:605:000000000-LVNKY:1:1105:16748:15993;size=5	RH.2AFFFBA0E81C482Z0Z_F	95.652	23	1	4.48e-06	38.2
M03520:605:000000000-LVNKY:1:1105:17221:27681;size=5	RH.0BD19D1A26A74EBZ0Z_F	100.000	25	0	1.18e-09	50.1
M03520:605:000000000-LVNKY:1:1105:17221:27681;size=5	RH.0BD19D1A26A74EBZ0Z_R	100.000	24	0	4.65e-09	48.1
M03520:605:000000000-LVNKY:1:1105:17467:16103;size=5	RH.B9EF730EBE6C436Z0Z_F	100.000	25	0	1.18e-09	50.1
M03520:605:000000000-LVNKY:1:1105:17467:16103;size=5	RH.B9EF730EBE6C436Z0Z_R	96.000	25	1	2.87e-07	42.1
M03520:605:000000000-LVNKY:1:1105:17507:12392;size=5	RH.0096A141894D447Z0Z_F	100.000	24	0	4.65e-09	48.1
M03520:605:000000000-LVNKY:1:1105:17554:16462;size=5	RH.DE543226C201437Z0Z_R	100.000	20	0	1.13e-06	40.1
M03520:605:000000000-LVNKY:1:1105:18264:12772;size=5	RH.2AFFFBA0E81C482Z0Z_F	100.000	23	0	1.84e-08	46.1
M03520:605:000000000-LVNKY:1:1105:18264:12772;size=5	RH.2AFFFBA0E81C482Z0Z_R	100.000	23	0	1.84e-08	46.1
M03520:605:000000000-LVNKY:1:1105:18945:20986;size=5	RH.1CC74B91718A42FZ0Z_R	100.000	25	0	1.18e-09	50.1
M03520:605:000000000-LVNKY:1:1105:18945:20986;size=5	RH.1CC74B91718A42FZ0Z_F	100.000	24	0	4.65e-09	48.1
M03520:605:000000000-LVNKY:1:1105:19183:13783;size=5	RH.E04EE94198274F7Z0Z_F	100.000	25	0	1.18e-09	50.1
M03520:605:000000000-LVNKY:1:1105:19183:13783;size=5	RH.E04EE94198274F7Z0Z_R	95.833	24	1	1.13e-06	40.1
M03520:605:000000000-LVNKY:1:1105:19343:12944;size=5	RH.27578A9A85FA4A3Z0Z_F	100.000	24	0	4.65e-09	48.1
M03520:605:000000000-LVNKY:1:1105:19343:12944;size=5	RH.27578A9A85FA4A3Z0Z_R	100.000	22	0	7.27e-08	44.1
M03520:605:000000000-LVNKY:1:1105:19564:10749;size=5	RH.7CE39E25906745AZ0Z_R	100.000	26	0	2.98e-10	52.0
M03520:605:000000000-LVNKY:1:1105:19564:10749;size=5	RH.7CE39E25906745AZ0Z_F	100.000	25	0	1.18e-09	50.1
M03520:605:000000000-LVNKY:1:1105:20051:6191;size=5	RH.1CC74B91718A42FZ0Z_F	100.000	24	0	4.65e-09	48.1
M03520:605:000000000-LVNKY:1:1105:20051:6191;size=5	RH.1CC74B91718A42FZ0Z_R	96.000	25	1	2.87e-07	42.1
M03520:605:000000000-LVNKY:1:1105:20251:5193;size=5	RH.0096A141894D447Z0Z_R	100.000	22	0	7.27e-08	44.1
M03520:605:000000000-LVNKY:1:1105:20544:11654;size=5	RH.27578A9A85FA4A3Z0Z_F	100.000	24	0	4.65e-09	48.1
M03520:605:000000000-LVNKY:1:1105:20544:11654;size=5	RH.27578A9A85FA4A3Z0Z_R	100.000	22	0	7.27e-08	44.1
M03520:605:000000000-LVNKY:1:1105:20607:14233;size=5	RH.7CE39E25906745AZ0Z_R	100.000	26	0	2.98e-10	52.0
M03520:605:000000000-LVNKY:1:1105:20607:14233;size=5	RH.7CE39E25906745AZ0Z_F	100.000	25	0	1.18e-09	50.1
M03520:605:000000000-LVNKY:1:1105:2091:17877;size=5	RH.27578A9A85FA4A3Z0Z_F	100.000	24	0	4.65e-09	48.1
M03520:605:000000000-LVNKY:1:1105:2091:17877;size=5	RH.27578A9A85FA4A3Z0Z_R	100.000	22	0	7.27e-08	44.1
M03520:605:000000000-LVNKY:1:1105:21054:7709;size=5	RH.B9EF730EBE6C436Z0Z_R	100.000	25	0	1.18e-09	50.1
M03520:605:000000000-LVNKY:1:1105:21054:7709;size=5	RH.B9EF730EBE6C436Z0Z_F	96.000	25	1	2.87e-07	42.1
M03520:605:000000000-LVNKY:1:1105:21241:20498;size=5	RH.DDB83AFF97C94C6Z0Z_R	100.000	25	0	1.18e-09	50.1
M03520:605:000000000-LVNKY:1:1105:21241:20498;size=5	RH.DDB83AFF97C94C6Z0Z_F	100.000	24	0	4.65e-09	48.1
M03520:605:000000000-LVNKY:1:1105:21659:25128;size=5	RH.E04EE94198274F7Z0Z_F	100.000	25	0	1.18e-09	50.1
M03520:605:000000000-LVNKY:1:1105:22054:15208;size=5	RH.27578A9A85FA4A3Z0Z_F	100.000	24	0	4.65e-09	48.1
M03520:605:000000000-LVNKY:1:1105:22418:23132;size=5	RH.2A8AD21024974C0Z0Z_R	100.000	25	0	1.18e-09	50.1
M03520:605:000000000-LVNKY:1:1105:22682:3842;size=5	RH.0550AF0F57084ADZ0Z_F	100.000	24	0	4.65e-09	48.1
M03520:605:000000000-LVNKY:1:1105:22682:3842;size=5	RH.0550AF0F57084ADZ0Z_R	100.000	22	0	7.27e-08	44.1
M03520:605:000000000-LVNKY:1:1105:22952:21320;size=5	RH.1CC74B91718A42FZ0Z_R	100.000	25	0	1.18e-09	50.1
M03520:605:000000000-LVNKY:1:1105:22952:21320;size=5	RH.1CC74B91718A42FZ0Z_F	100.000	24	0	4.65e-09	48.1
M03520:605:000000000-LVNKY:1:1105:24166:23953;size=5	RH.51338FA06EDB4F0Z0Z_R	100.000	25	0	1.18e-09	50.1
M03520:605:000000000-LVNKY:1:1105:24166:23953;size=5	RH.51338FA06EDB4F0Z0Z_F	96.000	25	1	2.87e-07	42.1
M03520:605:000000000-LVNKY:1:1105:24340:19614;size=5	RH.2091F326F74640CZ0Z_F	100.000	24	0	4.65e-09	48.1
M03520:605:000000000-LVNKY:1:1105:24454:19590;size=5	RH.E04EE94198274F7Z0Z_F	96.000	25	1	2.87e-07	42.1
M03520:605:000000000-LVNKY:1:1105:24454:19590;size=5	RH.E04EE94198274F7Z0Z_R	95.833	24	1	1.13e-06	40.1
M03520:605:000000000-LVNKY:1:1105:24460:8249;size=5	RH.CF953F27F5674E1Z0Z_F	100.000	26	0	2.98e-10	52.0
M03520:605:000000000-LVNKY:1:1105:24460:8249;size=5	RH.CF953F27F5674E1Z0Z_R	100.000	25	0	1.18e-09	50.1
M03520:605:000000000-LVNKY:1:1105:24734:25852;size=5	RH.27578A9A85FA4A3Z0Z_F	100.000	24	0	4.65e-09	48.1
M03520:605:000000000-LVNKY:1:1105:24734:25852;size=5	RH.27578A9A85FA4A3Z0Z_R	100.000	22	0	7.27e-08	44.1
M03520:605:000000000-LVNKY:1:1105:25039:23306;size=5	RH.27578A9A85FA4A3Z0Z_R	100.000	22	0	7.27e-08	44.1
M03520:605:000000000-LVNKY:1:1105:25039:23306;size=5	RH.27578A9A85FA4A3Z0Z_F	95.833	24	1	1.13e-06	40.1
M03520:605:000000000-LVNKY:1:1105:2528:13324;size=5	RH.2A8AD21024974C0Z0Z_F	100.000	26	0	2.98e-10	52.0
M03520:605:000000000-LVNKY:1:1105:2528:13324;size=5	RH.2A8AD21024974C0Z0Z_R	100.000	25	0	1.18e-09	50.1
M03520:605:000000000-LVNKY:1:1105:26766:17021;size=5	RH.27578A9A85FA4A3Z0Z_F	100.000	24	0	4.65e-09	48.1
M03520:605:000000000-LVNKY:1:1105:26766:17021;size=5	RH.27578A9A85FA4A3Z0Z_R	100.000	22	0	7.27e-08	44.1
M03520:605:000000000-LVNKY:1:1105:27517:12256;size=5	RH.51338FA06EDB4F0Z0Z_R	95.652	23	1	4.48e-06	38.2
M03520:605:000000000-LVNKY:1:1105:7326:4548;size=5	RH.7CE39E25906745AZ0Z_R	100.000	26	0	2.98e-10	52.0
M03520:605:000000000-LVNKY:1:1105:7326:4548;size=5	RH.7CE39E25906745AZ0Z_F	100.000	25	0	1.18e-09	50.1
M03520:605:000000000-LVNKY:1:1105:8595:17559;size=5	RH.2AFFFBA0E81C482Z0Z_R	100.000	23	0	1.84e-08	46.1
M03520:605:000000000-LVNKY:1:1105:8595:17559;size=5	RH.2AFFFBA0E81C482Z0Z_F	100.000	23	0	1.84e-08	46.1
M03520:605:000000000-LVNKY:1:1105:8630:4416;size=5	RH.7CE39E25906745AZ0Z_R	100.000	26	0	2.98e-10	52.0
M03520:605:000000000-LVNKY:1:1105:8630:4416;size=5	RH.7CE39E25906745AZ0Z_F	100.000	25	0	1.18e-09	50.1
M03520:605:000000000-LVNKY:1:1105:9678:8285;size=5	RH.2091F326F74640CZ0Z_F	100.000	24	0	4.65e-09	48.1
M03520:605:000000000-LVNKY:1:1105:9678:8285;size=5	RH.2091F326F74640CZ0Z_R	100.000	22	0	7.27e-08	44.1
M03520:605:000000000-LVNKY:1:1105:9753:15297;size=5	RH.DE543226C201437Z0Z_R	100.000	20	0	1.13e-06	40.1
M03520:605:000000000-LVNKY:1:1105:9753:15297;size=5	RH.51338FA06EDB4F0Z0Z_R	95.652	23	1	4.48e-06	38.2
M03520:605:000000000-LVNKY:1:1105:9942:4889;size=5	RH.7CE39E25906745AZ0Z_F	100.000	25	0	1.18e-09	50.1
M03520:605:000000000-LVNKY:1:1105:9942:4889;size=5	RH.7CE39E25906745AZ0Z_R	96.154	26	1	7.27e-08	44.1
M03520:605:000000000-LVNKY:1:1105:9977:7176;size=5	RH.6572108A164E48EZ0Z_R	100.000	25	0	1.18e-09	50.1
M03520:605:000000000-LVNKY:1:1106:10327:9135;size=5	RH.51338FA06EDB4F0Z0Z_R	100.000	25	0	1.18e-09	50.1
M03520:605:000000000-LVNKY:1:1106:10327:9135;size=5	RH.51338FA06EDB4F0Z0Z_F	100.000	23	0	1.84e-08	46.1
M03520:605:000000000-LVNKY:1:1106:10758:22003;size=5	RH.85A5303CAAF54ADZ0Z_R	100.000	22	0	7.27e-08	44.1
M03520:605:000000000-LVNKY:1:1106:11214:6632;size=5	RH.69CEA0AC39F4445Z0Z_F	100.000	24	0	4.65e-09	48.1
M03520:605:000000000-LVNKY:1:1106:11214:6632;size=5	RH.69CEA0AC39F4445Z0Z_R	100.000	23	0	1.84e-08	46.1
M03520:605:000000000-LVNKY:1:1106:11373:24423;size=5	RH.0096A141894D447Z0Z_F	100.000	24	0	4.65e-09	48.1
M03520:605:000000000-LVNKY:1:1106:11373:24423;size=5	RH.0096A141894D447Z0Z_R	100.000	21	0	2.87e-07	42.1
M03520:605:000000000-LVNKY:1:1106:11908:12034;size=5	RH.CF953F27F5674E1Z0Z_F	100.000	26	0	2.98e-10	52.0
M03520:605:000000000-LVNKY:1:1106:11908:12034;size=5	RH.CF953F27F5674E1Z0Z_R	100.000	25	0	1.18e-09	50.1
M03520:605:000000000-LVNKY:1:1106:12327:12787;size=5	RH.85A5303CAAF54ADZ0Z_R	100.000	22	0	7.27e-08	44.1
M03520:605:000000000-LVNKY:1:1106:12327:12787;size=5	RH.85A5303CAAF54ADZ0Z_F	100.000	21	0	2.87e-07	42.1
M03520:605:000000000-LVNKY:1:1106:12390:18467;size=5	RH.DDB83AFF97C94C6Z0Z_R	100.000	25	0	1.18e-09	50.1
M03520:605:000000000-LVNKY:1:1106:12390:18467;size=5	RH.DDB83AFF97C94C6Z0Z_F	100.000	24	0	4.65e-09	48.1
M03520:605:000000000-LVNKY:1:1106:13599:1592;size=5	RH.69CEA0AC39F4445Z0Z_F	100.000	24	0	4.65e-09	48.1
M03520:605:000000000-LVNKY:1:1106:13599:1592;size=5	RH.69CEA0AC39F4445Z0Z_R	100.000	21	0	2.87e-07	42.1
M03520:605:000000000-LVNKY:1:1106:13714:12398;size=5	RH.2A8AD21024974C0Z0Z_F	100.000	26	0	2.98e-10	52.0
M03520:605:000000000-LVNKY:1:1106:13714:12398;size=5	RH.2A8AD21024974C0Z0Z_R	100.000	25	0	1.18e-09	50.1
M03520:605:000000000-LVNKY:1:1106:13937:5835;size=5	RH.B9EF730EBE6C436Z0Z_R	100.000	25	0	1.18e-09	50.1
M03520:605:000000000-LVNKY:1:1106:13937:5835;size=5	RH.B9EF730EBE6C436Z0Z_F	100.000	25	0	1.18e-09	50.1
M03520:605:000000000-LVNKY:1:1106:15546:13998;size=5	RH.7CE39E25906745AZ0Z_R	100.000	26	0	2.98e-10	52.0
M03520:605:000000000-LVNKY:1:1106:15546:13998;size=5	RH.7CE39E25906745AZ0Z_F	100.000	25	0	1.18e-09	50.1
M03520:605:000000000-LVNKY:1:1106:15799:23885;size=5	RH.8B25A056ABC1444Z0Z_F	100.000	25	0	1.18e-09	50.1
M03520:605:000000000-LVNKY:1:1106:15799:23885;size=5	RH.8B25A056ABC1444Z0Z_R	100.000	24	0	4.65e-09	48.1
M03520:605:000000000-LVNKY:1:1106:16390:26433;size=5	RH.2A8AD21024974C0Z0Z_R	100.000	25	0	1.18e-09	50.1
M03520:605:000000000-LVNKY:1:1106:16390:26433;size=5	RH.2A8AD21024974C0Z0Z_F	96.154	26	1	7.27e-08	44.1
M03520:605:000000000-LVNKY:1:1106:16821:17793;size=5	RH.DDB83AFF97C94C6Z0Z_R	100.000	25	0	1.18e-09	50.1
M03520:605:000000000-LVNKY:1:1106:16821:17793;size=5	RH.DDB83AFF97C94C6Z0Z_F	100.000	24	0	4.65e-09	48.1
M03520:605:000000000-LVNKY:1:1106:17340:25243;size=5	RH.85A5303CAAF54ADZ0Z_F	100.000	21	0	2.87e-07	42.1
M03520:605:000000000-LVNKY:1:1106:17343:14815;size=5	RH.2A8AD21024974C0Z0Z_F	100.000	26	0	2.98e-10	52.0
M03520:605:000000000-LVNKY:1:1106:17343:14815;size=5	RH.2A8AD21024974C0Z0Z_R	100.000	25	0	1.18e-09	50.1
M03520:605:000000000-LVNKY:1:1106:17477:24478;size=5	RH.0BD19D1A26A74EBZ0Z_F	100.000	25	0	1.18e-09	50.1
M03520:605:000000000-LVNKY:1:1106:17477:24478;size=5	RH.0BD19D1A26A74EBZ0Z_R	100.000	24	0	4.65e-09	48.1
M03520:605:000000000-LVNKY:1:1106:18000:7630;size=5	RH.2AFFFBA0E81C482Z0Z_R	100.000	23	0	1.84e-08	46.1
M03520:605:000000000-LVNKY:1:1106:18000:7630;size=5	RH.2AFFFBA0E81C482Z0Z_F	100.000	23	0	1.84e-08	46.1
M03520:605:000000000-LVNKY:1:1106:18036:6408;size=5	RH.B9EF730EBE6C436Z0Z_R	100.000	25	0	1.18e-09	50.1
M03520:605:000000000-LVNKY:1:1106:18036:6408;size=5	RH.B9EF730EBE6C436Z0Z_F	100.000	25	0	1.18e-09	50.1
M03520:605:000000000-LVNKY:1:1106:19409:10523;size=5	RH.2A8AD21024974C0Z0Z_F	100.000	26	0	2.98e-10	52.0
M03520:605:000000000-LVNKY:1:1106:19409:10523;size=5	RH.2A8AD21024974C0Z0Z_R	100.000	25	0	1.18e-09	50.1
M03520:605:000000000-LVNKY:1:1106:19885:11090;size=5	RH.2A8AD21024974C0Z0Z_F	100.000	26	0	2.98e-10	52.0
M03520:605:000000000-LVNKY:1:1106:19885:11090;size=5	RH.2A8AD21024974C0Z0Z_R	100.000	25	0	1.18e-09	50.1
M03520:605:000000000-LVNKY:1:1106:20349:5534;size=5	RH.69CEA0AC39F4445Z0Z_R	100.000	23	0	1.84e-08	46.1
M03520:605:000000000-LVNKY:1:1106:20349:5534;size=5	RH.69CEA0AC39F4445Z0Z_F	100.000	20	0	1.13e-06	40.1
M03520:605:000000000-LVNKY:1:1106:20730:6731;size=5	RH.8B25A056ABC1444Z0Z_F	100.000	22	0	7.27e-08	44.1
M03520:605:000000000-LVNKY:1:1106:20730:6731;size=5	RH.8B25A056ABC1444Z0Z_R	95.833	24	1	1.13e-06	40.1
M03520:605:000000000-LVNKY:1:1106:22911:20517;size=5	RH.2A8AD21024974C0Z0Z_F	100.000	26	0	2.98e-10	52.0
M03520:605:000000000-LVNKY:1:1106:22911:20517;size=5	RH.2A8AD21024974C0Z0Z_R	100.000	25	0	1.18e-09	50.1
M03520:605:000000000-LVNKY:1:1106:23918:12074;size=5	RH.DDB83AFF97C94C6Z0Z_F	100.000	24	0	4.65e-09	48.1
M03520:605:000000000-LVNKY:1:1106:23918:12074;size=5	RH.DDB83AFF97C94C6Z0Z_R	100.000	22	0	7.27e-08	44.1
M03520:605:000000000-LVNKY:1:1106:24064:25707;size=5	RH.8B25A056ABC1444Z0Z_R	100.000	24	0	4.65e-09	48.1
M03520:605:000000000-LVNKY:1:1106:24064:25707;size=5	RH.8B25A056ABC1444Z0Z_F	96.000	25	1	2.87e-07	42.1
M03520:605:000000000-LVNKY:1:1106:3751:9364;size=5	RH.2091F326F74640CZ0Z_F	100.000	24	0	4.65e-09	48.1
M03520:605:000000000-LVNKY:1:1106:3751:9364;size=5	RH.2091F326F74640CZ0Z_R	100.000	22	0	7.27e-08	44.1
M03520:605:000000000-LVNKY:1:1106:4203:15050;size=5	RH.DDB83AFF97C94C6Z0Z_F	100.000	24	0	4.65e-09	48.1
M03520:605:000000000-LVNKY:1:1106:4203:15050;size=5	RH.DDB83AFF97C94C6Z0Z_R	96.000	25	1	2.87e-07	42.1
M03520:605:000000000-LVNKY:1:1106:4640:11585;size=5	RH.85A5303CAAF54ADZ0Z_F	100.000	21	0	2.87e-07	42.1
M03520:605:000000000-LVNKY:1:1106:4995:15383;size=5	RH.7CE39E25906745AZ0Z_R	100.000	26	0	2.98e-10	52.0
M03520:605:000000000-LVNKY:1:1106:4995:15383;size=5	RH.7CE39E25906745AZ0Z_F	100.000	25	0	1.18e-09	50.1
M03520:605:000000000-LVNKY:1:1106:5089:18101;size=5	RH.27578A9A85FA4A3Z0Z_F	100.000	24	0	4.65e-09	48.1
M03520:605:000000000-LVNKY:1:1106:5089:18101;size=5	RH.27578A9A85FA4A3Z0Z_R	100.000	22	0	7.27e-08	44.1
M03520:605:000000000-LVNKY:1:1106:5243:15684;size=5	RH.0550AF0F57084ADZ0Z_F	100.000	24	0	4.65e-09	48.1
M03520:605:000000000-LVNKY:1:1106:5243:15684;size=5	RH.0550AF0F57084ADZ0Z_R	100.000	22	0	7.27e-08	44.1
M03520:605:000000000-LVNKY:1:1106:7948:19412;size=5	RH.2AFFFBA0E81C482Z0Z_F	100.000	23	0	1.84e-08	46.1
M03520:605:000000000-LVNKY:1:1106:7948:19412;size=5	RH.2AFFFBA0E81C482Z0Z_R	100.000	23	0	1.84e-08	46.1
M03520:605:000000000-LVNKY:1:1106:9628:18353;size=5	RH.0550AF0F57084ADZ0Z_R	100.000	22	0	7.27e-08	44.1
M03520:605:000000000-LVNKY:1:1107:13414:6450;size=5	RH.B9EF730EBE6C436Z0Z_F	100.000	25	0	1.18e-09	50.1
M03520:605:000000000-LVNKY:1:1107:13414:6450;size=5	RH.B9EF730EBE6C436Z0Z_R	96.000	25	1	2.87e-07	42.1
M03520:605:000000000-LVNKY:1:1107:13845:1867;size=5	RH.0BD19D1A26A74EBZ0Z_F	100.000	25	0	1.18e-09	50.1
M03520:605:000000000-LVNKY:1:1107:13845:1867;size=5	RH.0BD19D1A26A74EBZ0Z_R	100.000	24	0	4.65e-09	48.1
M03520:605:000000000-LVNKY:1:1107:14919:12538;size=5	RH.DDB83AFF97C94C6Z0Z_R	100.000	25	0	1.18e-09	50.1
M03520:605:000000000-LVNKY:1:1107:14919:12538;size=5	RH.DDB83AFF97C94C6Z0Z_F	100.000	24	0	4.65e-09	48.1
M03520:605:000000000-LVNKY:1:1107:15978:1702;size=5	RH.7CE39E25906745AZ0Z_R	100.000	26	0	2.98e-10	52.0
M03520:605:000000000-LVNKY:1:1107:15978:1702;size=5	RH.7CE39E25906745AZ0Z_F	100.000	25	0	1.18e-09	50.1
M03520:605:000000000-LVNKY:1:1107:16380:11784;size=5	RH.0550AF0F57084ADZ0Z_F	100.000	24	0	4.65e-09	48.1
M03520:605:000000000-LVNKY:1:1107:16380:11784;size=5	RH.0550AF0F57084ADZ0Z_R	100.000	22	0	7.27e-08	44.1
M03520:605:000000000-LVNKY:1:1107:17477:7983;size=5	RH.2AFFFBA0E81C482Z0Z_R	100.000	23	0	1.84e-08	46.1
M03520:605:000000000-LVNKY:1:1107:17477:7983;size=5	RH.1CC74B91718A42FZ0Z_F	100.000	20	0	1.13e-06	40.1
M03520:605:000000000-LVNKY:1:1107:18217:11550;size=5	RH.2A8AD21024974C0Z0Z_R	100.000	25	0	1.18e-09	50.1
M03520:605:000000000-LVNKY:1:1107:18217:11550;size=5	RH.2A8AD21024974C0Z0Z_F	96.154	26	1	7.27e-08	44.1
M03520:605:000000000-LVNKY:1:1107:18532:6084;size=5	RH.85A5303CAAF54ADZ0Z_R	100.000	22	0	7.27e-08	44.1
M03520:605:000000000-LVNKY:1:1107:18532:6084;size=5	RH.85A5303CAAF54ADZ0Z_F	100.000	21	0	2.87e-07	42.1
M03520:605:000000000-LVNKY:1:1107:18922:3485;size=5	RH.2A8AD21024974C0Z0Z_R	100.000	25	0	1.18e-09	50.1
M03520:605:000000000-LVNKY:1:1107:18922:3485;size=5	RH.2A8AD21024974C0Z0Z_F	96.154	26	1	7.27e-08	44.1
M03520:605:000000000-LVNKY:1:1107:19045:13632;size=5	RH.0BD19D1A26A74EBZ0Z_F	100.000	25	0	1.18e-09	50.1
M03520:605:000000000-LVNKY:1:1107:19045:13632;size=5	RH.0BD19D1A26A74EBZ0Z_R	100.000	24	0	4.65e-09	48.1
M03520:605:000000000-LVNKY:1:1107:19599:8993;size=5	RH.AB03371A973C4B1Z0Z_F	100.000	24	0	4.65e-09	48.1
M03520:605:000000000-LVNKY:1:1107:19599:8993;size=5	RH.AB03371A973C4B1Z0Z_R	100.000	21	0	2.87e-07	42.1
M03520:605:000000000-LVNKY:1:1107:19974:17063;size=5	RH.B9EF730EBE6C436Z0Z_R	100.000	25	0	1.18e-09	50.1
M03520:605:000000000-LVNKY:1:1107:19974:17063;size=5	RH.B9EF730EBE6C436Z0Z_F	100.000	23	0	1.84e-08	46.1
M03520:605:000000000-LVNKY:1:1107:20327:14356;size=5	RH.0BD19D1A26A74EBZ0Z_F	100.000	25	0	1.18e-09	50.1
M03520:605:000000000-LVNKY:1:1107:20327:14356;size=5	RH.0BD19D1A26A74EBZ0Z_R	100.000	24	0	4.65e-09	48.1
M03520:605:000000000-LVNKY:1:1107:21444:10061;size=5	RH.7CE39E25906745AZ0Z_R	100.000	26	0	2.98e-10	52.0
M03520:605:000000000-LVNKY:1:1107:21444:10061;size=5	RH.7CE39E25906745AZ0Z_F	100.000	25	0	1.18e-09	50.1
M03520:605:000000000-LVNKY:1:1107:22236:3790;size=5	RH.7CE39E25906745AZ0Z_R	100.000	26	0	2.98e-10	52.0
M03520:605:000000000-LVNKY:1:1107:22236:3790;size=5	RH.7CE39E25906745AZ0Z_F	100.000	25	0	1.18e-09	50.1
M03520:605:000000000-LVNKY:1:1107:22546:9757;size=5	RH.9CE451C90696466Z0Z_R	100.000	24	0	4.65e-09	48.1
M03520:605:000000000-LVNKY:1:1107:22546:9757;size=5	RH.9CE451C90696466Z0Z_F	100.000	24	0	4.65e-09	48.1
M03520:605:000000000-LVNKY:1:1107:23852:13952;size=5	RH.6408CE975B5340AZ0Z_F	100.000	26	0	2.98e-10	52.0
M03520:605:000000000-LVNKY:1:1107:23852:13952;size=5	RH.6408CE975B5340AZ0Z_R	96.154	26	1	7.27e-08	44.1
M03520:605:000000000-LVNKY:1:1107:24189:5498;size=5	RH.DDB83AFF97C94C6Z0Z_R	100.000	24	0	4.65e-09	48.1
M03520:605:000000000-LVNKY:1:1107:24189:5498;size=5	RH.DDB83AFF97C94C6Z0Z_F	100.000	24	0	4.65e-09	48.1
M03520:605:000000000-LVNKY:1:1107:2533:17054;size=5	RH.72B9E3F522264B3Z0Z_F	100.000	22	0	7.27e-08	44.1
M03520:605:000000000-LVNKY:1:1107:2533:17054;size=5	RH.72B9E3F522264B3Z0Z_R	100.000	20	0	1.13e-06	40.1
M03520:605:000000000-LVNKY:1:1107:25373:5376;size=5	RH.E4C34C29ADFB490Z0Z_F	100.000	22	0	7.27e-08	44.1
M03520:605:000000000-LVNKY:1:1107:25373:5376;size=5	RH.E4C34C29ADFB490Z0Z_R	95.652	23	1	4.48e-06	38.2
M03520:605:000000000-LVNKY:1:1107:3693:16067;size=5	RH.6572108A164E48EZ0Z_R	96.000	25	1	2.87e-07	42.1
M03520:605:000000000-LVNKY:1:1107:3693:16067;size=5	RH.F7E3D42951B44CCZ0Z_F	100.000	21	0	2.87e-07	42.1
M03520:605:000000000-LVNKY:1:1107:3693:16067;size=5	RH.F7E3D42951B44CCZ0Z_R	100.000	19	0	4.48e-06	38.2
M03520:605:000000000-LVNKY:1:1107:7015:15681;size=5	RH.F7E3D42951B44CCZ0Z_F	100.000	21	0	2.87e-07	42.1
M03520:605:000000000-LVNKY:1:1107:7849:4714;size=5	RH.3F0C3BDDC55E465Z0Z_F	100.000	30	0	1.22e-12	60.0
M03520:605:000000000-LVNKY:1:1107:7849:4714;size=5	RH.3F0C3BDDC55E465Z0Z_R	96.552	29	1	1.18e-09	50.1
M03520:605:000000000-LVNKY:1:1107:9170:6468;size=5	RH.DDB83AFF97C94C6Z0Z_R	100.000	25	0	1.18e-09	50.1
M03520:605:000000000-LVNKY:1:1107:9170:6468;size=5	RH.DDB83AFF97C94C6Z0Z_F	95.833	24	1	1.13e-06	40.1
M03520:605:000000000-LVNKY:1:1107:9906:22027;size=5	RH.69CEA0AC39F4445Z0Z_F	100.000	24	0	4.65e-09	48.1
M03520:605:000000000-LVNKY:1:1107:9906:22027;size=5	RH.69CEA0AC39F4445Z0Z_R	100.000	23	0	1.84e-08	46.1
M03520:605:000000000-LVNKY:1:1108:10378:4415;size=5	RH.27578A9A85FA4A3Z0Z_F	100.000	24	0	4.65e-09	48.1
M03520:605:000000000-LVNKY:1:1108:10378:4415;size=5	RH.27578A9A85FA4A3Z0Z_R	100.000	22	0	7.27e-08	44.1
M03520:605:000000000-LVNKY:1:1108:11269:5112;size=5	RH.7CE39E25906745AZ0Z_R	100.000	26	0	2.98e-10	52.0
M03520:605:000000000-LVNKY:1:1108:11269:5112;size=5	RH.7CE39E25906745AZ0Z_F	100.000	25	0	1.18e-09	50.1
M03520:605:000000000-LVNKY:1:1108:12557:19009;size=5	RH.B9EF730EBE6C436Z0Z_R	100.000	25	0	1.18e-09	50.1
M03520:605:000000000-LVNKY:1:1108:12557:19009;size=5	RH.B9EF730EBE6C436Z0Z_F	100.000	25	0	1.18e-09	50.1
M03520:605:000000000-LVNKY:1:1108:14821:9896;size=5	RH.DDB83AFF97C94C6Z0Z_R	100.000	25	0	1.18e-09	50.1
M03520:605:000000000-LVNKY:1:1108:14821:9896;size=5	RH.DDB83AFF97C94C6Z0Z_F	100.000	24	0	4.65e-09	48.1
M03520:605:000000000-LVNKY:1:1108:15001:24969;size=5	RH.2AFFFBA0E81C482Z0Z_R	100.000	23	0	1.84e-08	46.1
M03520:605:000000000-LVNKY:1:1108:15001:24969;size=5	RH.2AFFFBA0E81C482Z0Z_F	100.000	23	0	1.84e-08	46.1
M03520:605:000000000-LVNKY:1:1108:15263:9515;size=5	RH.0096A141894D447Z0Z_F	100.000	24	0	4.65e-09	48.1
M03520:605:000000000-LVNKY:1:1108:15263:9515;size=5	RH.0096A141894D447Z0Z_R	100.000	21	0	2.87e-07	42.1
M03520:605:000000000-LVNKY:1:1108:15544:23412;size=5	RH.E04EE94198274F7Z0Z_F	100.000	25	0	1.18e-09	50.1
M03520:605:000000000-LVNKY:1:1108:15544:23412;size=5	RH.E04EE94198274F7Z0Z_R	95.833	24	1	1.13e-06	40.1
M03520:605:000000000-LVNKY:1:1108:15968:18851;size=5	RH.DDB83AFF97C94C6Z0Z_R	100.000	25	0	1.18e-09	50.1
M03520:605:000000000-LVNKY:1:1108:15968:18851;size=5	RH.8B25A056ABC1444Z0Z_F	100.000	22	0	7.27e-08	44.1
M03520:605:000000000-LVNKY:1:1108:16066:24249;size=5	RH.2091F326F74640CZ0Z_F	100.000	24	0	4.65e-09	48.1
M03520:605:000000000-LVNKY:1:1108:16066:24249;size=5	RH.2091F326F74640CZ0Z_R	100.000	22	0	7.27e-08	44.1
M03520:605:000000000-LVNKY:1:1108:16895:15531;size=5	RH.7CE39E25906745AZ0Z_R	100.000	26	0	2.98e-10	52.0
M03520:605:000000000-LVNKY:1:1108:16895:15531;size=5	RH.7CE39E25906745AZ0Z_F	96.000	25	1	2.87e-07	42.1
M03520:605:000000000-LVNKY:1:1108:17442:20051;size=5	RH.CF953F27F5674E1Z0Z_R	100.000	25	0	1.18e-09	50.1
M03520:605:000000000-LVNKY:1:1108:17442:20051;size=5	RH.CF953F27F5674E1Z0Z_F	100.000	22	0	7.27e-08	44.1
M03520:605:000000000-LVNKY:1:1108:18285:16624;size=5	RH.2AFFFBA0E81C482Z0Z_F	100.000	23	0	1.84e-08	46.1
M03520:605:000000000-LVNKY:1:1108:18285:16624;size=5	RH.2AFFFBA0E81C482Z0Z_R	100.000	19	0	4.48e-06	38.2
M03520:605:000000000-LVNKY:1:1108:18801:9926;size=5	RH.DDB83AFF97C94C6Z0Z_R	100.000	25	0	1.18e-09	50.1
M03520:605:000000000-LVNKY:1:1108:18801:9926;size=5	RH.8B25A056ABC1444Z0Z_F	100.000	22	0	7.27e-08	44.1
M03520:605:000000000-LVNKY:1:1108:19358:15723;size=5	RH.2AFFFBA0E81C482Z0Z_F	100.000	23	0	1.84e-08	46.1
M03520:605:000000000-LVNKY:1:1108:19358:15723;size=5	RH.2AFFFBA0E81C482Z0Z_R	100.000	23	0	1.84e-08	46.1
M03520:605:000000000-LVNKY:1:1108:19363:11319;size=5	RH.2A8AD21024974C0Z0Z_F	100.000	26	0	2.98e-10	52.0
M03520:605:000000000-LVNKY:1:1108:19363:11319;size=5	RH.2A8AD21024974C0Z0Z_R	100.000	25	0	1.18e-09	50.1
M03520:605:000000000-LVNKY:1:1108:19392:13281;size=5	RH.2AFFFBA0E81C482Z0Z_R	100.000	23	0	1.84e-08	46.1
M03520:605:000000000-LVNKY:1:1108:19392:13281;size=5	RH.2AFFFBA0E81C482Z0Z_F	100.000	19	0	4.48e-06	38.2
M03520:605:000000000-LVNKY:1:1108:21140:19897;size=5	RH.DDB83AFF97C94C6Z0Z_R	100.000	25	0	1.18e-09	50.1
M03520:605:000000000-LVNKY:1:1108:21140:19897;size=5	RH.DDB83AFF97C94C6Z0Z_F	100.000	24	0	4.65e-09	48.1
M03520:605:000000000-LVNKY:1:1108:23317:8152;size=5	RH.0096A141894D447Z0Z_F	100.000	24	0	4.65e-09	48.1
M03520:605:000000000-LVNKY:1:1108:23317:8152;size=5	RH.0096A141894D447Z0Z_R	100.000	21	0	2.87e-07	42.1
M03520:605:000000000-LVNKY:1:1108:23620:20589;size=5	RH.DDB83AFF97C94C6Z0Z_R	100.000	25	0	1.18e-09	50.1
M03520:605:000000000-LVNKY:1:1108:23620:20589;size=5	RH.DDB83AFF97C94C6Z0Z_F	100.000	24	0	4.65e-09	48.1
M03520:605:000000000-LVNKY:1:1108:24118:10865;size=5	RH.DDB83AFF97C94C6Z0Z_R	100.000	25	0	1.18e-09	50.1
M03520:605:000000000-LVNKY:1:1108:24118:10865;size=5	RH.DDB83AFF97C94C6Z0Z_F	95.833	24	1	1.13e-06	40.1
M03520:605:000000000-LVNKY:1:1108:24466:20753;size=5	RH.0096A141894D447Z0Z_R	100.000	22	0	7.27e-08	44.1
M03520:605:000000000-LVNKY:1:1108:24936:23706;size=5	RH.2AFFFBA0E81C482Z0Z_R	100.000	23	0	1.84e-08	46.1
M03520:605:000000000-LVNKY:1:1108:24936:23706;size=5	RH.2AFFFBA0E81C482Z0Z_F	100.000	23	0	1.84e-08	46.1
M03520:605:000000000-LVNKY:1:1108:25315:20613;size=5	RH.CA1E204B0C0842DZ0Z_F	100.000	26	0	2.98e-10	52.0
M03520:605:000000000-LVNKY:1:1108:25315:20613;size=5	RH.CA1E204B0C0842DZ0Z_R	100.000	24	0	4.65e-09	48.1
M03520:605:000000000-LVNKY:1:1108:25498:12619;size=5	RH.1CC74B91718A42FZ0Z_F	100.000	24	0	4.65e-09	48.1
M03520:605:000000000-LVNKY:1:1108:25498:12619;size=5	RH.1CC74B91718A42FZ0Z_R	96.000	25	1	2.87e-07	42.1
M03520:605:000000000-LVNKY:1:1108:26551:22306;size=5	RH.DDB83AFF97C94C6Z0Z_R	100.000	25	0	1.18e-09	50.1
M03520:605:000000000-LVNKY:1:1108:26551:22306;size=5	RH.8B25A056ABC1444Z0Z_F	100.000	22	0	7.27e-08	44.1
M03520:605:000000000-LVNKY:1:1108:26621:8787;size=5	RH.DDB83AFF97C94C6Z0Z_R	100.000	25	0	1.18e-09	50.1
M03520:605:000000000-LVNKY:1:1108:27349:10095;size=5	RH.85A5303CAAF54ADZ0Z_R	100.000	22	0	7.27e-08	44.1
M03520:605:000000000-LVNKY:1:1108:28975:15224;size=5	RH.1CC74B91718A42FZ0Z_R	100.000	25	0	1.18e-09	50.1
M03520:605:000000000-LVNKY:1:1108:28975:15224;size=5	RH.1CC74B91718A42FZ0Z_F	100.000	24	0	4.65e-09	48.1
M03520:605:000000000-LVNKY:1:1108:5118:21384;size=5	RH.7CE39E25906745AZ0Z_R	100.000	26	0	2.98e-10	52.0
M03520:605:000000000-LVNKY:1:1108:5118:21384;size=5	RH.7CE39E25906745AZ0Z_F	100.000	25	0	1.18e-09	50.1
M03520:605:000000000-LVNKY:1:1108:6939:5949;size=5	RH.DDB83AFF97C94C6Z0Z_R	100.000	25	0	1.18e-09	50.1
M03520:605:000000000-LVNKY:1:1108:6939:5949;size=5	RH.DDB83AFF97C94C6Z0Z_F	100.000	24	0	4.65e-09	48.1
M03520:605:000000000-LVNKY:1:1108:7069:19371;size=5	RH.1ED162FCE898487Z0Z_F	100.000	26	0	2.98e-10	52.0
M03520:605:000000000-LVNKY:1:1108:7235:5752;size=5	RH.0BD19D1A26A74EBZ0Z_F	100.000	25	0	1.18e-09	50.1
M03520:605:000000000-LVNKY:1:1108:7235:5752;size=5	RH.0BD19D1A26A74EBZ0Z_R	100.000	24	0	4.65e-09	48.1
M03520:605:000000000-LVNKY:1:1108:8055:13095;size=5	RH.B9EF730EBE6C436Z0Z_R	100.000	25	0	1.18e-09	50.1
M03520:605:000000000-LVNKY:1:1108:8055:13095;size=5	RH.B9EF730EBE6C436Z0Z_F	100.000	25	0	1.18e-09	50.1
M03520:605:000000000-LVNKY:1:1108:9479:13918;size=5	RH.0096A141894D447Z0Z_R	100.000	21	0	2.87e-07	42.1
M03520:605:000000000-LVNKY:1:1108:9479:13918;size=5	RH.0096A141894D447Z0Z_F	95.833	24	1	1.13e-06	40.1
M03520:605:000000000-LVNKY:1:1109:10360:24328;size=5	RH.B9EF730EBE6C436Z0Z_R	100.000	25	0	1.18e-09	50.1
M03520:605:000000000-LVNKY:1:1109:10360:24328;size=5	RH.B9EF730EBE6C436Z0Z_F	100.000	25	0	1.18e-09	50.1
M03520:605:000000000-LVNKY:1:1109:10702:21933;size=5	RH.DDB83AFF97C94C6Z0Z_R	100.000	25	0	1.18e-09	50.1
M03520:605:000000000-LVNKY:1:1109:10702:21933;size=5	RH.DDB83AFF97C94C6Z0Z_F	100.000	24	0	4.65e-09	48.1
M03520:605:000000000-LVNKY:1:1109:11227:17460;size=5	RH.B9EF730EBE6C436Z0Z_R	100.000	25	0	1.18e-09	50.1
M03520:605:000000000-LVNKY:1:1109:11348:27674;size=5	RH.B9EF730EBE6C436Z0Z_F	100.000	25	0	1.18e-09	50.1
M03520:605:000000000-LVNKY:1:1109:12981:11345;size=5	RH.0BD19D1A26A74EBZ0Z_R	100.000	24	0	4.65e-09	48.1
M03520:605:000000000-LVNKY:1:1109:12981:11345;size=5	RH.0BD19D1A26A74EBZ0Z_F	100.000	23	0	1.84e-08	46.1
M03520:605:000000000-LVNKY:1:1109:13834:20867;size=5	RH.27578A9A85FA4A3Z0Z_R	100.000	22	0	7.27e-08	44.1
M03520:605:000000000-LVNKY:1:1109:13834:20867;size=5	RH.27578A9A85FA4A3Z0Z_F	95.833	24	1	1.13e-06	40.1
M03520:605:000000000-LVNKY:1:1109:14017:2392;size=5	RH.6572108A164E48EZ0Z_R	100.000	25	0	1.18e-09	50.1
M03520:605:000000000-LVNKY:1:1109:14017:2392;size=5	RH.6572108A164E48EZ0Z_F	100.000	24	0	4.65e-09	48.1
M03520:605:000000000-LVNKY:1:1109:14445:8410;size=5	RH.3E8787426B6747DZ0Z_R	100.000	22	0	7.27e-08	44.1
M03520:605:000000000-LVNKY:1:1109:14445:8410;size=5	RH.3E8787426B6747DZ0Z_F	100.000	22	0	7.27e-08	44.1
M03520:605:000000000-LVNKY:1:1109:15239:9497;size=5	RH.2AFFFBA0E81C482Z0Z_F	100.000	23	0	1.84e-08	46.1
M03520:605:000000000-LVNKY:1:1109:15239:9497;size=5	RH.2AFFFBA0E81C482Z0Z_R	100.000	22	0	7.27e-08	44.1
M03520:605:000000000-LVNKY:1:1109:15432:17540;size=5	RH.DDB83AFF97C94C6Z0Z_R	100.000	25	0	1.18e-09	50.1
M03520:605:000000000-LVNKY:1:1109:15432:17540;size=5	RH.DDB83AFF97C94C6Z0Z_F	100.000	24	0	4.65e-09	48.1
M03520:605:000000000-LVNKY:1:1109:15537:28634;size=5	RH.1CC74B91718A42FZ0Z_F	100.000	24	0	4.65e-09	48.1
M03520:605:000000000-LVNKY:1:1109:15795:13948;size=5	RH.E04EE94198274F7Z0Z_F	100.000	25	0	1.18e-09	50.1
M03520:605:000000000-LVNKY:1:1109:15795:13948;size=5	RH.E04EE94198274F7Z0Z_R	95.833	24	1	1.13e-06	40.1
M03520:605:000000000-LVNKY:1:1109:16860:21458;size=5	RH.FDEF34A308684D6Z0Z_F	100.000	24	0	4.65e-09	48.1
M03520:605:000000000-LVNKY:1:1109:17011:12213;size=5	RH.8B25A056ABC1444Z0Z_R	100.000	24	0	4.65e-09	48.1
M03520:605:000000000-LVNKY:1:1109:17500:3487;size=5	RH.0BD19D1A26A74EBZ0Z_F	100.000	25	0	1.18e-09	50.1
M03520:605:000000000-LVNKY:1:1109:17500:3487;size=5	RH.0BD19D1A26A74EBZ0Z_R	100.000	20	0	1.13e-06	40.1
M03520:605:000000000-LVNKY:1:1109:17949:14487;size=5	RH.0096A141894D447Z0Z_R	100.000	21	0	2.87e-07	42.1
M03520:605:000000000-LVNKY:1:1109:17949:14487;size=5	RH.0096A141894D447Z0Z_F	95.833	24	1	1.13e-06	40.1
M03520:605:000000000-LVNKY:1:1109:18823:19284;size=5	RH.B9EF730EBE6C436Z0Z_R	100.000	25	0	1.18e-09	50.1
M03520:605:000000000-LVNKY:1:1109:18823:19284;size=5	RH.B9EF730EBE6C436Z0Z_F	100.000	25	0	1.18e-09	50.1
M03520:605:000000000-LVNKY:1:1109:18969:16180;size=5	RH.549A83596AF84C8Z0Z_F	100.000	22	0	7.27e-08	44.1
M03520:605:000000000-LVNKY:1:1109:18969:16180;size=5	RH.549A83596AF84C8Z0Z_R	100.000	21	0	2.87e-07	42.1
M03520:605:000000000-LVNKY:1:1109:19796:20559;size=5	RH.69CEA0AC39F4445Z0Z_F	100.000	24	0	4.65e-09	48.1
M03520:605:000000000-LVNKY:1:1109:19796:20559;size=5	RH.69CEA0AC39F4445Z0Z_R	100.000	23	0	1.84e-08	46.1
M03520:605:000000000-LVNKY:1:1109:20923:7519;size=5	RH.DDB83AFF97C94C6Z0Z_R	100.000	25	0	1.18e-09	50.1
M03520:605:000000000-LVNKY:1:1109:20923:7519;size=5	RH.DDB83AFF97C94C6Z0Z_F	100.000	24	0	4.65e-09	48.1
M03520:605:000000000-LVNKY:1:1109:21312:8625;size=5	RH.51338FA06EDB4F0Z0Z_R	95.652	23	1	4.48e-06	38.2
M03520:605:000000000-LVNKY:1:1109:2249:13393;size=5	RH.2AFFFBA0E81C482Z0Z_F	100.000	23	0	1.84e-08	46.1
M03520:605:000000000-LVNKY:1:1109:2249:13393;size=5	RH.2AFFFBA0E81C482Z0Z_R	100.000	23	0	1.84e-08	46.1
M03520:605:000000000-LVNKY:1:1109:23679:10407;size=5	RH.2A8AD21024974C0Z0Z_R	100.000	25	0	1.18e-09	50.1
M03520:605:000000000-LVNKY:1:1109:23679:10407;size=5	RH.2A8AD21024974C0Z0Z_F	96.154	26	1	7.27e-08	44.1
M03520:605:000000000-LVNKY:1:1109:23942:5943;size=5	RH.0096A141894D447Z0Z_F	100.000	24	0	4.65e-09	48.1
M03520:605:000000000-LVNKY:1:1109:23942:5943;size=5	RH.0096A141894D447Z0Z_R	100.000	21	0	2.87e-07	42.1
M03520:605:000000000-LVNKY:1:1109:2686:18841;size=5	RH.2AFFFBA0E81C482Z0Z_R	100.000	23	0	1.84e-08	46.1
M03520:605:000000000-LVNKY:1:1109:2686:18841;size=5	RH.2AFFFBA0E81C482Z0Z_F	100.000	23	0	1.84e-08	46.1
M03520:605:000000000-LVNKY:1:1109:27380:13483;size=5	RH.1CC74B91718A42FZ0Z_F	100.000	24	0	4.65e-09	48.1
M03520:605:000000000-LVNKY:1:1109:27380:13483;size=5	RH.1CC74B91718A42FZ0Z_R	100.000	21	0	2.87e-07	42.1
M03520:605:000000000-LVNKY:1:1109:27434:19470;size=5	RH.CF953F27F5674E1Z0Z_F	100.000	26	0	2.98e-10	52.0
M03520:605:000000000-LVNKY:1:1109:27434:19470;size=5	RH.CF953F27F5674E1Z0Z_R	100.000	25	0	1.18e-09	50.1
M03520:605:000000000-LVNKY:1:1109:28323:16587;size=5	RH.7CE39E25906745AZ0Z_R	100.000	26	0	2.98e-10	52.0
M03520:605:000000000-LVNKY:1:1109:28323:16587;size=5	RH.7CE39E25906745AZ0Z_F	100.000	25	0	1.18e-09	50.1
M03520:605:000000000-LVNKY:1:1109:29345:12554;size=5	RH.7CE39E25906745AZ0Z_R	100.000	26	0	2.98e-10	52.0
M03520:605:000000000-LVNKY:1:1109:29345:12554;size=5	RH.7CE39E25906745AZ0Z_F	100.000	25	0	1.18e-09	50.1
M03520:605:000000000-LVNKY:1:1109:3560:12981;size=5	RH.0096A141894D447Z0Z_F	100.000	24	0	4.65e-09	48.1
M03520:605:000000000-LVNKY:1:1109:4395:13642;size=5	RH.0BD19D1A26A74EBZ0Z_F	100.000	25	0	1.18e-09	50.1
M03520:605:000000000-LVNKY:1:1109:4395:13642;size=5	RH.0BD19D1A26A74EBZ0Z_R	100.000	24	0	4.65e-09	48.1
M03520:605:000000000-LVNKY:1:1109:4803:10150;size=5	RH.B9EF730EBE6C436Z0Z_R	100.000	25	0	1.18e-09	50.1
M03520:605:000000000-LVNKY:1:1109:4803:10150;size=5	RH.B9EF730EBE6C436Z0Z_F	100.000	22	0	7.27e-08	44.1
M03520:605:000000000-LVNKY:1:1109:6962:7402;size=5	RH.B9EF730EBE6C436Z0Z_R	100.000	25	0	1.18e-09	50.1
M03520:605:000000000-LVNKY:1:1109:6962:7402;size=5	RH.B9EF730EBE6C436Z0Z_F	100.000	25	0	1.18e-09	50.1
M03520:605:000000000-LVNKY:1:1109:7399:5055;size=5	RH.85A5303CAAF54ADZ0Z_F	100.000	21	0	2.87e-07	42.1
M03520:605:000000000-LVNKY:1:1109:9548:6717;size=5	RH.2A8AD21024974C0Z0Z_R	100.000	25	0	1.18e-09	50.1
M03520:605:000000000-LVNKY:1:1109:9548:6717;size=5	RH.2A8AD21024974C0Z0Z_F	96.154	26	1	7.27e-08	44.1
M03520:605:000000000-LVNKY:1:1109:9847:8659;size=5	RH.DDB83AFF97C94C6Z0Z_R	100.000	25	0	1.18e-09	50.1
M03520:605:000000000-LVNKY:1:1109:9847:8659;size=5	RH.DDB83AFF97C94C6Z0Z_F	95.833	24	1	1.13e-06	40.1
M03520:605:000000000-LVNKY:1:1110:10059:10074;size=5	RH.DDB83AFF97C94C6Z0Z_F	100.000	24	0	4.65e-09	48.1
M03520:605:000000000-LVNKY:1:1110:10059:10074;size=5	RH.DDB83AFF97C94C6Z0Z_R	96.000	25	1	2.87e-07	42.1
M03520:605:000000000-LVNKY:1:1110:10626:6435;size=5	RH.2A8AD21024974C0Z0Z_F	100.000	26	0	2.98e-10	52.0
M03520:605:000000000-LVNKY:1:1110:10626:6435;size=5	RH.2A8AD21024974C0Z0Z_R	96.000	25	1	2.87e-07	42.1
M03520:605:000000000-LVNKY:1:1110:12410:20323;size=5	RH.0550AF0F57084ADZ0Z_F	100.000	24	0	4.65e-09	48.1
M03520:605:000000000-LVNKY:1:1110:12410:20323;size=5	RH.0550AF0F57084ADZ0Z_R	100.000	21	0	2.87e-07	42.1
M03520:605:000000000-LVNKY:1:1110:13801:17430;size=5	RH.0BD19D1A26A74EBZ0Z_F	100.000	25	0	1.18e-09	50.1
M03520:605:000000000-LVNKY:1:1110:13801:17430;size=5	RH.0BD19D1A26A74EBZ0Z_R	100.000	24	0	4.65e-09	48.1
M03520:605:000000000-LVNKY:1:1110:14105:25372;size=5	RH.69CEA0AC39F4445Z0Z_R	100.000	23	0	1.84e-08	46.1
M03520:605:000000000-LVNKY:1:1110:14105:25372;size=5	RH.69CEA0AC39F4445Z0Z_F	95.833	24	1	1.13e-06	40.1
M03520:605:000000000-LVNKY:1:1110:14145:2329;size=5	RH.85A5303CAAF54ADZ0Z_R	100.000	22	0	7.27e-08	44.1
M03520:605:000000000-LVNKY:1:1110:14145:2329;size=5	RH.85A5303CAAF54ADZ0Z_F	100.000	21	0	2.87e-07	42.1
M03520:605:000000000-LVNKY:1:1110:16674:4375;size=5	RH.0096A141894D447Z0Z_F	100.000	24	0	4.65e-09	48.1
M03520:605:000000000-LVNKY:1:1110:16728:23202;size=5	RH.DDB83AFF97C94C6Z0Z_R	100.000	25	0	1.18e-09	50.1
M03520:605:000000000-LVNKY:1:1110:16728:23202;size=5	RH.DDB83AFF97C94C6Z0Z_F	100.000	24	0	4.65e-09	48.1
M03520:605:000000000-LVNKY:1:1110:20505:8384;size=5	RH.85A5303CAAF54ADZ0Z_F	100.000	21	0	2.87e-07	42.1
M03520:605:000000000-LVNKY:1:1110:20648:5366;size=5	RH.0BD19D1A26A74EBZ0Z_F	100.000	25	0	1.18e-09	50.1
M03520:605:000000000-LVNKY:1:1110:20648:5366;size=5	RH.0BD19D1A26A74EBZ0Z_R	100.000	24	0	4.65e-09	48.1
M03520:605:000000000-LVNKY:1:1110:21080:7195;size=5	RH.B9EF730EBE6C436Z0Z_R	100.000	25	0	1.18e-09	50.1
M03520:605:000000000-LVNKY:1:1110:21080:7195;size=5	RH.B9EF730EBE6C436Z0Z_F	100.000	25	0	1.18e-09	50.1
M03520:605:000000000-LVNKY:1:1110:21532:27376;size=5	RH.DDB83AFF97C94C6Z0Z_R	100.000	25	0	1.18e-09	50.1
M03520:605:000000000-LVNKY:1:1110:21532:27376;size=5	RH.8B25A056ABC1444Z0Z_F	100.000	22	0	7.27e-08	44.1
M03520:605:000000000-LVNKY:1:1110:21555:14246;size=5	RH.0BD19D1A26A74EBZ0Z_F	100.000	25	0	1.18e-09	50.1
M03520:605:000000000-LVNKY:1:1110:21555:14246;size=5	RH.0BD19D1A26A74EBZ0Z_R	100.000	24	0	4.65e-09	48.1
M03520:605:000000000-LVNKY:1:1110:22407:25373;size=5	RH.0096A141894D447Z0Z_F	100.000	24	0	4.65e-09	48.1
M03520:605:000000000-LVNKY:1:1110:22407:25373;size=5	RH.0096A141894D447Z0Z_R	100.000	21	0	2.87e-07	42.1
M03520:605:000000000-LVNKY:1:1110:23705:11673;size=5	RH.DE543226C201437Z0Z_R	100.000	20	0	1.13e-06	40.1
M03520:605:000000000-LVNKY:1:1110:23705:11673;size=5	RH.51338FA06EDB4F0Z0Z_R	95.652	23	1	4.48e-06	38.2
M03520:605:000000000-LVNKY:1:1110:24973:18528;size=5	RH.7CE39E25906745AZ0Z_R	100.000	26	0	2.98e-10	52.0
M03520:605:000000000-LVNKY:1:1110:24973:18528;size=5	RH.7CE39E25906745AZ0Z_F	100.000	25	0	1.18e-09	50.1
M03520:605:000000000-LVNKY:1:1110:26280:9488;size=5	RH.B9EF730EBE6C436Z0Z_R	100.000	25	0	1.18e-09	50.1
M03520:605:000000000-LVNKY:1:1110:26280:9488;size=5	RH.B9EF730EBE6C436Z0Z_F	100.000	25	0	1.18e-09	50.1
M03520:605:000000000-LVNKY:1:1110:4048:18197;size=5	RH.2A8AD21024974C0Z0Z_F	100.000	26	0	2.98e-10	52.0
M03520:605:000000000-LVNKY:1:1110:4048:18197;size=5	RH.2A8AD21024974C0Z0Z_R	100.000	25	0	1.18e-09	50.1
M03520:605:000000000-LVNKY:1:1110:4985:7344;size=5	RH.DDB83AFF97C94C6Z0Z_R	100.000	25	0	1.18e-09	50.1
M03520:605:000000000-LVNKY:1:1110:4985:7344;size=5	RH.DDB83AFF97C94C6Z0Z_F	100.000	22	0	7.27e-08	44.1
M03520:605:000000000-LVNKY:1:1110:6143:9331;size=5	RH.DE543226C201437Z0Z_R	100.000	20	0	1.13e-06	40.1
M03520:605:000000000-LVNKY:1:1110:8000:11429;size=5	RH.DDB83AFF97C94C6Z0Z_R	100.000	25	0	1.18e-09	50.1
M03520:605:000000000-LVNKY:1:1110:8826:16125;size=5	RH.7CE39E25906745AZ0Z_R	100.000	26	0	2.98e-10	52.0
M03520:605:000000000-LVNKY:1:1110:8826:16125;size=5	RH.7CE39E25906745AZ0Z_F	96.000	25	1	2.87e-07	42.1
M03520:605:000000000-LVNKY:1:1110:9811:25899;size=5	RH.85A5303CAAF54ADZ0Z_R	100.000	22	0	7.27e-08	44.1
M03520:605:000000000-LVNKY:1:1110:9811:25899;size=5	RH.85A5303CAAF54ADZ0Z_F	100.000	21	0	2.87e-07	42.1
M03520:605:000000000-LVNKY:1:1110:9901:25089;size=5	RH.85A5303CAAF54ADZ0Z_R	100.000	22	0	7.27e-08	44.1
M03520:605:000000000-LVNKY:1:1110:9901:25089;size=5	RH.85A5303CAAF54ADZ0Z_F	100.000	21	0	2.87e-07	42.1
M03520:605:000000000-LVNKY:1:1111:10068:22609;size=5	RH.E04EE94198274F7Z0Z_F	100.000	25	0	1.18e-09	50.1
M03520:605:000000000-LVNKY:1:1111:10901:12663;size=5	RH.0096A141894D447Z0Z_F	100.000	24	0	4.65e-09	48.1
M03520:605:000000000-LVNKY:1:1111:10901:12663;size=5	RH.0096A141894D447Z0Z_R	100.000	21	0	2.87e-07	42.1
M03520:605:000000000-LVNKY:1:1111:10980:9403;size=5	RH.7CE39E25906745AZ0Z_F	100.000	25	0	1.18e-09	50.1
M03520:605:000000000-LVNKY:1:1111:10980:9403;size=5	RH.7CE39E25906745AZ0Z_R	96.154	26	1	7.27e-08	44.1
M03520:605:000000000-LVNKY:1:1111:11332:5450;size=5	RH.7CE39E25906745AZ0Z_R	100.000	26	0	2.98e-10	52.0
M03520:605:000000000-LVNKY:1:1111:11332:5450;size=5	RH.7CE39E25906745AZ0Z_F	100.000	25	0	1.18e-09	50.1
M03520:605:000000000-LVNKY:1:1111:11891:14038;size=5	RH.85A5303CAAF54ADZ0Z_R	100.000	22	0	7.27e-08	44.1
M03520:605:000000000-LVNKY:1:1111:11891:14038;size=5	RH.85A5303CAAF54ADZ0Z_F	100.000	20	0	1.13e-06	40.1
M03520:605:000000000-LVNKY:1:1111:12161:6054;size=5	RH.0096A141894D447Z0Z_F	100.000	24	0	4.65e-09	48.1
M03520:605:000000000-LVNKY:1:1111:12161:6054;size=5	RH.0096A141894D447Z0Z_R	100.000	21	0	2.87e-07	42.1
M03520:605:000000000-LVNKY:1:1111:17413:18326;size=5	RH.27578A9A85FA4A3Z0Z_F	100.000	24	0	4.65e-09	48.1
M03520:605:000000000-LVNKY:1:1111:17413:18326;size=5	RH.27578A9A85FA4A3Z0Z_R	100.000	22	0	7.27e-08	44.1
M03520:605:000000000-LVNKY:1:1111:19708:15635;size=5	RH.2091F326F74640CZ0Z_F	100.000	24	0	4.65e-09	48.1
M03520:605:000000000-LVNKY:1:1111:20723:11208;size=5	RH.2A8AD21024974C0Z0Z_F	100.000	26	0	2.98e-10	52.0
M03520:605:000000000-LVNKY:1:1111:20723:11208;size=5	RH.2A8AD21024974C0Z0Z_R	100.000	25	0	1.18e-09	50.1
M03520:605:000000000-LVNKY:1:1111:4167:12170;size=5	RH.2091F326F74640CZ0Z_F	100.000	24	0	4.65e-09	48.1
M03520:605:000000000-LVNKY:1:1111:4167:12170;size=5	RH.2091F326F74640CZ0Z_R	100.000	22	0	7.27e-08	44.1
M03520:605:000000000-LVNKY:1:1111:4836:8817;size=5	RH.DDB83AFF97C94C6Z0Z_R	100.000	25	0	1.18e-09	50.1
M03520:605:000000000-LVNKY:1:1111:4836:8817;size=5	RH.DDB83AFF97C94C6Z0Z_F	100.000	24	0	4.65e-09	48.1
M03520:605:000000000-LVNKY:1:1111:5424:23188;size=5	RH.7CE39E25906745AZ0Z_R	100.000	26	0	2.98e-10	52.0
M03520:605:000000000-LVNKY:1:1111:5424:23188;size=5	RH.7CE39E25906745AZ0Z_F	100.000	25	0	1.18e-09	50.1
M03520:605:000000000-LVNKY:1:1111:6085:11447;size=5	RH.2091F326F74640CZ0Z_F	100.000	24	0	4.65e-09	48.1
M03520:605:000000000-LVNKY:1:1111:7802:5017;size=5	RH.27578A9A85FA4A3Z0Z_F	100.000	24	0	4.65e-09	48.1
M03520:605:000000000-LVNKY:1:1111:7802:5017;size=5	RH.27578A9A85FA4A3Z0Z_R	100.000	22	0	7.27e-08	44.1
M03520:605:000000000-LVNKY:1:1111:8743:6859;size=5	RH.7CE39E25906745AZ0Z_R	100.000	26	0	2.98e-10	52.0
M03520:605:000000000-LVNKY:1:1111:8743:6859;size=5	RH.7CE39E25906745AZ0Z_F	96.000	25	1	2.87e-07	42.1
M03520:605:000000000-LVNKY:1:1111:8954:12674;size=5	RH.2AFFFBA0E81C482Z0Z_R	100.000	23	0	1.84e-08	46.1
M03520:605:000000000-LVNKY:1:1111:8954:12674;size=5	RH.2AFFFBA0E81C482Z0Z_F	100.000	21	0	2.87e-07	42.1
M03520:605:000000000-LVNKY:1:1111:9280:27195;size=5	RH.7CE39E25906745AZ0Z_R	100.000	26	0	2.98e-10	52.0
M03520:605:000000000-LVNKY:1:1111:9280:27195;size=5	RH.7CE39E25906745AZ0Z_F	100.000	25	0	1.18e-09	50.1
M03520:605:000000000-LVNKY:1:1111:9882:18470;size=5	RH.0096A141894D447Z0Z_F	100.000	24	0	4.65e-09	48.1
M03520:605:000000000-LVNKY:1:1111:9882:18470;size=5	RH.0096A141894D447Z0Z_R	100.000	21	0	2.87e-07	42.1
M03520:605:000000000-LVNKY:1:1112:12784:17092;size=5	RH.CA1E204B0C0842DZ0Z_F	100.000	26	0	2.98e-10	52.0
M03520:605:000000000-LVNKY:1:1112:12784:17092;size=5	RH.CA1E204B0C0842DZ0Z_R	100.000	24	0	4.65e-09	48.1
M03520:605:000000000-LVNKY:1:1112:13761:25118;size=5	RH.CA1E204B0C0842DZ0Z_F	100.000	26	0	2.98e-10	52.0
M03520:605:000000000-LVNKY:1:1112:13761:25118;size=5	RH.CA1E204B0C0842DZ0Z_R	100.000	24	0	4.65e-09	48.1
M03520:605:000000000-LVNKY:1:1112:14739:2856;size=5	RH.2A8AD21024974C0Z0Z_F	100.000	26	0	2.98e-10	52.0
M03520:605:000000000-LVNKY:1:1112:14739:2856;size=5	RH.2A8AD21024974C0Z0Z_R	100.000	25	0	1.18e-09	50.1
M03520:605:000000000-LVNKY:1:1112:16932:6484;size=5	RH.B9EF730EBE6C436Z0Z_R	100.000	25	0	1.18e-09	50.1
M03520:605:000000000-LVNKY:1:1112:16932:6484;size=5	RH.B9EF730EBE6C436Z0Z_F	100.000	25	0	1.18e-09	50.1
M03520:605:000000000-LVNKY:1:1112:17149:25687;size=5	RH.7CE39E25906745AZ0Z_R	100.000	26	0	2.98e-10	52.0
M03520:605:000000000-LVNKY:1:1112:17149:25687;size=5	RH.7CE39E25906745AZ0Z_F	100.000	25	0	1.18e-09	50.1
M03520:605:000000000-LVNKY:1:1112:18053:19116;size=5	RH.CF953F27F5674E1Z0Z_F	100.000	26	0	2.98e-10	52.0
M03520:605:000000000-LVNKY:1:1112:18053:19116;size=5	RH.CF953F27F5674E1Z0Z_R	100.000	25	0	1.18e-09	50.1
M03520:605:000000000-LVNKY:1:1112:26079:12483;size=5	RH.6572108A164E48EZ0Z_F	100.000	24	0	4.65e-09	48.1
M03520:605:000000000-LVNKY:1:1112:26079:12483;size=5	RH.6572108A164E48EZ0Z_R	96.000	25	1	2.87e-07	42.1
M03520:605:000000000-LVNKY:1:1112:28740:18338;size=5	RH.0550AF0F57084ADZ0Z_F	100.000	24	0	4.65e-09	48.1
M03520:605:000000000-LVNKY:1:1112:28740:18338;size=5	RH.0550AF0F57084ADZ0Z_R	100.000	22	0	7.27e-08	44.1
M03520:605:000000000-LVNKY:1:1112:4938:15611;size=5	RH.69CEA0AC39F4445Z0Z_F	100.000	24	0	4.65e-09	48.1
M03520:605:000000000-LVNKY:1:1112:4938:15611;size=5	RH.69CEA0AC39F4445Z0Z_R	100.000	23	0	1.84e-08	46.1
M03520:605:000000000-LVNKY:1:1112:9242:15073;size=5	RH.DDB83AFF97C94C6Z0Z_R	100.000	25	0	1.18e-09	50.1
M03520:605:000000000-LVNKY:1:1112:9242:15073;size=5	RH.DDB83AFF97C94C6Z0Z_F	100.000	24	0	4.65e-09	48.1
M03520:605:000000000-LVNKY:1:1113:14164:6087;size=5	RH.DDB83AFF97C94C6Z0Z_R	100.000	25	0	1.18e-09	50.1
M03520:605:000000000-LVNKY:1:1113:14164:6087;size=5	RH.DDB83AFF97C94C6Z0Z_F	100.000	24	0	4.65e-09	48.1
M03520:605:000000000-LVNKY:1:1113:14443:21759;size=5	RH.CF953F27F5674E1Z0Z_F	100.000	26	0	2.98e-10	52.0
M03520:605:000000000-LVNKY:1:1113:14443:21759;size=5	RH.CF953F27F5674E1Z0Z_R	100.000	25	0	1.18e-09	50.1
M03520:605:000000000-LVNKY:1:1113:15078:7034;size=5	RH.CA1E204B0C0842DZ0Z_F	100.000	26	0	2.98e-10	52.0
M03520:605:000000000-LVNKY:1:1113:15078:7034;size=5	RH.CA1E204B0C0842DZ0Z_R	100.000	21	0	2.87e-07	42.1
M03520:605:000000000-LVNKY:1:1113:17482:25945;size=5	RH.0096A141894D447Z0Z_F	100.000	24	0	4.65e-09	48.1
M03520:605:000000000-LVNKY:1:1113:18209:7004;size=5	RH.27578A9A85FA4A3Z0Z_F	100.000	24	0	4.65e-09	48.1
M03520:605:000000000-LVNKY:1:1113:22090:6541;size=5	RH.85A5303CAAF54ADZ0Z_R	100.000	22	0	7.27e-08	44.1
M03520:605:000000000-LVNKY:1:1113:22870:4854;size=5	RH.DDB83AFF97C94C6Z0Z_R	100.000	25	0	1.18e-09	50.1
M03520:605:000000000-LVNKY:1:1113:22870:4854;size=5	RH.DDB83AFF97C94C6Z0Z_F	100.000	24	0	4.65e-09	48.1
M03520:605:000000000-LVNKY:1:1113:23261:5303;size=5	RH.0096A141894D447Z0Z_F	100.000	24	0	4.65e-09	48.1
M03520:605:000000000-LVNKY:1:1113:23261:5303;size=5	RH.0096A141894D447Z0Z_R	100.000	21	0	2.87e-07	42.1
M03520:605:000000000-LVNKY:1:1113:24778:9950;size=5	RH.8B25A056ABC1444Z0Z_R	100.000	24	0	4.65e-09	48.1
M03520:605:000000000-LVNKY:1:1113:24778:9950;size=5	RH.8B25A056ABC1444Z0Z_F	100.000	22	0	7.27e-08	44.1
M03520:605:000000000-LVNKY:1:1113:26612:6584;size=5	RH.0BD19D1A26A74EBZ0Z_F	100.000	25	0	1.18e-09	50.1
M03520:605:000000000-LVNKY:1:1113:26612:6584;size=5	RH.0BD19D1A26A74EBZ0Z_R	100.000	24	0	4.65e-09	48.1
M03520:605:000000000-LVNKY:1:1113:27310:10284;size=5	RH.2AFFFBA0E81C482Z0Z_F	100.000	23	0	1.84e-08	46.1
M03520:605:000000000-LVNKY:1:1113:27310:10284;size=5	RH.2AFFFBA0E81C482Z0Z_R	100.000	23	0	1.84e-08	46.1
M03520:605:000000000-LVNKY:1:1113:28016:9059;size=5	RH.7CE39E25906745AZ0Z_R	100.000	26	0	2.98e-10	52.0
M03520:605:000000000-LVNKY:1:1113:28016:9059;size=5	RH.7CE39E25906745AZ0Z_F	100.000	25	0	1.18e-09	50.1
M03520:605:000000000-LVNKY:1:1113:5151:18724;size=5	RH.85A5303CAAF54ADZ0Z_R	100.000	22	0	7.27e-08	44.1
M03520:605:000000000-LVNKY:1:1113:5151:18724;size=5	RH.85A5303CAAF54ADZ0Z_F	100.000	21	0	2.87e-07	42.1
M03520:605:000000000-LVNKY:1:1113:9848:4729;size=5	RH.7CE39E25906745AZ0Z_R	100.000	26	0	2.98e-10	52.0
M03520:605:000000000-LVNKY:1:1113:9848:4729;size=5	RH.7CE39E25906745AZ0Z_F	100.000	25	0	1.18e-09	50.1
M03520:605:000000000-LVNKY:1:1114:11160:28296;size=5	RH.27578A9A85FA4A3Z0Z_F	100.000	24	0	4.65e-09	48.1
M03520:605:000000000-LVNKY:1:1114:11958:11174;size=5	RH.2AFFFBA0E81C482Z0Z_R	100.000	23	0	1.84e-08	46.1
M03520:605:000000000-LVNKY:1:1114:11958:11174;size=5	RH.2AFFFBA0E81C482Z0Z_F	100.000	23	0	1.84e-08	46.1
M03520:605:000000000-LVNKY:1:1114:13105:20233;size=5	RH.85A5303CAAF54ADZ0Z_R	100.000	22	0	7.27e-08	44.1
M03520:605:000000000-LVNKY:1:1114:13105:20233;size=5	RH.85A5303CAAF54ADZ0Z_F	100.000	21	0	2.87e-07	42.1
M03520:605:000000000-LVNKY:1:1114:14145:12010;size=5	RH.DDB83AFF97C94C6Z0Z_F	100.000	24	0	4.65e-09	48.1
M03520:605:000000000-LVNKY:1:1114:14145:12010;size=5	RH.DDB83AFF97C94C6Z0Z_R	96.000	25	1	2.87e-07	42.1
M03520:605:000000000-LVNKY:1:1114:16571:22575;size=5	RH.0096A141894D447Z0Z_R	100.000	21	0	2.87e-07	42.1
M03520:605:000000000-LVNKY:1:1114:16571:22575;size=5	RH.0096A141894D447Z0Z_F	95.833	24	1	1.13e-06	40.1
M03520:605:000000000-LVNKY:1:1114:18075:22320;size=5	RH.0550AF0F57084ADZ0Z_F	100.000	24	0	4.65e-09	48.1
M03520:605:000000000-LVNKY:1:1114:18075:22320;size=5	RH.0550AF0F57084ADZ0Z_R	100.000	22	0	7.27e-08	44.1
M03520:605:000000000-LVNKY:1:1114:20011:25106;size=5	RH.0BD19D1A26A74EBZ0Z_F	100.000	25	0	1.18e-09	50.1
M03520:605:000000000-LVNKY:1:1114:20011:25106;size=5	RH.0550AF0F57084ADZ0Z_R	100.000	22	0	7.27e-08	44.1
M03520:605:000000000-LVNKY:1:1114:24271:8740;size=5	RH.2A8AD21024974C0Z0Z_F	100.000	26	0	2.98e-10	52.0
M03520:605:000000000-LVNKY:1:1114:24271:8740;size=5	RH.2A8AD21024974C0Z0Z_R	100.000	25	0	1.18e-09	50.1
M03520:605:000000000-LVNKY:1:1114:4089:12772;size=5	RH.2AFFFBA0E81C482Z0Z_F	100.000	23	0	1.84e-08	46.1
M03520:605:000000000-LVNKY:1:1114:4089:12772;size=5	RH.2AFFFBA0E81C482Z0Z_R	95.652	23	1	4.48e-06	38.2
M03520:605:000000000-LVNKY:1:1114:5886:15349;size=5	RH.69CEA0AC39F4445Z0Z_F	100.000	24	0	4.65e-09	48.1
M03520:605:000000000-LVNKY:1:1114:5886:15349;size=5	RH.69CEA0AC39F4445Z0Z_R	100.000	23	0	1.84e-08	46.1
M03520:605:000000000-LVNKY:1:1114:8147:12691;size=5	RH.27578A9A85FA4A3Z0Z_F	100.000	24	0	4.65e-09	48.1
M03520:605:000000000-LVNKY:1:1114:8147:12691;size=5	RH.27578A9A85FA4A3Z0Z_R	100.000	22	0	7.27e-08	44.1
M03520:605:000000000-LVNKY:1:2101:12946:12098;size=5	RH.DE543226C201437Z0Z_R	100.000	20	0	1.13e-06	40.1
M03520:605:000000000-LVNKY:1:2101:12946:12098;size=5	RH.51338FA06EDB4F0Z0Z_R	95.652	23	1	4.48e-06	38.2
M03520:605:000000000-LVNKY:1:2101:2762:17163;size=5	RH.B9EF730EBE6C436Z0Z_R	100.000	25	0	1.18e-09	50.1
M03520:605:000000000-LVNKY:1:2101:2762:17163;size=5	RH.B9EF730EBE6C436Z0Z_F	100.000	25	0	1.18e-09	50.1
M03520:605:000000000-LVNKY:1:2102:11217:3945;size=5	RH.0BD19D1A26A74EBZ0Z_F	100.000	25	0	1.18e-09	50.1
M03520:605:000000000-LVNKY:1:2102:11217:3945;size=5	RH.0BD19D1A26A74EBZ0Z_R	100.000	24	0	4.65e-09	48.1
M03520:605:000000000-LVNKY:1:2102:6531:21225;size=5	RH.0BD19D1A26A74EBZ0Z_F	100.000	25	0	1.18e-09	50.1
M03520:605:000000000-LVNKY:1:2102:6531:21225;size=5	RH.0BD19D1A26A74EBZ0Z_R	100.000	24	0	4.65e-09	48.1
M03520:605:000000000-LVNKY:1:2103:12456:12102;size=5	RH.DE543226C201437Z0Z_R	100.000	20	0	1.13e-06	40.1
M03520:605:000000000-LVNKY:1:2103:15661:15613;size=5	RH.2AFFFBA0E81C482Z0Z_R	100.000	23	0	1.84e-08	46.1
M03520:605:000000000-LVNKY:1:2103:15661:15613;size=5	RH.2AFFFBA0E81C482Z0Z_F	100.000	19	0	4.48e-06	38.2
M03520:605:000000000-LVNKY:1:2103:17623:25911;size=5	RH.0BD19D1A26A74EBZ0Z_F	100.000	25	0	1.18e-09	50.1
M03520:605:000000000-LVNKY:1:2103:17623:25911;size=5	RH.0BD19D1A26A74EBZ0Z_R	95.833	24	1	1.13e-06	40.1
M03520:605:000000000-LVNKY:1:2103:26775:8911;size=5	RH.0550AF0F57084ADZ0Z_R	100.000	22	0	7.27e-08	44.1
M03520:605:000000000-LVNKY:1:2103:9540:7224;size=5	RH.7CE39E25906745AZ0Z_R	100.000	26	0	2.98e-10	52.0
M03520:605:000000000-LVNKY:1:2103:9540:7224;size=5	RH.7CE39E25906745AZ0Z_F	100.000	25	0	1.18e-09	50.1
M03520:605:000000000-LVNKY:1:2105:26247:7556;size=5	RH.27578A9A85FA4A3Z0Z_F	100.000	24	0	4.65e-09	48.1
M03520:605:000000000-LVNKY:1:2105:26247:7556;size=5	RH.27578A9A85FA4A3Z0Z_R	100.000	22	0	7.27e-08	44.1
M03520:605:000000000-LVNKY:1:2106:23217:14426;size=5	RH.6572108A164E48EZ0Z_F	100.000	24	0	4.65e-09	48.1
M03520:605:000000000-LVNKY:1:2106:23217:14426;size=5	RH.6572108A164E48EZ0Z_R	96.000	25	1	2.87e-07	42.1
M03520:605:000000000-LVNKY:1:2107:28149:17193;size=5	RH.7CE39E25906745AZ0Z_R	100.000	26	0	2.98e-10	52.0
M03520:605:000000000-LVNKY:1:2107:28149:17193;size=5	RH.7CE39E25906745AZ0Z_F	100.000	25	0	1.18e-09	50.1
M03520:605:000000000-LVNKY:1:2108:11392:27355;size=5	RH.72B9E3F522264B3Z0Z_F	100.000	22	0	7.27e-08	44.1
M03520:605:000000000-LVNKY:1:2108:11392:27355;size=5	RH.72B9E3F522264B3Z0Z_R	100.000	20	0	1.13e-06	40.1
M03520:605:000000000-LVNKY:1:2110:22035:21929;size=5	RH.85A5303CAAF54ADZ0Z_R	100.000	22	0	7.27e-08	44.1
M03520:605:000000000-LVNKY:1:2110:22035:21929;size=5	RH.85A5303CAAF54ADZ0Z_F	100.000	21	0	2.87e-07	42.1
