M03520:605:000000000-LVNKY:1:1101:16499:1515;size=26273	RH.B9EF730EBE6C436Z0Z_R	100.000	25	0	1.18e-09	50.1
M03520:605:000000000-LVNKY:1:1101:16499:1515;size=26273	RH.B9EF730EBE6C436Z0Z_F	100.000	25	0	1.18e-09	50.1
M03520:605:000000000-LVNKY:1:1101:15414:1503;size=25212	RH.0BD19D1A26A74EBZ0Z_F	100.000	25	0	1.18e-09	50.1
M03520:605:000000000-LVNKY:1:1101:15414:1503;size=25212	RH.0BD19D1A26A74EBZ0Z_R	100.000	24	0	4.65e-09	48.1
M03520:605:000000000-LVNKY:1:1101:14017:1493;size=22500	RH.7CE39E25906745AZ0Z_R	100.000	26	0	2.98e-10	52.0
M03520:605:000000000-LVNKY:1:1101:14017:1493;size=22500	RH.7CE39E25906745AZ0Z_F	100.000	25	0	1.18e-09	50.1
M03520:605:000000000-LVNKY:1:1101:14967:1565;size=21669	RH.DDB83AFF97C94C6Z0Z_R	100.000	25	0	1.18e-09	50.1
M03520:605:000000000-LVNKY:1:1101:14967:1565;size=21669	RH.DDB83AFF97C94C6Z0Z_F	100.000	24	0	4.65e-09	48.1
M03520:605:000000000-LVNKY:1:1101:15548:1371;size=15498	RH.85A5303CAAF54ADZ0Z_R	100.000	22	0	7.27e-08	44.1
M03520:605:000000000-LVNKY:1:1101:15548:1371;size=15498	RH.85A5303CAAF54ADZ0Z_F	100.000	21	0	2.87e-07	42.1
M03520:605:000000000-LVNKY:1:1101:16113:1765;size=10516	RH.0096A141894D447Z0Z_F	100.000	24	0	4.65e-09	48.1
M03520:605:000000000-LVNKY:1:1101:16113:1765;size=10516	RH.0096A141894D447Z0Z_R	100.000	21	0	2.87e-07	42.1
M03520:605:000000000-LVNKY:1:1101:16036:1345;size=9312	RH.7CE39E25906745AZ0Z_R	100.000	26	0	2.98e-10	52.0
M03520:605:000000000-LVNKY:1:1101:16036:1345;size=9312	RH.7CE39E25906745AZ0Z_F	100.000	25	0	1.18e-09	50.1
M03520:605:000000000-LVNKY:1:1101:15043:1478;size=9049	RH.51338FA06EDB4F0Z0Z_F	100.000	25	0	1.18e-09	50.1
M03520:605:000000000-LVNKY:1:1101:15043:1478;size=9049	RH.51338FA06EDB4F0Z0Z_R	100.000	25	0	1.18e-09	50.1
M03520:605:000000000-LVNKY:1:1101:14962:1685;size=7315	RH.2A8AD21024974C0Z0Z_F	100.000	26	0	2.98e-10	52.0
M03520:605:000000000-LVNKY:1:1101:14962:1685;size=7315	RH.2A8AD21024974C0Z0Z_R	100.000	25	0	1.18e-09	50.1
M03520:605:000000000-LVNKY:1:1101:16376:1974;size=6802	RH.0550AF0F57084ADZ0Z_F	100.000	24	0	4.65e-09	48.1
M03520:605:000000000-LVNKY:1:1101:16376:1974;size=6802	RH.0550AF0F57084ADZ0Z_R	100.000	22	0	7.27e-08	44.1
M03520:605:000000000-LVNKY:1:1101:17786:1592;size=5965	RH.27578A9A85FA4A3Z0Z_F	100.000	24	0	4.65e-09	48.1
M03520:605:000000000-LVNKY:1:1101:17786:1592;size=5965	RH.27578A9A85FA4A3Z0Z_R	100.000	22	0	7.27e-08	44.1
M03520:605:000000000-LVNKY:1:1101:14116:2054;size=5675	RH.0096A141894D447Z0Z_F	100.000	24	0	4.65e-09	48.1
M03520:605:000000000-LVNKY:1:1101:14116:2054;size=5675	RH.0096A141894D447Z0Z_R	100.000	21	0	2.87e-07	42.1
M03520:605:000000000-LVNKY:1:1101:19102:1935;size=5245	RH.DDB83AFF97C94C6Z0Z_R	100.000	25	0	1.18e-09	50.1
M03520:605:000000000-LVNKY:1:1101:19102:1935;size=5245	RH.DDB83AFF97C94C6Z0Z_F	100.000	24	0	4.65e-09	48.1
M03520:605:000000000-LVNKY:1:1101:19659:2317;size=5241	RH.E04EE94198274F7Z0Z_F	100.000	25	0	1.18e-09	50.1
M03520:605:000000000-LVNKY:1:1101:19659:2317;size=5241	RH.E04EE94198274F7Z0Z_R	95.833	24	1	1.13e-06	40.1
M03520:605:000000000-LVNKY:1:1101:12026:2600;size=4164	RH.1CC74B91718A42FZ0Z_R	100.000	25	0	1.18e-09	50.1
M03520:605:000000000-LVNKY:1:1101:12026:2600;size=4164	RH.1CC74B91718A42FZ0Z_F	100.000	24	0	4.65e-09	48.1
M03520:605:000000000-LVNKY:1:1101:14906:2684;size=3990	RH.CA1E204B0C0842DZ0Z_F	100.000	26	0	2.98e-10	52.0
M03520:605:000000000-LVNKY:1:1101:14906:2684;size=3990	RH.CA1E204B0C0842DZ0Z_R	100.000	24	0	4.65e-09	48.1
M03520:605:000000000-LVNKY:1:1101:12477:2597;size=3099	RH.8B25A056ABC1444Z0Z_R	100.000	24	0	4.65e-09	48.1
M03520:605:000000000-LVNKY:1:1101:12477:2597;size=3099	RH.8B25A056ABC1444Z0Z_F	100.000	22	0	7.27e-08	44.1
M03520:605:000000000-LVNKY:1:1101:20736:2479;size=2965	RH.DDB83AFF97C94C6Z0Z_R	100.000	25	0	1.18e-09	50.1
M03520:605:000000000-LVNKY:1:1101:20736:2479;size=2965	RH.DDB83AFF97C94C6Z0Z_F	100.000	24	0	4.65e-09	48.1
M03520:605:000000000-LVNKY:1:1101:14276:2066;size=2835	RH.69CEA0AC39F4445Z0Z_F	100.000	24	0	4.65e-09	48.1
M03520:605:000000000-LVNKY:1:1101:14276:2066;size=2835	RH.69CEA0AC39F4445Z0Z_R	100.000	23	0	1.84e-08	46.1
M03520:605:000000000-LVNKY:1:1101:15405:2163;size=2657	RH.2A8AD21024974C0Z0Z_F	100.000	26	0	2.98e-10	52.0
M03520:605:000000000-LVNKY:1:1101:15405:2163;size=2657	RH.2A8AD21024974C0Z0Z_R	100.000	25	0	1.18e-09	50.1
M03520:605:000000000-LVNKY:1:1101:17055:2738;size=2205	RH.2AFFFBA0E81C482Z0Z_R	100.000	23	0	1.84e-08	46.1
M03520:605:000000000-LVNKY:1:1101:17055:2738;size=2205	RH.2AFFFBA0E81C482Z0Z_F	100.000	23	0	1.84e-08	46.1
M03520:605:000000000-LVNKY:1:1101:15314:2748;size=2163	RH.27578A9A85FA4A3Z0Z_F	100.000	24	0	4.65e-09	48.1
M03520:605:000000000-LVNKY:1:1101:15314:2748;size=2163	RH.27578A9A85FA4A3Z0Z_R	100.000	22	0	7.27e-08	44.1
M03520:605:000000000-LVNKY:1:1101:21164:2960;size=2140	RH.DDB83AFF97C94C6Z0Z_R	100.000	25	0	1.18e-09	50.1
M03520:605:000000000-LVNKY:1:1101:21164:2960;size=2140	RH.8B25A056ABC1444Z0Z_F	100.000	22	0	7.27e-08	44.1
M03520:605:000000000-LVNKY:1:1101:19627:2506;size=2013	RH.0096A141894D447Z0Z_F	100.000	24	0	4.65e-09	48.1
M03520:605:000000000-LVNKY:1:1101:12478:1800;size=1624	RH.6572108A164E48EZ0Z_R	100.000	25	0	1.18e-09	50.1
M03520:605:000000000-LVNKY:1:1101:12478:1800;size=1624	RH.6572108A164E48EZ0Z_F	100.000	24	0	4.65e-09	48.1
M03520:605:000000000-LVNKY:1:1101:18138:2466;size=1488	RH.DE543226C201437Z0Z_R	100.000	20	0	1.13e-06	40.1
M03520:605:000000000-LVNKY:1:1101:18138:2466;size=1488	RH.51338FA06EDB4F0Z0Z_R	95.652	23	1	4.48e-06	38.2
M03520:605:000000000-LVNKY:1:1101:16635:1809;size=1288	RH.CF953F27F5674E1Z0Z_F	100.000	26	0	2.98e-10	52.0
M03520:605:000000000-LVNKY:1:1101:16635:1809;size=1288	RH.CF953F27F5674E1Z0Z_R	100.000	25	0	1.18e-09	50.1
M03520:605:000000000-LVNKY:1:1101:18658:1772;size=1280	RH.2091F326F74640CZ0Z_F	100.000	24	0	4.65e-09	48.1
M03520:605:000000000-LVNKY:1:1101:18658:1772;size=1280	RH.2091F326F74640CZ0Z_R	100.000	22	0	7.27e-08	44.1
M03520:605:000000000-LVNKY:1:1101:9961:3074;size=1270	RH.B9EF730EBE6C436Z0Z_F	100.000	25	0	1.18e-09	50.1
M03520:605:000000000-LVNKY:1:1101:9961:3074;size=1270	RH.B9EF730EBE6C436Z0Z_R	100.000	25	0	1.18e-09	50.1
M03520:605:000000000-LVNKY:1:1101:11763:1903;size=1237	RH.8B25A056ABC1444Z0Z_F	100.000	25	0	1.18e-09	50.1
M03520:605:000000000-LVNKY:1:1101:11763:1903;size=1237	RH.8B25A056ABC1444Z0Z_R	100.000	24	0	4.65e-09	48.1
M03520:605:000000000-LVNKY:1:1101:9332:3313;size=1236	RH.0096A141894D447Z0Z_F	100.000	24	0	4.65e-09	48.1
M03520:605:000000000-LVNKY:1:1101:20209:3169;size=1199	RH.2AFFFBA0E81C482Z0Z_R	100.000	23	0	1.84e-08	46.1
M03520:605:000000000-LVNKY:1:1101:20209:3169;size=1199	RH.2AFFFBA0E81C482Z0Z_F	100.000	23	0	1.84e-08	46.1
M03520:605:000000000-LVNKY:1:1101:8041:4280;size=1177	RH.CA1E204B0C0842DZ0Z_F	100.000	26	0	2.98e-10	52.0
M03520:605:000000000-LVNKY:1:1101:8041:4280;size=1177	RH.E04EE94198274F7Z0Z_F	100.000	25	0	1.18e-09	50.1
M03520:605:000000000-LVNKY:1:1101:8041:4280;size=1177	RH.CA1E204B0C0842DZ0Z_R	100.000	24	0	4.65e-09	48.1
M03520:605:000000000-LVNKY:1:1101:15609:8547;size=1104	RH.B9EF730EBE6C436Z0Z_F	100.000	25	0	1.18e-09	50.1
M03520:605:000000000-LVNKY:1:1101:15609:8547;size=1104	RH.B9EF730EBE6C436Z0Z_R	96.000	25	1	2.87e-07	42.1
M03520:605:000000000-LVNKY:1:1101:15967:2476;size=1052	RH.B9EF730EBE6C436Z0Z_F	100.000	25	0	1.18e-09	50.1
M03520:605:000000000-LVNKY:1:1101:15967:2476;size=1052	RH.B9EF730EBE6C436Z0Z_R	100.000	25	0	1.18e-09	50.1
M03520:605:000000000-LVNKY:1:1104:17553:22102;size=1002	RH.0BD19D1A26A74EBZ0Z_F	100.000	25	0	1.18e-09	50.1
M03520:605:000000000-LVNKY:1:1104:17553:22102;size=1002	RH.0BD19D1A26A74EBZ0Z_R	100.000	24	0	4.65e-09	48.1
M03520:605:000000000-LVNKY:1:1101:10662:2557;size=907	RH.185D4E36BBF74FEZ0Z_F	100.000	27	0	7.54e-11	54.0
M03520:605:000000000-LVNKY:1:1101:10662:2557;size=907	RH.185D4E36BBF74FEZ0Z_R	100.000	26	0	2.98e-10	52.0
M03520:605:000000000-LVNKY:1:1101:16961:4916;size=858	RH.7CE39E25906745AZ0Z_R	100.000	26	0	2.98e-10	52.0
M03520:605:000000000-LVNKY:1:1101:16961:4916;size=858	RH.7CE39E25906745AZ0Z_F	100.000	25	0	1.18e-09	50.1
M03520:605:000000000-LVNKY:1:1101:10985:22129;size=823	RH.DDB83AFF97C94C6Z0Z_R	100.000	25	0	1.18e-09	50.1
M03520:605:000000000-LVNKY:1:1101:10985:22129;size=823	RH.DDB83AFF97C94C6Z0Z_F	100.000	24	0	4.65e-09	48.1
M03520:605:000000000-LVNKY:1:1101:12079:3447;size=668	RH.DDB83AFF97C94C6Z0Z_R	100.000	25	0	1.18e-09	50.1
M03520:605:000000000-LVNKY:1:1101:19308:4455;size=566	RH.DDB83AFF97C94C6Z0Z_R	100.000	25	0	1.18e-09	50.1
M03520:605:000000000-LVNKY:1:1101:19308:4455;size=566	RH.DDB83AFF97C94C6Z0Z_F	100.000	24	0	4.65e-09	48.1
M03520:605:000000000-LVNKY:1:1101:10408:7751;size=551	RH.E04EE94198274F7Z0Z_F	100.000	25	0	1.18e-09	50.1
M03520:605:000000000-LVNKY:1:1101:10408:7751;size=551	RH.E04EE94198274F7Z0Z_R	95.833	24	1	1.13e-06	40.1
M03520:605:000000000-LVNKY:1:1101:10720:5236;size=546	RH.CFB366F097C448DZ0Z_F	100.000	26	0	2.98e-10	52.0
M03520:605:000000000-LVNKY:1:1101:10720:5236;size=546	RH.CFB366F097C448DZ0Z_R	100.000	21	0	2.87e-07	42.1
M03520:605:000000000-LVNKY:1:1101:8663:4928;size=546	RH.B5A2E3C1CC8E44AZ0Z_F	100.000	23	0	1.84e-08	46.1
M03520:605:000000000-LVNKY:1:1101:8663:4928;size=546	RH.B5A2E3C1CC8E44AZ0Z_R	100.000	22	0	7.27e-08	44.1
M03520:605:000000000-LVNKY:1:1101:18680:2778;size=514	RH.7CE39E25906745AZ0Z_R	100.000	26	0	2.98e-10	52.0
M03520:605:000000000-LVNKY:1:1101:18680:2778;size=514	RH.7CE39E25906745AZ0Z_F	100.000	25	0	1.18e-09	50.1
M03520:605:000000000-LVNKY:1:1101:10715:3133;size=452	RH.E4A8B94D0D174D9Z0Z_F	100.000	24	0	4.65e-09	48.1
M03520:605:000000000-LVNKY:1:1101:10715:3133;size=452	RH.E4A8B94D0D174D9Z0Z_R	100.000	24	0	4.65e-09	48.1
M03520:605:000000000-LVNKY:1:1103:10621:4041;size=434	RH.0096A141894D447Z0Z_F	100.000	24	0	4.65e-09	48.1
M03520:605:000000000-LVNKY:1:1103:10621:4041;size=434	RH.0096A141894D447Z0Z_R	100.000	21	0	2.87e-07	42.1
M03520:605:000000000-LVNKY:1:1101:16444:1890;size=426	RH.2A8AD21024974C0Z0Z_F	100.000	26	0	2.98e-10	52.0
M03520:605:000000000-LVNKY:1:1101:16444:1890;size=426	RH.2A8AD21024974C0Z0Z_R	100.000	25	0	1.18e-09	50.1
M03520:605:000000000-LVNKY:1:1101:21265:3544;size=422	RH.7CE39E25906745AZ0Z_R	100.000	26	0	2.98e-10	52.0
M03520:605:000000000-LVNKY:1:1101:21265:3544;size=422	RH.7CE39E25906745AZ0Z_F	100.000	25	0	1.18e-09	50.1
M03520:605:000000000-LVNKY:1:1101:21759:8491;size=419	RH.7CE39E25906745AZ0Z_R	100.000	26	0	2.98e-10	52.0
M03520:605:000000000-LVNKY:1:1101:21759:8491;size=419	RH.7CE39E25906745AZ0Z_F	100.000	25	0	1.18e-09	50.1
M03520:605:000000000-LVNKY:1:1101:8434:7623;size=385	RH.7CE39E25906745AZ0Z_R	100.000	26	0	2.98e-10	52.0
M03520:605:000000000-LVNKY:1:1101:8434:7623;size=385	RH.7CE39E25906745AZ0Z_F	100.000	25	0	1.18e-09	50.1
M03520:605:000000000-LVNKY:1:1107:13400:1548;size=352	RH.51338FA06EDB4F0Z0Z_F	100.000	25	0	1.18e-09	50.1
M03520:605:000000000-LVNKY:1:1107:13400:1548;size=352	RH.51338FA06EDB4F0Z0Z_R	100.000	25	0	1.18e-09	50.1
M03520:605:000000000-LVNKY:1:1101:14776:2987;size=342	RH.CA1E204B0C0842DZ0Z_F	100.000	26	0	2.98e-10	52.0
M03520:605:000000000-LVNKY:1:1101:14776:2987;size=342	RH.CA1E204B0C0842DZ0Z_R	100.000	24	0	4.65e-09	48.1
M03520:605:000000000-LVNKY:1:1101:9207:6364;size=341	RH.8BDD8BEDFC3B423Z0Z_R	100.000	21	0	2.87e-07	42.1
M03520:605:000000000-LVNKY:1:1101:9207:6364;size=341	RH.8BDD8BEDFC3B423Z0Z_F	100.000	21	0	2.87e-07	42.1
M03520:605:000000000-LVNKY:1:1101:12545:3785;size=320	RH.27578A9A85FA4A3Z0Z_F	100.000	24	0	4.65e-09	48.1
M03520:605:000000000-LVNKY:1:1101:12545:3785;size=320	RH.27578A9A85FA4A3Z0Z_R	100.000	22	0	7.27e-08	44.1
M03520:605:000000000-LVNKY:1:1101:8819:7376;size=319	RH.DE543226C201437Z0Z_R	100.000	20	0	1.13e-06	40.1
M03520:605:000000000-LVNKY:1:1101:8819:7376;size=319	RH.51338FA06EDB4F0Z0Z_R	95.652	23	1	4.48e-06	38.2
M03520:605:000000000-LVNKY:1:1101:8565:9815;size=314	RH.2A8AD21024974C0Z0Z_F	100.000	26	0	2.98e-10	52.0
M03520:605:000000000-LVNKY:1:1101:8565:9815;size=314	RH.2A8AD21024974C0Z0Z_R	100.000	25	0	1.18e-09	50.1
M03520:605:000000000-LVNKY:1:1101:12720:11433;size=274	RH.27578A9A85FA4A3Z0Z_F	100.000	24	0	4.65e-09	48.1
M03520:605:000000000-LVNKY:1:1101:12720:11433;size=274	RH.27578A9A85FA4A3Z0Z_R	100.000	22	0	7.27e-08	44.1
M03520:605:000000000-LVNKY:1:1101:21843:3408;size=257	RH.0BD19D1A26A74EBZ0Z_R	100.000	24	0	4.65e-09	48.1
M03520:605:000000000-LVNKY:1:1101:21843:3408;size=257	RH.1C82717EB39B4ECZ0Z_F	100.000	21	0	2.87e-07	42.1
M03520:605:000000000-LVNKY:1:1101:16509:3251;size=242	RH.DDB83AFF97C94C6Z0Z_R	100.000	25	0	1.18e-09	50.1
M03520:605:000000000-LVNKY:1:1101:16509:3251;size=242	RH.DDB83AFF97C94C6Z0Z_F	100.000	24	0	4.65e-09	48.1
M03520:605:000000000-LVNKY:1:1105:14357:4112;size=241	RH.27578A9A85FA4A3Z0Z_F	100.000	24	0	4.65e-09	48.1
M03520:605:000000000-LVNKY:1:1105:14357:4112;size=241	RH.27578A9A85FA4A3Z0Z_R	100.000	22	0	7.27e-08	44.1
M03520:605:000000000-LVNKY:1:1101:25248:6480;size=235	RH.591889F759494FEZ0Z_R	100.000	27	0	7.54e-11	54.0
M03520:605:000000000-LVNKY:1:1101:25248:6480;size=235	RH.591889F759494FEZ0Z_F	100.000	26	0	2.98e-10	52.0
M03520:605:000000000-LVNKY:1:1101:11425:5586;size=234	RH.F7E3D42951B44CCZ0Z_F	100.000	21	0	2.87e-07	42.1
M03520:605:000000000-LVNKY:1:1101:11639:6227;size=224	RH.6572108A164E48EZ0Z_R	100.000	25	0	1.18e-09	50.1
M03520:605:000000000-LVNKY:1:1101:11639:6227;size=224	RH.F7E3D42951B44CCZ0Z_F	100.000	21	0	2.87e-07	42.1
M03520:605:000000000-LVNKY:1:1101:18193:5525;size=221	RH.85A5303CAAF54ADZ0Z_R	100.000	22	0	7.27e-08	44.1
M03520:605:000000000-LVNKY:1:1107:17678:1752;size=216	RH.0096A141894D447Z0Z_F	100.000	24	0	4.65e-09	48.1
M03520:605:000000000-LVNKY:1:1107:17678:1752;size=216	RH.0096A141894D447Z0Z_R	100.000	21	0	2.87e-07	42.1
M03520:605:000000000-LVNKY:1:1103:18257:21650;size=211	RH.DDB83AFF97C94C6Z0Z_R	100.000	25	0	1.18e-09	50.1
M03520:605:000000000-LVNKY:1:1103:18257:21650;size=211	RH.DDB83AFF97C94C6Z0Z_F	100.000	24	0	4.65e-09	48.1
M03520:605:000000000-LVNKY:1:1107:18297:2149;size=203	RH.E04EE94198274F7Z0Z_F	100.000	25	0	1.18e-09	50.1
M03520:605:000000000-LVNKY:1:1107:18297:2149;size=203	RH.E04EE94198274F7Z0Z_R	95.833	24	1	1.13e-06	40.1
M03520:605:000000000-LVNKY:1:1101:17734:11850;size=200	RH.27578A9A85FA4A3Z0Z_F	100.000	24	0	4.65e-09	48.1
M03520:605:000000000-LVNKY:1:1101:17734:11850;size=200	RH.27578A9A85FA4A3Z0Z_R	100.000	22	0	7.27e-08	44.1
M03520:605:000000000-LVNKY:1:1101:16671:5203;size=197	RH.DDB83AFF97C94C6Z0Z_F	100.000	24	0	4.65e-09	48.1
M03520:605:000000000-LVNKY:1:1101:16671:5203;size=197	RH.DDB83AFF97C94C6Z0Z_R	100.000	19	0	4.48e-06	38.2
M03520:605:000000000-LVNKY:1:1101:16671:5203;size=197	RH.256B9DD95E5E4EDZ0Z_R	100.000	19	0	4.48e-06	38.2
M03520:605:000000000-LVNKY:1:1101:10125:5650;size=191	RH.BE09C1F6EE4B426Z0Z_R	100.000	23	0	1.84e-08	46.1
M03520:605:000000000-LVNKY:1:1101:10125:5650;size=191	RH.BE09C1F6EE4B426Z0Z_F	100.000	22	0	7.27e-08	44.1
M03520:605:000000000-LVNKY:1:1101:12906:6904;size=191	RH.DDB83AFF97C94C6Z0Z_R	100.000	25	0	1.18e-09	50.1
M03520:605:000000000-LVNKY:1:1101:12906:6904;size=191	RH.DDB83AFF97C94C6Z0Z_F	100.000	24	0	4.65e-09	48.1
M03520:605:000000000-LVNKY:1:1101:3437:16632;size=189	RH.2091F326F74640CZ0Z_F	100.000	24	0	4.65e-09	48.1
M03520:605:000000000-LVNKY:1:1101:21313:6737;size=186	RH.0096A141894D447Z0Z_F	100.000	24	0	4.65e-09	48.1
M03520:605:000000000-LVNKY:1:1101:16377:2836;size=185	RH.2A8AD21024974C0Z0Z_F	100.000	26	0	2.98e-10	52.0
M03520:605:000000000-LVNKY:1:1101:3803:8032;size=176	RH.0BA5504E4959438Z0Z_R	100.000	23	0	1.84e-08	46.1
M03520:605:000000000-LVNKY:1:1101:3803:8032;size=176	RH.0BA5504E4959438Z0Z_F	100.000	22	0	7.27e-08	44.1
M03520:605:000000000-LVNKY:1:1101:13554:8870;size=174	RH.9C70B4C9923B4A8Z0Z_R	100.000	23	0	1.84e-08	46.1
M03520:605:000000000-LVNKY:1:1101:13554:8870;size=174	RH.9C70B4C9923B4A8Z0Z_F	100.000	23	0	1.84e-08	46.1
M03520:605:000000000-LVNKY:1:1107:12456:2042;size=158	RH.CA1E204B0C0842DZ0Z_F	100.000	26	0	2.98e-10	52.0
M03520:605:000000000-LVNKY:1:1107:12456:2042;size=158	RH.CA1E204B0C0842DZ0Z_R	100.000	24	0	4.65e-09	48.1
M03520:605:000000000-LVNKY:1:1101:18788:10937;size=157	RH.3F0C3BDDC55E465Z0Z_F	100.000	30	0	1.22e-12	60.0
M03520:605:000000000-LVNKY:1:1101:18788:10937;size=157	RH.3F0C3BDDC55E465Z0Z_R	100.000	29	0	4.83e-12	58.0
M03520:605:000000000-LVNKY:1:1105:10652:10620;size=148	RH.1CC74B91718A42FZ0Z_R	100.000	25	0	1.18e-09	50.1
M03520:605:000000000-LVNKY:1:1105:10652:10620;size=148	RH.1CC74B91718A42FZ0Z_F	100.000	24	0	4.65e-09	48.1
M03520:605:000000000-LVNKY:1:1101:24229:5271;size=145	RH.7CE39E25906745AZ0Z_R	100.000	26	0	2.98e-10	52.0
M03520:605:000000000-LVNKY:1:1101:24229:5271;size=145	RH.7CE39E25906745AZ0Z_F	100.000	25	0	1.18e-09	50.1
M03520:605:000000000-LVNKY:1:1101:23147:9047;size=144	RH.9CE451C90696466Z0Z_R	100.000	24	0	4.65e-09	48.1
M03520:605:000000000-LVNKY:1:1101:23147:9047;size=144	RH.9CE451C90696466Z0Z_F	100.000	24	0	4.65e-09	48.1
M03520:605:000000000-LVNKY:1:1101:7039:16731;size=142	RH.DDB83AFF97C94C6Z0Z_F	100.000	24	0	4.65e-09	48.1
M03520:605:000000000-LVNKY:1:1101:7039:16731;size=142	RH.6572108A164E48EZ0Z_F	100.000	24	0	4.65e-09	48.1
M03520:605:000000000-LVNKY:1:1101:16393:4159;size=141	RH.541A1C9A5856408Z0Z_F	100.000	24	0	4.65e-09	48.1
M03520:605:000000000-LVNKY:1:1101:6878:10620;size=133	RH.DDB83AFF97C94C6Z0Z_R	100.000	25	0	1.18e-09	50.1
M03520:605:000000000-LVNKY:1:1101:6878:10620;size=133	RH.DDB83AFF97C94C6Z0Z_F	100.000	24	0	4.65e-09	48.1
M03520:605:000000000-LVNKY:1:1101:19947:2196;size=127	RH.B9EF730EBE6C436Z0Z_F	100.000	25	0	1.18e-09	50.1
M03520:605:000000000-LVNKY:1:1101:19947:2196;size=127	RH.B9EF730EBE6C436Z0Z_R	100.000	25	0	1.18e-09	50.1
M03520:605:000000000-LVNKY:1:1101:12870:5160;size=126	RH.2A8AD21024974C0Z0Z_F	100.000	26	0	2.98e-10	52.0
M03520:605:000000000-LVNKY:1:1101:12870:5160;size=126	RH.2A8AD21024974C0Z0Z_R	100.000	25	0	1.18e-09	50.1
M03520:605:000000000-LVNKY:1:1101:20488:6196;size=126	RH.85A5303CAAF54ADZ0Z_R	100.000	22	0	7.27e-08	44.1
M03520:605:000000000-LVNKY:1:1101:25258:8628;size=124	RH.7CE39E25906745AZ0Z_R	100.000	26	0	2.98e-10	52.0
M03520:605:000000000-LVNKY:1:1101:25258:8628;size=124	RH.718B57159C244F7Z0Z_F	100.000	19	0	4.48e-06	38.2
M03520:605:000000000-LVNKY:1:1101:7956:8345;size=118	RH.2091F326F74640CZ0Z_R	100.000	22	0	7.27e-08	44.1
M03520:605:000000000-LVNKY:1:1101:7956:8345;size=118	RH.2091F326F74640CZ0Z_F	100.000	22	0	7.27e-08	44.1
M03520:605:000000000-LVNKY:1:1101:20345:3711;size=116	RH.B9EF730EBE6C436Z0Z_F	100.000	25	0	1.18e-09	50.1
M03520:605:000000000-LVNKY:1:1101:20345:3711;size=116	RH.B9EF730EBE6C436Z0Z_R	100.000	25	0	1.18e-09	50.1
M03520:605:000000000-LVNKY:1:1101:23560:8032;size=115	RH.0BD19D1A26A74EBZ0Z_F	100.000	25	0	1.18e-09	50.1
M03520:605:000000000-LVNKY:1:1101:23560:8032;size=115	RH.0BD19D1A26A74EBZ0Z_R	100.000	24	0	4.65e-09	48.1
M03520:605:000000000-LVNKY:1:1101:7230:12956;size=114	RH.FDEF34A308684D6Z0Z_F	100.000	24	0	4.65e-09	48.1
M03520:605:000000000-LVNKY:1:1107:14582:2982;size=113	RH.DDB83AFF97C94C6Z0Z_R	100.000	25	0	1.18e-09	50.1
M03520:605:000000000-LVNKY:1:1107:14582:2982;size=113	RH.DDB83AFF97C94C6Z0Z_F	100.000	24	0	4.65e-09	48.1
M03520:605:000000000-LVNKY:1:1101:9480:4475;size=112	RH.F7E3D42951B44CCZ0Z_R	100.000	22	0	7.27e-08	44.1
M03520:605:000000000-LVNKY:1:1101:9480:4475;size=112	RH.F7E3D42951B44CCZ0Z_F	100.000	22	0	7.27e-08	44.1
M03520:605:000000000-LVNKY:1:1101:26671:7424;size=109	RH.0550AF0F57084ADZ0Z_F	100.000	24	0	4.65e-09	48.1
M03520:605:000000000-LVNKY:1:1101:10650:4486;size=107	RH.B9EF730EBE6C436Z0Z_F	100.000	25	0	1.18e-09	50.1
M03520:605:000000000-LVNKY:1:1101:10650:4486;size=107	RH.B9EF730EBE6C436Z0Z_R	100.000	25	0	1.18e-09	50.1
M03520:605:000000000-LVNKY:1:1101:13435:1564;size=105	RH.7CE39E25906745AZ0Z_R	100.000	26	0	2.98e-10	52.0
M03520:605:000000000-LVNKY:1:1101:13435:1564;size=105	RH.7CE39E25906745AZ0Z_F	100.000	25	0	1.18e-09	50.1
M03520:605:000000000-LVNKY:1:1101:14544:1504;size=105	RH.7CE39E25906745AZ0Z_R	100.000	26	0	2.98e-10	52.0
M03520:605:000000000-LVNKY:1:1101:14544:1504;size=105	RH.7CE39E25906745AZ0Z_F	100.000	25	0	1.18e-09	50.1
M03520:605:000000000-LVNKY:1:1101:19760:15377;size=104	RH.7CE39E25906745AZ0Z_R	100.000	26	0	2.98e-10	52.0
M03520:605:000000000-LVNKY:1:1101:19760:15377;size=104	RH.7CE39E25906745AZ0Z_F	100.000	25	0	1.18e-09	50.1
M03520:605:000000000-LVNKY:1:1101:11539:5141;size=101	RH.7CE39E25906745AZ0Z_R	100.000	26	0	2.98e-10	52.0
M03520:605:000000000-LVNKY:1:1101:11539:5141;size=101	RH.7CE39E25906745AZ0Z_F	100.000	25	0	1.18e-09	50.1
M03520:605:000000000-LVNKY:1:1101:11919:4048;size=101	RH.85A5303CAAF54ADZ0Z_R	100.000	22	0	7.27e-08	44.1
M03520:605:000000000-LVNKY:1:1101:11919:4048;size=101	RH.85A5303CAAF54ADZ0Z_F	100.000	21	0	2.87e-07	42.1
M03520:605:000000000-LVNKY:1:1101:19106:6674;size=101	RH.B9EF730EBE6C436Z0Z_F	100.000	25	0	1.18e-09	50.1
M03520:605:000000000-LVNKY:1:1101:19106:6674;size=101	RH.B9EF730EBE6C436Z0Z_R	100.000	25	0	1.18e-09	50.1
M03520:605:000000000-LVNKY:1:1107:18856:1811;size=100	RH.8B25A056ABC1444Z0Z_F	100.000	22	0	7.27e-08	44.1
M03520:605:000000000-LVNKY:1:1107:18856:1811;size=100	RH.8B25A056ABC1444Z0Z_R	95.833	24	1	1.13e-06	40.1
M03520:605:000000000-LVNKY:1:1101:26607:11868;size=98	RH.63B83F05CDE5404Z0Z_R	100.000	22	0	7.27e-08	44.1
M03520:605:000000000-LVNKY:1:1101:26607:11868;size=98	RH.63B83F05CDE5404Z0Z_F	100.000	21	0	2.87e-07	42.1
M03520:605:000000000-LVNKY:1:1101:11082:16611;size=96	RH.DDB83AFF97C94C6Z0Z_R	100.000	25	0	1.18e-09	50.1
M03520:605:000000000-LVNKY:1:1101:11082:16611;size=96	RH.DDB83AFF97C94C6Z0Z_F	100.000	24	0	4.65e-09	48.1
M03520:605:000000000-LVNKY:1:1101:26482:9090;size=96	RH.B9EF730EBE6C436Z0Z_R	100.000	25	0	1.18e-09	50.1
M03520:605:000000000-LVNKY:1:1101:26482:9090;size=96	RH.B9EF730EBE6C436Z0Z_F	100.000	25	0	1.18e-09	50.1
M03520:605:000000000-LVNKY:1:1101:29079:12328;size=95	RH.0096A141894D447Z0Z_F	100.000	24	0	4.65e-09	48.1
M03520:605:000000000-LVNKY:1:1101:7064:12022;size=95	RH.7CE39E25906745AZ0Z_R	100.000	26	0	2.98e-10	52.0
M03520:605:000000000-LVNKY:1:1101:7064:12022;size=95	RH.7CE39E25906745AZ0Z_F	100.000	25	0	1.18e-09	50.1
M03520:605:000000000-LVNKY:1:1101:19833:4927;size=94	RH.B9EF730EBE6C436Z0Z_F	100.000	25	0	1.18e-09	50.1
M03520:605:000000000-LVNKY:1:1101:19833:4927;size=94	RH.B9EF730EBE6C436Z0Z_R	100.000	25	0	1.18e-09	50.1
M03520:605:000000000-LVNKY:1:1101:19544:16710;size=93	RH.0550AF0F57084ADZ0Z_F	100.000	24	0	4.65e-09	48.1
M03520:605:000000000-LVNKY:1:1101:19544:16710;size=93	RH.0550AF0F57084ADZ0Z_R	100.000	22	0	7.27e-08	44.1
M03520:605:000000000-LVNKY:1:1101:26301:10607;size=93	RH.85A5303CAAF54ADZ0Z_R	100.000	22	0	7.27e-08	44.1
M03520:605:000000000-LVNKY:1:1101:26301:10607;size=93	RH.85A5303CAAF54ADZ0Z_F	100.000	21	0	2.87e-07	42.1
M03520:605:000000000-LVNKY:1:1101:20619:4212;size=92	RH.27578A9A85FA4A3Z0Z_F	100.000	24	0	4.65e-09	48.1
M03520:605:000000000-LVNKY:1:1101:20619:4212;size=92	RH.27578A9A85FA4A3Z0Z_R	100.000	22	0	7.27e-08	44.1
M03520:605:000000000-LVNKY:1:1101:4280:10907;size=92	RH.3E6A642DF8FB454Z0Z_R	100.000	23	0	1.84e-08	46.1
M03520:605:000000000-LVNKY:1:1101:4280:10907;size=92	RH.3E6A642DF8FB454Z0Z_F	100.000	22	0	7.27e-08	44.1
M03520:605:000000000-LVNKY:1:1102:9776:8565;size=92	RH.DDB83AFF97C94C6Z0Z_R	100.000	25	0	1.18e-09	50.1
M03520:605:000000000-LVNKY:1:1102:9776:8565;size=92	RH.DDB83AFF97C94C6Z0Z_F	100.000	24	0	4.65e-09	48.1
M03520:605:000000000-LVNKY:1:1101:18363:7810;size=90	RH.72B9E3F522264B3Z0Z_F	100.000	22	0	7.27e-08	44.1
M03520:605:000000000-LVNKY:1:1101:18363:7810;size=90	RH.72B9E3F522264B3Z0Z_R	100.000	20	0	1.13e-06	40.1
M03520:605:000000000-LVNKY:1:1101:23499:17550;size=90	RH.7CE39E25906745AZ0Z_R	100.000	26	0	2.98e-10	52.0
M03520:605:000000000-LVNKY:1:1101:23499:17550;size=90	RH.7CE39E25906745AZ0Z_F	100.000	25	0	1.18e-09	50.1
M03520:605:000000000-LVNKY:1:1101:8060:17752;size=90	RH.517A9FBA2B494D5Z0Z_F	100.000	25	0	1.18e-09	50.1
M03520:605:000000000-LVNKY:1:1101:8060:17752;size=90	RH.517A9FBA2B494D5Z0Z_R	100.000	24	0	4.65e-09	48.1
M03520:605:000000000-LVNKY:1:1101:16023:10529;size=89	RH.B9EF730EBE6C436Z0Z_R	100.000	25	0	1.18e-09	50.1
M03520:605:000000000-LVNKY:1:1101:16023:10529;size=89	RH.B9EF730EBE6C436Z0Z_F	100.000	25	0	1.18e-09	50.1
M03520:605:000000000-LVNKY:1:1101:11220:21559;size=88	RH.7CE39E25906745AZ0Z_R	100.000	26	0	2.98e-10	52.0
M03520:605:000000000-LVNKY:1:1101:11220:21559;size=88	RH.7CE39E25906745AZ0Z_F	100.000	25	0	1.18e-09	50.1
M03520:605:000000000-LVNKY:1:1101:14715:3836;size=87	RH.B9EF730EBE6C436Z0Z_F	100.000	25	0	1.18e-09	50.1
M03520:605:000000000-LVNKY:1:1101:14715:3836;size=87	RH.B9EF730EBE6C436Z0Z_R	100.000	25	0	1.18e-09	50.1
M03520:605:000000000-LVNKY:1:1101:20203:7729;size=87	RH.72B9E3F522264B3Z0Z_F	100.000	22	0	7.27e-08	44.1
M03520:605:000000000-LVNKY:1:1101:13016:2652;size=86	RH.78B83B8D6A224B1Z0Z_F	100.000	22	0	7.27e-08	44.1
M03520:605:000000000-LVNKY:1:1101:15731:7944;size=86	RH.0BD19D1A26A74EBZ0Z_F	100.000	25	0	1.18e-09	50.1
M03520:605:000000000-LVNKY:1:1101:15731:7944;size=86	RH.0BD19D1A26A74EBZ0Z_R	100.000	24	0	4.65e-09	48.1
M03520:605:000000000-LVNKY:1:1101:18369:8834;size=85	RH.1CC74B91718A42FZ0Z_F	100.000	22	0	7.27e-08	44.1
M03520:605:000000000-LVNKY:1:1101:18369:8834;size=85	RH.1CC74B91718A42FZ0Z_R	100.000	21	0	2.87e-07	42.1
M03520:605:000000000-LVNKY:1:1101:20737:12982;size=84	RH.F537671F3A234DCZ0Z_F	100.000	24	0	4.65e-09	48.1
M03520:605:000000000-LVNKY:1:1101:20737:12982;size=84	RH.F537671F3A234DCZ0Z_R	100.000	23	0	1.84e-08	46.1
M03520:605:000000000-LVNKY:1:1101:3449:15766;size=83	RH.0BD19D1A26A74EBZ0Z_F	100.000	25	0	1.18e-09	50.1
M03520:605:000000000-LVNKY:1:1101:3449:15766;size=83	RH.0BD19D1A26A74EBZ0Z_R	100.000	24	0	4.65e-09	48.1
M03520:605:000000000-LVNKY:1:1101:8428:12080;size=83	RH.6572108A164E48EZ0Z_R	100.000	25	0	1.18e-09	50.1
M03520:605:000000000-LVNKY:1:1101:8428:12080;size=83	RH.F7E3D42951B44CCZ0Z_F	100.000	21	0	2.87e-07	42.1
M03520:605:000000000-LVNKY:1:1101:8428:12080;size=83	RH.F7E3D42951B44CCZ0Z_R	100.000	19	0	4.48e-06	38.2
M03520:605:000000000-LVNKY:1:1102:14733:17413;size=83	RH.7CE39E25906745AZ0Z_R	100.000	26	0	2.98e-10	52.0
M03520:605:000000000-LVNKY:1:1102:14733:17413;size=83	RH.7CE39E25906745AZ0Z_F	100.000	25	0	1.18e-09	50.1
M03520:605:000000000-LVNKY:1:1107:12365:2240;size=83	RH.DDB83AFF97C94C6Z0Z_R	100.000	25	0	1.18e-09	50.1
M03520:605:000000000-LVNKY:1:1107:12365:2240;size=83	RH.8B25A056ABC1444Z0Z_F	100.000	22	0	7.27e-08	44.1
M03520:605:000000000-LVNKY:1:1101:6717:12188;size=81	RH.7CE39E25906745AZ0Z_R	100.000	26	0	2.98e-10	52.0
M03520:605:000000000-LVNKY:1:1101:6717:12188;size=81	RH.7CE39E25906745AZ0Z_F	100.000	25	0	1.18e-09	50.1
M03520:605:000000000-LVNKY:1:1107:19944:2789;size=80	RH.2AFFFBA0E81C482Z0Z_R	100.000	23	0	1.84e-08	46.1
M03520:605:000000000-LVNKY:1:1107:19944:2789;size=80	RH.2AFFFBA0E81C482Z0Z_F	100.000	23	0	1.84e-08	46.1
M03520:605:000000000-LVNKY:1:1101:13444:3950;size=79	RH.7CE39E25906745AZ0Z_F	100.000	25	0	1.18e-09	50.1
M03520:605:000000000-LVNKY:1:1101:13444:3950;size=79	RH.7CE39E25906745AZ0Z_R	100.000	23	0	1.84e-08	46.1
M03520:605:000000000-LVNKY:1:1101:21376:9363;size=79	RH.B9EF730EBE6C436Z0Z_R	100.000	25	0	1.18e-09	50.1
M03520:605:000000000-LVNKY:1:1101:21376:9363;size=79	RH.B9EF730EBE6C436Z0Z_F	100.000	25	0	1.18e-09	50.1
M03520:605:000000000-LVNKY:1:1101:21587:8015;size=79	RH.CA1E204B0C0842DZ0Z_F	100.000	26	0	2.98e-10	52.0
M03520:605:000000000-LVNKY:1:1101:21587:8015;size=79	RH.E04EE94198274F7Z0Z_F	100.000	25	0	1.18e-09	50.1
M03520:605:000000000-LVNKY:1:1101:21587:8015;size=79	RH.CA1E204B0C0842DZ0Z_R	100.000	24	0	4.65e-09	48.1
M03520:605:000000000-LVNKY:1:1101:25694:9564;size=79	RH.0BD19D1A26A74EBZ0Z_F	100.000	25	0	1.18e-09	50.1
M03520:605:000000000-LVNKY:1:1101:25694:9564;size=79	RH.0BD19D1A26A74EBZ0Z_R	100.000	24	0	4.65e-09	48.1
M03520:605:000000000-LVNKY:1:1102:21886:6888;size=79	RH.0BD19D1A26A74EBZ0Z_F	100.000	25	0	1.18e-09	50.1
M03520:605:000000000-LVNKY:1:1102:21886:6888;size=79	RH.0BD19D1A26A74EBZ0Z_R	100.000	24	0	4.65e-09	48.1
M03520:605:000000000-LVNKY:1:1101:22030:7742;size=78	RH.0BD19D1A26A74EBZ0Z_F	100.000	25	0	1.18e-09	50.1
M03520:605:000000000-LVNKY:1:1101:22030:7742;size=78	RH.0BD19D1A26A74EBZ0Z_R	100.000	24	0	4.65e-09	48.1
M03520:605:000000000-LVNKY:1:1101:22662:11754;size=78	RH.B9EF730EBE6C436Z0Z_R	100.000	25	0	1.18e-09	50.1
M03520:605:000000000-LVNKY:1:1101:22662:11754;size=78	RH.B9EF730EBE6C436Z0Z_F	100.000	22	0	7.27e-08	44.1
M03520:605:000000000-LVNKY:1:1101:14521:15695;size=77	RH.7CE39E25906745AZ0Z_R	100.000	26	0	2.98e-10	52.0
M03520:605:000000000-LVNKY:1:1101:14521:15695;size=77	RH.7CE39E25906745AZ0Z_F	100.000	25	0	1.18e-09	50.1
M03520:605:000000000-LVNKY:1:1101:25267:14071;size=77	RH.7CE39E25906745AZ0Z_R	100.000	26	0	2.98e-10	52.0
M03520:605:000000000-LVNKY:1:1101:25267:14071;size=77	RH.7CE39E25906745AZ0Z_F	100.000	25	0	1.18e-09	50.1
M03520:605:000000000-LVNKY:1:1102:9586:11656;size=77	RH.B9EF730EBE6C436Z0Z_R	100.000	25	0	1.18e-09	50.1
M03520:605:000000000-LVNKY:1:1102:9586:11656;size=77	RH.B9EF730EBE6C436Z0Z_F	100.000	25	0	1.18e-09	50.1
M03520:605:000000000-LVNKY:1:1106:13457:11674;size=77	RH.0096A141894D447Z0Z_F	100.000	24	0	4.65e-09	48.1
M03520:605:000000000-LVNKY:1:1101:11924:1911;size=76	RH.0BD19D1A26A74EBZ0Z_F	100.000	25	0	1.18e-09	50.1
M03520:605:000000000-LVNKY:1:1101:11924:1911;size=76	RH.0BD19D1A26A74EBZ0Z_R	100.000	24	0	4.65e-09	48.1
M03520:605:000000000-LVNKY:1:1101:14096:2086;size=76	RH.B9EF730EBE6C436Z0Z_R	100.000	25	0	1.18e-09	50.1
M03520:605:000000000-LVNKY:1:1101:14096:2086;size=76	RH.B9EF730EBE6C436Z0Z_F	100.000	25	0	1.18e-09	50.1
M03520:605:000000000-LVNKY:1:1102:25913:14928;size=76	RH.0BD19D1A26A74EBZ0Z_F	100.000	25	0	1.18e-09	50.1
M03520:605:000000000-LVNKY:1:1102:25913:14928;size=76	RH.0BD19D1A26A74EBZ0Z_R	100.000	24	0	4.65e-09	48.1
M03520:605:000000000-LVNKY:1:1101:11352:7172;size=75	RH.7CE39E25906745AZ0Z_R	100.000	26	0	2.98e-10	52.0
M03520:605:000000000-LVNKY:1:1101:11352:7172;size=75	RH.7CE39E25906745AZ0Z_F	100.000	25	0	1.18e-09	50.1
M03520:605:000000000-LVNKY:1:1101:24502:8276;size=75	RH.B9EF730EBE6C436Z0Z_R	100.000	25	0	1.18e-09	50.1
M03520:605:000000000-LVNKY:1:1101:24502:8276;size=75	RH.B9EF730EBE6C436Z0Z_F	100.000	25	0	1.18e-09	50.1
M03520:605:000000000-LVNKY:1:1101:7395:8609;size=75	RH.B9EF730EBE6C436Z0Z_F	100.000	25	0	1.18e-09	50.1
M03520:605:000000000-LVNKY:1:1101:7395:8609;size=75	RH.B9EF730EBE6C436Z0Z_R	100.000	25	0	1.18e-09	50.1
M03520:605:000000000-LVNKY:1:1101:16387:18476;size=74	RH.51338FA06EDB4F0Z0Z_F	100.000	23	0	1.84e-08	46.1
M03520:605:000000000-LVNKY:1:1101:16387:18476;size=74	RH.51338FA06EDB4F0Z0Z_R	100.000	23	0	1.84e-08	46.1
M03520:605:000000000-LVNKY:1:1101:19133:24758;size=74	RH.DDB83AFF97C94C6Z0Z_R	100.000	25	0	1.18e-09	50.1
M03520:605:000000000-LVNKY:1:1101:19133:24758;size=74	RH.DDB83AFF97C94C6Z0Z_F	100.000	24	0	4.65e-09	48.1
M03520:605:000000000-LVNKY:1:1101:22149:5559;size=74	RH.DDB83AFF97C94C6Z0Z_R	100.000	25	0	1.18e-09	50.1
M03520:605:000000000-LVNKY:1:1101:22149:5559;size=74	RH.DDB83AFF97C94C6Z0Z_F	100.000	24	0	4.65e-09	48.1
M03520:605:000000000-LVNKY:1:1101:26516:12564;size=74	RH.7CE39E25906745AZ0Z_R	100.000	26	0	2.98e-10	52.0
M03520:605:000000000-LVNKY:1:1101:26516:12564;size=74	RH.7CE39E25906745AZ0Z_F	100.000	25	0	1.18e-09	50.1
M03520:605:000000000-LVNKY:1:1101:21261:6227;size=73	RH.85A5303CAAF54ADZ0Z_R	100.000	22	0	7.27e-08	44.1
M03520:605:000000000-LVNKY:1:1101:21261:6227;size=73	RH.85A5303CAAF54ADZ0Z_F	100.000	21	0	2.87e-07	42.1
M03520:605:000000000-LVNKY:1:1101:22979:10488;size=73	RH.B9EF730EBE6C436Z0Z_R	100.000	25	0	1.18e-09	50.1
M03520:605:000000000-LVNKY:1:1101:22979:10488;size=73	RH.B9EF730EBE6C436Z0Z_F	100.000	25	0	1.18e-09	50.1
M03520:605:000000000-LVNKY:1:1101:13306:4879;size=72	RH.DDB83AFF97C94C6Z0Z_R	100.000	25	0	1.18e-09	50.1
M03520:605:000000000-LVNKY:1:1101:13306:4879;size=72	RH.DDB83AFF97C94C6Z0Z_F	100.000	24	0	4.65e-09	48.1
M03520:605:000000000-LVNKY:1:1101:14502:11059;size=72	RH.7CE39E25906745AZ0Z_R	100.000	26	0	2.98e-10	52.0
M03520:605:000000000-LVNKY:1:1101:14502:11059;size=72	RH.7CE39E25906745AZ0Z_F	100.000	25	0	1.18e-09	50.1
M03520:605:000000000-LVNKY:1:1101:21712:24288;size=72	RH.7CE39E25906745AZ0Z_R	100.000	26	0	2.98e-10	52.0
M03520:605:000000000-LVNKY:1:1101:21712:24288;size=72	RH.7CE39E25906745AZ0Z_F	100.000	25	0	1.18e-09	50.1
M03520:605:000000000-LVNKY:1:1101:9485:6827;size=72	RH.B9EF730EBE6C436Z0Z_R	100.000	25	0	1.18e-09	50.1
M03520:605:000000000-LVNKY:1:1101:9485:6827;size=72	RH.B9EF730EBE6C436Z0Z_F	100.000	25	0	1.18e-09	50.1
M03520:605:000000000-LVNKY:1:1102:28466:11453;size=72	RH.DDB83AFF97C94C6Z0Z_R	100.000	25	0	1.18e-09	50.1
M03520:605:000000000-LVNKY:1:1102:28466:11453;size=72	RH.DDB83AFF97C94C6Z0Z_F	100.000	24	0	4.65e-09	48.1
M03520:605:000000000-LVNKY:1:1101:10932:3061;size=71	RH.0BD19D1A26A74EBZ0Z_F	100.000	25	0	1.18e-09	50.1
M03520:605:000000000-LVNKY:1:1101:10932:3061;size=71	RH.0BD19D1A26A74EBZ0Z_R	100.000	24	0	4.65e-09	48.1
M03520:605:000000000-LVNKY:1:1101:14578:4629;size=71	RH.DDB83AFF97C94C6Z0Z_R	100.000	25	0	1.18e-09	50.1
M03520:605:000000000-LVNKY:1:1101:14578:4629;size=71	RH.DDB83AFF97C94C6Z0Z_F	100.000	24	0	4.65e-09	48.1
M03520:605:000000000-LVNKY:1:1101:21718:10938;size=71	RH.B9EF730EBE6C436Z0Z_R	100.000	25	0	1.18e-09	50.1
M03520:605:000000000-LVNKY:1:1101:21718:10938;size=71	RH.B9EF730EBE6C436Z0Z_F	100.000	25	0	1.18e-09	50.1
M03520:605:000000000-LVNKY:1:1101:7828:6682;size=71	RH.B9EF730EBE6C436Z0Z_F	100.000	25	0	1.18e-09	50.1
M03520:605:000000000-LVNKY:1:1101:7828:6682;size=71	RH.B9EF730EBE6C436Z0Z_R	100.000	25	0	1.18e-09	50.1
M03520:605:000000000-LVNKY:1:1101:8094:5876;size=71	RH.8B25A056ABC1444Z0Z_R	100.000	24	0	4.65e-09	48.1
M03520:605:000000000-LVNKY:1:1101:11874:9511;size=70	RH.1CC74B91718A42FZ0Z_F	100.000	24	0	4.65e-09	48.1
M03520:605:000000000-LVNKY:1:1101:20487:9572;size=70	RH.0BD19D1A26A74EBZ0Z_F	100.000	25	0	1.18e-09	50.1
M03520:605:000000000-LVNKY:1:1101:20487:9572;size=70	RH.0BD19D1A26A74EBZ0Z_R	100.000	24	0	4.65e-09	48.1
M03520:605:000000000-LVNKY:1:1101:9356:8477;size=70	RH.B9EF730EBE6C436Z0Z_R	100.000	25	0	1.18e-09	50.1
M03520:605:000000000-LVNKY:1:1101:9356:8477;size=70	RH.B9EF730EBE6C436Z0Z_F	100.000	25	0	1.18e-09	50.1
M03520:605:000000000-LVNKY:1:1101:14033:3041;size=69	RH.7CE39E25906745AZ0Z_R	100.000	26	0	2.98e-10	52.0
M03520:605:000000000-LVNKY:1:1101:14033:3041;size=69	RH.7CE39E25906745AZ0Z_F	100.000	25	0	1.18e-09	50.1
M03520:605:000000000-LVNKY:1:1101:18611:3620;size=69	RH.0BD19D1A26A74EBZ0Z_F	100.000	25	0	1.18e-09	50.1
M03520:605:000000000-LVNKY:1:1101:18611:3620;size=69	RH.0BD19D1A26A74EBZ0Z_R	100.000	24	0	4.65e-09	48.1
M03520:605:000000000-LVNKY:1:1101:20408:2887;size=69	RH.B9EF730EBE6C436Z0Z_R	100.000	25	0	1.18e-09	50.1
M03520:605:000000000-LVNKY:1:1101:20408:2887;size=69	RH.B9EF730EBE6C436Z0Z_F	100.000	23	0	1.84e-08	46.1
M03520:605:000000000-LVNKY:1:1105:25129:22246;size=69	RH.27578A9A85FA4A3Z0Z_F	100.000	24	0	4.65e-09	48.1
M03520:605:000000000-LVNKY:1:1105:25129:22246;size=69	RH.27578A9A85FA4A3Z0Z_R	100.000	22	0	7.27e-08	44.1
M03520:605:000000000-LVNKY:1:1101:12602:9804;size=68	RH.7CE39E25906745AZ0Z_F	100.000	25	0	1.18e-09	50.1
M03520:605:000000000-LVNKY:1:1101:12602:9804;size=68	RH.7CE39E25906745AZ0Z_R	100.000	22	0	7.27e-08	44.1
M03520:605:000000000-LVNKY:1:1101:19311:1908;size=68	RH.B9EF730EBE6C436Z0Z_F	100.000	25	0	1.18e-09	50.1
M03520:605:000000000-LVNKY:1:1101:19311:1908;size=68	RH.B9EF730EBE6C436Z0Z_R	100.000	25	0	1.18e-09	50.1
M03520:605:000000000-LVNKY:1:1101:25881:15291;size=68	RH.7CE39E25906745AZ0Z_R	100.000	26	0	2.98e-10	52.0
M03520:605:000000000-LVNKY:1:1101:25881:15291;size=68	RH.7CE39E25906745AZ0Z_F	100.000	25	0	1.18e-09	50.1
M03520:605:000000000-LVNKY:1:1101:27605:16109;size=68	RH.85A5303CAAF54ADZ0Z_R	100.000	22	0	7.27e-08	44.1
M03520:605:000000000-LVNKY:1:1101:27605:16109;size=68	RH.85A5303CAAF54ADZ0Z_F	100.000	21	0	2.87e-07	42.1
M03520:605:000000000-LVNKY:1:1102:14288:11639;size=68	RH.9C70B4C9923B4A8Z0Z_R	100.000	23	0	1.84e-08	46.1
M03520:605:000000000-LVNKY:1:1102:14288:11639;size=68	RH.9C70B4C9923B4A8Z0Z_F	100.000	23	0	1.84e-08	46.1
M03520:605:000000000-LVNKY:1:1101:14443:10431;size=67	RH.0BD19D1A26A74EBZ0Z_F	100.000	25	0	1.18e-09	50.1
M03520:605:000000000-LVNKY:1:1101:14443:10431;size=67	RH.0BD19D1A26A74EBZ0Z_R	100.000	22	0	7.27e-08	44.1
M03520:605:000000000-LVNKY:1:1101:21974:9446;size=67	RH.B9EF730EBE6C436Z0Z_F	100.000	25	0	1.18e-09	50.1
M03520:605:000000000-LVNKY:1:1101:21974:9446;size=67	RH.B9EF730EBE6C436Z0Z_R	100.000	25	0	1.18e-09	50.1
M03520:605:000000000-LVNKY:1:1101:25735:6605;size=67	RH.DDB83AFF97C94C6Z0Z_R	100.000	25	0	1.18e-09	50.1
M03520:605:000000000-LVNKY:1:1101:25735:6605;size=67	RH.DDB83AFF97C94C6Z0Z_F	100.000	24	0	4.65e-09	48.1
M03520:605:000000000-LVNKY:1:1101:25924:6955;size=67	RH.DDB83AFF97C94C6Z0Z_R	100.000	24	0	4.65e-09	48.1
M03520:605:000000000-LVNKY:1:1101:25924:6955;size=67	RH.DDB83AFF97C94C6Z0Z_F	100.000	24	0	4.65e-09	48.1
M03520:605:000000000-LVNKY:1:1101:28036:16728;size=67	RH.B9EF730EBE6C436Z0Z_F	100.000	25	0	1.18e-09	50.1
M03520:605:000000000-LVNKY:1:1101:28036:16728;size=67	RH.B9EF730EBE6C436Z0Z_R	100.000	25	0	1.18e-09	50.1
M03520:605:000000000-LVNKY:1:1101:4523:13335;size=67	RH.0BD19D1A26A74EBZ0Z_F	100.000	25	0	1.18e-09	50.1
M03520:605:000000000-LVNKY:1:1101:4523:13335;size=67	RH.0BD19D1A26A74EBZ0Z_R	100.000	24	0	4.65e-09	48.1
M03520:605:000000000-LVNKY:1:1101:5492:11778;size=67	RH.DDB83AFF97C94C6Z0Z_R	100.000	25	0	1.18e-09	50.1
M03520:605:000000000-LVNKY:1:1101:5492:11778;size=67	RH.DDB83AFF97C94C6Z0Z_F	100.000	24	0	4.65e-09	48.1
M03520:605:000000000-LVNKY:1:1101:9407:10000;size=67	RH.DDB83AFF97C94C6Z0Z_R	100.000	25	0	1.18e-09	50.1
M03520:605:000000000-LVNKY:1:1101:9407:10000;size=67	RH.DDB83AFF97C94C6Z0Z_F	100.000	24	0	4.65e-09	48.1
M03520:605:000000000-LVNKY:1:1101:14853:18493;size=66	RH.B9EF730EBE6C436Z0Z_F	100.000	25	0	1.18e-09	50.1
M03520:605:000000000-LVNKY:1:1101:14853:18493;size=66	RH.B9EF730EBE6C436Z0Z_R	100.000	25	0	1.18e-09	50.1
M03520:605:000000000-LVNKY:1:1101:23218:5699;size=66	RH.2A8AD21024974C0Z0Z_F	100.000	26	0	2.98e-10	52.0
M03520:605:000000000-LVNKY:1:1101:23218:5699;size=66	RH.2A8AD21024974C0Z0Z_R	100.000	25	0	1.18e-09	50.1
M03520:605:000000000-LVNKY:1:1101:24160:19435;size=65	RH.B9EF730EBE6C436Z0Z_R	100.000	25	0	1.18e-09	50.1
M03520:605:000000000-LVNKY:1:1101:24160:19435;size=65	RH.B9EF730EBE6C436Z0Z_F	100.000	25	0	1.18e-09	50.1
M03520:605:000000000-LVNKY:1:1101:26596:17760;size=65	RH.0BD19D1A26A74EBZ0Z_F	100.000	25	0	1.18e-09	50.1
M03520:605:000000000-LVNKY:1:1101:26596:17760;size=65	RH.0BD19D1A26A74EBZ0Z_R	100.000	24	0	4.65e-09	48.1
M03520:605:000000000-LVNKY:1:1101:27482:12918;size=65	RH.2A8AD21024974C0Z0Z_R	100.000	25	0	1.18e-09	50.1
M03520:605:000000000-LVNKY:1:1101:27482:12918;size=65	RH.0C6EF86AB29A422Z0Z_F	100.000	19	0	4.48e-06	38.2
M03520:605:000000000-LVNKY:1:1103:15533:18601;size=65	RH.DDB83AFF97C94C6Z0Z_R	100.000	25	0	1.18e-09	50.1
M03520:605:000000000-LVNKY:1:1103:15533:18601;size=65	RH.DDB83AFF97C94C6Z0Z_F	100.000	22	0	7.27e-08	44.1
M03520:605:000000000-LVNKY:1:1101:18770:2693;size=64	RH.0BD19D1A26A74EBZ0Z_F	100.000	25	0	1.18e-09	50.1
M03520:605:000000000-LVNKY:1:1101:18770:2693;size=64	RH.0BD19D1A26A74EBZ0Z_R	100.000	24	0	4.65e-09	48.1
M03520:605:000000000-LVNKY:1:1101:22945:16631;size=64	RH.7CE39E25906745AZ0Z_R	100.000	26	0	2.98e-10	52.0
M03520:605:000000000-LVNKY:1:1101:22945:16631;size=64	RH.7CE39E25906745AZ0Z_F	100.000	25	0	1.18e-09	50.1
M03520:605:000000000-LVNKY:1:1101:24356:22989;size=64	RH.B051A8F7971041FZ0Z_R	100.000	23	0	1.84e-08	46.1
M03520:605:000000000-LVNKY:1:1101:24356:22989;size=64	RH.B051A8F7971041FZ0Z_F	100.000	23	0	1.84e-08	46.1
M03520:605:000000000-LVNKY:1:1101:10574:6339;size=63	RH.0BD19D1A26A74EBZ0Z_F	100.000	25	0	1.18e-09	50.1
M03520:605:000000000-LVNKY:1:1101:10574:6339;size=63	RH.0BD19D1A26A74EBZ0Z_R	100.000	24	0	4.65e-09	48.1
M03520:605:000000000-LVNKY:1:1101:23063:15054;size=63	RH.B9EF730EBE6C436Z0Z_F	100.000	25	0	1.18e-09	50.1
M03520:605:000000000-LVNKY:1:1101:23063:15054;size=63	RH.B9EF730EBE6C436Z0Z_R	100.000	23	0	1.84e-08	46.1
M03520:605:000000000-LVNKY:1:1101:23161:22725;size=63	RH.7CE39E25906745AZ0Z_R	100.000	26	0	2.98e-10	52.0
M03520:605:000000000-LVNKY:1:1101:23161:22725;size=63	RH.7CE39E25906745AZ0Z_F	100.000	24	0	4.65e-09	48.1
M03520:605:000000000-LVNKY:1:1101:23225:6457;size=63	RH.7CE39E25906745AZ0Z_R	100.000	26	0	2.98e-10	52.0
M03520:605:000000000-LVNKY:1:1101:14667:22492;size=62	RH.B9EF730EBE6C436Z0Z_R	100.000	25	0	1.18e-09	50.1
M03520:605:000000000-LVNKY:1:1101:14667:22492;size=62	RH.B9EF730EBE6C436Z0Z_F	100.000	25	0	1.18e-09	50.1
M03520:605:000000000-LVNKY:1:1101:25440:7060;size=62	RH.7CE39E25906745AZ0Z_R	100.000	26	0	2.98e-10	52.0
M03520:605:000000000-LVNKY:1:1101:25440:7060;size=62	RH.7CE39E25906745AZ0Z_F	100.000	25	0	1.18e-09	50.1
M03520:605:000000000-LVNKY:1:1101:27945:11608;size=62	RH.7CE39E25906745AZ0Z_R	100.000	26	0	2.98e-10	52.0
M03520:605:000000000-LVNKY:1:1101:27945:11608;size=62	RH.7CE39E25906745AZ0Z_F	100.000	25	0	1.18e-09	50.1
M03520:605:000000000-LVNKY:1:1107:17083:1912;size=62	RH.51338FA06EDB4F0Z0Z_R	95.652	23	1	4.48e-06	38.2
M03520:605:000000000-LVNKY:1:1101:17604:17580;size=61	RH.44DCEC943BED412Z0Z_R	100.000	23	0	1.84e-08	46.1
M03520:605:000000000-LVNKY:1:1101:17604:17580;size=61	RH.44DCEC943BED412Z0Z_F	100.000	23	0	1.84e-08	46.1
M03520:605:000000000-LVNKY:1:1101:18166:1795;size=61	RH.B9EF730EBE6C436Z0Z_R	100.000	25	0	1.18e-09	50.1
M03520:605:000000000-LVNKY:1:1101:18166:1795;size=61	RH.B9EF730EBE6C436Z0Z_F	100.000	25	0	1.18e-09	50.1
M03520:605:000000000-LVNKY:1:1101:19457:4819;size=61	RH.DDB83AFF97C94C6Z0Z_R	100.000	25	0	1.18e-09	50.1
M03520:605:000000000-LVNKY:1:1101:19457:4819;size=61	RH.DDB83AFF97C94C6Z0Z_F	100.000	24	0	4.65e-09	48.1
M03520:605:000000000-LVNKY:1:1101:20271:7924;size=61	RH.B9EF730EBE6C436Z0Z_R	100.000	25	0	1.18e-09	50.1
M03520:605:000000000-LVNKY:1:1101:20271:7924;size=61	RH.B9EF730EBE6C436Z0Z_F	100.000	25	0	1.18e-09	50.1
M03520:605:000000000-LVNKY:1:1101:22117:17603;size=61	RH.0BD19D1A26A74EBZ0Z_F	100.000	25	0	1.18e-09	50.1
M03520:605:000000000-LVNKY:1:1101:22117:17603;size=61	RH.0BD19D1A26A74EBZ0Z_R	100.000	24	0	4.65e-09	48.1
M03520:605:000000000-LVNKY:1:1101:22767:19946;size=61	RH.7CE39E25906745AZ0Z_R	100.000	26	0	2.98e-10	52.0
M03520:605:000000000-LVNKY:1:1101:22767:19946;size=61	RH.7CE39E25906745AZ0Z_F	100.000	23	0	1.84e-08	46.1
M03520:605:000000000-LVNKY:1:1101:4769:8150;size=61	RH.DDB83AFF97C94C6Z0Z_R	100.000	25	0	1.18e-09	50.1
M03520:605:000000000-LVNKY:1:1101:4769:8150;size=61	RH.DDB83AFF97C94C6Z0Z_F	100.000	22	0	7.27e-08	44.1
M03520:605:000000000-LVNKY:1:1102:20253:3958;size=61	RH.CA1E204B0C0842DZ0Z_F	100.000	26	0	2.98e-10	52.0
M03520:605:000000000-LVNKY:1:1102:20253:3958;size=61	RH.CA1E204B0C0842DZ0Z_R	100.000	24	0	4.65e-09	48.1
M03520:605:000000000-LVNKY:1:1101:14146:18328;size=60	RH.0BD19D1A26A74EBZ0Z_F	100.000	25	0	1.18e-09	50.1
M03520:605:000000000-LVNKY:1:1101:14146:18328;size=60	RH.0BD19D1A26A74EBZ0Z_R	100.000	24	0	4.65e-09	48.1
M03520:605:000000000-LVNKY:1:1101:22933:8596;size=60	RH.0BD19D1A26A74EBZ0Z_R	100.000	24	0	4.65e-09	48.1
M03520:605:000000000-LVNKY:1:1101:22933:8596;size=60	RH.0BD19D1A26A74EBZ0Z_F	100.000	19	0	4.48e-06	38.2
M03520:605:000000000-LVNKY:1:1101:25209:19143;size=60	RH.72B9E3F522264B3Z0Z_F	100.000	22	0	7.27e-08	44.1
M03520:605:000000000-LVNKY:1:1101:25209:19143;size=60	RH.72B9E3F522264B3Z0Z_R	100.000	20	0	1.13e-06	40.1
M03520:605:000000000-LVNKY:1:1101:4254:13149;size=60	RH.85A5303CAAF54ADZ0Z_R	100.000	22	0	7.27e-08	44.1
M03520:605:000000000-LVNKY:1:1101:4254:13149;size=60	RH.85A5303CAAF54ADZ0Z_F	100.000	21	0	2.87e-07	42.1
M03520:605:000000000-LVNKY:1:1101:8835:6142;size=60	RH.0BD19D1A26A74EBZ0Z_F	100.000	25	0	1.18e-09	50.1
M03520:605:000000000-LVNKY:1:1101:8835:6142;size=60	RH.0BD19D1A26A74EBZ0Z_R	100.000	24	0	4.65e-09	48.1
M03520:605:000000000-LVNKY:1:1101:8930:4318;size=60	RH.7CE39E25906745AZ0Z_R	100.000	26	0	2.98e-10	52.0
M03520:605:000000000-LVNKY:1:1101:8930:4318;size=60	RH.7CE39E25906745AZ0Z_F	100.000	25	0	1.18e-09	50.1
M03520:605:000000000-LVNKY:1:1101:14001:6064;size=59	RH.DDB83AFF97C94C6Z0Z_R	100.000	25	0	1.18e-09	50.1
M03520:605:000000000-LVNKY:1:1101:14001:6064;size=59	RH.DDB83AFF97C94C6Z0Z_F	100.000	24	0	4.65e-09	48.1
M03520:605:000000000-LVNKY:1:1101:16750:6889;size=59	RH.0BD19D1A26A74EBZ0Z_F	100.000	25	0	1.18e-09	50.1
M03520:605:000000000-LVNKY:1:1101:16750:6889;size=59	RH.0BD19D1A26A74EBZ0Z_R	100.000	24	0	4.65e-09	48.1
M03520:605:000000000-LVNKY:1:1101:4875:16138;size=59	RH.DDB83AFF97C94C6Z0Z_R	100.000	25	0	1.18e-09	50.1
M03520:605:000000000-LVNKY:1:1101:4875:16138;size=59	RH.DDB83AFF97C94C6Z0Z_F	100.000	24	0	4.65e-09	48.1
M03520:605:000000000-LVNKY:1:1102:25055:8621;size=59	RH.B9EF730EBE6C436Z0Z_F	100.000	25	0	1.18e-09	50.1
M03520:605:000000000-LVNKY:1:1102:25055:8621;size=59	RH.B9EF730EBE6C436Z0Z_R	100.000	25	0	1.18e-09	50.1
M03520:605:000000000-LVNKY:1:1101:19122:26714;size=58	RH.DDB83AFF97C94C6Z0Z_R	100.000	25	0	1.18e-09	50.1
M03520:605:000000000-LVNKY:1:1101:19122:26714;size=58	RH.DDB83AFF97C94C6Z0Z_F	100.000	24	0	4.65e-09	48.1
M03520:605:000000000-LVNKY:1:1101:8261:7154;size=58	RH.27578A9A85FA4A3Z0Z_R	100.000	22	0	7.27e-08	44.1
M03520:605:000000000-LVNKY:1:1101:14218:4945;size=57	RH.7CE39E25906745AZ0Z_R	100.000	26	0	2.98e-10	52.0
M03520:605:000000000-LVNKY:1:1101:14218:4945;size=57	RH.7CE39E25906745AZ0Z_F	100.000	25	0	1.18e-09	50.1
M03520:605:000000000-LVNKY:1:1101:17453:3080;size=57	RH.0BD19D1A26A74EBZ0Z_F	100.000	25	0	1.18e-09	50.1
M03520:605:000000000-LVNKY:1:1101:17453:3080;size=57	RH.0BD19D1A26A74EBZ0Z_R	100.000	24	0	4.65e-09	48.1
M03520:605:000000000-LVNKY:1:1101:17816:4305;size=57	RH.7CE39E25906745AZ0Z_R	100.000	26	0	2.98e-10	52.0
M03520:605:000000000-LVNKY:1:1101:17816:4305;size=57	RH.7CE39E25906745AZ0Z_F	100.000	25	0	1.18e-09	50.1
M03520:605:000000000-LVNKY:1:1101:20833:9910;size=57	RH.7CE39E25906745AZ0Z_R	100.000	26	0	2.98e-10	52.0
M03520:605:000000000-LVNKY:1:1101:20833:9910;size=57	RH.7CE39E25906745AZ0Z_F	100.000	25	0	1.18e-09	50.1
M03520:605:000000000-LVNKY:1:1101:23089:10704;size=57	RH.CA1E204B0C0842DZ0Z_R	100.000	24	0	4.65e-09	48.1
M03520:605:000000000-LVNKY:1:1101:4168:20262;size=57	RH.7CE39E25906745AZ0Z_R	100.000	26	0	2.98e-10	52.0
M03520:605:000000000-LVNKY:1:1101:4168:20262;size=57	RH.7CE39E25906745AZ0Z_F	100.000	25	0	1.18e-09	50.1
M03520:605:000000000-LVNKY:1:1101:9802:2927;size=57	RH.B9EF730EBE6C436Z0Z_R	100.000	25	0	1.18e-09	50.1
M03520:605:000000000-LVNKY:1:1101:9802:2927;size=57	RH.B9EF730EBE6C436Z0Z_F	100.000	25	0	1.18e-09	50.1
M03520:605:000000000-LVNKY:1:1102:22483:23774;size=57	RH.DDB83AFF97C94C6Z0Z_R	100.000	25	0	1.18e-09	50.1
M03520:605:000000000-LVNKY:1:1102:22483:23774;size=57	RH.DDB83AFF97C94C6Z0Z_F	100.000	21	0	2.87e-07	42.1
M03520:605:000000000-LVNKY:1:1102:6653:12135;size=57	RH.DDB83AFF97C94C6Z0Z_R	100.000	25	0	1.18e-09	50.1
M03520:605:000000000-LVNKY:1:1102:6653:12135;size=57	RH.DDB83AFF97C94C6Z0Z_F	100.000	24	0	4.65e-09	48.1
M03520:605:000000000-LVNKY:1:1101:19967:12622;size=56	RH.0BD19D1A26A74EBZ0Z_F	100.000	25	0	1.18e-09	50.1
M03520:605:000000000-LVNKY:1:1101:19967:12622;size=56	RH.0BD19D1A26A74EBZ0Z_R	100.000	24	0	4.65e-09	48.1
M03520:605:000000000-LVNKY:1:1101:20604:8193;size=56	RH.0BD19D1A26A74EBZ0Z_F	100.000	25	0	1.18e-09	50.1
M03520:605:000000000-LVNKY:1:1101:20604:8193;size=56	RH.0BD19D1A26A74EBZ0Z_R	100.000	24	0	4.65e-09	48.1
M03520:605:000000000-LVNKY:1:1101:24997:8139;size=56	RH.DDB83AFF97C94C6Z0Z_R	100.000	25	0	1.18e-09	50.1
M03520:605:000000000-LVNKY:1:1101:24997:8139;size=56	RH.DDB83AFF97C94C6Z0Z_F	100.000	24	0	4.65e-09	48.1
M03520:605:000000000-LVNKY:1:1101:27932:13422;size=56	RH.6572108A164E48EZ0Z_F	100.000	24	0	4.65e-09	48.1
M03520:605:000000000-LVNKY:1:1101:27932:13422;size=56	RH.6572108A164E48EZ0Z_R	100.000	21	0	2.87e-07	42.1
M03520:605:000000000-LVNKY:1:1101:6429:13084;size=56	RH.85A5303CAAF54ADZ0Z_R	100.000	22	0	7.27e-08	44.1
M03520:605:000000000-LVNKY:1:1101:6429:13084;size=56	RH.85A5303CAAF54ADZ0Z_F	100.000	21	0	2.87e-07	42.1
M03520:605:000000000-LVNKY:1:1102:6051:7590;size=56	RH.7CE39E25906745AZ0Z_R	100.000	26	0	2.98e-10	52.0
M03520:605:000000000-LVNKY:1:1102:6051:7590;size=56	RH.7CE39E25906745AZ0Z_F	100.000	25	0	1.18e-09	50.1
M03520:605:000000000-LVNKY:1:1101:10909:21167;size=55	RH.7CE39E25906745AZ0Z_R	100.000	26	0	2.98e-10	52.0
M03520:605:000000000-LVNKY:1:1101:10909:21167;size=55	RH.7CE39E25906745AZ0Z_F	100.000	25	0	1.18e-09	50.1
M03520:605:000000000-LVNKY:1:1101:19909:3175;size=55	RH.6714930AF0C2407Z0Z_R	100.000	23	0	1.84e-08	46.1
M03520:605:000000000-LVNKY:1:1101:19909:3175;size=55	RH.6714930AF0C2407Z0Z_F	100.000	23	0	1.84e-08	46.1
M03520:605:000000000-LVNKY:1:1101:26354:11055;size=55	RH.0550AF0F57084ADZ0Z_F	100.000	24	0	4.65e-09	48.1
M03520:605:000000000-LVNKY:1:1101:26618:14416;size=55	RH.7CE39E25906745AZ0Z_R	100.000	26	0	2.98e-10	52.0
M03520:605:000000000-LVNKY:1:1101:26618:14416;size=55	RH.7CE39E25906745AZ0Z_F	100.000	25	0	1.18e-09	50.1
M03520:605:000000000-LVNKY:1:1101:8996:9143;size=55	RH.DDB83AFF97C94C6Z0Z_R	100.000	25	0	1.18e-09	50.1
M03520:605:000000000-LVNKY:1:1101:8996:9143;size=55	RH.DDB83AFF97C94C6Z0Z_F	100.000	24	0	4.65e-09	48.1
M03520:605:000000000-LVNKY:1:1101:9012:24102;size=55	RH.0BD19D1A26A74EBZ0Z_F	100.000	25	0	1.18e-09	50.1
M03520:605:000000000-LVNKY:1:1101:9012:24102;size=55	RH.0BD19D1A26A74EBZ0Z_R	100.000	24	0	4.65e-09	48.1
M03520:605:000000000-LVNKY:1:1101:9543:10427;size=55	RH.B9EF730EBE6C436Z0Z_R	100.000	25	0	1.18e-09	50.1
M03520:605:000000000-LVNKY:1:1101:9543:10427;size=55	RH.B9EF730EBE6C436Z0Z_F	100.000	25	0	1.18e-09	50.1
M03520:605:000000000-LVNKY:1:1101:12533:10126;size=54	RH.7CE39E25906745AZ0Z_R	100.000	26	0	2.98e-10	52.0
M03520:605:000000000-LVNKY:1:1101:12533:10126;size=54	RH.7CE39E25906745AZ0Z_F	100.000	25	0	1.18e-09	50.1
M03520:605:000000000-LVNKY:1:1101:23803:6163;size=54	RH.7CE39E25906745AZ0Z_R	100.000	26	0	2.98e-10	52.0
M03520:605:000000000-LVNKY:1:1101:23803:6163;size=54	RH.7CE39E25906745AZ0Z_F	100.000	25	0	1.18e-09	50.1
M03520:605:000000000-LVNKY:1:1101:2389:14182;size=54	RH.B9EF730EBE6C436Z0Z_F	100.000	25	0	1.18e-09	50.1
M03520:605:000000000-LVNKY:1:1101:2389:14182;size=54	RH.B9EF730EBE6C436Z0Z_R	100.000	25	0	1.18e-09	50.1
M03520:605:000000000-LVNKY:1:1101:25281:13427;size=54	RH.0BD19D1A26A74EBZ0Z_F	100.000	25	0	1.18e-09	50.1
M03520:605:000000000-LVNKY:1:1101:25281:13427;size=54	RH.0BD19D1A26A74EBZ0Z_R	100.000	24	0	4.65e-09	48.1
M03520:605:000000000-LVNKY:1:1101:27863:15462;size=54	RH.DDB83AFF97C94C6Z0Z_R	100.000	25	0	1.18e-09	50.1
M03520:605:000000000-LVNKY:1:1101:27863:15462;size=54	RH.DDB83AFF97C94C6Z0Z_F	100.000	24	0	4.65e-09	48.1
M03520:605:000000000-LVNKY:1:1101:7695:18177;size=54	RH.7CE39E25906745AZ0Z_R	100.000	26	0	2.98e-10	52.0
M03520:605:000000000-LVNKY:1:1101:7695:18177;size=54	RH.7CE39E25906745AZ0Z_F	100.000	25	0	1.18e-09	50.1
M03520:605:000000000-LVNKY:1:1108:20865:10782;size=54	RH.0096A141894D447Z0Z_F	100.000	24	0	4.65e-09	48.1
M03520:605:000000000-LVNKY:1:1108:20865:10782;size=54	RH.0096A141894D447Z0Z_R	100.000	20	0	1.13e-06	40.1
M03520:605:000000000-LVNKY:1:1101:15129:7805;size=53	RH.B9EF730EBE6C436Z0Z_R	100.000	25	0	1.18e-09	50.1
M03520:605:000000000-LVNKY:1:1101:15129:7805;size=53	RH.B9EF730EBE6C436Z0Z_F	100.000	25	0	1.18e-09	50.1
M03520:605:000000000-LVNKY:1:1101:17470:22250;size=53	RH.7CE39E25906745AZ0Z_R	100.000	26	0	2.98e-10	52.0
M03520:605:000000000-LVNKY:1:1101:17470:22250;size=53	RH.718B57159C244F7Z0Z_F	100.000	19	0	4.48e-06	38.2
M03520:605:000000000-LVNKY:1:1101:20893:10537;size=53	RH.2091F326F74640CZ0Z_F	100.000	22	0	7.27e-08	44.1
M03520:605:000000000-LVNKY:1:1101:20893:10537;size=53	RH.2091F326F74640CZ0Z_R	100.000	22	0	7.27e-08	44.1
M03520:605:000000000-LVNKY:1:1101:22061:20658;size=53	RH.85A5303CAAF54ADZ0Z_R	100.000	22	0	7.27e-08	44.1
M03520:605:000000000-LVNKY:1:1101:22061:20658;size=53	RH.85A5303CAAF54ADZ0Z_F	100.000	21	0	2.87e-07	42.1
M03520:605:000000000-LVNKY:1:1101:3593:10347;size=53	RH.7CE39E25906745AZ0Z_R	100.000	26	0	2.98e-10	52.0
M03520:605:000000000-LVNKY:1:1101:3593:10347;size=53	RH.7CE39E25906745AZ0Z_F	100.000	25	0	1.18e-09	50.1
M03520:605:000000000-LVNKY:1:1101:4108:13525;size=53	RH.517A9FBA2B494D5Z0Z_F	100.000	25	0	1.18e-09	50.1
M03520:605:000000000-LVNKY:1:1101:4108:13525;size=53	RH.517A9FBA2B494D5Z0Z_R	100.000	24	0	4.65e-09	48.1
M03520:605:000000000-LVNKY:1:1101:5762:10280;size=53	RH.0BD19D1A26A74EBZ0Z_F	100.000	25	0	1.18e-09	50.1
M03520:605:000000000-LVNKY:1:1101:5762:10280;size=53	RH.0BD19D1A26A74EBZ0Z_R	95.833	24	1	1.13e-06	40.1
M03520:605:000000000-LVNKY:1:1101:6849:5185;size=53	RH.7CE39E25906745AZ0Z_R	100.000	26	0	2.98e-10	52.0
M03520:605:000000000-LVNKY:1:1101:6849:5185;size=53	RH.7CE39E25906745AZ0Z_F	100.000	25	0	1.18e-09	50.1
M03520:605:000000000-LVNKY:1:1102:14145:1506;size=53	RH.27578A9A85FA4A3Z0Z_F	100.000	24	0	4.65e-09	48.1
M03520:605:000000000-LVNKY:1:1107:13608:2284;size=53	RH.0096A141894D447Z0Z_F	100.000	24	0	4.65e-09	48.1
M03520:605:000000000-LVNKY:1:1107:14578:1822;size=53	RH.B9EF730EBE6C436Z0Z_F	100.000	25	0	1.18e-09	50.1
M03520:605:000000000-LVNKY:1:1107:14578:1822;size=53	RH.B9EF730EBE6C436Z0Z_R	96.000	25	1	2.87e-07	42.1
M03520:605:000000000-LVNKY:1:1107:18962:2438;size=53	RH.6572108A164E48EZ0Z_R	100.000	25	0	1.18e-09	50.1
M03520:605:000000000-LVNKY:1:1107:18962:2438;size=53	RH.6572108A164E48EZ0Z_F	100.000	24	0	4.65e-09	48.1
M03520:605:000000000-LVNKY:1:1101:11077:7784;size=52	RH.85A5303CAAF54ADZ0Z_R	100.000	22	0	7.27e-08	44.1
M03520:605:000000000-LVNKY:1:1101:11077:7784;size=52	RH.85A5303CAAF54ADZ0Z_F	100.000	21	0	2.87e-07	42.1
M03520:605:000000000-LVNKY:1:1101:14613:16578;size=52	RH.DDB83AFF97C94C6Z0Z_R	100.000	25	0	1.18e-09	50.1
M03520:605:000000000-LVNKY:1:1101:14613:16578;size=52	RH.DDB83AFF97C94C6Z0Z_F	100.000	24	0	4.65e-09	48.1
M03520:605:000000000-LVNKY:1:1101:22039:4757;size=52	RH.B9EF730EBE6C436Z0Z_R	100.000	25	0	1.18e-09	50.1
M03520:605:000000000-LVNKY:1:1101:22039:4757;size=52	RH.B9EF730EBE6C436Z0Z_F	96.000	25	1	2.87e-07	42.1
M03520:605:000000000-LVNKY:1:1101:27118:19699;size=52	RH.0BD19D1A26A74EBZ0Z_R	100.000	24	0	4.65e-09	48.1
M03520:605:000000000-LVNKY:1:1101:27118:19699;size=52	RH.0BD19D1A26A74EBZ0Z_F	96.000	25	1	2.87e-07	42.1
M03520:605:000000000-LVNKY:1:1101:7107:11807;size=52	RH.DDB83AFF97C94C6Z0Z_R	100.000	25	0	1.18e-09	50.1
M03520:605:000000000-LVNKY:1:1101:7107:11807;size=52	RH.DDB83AFF97C94C6Z0Z_F	100.000	24	0	4.65e-09	48.1
M03520:605:000000000-LVNKY:1:1101:7223:8707;size=52	RH.B9EF730EBE6C436Z0Z_F	100.000	25	0	1.18e-09	50.1
M03520:605:000000000-LVNKY:1:1101:7223:8707;size=52	RH.B9EF730EBE6C436Z0Z_R	96.000	25	1	2.87e-07	42.1
M03520:605:000000000-LVNKY:1:1107:13163:2573;size=52	RH.8B25A056ABC1444Z0Z_F	100.000	25	0	1.18e-09	50.1
M03520:605:000000000-LVNKY:1:1107:13163:2573;size=52	RH.8B25A056ABC1444Z0Z_R	95.833	24	1	1.13e-06	40.1
M03520:605:000000000-LVNKY:1:1101:13476:2963;size=51	RH.0BD19D1A26A74EBZ0Z_R	100.000	24	0	4.65e-09	48.1
M03520:605:000000000-LVNKY:1:1101:13476:2963;size=51	RH.0BD19D1A26A74EBZ0Z_F	96.000	25	1	2.87e-07	42.1
M03520:605:000000000-LVNKY:1:1101:20993:7932;size=51	RH.85A5303CAAF54ADZ0Z_R	100.000	22	0	7.27e-08	44.1
M03520:605:000000000-LVNKY:1:1101:20993:7932;size=51	RH.85A5303CAAF54ADZ0Z_F	100.000	21	0	2.87e-07	42.1
M03520:605:000000000-LVNKY:1:1101:24919:17231;size=51	RH.B9EF730EBE6C436Z0Z_R	100.000	25	0	1.18e-09	50.1
M03520:605:000000000-LVNKY:1:1101:24919:17231;size=51	RH.B9EF730EBE6C436Z0Z_F	100.000	24	0	4.65e-09	48.1
M03520:605:000000000-LVNKY:1:1101:26985:11359;size=51	RH.7CE39E25906745AZ0Z_F	100.000	25	0	1.18e-09	50.1
M03520:605:000000000-LVNKY:1:1101:26985:11359;size=51	RH.7CE39E25906745AZ0Z_R	96.154	26	1	7.27e-08	44.1
M03520:605:000000000-LVNKY:1:1101:8704:3271;size=51	RH.B9EF730EBE6C436Z0Z_R	100.000	25	0	1.18e-09	50.1
M03520:605:000000000-LVNKY:1:1101:8704:3271;size=51	RH.B9EF730EBE6C436Z0Z_F	100.000	23	0	1.84e-08	46.1
M03520:605:000000000-LVNKY:1:1101:10392:13302;size=50	RH.0BD19D1A26A74EBZ0Z_R	100.000	24	0	4.65e-09	48.1
M03520:605:000000000-LVNKY:1:1101:10392:13302;size=50	RH.0BD19D1A26A74EBZ0Z_F	96.000	25	1	2.87e-07	42.1
M03520:605:000000000-LVNKY:1:1101:12048:21563;size=50	RH.85A5303CAAF54ADZ0Z_R	100.000	22	0	7.27e-08	44.1
M03520:605:000000000-LVNKY:1:1101:12048:21563;size=50	RH.85A5303CAAF54ADZ0Z_F	100.000	21	0	2.87e-07	42.1
M03520:605:000000000-LVNKY:1:1101:13962:8372;size=50	RH.DDB83AFF97C94C6Z0Z_R	100.000	25	0	1.18e-09	50.1
M03520:605:000000000-LVNKY:1:1101:13962:8372;size=50	RH.DDB83AFF97C94C6Z0Z_F	100.000	24	0	4.65e-09	48.1
M03520:605:000000000-LVNKY:1:1101:15862:6044;size=50	RH.69365D9D9A4F4BFZ0Z_F	100.000	23	0	1.84e-08	46.1
M03520:605:000000000-LVNKY:1:1101:15862:6044;size=50	RH.69365D9D9A4F4BFZ0Z_R	100.000	23	0	1.84e-08	46.1
M03520:605:000000000-LVNKY:1:1101:17485:7431;size=50	RH.0BD19D1A26A74EBZ0Z_F	100.000	25	0	1.18e-09	50.1
M03520:605:000000000-LVNKY:1:1101:17485:7431;size=50	RH.0BD19D1A26A74EBZ0Z_R	100.000	24	0	4.65e-09	48.1
M03520:605:000000000-LVNKY:1:1101:18117:6898;size=50	RH.0096A141894D447Z0Z_F	100.000	24	0	4.65e-09	48.1
M03520:605:000000000-LVNKY:1:1101:19839:2363;size=50	RH.7CE39E25906745AZ0Z_R	100.000	26	0	2.98e-10	52.0
M03520:605:000000000-LVNKY:1:1101:19839:2363;size=50	RH.7CE39E25906745AZ0Z_F	96.000	25	1	2.87e-07	42.1
M03520:605:000000000-LVNKY:1:1101:19904:19216;size=50	RH.70F7A1FF41FE4D2Z0Z_F	100.000	25	0	1.18e-09	50.1
M03520:605:000000000-LVNKY:1:1101:19904:19216;size=50	RH.70F7A1FF41FE4D2Z0Z_R	100.000	24	0	4.65e-09	48.1
M03520:605:000000000-LVNKY:1:1101:22732:26314;size=50	RH.7CE39E25906745AZ0Z_R	100.000	26	0	2.98e-10	52.0
M03520:605:000000000-LVNKY:1:1101:22732:26314;size=50	RH.7CE39E25906745AZ0Z_F	100.000	25	0	1.18e-09	50.1
M03520:605:000000000-LVNKY:1:1101:2439:13696;size=50	RH.DDB83AFF97C94C6Z0Z_R	100.000	25	0	1.18e-09	50.1
M03520:605:000000000-LVNKY:1:1101:2439:13696;size=50	RH.DDB83AFF97C94C6Z0Z_F	100.000	24	0	4.65e-09	48.1
M03520:605:000000000-LVNKY:1:1101:14013:5032;size=49	RH.B9EF730EBE6C436Z0Z_R	100.000	25	0	1.18e-09	50.1
M03520:605:000000000-LVNKY:1:1101:14013:5032;size=49	RH.B9EF730EBE6C436Z0Z_F	96.000	25	1	2.87e-07	42.1
M03520:605:000000000-LVNKY:1:1101:14268:11522;size=49	RH.2A8AD21024974C0Z0Z_F	100.000	26	0	2.98e-10	52.0
M03520:605:000000000-LVNKY:1:1101:14268:11522;size=49	RH.2A8AD21024974C0Z0Z_R	100.000	25	0	1.18e-09	50.1
M03520:605:000000000-LVNKY:1:1101:15741:5448;size=49	RH.85A5303CAAF54ADZ0Z_F	100.000	21	0	2.87e-07	42.1
M03520:605:000000000-LVNKY:1:1101:15807:11529;size=49	RH.7CE39E25906745AZ0Z_R	100.000	26	0	2.98e-10	52.0
M03520:605:000000000-LVNKY:1:1101:15807:11529;size=49	RH.7CE39E25906745AZ0Z_F	100.000	25	0	1.18e-09	50.1
M03520:605:000000000-LVNKY:1:1101:16421:15388;size=49	RH.7CE39E25906745AZ0Z_R	100.000	26	0	2.98e-10	52.0
M03520:605:000000000-LVNKY:1:1101:16421:15388;size=49	RH.7CE39E25906745AZ0Z_F	100.000	25	0	1.18e-09	50.1
M03520:605:000000000-LVNKY:1:1101:18451:7896;size=49	RH.7CE39E25906745AZ0Z_R	100.000	26	0	2.98e-10	52.0
M03520:605:000000000-LVNKY:1:1101:18451:7896;size=49	RH.7CE39E25906745AZ0Z_F	96.000	25	1	2.87e-07	42.1
M03520:605:000000000-LVNKY:1:1101:7512:7398;size=49	RH.2091F326F74640CZ0Z_F	100.000	24	0	4.65e-09	48.1
M03520:605:000000000-LVNKY:1:1102:11133:19062;size=49	RH.27578A9A85FA4A3Z0Z_F	100.000	24	0	4.65e-09	48.1
M03520:605:000000000-LVNKY:1:1101:10131:14088;size=48	RH.E4A8B94D0D174D9Z0Z_R	100.000	24	0	4.65e-09	48.1
M03520:605:000000000-LVNKY:1:1101:10131:14088;size=48	RH.E4A8B94D0D174D9Z0Z_F	100.000	23	0	1.84e-08	46.1
M03520:605:000000000-LVNKY:1:1101:4167:16339;size=48	RH.2A8AD21024974C0Z0Z_F	100.000	26	0	2.98e-10	52.0
M03520:605:000000000-LVNKY:1:1101:4167:16339;size=48	RH.2A8AD21024974C0Z0Z_R	100.000	25	0	1.18e-09	50.1
M03520:605:000000000-LVNKY:1:1102:24081:5672;size=48	RH.DDB83AFF97C94C6Z0Z_R	100.000	25	0	1.18e-09	50.1
M03520:605:000000000-LVNKY:1:1102:24081:5672;size=48	RH.DDB83AFF97C94C6Z0Z_F	100.000	24	0	4.65e-09	48.1
M03520:605:000000000-LVNKY:1:1102:7545:12526;size=48	RH.7CE39E25906745AZ0Z_R	100.000	26	0	2.98e-10	52.0
M03520:605:000000000-LVNKY:1:1102:7545:12526;size=48	RH.7CE39E25906745AZ0Z_F	96.000	25	1	2.87e-07	42.1
M03520:605:000000000-LVNKY:1:1101:10737:13934;size=47	RH.0BD19D1A26A74EBZ0Z_F	100.000	25	0	1.18e-09	50.1
M03520:605:000000000-LVNKY:1:1101:10737:13934;size=47	RH.0BD19D1A26A74EBZ0Z_R	95.833	24	1	1.13e-06	40.1
M03520:605:000000000-LVNKY:1:1101:11813:11891;size=47	RH.0BD19D1A26A74EBZ0Z_F	100.000	25	0	1.18e-09	50.1
M03520:605:000000000-LVNKY:1:1101:13434:14804;size=47	RH.0BD19D1A26A74EBZ0Z_R	100.000	24	0	4.65e-09	48.1
M03520:605:000000000-LVNKY:1:1101:15692:27521;size=47	RH.0BD19D1A26A74EBZ0Z_F	100.000	25	0	1.18e-09	50.1
M03520:605:000000000-LVNKY:1:1101:15692:27521;size=47	RH.0BD19D1A26A74EBZ0Z_R	100.000	22	0	7.27e-08	44.1
M03520:605:000000000-LVNKY:1:1101:18467:6547;size=47	RH.0BD19D1A26A74EBZ0Z_F	100.000	25	0	1.18e-09	50.1
M03520:605:000000000-LVNKY:1:1101:18467:6547;size=47	RH.0BD19D1A26A74EBZ0Z_R	100.000	24	0	4.65e-09	48.1
M03520:605:000000000-LVNKY:1:1101:20080:18943;size=47	RH.85A5303CAAF54ADZ0Z_R	100.000	22	0	7.27e-08	44.1
M03520:605:000000000-LVNKY:1:1101:20080:18943;size=47	RH.85A5303CAAF54ADZ0Z_F	100.000	21	0	2.87e-07	42.1
M03520:605:000000000-LVNKY:1:1101:2121:17156;size=47	RH.0BD19D1A26A74EBZ0Z_F	100.000	25	0	1.18e-09	50.1
M03520:605:000000000-LVNKY:1:1101:2121:17156;size=47	RH.0BD19D1A26A74EBZ0Z_R	100.000	24	0	4.65e-09	48.1
M03520:605:000000000-LVNKY:1:1101:3218:13764;size=47	RH.DDB83AFF97C94C6Z0Z_R	100.000	25	0	1.18e-09	50.1
M03520:605:000000000-LVNKY:1:1101:3218:13764;size=47	RH.DDB83AFF97C94C6Z0Z_F	95.833	24	1	1.13e-06	40.1
M03520:605:000000000-LVNKY:1:1101:6516:9168;size=47	RH.DDB83AFF97C94C6Z0Z_F	100.000	24	0	4.65e-09	48.1
M03520:605:000000000-LVNKY:1:1101:6516:9168;size=47	RH.DDB83AFF97C94C6Z0Z_R	100.000	23	0	1.84e-08	46.1
M03520:605:000000000-LVNKY:1:1101:9183:9521;size=47	RH.B9EF730EBE6C436Z0Z_F	100.000	25	0	1.18e-09	50.1
M03520:605:000000000-LVNKY:1:1101:9183:9521;size=47	RH.B9EF730EBE6C436Z0Z_R	96.000	25	1	2.87e-07	42.1
M03520:605:000000000-LVNKY:1:1101:9666:16853;size=47	RH.0BD19D1A26A74EBZ0Z_F	100.000	25	0	1.18e-09	50.1
M03520:605:000000000-LVNKY:1:1101:9666:16853;size=47	RH.0BD19D1A26A74EBZ0Z_R	100.000	24	0	4.65e-09	48.1
M03520:605:000000000-LVNKY:1:1102:17267:3117;size=47	RH.DDB83AFF97C94C6Z0Z_R	100.000	25	0	1.18e-09	50.1
M03520:605:000000000-LVNKY:1:1102:17267:3117;size=47	RH.DDB83AFF97C94C6Z0Z_F	95.833	24	1	1.13e-06	40.1
M03520:605:000000000-LVNKY:1:1102:3719:18245;size=47	RH.85A5303CAAF54ADZ0Z_R	100.000	22	0	7.27e-08	44.1
M03520:605:000000000-LVNKY:1:1102:3719:18245;size=47	RH.85A5303CAAF54ADZ0Z_F	100.000	21	0	2.87e-07	42.1
M03520:605:000000000-LVNKY:1:1103:19980:3232;size=47	RH.DDB83AFF97C94C6Z0Z_F	100.000	24	0	4.65e-09	48.1
M03520:605:000000000-LVNKY:1:1103:19980:3232;size=47	RH.DDB83AFF97C94C6Z0Z_R	96.000	25	1	2.87e-07	42.1
M03520:605:000000000-LVNKY:1:1101:20211:18008;size=46	RH.51338FA06EDB4F0Z0Z_F	100.000	25	0	1.18e-09	50.1
M03520:605:000000000-LVNKY:1:1101:20211:18008;size=46	RH.51338FA06EDB4F0Z0Z_R	100.000	25	0	1.18e-09	50.1
M03520:605:000000000-LVNKY:1:1101:22625:6660;size=46	RH.B9EF730EBE6C436Z0Z_F	100.000	25	0	1.18e-09	50.1
M03520:605:000000000-LVNKY:1:1101:22625:6660;size=46	RH.B9EF730EBE6C436Z0Z_R	100.000	25	0	1.18e-09	50.1
M03520:605:000000000-LVNKY:1:1101:25150:19118;size=46	RH.1B7E66F8455D45AZ0Z_F	100.000	22	0	7.27e-08	44.1
M03520:605:000000000-LVNKY:1:1101:25150:19118;size=46	RH.1B7E66F8455D45AZ0Z_R	100.000	21	0	2.87e-07	42.1
M03520:605:000000000-LVNKY:1:1101:27626:8835;size=46	RH.51338FA06EDB4F0Z0Z_R	100.000	25	0	1.18e-09	50.1
M03520:605:000000000-LVNKY:1:1101:27626:8835;size=46	RH.51338FA06EDB4F0Z0Z_F	100.000	25	0	1.18e-09	50.1
M03520:605:000000000-LVNKY:1:1101:9012:20759;size=46	RH.B9EF730EBE6C436Z0Z_F	100.000	25	0	1.18e-09	50.1
M03520:605:000000000-LVNKY:1:1101:9012:20759;size=46	RH.B9EF730EBE6C436Z0Z_R	100.000	22	0	7.27e-08	44.1
M03520:605:000000000-LVNKY:1:1101:11222:22319;size=45	RH.DDB83AFF97C94C6Z0Z_R	100.000	25	0	1.18e-09	50.1
M03520:605:000000000-LVNKY:1:1101:11222:22319;size=45	RH.DDB83AFF97C94C6Z0Z_F	100.000	24	0	4.65e-09	48.1
M03520:605:000000000-LVNKY:1:1101:13686:3644;size=45	RH.DDB83AFF97C94C6Z0Z_R	100.000	25	0	1.18e-09	50.1
M03520:605:000000000-LVNKY:1:1101:13686:3644;size=45	RH.DDB83AFF97C94C6Z0Z_F	100.000	24	0	4.65e-09	48.1
M03520:605:000000000-LVNKY:1:1101:13875:22558;size=45	RH.6408CE975B5340AZ0Z_R	100.000	26	0	2.98e-10	52.0
M03520:605:000000000-LVNKY:1:1101:13875:22558;size=45	RH.6408CE975B5340AZ0Z_F	100.000	26	0	2.98e-10	52.0
M03520:605:000000000-LVNKY:1:1101:16294:11456;size=45	RH.0BD19D1A26A74EBZ0Z_F	100.000	25	0	1.18e-09	50.1
M03520:605:000000000-LVNKY:1:1101:16294:11456;size=45	RH.0BD19D1A26A74EBZ0Z_R	100.000	24	0	4.65e-09	48.1
M03520:605:000000000-LVNKY:1:1101:28278:17530;size=45	RH.85A5303CAAF54ADZ0Z_R	100.000	22	0	7.27e-08	44.1
M03520:605:000000000-LVNKY:1:1101:28278:17530;size=45	RH.85A5303CAAF54ADZ0Z_F	100.000	21	0	2.87e-07	42.1
M03520:605:000000000-LVNKY:1:1101:3160:16933;size=45	RH.E04EE94198274F7Z0Z_R	95.833	24	1	1.13e-06	40.1
M03520:605:000000000-LVNKY:1:1101:7836:10231;size=45	RH.85A5303CAAF54ADZ0Z_R	100.000	22	0	7.27e-08	44.1
M03520:605:000000000-LVNKY:1:1102:17787:2643;size=45	RH.4D53736870F247FZ0Z_R	100.000	25	0	1.18e-09	50.1
M03520:605:000000000-LVNKY:1:1102:17787:2643;size=45	RH.4D53736870F247FZ0Z_F	100.000	24	0	4.65e-09	48.1
M03520:605:000000000-LVNKY:1:1102:23853:5558;size=45	RH.0BD19D1A26A74EBZ0Z_F	100.000	25	0	1.18e-09	50.1
M03520:605:000000000-LVNKY:1:1102:23853:5558;size=45	RH.0BD19D1A26A74EBZ0Z_R	100.000	24	0	4.65e-09	48.1
M03520:605:000000000-LVNKY:1:1102:24779:9342;size=45	RH.7CE39E25906745AZ0Z_R	100.000	26	0	2.98e-10	52.0
M03520:605:000000000-LVNKY:1:1102:24779:9342;size=45	RH.7CE39E25906745AZ0Z_F	100.000	25	0	1.18e-09	50.1
M03520:605:000000000-LVNKY:1:1102:26519:8314;size=45	RH.0BD19D1A26A74EBZ0Z_F	100.000	25	0	1.18e-09	50.1
M03520:605:000000000-LVNKY:1:1102:26519:8314;size=45	RH.0BD19D1A26A74EBZ0Z_R	100.000	24	0	4.65e-09	48.1
M03520:605:000000000-LVNKY:1:1102:27702:8883;size=45	RH.B9EF730EBE6C436Z0Z_R	100.000	25	0	1.18e-09	50.1
M03520:605:000000000-LVNKY:1:1102:27702:8883;size=45	RH.B9EF730EBE6C436Z0Z_F	100.000	25	0	1.18e-09	50.1
M03520:605:000000000-LVNKY:1:1102:7764:10070;size=45	RH.DDB83AFF97C94C6Z0Z_F	100.000	24	0	4.65e-09	48.1
M03520:605:000000000-LVNKY:1:1102:7764:10070;size=45	RH.DDB83AFF97C94C6Z0Z_R	100.000	19	0	4.48e-06	38.2
M03520:605:000000000-LVNKY:1:1102:7764:10070;size=45	RH.256B9DD95E5E4EDZ0Z_R	100.000	19	0	4.48e-06	38.2
M03520:605:000000000-LVNKY:1:1103:10603:5449;size=45	RH.85A5303CAAF54ADZ0Z_R	100.000	22	0	7.27e-08	44.1
M03520:605:000000000-LVNKY:1:1103:10603:5449;size=45	RH.85A5303CAAF54ADZ0Z_F	100.000	21	0	2.87e-07	42.1
M03520:605:000000000-LVNKY:1:1101:10986:12326;size=44	RH.85A5303CAAF54ADZ0Z_R	100.000	22	0	7.27e-08	44.1
M03520:605:000000000-LVNKY:1:1101:10986:12326;size=44	RH.85A5303CAAF54ADZ0Z_F	100.000	21	0	2.87e-07	42.1
M03520:605:000000000-LVNKY:1:1101:11168:6345;size=44	RH.85A5303CAAF54ADZ0Z_R	100.000	22	0	7.27e-08	44.1
M03520:605:000000000-LVNKY:1:1101:11168:6345;size=44	RH.85A5303CAAF54ADZ0Z_F	100.000	21	0	2.87e-07	42.1
M03520:605:000000000-LVNKY:1:1101:14138:4691;size=44	RH.2091F326F74640CZ0Z_F	100.000	24	0	4.65e-09	48.1
M03520:605:000000000-LVNKY:1:1101:14138:4691;size=44	RH.2091F326F74640CZ0Z_R	100.000	19	0	4.48e-06	38.2
M03520:605:000000000-LVNKY:1:1101:14685:13390;size=44	RH.7CE39E25906745AZ0Z_R	100.000	26	0	2.98e-10	52.0
M03520:605:000000000-LVNKY:1:1101:14685:13390;size=44	RH.7CE39E25906745AZ0Z_F	100.000	25	0	1.18e-09	50.1
M03520:605:000000000-LVNKY:1:1101:17943:2859;size=44	RH.0096A141894D447Z0Z_F	100.000	24	0	4.65e-09	48.1
M03520:605:000000000-LVNKY:1:1101:17943:2859;size=44	RH.0096A141894D447Z0Z_R	100.000	21	0	2.87e-07	42.1
M03520:605:000000000-LVNKY:1:1101:26007:22313;size=44	RH.DDB83AFF97C94C6Z0Z_R	100.000	25	0	1.18e-09	50.1
M03520:605:000000000-LVNKY:1:1101:26007:22313;size=44	RH.DDB83AFF97C94C6Z0Z_F	100.000	24	0	4.65e-09	48.1
M03520:605:000000000-LVNKY:1:1101:26313:19109;size=44	RH.0BD19D1A26A74EBZ0Z_R	100.000	24	0	4.65e-09	48.1
M03520:605:000000000-LVNKY:1:1101:26313:19109;size=44	RH.0BD19D1A26A74EBZ0Z_F	96.000	25	1	2.87e-07	42.1
M03520:605:000000000-LVNKY:1:1101:8576:10197;size=44	RH.7CE39E25906745AZ0Z_F	100.000	25	0	1.18e-09	50.1
M03520:605:000000000-LVNKY:1:1101:8576:10197;size=44	RH.7CE39E25906745AZ0Z_R	100.000	23	0	1.84e-08	46.1
M03520:605:000000000-LVNKY:1:1101:9426:18768;size=44	RH.7CE39E25906745AZ0Z_R	100.000	26	0	2.98e-10	52.0
M03520:605:000000000-LVNKY:1:1101:9426:18768;size=44	RH.7CE39E25906745AZ0Z_F	100.000	25	0	1.18e-09	50.1
M03520:605:000000000-LVNKY:1:1102:17927:2432;size=44	RH.0BD19D1A26A74EBZ0Z_F	100.000	25	0	1.18e-09	50.1
M03520:605:000000000-LVNKY:1:1102:17927:2432;size=44	RH.0BD19D1A26A74EBZ0Z_R	100.000	20	0	1.13e-06	40.1
M03520:605:000000000-LVNKY:1:1103:20245:8433;size=44	RH.2091F326F74640CZ0Z_F	100.000	24	0	4.65e-09	48.1
M03520:605:000000000-LVNKY:1:1101:14545:11154;size=43	RH.27578A9A85FA4A3Z0Z_F	100.000	24	0	4.65e-09	48.1
M03520:605:000000000-LVNKY:1:1101:16809:22138;size=43	RH.DDB83AFF97C94C6Z0Z_R	100.000	25	0	1.18e-09	50.1
M03520:605:000000000-LVNKY:1:1101:16809:22138;size=43	RH.DDB83AFF97C94C6Z0Z_F	95.833	24	1	1.13e-06	40.1
M03520:605:000000000-LVNKY:1:1101:17765:15030;size=43	RH.B9EF730EBE6C436Z0Z_F	100.000	25	0	1.18e-09	50.1
M03520:605:000000000-LVNKY:1:1101:17765:15030;size=43	RH.B9EF730EBE6C436Z0Z_R	100.000	25	0	1.18e-09	50.1
M03520:605:000000000-LVNKY:1:1101:18530:9347;size=43	RH.51338FA06EDB4F0Z0Z_F	100.000	25	0	1.18e-09	50.1
M03520:605:000000000-LVNKY:1:1101:18530:9347;size=43	RH.51338FA06EDB4F0Z0Z_R	100.000	25	0	1.18e-09	50.1
M03520:605:000000000-LVNKY:1:1101:24517:21833;size=43	RH.DDB83AFF97C94C6Z0Z_R	100.000	25	0	1.18e-09	50.1
M03520:605:000000000-LVNKY:1:1101:24517:21833;size=43	RH.DDB83AFF97C94C6Z0Z_F	100.000	20	0	1.13e-06	40.1
M03520:605:000000000-LVNKY:1:1101:25756:6932;size=43	RH.1CC74B91718A42FZ0Z_R	100.000	25	0	1.18e-09	50.1
M03520:605:000000000-LVNKY:1:1101:25756:6932;size=43	RH.E4C34C29ADFB490Z0Z_F	100.000	21	0	2.87e-07	42.1
M03520:605:000000000-LVNKY:1:1102:20525:5646;size=43	RH.DDB83AFF97C94C6Z0Z_R	100.000	25	0	1.18e-09	50.1
M03520:605:000000000-LVNKY:1:1102:20525:5646;size=43	RH.DDB83AFF97C94C6Z0Z_F	100.000	24	0	4.65e-09	48.1
M03520:605:000000000-LVNKY:1:1107:16738:2363;size=43	RH.B9EF730EBE6C436Z0Z_F	100.000	25	0	1.18e-09	50.1
M03520:605:000000000-LVNKY:1:1107:16738:2363;size=43	RH.B9EF730EBE6C436Z0Z_R	96.000	25	1	2.87e-07	42.1
M03520:605:000000000-LVNKY:1:1101:13123:9438;size=42	RH.DDB83AFF97C94C6Z0Z_F	100.000	24	0	4.65e-09	48.1
M03520:605:000000000-LVNKY:1:1101:13123:9438;size=42	RH.DDB83AFF97C94C6Z0Z_R	100.000	23	0	1.84e-08	46.1
M03520:605:000000000-LVNKY:1:1101:20809:26828;size=42	RH.B9EF730EBE6C436Z0Z_F	100.000	25	0	1.18e-09	50.1
M03520:605:000000000-LVNKY:1:1101:20809:26828;size=42	RH.B9EF730EBE6C436Z0Z_R	100.000	22	0	7.27e-08	44.1
M03520:605:000000000-LVNKY:1:1101:22955:17380;size=42	RH.E04EE94198274F7Z0Z_F	100.000	25	0	1.18e-09	50.1
M03520:605:000000000-LVNKY:1:1101:22955:17380;size=42	RH.E04EE94198274F7Z0Z_R	100.000	24	0	4.65e-09	48.1
M03520:605:000000000-LVNKY:1:1101:8377:6854;size=42	RH.7CE39E25906745AZ0Z_R	100.000	26	0	2.98e-10	52.0
M03520:605:000000000-LVNKY:1:1101:8377:6854;size=42	RH.7CE39E25906745AZ0Z_F	100.000	25	0	1.18e-09	50.1
M03520:605:000000000-LVNKY:1:1102:11680:13781;size=42	RH.7CE39E25906745AZ0Z_R	100.000	26	0	2.98e-10	52.0
M03520:605:000000000-LVNKY:1:1102:11680:13781;size=42	RH.7CE39E25906745AZ0Z_F	100.000	25	0	1.18e-09	50.1
M03520:605:000000000-LVNKY:1:1102:21814:6577;size=42	RH.7CE39E25906745AZ0Z_R	100.000	26	0	2.98e-10	52.0
M03520:605:000000000-LVNKY:1:1102:21814:6577;size=42	RH.7CE39E25906745AZ0Z_F	100.000	25	0	1.18e-09	50.1
M03520:605:000000000-LVNKY:1:1102:27194:10372;size=42	RH.57EBF0B62FE946DZ0Z_F	100.000	23	0	1.84e-08	46.1
M03520:605:000000000-LVNKY:1:1102:27194:10372;size=42	RH.57EBF0B62FE946DZ0Z_R	100.000	22	0	7.27e-08	44.1
M03520:605:000000000-LVNKY:1:1101:15337:6327;size=41	RH.B9EF730EBE6C436Z0Z_F	100.000	25	0	1.18e-09	50.1
M03520:605:000000000-LVNKY:1:1101:15337:6327;size=41	RH.B9EF730EBE6C436Z0Z_R	100.000	21	0	2.87e-07	42.1
M03520:605:000000000-LVNKY:1:1101:18359:4483;size=41	RH.7CE39E25906745AZ0Z_R	100.000	26	0	2.98e-10	52.0
M03520:605:000000000-LVNKY:1:1101:18359:4483;size=41	RH.7CE39E25906745AZ0Z_F	100.000	25	0	1.18e-09	50.1
M03520:605:000000000-LVNKY:1:1101:21018:4992;size=41	RH.0BD19D1A26A74EBZ0Z_F	100.000	25	0	1.18e-09	50.1
M03520:605:000000000-LVNKY:1:1101:21018:4992;size=41	RH.0BD19D1A26A74EBZ0Z_R	100.000	24	0	4.65e-09	48.1
M03520:605:000000000-LVNKY:1:1101:21550:21370;size=41	RH.CD599890796C4EFZ0Z_R	100.000	25	0	1.18e-09	50.1
M03520:605:000000000-LVNKY:1:1101:21550:21370;size=41	RH.CD599890796C4EFZ0Z_F	100.000	23	0	1.84e-08	46.1
M03520:605:000000000-LVNKY:1:1101:7764:19712;size=41	RH.85A5303CAAF54ADZ0Z_R	100.000	22	0	7.27e-08	44.1
M03520:605:000000000-LVNKY:1:1101:7764:19712;size=41	RH.85A5303CAAF54ADZ0Z_F	100.000	21	0	2.87e-07	42.1
M03520:605:000000000-LVNKY:1:1102:28928:14453;size=41	RH.DDB83AFF97C94C6Z0Z_R	100.000	25	0	1.18e-09	50.1
M03520:605:000000000-LVNKY:1:1102:4634:10006;size=41	RH.0096A141894D447Z0Z_R	100.000	25	0	1.18e-09	50.1
M03520:605:000000000-LVNKY:1:1102:4634:10006;size=41	RH.034C1A4941D644EZ0Z_F	100.000	21	0	2.87e-07	42.1
M03520:605:000000000-LVNKY:1:1101:13800:12169;size=40	RH.DDB83AFF97C94C6Z0Z_R	100.000	25	0	1.18e-09	50.1
M03520:605:000000000-LVNKY:1:1101:13800:12169;size=40	RH.DDB83AFF97C94C6Z0Z_F	100.000	24	0	4.65e-09	48.1
M03520:605:000000000-LVNKY:1:1101:17093:11170;size=40	RH.1CC74B91718A42FZ0Z_R	100.000	25	0	1.18e-09	50.1
M03520:605:000000000-LVNKY:1:1101:17093:11170;size=40	RH.1CC74B91718A42FZ0Z_F	100.000	24	0	4.65e-09	48.1
M03520:605:000000000-LVNKY:1:1101:27438:18566;size=40	RH.0550AF0F57084ADZ0Z_F	100.000	24	0	4.65e-09	48.1
M03520:605:000000000-LVNKY:1:1101:27438:18566;size=40	RH.0550AF0F57084ADZ0Z_R	100.000	22	0	7.27e-08	44.1
M03520:605:000000000-LVNKY:1:1101:5947:18453;size=40	RH.DDB83AFF97C94C6Z0Z_R	100.000	25	0	1.18e-09	50.1
M03520:605:000000000-LVNKY:1:1101:5947:18453;size=40	RH.DDB83AFF97C94C6Z0Z_F	95.833	24	1	1.13e-06	40.1
M03520:605:000000000-LVNKY:1:1101:7997:8671;size=40	RH.B9EF730EBE6C436Z0Z_F	100.000	25	0	1.18e-09	50.1
M03520:605:000000000-LVNKY:1:1101:7997:8671;size=40	RH.B9EF730EBE6C436Z0Z_R	100.000	25	0	1.18e-09	50.1
M03520:605:000000000-LVNKY:1:1107:11723:4081;size=40	RH.2091F326F74640CZ0Z_F	100.000	24	0	4.65e-09	48.1
M03520:605:000000000-LVNKY:1:1107:11723:4081;size=40	RH.2091F326F74640CZ0Z_R	100.000	22	0	7.27e-08	44.1
M03520:605:000000000-LVNKY:1:1101:13231:6765;size=39	RH.7CE39E25906745AZ0Z_F	100.000	25	0	1.18e-09	50.1
M03520:605:000000000-LVNKY:1:1101:13231:6765;size=39	RH.7CE39E25906745AZ0Z_R	96.154	26	1	7.27e-08	44.1
M03520:605:000000000-LVNKY:1:1101:16727:12388;size=39	RH.0BD19D1A26A74EBZ0Z_R	100.000	24	0	4.65e-09	48.1
M03520:605:000000000-LVNKY:1:1101:16727:12388;size=39	RH.0BD19D1A26A74EBZ0Z_F	96.000	25	1	2.87e-07	42.1
M03520:605:000000000-LVNKY:1:1101:18390:10482;size=39	RH.7CE39E25906745AZ0Z_F	100.000	25	0	1.18e-09	50.1
M03520:605:000000000-LVNKY:1:1101:18390:10482;size=39	RH.7CE39E25906745AZ0Z_R	96.154	26	1	7.27e-08	44.1
M03520:605:000000000-LVNKY:1:1101:19034:27216;size=39	RH.0096A141894D447Z0Z_F	100.000	24	0	4.65e-09	48.1
M03520:605:000000000-LVNKY:1:1101:19676:9527;size=39	RH.7CE39E25906745AZ0Z_F	100.000	25	0	1.18e-09	50.1
M03520:605:000000000-LVNKY:1:1101:19676:9527;size=39	RH.7CE39E25906745AZ0Z_R	96.154	26	1	7.27e-08	44.1
M03520:605:000000000-LVNKY:1:1101:20896:26821;size=39	RH.0BD19D1A26A74EBZ0Z_R	100.000	24	0	4.65e-09	48.1
M03520:605:000000000-LVNKY:1:1101:20896:26821;size=39	RH.0BD19D1A26A74EBZ0Z_F	96.000	25	1	2.87e-07	42.1
M03520:605:000000000-LVNKY:1:1101:21736:10344;size=39	RH.0BD19D1A26A74EBZ0Z_F	100.000	25	0	1.18e-09	50.1
M03520:605:000000000-LVNKY:1:1101:21736:10344;size=39	RH.0BD19D1A26A74EBZ0Z_R	100.000	24	0	4.65e-09	48.1
M03520:605:000000000-LVNKY:1:1101:22960:9205;size=39	RH.0096A141894D447Z0Z_F	100.000	24	0	4.65e-09	48.1
M03520:605:000000000-LVNKY:1:1101:22960:9205;size=39	RH.0096A141894D447Z0Z_R	100.000	21	0	2.87e-07	42.1
M03520:605:000000000-LVNKY:1:1101:25197:14251;size=39	RH.B9EF730EBE6C436Z0Z_R	100.000	25	0	1.18e-09	50.1
M03520:605:000000000-LVNKY:1:1101:25197:14251;size=39	RH.B9EF730EBE6C436Z0Z_F	100.000	25	0	1.18e-09	50.1
M03520:605:000000000-LVNKY:1:1101:28546:10205;size=39	RH.85A5303CAAF54ADZ0Z_R	100.000	22	0	7.27e-08	44.1
M03520:605:000000000-LVNKY:1:1101:28546:10205;size=39	RH.85A5303CAAF54ADZ0Z_F	100.000	21	0	2.87e-07	42.1
M03520:605:000000000-LVNKY:1:1101:5151:8535;size=39	RH.51338FA06EDB4F0Z0Z_F	100.000	25	0	1.18e-09	50.1
M03520:605:000000000-LVNKY:1:1101:5151:8535;size=39	RH.51338FA06EDB4F0Z0Z_R	100.000	25	0	1.18e-09	50.1
M03520:605:000000000-LVNKY:1:1101:7440:5406;size=39	RH.DDB83AFF97C94C6Z0Z_R	100.000	25	0	1.18e-09	50.1
M03520:605:000000000-LVNKY:1:1101:7440:5406;size=39	RH.DDB83AFF97C94C6Z0Z_F	95.833	24	1	1.13e-06	40.1
M03520:605:000000000-LVNKY:1:1101:9627:12291;size=39	RH.85A5303CAAF54ADZ0Z_R	100.000	22	0	7.27e-08	44.1
M03520:605:000000000-LVNKY:1:1101:9627:12291;size=39	RH.85A5303CAAF54ADZ0Z_F	100.000	21	0	2.87e-07	42.1
M03520:605:000000000-LVNKY:1:1102:12549:12167;size=39	RH.DDB83AFF97C94C6Z0Z_F	100.000	24	0	4.65e-09	48.1
M03520:605:000000000-LVNKY:1:1102:12549:12167;size=39	RH.DDB83AFF97C94C6Z0Z_R	100.000	22	0	7.27e-08	44.1
M03520:605:000000000-LVNKY:1:1102:19264:8734;size=39	RH.DDB83AFF97C94C6Z0Z_R	100.000	25	0	1.18e-09	50.1
M03520:605:000000000-LVNKY:1:1102:19264:8734;size=39	RH.DDB83AFF97C94C6Z0Z_F	100.000	24	0	4.65e-09	48.1
M03520:605:000000000-LVNKY:1:1102:20812:12182;size=39	RH.7CE39E25906745AZ0Z_R	100.000	26	0	2.98e-10	52.0
M03520:605:000000000-LVNKY:1:1102:20812:12182;size=39	RH.7CE39E25906745AZ0Z_F	100.000	22	0	7.27e-08	44.1
M03520:605:000000000-LVNKY:1:1101:16132:6757;size=38	RH.0096A141894D447Z0Z_F	100.000	24	0	4.65e-09	48.1
M03520:605:000000000-LVNKY:1:1101:16132:6757;size=38	RH.0096A141894D447Z0Z_R	100.000	21	0	2.87e-07	42.1
M03520:605:000000000-LVNKY:1:1101:21037:14097;size=38	RH.51338FA06EDB4F0Z0Z_F	100.000	25	0	1.18e-09	50.1
M03520:605:000000000-LVNKY:1:1101:21037:14097;size=38	RH.51338FA06EDB4F0Z0Z_R	100.000	25	0	1.18e-09	50.1
M03520:605:000000000-LVNKY:1:1101:21158:3672;size=38	RH.0BD19D1A26A74EBZ0Z_R	100.000	24	0	4.65e-09	48.1
M03520:605:000000000-LVNKY:1:1101:21158:3672;size=38	RH.0BD19D1A26A74EBZ0Z_F	100.000	24	0	4.65e-09	48.1
M03520:605:000000000-LVNKY:1:1101:23195:5987;size=38	RH.6572108A164E48EZ0Z_R	100.000	25	0	1.18e-09	50.1
M03520:605:000000000-LVNKY:1:1101:23195:5987;size=38	RH.F7E3D42951B44CCZ0Z_F	100.000	21	0	2.87e-07	42.1
M03520:605:000000000-LVNKY:1:1101:8950:17312;size=38	RH.DDB83AFF97C94C6Z0Z_R	100.000	25	0	1.18e-09	50.1
M03520:605:000000000-LVNKY:1:1101:8950:17312;size=38	RH.DDB83AFF97C94C6Z0Z_F	100.000	24	0	4.65e-09	48.1
M03520:605:000000000-LVNKY:1:1102:14322:18741;size=38	RH.85A5303CAAF54ADZ0Z_R	100.000	22	0	7.27e-08	44.1
M03520:605:000000000-LVNKY:1:1102:14322:18741;size=38	RH.85A5303CAAF54ADZ0Z_F	100.000	21	0	2.87e-07	42.1
M03520:605:000000000-LVNKY:1:1102:15927:3550;size=38	RH.DDB83AFF97C94C6Z0Z_R	100.000	25	0	1.18e-09	50.1
M03520:605:000000000-LVNKY:1:1102:15927:3550;size=38	RH.DDB83AFF97C94C6Z0Z_F	100.000	23	0	1.84e-08	46.1
M03520:605:000000000-LVNKY:1:1102:16039:7903;size=38	RH.7CE39E25906745AZ0Z_R	100.000	26	0	2.98e-10	52.0
M03520:605:000000000-LVNKY:1:1102:16039:7903;size=38	RH.7CE39E25906745AZ0Z_F	100.000	25	0	1.18e-09	50.1
M03520:605:000000000-LVNKY:1:1102:22828:8401;size=38	RH.63B83F05CDE5404Z0Z_F	100.000	21	0	2.87e-07	42.1
M03520:605:000000000-LVNKY:1:1102:23250:3917;size=38	RH.B9EF730EBE6C436Z0Z_F	100.000	25	0	1.18e-09	50.1
M03520:605:000000000-LVNKY:1:1102:23250:3917;size=38	RH.B9EF730EBE6C436Z0Z_R	100.000	23	0	1.84e-08	46.1
M03520:605:000000000-LVNKY:1:1103:3235:11492;size=38	RH.B9EF730EBE6C436Z0Z_R	100.000	25	0	1.18e-09	50.1
M03520:605:000000000-LVNKY:1:1101:12467:5130;size=37	RH.85A5303CAAF54ADZ0Z_R	100.000	22	0	7.27e-08	44.1
M03520:605:000000000-LVNKY:1:1101:12467:5130;size=37	RH.85A5303CAAF54ADZ0Z_F	100.000	21	0	2.87e-07	42.1
M03520:605:000000000-LVNKY:1:1101:13832:25081;size=37	RH.85A5303CAAF54ADZ0Z_R	100.000	22	0	7.27e-08	44.1
M03520:605:000000000-LVNKY:1:1101:13832:25081;size=37	RH.85A5303CAAF54ADZ0Z_F	100.000	21	0	2.87e-07	42.1
M03520:605:000000000-LVNKY:1:1101:14093:21946;size=37	RH.51338FA06EDB4F0Z0Z_F	100.000	25	0	1.18e-09	50.1
M03520:605:000000000-LVNKY:1:1101:14093:21946;size=37	RH.51338FA06EDB4F0Z0Z_R	100.000	23	0	1.84e-08	46.1
M03520:605:000000000-LVNKY:1:1101:15249:19824;size=37	RH.0096A141894D447Z0Z_F	100.000	24	0	4.65e-09	48.1
M03520:605:000000000-LVNKY:1:1101:15249:19824;size=37	RH.0096A141894D447Z0Z_R	100.000	21	0	2.87e-07	42.1
M03520:605:000000000-LVNKY:1:1101:15388:19530;size=37	RH.0BD19D1A26A74EBZ0Z_R	100.000	24	0	4.65e-09	48.1
M03520:605:000000000-LVNKY:1:1101:15388:19530;size=37	RH.0BD19D1A26A74EBZ0Z_F	96.000	25	1	2.87e-07	42.1
M03520:605:000000000-LVNKY:1:1101:17083:25509;size=37	RH.0096A141894D447Z0Z_F	100.000	24	0	4.65e-09	48.1
M03520:605:000000000-LVNKY:1:1101:17083:25509;size=37	RH.0096A141894D447Z0Z_R	100.000	21	0	2.87e-07	42.1
M03520:605:000000000-LVNKY:1:1101:18725:13022;size=37	RH.27578A9A85FA4A3Z0Z_F	100.000	24	0	4.65e-09	48.1
M03520:605:000000000-LVNKY:1:1101:18725:13022;size=37	RH.27578A9A85FA4A3Z0Z_R	100.000	22	0	7.27e-08	44.1
M03520:605:000000000-LVNKY:1:1101:20075:7018;size=37	RH.B9EF730EBE6C436Z0Z_R	100.000	25	0	1.18e-09	50.1
M03520:605:000000000-LVNKY:1:1101:20075:7018;size=37	RH.B9EF730EBE6C436Z0Z_F	96.000	25	1	2.87e-07	42.1
M03520:605:000000000-LVNKY:1:1101:20491:10247;size=37	RH.B9EF730EBE6C436Z0Z_R	100.000	25	0	1.18e-09	50.1
M03520:605:000000000-LVNKY:1:1101:20491:10247;size=37	RH.B9EF730EBE6C436Z0Z_F	100.000	25	0	1.18e-09	50.1
M03520:605:000000000-LVNKY:1:1101:20825:11108;size=37	RH.2A8AD21024974C0Z0Z_R	100.000	25	0	1.18e-09	50.1
M03520:605:000000000-LVNKY:1:1101:20825:11108;size=37	RH.FC3FC8C7290A49DZ0Z_F	100.000	19	0	4.48e-06	38.2
M03520:605:000000000-LVNKY:1:1101:21886:12004;size=37	RH.E28A489CA40644BZ0Z_R	100.000	23	0	1.84e-08	46.1
M03520:605:000000000-LVNKY:1:1101:21886:12004;size=37	RH.E28A489CA40644BZ0Z_F	100.000	22	0	7.27e-08	44.1
M03520:605:000000000-LVNKY:1:1101:23437:21559;size=37	RH.85A5303CAAF54ADZ0Z_R	100.000	22	0	7.27e-08	44.1
M03520:605:000000000-LVNKY:1:1101:23437:21559;size=37	RH.85A5303CAAF54ADZ0Z_F	100.000	21	0	2.87e-07	42.1
M03520:605:000000000-LVNKY:1:1101:27501:11987;size=37	RH.0BD19D1A26A74EBZ0Z_F	100.000	25	0	1.18e-09	50.1
M03520:605:000000000-LVNKY:1:1101:27501:11987;size=37	RH.0BD19D1A26A74EBZ0Z_R	100.000	24	0	4.65e-09	48.1
M03520:605:000000000-LVNKY:1:1101:7253:16300;size=37	RH.7C3D657FDC54468Z0Z_R	100.000	22	0	7.27e-08	44.1
M03520:605:000000000-LVNKY:1:1101:7253:16300;size=37	RH.098C2C0732D843BZ0Z_F	100.000	22	0	7.27e-08	44.1
M03520:605:000000000-LVNKY:1:1101:7445:10132;size=37	RH.B9EF730EBE6C436Z0Z_R	100.000	25	0	1.18e-09	50.1
M03520:605:000000000-LVNKY:1:1101:7445:10132;size=37	RH.B9EF730EBE6C436Z0Z_F	100.000	24	0	4.65e-09	48.1
M03520:605:000000000-LVNKY:1:1103:16620:20663;size=37	RH.85A5303CAAF54ADZ0Z_R	100.000	22	0	7.27e-08	44.1
M03520:605:000000000-LVNKY:1:1103:16620:20663;size=37	RH.85A5303CAAF54ADZ0Z_F	100.000	21	0	2.87e-07	42.1
M03520:605:000000000-LVNKY:1:1103:18626:21445;size=37	RH.CF953F27F5674E1Z0Z_F	100.000	26	0	2.98e-10	52.0
M03520:605:000000000-LVNKY:1:1103:18626:21445;size=37	RH.CF953F27F5674E1Z0Z_R	100.000	25	0	1.18e-09	50.1
M03520:605:000000000-LVNKY:1:1105:14056:7608;size=37	RH.0BD19D1A26A74EBZ0Z_F	100.000	25	0	1.18e-09	50.1
M03520:605:000000000-LVNKY:1:1105:14056:7608;size=37	RH.0BD19D1A26A74EBZ0Z_R	100.000	24	0	4.65e-09	48.1
M03520:605:000000000-LVNKY:1:1101:10405:7269;size=36	RH.DDB83AFF97C94C6Z0Z_R	100.000	25	0	1.18e-09	50.1
M03520:605:000000000-LVNKY:1:1101:10405:7269;size=36	RH.DDB83AFF97C94C6Z0Z_F	100.000	24	0	4.65e-09	48.1
M03520:605:000000000-LVNKY:1:1101:14194:3651;size=36	RH.DDB83AFF97C94C6Z0Z_F	100.000	24	0	4.65e-09	48.1
M03520:605:000000000-LVNKY:1:1101:14194:3651;size=36	RH.DDB83AFF97C94C6Z0Z_R	96.000	25	1	2.87e-07	42.1
M03520:605:000000000-LVNKY:1:1101:15622:6439;size=36	RH.51338FA06EDB4F0Z0Z_F	100.000	25	0	1.18e-09	50.1
M03520:605:000000000-LVNKY:1:1101:15622:6439;size=36	RH.51338FA06EDB4F0Z0Z_R	100.000	25	0	1.18e-09	50.1
M03520:605:000000000-LVNKY:1:1101:16716:9126;size=36	RH.DDB83AFF97C94C6Z0Z_F	100.000	24	0	4.65e-09	48.1
M03520:605:000000000-LVNKY:1:1101:16716:9126;size=36	RH.DDB83AFF97C94C6Z0Z_R	96.000	25	1	2.87e-07	42.1
M03520:605:000000000-LVNKY:1:1101:1749:14544;size=36	RH.51338FA06EDB4F0Z0Z_R	100.000	25	0	1.18e-09	50.1
M03520:605:000000000-LVNKY:1:1101:1749:14544;size=36	RH.51338FA06EDB4F0Z0Z_F	100.000	25	0	1.18e-09	50.1
M03520:605:000000000-LVNKY:1:1101:18513:4768;size=36	RH.DDB83AFF97C94C6Z0Z_F	100.000	24	0	4.65e-09	48.1
M03520:605:000000000-LVNKY:1:1101:18513:4768;size=36	RH.DDB83AFF97C94C6Z0Z_R	96.000	25	1	2.87e-07	42.1
M03520:605:000000000-LVNKY:1:1101:19090:4797;size=36	RH.B9EF730EBE6C436Z0Z_F	100.000	25	0	1.18e-09	50.1
M03520:605:000000000-LVNKY:1:1101:19090:4797;size=36	RH.B9EF730EBE6C436Z0Z_R	96.000	25	1	2.87e-07	42.1
M03520:605:000000000-LVNKY:1:1101:21085:14086;size=36	RH.B9EF730EBE6C436Z0Z_F	100.000	25	0	1.18e-09	50.1
M03520:605:000000000-LVNKY:1:1101:21085:14086;size=36	RH.B9EF730EBE6C436Z0Z_R	100.000	25	0	1.18e-09	50.1
M03520:605:000000000-LVNKY:1:1101:21161:21046;size=36	RH.51338FA06EDB4F0Z0Z_R	100.000	25	0	1.18e-09	50.1
M03520:605:000000000-LVNKY:1:1101:21161:21046;size=36	RH.51338FA06EDB4F0Z0Z_F	100.000	25	0	1.18e-09	50.1
M03520:605:000000000-LVNKY:1:1101:8342:8524;size=36	RH.7CE39E25906745AZ0Z_F	100.000	25	0	1.18e-09	50.1
M03520:605:000000000-LVNKY:1:1101:8342:8524;size=36	RH.7CE39E25906745AZ0Z_R	96.154	26	1	7.27e-08	44.1
M03520:605:000000000-LVNKY:1:1101:8879:14059;size=36	RH.7CE39E25906745AZ0Z_R	100.000	26	0	2.98e-10	52.0
M03520:605:000000000-LVNKY:1:1101:8879:14059;size=36	RH.7CE39E25906745AZ0Z_F	100.000	25	0	1.18e-09	50.1
M03520:605:000000000-LVNKY:1:1101:9421:8308;size=36	RH.B9EF730EBE6C436Z0Z_R	100.000	25	0	1.18e-09	50.1
M03520:605:000000000-LVNKY:1:1101:9421:8308;size=36	RH.B9EF730EBE6C436Z0Z_F	100.000	25	0	1.18e-09	50.1
M03520:605:000000000-LVNKY:1:1102:11344:8355;size=36	RH.DDB83AFF97C94C6Z0Z_R	100.000	25	0	1.18e-09	50.1
M03520:605:000000000-LVNKY:1:1102:11344:8355;size=36	RH.DDB83AFF97C94C6Z0Z_F	100.000	24	0	4.65e-09	48.1
M03520:605:000000000-LVNKY:1:1101:10010:5533;size=35	RH.7CE39E25906745AZ0Z_R	100.000	26	0	2.98e-10	52.0
M03520:605:000000000-LVNKY:1:1101:10010:5533;size=35	RH.7CE39E25906745AZ0Z_F	96.000	25	1	2.87e-07	42.1
M03520:605:000000000-LVNKY:1:1101:10026:11732;size=35	RH.7CE39E25906745AZ0Z_R	100.000	26	0	2.98e-10	52.0
M03520:605:000000000-LVNKY:1:1101:10026:11732;size=35	RH.7CE39E25906745AZ0Z_F	100.000	25	0	1.18e-09	50.1
M03520:605:000000000-LVNKY:1:1101:11153:9006;size=35	RH.0BD19D1A26A74EBZ0Z_F	100.000	25	0	1.18e-09	50.1
M03520:605:000000000-LVNKY:1:1101:11153:9006;size=35	RH.0BD19D1A26A74EBZ0Z_R	95.833	24	1	1.13e-06	40.1
M03520:605:000000000-LVNKY:1:1101:12440:24021;size=35	RH.B9EF730EBE6C436Z0Z_R	100.000	25	0	1.18e-09	50.1
M03520:605:000000000-LVNKY:1:1101:12440:24021;size=35	RH.B9EF730EBE6C436Z0Z_F	100.000	25	0	1.18e-09	50.1
M03520:605:000000000-LVNKY:1:1101:15379:11480;size=35	RH.51338FA06EDB4F0Z0Z_F	100.000	25	0	1.18e-09	50.1
M03520:605:000000000-LVNKY:1:1101:15379:11480;size=35	RH.51338FA06EDB4F0Z0Z_R	100.000	25	0	1.18e-09	50.1
M03520:605:000000000-LVNKY:1:1101:16048:10400;size=35	RH.27578A9A85FA4A3Z0Z_F	100.000	24	0	4.65e-09	48.1
M03520:605:000000000-LVNKY:1:1101:18377:14959;size=35	RH.0BD19D1A26A74EBZ0Z_F	100.000	25	0	1.18e-09	50.1
M03520:605:000000000-LVNKY:1:1101:18377:14959;size=35	RH.0BD19D1A26A74EBZ0Z_R	95.833	24	1	1.13e-06	40.1
M03520:605:000000000-LVNKY:1:1101:19083:8381;size=35	RH.DDB83AFF97C94C6Z0Z_R	100.000	25	0	1.18e-09	50.1
M03520:605:000000000-LVNKY:1:1101:19083:8381;size=35	RH.DDB83AFF97C94C6Z0Z_F	100.000	24	0	4.65e-09	48.1
M03520:605:000000000-LVNKY:1:1101:22780:7590;size=35	RH.B9EF730EBE6C436Z0Z_R	100.000	25	0	1.18e-09	50.1
M03520:605:000000000-LVNKY:1:1101:22780:7590;size=35	RH.B9EF730EBE6C436Z0Z_F	96.000	25	1	2.87e-07	42.1
M03520:605:000000000-LVNKY:1:1101:24387:13139;size=35	RH.6572108A164E48EZ0Z_R	100.000	25	0	1.18e-09	50.1
M03520:605:000000000-LVNKY:1:1101:24387:13139;size=35	RH.6572108A164E48EZ0Z_F	100.000	24	0	4.65e-09	48.1
M03520:605:000000000-LVNKY:1:1101:25771:10274;size=35	RH.51338FA06EDB4F0Z0Z_R	100.000	25	0	1.18e-09	50.1
M03520:605:000000000-LVNKY:1:1101:25771:10274;size=35	RH.51338FA06EDB4F0Z0Z_F	100.000	25	0	1.18e-09	50.1
M03520:605:000000000-LVNKY:1:1101:25792:21128;size=35	RH.85A5303CAAF54ADZ0Z_F	100.000	21	0	2.87e-07	42.1
M03520:605:000000000-LVNKY:1:1101:4076:19382;size=35	RH.51338FA06EDB4F0Z0Z_R	100.000	25	0	1.18e-09	50.1
M03520:605:000000000-LVNKY:1:1101:4076:19382;size=35	RH.51338FA06EDB4F0Z0Z_F	100.000	25	0	1.18e-09	50.1
M03520:605:000000000-LVNKY:1:1101:4965:9657;size=35	RH.7CE39E25906745AZ0Z_R	100.000	26	0	2.98e-10	52.0
M03520:605:000000000-LVNKY:1:1101:4965:9657;size=35	RH.7CE39E25906745AZ0Z_F	96.000	25	1	2.87e-07	42.1
M03520:605:000000000-LVNKY:1:1101:6586:7280;size=35	RH.51338FA06EDB4F0Z0Z_R	100.000	25	0	1.18e-09	50.1
M03520:605:000000000-LVNKY:1:1101:6586:7280;size=35	RH.51338FA06EDB4F0Z0Z_F	100.000	25	0	1.18e-09	50.1
M03520:605:000000000-LVNKY:1:1101:8154:21123;size=35	RH.B9EF730EBE6C436Z0Z_F	100.000	25	0	1.18e-09	50.1
M03520:605:000000000-LVNKY:1:1101:8154:21123;size=35	RH.B9EF730EBE6C436Z0Z_R	100.000	24	0	4.65e-09	48.1
M03520:605:000000000-LVNKY:1:1101:9460:4692;size=35	RH.85A5303CAAF54ADZ0Z_R	100.000	22	0	7.27e-08	44.1
M03520:605:000000000-LVNKY:1:1101:9460:4692;size=35	RH.85A5303CAAF54ADZ0Z_F	100.000	21	0	2.87e-07	42.1
M03520:605:000000000-LVNKY:1:1101:9559:12331;size=35	RH.0550AF0F57084ADZ0Z_F	100.000	24	0	4.65e-09	48.1
M03520:605:000000000-LVNKY:1:1101:9559:12331;size=35	RH.0550AF0F57084ADZ0Z_R	100.000	22	0	7.27e-08	44.1
M03520:605:000000000-LVNKY:1:1103:27357:13488;size=35	RH.0BD19D1A26A74EBZ0Z_F	100.000	25	0	1.18e-09	50.1
M03520:605:000000000-LVNKY:1:1103:27357:13488;size=35	RH.0BD19D1A26A74EBZ0Z_R	100.000	21	0	2.87e-07	42.1
M03520:605:000000000-LVNKY:1:1104:24923:13723;size=35	RH.DDB83AFF97C94C6Z0Z_R	100.000	25	0	1.18e-09	50.1
M03520:605:000000000-LVNKY:1:1104:24923:13723;size=35	RH.DDB83AFF97C94C6Z0Z_F	100.000	24	0	4.65e-09	48.1
M03520:605:000000000-LVNKY:1:1101:10689:14840;size=34	RH.B9EF730EBE6C436Z0Z_F	100.000	25	0	1.18e-09	50.1
M03520:605:000000000-LVNKY:1:1101:11095:16355;size=34	RH.0BD19D1A26A74EBZ0Z_F	100.000	25	0	1.18e-09	50.1
M03520:605:000000000-LVNKY:1:1101:11095:16355;size=34	RH.0BD19D1A26A74EBZ0Z_R	100.000	24	0	4.65e-09	48.1
M03520:605:000000000-LVNKY:1:1101:11566:16085;size=34	RH.0BD19D1A26A74EBZ0Z_R	100.000	24	0	4.65e-09	48.1
M03520:605:000000000-LVNKY:1:1101:19188:23520;size=34	RH.DDB83AFF97C94C6Z0Z_F	100.000	24	0	4.65e-09	48.1
M03520:605:000000000-LVNKY:1:1101:19188:23520;size=34	RH.DDB83AFF97C94C6Z0Z_R	100.000	22	0	7.27e-08	44.1
M03520:605:000000000-LVNKY:1:1101:19352:21045;size=34	RH.7CE39E25906745AZ0Z_R	100.000	26	0	2.98e-10	52.0
M03520:605:000000000-LVNKY:1:1101:19352:21045;size=34	RH.7CE39E25906745AZ0Z_F	96.000	25	1	2.87e-07	42.1
M03520:605:000000000-LVNKY:1:1101:21114:17764;size=34	RH.B9EF730EBE6C436Z0Z_R	100.000	25	0	1.18e-09	50.1
M03520:605:000000000-LVNKY:1:1101:21114:17764;size=34	RH.B9EF730EBE6C436Z0Z_F	96.000	25	1	2.87e-07	42.1
M03520:605:000000000-LVNKY:1:1101:26611:7758;size=34	RH.DDB83AFF97C94C6Z0Z_R	100.000	25	0	1.18e-09	50.1
M03520:605:000000000-LVNKY:1:1101:26611:7758;size=34	RH.DDB83AFF97C94C6Z0Z_F	100.000	24	0	4.65e-09	48.1
M03520:605:000000000-LVNKY:1:1101:27309:14781;size=34	RH.DDB83AFF97C94C6Z0Z_R	100.000	25	0	1.18e-09	50.1
M03520:605:000000000-LVNKY:1:1101:27309:14781;size=34	RH.DDB83AFF97C94C6Z0Z_F	100.000	24	0	4.65e-09	48.1
M03520:605:000000000-LVNKY:1:1101:4131:19738;size=34	RH.85A5303CAAF54ADZ0Z_R	100.000	22	0	7.27e-08	44.1
M03520:605:000000000-LVNKY:1:1101:4131:19738;size=34	RH.85A5303CAAF54ADZ0Z_F	100.000	21	0	2.87e-07	42.1
M03520:605:000000000-LVNKY:1:1102:21404:13325;size=34	RH.7CE39E25906745AZ0Z_R	100.000	26	0	2.98e-10	52.0
M03520:605:000000000-LVNKY:1:1102:21404:13325;size=34	RH.7CE39E25906745AZ0Z_F	96.000	25	1	2.87e-07	42.1
M03520:605:000000000-LVNKY:1:1102:25383:25300;size=34	RH.FDEF34A308684D6Z0Z_F	100.000	24	0	4.65e-09	48.1
M03520:605:000000000-LVNKY:1:1102:26518:8138;size=34	RH.0550AF0F57084ADZ0Z_F	100.000	24	0	4.65e-09	48.1
M03520:605:000000000-LVNKY:1:1102:26518:8138;size=34	RH.0550AF0F57084ADZ0Z_R	100.000	22	0	7.27e-08	44.1
M03520:605:000000000-LVNKY:1:1102:8916:11234;size=34	RH.0BD19D1A26A74EBZ0Z_F	100.000	25	0	1.18e-09	50.1
M03520:605:000000000-LVNKY:1:1102:8916:11234;size=34	RH.E33F7FBD66A243AZ0Z_R	100.000	21	0	2.87e-07	42.1
M03520:605:000000000-LVNKY:1:1102:9823:23534;size=34	RH.7CE39E25906745AZ0Z_F	100.000	25	0	1.18e-09	50.1
M03520:605:000000000-LVNKY:1:1102:9823:23534;size=34	RH.7CE39E25906745AZ0Z_R	100.000	24	0	4.65e-09	48.1
M03520:605:000000000-LVNKY:1:1103:15006:19760;size=34	RH.DDB83AFF97C94C6Z0Z_R	100.000	25	0	1.18e-09	50.1
M03520:605:000000000-LVNKY:1:1103:15006:19760;size=34	RH.DDB83AFF97C94C6Z0Z_F	100.000	21	0	2.87e-07	42.1
M03520:605:000000000-LVNKY:1:1101:10422:27680;size=33	RH.85A5303CAAF54ADZ0Z_R	100.000	22	0	7.27e-08	44.1
M03520:605:000000000-LVNKY:1:1101:10802:23269;size=33	RH.7CE39E25906745AZ0Z_R	100.000	26	0	2.98e-10	52.0
M03520:605:000000000-LVNKY:1:1101:10802:23269;size=33	RH.7CE39E25906745AZ0Z_F	100.000	25	0	1.18e-09	50.1
M03520:605:000000000-LVNKY:1:1101:11760:5772;size=33	RH.7CE39E25906745AZ0Z_R	100.000	26	0	2.98e-10	52.0
M03520:605:000000000-LVNKY:1:1101:11760:5772;size=33	RH.7CE39E25906745AZ0Z_F	100.000	25	0	1.18e-09	50.1
M03520:605:000000000-LVNKY:1:1101:11988:15151;size=33	RH.E04EE94198274F7Z0Z_R	95.833	24	1	1.13e-06	40.1
M03520:605:000000000-LVNKY:1:1101:12481:16269;size=33	RH.0096A141894D447Z0Z_R	100.000	21	0	2.87e-07	42.1
M03520:605:000000000-LVNKY:1:1101:12481:16269;size=33	RH.0096A141894D447Z0Z_F	100.000	20	0	1.13e-06	40.1
M03520:605:000000000-LVNKY:1:1101:13437:8297;size=33	RH.7CE39E25906745AZ0Z_R	100.000	26	0	2.98e-10	52.0
M03520:605:000000000-LVNKY:1:1101:13437:8297;size=33	RH.7CE39E25906745AZ0Z_F	100.000	25	0	1.18e-09	50.1
M03520:605:000000000-LVNKY:1:1101:16185:18385;size=33	RH.B9EF730EBE6C436Z0Z_R	100.000	25	0	1.18e-09	50.1
M03520:605:000000000-LVNKY:1:1101:16185:18385;size=33	RH.B9EF730EBE6C436Z0Z_F	100.000	25	0	1.18e-09	50.1
M03520:605:000000000-LVNKY:1:1101:20675:10980;size=33	RH.0BD19D1A26A74EBZ0Z_R	100.000	24	0	4.65e-09	48.1
M03520:605:000000000-LVNKY:1:1101:20675:10980;size=33	RH.0BD19D1A26A74EBZ0Z_F	100.000	24	0	4.65e-09	48.1
M03520:605:000000000-LVNKY:1:1101:21024:7829;size=33	RH.0BD19D1A26A74EBZ0Z_F	100.000	25	0	1.18e-09	50.1
M03520:605:000000000-LVNKY:1:1101:21024:7829;size=33	RH.0BD19D1A26A74EBZ0Z_R	100.000	24	0	4.65e-09	48.1
M03520:605:000000000-LVNKY:1:1101:21847:12139;size=33	RH.0096A141894D447Z0Z_F	100.000	24	0	4.65e-09	48.1
M03520:605:000000000-LVNKY:1:1101:21847:12139;size=33	RH.0096A141894D447Z0Z_R	100.000	21	0	2.87e-07	42.1
M03520:605:000000000-LVNKY:1:1101:22558:22065;size=33	RH.7CE39E25906745AZ0Z_F	100.000	25	0	1.18e-09	50.1
M03520:605:000000000-LVNKY:1:1101:22558:22065;size=33	RH.7CE39E25906745AZ0Z_R	100.000	25	0	1.18e-09	50.1
M03520:605:000000000-LVNKY:1:1101:4121:22367;size=33	RH.CA1E204B0C0842DZ0Z_F	100.000	26	0	2.98e-10	52.0
M03520:605:000000000-LVNKY:1:1101:4121:22367;size=33	RH.CA1E204B0C0842DZ0Z_R	100.000	24	0	4.65e-09	48.1
M03520:605:000000000-LVNKY:1:1102:18820:22082;size=33	RH.7CE39E25906745AZ0Z_R	100.000	26	0	2.98e-10	52.0
M03520:605:000000000-LVNKY:1:1102:18820:22082;size=33	RH.7CE39E25906745AZ0Z_F	100.000	25	0	1.18e-09	50.1
M03520:605:000000000-LVNKY:1:1102:22114:7055;size=33	RH.51338FA06EDB4F0Z0Z_F	100.000	25	0	1.18e-09	50.1
M03520:605:000000000-LVNKY:1:1102:22114:7055;size=33	RH.51338FA06EDB4F0Z0Z_R	100.000	25	0	1.18e-09	50.1
M03520:605:000000000-LVNKY:1:1102:22877:20196;size=33	RH.6572108A164E48EZ0Z_R	100.000	25	0	1.18e-09	50.1
M03520:605:000000000-LVNKY:1:1102:22877:20196;size=33	RH.6572108A164E48EZ0Z_F	100.000	24	0	4.65e-09	48.1
M03520:605:000000000-LVNKY:1:1102:6400:14098;size=33	RH.51338FA06EDB4F0Z0Z_F	100.000	25	0	1.18e-09	50.1
M03520:605:000000000-LVNKY:1:1102:6400:14098;size=33	RH.51338FA06EDB4F0Z0Z_R	100.000	25	0	1.18e-09	50.1
M03520:605:000000000-LVNKY:1:1104:28026:17044;size=33	RH.0BD19D1A26A74EBZ0Z_F	100.000	25	0	1.18e-09	50.1
M03520:605:000000000-LVNKY:1:1104:28026:17044;size=33	RH.0BD19D1A26A74EBZ0Z_R	100.000	24	0	4.65e-09	48.1
M03520:605:000000000-LVNKY:1:1101:13286:5288;size=32	RH.B9EF730EBE6C436Z0Z_F	100.000	25	0	1.18e-09	50.1
M03520:605:000000000-LVNKY:1:1101:13286:5288;size=32	RH.B9EF730EBE6C436Z0Z_R	96.000	25	1	2.87e-07	42.1
M03520:605:000000000-LVNKY:1:1101:13287:7380;size=32	RH.7CE39E25906745AZ0Z_F	100.000	25	0	1.18e-09	50.1
M03520:605:000000000-LVNKY:1:1101:13287:7380;size=32	RH.7CE39E25906745AZ0Z_R	96.154	26	1	7.27e-08	44.1
M03520:605:000000000-LVNKY:1:1101:15838:1594;size=32	RH.7CE39E25906745AZ0Z_R	100.000	26	0	2.98e-10	52.0
M03520:605:000000000-LVNKY:1:1101:15838:1594;size=32	RH.7CE39E25906745AZ0Z_F	100.000	25	0	1.18e-09	50.1
M03520:605:000000000-LVNKY:1:1101:20819:4384;size=32	RH.51338FA06EDB4F0Z0Z_F	100.000	25	0	1.18e-09	50.1
M03520:605:000000000-LVNKY:1:1101:20819:4384;size=32	RH.51338FA06EDB4F0Z0Z_R	100.000	25	0	1.18e-09	50.1
M03520:605:000000000-LVNKY:1:1101:22344:15903;size=32	RH.B9EF730EBE6C436Z0Z_F	100.000	25	0	1.18e-09	50.1
M03520:605:000000000-LVNKY:1:1101:22344:15903;size=32	RH.B9EF730EBE6C436Z0Z_R	96.000	25	1	2.87e-07	42.1
M03520:605:000000000-LVNKY:1:1101:23149:5054;size=32	RH.7CE39E25906745AZ0Z_R	100.000	26	0	2.98e-10	52.0
M03520:605:000000000-LVNKY:1:1101:23149:5054;size=32	RH.7CE39E25906745AZ0Z_F	100.000	25	0	1.18e-09	50.1
M03520:605:000000000-LVNKY:1:1101:26410:14590;size=32	RH.7CE39E25906745AZ0Z_F	100.000	25	0	1.18e-09	50.1
M03520:605:000000000-LVNKY:1:1101:26410:14590;size=32	RH.7CE39E25906745AZ0Z_R	96.154	26	1	7.27e-08	44.1
M03520:605:000000000-LVNKY:1:1101:26767:13739;size=32	RH.2A8AD21024974C0Z0Z_F	100.000	26	0	2.98e-10	52.0
M03520:605:000000000-LVNKY:1:1101:26767:13739;size=32	RH.2A8AD21024974C0Z0Z_R	100.000	25	0	1.18e-09	50.1
M03520:605:000000000-LVNKY:1:1101:8822:13253;size=32	RH.0BD19D1A26A74EBZ0Z_F	100.000	25	0	1.18e-09	50.1
M03520:605:000000000-LVNKY:1:1101:8822:13253;size=32	RH.0BD19D1A26A74EBZ0Z_R	100.000	23	0	1.84e-08	46.1
M03520:605:000000000-LVNKY:1:1102:11353:21806;size=32	RH.51338FA06EDB4F0Z0Z_R	100.000	25	0	1.18e-09	50.1
M03520:605:000000000-LVNKY:1:1102:11353:21806;size=32	RH.51338FA06EDB4F0Z0Z_F	100.000	25	0	1.18e-09	50.1
M03520:605:000000000-LVNKY:1:1102:16384:2327;size=32	RH.7CE39E25906745AZ0Z_R	100.000	26	0	2.98e-10	52.0
M03520:605:000000000-LVNKY:1:1102:16384:2327;size=32	RH.7CE39E25906745AZ0Z_F	100.000	25	0	1.18e-09	50.1
M03520:605:000000000-LVNKY:1:1102:18350:11314;size=32	RH.7CE39E25906745AZ0Z_R	100.000	26	0	2.98e-10	52.0
M03520:605:000000000-LVNKY:1:1102:18350:11314;size=32	RH.7CE39E25906745AZ0Z_F	100.000	25	0	1.18e-09	50.1
M03520:605:000000000-LVNKY:1:1102:18978:3324;size=32	RH.B9EF730EBE6C436Z0Z_F	100.000	25	0	1.18e-09	50.1
M03520:605:000000000-LVNKY:1:1102:18978:3324;size=32	RH.B9EF730EBE6C436Z0Z_R	100.000	25	0	1.18e-09	50.1
M03520:605:000000000-LVNKY:1:1102:20723:15367;size=32	RH.51338FA06EDB4F0Z0Z_F	100.000	25	0	1.18e-09	50.1
M03520:605:000000000-LVNKY:1:1102:20723:15367;size=32	RH.51338FA06EDB4F0Z0Z_R	100.000	25	0	1.18e-09	50.1
M03520:605:000000000-LVNKY:1:1102:8729:10419;size=32	RH.0BD19D1A26A74EBZ0Z_F	100.000	25	0	1.18e-09	50.1
M03520:605:000000000-LVNKY:1:1102:8729:10419;size=32	RH.0BD19D1A26A74EBZ0Z_R	100.000	24	0	4.65e-09	48.1
M03520:605:000000000-LVNKY:1:1103:14363:12042;size=32	RH.2A8AD21024974C0Z0Z_F	100.000	26	0	2.98e-10	52.0
M03520:605:000000000-LVNKY:1:1103:14363:12042;size=32	RH.2A8AD21024974C0Z0Z_R	100.000	25	0	1.18e-09	50.1
M03520:605:000000000-LVNKY:1:1107:13187:1743;size=32	RH.CF953F27F5674E1Z0Z_F	100.000	26	0	2.98e-10	52.0
M03520:605:000000000-LVNKY:1:1107:13187:1743;size=32	RH.CF953F27F5674E1Z0Z_R	100.000	25	0	1.18e-09	50.1
M03520:605:000000000-LVNKY:1:1107:21346:3376;size=32	RH.185D4E36BBF74FEZ0Z_F	100.000	27	0	7.54e-11	54.0
M03520:605:000000000-LVNKY:1:1107:21346:3376;size=32	RH.185D4E36BBF74FEZ0Z_R	96.154	26	1	7.27e-08	44.1
M03520:605:000000000-LVNKY:1:1101:12647:6606;size=31	RH.0096A141894D447Z0Z_F	100.000	24	0	4.65e-09	48.1
M03520:605:000000000-LVNKY:1:1101:12647:6606;size=31	RH.0096A141894D447Z0Z_R	100.000	21	0	2.87e-07	42.1
M03520:605:000000000-LVNKY:1:1101:12982:4285;size=31	RH.B9EF730EBE6C436Z0Z_R	100.000	25	0	1.18e-09	50.1
M03520:605:000000000-LVNKY:1:1101:12982:4285;size=31	RH.B9EF730EBE6C436Z0Z_F	96.000	25	1	2.87e-07	42.1
M03520:605:000000000-LVNKY:1:1101:15170:15987;size=31	RH.0BD19D1A26A74EBZ0Z_F	100.000	25	0	1.18e-09	50.1
M03520:605:000000000-LVNKY:1:1101:15170:15987;size=31	RH.0BD19D1A26A74EBZ0Z_R	95.833	24	1	1.13e-06	40.1
M03520:605:000000000-LVNKY:1:1101:15277:6451;size=31	RH.B9EF730EBE6C436Z0Z_R	100.000	25	0	1.18e-09	50.1
M03520:605:000000000-LVNKY:1:1101:15277:6451;size=31	RH.B9EF730EBE6C436Z0Z_F	100.000	25	0	1.18e-09	50.1
M03520:605:000000000-LVNKY:1:1101:15934:23869;size=31	RH.85A5303CAAF54ADZ0Z_R	100.000	22	0	7.27e-08	44.1
M03520:605:000000000-LVNKY:1:1101:15934:23869;size=31	RH.85A5303CAAF54ADZ0Z_F	100.000	21	0	2.87e-07	42.1
M03520:605:000000000-LVNKY:1:1101:16562:2906;size=31	RH.CA1E204B0C0842DZ0Z_R	100.000	24	0	4.65e-09	48.1
M03520:605:000000000-LVNKY:1:1101:17935:24415;size=31	RH.0BD19D1A26A74EBZ0Z_R	100.000	24	0	4.65e-09	48.1
M03520:605:000000000-LVNKY:1:1101:17935:24415;size=31	RH.0BD19D1A26A74EBZ0Z_F	96.000	25	1	2.87e-07	42.1
M03520:605:000000000-LVNKY:1:1101:20151:3050;size=31	RH.2A8AD21024974C0Z0Z_F	100.000	26	0	2.98e-10	52.0
M03520:605:000000000-LVNKY:1:1101:20151:3050;size=31	RH.2A8AD21024974C0Z0Z_R	100.000	25	0	1.18e-09	50.1
M03520:605:000000000-LVNKY:1:1101:20578:7913;size=31	RH.B9EF730EBE6C436Z0Z_R	100.000	25	0	1.18e-09	50.1
M03520:605:000000000-LVNKY:1:1101:20578:7913;size=31	RH.B9EF730EBE6C436Z0Z_F	100.000	25	0	1.18e-09	50.1
M03520:605:000000000-LVNKY:1:1101:21608:17277;size=31	RH.B9EF730EBE6C436Z0Z_R	100.000	25	0	1.18e-09	50.1
M03520:605:000000000-LVNKY:1:1101:21608:17277;size=31	RH.B9EF730EBE6C436Z0Z_F	100.000	25	0	1.18e-09	50.1
M03520:605:000000000-LVNKY:1:1101:21706:4841;size=31	RH.B9EF730EBE6C436Z0Z_R	100.000	25	0	1.18e-09	50.1
M03520:605:000000000-LVNKY:1:1101:21706:4841;size=31	RH.B9EF730EBE6C436Z0Z_F	100.000	25	0	1.18e-09	50.1
M03520:605:000000000-LVNKY:1:1101:23115:6210;size=31	RH.DDB83AFF97C94C6Z0Z_R	100.000	25	0	1.18e-09	50.1
M03520:605:000000000-LVNKY:1:1101:24693:21297;size=31	RH.0550AF0F57084ADZ0Z_F	100.000	24	0	4.65e-09	48.1
M03520:605:000000000-LVNKY:1:1101:24693:21297;size=31	RH.0550AF0F57084ADZ0Z_R	100.000	22	0	7.27e-08	44.1
M03520:605:000000000-LVNKY:1:1101:7356:11309;size=31	RH.DDB83AFF97C94C6Z0Z_R	100.000	25	0	1.18e-09	50.1
M03520:605:000000000-LVNKY:1:1101:7356:11309;size=31	RH.DDB83AFF97C94C6Z0Z_F	95.833	24	1	1.13e-06	40.1
M03520:605:000000000-LVNKY:1:1101:7715:13351;size=31	RH.85A5303CAAF54ADZ0Z_F	100.000	21	0	2.87e-07	42.1
M03520:605:000000000-LVNKY:1:1101:8346:17704;size=31	RH.DDB83AFF97C94C6Z0Z_R	100.000	25	0	1.18e-09	50.1
M03520:605:000000000-LVNKY:1:1101:8346:17704;size=31	RH.DDB83AFF97C94C6Z0Z_F	95.833	24	1	1.13e-06	40.1
M03520:605:000000000-LVNKY:1:1101:8615:12790;size=31	RH.2A8AD21024974C0Z0Z_F	100.000	26	0	2.98e-10	52.0
M03520:605:000000000-LVNKY:1:1101:8615:12790;size=31	RH.2A8AD21024974C0Z0Z_R	100.000	25	0	1.18e-09	50.1
M03520:605:000000000-LVNKY:1:1101:9291:7220;size=31	RH.B9EF730EBE6C436Z0Z_R	100.000	25	0	1.18e-09	50.1
M03520:605:000000000-LVNKY:1:1101:9291:7220;size=31	RH.B9EF730EBE6C436Z0Z_F	96.000	25	1	2.87e-07	42.1
M03520:605:000000000-LVNKY:1:1102:12033:23831;size=31	RH.B9EF730EBE6C436Z0Z_R	100.000	25	0	1.18e-09	50.1
M03520:605:000000000-LVNKY:1:1102:12033:23831;size=31	RH.B9EF730EBE6C436Z0Z_F	100.000	25	0	1.18e-09	50.1
M03520:605:000000000-LVNKY:1:1102:17427:20326;size=31	RH.85A5303CAAF54ADZ0Z_F	100.000	21	0	2.87e-07	42.1
M03520:605:000000000-LVNKY:1:1102:17427:20326;size=31	RH.85A5303CAAF54ADZ0Z_R	100.000	21	0	2.87e-07	42.1
M03520:605:000000000-LVNKY:1:1102:19220:11929;size=31	RH.098C2C0732D843BZ0Z_F	100.000	22	0	7.27e-08	44.1
M03520:605:000000000-LVNKY:1:1102:19220:11929;size=31	RH.098C2C0732D843BZ0Z_R	100.000	21	0	2.87e-07	42.1
M03520:605:000000000-LVNKY:1:1102:22822:15628;size=31	RH.0096A141894D447Z0Z_F	100.000	24	0	4.65e-09	48.1
M03520:605:000000000-LVNKY:1:1102:22822:15628;size=31	RH.0096A141894D447Z0Z_R	100.000	21	0	2.87e-07	42.1
M03520:605:000000000-LVNKY:1:1102:2700:16190;size=31	RH.0BD19D1A26A74EBZ0Z_F	100.000	25	0	1.18e-09	50.1
M03520:605:000000000-LVNKY:1:1102:2700:16190;size=31	RH.0BD19D1A26A74EBZ0Z_R	100.000	24	0	4.65e-09	48.1
M03520:605:000000000-LVNKY:1:1102:6611:8660;size=31	RH.B9EF730EBE6C436Z0Z_R	100.000	25	0	1.18e-09	50.1
M03520:605:000000000-LVNKY:1:1102:6611:8660;size=31	RH.B9EF730EBE6C436Z0Z_F	100.000	25	0	1.18e-09	50.1
M03520:605:000000000-LVNKY:1:1103:10410:20865;size=31	RH.0096A141894D447Z0Z_F	100.000	24	0	4.65e-09	48.1
M03520:605:000000000-LVNKY:1:1103:10410:20865;size=31	RH.0096A141894D447Z0Z_R	100.000	21	0	2.87e-07	42.1
M03520:605:000000000-LVNKY:1:1103:16122:1578;size=31	RH.DDB83AFF97C94C6Z0Z_R	100.000	25	0	1.18e-09	50.1
M03520:605:000000000-LVNKY:1:1103:16122:1578;size=31	RH.DDB83AFF97C94C6Z0Z_F	100.000	24	0	4.65e-09	48.1
M03520:605:000000000-LVNKY:1:1103:7209:11703;size=31	RH.85A5303CAAF54ADZ0Z_R	100.000	22	0	7.27e-08	44.1
M03520:605:000000000-LVNKY:1:1103:7209:11703;size=31	RH.85A5303CAAF54ADZ0Z_F	100.000	20	0	1.13e-06	40.1
M03520:605:000000000-LVNKY:1:1107:17539:6384;size=31	RH.2AFFFBA0E81C482Z0Z_R	100.000	23	0	1.84e-08	46.1
M03520:605:000000000-LVNKY:1:1107:17539:6384;size=31	RH.2AFFFBA0E81C482Z0Z_F	100.000	23	0	1.84e-08	46.1
M03520:605:000000000-LVNKY:1:1101:12414:2305;size=30	RH.0096A141894D447Z0Z_R	100.000	21	0	2.87e-07	42.1
M03520:605:000000000-LVNKY:1:1101:12414:2305;size=30	RH.0096A141894D447Z0Z_F	95.833	24	1	1.13e-06	40.1
M03520:605:000000000-LVNKY:1:1101:16491:19157;size=30	RH.B9EF730EBE6C436Z0Z_R	100.000	25	0	1.18e-09	50.1
M03520:605:000000000-LVNKY:1:1101:16491:19157;size=30	RH.B9EF730EBE6C436Z0Z_F	100.000	25	0	1.18e-09	50.1
M03520:605:000000000-LVNKY:1:1101:19513:15448;size=30	RH.0BD19D1A26A74EBZ0Z_F	100.000	25	0	1.18e-09	50.1
M03520:605:000000000-LVNKY:1:1101:19513:15448;size=30	RH.0BD19D1A26A74EBZ0Z_R	100.000	24	0	4.65e-09	48.1
M03520:605:000000000-LVNKY:1:1101:21096:15695;size=30	RH.51338FA06EDB4F0Z0Z_F	100.000	25	0	1.18e-09	50.1
M03520:605:000000000-LVNKY:1:1101:21096:15695;size=30	RH.51338FA06EDB4F0Z0Z_R	100.000	25	0	1.18e-09	50.1
M03520:605:000000000-LVNKY:1:1101:21735:25650;size=30	RH.DDB83AFF97C94C6Z0Z_F	100.000	24	0	4.65e-09	48.1
M03520:605:000000000-LVNKY:1:1101:21735:25650;size=30	RH.DDB83AFF97C94C6Z0Z_R	96.000	25	1	2.87e-07	42.1
M03520:605:000000000-LVNKY:1:1101:24405:18108;size=30	RH.7CE39E25906745AZ0Z_R	100.000	26	0	2.98e-10	52.0
M03520:605:000000000-LVNKY:1:1101:24405:18108;size=30	RH.7CE39E25906745AZ0Z_F	96.000	25	1	2.87e-07	42.1
M03520:605:000000000-LVNKY:1:1101:24414:17548;size=30	RH.DDB83AFF97C94C6Z0Z_R	100.000	25	0	1.18e-09	50.1
M03520:605:000000000-LVNKY:1:1101:24414:17548;size=30	RH.DDB83AFF97C94C6Z0Z_F	100.000	24	0	4.65e-09	48.1
M03520:605:000000000-LVNKY:1:1101:25407:14528;size=30	RH.51338FA06EDB4F0Z0Z_F	100.000	25	0	1.18e-09	50.1
M03520:605:000000000-LVNKY:1:1101:25407:14528;size=30	RH.51338FA06EDB4F0Z0Z_R	100.000	25	0	1.18e-09	50.1
M03520:605:000000000-LVNKY:1:1101:26706:11955;size=30	RH.0BD19D1A26A74EBZ0Z_R	100.000	24	0	4.65e-09	48.1
M03520:605:000000000-LVNKY:1:1101:27182:16567;size=30	RH.0096A141894D447Z0Z_F	100.000	24	0	4.65e-09	48.1
M03520:605:000000000-LVNKY:1:1101:27182:16567;size=30	RH.0096A141894D447Z0Z_R	100.000	21	0	2.87e-07	42.1
M03520:605:000000000-LVNKY:1:1101:29508:16048;size=30	RH.0096A141894D447Z0Z_F	100.000	24	0	4.65e-09	48.1
M03520:605:000000000-LVNKY:1:1101:29508:16048;size=30	RH.0096A141894D447Z0Z_R	100.000	21	0	2.87e-07	42.1
M03520:605:000000000-LVNKY:1:1101:7728:16104;size=30	RH.CF953F27F5674E1Z0Z_F	100.000	26	0	2.98e-10	52.0
M03520:605:000000000-LVNKY:1:1101:7728:16104;size=30	RH.CF953F27F5674E1Z0Z_R	100.000	25	0	1.18e-09	50.1
M03520:605:000000000-LVNKY:1:1101:9638:27337;size=30	RH.0BD19D1A26A74EBZ0Z_F	100.000	25	0	1.18e-09	50.1
M03520:605:000000000-LVNKY:1:1101:9638:27337;size=30	RH.0BD19D1A26A74EBZ0Z_R	100.000	24	0	4.65e-09	48.1
M03520:605:000000000-LVNKY:1:1102:26345:10984;size=30	RH.7CE39E25906745AZ0Z_R	100.000	26	0	2.98e-10	52.0
M03520:605:000000000-LVNKY:1:1102:26345:10984;size=30	RH.7CE39E25906745AZ0Z_F	96.000	25	1	2.87e-07	42.1
M03520:605:000000000-LVNKY:1:1102:8671:6632;size=30	RH.7CE39E25906745AZ0Z_F	100.000	25	0	1.18e-09	50.1
M03520:605:000000000-LVNKY:1:1102:8671:6632;size=30	RH.7CE39E25906745AZ0Z_R	96.154	26	1	7.27e-08	44.1
M03520:605:000000000-LVNKY:1:1102:9982:23496;size=30	RH.85A5303CAAF54ADZ0Z_R	100.000	22	0	7.27e-08	44.1
M03520:605:000000000-LVNKY:1:1102:9982:23496;size=30	RH.85A5303CAAF54ADZ0Z_F	100.000	21	0	2.87e-07	42.1
M03520:605:000000000-LVNKY:1:1103:10870:8181;size=30	RH.8B25A056ABC1444Z0Z_R	100.000	24	0	4.65e-09	48.1
M03520:605:000000000-LVNKY:1:1101:10392:6842;size=29	RH.B9EF730EBE6C436Z0Z_R	100.000	25	0	1.18e-09	50.1
M03520:605:000000000-LVNKY:1:1101:10392:6842;size=29	RH.B9EF730EBE6C436Z0Z_F	100.000	25	0	1.18e-09	50.1
M03520:605:000000000-LVNKY:1:1101:11686:11339;size=29	RH.B9EF730EBE6C436Z0Z_R	100.000	25	0	1.18e-09	50.1
M03520:605:000000000-LVNKY:1:1101:11686:11339;size=29	RH.B9EF730EBE6C436Z0Z_F	100.000	25	0	1.18e-09	50.1
M03520:605:000000000-LVNKY:1:1101:13836:4176;size=29	RH.0BD19D1A26A74EBZ0Z_F	100.000	25	0	1.18e-09	50.1
M03520:605:000000000-LVNKY:1:1101:13836:4176;size=29	RH.0BD19D1A26A74EBZ0Z_R	100.000	24	0	4.65e-09	48.1
M03520:605:000000000-LVNKY:1:1101:14622:15484;size=29	RH.0BD19D1A26A74EBZ0Z_F	100.000	25	0	1.18e-09	50.1
M03520:605:000000000-LVNKY:1:1101:14622:15484;size=29	RH.0BD19D1A26A74EBZ0Z_R	95.833	24	1	1.13e-06	40.1
M03520:605:000000000-LVNKY:1:1101:14647:16945;size=29	RH.7CE39E25906745AZ0Z_R	100.000	26	0	2.98e-10	52.0
M03520:605:000000000-LVNKY:1:1101:14647:16945;size=29	RH.7CE39E25906745AZ0Z_F	100.000	25	0	1.18e-09	50.1
M03520:605:000000000-LVNKY:1:1101:14844:19290;size=29	RH.E04EE94198274F7Z0Z_F	100.000	25	0	1.18e-09	50.1
M03520:605:000000000-LVNKY:1:1101:16879:15773;size=29	RH.51338FA06EDB4F0Z0Z_F	100.000	25	0	1.18e-09	50.1
M03520:605:000000000-LVNKY:1:1101:16879:15773;size=29	RH.51338FA06EDB4F0Z0Z_R	100.000	25	0	1.18e-09	50.1
M03520:605:000000000-LVNKY:1:1101:19205:6076;size=29	RH.B9EF730EBE6C436Z0Z_R	100.000	25	0	1.18e-09	50.1
M03520:605:000000000-LVNKY:1:1101:19205:6076;size=29	RH.B9EF730EBE6C436Z0Z_F	96.000	25	1	2.87e-07	42.1
M03520:605:000000000-LVNKY:1:1101:20517:3144;size=29	RH.27578A9A85FA4A3Z0Z_R	100.000	22	0	7.27e-08	44.1
M03520:605:000000000-LVNKY:1:1101:21153:8685;size=29	RH.7CE39E25906745AZ0Z_R	100.000	26	0	2.98e-10	52.0
M03520:605:000000000-LVNKY:1:1101:21153:8685;size=29	RH.7CE39E25906745AZ0Z_F	100.000	23	0	1.84e-08	46.1
M03520:605:000000000-LVNKY:1:1101:22281:8350;size=29	RH.7CE39E25906745AZ0Z_R	100.000	26	0	2.98e-10	52.0
M03520:605:000000000-LVNKY:1:1101:22281:8350;size=29	RH.7CE39E25906745AZ0Z_F	100.000	25	0	1.18e-09	50.1
M03520:605:000000000-LVNKY:1:1101:23336:25602;size=29	RH.51338FA06EDB4F0Z0Z_F	100.000	25	0	1.18e-09	50.1
M03520:605:000000000-LVNKY:1:1101:23336:25602;size=29	RH.51338FA06EDB4F0Z0Z_R	100.000	25	0	1.18e-09	50.1
M03520:605:000000000-LVNKY:1:1101:26434:21317;size=29	RH.0BD19D1A26A74EBZ0Z_F	100.000	25	0	1.18e-09	50.1
M03520:605:000000000-LVNKY:1:1101:26434:21317;size=29	RH.0BD19D1A26A74EBZ0Z_R	100.000	24	0	4.65e-09	48.1
M03520:605:000000000-LVNKY:1:1101:5664:6836;size=29	RH.0BD19D1A26A74EBZ0Z_R	100.000	24	0	4.65e-09	48.1
M03520:605:000000000-LVNKY:1:1101:5664:6836;size=29	RH.0BD19D1A26A74EBZ0Z_F	96.000	25	1	2.87e-07	42.1
M03520:605:000000000-LVNKY:1:1101:6814:20744;size=29	RH.2A8AD21024974C0Z0Z_F	100.000	26	0	2.98e-10	52.0
M03520:605:000000000-LVNKY:1:1101:6814:20744;size=29	RH.2A8AD21024974C0Z0Z_R	100.000	25	0	1.18e-09	50.1
M03520:605:000000000-LVNKY:1:1103:23228:11888;size=29	RH.2A8AD21024974C0Z0Z_F	100.000	26	0	2.98e-10	52.0
M03520:605:000000000-LVNKY:1:1103:23228:11888;size=29	RH.2A8AD21024974C0Z0Z_R	100.000	25	0	1.18e-09	50.1
M03520:605:000000000-LVNKY:1:1103:7361:16429;size=29	RH.7CE39E25906745AZ0Z_R	100.000	25	0	1.18e-09	50.1
M03520:605:000000000-LVNKY:1:1103:7361:16429;size=29	RH.7CE39E25906745AZ0Z_F	100.000	25	0	1.18e-09	50.1
M03520:605:000000000-LVNKY:1:1104:6783:13898;size=29	RH.0BD19D1A26A74EBZ0Z_F	100.000	25	0	1.18e-09	50.1
M03520:605:000000000-LVNKY:1:1104:6783:13898;size=29	RH.0BD19D1A26A74EBZ0Z_R	100.000	24	0	4.65e-09	48.1
M03520:605:000000000-LVNKY:1:1101:10246:17256;size=28	RH.DDB83AFF97C94C6Z0Z_R	100.000	25	0	1.18e-09	50.1
M03520:605:000000000-LVNKY:1:1101:10246:17256;size=28	RH.DDB83AFF97C94C6Z0Z_F	95.833	24	1	1.13e-06	40.1
M03520:605:000000000-LVNKY:1:1101:12028:5452;size=28	RH.0096A141894D447Z0Z_F	100.000	24	0	4.65e-09	48.1
M03520:605:000000000-LVNKY:1:1101:12028:5452;size=28	RH.0096A141894D447Z0Z_R	100.000	21	0	2.87e-07	42.1
M03520:605:000000000-LVNKY:1:1101:13135:11961;size=28	RH.0BD19D1A26A74EBZ0Z_F	100.000	25	0	1.18e-09	50.1
M03520:605:000000000-LVNKY:1:1101:13135:11961;size=28	RH.0BD19D1A26A74EBZ0Z_R	100.000	24	0	4.65e-09	48.1
M03520:605:000000000-LVNKY:1:1101:13709:6827;size=28	RH.0BD19D1A26A74EBZ0Z_F	100.000	25	0	1.18e-09	50.1
M03520:605:000000000-LVNKY:1:1101:13709:6827;size=28	RH.0BD19D1A26A74EBZ0Z_R	100.000	24	0	4.65e-09	48.1
M03520:605:000000000-LVNKY:1:1101:15346:6315;size=28	RH.7CE39E25906745AZ0Z_F	100.000	25	0	1.18e-09	50.1
M03520:605:000000000-LVNKY:1:1101:15346:6315;size=28	RH.7CE39E25906745AZ0Z_R	96.154	26	1	7.27e-08	44.1
M03520:605:000000000-LVNKY:1:1101:16039:25225;size=28	RH.0BD19D1A26A74EBZ0Z_F	100.000	25	0	1.18e-09	50.1
M03520:605:000000000-LVNKY:1:1101:16039:25225;size=28	RH.0BD19D1A26A74EBZ0Z_R	100.000	24	0	4.65e-09	48.1
M03520:605:000000000-LVNKY:1:1101:17249:23484;size=28	RH.0096A141894D447Z0Z_F	100.000	24	0	4.65e-09	48.1
M03520:605:000000000-LVNKY:1:1101:17249:23484;size=28	RH.0096A141894D447Z0Z_R	100.000	21	0	2.87e-07	42.1
M03520:605:000000000-LVNKY:1:1101:17511:5232;size=28	RH.7CE39E25906745AZ0Z_F	100.000	25	0	1.18e-09	50.1
M03520:605:000000000-LVNKY:1:1101:17511:5232;size=28	RH.7CE39E25906745AZ0Z_R	100.000	22	0	7.27e-08	44.1
M03520:605:000000000-LVNKY:1:1101:19739:16930;size=28	RH.B9EF730EBE6C436Z0Z_F	100.000	25	0	1.18e-09	50.1
M03520:605:000000000-LVNKY:1:1101:19739:16930;size=28	RH.B9EF730EBE6C436Z0Z_R	96.000	25	1	2.87e-07	42.1
M03520:605:000000000-LVNKY:1:1101:23080:11387;size=28	RH.7CE39E25906745AZ0Z_F	100.000	25	0	1.18e-09	50.1
M03520:605:000000000-LVNKY:1:1101:23080:11387;size=28	RH.7CE39E25906745AZ0Z_R	96.154	26	1	7.27e-08	44.1
M03520:605:000000000-LVNKY:1:1101:4339:11866;size=28	RH.0550AF0F57084ADZ0Z_F	100.000	24	0	4.65e-09	48.1
M03520:605:000000000-LVNKY:1:1101:4339:11866;size=28	RH.0550AF0F57084ADZ0Z_R	100.000	22	0	7.27e-08	44.1
M03520:605:000000000-LVNKY:1:1101:4418:16875;size=28	RH.27578A9A85FA4A3Z0Z_F	100.000	24	0	4.65e-09	48.1
M03520:605:000000000-LVNKY:1:1101:4418:16875;size=28	RH.27578A9A85FA4A3Z0Z_R	100.000	22	0	7.27e-08	44.1
M03520:605:000000000-LVNKY:1:1101:5291:20135;size=28	RH.0BD19D1A26A74EBZ0Z_F	100.000	25	0	1.18e-09	50.1
M03520:605:000000000-LVNKY:1:1101:5291:20135;size=28	RH.0BD19D1A26A74EBZ0Z_R	95.833	24	1	1.13e-06	40.1
M03520:605:000000000-LVNKY:1:1101:9242:18301;size=28	RH.0096A141894D447Z0Z_F	100.000	24	0	4.65e-09	48.1
M03520:605:000000000-LVNKY:1:1101:9242:18301;size=28	RH.0096A141894D447Z0Z_R	100.000	21	0	2.87e-07	42.1
M03520:605:000000000-LVNKY:1:1102:11147:25303;size=28	RH.0BD19D1A26A74EBZ0Z_R	100.000	24	0	4.65e-09	48.1
M03520:605:000000000-LVNKY:1:1102:11147:25303;size=28	RH.0BD19D1A26A74EBZ0Z_F	96.000	25	1	2.87e-07	42.1
M03520:605:000000000-LVNKY:1:1102:15486:15883;size=28	RH.6572108A164E48EZ0Z_F	100.000	24	0	4.65e-09	48.1
M03520:605:000000000-LVNKY:1:1102:18487:15582;size=28	RH.7CE39E25906745AZ0Z_R	100.000	26	0	2.98e-10	52.0
M03520:605:000000000-LVNKY:1:1102:18487:15582;size=28	RH.7CE39E25906745AZ0Z_F	100.000	25	0	1.18e-09	50.1
M03520:605:000000000-LVNKY:1:1102:23621:6417;size=28	RH.2A8AD21024974C0Z0Z_F	100.000	26	0	2.98e-10	52.0
M03520:605:000000000-LVNKY:1:1102:23621:6417;size=28	RH.2A8AD21024974C0Z0Z_R	100.000	25	0	1.18e-09	50.1
M03520:605:000000000-LVNKY:1:1102:26344:21460;size=28	RH.0BD19D1A26A74EBZ0Z_F	100.000	25	0	1.18e-09	50.1
M03520:605:000000000-LVNKY:1:1102:26344:21460;size=28	RH.0BD19D1A26A74EBZ0Z_R	100.000	24	0	4.65e-09	48.1
M03520:605:000000000-LVNKY:1:1102:9748:15676;size=28	RH.7CE39E25906745AZ0Z_R	100.000	26	0	2.98e-10	52.0
M03520:605:000000000-LVNKY:1:1102:9748:15676;size=28	RH.7CE39E25906745AZ0Z_F	100.000	25	0	1.18e-09	50.1
M03520:605:000000000-LVNKY:1:1103:10459:7643;size=28	RH.85A5303CAAF54ADZ0Z_F	100.000	21	0	2.87e-07	42.1
M03520:605:000000000-LVNKY:1:1103:14048:12402;size=28	RH.0096A141894D447Z0Z_F	100.000	24	0	4.65e-09	48.1
M03520:605:000000000-LVNKY:1:1103:14048:12402;size=28	RH.0096A141894D447Z0Z_R	100.000	21	0	2.87e-07	42.1
M03520:605:000000000-LVNKY:1:1103:8717:18134;size=28	RH.B9EF730EBE6C436Z0Z_R	100.000	25	0	1.18e-09	50.1
M03520:605:000000000-LVNKY:1:1103:8717:18134;size=28	RH.B9EF730EBE6C436Z0Z_F	96.000	25	1	2.87e-07	42.1
M03520:605:000000000-LVNKY:1:1105:15112:6692;size=28	RH.0BD19D1A26A74EBZ0Z_R	100.000	24	0	4.65e-09	48.1
M03520:605:000000000-LVNKY:1:1105:15112:6692;size=28	RH.0BD19D1A26A74EBZ0Z_F	96.000	25	1	2.87e-07	42.1
M03520:605:000000000-LVNKY:1:1107:17167:2137;size=28	RH.E04EE94198274F7Z0Z_F	100.000	25	0	1.18e-09	50.1
M03520:605:000000000-LVNKY:1:1107:17167:2137;size=28	RH.E04EE94198274F7Z0Z_R	95.833	24	1	1.13e-06	40.1
M03520:605:000000000-LVNKY:1:1101:11468:3137;size=27	RH.0550AF0F57084ADZ0Z_R	100.000	22	0	7.27e-08	44.1
M03520:605:000000000-LVNKY:1:1101:11468:3137;size=27	RH.0550AF0F57084ADZ0Z_F	100.000	22	0	7.27e-08	44.1
M03520:605:000000000-LVNKY:1:1101:12190:26317;size=27	RH.B9EF730EBE6C436Z0Z_R	100.000	25	0	1.18e-09	50.1
M03520:605:000000000-LVNKY:1:1101:12190:26317;size=27	RH.B9EF730EBE6C436Z0Z_F	100.000	25	0	1.18e-09	50.1
M03520:605:000000000-LVNKY:1:1101:14997:4587;size=27	RH.2A8AD21024974C0Z0Z_F	100.000	26	0	2.98e-10	52.0
M03520:605:000000000-LVNKY:1:1101:14997:4587;size=27	RH.2A8AD21024974C0Z0Z_R	100.000	25	0	1.18e-09	50.1
M03520:605:000000000-LVNKY:1:1101:15004:21507;size=27	RH.02ED2313668747CZ0Z_R	100.000	25	0	1.18e-09	50.1
M03520:605:000000000-LVNKY:1:1101:15004:21507;size=27	RH.02ED2313668747CZ0Z_F	100.000	24	0	4.65e-09	48.1
M03520:605:000000000-LVNKY:1:1101:15373:22111;size=27	RH.7CE39E25906745AZ0Z_R	100.000	26	0	2.98e-10	52.0
M03520:605:000000000-LVNKY:1:1101:15373:22111;size=27	RH.7CE39E25906745AZ0Z_F	100.000	25	0	1.18e-09	50.1
M03520:605:000000000-LVNKY:1:1101:16597:6510;size=27	RH.0BD19D1A26A74EBZ0Z_R	100.000	24	0	4.65e-09	48.1
M03520:605:000000000-LVNKY:1:1101:16597:6510;size=27	RH.0BD19D1A26A74EBZ0Z_F	100.000	22	0	7.27e-08	44.1
M03520:605:000000000-LVNKY:1:1101:17238:3210;size=27	RH.DDB83AFF97C94C6Z0Z_F	100.000	24	0	4.65e-09	48.1
M03520:605:000000000-LVNKY:1:1101:17238:3210;size=27	RH.DDB83AFF97C94C6Z0Z_R	100.000	24	0	4.65e-09	48.1
M03520:605:000000000-LVNKY:1:1101:17405:5289;size=27	RH.DDB83AFF97C94C6Z0Z_R	100.000	25	0	1.18e-09	50.1
M03520:605:000000000-LVNKY:1:1101:17405:5289;size=27	RH.DDB83AFF97C94C6Z0Z_F	100.000	24	0	4.65e-09	48.1
M03520:605:000000000-LVNKY:1:1101:21571:7838;size=27	RH.0BD19D1A26A74EBZ0Z_R	100.000	24	0	4.65e-09	48.1
M03520:605:000000000-LVNKY:1:1101:21571:7838;size=27	RH.0BD19D1A26A74EBZ0Z_F	96.000	25	1	2.87e-07	42.1
M03520:605:000000000-LVNKY:1:1101:21813:19146;size=27	RH.0BD19D1A26A74EBZ0Z_F	100.000	25	0	1.18e-09	50.1
M03520:605:000000000-LVNKY:1:1101:21813:19146;size=27	RH.0BD19D1A26A74EBZ0Z_R	100.000	24	0	4.65e-09	48.1
M03520:605:000000000-LVNKY:1:1101:26231:18612;size=27	RH.85A5303CAAF54ADZ0Z_R	100.000	22	0	7.27e-08	44.1
M03520:605:000000000-LVNKY:1:1101:26231:18612;size=27	RH.85A5303CAAF54ADZ0Z_F	100.000	21	0	2.87e-07	42.1
M03520:605:000000000-LVNKY:1:1101:27018:15501;size=27	RH.85A5303CAAF54ADZ0Z_F	100.000	21	0	2.87e-07	42.1
M03520:605:000000000-LVNKY:1:1101:5459:20210;size=27	RH.7CE39E25906745AZ0Z_F	100.000	25	0	1.18e-09	50.1
M03520:605:000000000-LVNKY:1:1101:5459:20210;size=27	RH.7CE39E25906745AZ0Z_R	100.000	25	0	1.18e-09	50.1
M03520:605:000000000-LVNKY:1:1101:5741:21416;size=27	RH.B9EF730EBE6C436Z0Z_R	100.000	25	0	1.18e-09	50.1
M03520:605:000000000-LVNKY:1:1101:5741:21416;size=27	RH.B9EF730EBE6C436Z0Z_F	96.000	25	1	2.87e-07	42.1
M03520:605:000000000-LVNKY:1:1101:6809:14632;size=27	RH.0096A141894D447Z0Z_F	100.000	24	0	4.65e-09	48.1
M03520:605:000000000-LVNKY:1:1101:6809:14632;size=27	RH.0096A141894D447Z0Z_R	100.000	21	0	2.87e-07	42.1
M03520:605:000000000-LVNKY:1:1101:9366:5720;size=27	RH.7CE39E25906745AZ0Z_R	100.000	26	0	2.98e-10	52.0
M03520:605:000000000-LVNKY:1:1102:10951:9242;size=27	RH.DDB83AFF97C94C6Z0Z_R	100.000	25	0	1.18e-09	50.1
M03520:605:000000000-LVNKY:1:1102:10951:9242;size=27	RH.DDB83AFF97C94C6Z0Z_F	100.000	24	0	4.65e-09	48.1
M03520:605:000000000-LVNKY:1:1102:14761:28476;size=27	RH.0550AF0F57084ADZ0Z_F	100.000	24	0	4.65e-09	48.1
M03520:605:000000000-LVNKY:1:1102:14761:28476;size=27	RH.0550AF0F57084ADZ0Z_R	100.000	22	0	7.27e-08	44.1
M03520:605:000000000-LVNKY:1:1102:16758:28429;size=27	RH.B9EF730EBE6C436Z0Z_R	100.000	25	0	1.18e-09	50.1
M03520:605:000000000-LVNKY:1:1102:16758:28429;size=27	RH.B9EF730EBE6C436Z0Z_F	100.000	25	0	1.18e-09	50.1
M03520:605:000000000-LVNKY:1:1102:5114:13891;size=27	RH.DDB83AFF97C94C6Z0Z_R	100.000	25	0	1.18e-09	50.1
M03520:605:000000000-LVNKY:1:1102:5114:13891;size=27	RH.DDB83AFF97C94C6Z0Z_F	95.833	24	1	1.13e-06	40.1
M03520:605:000000000-LVNKY:1:1102:8256:9438;size=27	RH.0BD19D1A26A74EBZ0Z_F	100.000	25	0	1.18e-09	50.1
M03520:605:000000000-LVNKY:1:1102:8256:9438;size=27	RH.0BD19D1A26A74EBZ0Z_R	100.000	24	0	4.65e-09	48.1
M03520:605:000000000-LVNKY:1:1102:9877:17158;size=27	RH.0BD19D1A26A74EBZ0Z_R	100.000	24	0	4.65e-09	48.1
M03520:605:000000000-LVNKY:1:1102:9877:17158;size=27	RH.0BD19D1A26A74EBZ0Z_F	96.000	25	1	2.87e-07	42.1
M03520:605:000000000-LVNKY:1:1102:9941:7071;size=27	RH.0096A141894D447Z0Z_F	100.000	24	0	4.65e-09	48.1
M03520:605:000000000-LVNKY:1:1103:13089:22393;size=27	RH.B9EF730EBE6C436Z0Z_R	100.000	25	0	1.18e-09	50.1
M03520:605:000000000-LVNKY:1:1103:13089:22393;size=27	RH.B9EF730EBE6C436Z0Z_F	100.000	25	0	1.18e-09	50.1
M03520:605:000000000-LVNKY:1:1103:17988:4307;size=27	RH.85A5303CAAF54ADZ0Z_R	100.000	22	0	7.27e-08	44.1
M03520:605:000000000-LVNKY:1:1104:16465:5408;size=27	RH.51338FA06EDB4F0Z0Z_R	95.652	23	1	4.48e-06	38.2
M03520:605:000000000-LVNKY:1:1104:3471:15167;size=27	RH.B9EF730EBE6C436Z0Z_R	100.000	25	0	1.18e-09	50.1
M03520:605:000000000-LVNKY:1:1104:3471:15167;size=27	RH.B9EF730EBE6C436Z0Z_F	100.000	25	0	1.18e-09	50.1
M03520:605:000000000-LVNKY:1:1104:5185:21769;size=27	RH.B9EF730EBE6C436Z0Z_R	100.000	25	0	1.18e-09	50.1
M03520:605:000000000-LVNKY:1:1104:5185:21769;size=27	RH.B9EF730EBE6C436Z0Z_F	100.000	25	0	1.18e-09	50.1
M03520:605:000000000-LVNKY:1:1107:16208:2830;size=27	RH.7CE39E25906745AZ0Z_R	100.000	26	0	2.98e-10	52.0
M03520:605:000000000-LVNKY:1:1107:16208:2830;size=27	RH.7CE39E25906745AZ0Z_F	100.000	25	0	1.18e-09	50.1
M03520:605:000000000-LVNKY:1:1101:13771:25704;size=26	RH.B9EF730EBE6C436Z0Z_R	100.000	25	0	1.18e-09	50.1
M03520:605:000000000-LVNKY:1:1101:13771:25704;size=26	RH.B9EF730EBE6C436Z0Z_F	100.000	25	0	1.18e-09	50.1
M03520:605:000000000-LVNKY:1:1101:14203:8443;size=26	RH.B9EF730EBE6C436Z0Z_R	100.000	25	0	1.18e-09	50.1
M03520:605:000000000-LVNKY:1:1101:14203:8443;size=26	RH.B9EF730EBE6C436Z0Z_F	96.000	25	1	2.87e-07	42.1
M03520:605:000000000-LVNKY:1:1101:14375:8515;size=26	RH.85A5303CAAF54ADZ0Z_R	100.000	22	0	7.27e-08	44.1
M03520:605:000000000-LVNKY:1:1101:14375:8515;size=26	RH.85A5303CAAF54ADZ0Z_F	100.000	21	0	2.87e-07	42.1
M03520:605:000000000-LVNKY:1:1101:14782:7415;size=26	RH.85A5303CAAF54ADZ0Z_R	100.000	22	0	7.27e-08	44.1
M03520:605:000000000-LVNKY:1:1101:15991:10774;size=26	RH.0BD19D1A26A74EBZ0Z_F	100.000	25	0	1.18e-09	50.1
M03520:605:000000000-LVNKY:1:1101:15991:10774;size=26	RH.0BD19D1A26A74EBZ0Z_R	95.833	24	1	1.13e-06	40.1
M03520:605:000000000-LVNKY:1:1101:18026:13355;size=26	RH.B9EF730EBE6C436Z0Z_F	100.000	25	0	1.18e-09	50.1
M03520:605:000000000-LVNKY:1:1101:18026:13355;size=26	RH.B9EF730EBE6C436Z0Z_R	96.000	25	1	2.87e-07	42.1
M03520:605:000000000-LVNKY:1:1101:18232:13885;size=26	RH.85A5303CAAF54ADZ0Z_R	100.000	22	0	7.27e-08	44.1
M03520:605:000000000-LVNKY:1:1101:18232:13885;size=26	RH.85A5303CAAF54ADZ0Z_F	100.000	21	0	2.87e-07	42.1
M03520:605:000000000-LVNKY:1:1101:20014:8964;size=26	RH.2A8AD21024974C0Z0Z_F	100.000	26	0	2.98e-10	52.0
M03520:605:000000000-LVNKY:1:1101:20014:8964;size=26	RH.2A8AD21024974C0Z0Z_R	100.000	25	0	1.18e-09	50.1
M03520:605:000000000-LVNKY:1:1101:20516:22728;size=26	RH.2A8AD21024974C0Z0Z_F	100.000	26	0	2.98e-10	52.0
M03520:605:000000000-LVNKY:1:1101:20516:22728;size=26	RH.2A8AD21024974C0Z0Z_R	100.000	25	0	1.18e-09	50.1
M03520:605:000000000-LVNKY:1:1101:20562:13284;size=26	RH.85A5303CAAF54ADZ0Z_R	100.000	22	0	7.27e-08	44.1
M03520:605:000000000-LVNKY:1:1101:20562:13284;size=26	RH.85A5303CAAF54ADZ0Z_F	100.000	21	0	2.87e-07	42.1
M03520:605:000000000-LVNKY:1:1101:20593:18271;size=26	RH.2A8AD21024974C0Z0Z_F	100.000	26	0	2.98e-10	52.0
M03520:605:000000000-LVNKY:1:1101:20593:18271;size=26	RH.2A8AD21024974C0Z0Z_R	100.000	25	0	1.18e-09	50.1
M03520:605:000000000-LVNKY:1:1101:20692:13556;size=26	RH.0BD19D1A26A74EBZ0Z_F	100.000	25	0	1.18e-09	50.1
M03520:605:000000000-LVNKY:1:1101:20692:13556;size=26	RH.0BD19D1A26A74EBZ0Z_R	95.833	24	1	1.13e-06	40.1
M03520:605:000000000-LVNKY:1:1101:21784:17425;size=26	RH.7CE39E25906745AZ0Z_R	100.000	26	0	2.98e-10	52.0
M03520:605:000000000-LVNKY:1:1101:21784:17425;size=26	RH.7CE39E25906745AZ0Z_F	100.000	23	0	1.84e-08	46.1
M03520:605:000000000-LVNKY:1:1101:25822:24525;size=26	RH.0BD19D1A26A74EBZ0Z_F	100.000	25	0	1.18e-09	50.1
M03520:605:000000000-LVNKY:1:1101:25822:24525;size=26	RH.0BD19D1A26A74EBZ0Z_R	95.833	24	1	1.13e-06	40.1
M03520:605:000000000-LVNKY:1:1101:26423:10022;size=26	RH.0BD19D1A26A74EBZ0Z_R	100.000	24	0	4.65e-09	48.1
M03520:605:000000000-LVNKY:1:1101:26423:10022;size=26	RH.0BD19D1A26A74EBZ0Z_F	100.000	21	0	2.87e-07	42.1
M03520:605:000000000-LVNKY:1:1101:28016:11809;size=26	RH.2A8AD21024974C0Z0Z_F	100.000	26	0	2.98e-10	52.0
M03520:605:000000000-LVNKY:1:1101:28016:11809;size=26	RH.2A8AD21024974C0Z0Z_R	100.000	25	0	1.18e-09	50.1
M03520:605:000000000-LVNKY:1:1101:4236:18965;size=26	RH.85A5303CAAF54ADZ0Z_R	100.000	22	0	7.27e-08	44.1
M03520:605:000000000-LVNKY:1:1101:4236:18965;size=26	RH.85A5303CAAF54ADZ0Z_F	100.000	21	0	2.87e-07	42.1
M03520:605:000000000-LVNKY:1:1101:4238:15761;size=26	RH.1CC74B91718A42FZ0Z_R	100.000	25	0	1.18e-09	50.1
M03520:605:000000000-LVNKY:1:1101:4238:15761;size=26	RH.6E9725B3116643EZ0Z_F	100.000	19	0	4.48e-06	38.2
M03520:605:000000000-LVNKY:1:1101:4380:12347;size=26	RH.B9EF730EBE6C436Z0Z_R	100.000	25	0	1.18e-09	50.1
M03520:605:000000000-LVNKY:1:1101:4380:12347;size=26	RH.B9EF730EBE6C436Z0Z_F	100.000	25	0	1.18e-09	50.1
M03520:605:000000000-LVNKY:1:1101:8876:15412;size=26	RH.85A5303CAAF54ADZ0Z_R	100.000	22	0	7.27e-08	44.1
M03520:605:000000000-LVNKY:1:1101:8876:15412;size=26	RH.85A5303CAAF54ADZ0Z_F	100.000	21	0	2.87e-07	42.1
M03520:605:000000000-LVNKY:1:1102:15348:19536;size=26	RH.7CE39E25906745AZ0Z_R	100.000	26	0	2.98e-10	52.0
M03520:605:000000000-LVNKY:1:1102:15348:19536;size=26	RH.7CE39E25906745AZ0Z_F	100.000	25	0	1.18e-09	50.1
M03520:605:000000000-LVNKY:1:1102:16088:21911;size=26	RH.DDB83AFF97C94C6Z0Z_F	100.000	24	0	4.65e-09	48.1
M03520:605:000000000-LVNKY:1:1102:16088:21911;size=26	RH.DDB83AFF97C94C6Z0Z_R	96.000	25	1	2.87e-07	42.1
M03520:605:000000000-LVNKY:1:1102:17763:3997;size=26	RH.0550AF0F57084ADZ0Z_F	100.000	24	0	4.65e-09	48.1
M03520:605:000000000-LVNKY:1:1102:17763:3997;size=26	RH.0550AF0F57084ADZ0Z_R	100.000	22	0	7.27e-08	44.1
M03520:605:000000000-LVNKY:1:1102:20975:3801;size=26	RH.0BD19D1A26A74EBZ0Z_F	100.000	25	0	1.18e-09	50.1
M03520:605:000000000-LVNKY:1:1102:20975:3801;size=26	RH.0BD19D1A26A74EBZ0Z_R	100.000	24	0	4.65e-09	48.1
M03520:605:000000000-LVNKY:1:1102:21182:6485;size=26	RH.51338FA06EDB4F0Z0Z_F	100.000	25	0	1.18e-09	50.1
M03520:605:000000000-LVNKY:1:1102:21182:6485;size=26	RH.51338FA06EDB4F0Z0Z_R	100.000	25	0	1.18e-09	50.1
M03520:605:000000000-LVNKY:1:1102:5452:12603;size=26	RH.DDB83AFF97C94C6Z0Z_R	100.000	25	0	1.18e-09	50.1
M03520:605:000000000-LVNKY:1:1102:5452:12603;size=26	RH.DDB83AFF97C94C6Z0Z_F	100.000	24	0	4.65e-09	48.1
M03520:605:000000000-LVNKY:1:1103:12702:14831;size=26	RH.DDB83AFF97C94C6Z0Z_R	100.000	25	0	1.18e-09	50.1
M03520:605:000000000-LVNKY:1:1103:12702:14831;size=26	RH.DDB83AFF97C94C6Z0Z_F	100.000	24	0	4.65e-09	48.1
M03520:605:000000000-LVNKY:1:1103:19126:24711;size=26	RH.7CE39E25906745AZ0Z_R	100.000	26	0	2.98e-10	52.0
M03520:605:000000000-LVNKY:1:1103:19126:24711;size=26	RH.7CE39E25906745AZ0Z_F	100.000	25	0	1.18e-09	50.1
M03520:605:000000000-LVNKY:1:1103:22253:3399;size=26	RH.0BD19D1A26A74EBZ0Z_F	100.000	25	0	1.18e-09	50.1
M03520:605:000000000-LVNKY:1:1103:22253:3399;size=26	RH.0BD19D1A26A74EBZ0Z_R	100.000	24	0	4.65e-09	48.1
M03520:605:000000000-LVNKY:1:1101:11625:14387;size=25	RH.0BD19D1A26A74EBZ0Z_F	100.000	25	0	1.18e-09	50.1
M03520:605:000000000-LVNKY:1:1101:11625:14387;size=25	RH.0BD19D1A26A74EBZ0Z_R	95.833	24	1	1.13e-06	40.1
M03520:605:000000000-LVNKY:1:1101:12551:25325;size=25	RH.2A8AD21024974C0Z0Z_F	100.000	26	0	2.98e-10	52.0
M03520:605:000000000-LVNKY:1:1101:12551:25325;size=25	RH.2A8AD21024974C0Z0Z_R	100.000	25	0	1.18e-09	50.1
M03520:605:000000000-LVNKY:1:1101:12554:2309;size=25	RH.7CE39E25906745AZ0Z_F	100.000	25	0	1.18e-09	50.1
M03520:605:000000000-LVNKY:1:1101:12554:2309;size=25	RH.7CE39E25906745AZ0Z_R	96.154	26	1	7.27e-08	44.1
M03520:605:000000000-LVNKY:1:1101:17352:6515;size=25	RH.B9EF730EBE6C436Z0Z_R	100.000	25	0	1.18e-09	50.1
M03520:605:000000000-LVNKY:1:1101:17352:6515;size=25	RH.B9EF730EBE6C436Z0Z_F	100.000	25	0	1.18e-09	50.1
M03520:605:000000000-LVNKY:1:1101:18658:16733;size=25	RH.B9EF730EBE6C436Z0Z_R	100.000	25	0	1.18e-09	50.1
M03520:605:000000000-LVNKY:1:1101:18658:16733;size=25	RH.B9EF730EBE6C436Z0Z_F	100.000	25	0	1.18e-09	50.1
M03520:605:000000000-LVNKY:1:1101:19001:13765;size=25	RH.0096A141894D447Z0Z_F	100.000	24	0	4.65e-09	48.1
M03520:605:000000000-LVNKY:1:1101:19001:13765;size=25	RH.0096A141894D447Z0Z_R	100.000	21	0	2.87e-07	42.1
M03520:605:000000000-LVNKY:1:1101:23229:4951;size=25	RH.85A5303CAAF54ADZ0Z_R	100.000	22	0	7.27e-08	44.1
M03520:605:000000000-LVNKY:1:1101:23229:4951;size=25	RH.FF3971CC0B8D410Z0Z_F	100.000	20	0	1.13e-06	40.1
M03520:605:000000000-LVNKY:1:1101:25711:16459;size=25	RH.0BD19D1A26A74EBZ0Z_F	100.000	25	0	1.18e-09	50.1
M03520:605:000000000-LVNKY:1:1101:25711:16459;size=25	RH.0BD19D1A26A74EBZ0Z_R	100.000	24	0	4.65e-09	48.1
M03520:605:000000000-LVNKY:1:1101:25938:15067;size=25	RH.7CE39E25906745AZ0Z_R	100.000	26	0	2.98e-10	52.0
M03520:605:000000000-LVNKY:1:1101:25938:15067;size=25	RH.7CE39E25906745AZ0Z_F	100.000	25	0	1.18e-09	50.1
M03520:605:000000000-LVNKY:1:1101:4400:10375;size=25	RH.0BD19D1A26A74EBZ0Z_F	100.000	25	0	1.18e-09	50.1
M03520:605:000000000-LVNKY:1:1101:4400:10375;size=25	RH.0BD19D1A26A74EBZ0Z_R	100.000	24	0	4.65e-09	48.1
M03520:605:000000000-LVNKY:1:1101:5830:13601;size=25	RH.0096A141894D447Z0Z_F	100.000	24	0	4.65e-09	48.1
M03520:605:000000000-LVNKY:1:1101:5830:13601;size=25	RH.0096A141894D447Z0Z_R	100.000	21	0	2.87e-07	42.1
M03520:605:000000000-LVNKY:1:1101:6207:12158;size=25	RH.DDB83AFF97C94C6Z0Z_R	100.000	25	0	1.18e-09	50.1
M03520:605:000000000-LVNKY:1:1101:6207:12158;size=25	RH.DDB83AFF97C94C6Z0Z_F	100.000	24	0	4.65e-09	48.1
M03520:605:000000000-LVNKY:1:1101:7668:9188;size=25	RH.0096A141894D447Z0Z_F	100.000	24	0	4.65e-09	48.1
M03520:605:000000000-LVNKY:1:1101:7758:23127;size=25	RH.DDB83AFF97C94C6Z0Z_F	100.000	24	0	4.65e-09	48.1
M03520:605:000000000-LVNKY:1:1101:7758:23127;size=25	RH.DDB83AFF97C94C6Z0Z_R	96.000	25	1	2.87e-07	42.1
M03520:605:000000000-LVNKY:1:1101:8174:5020;size=25	RH.69CEA0AC39F4445Z0Z_F	100.000	24	0	4.65e-09	48.1
M03520:605:000000000-LVNKY:1:1101:8174:5020;size=25	RH.69CEA0AC39F4445Z0Z_R	100.000	23	0	1.84e-08	46.1
M03520:605:000000000-LVNKY:1:1101:8693:8930;size=25	RH.B9EF730EBE6C436Z0Z_R	100.000	25	0	1.18e-09	50.1
M03520:605:000000000-LVNKY:1:1101:8693:8930;size=25	RH.B9EF730EBE6C436Z0Z_F	100.000	25	0	1.18e-09	50.1
M03520:605:000000000-LVNKY:1:1102:10776:19568;size=25	RH.B9EF730EBE6C436Z0Z_R	100.000	25	0	1.18e-09	50.1
M03520:605:000000000-LVNKY:1:1102:10776:19568;size=25	RH.B9EF730EBE6C436Z0Z_F	100.000	25	0	1.18e-09	50.1
M03520:605:000000000-LVNKY:1:1102:13373:14983;size=25	RH.0550AF0F57084ADZ0Z_F	100.000	24	0	4.65e-09	48.1
M03520:605:000000000-LVNKY:1:1102:13373:14983;size=25	RH.0550AF0F57084ADZ0Z_R	100.000	22	0	7.27e-08	44.1
M03520:605:000000000-LVNKY:1:1102:14139:24070;size=25	RH.7CE39E25906745AZ0Z_F	100.000	25	0	1.18e-09	50.1
M03520:605:000000000-LVNKY:1:1102:14139:24070;size=25	RH.7CE39E25906745AZ0Z_R	96.154	26	1	7.27e-08	44.1
M03520:605:000000000-LVNKY:1:1102:15946:5003;size=25	RH.85A5303CAAF54ADZ0Z_F	100.000	21	0	2.87e-07	42.1
M03520:605:000000000-LVNKY:1:1102:15946:5003;size=25	RH.85A5303CAAF54ADZ0Z_R	100.000	20	0	1.13e-06	40.1
M03520:605:000000000-LVNKY:1:1102:16031:17193;size=25	RH.7CE39E25906745AZ0Z_R	100.000	26	0	2.98e-10	52.0
M03520:605:000000000-LVNKY:1:1102:16031:17193;size=25	RH.7CE39E25906745AZ0Z_F	100.000	25	0	1.18e-09	50.1
M03520:605:000000000-LVNKY:1:1102:18094:4768;size=25	RH.7CE39E25906745AZ0Z_R	100.000	26	0	2.98e-10	52.0
M03520:605:000000000-LVNKY:1:1102:18094:4768;size=25	RH.7CE39E25906745AZ0Z_F	100.000	25	0	1.18e-09	50.1
M03520:605:000000000-LVNKY:1:1102:20563:7221;size=25	RH.0BD19D1A26A74EBZ0Z_F	100.000	25	0	1.18e-09	50.1
M03520:605:000000000-LVNKY:1:1102:20563:7221;size=25	RH.0BD19D1A26A74EBZ0Z_R	100.000	24	0	4.65e-09	48.1
M03520:605:000000000-LVNKY:1:1102:27108:18884;size=25	RH.2A8AD21024974C0Z0Z_F	100.000	26	0	2.98e-10	52.0
M03520:605:000000000-LVNKY:1:1102:27108:18884;size=25	RH.2A8AD21024974C0Z0Z_R	100.000	23	0	1.84e-08	46.1
M03520:605:000000000-LVNKY:1:1102:3307:18913;size=25	RH.7CE39E25906745AZ0Z_R	100.000	26	0	2.98e-10	52.0
M03520:605:000000000-LVNKY:1:1102:3307:18913;size=25	RH.7CE39E25906745AZ0Z_F	100.000	25	0	1.18e-09	50.1
M03520:605:000000000-LVNKY:1:1102:3580:12607;size=25	RH.B9EF730EBE6C436Z0Z_R	100.000	25	0	1.18e-09	50.1
M03520:605:000000000-LVNKY:1:1102:3580:12607;size=25	RH.B9EF730EBE6C436Z0Z_F	96.000	25	1	2.87e-07	42.1
M03520:605:000000000-LVNKY:1:1102:4180:20344;size=25	RH.DDB83AFF97C94C6Z0Z_R	100.000	25	0	1.18e-09	50.1
M03520:605:000000000-LVNKY:1:1102:4180:20344;size=25	RH.DDB83AFF97C94C6Z0Z_F	100.000	23	0	1.84e-08	46.1
M03520:605:000000000-LVNKY:1:1102:5893:18159;size=25	RH.0096A141894D447Z0Z_F	100.000	24	0	4.65e-09	48.1
M03520:605:000000000-LVNKY:1:1103:11388:25135;size=25	RH.0550AF0F57084ADZ0Z_F	100.000	24	0	4.65e-09	48.1
M03520:605:000000000-LVNKY:1:1103:11388:25135;size=25	RH.0550AF0F57084ADZ0Z_R	100.000	22	0	7.27e-08	44.1
M03520:605:000000000-LVNKY:1:1103:6521:12460;size=25	RH.0096A141894D447Z0Z_F	100.000	24	0	4.65e-09	48.1
M03520:605:000000000-LVNKY:1:1103:6521:12460;size=25	RH.0096A141894D447Z0Z_R	100.000	21	0	2.87e-07	42.1
M03520:605:000000000-LVNKY:1:1103:7791:6718;size=25	RH.0096A141894D447Z0Z_F	100.000	24	0	4.65e-09	48.1
M03520:605:000000000-LVNKY:1:1103:7791:6718;size=25	RH.0096A141894D447Z0Z_R	100.000	21	0	2.87e-07	42.1
M03520:605:000000000-LVNKY:1:1104:17227:9137;size=25	RH.7CE39E25906745AZ0Z_R	100.000	26	0	2.98e-10	52.0
M03520:605:000000000-LVNKY:1:1104:17227:9137;size=25	RH.7CE39E25906745AZ0Z_F	96.000	25	1	2.87e-07	42.1
M03520:605:000000000-LVNKY:1:1104:23682:6077;size=25	RH.85A5303CAAF54ADZ0Z_R	100.000	22	0	7.27e-08	44.1
M03520:605:000000000-LVNKY:1:1104:23682:6077;size=25	RH.85A5303CAAF54ADZ0Z_F	100.000	21	0	2.87e-07	42.1
M03520:605:000000000-LVNKY:1:1104:7026:15011;size=25	RH.B9EF730EBE6C436Z0Z_F	100.000	25	0	1.18e-09	50.1
M03520:605:000000000-LVNKY:1:1104:7026:15011;size=25	RH.B9EF730EBE6C436Z0Z_R	100.000	25	0	1.18e-09	50.1
M03520:605:000000000-LVNKY:1:1101:10712:4068;size=24	RH.27578A9A85FA4A3Z0Z_F	100.000	24	0	4.65e-09	48.1
M03520:605:000000000-LVNKY:1:1101:12176:14350;size=24	RH.0BD19D1A26A74EBZ0Z_F	100.000	25	0	1.18e-09	50.1
M03520:605:000000000-LVNKY:1:1101:12176:14350;size=24	RH.0BD19D1A26A74EBZ0Z_R	100.000	24	0	4.65e-09	48.1
M03520:605:000000000-LVNKY:1:1101:12283:15072;size=24	RH.DDB83AFF97C94C6Z0Z_R	100.000	25	0	1.18e-09	50.1
M03520:605:000000000-LVNKY:1:1101:12283:15072;size=24	RH.DDB83AFF97C94C6Z0Z_F	95.833	24	1	1.13e-06	40.1
M03520:605:000000000-LVNKY:1:1101:14109:27204;size=24	RH.DDB83AFF97C94C6Z0Z_R	100.000	25	0	1.18e-09	50.1
M03520:605:000000000-LVNKY:1:1101:14109:27204;size=24	RH.DDB83AFF97C94C6Z0Z_F	100.000	24	0	4.65e-09	48.1
M03520:605:000000000-LVNKY:1:1101:14547:4703;size=24	RH.B9EF730EBE6C436Z0Z_R	100.000	25	0	1.18e-09	50.1
M03520:605:000000000-LVNKY:1:1101:14547:4703;size=24	RH.B9EF730EBE6C436Z0Z_F	100.000	25	0	1.18e-09	50.1
M03520:605:000000000-LVNKY:1:1101:14911:14709;size=24	RH.2A8AD21024974C0Z0Z_F	100.000	26	0	2.98e-10	52.0
M03520:605:000000000-LVNKY:1:1101:14911:14709;size=24	RH.2A8AD21024974C0Z0Z_R	100.000	25	0	1.18e-09	50.1
M03520:605:000000000-LVNKY:1:1101:15340:23995;size=24	RH.B9EF730EBE6C436Z0Z_R	100.000	25	0	1.18e-09	50.1
M03520:605:000000000-LVNKY:1:1101:15340:23995;size=24	RH.B9EF730EBE6C436Z0Z_F	100.000	25	0	1.18e-09	50.1
M03520:605:000000000-LVNKY:1:1101:17261:15613;size=24	RH.0096A141894D447Z0Z_F	100.000	24	0	4.65e-09	48.1
M03520:605:000000000-LVNKY:1:1101:17261:15613;size=24	RH.0096A141894D447Z0Z_R	100.000	21	0	2.87e-07	42.1
M03520:605:000000000-LVNKY:1:1101:17461:2158;size=24	RH.7CE39E25906745AZ0Z_R	100.000	26	0	2.98e-10	52.0
M03520:605:000000000-LVNKY:1:1101:17461:2158;size=24	RH.7CE39E25906745AZ0Z_F	96.000	25	1	2.87e-07	42.1
M03520:605:000000000-LVNKY:1:1101:17592:5853;size=24	RH.0BD19D1A26A74EBZ0Z_F	100.000	25	0	1.18e-09	50.1
M03520:605:000000000-LVNKY:1:1101:17592:5853;size=24	RH.0BD19D1A26A74EBZ0Z_R	95.833	24	1	1.13e-06	40.1
M03520:605:000000000-LVNKY:1:1101:19076:3568;size=24	RH.7CE39E25906745AZ0Z_R	100.000	26	0	2.98e-10	52.0
M03520:605:000000000-LVNKY:1:1101:19076:3568;size=24	RH.7CE39E25906745AZ0Z_F	96.000	25	1	2.87e-07	42.1
M03520:605:000000000-LVNKY:1:1101:19076:7604;size=24	RH.B9EF730EBE6C436Z0Z_F	100.000	25	0	1.18e-09	50.1
M03520:605:000000000-LVNKY:1:1101:1993:12709;size=24	RH.51338FA06EDB4F0Z0Z_R	100.000	25	0	1.18e-09	50.1
M03520:605:000000000-LVNKY:1:1101:1993:12709;size=24	RH.51338FA06EDB4F0Z0Z_F	100.000	25	0	1.18e-09	50.1
M03520:605:000000000-LVNKY:1:1101:21376:12009;size=24	RH.27578A9A85FA4A3Z0Z_F	100.000	24	0	4.65e-09	48.1
M03520:605:000000000-LVNKY:1:1101:21376:12009;size=24	RH.27578A9A85FA4A3Z0Z_R	100.000	22	0	7.27e-08	44.1
M03520:605:000000000-LVNKY:1:1101:21736:6311;size=24	RH.0550AF0F57084ADZ0Z_F	100.000	24	0	4.65e-09	48.1
M03520:605:000000000-LVNKY:1:1101:21736:6311;size=24	RH.0550AF0F57084ADZ0Z_R	100.000	22	0	7.27e-08	44.1
M03520:605:000000000-LVNKY:1:1101:23246:15124;size=24	RH.0550AF0F57084ADZ0Z_F	100.000	24	0	4.65e-09	48.1
M03520:605:000000000-LVNKY:1:1101:23246:15124;size=24	RH.0550AF0F57084ADZ0Z_R	100.000	22	0	7.27e-08	44.1
M03520:605:000000000-LVNKY:1:1101:23328:21672;size=24	RH.2A8AD21024974C0Z0Z_F	100.000	26	0	2.98e-10	52.0
M03520:605:000000000-LVNKY:1:1101:23328:21672;size=24	RH.2A8AD21024974C0Z0Z_R	100.000	25	0	1.18e-09	50.1
M03520:605:000000000-LVNKY:1:1101:28132:14719;size=24	RH.7CE39E25906745AZ0Z_R	100.000	26	0	2.98e-10	52.0
M03520:605:000000000-LVNKY:1:1101:28132:14719;size=24	RH.7CE39E25906745AZ0Z_F	100.000	25	0	1.18e-09	50.1
M03520:605:000000000-LVNKY:1:1101:29347:13971;size=24	RH.0096A141894D447Z0Z_F	100.000	24	0	4.65e-09	48.1
M03520:605:000000000-LVNKY:1:1101:29347:13971;size=24	RH.0096A141894D447Z0Z_R	100.000	21	0	2.87e-07	42.1
M03520:605:000000000-LVNKY:1:1101:4614:17987;size=24	RH.0BD19D1A26A74EBZ0Z_F	100.000	25	0	1.18e-09	50.1
M03520:605:000000000-LVNKY:1:1101:4614:17987;size=24	RH.0BD19D1A26A74EBZ0Z_R	100.000	24	0	4.65e-09	48.1
M03520:605:000000000-LVNKY:1:1101:4616:9755;size=24	RH.DE543226C201437Z0Z_R	100.000	24	0	4.65e-09	48.1
M03520:605:000000000-LVNKY:1:1101:4616:9755;size=24	RH.51338FA06EDB4F0Z0Z_R	95.652	23	1	4.48e-06	38.2
M03520:605:000000000-LVNKY:1:1101:8868:25487;size=24	RH.0BD19D1A26A74EBZ0Z_R	100.000	24	0	4.65e-09	48.1
M03520:605:000000000-LVNKY:1:1101:8868:25487;size=24	RH.0BD19D1A26A74EBZ0Z_F	100.000	23	0	1.84e-08	46.1
M03520:605:000000000-LVNKY:1:1102:16438:15346;size=24	RH.85A5303CAAF54ADZ0Z_R	100.000	22	0	7.27e-08	44.1
M03520:605:000000000-LVNKY:1:1102:16438:15346;size=24	RH.85A5303CAAF54ADZ0Z_F	100.000	19	0	4.48e-06	38.2
M03520:605:000000000-LVNKY:1:1102:18988:23474;size=24	RH.0550AF0F57084ADZ0Z_F	100.000	24	0	4.65e-09	48.1
M03520:605:000000000-LVNKY:1:1102:18988:23474;size=24	RH.0550AF0F57084ADZ0Z_R	100.000	22	0	7.27e-08	44.1
M03520:605:000000000-LVNKY:1:1102:24393:7303;size=24	RH.85A5303CAAF54ADZ0Z_F	100.000	21	0	2.87e-07	42.1
M03520:605:000000000-LVNKY:1:1102:5865:13710;size=24	RH.517A9FBA2B494D5Z0Z_F	100.000	25	0	1.18e-09	50.1
M03520:605:000000000-LVNKY:1:1102:5865:13710;size=24	RH.517A9FBA2B494D5Z0Z_R	100.000	24	0	4.65e-09	48.1
M03520:605:000000000-LVNKY:1:1102:7838:21221;size=24	RH.0550AF0F57084ADZ0Z_F	100.000	24	0	4.65e-09	48.1
M03520:605:000000000-LVNKY:1:1102:7838:21221;size=24	RH.0550AF0F57084ADZ0Z_R	100.000	22	0	7.27e-08	44.1
M03520:605:000000000-LVNKY:1:1102:8020:7237;size=24	RH.85A5303CAAF54ADZ0Z_R	100.000	22	0	7.27e-08	44.1
M03520:605:000000000-LVNKY:1:1102:8020:7237;size=24	RH.85A5303CAAF54ADZ0Z_F	100.000	21	0	2.87e-07	42.1
M03520:605:000000000-LVNKY:1:1103:19119:5663;size=24	RH.B9EF730EBE6C436Z0Z_F	100.000	25	0	1.18e-09	50.1
M03520:605:000000000-LVNKY:1:1103:19119:5663;size=24	RH.B9EF730EBE6C436Z0Z_R	96.000	25	1	2.87e-07	42.1
M03520:605:000000000-LVNKY:1:1103:4242:12803;size=24	RH.85A5303CAAF54ADZ0Z_R	100.000	22	0	7.27e-08	44.1
M03520:605:000000000-LVNKY:1:1103:4242:12803;size=24	RH.85A5303CAAF54ADZ0Z_F	100.000	21	0	2.87e-07	42.1
M03520:605:000000000-LVNKY:1:1103:4288:10327;size=24	RH.0550AF0F57084ADZ0Z_F	100.000	24	0	4.65e-09	48.1
M03520:605:000000000-LVNKY:1:1103:4288:10327;size=24	RH.0550AF0F57084ADZ0Z_R	100.000	22	0	7.27e-08	44.1
M03520:605:000000000-LVNKY:1:1103:6173:6121;size=24	RH.B9EF730EBE6C436Z0Z_R	100.000	25	0	1.18e-09	50.1
M03520:605:000000000-LVNKY:1:1103:6173:6121;size=24	RH.B9EF730EBE6C436Z0Z_F	96.000	25	1	2.87e-07	42.1
M03520:605:000000000-LVNKY:1:1103:8007:17540;size=24	RH.7CE39E25906745AZ0Z_R	100.000	26	0	2.98e-10	52.0
M03520:605:000000000-LVNKY:1:1103:8007:17540;size=24	RH.7CE39E25906745AZ0Z_F	100.000	25	0	1.18e-09	50.1
M03520:605:000000000-LVNKY:1:1104:12297:14742;size=24	RH.85A5303CAAF54ADZ0Z_R	100.000	22	0	7.27e-08	44.1
M03520:605:000000000-LVNKY:1:1104:17176:24662;size=24	RH.0550AF0F57084ADZ0Z_F	100.000	24	0	4.65e-09	48.1
M03520:605:000000000-LVNKY:1:1104:17176:24662;size=24	RH.0550AF0F57084ADZ0Z_R	100.000	22	0	7.27e-08	44.1
M03520:605:000000000-LVNKY:1:1104:22457:15559;size=24	RH.27578A9A85FA4A3Z0Z_F	100.000	24	0	4.65e-09	48.1
M03520:605:000000000-LVNKY:1:1104:22457:15559;size=24	RH.27578A9A85FA4A3Z0Z_R	100.000	22	0	7.27e-08	44.1
M03520:605:000000000-LVNKY:1:1107:23280:5438;size=24	RH.DDB83AFF97C94C6Z0Z_R	100.000	25	0	1.18e-09	50.1
M03520:605:000000000-LVNKY:1:1101:10342:7382;size=23	RH.7CE39E25906745AZ0Z_R	100.000	26	0	2.98e-10	52.0
M03520:605:000000000-LVNKY:1:1101:10342:7382;size=23	RH.7CE39E25906745AZ0Z_F	100.000	25	0	1.18e-09	50.1
M03520:605:000000000-LVNKY:1:1101:10558:5658;size=23	RH.B9EF730EBE6C436Z0Z_R	100.000	25	0	1.18e-09	50.1
M03520:605:000000000-LVNKY:1:1101:10558:5658;size=23	RH.B9EF730EBE6C436Z0Z_F	100.000	25	0	1.18e-09	50.1
M03520:605:000000000-LVNKY:1:1101:12062:4803;size=23	RH.DDB83AFF97C94C6Z0Z_R	100.000	25	0	1.18e-09	50.1
M03520:605:000000000-LVNKY:1:1101:12062:4803;size=23	RH.DDB83AFF97C94C6Z0Z_F	100.000	24	0	4.65e-09	48.1
M03520:605:000000000-LVNKY:1:1101:13490:8618;size=23	RH.85A5303CAAF54ADZ0Z_R	100.000	22	0	7.27e-08	44.1
M03520:605:000000000-LVNKY:1:1101:13490:8618;size=23	RH.85A5303CAAF54ADZ0Z_F	100.000	21	0	2.87e-07	42.1
M03520:605:000000000-LVNKY:1:1101:14137:6441;size=23	RH.0096A141894D447Z0Z_F	100.000	24	0	4.65e-09	48.1
M03520:605:000000000-LVNKY:1:1101:14137:6441;size=23	RH.0096A141894D447Z0Z_R	100.000	21	0	2.87e-07	42.1
M03520:605:000000000-LVNKY:1:1101:14939:18104;size=23	RH.27578A9A85FA4A3Z0Z_F	100.000	24	0	4.65e-09	48.1
M03520:605:000000000-LVNKY:1:1101:14939:18104;size=23	RH.27578A9A85FA4A3Z0Z_R	100.000	22	0	7.27e-08	44.1
M03520:605:000000000-LVNKY:1:1101:16845:28673;size=23	RH.DDB83AFF97C94C6Z0Z_F	100.000	24	0	4.65e-09	48.1
M03520:605:000000000-LVNKY:1:1101:16845:28673;size=23	RH.DDB83AFF97C94C6Z0Z_R	96.000	25	1	2.87e-07	42.1
M03520:605:000000000-LVNKY:1:1101:19534:12671;size=23	RH.0096A141894D447Z0Z_F	100.000	24	0	4.65e-09	48.1
M03520:605:000000000-LVNKY:1:1101:19534:12671;size=23	RH.0096A141894D447Z0Z_R	100.000	21	0	2.87e-07	42.1
M03520:605:000000000-LVNKY:1:1101:19812:9161;size=23	RH.DDB83AFF97C94C6Z0Z_F	100.000	24	0	4.65e-09	48.1
M03520:605:000000000-LVNKY:1:1101:19812:9161;size=23	RH.6572108A164E48EZ0Z_R	96.000	25	1	2.87e-07	42.1
M03520:605:000000000-LVNKY:1:1101:19812:9161;size=23	RH.F7E3D42951B44CCZ0Z_F	100.000	21	0	2.87e-07	42.1
M03520:605:000000000-LVNKY:1:1101:21294:3225;size=23	RH.0BD19D1A26A74EBZ0Z_F	100.000	25	0	1.18e-09	50.1
M03520:605:000000000-LVNKY:1:1101:21294:3225;size=23	RH.0BD19D1A26A74EBZ0Z_R	100.000	24	0	4.65e-09	48.1
M03520:605:000000000-LVNKY:1:1101:21634:9571;size=23	RH.0BD19D1A26A74EBZ0Z_F	100.000	25	0	1.18e-09	50.1
M03520:605:000000000-LVNKY:1:1101:21634:9571;size=23	RH.0BD19D1A26A74EBZ0Z_R	100.000	24	0	4.65e-09	48.1
M03520:605:000000000-LVNKY:1:1101:23327:11566;size=23	RH.51338FA06EDB4F0Z0Z_R	100.000	25	0	1.18e-09	50.1
M03520:605:000000000-LVNKY:1:1101:23327:11566;size=23	RH.51338FA06EDB4F0Z0Z_F	100.000	23	0	1.84e-08	46.1
M03520:605:000000000-LVNKY:1:1101:23638:9815;size=23	RH.51338FA06EDB4F0Z0Z_R	100.000	25	0	1.18e-09	50.1
M03520:605:000000000-LVNKY:1:1101:23638:9815;size=23	RH.51338FA06EDB4F0Z0Z_F	100.000	25	0	1.18e-09	50.1
M03520:605:000000000-LVNKY:1:1101:25851:18043;size=23	RH.DDB83AFF97C94C6Z0Z_R	100.000	25	0	1.18e-09	50.1
M03520:605:000000000-LVNKY:1:1101:25851:18043;size=23	RH.DDB83AFF97C94C6Z0Z_F	100.000	24	0	4.65e-09	48.1
M03520:605:000000000-LVNKY:1:1101:28074:18597;size=23	RH.B9EF730EBE6C436Z0Z_R	100.000	25	0	1.18e-09	50.1
M03520:605:000000000-LVNKY:1:1101:28074:18597;size=23	RH.B9EF730EBE6C436Z0Z_F	100.000	25	0	1.18e-09	50.1
M03520:605:000000000-LVNKY:1:1101:28306:16139;size=23	RH.0550AF0F57084ADZ0Z_F	100.000	24	0	4.65e-09	48.1
M03520:605:000000000-LVNKY:1:1101:28306:16139;size=23	RH.0550AF0F57084ADZ0Z_R	100.000	22	0	7.27e-08	44.1
M03520:605:000000000-LVNKY:1:1101:28323:12177;size=23	RH.7CE39E25906745AZ0Z_R	100.000	26	0	2.98e-10	52.0
M03520:605:000000000-LVNKY:1:1101:28323:12177;size=23	RH.7CE39E25906745AZ0Z_F	100.000	25	0	1.18e-09	50.1
M03520:605:000000000-LVNKY:1:1101:29069:11398;size=23	RH.B9EF730EBE6C436Z0Z_R	100.000	25	0	1.18e-09	50.1
M03520:605:000000000-LVNKY:1:1101:29069:11398;size=23	RH.B9EF730EBE6C436Z0Z_F	100.000	25	0	1.18e-09	50.1
M03520:605:000000000-LVNKY:1:1101:4307:10614;size=23	RH.69CEA0AC39F4445Z0Z_R	100.000	23	0	1.84e-08	46.1
M03520:605:000000000-LVNKY:1:1101:5701:9700;size=23	RH.B9EF730EBE6C436Z0Z_R	100.000	25	0	1.18e-09	50.1
M03520:605:000000000-LVNKY:1:1101:5701:9700;size=23	RH.B9EF730EBE6C436Z0Z_F	100.000	25	0	1.18e-09	50.1
M03520:605:000000000-LVNKY:1:1101:7170:12341;size=23	RH.B9EF730EBE6C436Z0Z_F	100.000	25	0	1.18e-09	50.1
M03520:605:000000000-LVNKY:1:1101:7170:12341;size=23	RH.B9EF730EBE6C436Z0Z_R	96.000	25	1	2.87e-07	42.1
M03520:605:000000000-LVNKY:1:1101:7379:4314;size=23	RH.0BD19D1A26A74EBZ0Z_R	100.000	24	0	4.65e-09	48.1
M03520:605:000000000-LVNKY:1:1101:7379:4314;size=23	RH.0BD19D1A26A74EBZ0Z_F	100.000	22	0	7.27e-08	44.1
M03520:605:000000000-LVNKY:1:1101:7584:6094;size=23	RH.51338FA06EDB4F0Z0Z_F	100.000	25	0	1.18e-09	50.1
M03520:605:000000000-LVNKY:1:1101:7584:6094;size=23	RH.51338FA06EDB4F0Z0Z_R	96.000	25	1	2.87e-07	42.1
M03520:605:000000000-LVNKY:1:1101:7979:23853;size=23	RH.B9EF730EBE6C436Z0Z_F	100.000	25	0	1.18e-09	50.1
M03520:605:000000000-LVNKY:1:1101:7979:23853;size=23	RH.B9EF730EBE6C436Z0Z_R	100.000	24	0	4.65e-09	48.1
M03520:605:000000000-LVNKY:1:1102:12241:3813;size=23	RH.7CE39E25906745AZ0Z_R	100.000	26	0	2.98e-10	52.0
M03520:605:000000000-LVNKY:1:1102:12241:3813;size=23	RH.7CE39E25906745AZ0Z_F	100.000	25	0	1.18e-09	50.1
M03520:605:000000000-LVNKY:1:1102:12761:13773;size=23	RH.0096A141894D447Z0Z_F	100.000	24	0	4.65e-09	48.1
M03520:605:000000000-LVNKY:1:1102:12761:13773;size=23	RH.0096A141894D447Z0Z_R	100.000	21	0	2.87e-07	42.1
M03520:605:000000000-LVNKY:1:1102:19600:20749;size=23	RH.B9EF730EBE6C436Z0Z_R	100.000	25	0	1.18e-09	50.1
M03520:605:000000000-LVNKY:1:1102:19600:20749;size=23	RH.B9EF730EBE6C436Z0Z_F	100.000	25	0	1.18e-09	50.1
M03520:605:000000000-LVNKY:1:1102:23727:18331;size=23	RH.0BD19D1A26A74EBZ0Z_F	100.000	25	0	1.18e-09	50.1
M03520:605:000000000-LVNKY:1:1102:23727:18331;size=23	RH.0BD19D1A26A74EBZ0Z_R	95.833	24	1	1.13e-06	40.1
M03520:605:000000000-LVNKY:1:1102:25246:23050;size=23	RH.0BD19D1A26A74EBZ0Z_F	100.000	25	0	1.18e-09	50.1
M03520:605:000000000-LVNKY:1:1102:25246:23050;size=23	RH.0BD19D1A26A74EBZ0Z_R	95.833	24	1	1.13e-06	40.1
M03520:605:000000000-LVNKY:1:1102:25350:22621;size=23	RH.7CE39E25906745AZ0Z_R	100.000	26	0	2.98e-10	52.0
M03520:605:000000000-LVNKY:1:1102:25350:22621;size=23	RH.7CE39E25906745AZ0Z_F	100.000	25	0	1.18e-09	50.1
M03520:605:000000000-LVNKY:1:1102:3122:19181;size=23	RH.0550AF0F57084ADZ0Z_F	100.000	24	0	4.65e-09	48.1
M03520:605:000000000-LVNKY:1:1102:3122:19181;size=23	RH.0550AF0F57084ADZ0Z_R	100.000	22	0	7.27e-08	44.1
M03520:605:000000000-LVNKY:1:1103:17344:14645;size=23	RH.51338FA06EDB4F0Z0Z_F	100.000	25	0	1.18e-09	50.1
M03520:605:000000000-LVNKY:1:1103:17344:14645;size=23	RH.51338FA06EDB4F0Z0Z_R	100.000	25	0	1.18e-09	50.1
M03520:605:000000000-LVNKY:1:1103:8229:20340;size=23	RH.B9EF730EBE6C436Z0Z_R	100.000	25	0	1.18e-09	50.1
M03520:605:000000000-LVNKY:1:1103:8229:20340;size=23	RH.B9EF730EBE6C436Z0Z_F	100.000	25	0	1.18e-09	50.1
M03520:605:000000000-LVNKY:1:1104:14326:6259;size=23	RH.7CE39E25906745AZ0Z_R	100.000	26	0	2.98e-10	52.0
M03520:605:000000000-LVNKY:1:1104:14326:6259;size=23	RH.7CE39E25906745AZ0Z_F	100.000	25	0	1.18e-09	50.1
M03520:605:000000000-LVNKY:1:1104:17740:4312;size=23	RH.B9EF730EBE6C436Z0Z_R	100.000	25	0	1.18e-09	50.1
M03520:605:000000000-LVNKY:1:1104:17740:4312;size=23	RH.B9EF730EBE6C436Z0Z_F	100.000	25	0	1.18e-09	50.1
M03520:605:000000000-LVNKY:1:1104:18268:20981;size=23	RH.F91D2AE6F36440BZ0Z_F	100.000	23	0	1.84e-08	46.1
M03520:605:000000000-LVNKY:1:1104:18268:20981;size=23	RH.F91D2AE6F36440BZ0Z_R	100.000	22	0	7.27e-08	44.1
M03520:605:000000000-LVNKY:1:1104:20005:6197;size=23	RH.85A5303CAAF54ADZ0Z_F	100.000	21	0	2.87e-07	42.1
M03520:605:000000000-LVNKY:1:1104:22392:6516;size=23	RH.7CE39E25906745AZ0Z_R	100.000	26	0	2.98e-10	52.0
M03520:605:000000000-LVNKY:1:1104:22392:6516;size=23	RH.7CE39E25906745AZ0Z_F	100.000	25	0	1.18e-09	50.1
M03520:605:000000000-LVNKY:1:1105:13921:26052;size=23	RH.DDB83AFF97C94C6Z0Z_R	100.000	25	0	1.18e-09	50.1
M03520:605:000000000-LVNKY:1:1105:13921:26052;size=23	RH.DDB83AFF97C94C6Z0Z_F	100.000	24	0	4.65e-09	48.1
M03520:605:000000000-LVNKY:1:1106:12483:21363;size=23	RH.B9EF730EBE6C436Z0Z_R	100.000	25	0	1.18e-09	50.1
M03520:605:000000000-LVNKY:1:1106:12483:21363;size=23	RH.B9EF730EBE6C436Z0Z_F	100.000	25	0	1.18e-09	50.1
M03520:605:000000000-LVNKY:1:1101:10009:23469;size=22	RH.0096A141894D447Z0Z_F	100.000	24	0	4.65e-09	48.1
M03520:605:000000000-LVNKY:1:1101:10009:23469;size=22	RH.0096A141894D447Z0Z_R	100.000	21	0	2.87e-07	42.1
M03520:605:000000000-LVNKY:1:1101:12006:23145;size=22	RH.51338FA06EDB4F0Z0Z_R	100.000	25	0	1.18e-09	50.1
M03520:605:000000000-LVNKY:1:1101:12006:23145;size=22	RH.51338FA06EDB4F0Z0Z_F	96.000	25	1	2.87e-07	42.1
M03520:605:000000000-LVNKY:1:1101:13350:8529;size=22	RH.DDB83AFF97C94C6Z0Z_R	100.000	25	0	1.18e-09	50.1
M03520:605:000000000-LVNKY:1:1101:13350:8529;size=22	RH.DDB83AFF97C94C6Z0Z_F	100.000	24	0	4.65e-09	48.1
M03520:605:000000000-LVNKY:1:1101:14745:3982;size=22	RH.7CE39E25906745AZ0Z_R	100.000	26	0	2.98e-10	52.0
M03520:605:000000000-LVNKY:1:1101:14745:3982;size=22	RH.7CE39E25906745AZ0Z_F	100.000	22	0	7.27e-08	44.1
M03520:605:000000000-LVNKY:1:1101:16760:12076;size=22	RH.7CE39E25906745AZ0Z_R	100.000	26	0	2.98e-10	52.0
M03520:605:000000000-LVNKY:1:1101:16760:12076;size=22	RH.7CE39E25906745AZ0Z_F	100.000	25	0	1.18e-09	50.1
M03520:605:000000000-LVNKY:1:1101:17547:21409;size=22	RH.0096A141894D447Z0Z_F	100.000	24	0	4.65e-09	48.1
M03520:605:000000000-LVNKY:1:1101:17547:21409;size=22	RH.0096A141894D447Z0Z_R	100.000	21	0	2.87e-07	42.1
M03520:605:000000000-LVNKY:1:1101:17566:22537;size=22	RH.B9EF730EBE6C436Z0Z_F	100.000	25	0	1.18e-09	50.1
M03520:605:000000000-LVNKY:1:1101:17566:22537;size=22	RH.B9EF730EBE6C436Z0Z_R	96.000	25	1	2.87e-07	42.1
M03520:605:000000000-LVNKY:1:1101:17882:12019;size=22	RH.DDB83AFF97C94C6Z0Z_R	100.000	25	0	1.18e-09	50.1
M03520:605:000000000-LVNKY:1:1101:17882:12019;size=22	RH.DDB83AFF97C94C6Z0Z_F	100.000	24	0	4.65e-09	48.1
M03520:605:000000000-LVNKY:1:1101:18321:24219;size=22	RH.0096A141894D447Z0Z_F	100.000	24	0	4.65e-09	48.1
M03520:605:000000000-LVNKY:1:1101:18321:24219;size=22	RH.0096A141894D447Z0Z_R	100.000	21	0	2.87e-07	42.1
M03520:605:000000000-LVNKY:1:1101:18363:10947;size=22	RH.CA1E204B0C0842DZ0Z_F	100.000	26	0	2.98e-10	52.0
M03520:605:000000000-LVNKY:1:1101:18363:10947;size=22	RH.E04EE94198274F7Z0Z_F	100.000	25	0	1.18e-09	50.1
M03520:605:000000000-LVNKY:1:1101:18363:10947;size=22	RH.CA1E204B0C0842DZ0Z_R	100.000	24	0	4.65e-09	48.1
M03520:605:000000000-LVNKY:1:1101:19273:23654;size=22	RH.2A8AD21024974C0Z0Z_R	100.000	25	0	1.18e-09	50.1
M03520:605:000000000-LVNKY:1:1101:19273:23654;size=22	RH.0C6EF86AB29A422Z0Z_F	100.000	19	0	4.48e-06	38.2
M03520:605:000000000-LVNKY:1:1101:19737:5453;size=22	RH.B9EF730EBE6C436Z0Z_R	100.000	25	0	1.18e-09	50.1
M03520:605:000000000-LVNKY:1:1101:19737:5453;size=22	RH.B9EF730EBE6C436Z0Z_F	100.000	25	0	1.18e-09	50.1
M03520:605:000000000-LVNKY:1:1101:19843:7630;size=22	RH.51338FA06EDB4F0Z0Z_R	100.000	25	0	1.18e-09	50.1
M03520:605:000000000-LVNKY:1:1101:19843:7630;size=22	RH.51338FA06EDB4F0Z0Z_F	100.000	21	0	2.87e-07	42.1
M03520:605:000000000-LVNKY:1:1101:20137:5412;size=22	RH.B9EF730EBE6C436Z0Z_R	100.000	25	0	1.18e-09	50.1
M03520:605:000000000-LVNKY:1:1101:20137:5412;size=22	RH.B9EF730EBE6C436Z0Z_F	100.000	25	0	1.18e-09	50.1
M03520:605:000000000-LVNKY:1:1101:20161:10658;size=22	RH.DDB83AFF97C94C6Z0Z_R	100.000	25	0	1.18e-09	50.1
M03520:605:000000000-LVNKY:1:1101:20161:10658;size=22	RH.DDB83AFF97C94C6Z0Z_F	95.833	24	1	1.13e-06	40.1
M03520:605:000000000-LVNKY:1:1101:2113:12595;size=22	RH.B9EF730EBE6C436Z0Z_F	100.000	25	0	1.18e-09	50.1
M03520:605:000000000-LVNKY:1:1101:2113:12595;size=22	RH.B9EF730EBE6C436Z0Z_R	96.000	25	1	2.87e-07	42.1
M03520:605:000000000-LVNKY:1:1101:21259:21514;size=22	RH.9C70B4C9923B4A8Z0Z_F	100.000	23	0	1.84e-08	46.1
M03520:605:000000000-LVNKY:1:1101:21259:21514;size=22	RH.9C70B4C9923B4A8Z0Z_R	95.652	23	1	4.48e-06	38.2
M03520:605:000000000-LVNKY:1:1101:22059:26469;size=22	RH.B9EF730EBE6C436Z0Z_R	100.000	25	0	1.18e-09	50.1
M03520:605:000000000-LVNKY:1:1101:22059:26469;size=22	RH.B9EF730EBE6C436Z0Z_F	100.000	25	0	1.18e-09	50.1
M03520:605:000000000-LVNKY:1:1101:22337:27226;size=22	RH.0550AF0F57084ADZ0Z_F	100.000	24	0	4.65e-09	48.1
M03520:605:000000000-LVNKY:1:1101:22337:27226;size=22	RH.0550AF0F57084ADZ0Z_R	100.000	22	0	7.27e-08	44.1
M03520:605:000000000-LVNKY:1:1101:24033:22876;size=22	RH.E4C34C29ADFB490Z0Z_R	100.000	23	0	1.84e-08	46.1
M03520:605:000000000-LVNKY:1:1101:24033:22876;size=22	RH.E4C34C29ADFB490Z0Z_F	100.000	22	0	7.27e-08	44.1
M03520:605:000000000-LVNKY:1:1101:24968:14770;size=22	RH.0BD19D1A26A74EBZ0Z_F	100.000	25	0	1.18e-09	50.1
M03520:605:000000000-LVNKY:1:1101:24968:14770;size=22	RH.0BD19D1A26A74EBZ0Z_R	100.000	24	0	4.65e-09	48.1
M03520:605:000000000-LVNKY:1:1101:2877:13502;size=22	RH.0BD19D1A26A74EBZ0Z_F	100.000	25	0	1.18e-09	50.1
M03520:605:000000000-LVNKY:1:1101:2877:13502;size=22	RH.0BD19D1A26A74EBZ0Z_R	100.000	23	0	1.84e-08	46.1
M03520:605:000000000-LVNKY:1:1101:3359:20138;size=22	RH.85A5303CAAF54ADZ0Z_R	100.000	22	0	7.27e-08	44.1
M03520:605:000000000-LVNKY:1:1101:3359:20138;size=22	RH.85A5303CAAF54ADZ0Z_F	100.000	21	0	2.87e-07	42.1
M03520:605:000000000-LVNKY:1:1101:3891:21950;size=22	RH.1C17A84686A7401Z0Z_F	100.000	24	0	4.65e-09	48.1
M03520:605:000000000-LVNKY:1:1101:4841:22930;size=22	RH.0096A141894D447Z0Z_F	100.000	24	0	4.65e-09	48.1
M03520:605:000000000-LVNKY:1:1101:5333:9477;size=22	RH.0BD19D1A26A74EBZ0Z_F	100.000	25	0	1.18e-09	50.1
M03520:605:000000000-LVNKY:1:1101:5333:9477;size=22	RH.0BD19D1A26A74EBZ0Z_R	100.000	24	0	4.65e-09	48.1
M03520:605:000000000-LVNKY:1:1101:6389:7718;size=22	RH.BB24C5C404164F1Z0Z_R	100.000	23	0	1.84e-08	46.1
M03520:605:000000000-LVNKY:1:1101:6389:7718;size=22	RH.BB24C5C404164F1Z0Z_F	100.000	22	0	7.27e-08	44.1
M03520:605:000000000-LVNKY:1:1101:7133:4772;size=22	RH.7CE39E25906745AZ0Z_R	100.000	26	0	2.98e-10	52.0
M03520:605:000000000-LVNKY:1:1101:7133:4772;size=22	RH.7CE39E25906745AZ0Z_F	100.000	25	0	1.18e-09	50.1
M03520:605:000000000-LVNKY:1:1101:8067:3792;size=22	RH.B9EF730EBE6C436Z0Z_F	100.000	25	0	1.18e-09	50.1
M03520:605:000000000-LVNKY:1:1101:8067:3792;size=22	RH.B9EF730EBE6C436Z0Z_R	96.000	25	1	2.87e-07	42.1
M03520:605:000000000-LVNKY:1:1101:8082:19109;size=22	RH.51338FA06EDB4F0Z0Z_F	100.000	25	0	1.18e-09	50.1
M03520:605:000000000-LVNKY:1:1101:8082:19109;size=22	RH.51338FA06EDB4F0Z0Z_R	100.000	25	0	1.18e-09	50.1
M03520:605:000000000-LVNKY:1:1101:9523:17898;size=22	RH.7CE39E25906745AZ0Z_R	100.000	26	0	2.98e-10	52.0
M03520:605:000000000-LVNKY:1:1101:9523:17898;size=22	RH.7CE39E25906745AZ0Z_F	100.000	21	0	2.87e-07	42.1
M03520:605:000000000-LVNKY:1:1102:10338:27786;size=22	RH.51338FA06EDB4F0Z0Z_R	100.000	25	0	1.18e-09	50.1
M03520:605:000000000-LVNKY:1:1102:10338:27786;size=22	RH.51338FA06EDB4F0Z0Z_F	100.000	25	0	1.18e-09	50.1
M03520:605:000000000-LVNKY:1:1102:10457:22079;size=22	RH.85A5303CAAF54ADZ0Z_F	100.000	21	0	2.87e-07	42.1
M03520:605:000000000-LVNKY:1:1102:13164:5022;size=22	RH.DDB83AFF97C94C6Z0Z_R	100.000	25	0	1.18e-09	50.1
M03520:605:000000000-LVNKY:1:1102:13164:5022;size=22	RH.DDB83AFF97C94C6Z0Z_F	100.000	24	0	4.65e-09	48.1
M03520:605:000000000-LVNKY:1:1102:13293:12105;size=22	RH.DDB83AFF97C94C6Z0Z_R	100.000	25	0	1.18e-09	50.1
M03520:605:000000000-LVNKY:1:1102:13293:12105;size=22	RH.DDB83AFF97C94C6Z0Z_F	100.000	24	0	4.65e-09	48.1
M03520:605:000000000-LVNKY:1:1102:13684:12381;size=22	RH.0550AF0F57084ADZ0Z_F	100.000	24	0	4.65e-09	48.1
M03520:605:000000000-LVNKY:1:1102:13684:12381;size=22	RH.0550AF0F57084ADZ0Z_R	100.000	22	0	7.27e-08	44.1
M03520:605:000000000-LVNKY:1:1102:14601:24019;size=22	RH.0096A141894D447Z0Z_F	100.000	24	0	4.65e-09	48.1
M03520:605:000000000-LVNKY:1:1102:19667:10227;size=22	RH.0BD19D1A26A74EBZ0Z_F	100.000	25	0	1.18e-09	50.1
M03520:605:000000000-LVNKY:1:1102:19667:10227;size=22	RH.0BD19D1A26A74EBZ0Z_R	100.000	24	0	4.65e-09	48.1
M03520:605:000000000-LVNKY:1:1102:21079:20867;size=22	RH.B9EF730EBE6C436Z0Z_F	100.000	25	0	1.18e-09	50.1
M03520:605:000000000-LVNKY:1:1102:21079:20867;size=22	RH.B9EF730EBE6C436Z0Z_R	96.000	25	1	2.87e-07	42.1
M03520:605:000000000-LVNKY:1:1102:23064:10331;size=22	RH.85A5303CAAF54ADZ0Z_R	100.000	22	0	7.27e-08	44.1
M03520:605:000000000-LVNKY:1:1102:23064:10331;size=22	RH.85A5303CAAF54ADZ0Z_F	100.000	21	0	2.87e-07	42.1
M03520:605:000000000-LVNKY:1:1102:23579:11004;size=22	RH.DDB83AFF97C94C6Z0Z_R	100.000	25	0	1.18e-09	50.1
M03520:605:000000000-LVNKY:1:1102:23579:11004;size=22	RH.DDB83AFF97C94C6Z0Z_F	95.833	24	1	1.13e-06	40.1
M03520:605:000000000-LVNKY:1:1102:27502:11478;size=22	RH.B9EF730EBE6C436Z0Z_R	100.000	25	0	1.18e-09	50.1
M03520:605:000000000-LVNKY:1:1102:27502:11478;size=22	RH.B9EF730EBE6C436Z0Z_F	100.000	25	0	1.18e-09	50.1
M03520:605:000000000-LVNKY:1:1102:2872:18004;size=22	RH.27578A9A85FA4A3Z0Z_F	100.000	24	0	4.65e-09	48.1
M03520:605:000000000-LVNKY:1:1102:2872:18004;size=22	RH.27578A9A85FA4A3Z0Z_R	100.000	22	0	7.27e-08	44.1
M03520:605:000000000-LVNKY:1:1102:8184:4924;size=22	RH.0BD19D1A26A74EBZ0Z_F	100.000	25	0	1.18e-09	50.1
M03520:605:000000000-LVNKY:1:1102:8184:4924;size=22	RH.0BD19D1A26A74EBZ0Z_R	95.833	24	1	1.13e-06	40.1
M03520:605:000000000-LVNKY:1:1102:9311:3296;size=22	RH.0096A141894D447Z0Z_F	100.000	24	0	4.65e-09	48.1
M03520:605:000000000-LVNKY:1:1102:9311:3296;size=22	RH.0096A141894D447Z0Z_R	100.000	21	0	2.87e-07	42.1
M03520:605:000000000-LVNKY:1:1102:9406:16964;size=22	RH.0096A141894D447Z0Z_F	100.000	24	0	4.65e-09	48.1
M03520:605:000000000-LVNKY:1:1103:16095:21315;size=22	RH.DDB83AFF97C94C6Z0Z_R	100.000	25	0	1.18e-09	50.1
M03520:605:000000000-LVNKY:1:1103:16095:21315;size=22	RH.DDB83AFF97C94C6Z0Z_F	100.000	24	0	4.65e-09	48.1
M03520:605:000000000-LVNKY:1:1103:17783:4959;size=22	RH.DDB83AFF97C94C6Z0Z_R	100.000	25	0	1.18e-09	50.1
M03520:605:000000000-LVNKY:1:1103:17783:4959;size=22	RH.DDB83AFF97C94C6Z0Z_F	100.000	23	0	1.84e-08	46.1
M03520:605:000000000-LVNKY:1:1103:25694:9870;size=22	RH.27578A9A85FA4A3Z0Z_F	100.000	24	0	4.65e-09	48.1
M03520:605:000000000-LVNKY:1:1104:13061:6732;size=22	RH.0096A141894D447Z0Z_F	100.000	24	0	4.65e-09	48.1
M03520:605:000000000-LVNKY:1:1104:13061:6732;size=22	RH.0096A141894D447Z0Z_R	100.000	21	0	2.87e-07	42.1
M03520:605:000000000-LVNKY:1:1104:22250:6746;size=22	RH.0096A141894D447Z0Z_F	100.000	24	0	4.65e-09	48.1
M03520:605:000000000-LVNKY:1:1104:24685:13304;size=22	RH.7CE39E25906745AZ0Z_R	100.000	26	0	2.98e-10	52.0
M03520:605:000000000-LVNKY:1:1104:24685:13304;size=22	RH.7CE39E25906745AZ0Z_F	100.000	25	0	1.18e-09	50.1
M03520:605:000000000-LVNKY:1:1108:10590:12563;size=22	RH.0096A141894D447Z0Z_F	100.000	24	0	4.65e-09	48.1
M03520:605:000000000-LVNKY:1:1108:10590:12563;size=22	RH.0096A141894D447Z0Z_R	100.000	21	0	2.87e-07	42.1
M03520:605:000000000-LVNKY:1:1101:12003:14309;size=21	RH.E4A8B94D0D174D9Z0Z_F	100.000	24	0	4.65e-09	48.1
M03520:605:000000000-LVNKY:1:1101:12073:14609;size=21	RH.B9EF730EBE6C436Z0Z_R	100.000	25	0	1.18e-09	50.1
M03520:605:000000000-LVNKY:1:1101:12073:14609;size=21	RH.B9EF730EBE6C436Z0Z_F	96.000	25	1	2.87e-07	42.1
M03520:605:000000000-LVNKY:1:1101:12863:27292;size=21	RH.B9EF730EBE6C436Z0Z_R	100.000	25	0	1.18e-09	50.1
M03520:605:000000000-LVNKY:1:1101:12863:27292;size=21	RH.B9EF730EBE6C436Z0Z_F	100.000	25	0	1.18e-09	50.1
M03520:605:000000000-LVNKY:1:1101:14454:28262;size=21	RH.0BD19D1A26A74EBZ0Z_F	100.000	25	0	1.18e-09	50.1
M03520:605:000000000-LVNKY:1:1101:14454:28262;size=21	RH.0BD19D1A26A74EBZ0Z_R	100.000	24	0	4.65e-09	48.1
M03520:605:000000000-LVNKY:1:1101:14629:18654;size=21	RH.0BD19D1A26A74EBZ0Z_F	100.000	25	0	1.18e-09	50.1
M03520:605:000000000-LVNKY:1:1101:14629:18654;size=21	RH.0BD19D1A26A74EBZ0Z_R	100.000	24	0	4.65e-09	48.1
M03520:605:000000000-LVNKY:1:1101:16298:23057;size=21	RH.85A5303CAAF54ADZ0Z_R	100.000	22	0	7.27e-08	44.1
M03520:605:000000000-LVNKY:1:1101:16298:23057;size=21	RH.85A5303CAAF54ADZ0Z_F	100.000	21	0	2.87e-07	42.1
M03520:605:000000000-LVNKY:1:1101:18444:14169;size=21	RH.DDB83AFF97C94C6Z0Z_F	100.000	24	0	4.65e-09	48.1
M03520:605:000000000-LVNKY:1:1101:18444:14169;size=21	RH.DDB83AFF97C94C6Z0Z_R	96.000	25	1	2.87e-07	42.1
M03520:605:000000000-LVNKY:1:1101:18453:7237;size=21	RH.7CE39E25906745AZ0Z_R	100.000	26	0	2.98e-10	52.0
M03520:605:000000000-LVNKY:1:1101:18453:7237;size=21	RH.7CE39E25906745AZ0Z_F	100.000	25	0	1.18e-09	50.1
M03520:605:000000000-LVNKY:1:1101:18532:11080;size=21	RH.0BD19D1A26A74EBZ0Z_F	100.000	25	0	1.18e-09	50.1
M03520:605:000000000-LVNKY:1:1101:19370:24261;size=21	RH.0BD19D1A26A74EBZ0Z_F	100.000	25	0	1.18e-09	50.1
M03520:605:000000000-LVNKY:1:1101:19370:24261;size=21	RH.0BD19D1A26A74EBZ0Z_R	100.000	24	0	4.65e-09	48.1
M03520:605:000000000-LVNKY:1:1101:20271:24446;size=21	RH.DDB83AFF97C94C6Z0Z_R	100.000	25	0	1.18e-09	50.1
M03520:605:000000000-LVNKY:1:1101:20271:24446;size=21	RH.DDB83AFF97C94C6Z0Z_F	100.000	24	0	4.65e-09	48.1
M03520:605:000000000-LVNKY:1:1101:20485:8601;size=21	RH.0096A141894D447Z0Z_F	100.000	24	0	4.65e-09	48.1
M03520:605:000000000-LVNKY:1:1101:20485:8601;size=21	RH.0096A141894D447Z0Z_R	100.000	21	0	2.87e-07	42.1
M03520:605:000000000-LVNKY:1:1101:22407:22452;size=21	RH.F7E3D42951B44CCZ0Z_R	100.000	22	0	7.27e-08	44.1
M03520:605:000000000-LVNKY:1:1101:22407:22452;size=21	RH.F7E3D42951B44CCZ0Z_F	100.000	21	0	2.87e-07	42.1
M03520:605:000000000-LVNKY:1:1101:23532:11016;size=21	RH.DDB83AFF97C94C6Z0Z_R	100.000	25	0	1.18e-09	50.1
M03520:605:000000000-LVNKY:1:1101:23532:11016;size=21	RH.DDB83AFF97C94C6Z0Z_F	95.833	24	1	1.13e-06	40.1
M03520:605:000000000-LVNKY:1:1101:26534:15736;size=21	RH.85A5303CAAF54ADZ0Z_R	100.000	22	0	7.27e-08	44.1
M03520:605:000000000-LVNKY:1:1101:26534:15736;size=21	RH.85A5303CAAF54ADZ0Z_F	100.000	21	0	2.87e-07	42.1
M03520:605:000000000-LVNKY:1:1101:28316:17653;size=21	RH.0BD19D1A26A74EBZ0Z_F	100.000	25	0	1.18e-09	50.1
M03520:605:000000000-LVNKY:1:1101:28316:17653;size=21	RH.0BD19D1A26A74EBZ0Z_R	100.000	24	0	4.65e-09	48.1
M03520:605:000000000-LVNKY:1:1101:5835:18922;size=21	RH.B9EF730EBE6C436Z0Z_R	100.000	25	0	1.18e-09	50.1
M03520:605:000000000-LVNKY:1:1101:5835:18922;size=21	RH.B9EF730EBE6C436Z0Z_F	100.000	25	0	1.18e-09	50.1
M03520:605:000000000-LVNKY:1:1101:6201:14770;size=21	RH.0BD19D1A26A74EBZ0Z_R	100.000	24	0	4.65e-09	48.1
M03520:605:000000000-LVNKY:1:1101:6201:14770;size=21	RH.0BD19D1A26A74EBZ0Z_F	96.000	25	1	2.87e-07	42.1
M03520:605:000000000-LVNKY:1:1101:7928:12302;size=21	RH.7CE39E25906745AZ0Z_R	100.000	26	0	2.98e-10	52.0
M03520:605:000000000-LVNKY:1:1101:7928:12302;size=21	RH.7CE39E25906745AZ0Z_F	100.000	25	0	1.18e-09	50.1
M03520:605:000000000-LVNKY:1:1101:8806:23499;size=21	RH.7CE39E25906745AZ0Z_R	100.000	26	0	2.98e-10	52.0
M03520:605:000000000-LVNKY:1:1101:8806:23499;size=21	RH.7CE39E25906745AZ0Z_F	100.000	25	0	1.18e-09	50.1
M03520:605:000000000-LVNKY:1:1101:9506:19918;size=21	RH.7CE39E25906745AZ0Z_R	100.000	26	0	2.98e-10	52.0
M03520:605:000000000-LVNKY:1:1101:9506:19918;size=21	RH.7CE39E25906745AZ0Z_F	100.000	25	0	1.18e-09	50.1
M03520:605:000000000-LVNKY:1:1102:10080:13936;size=21	RH.2A8AD21024974C0Z0Z_F	100.000	26	0	2.98e-10	52.0
M03520:605:000000000-LVNKY:1:1102:10080:13936;size=21	RH.2A8AD21024974C0Z0Z_R	100.000	25	0	1.18e-09	50.1
M03520:605:000000000-LVNKY:1:1102:11955:19166;size=21	RH.DDB83AFF97C94C6Z0Z_R	100.000	25	0	1.18e-09	50.1
M03520:605:000000000-LVNKY:1:1102:11955:19166;size=21	RH.DDB83AFF97C94C6Z0Z_F	95.833	24	1	1.13e-06	40.1
M03520:605:000000000-LVNKY:1:1102:13201:28448;size=21	RH.85A5303CAAF54ADZ0Z_R	100.000	22	0	7.27e-08	44.1
M03520:605:000000000-LVNKY:1:1102:13201:28448;size=21	RH.85A5303CAAF54ADZ0Z_F	100.000	21	0	2.87e-07	42.1
M03520:605:000000000-LVNKY:1:1102:13617:3160;size=21	RH.DDB83AFF97C94C6Z0Z_R	100.000	25	0	1.18e-09	50.1
M03520:605:000000000-LVNKY:1:1102:13617:3160;size=21	RH.DDB83AFF97C94C6Z0Z_F	100.000	24	0	4.65e-09	48.1
M03520:605:000000000-LVNKY:1:1102:14418:5920;size=21	RH.DDB83AFF97C94C6Z0Z_R	100.000	25	0	1.18e-09	50.1
M03520:605:000000000-LVNKY:1:1102:14418:5920;size=21	RH.DDB83AFF97C94C6Z0Z_F	100.000	24	0	4.65e-09	48.1
M03520:605:000000000-LVNKY:1:1102:15516:15092;size=21	RH.DDB83AFF97C94C6Z0Z_R	100.000	25	0	1.18e-09	50.1
M03520:605:000000000-LVNKY:1:1102:15516:15092;size=21	RH.DDB83AFF97C94C6Z0Z_F	100.000	24	0	4.65e-09	48.1
M03520:605:000000000-LVNKY:1:1102:20744:6258;size=21	RH.B9EF730EBE6C436Z0Z_R	100.000	25	0	1.18e-09	50.1
M03520:605:000000000-LVNKY:1:1102:20744:6258;size=21	RH.B9EF730EBE6C436Z0Z_F	100.000	21	0	2.87e-07	42.1
M03520:605:000000000-LVNKY:1:1102:22555:12620;size=21	RH.85A5303CAAF54ADZ0Z_R	100.000	22	0	7.27e-08	44.1
M03520:605:000000000-LVNKY:1:1102:24404:20924;size=21	RH.0096A141894D447Z0Z_F	100.000	22	0	7.27e-08	44.1
M03520:605:000000000-LVNKY:1:1102:24404:20924;size=21	RH.0096A141894D447Z0Z_R	100.000	21	0	2.87e-07	42.1
M03520:605:000000000-LVNKY:1:1102:26149:22500;size=21	RH.DDB83AFF97C94C6Z0Z_R	100.000	25	0	1.18e-09	50.1
M03520:605:000000000-LVNKY:1:1102:26149:22500;size=21	RH.DDB83AFF97C94C6Z0Z_F	100.000	24	0	4.65e-09	48.1
M03520:605:000000000-LVNKY:1:1102:26149:22500;size=21	RH.AB03371A973C4B1Z0Z_F	100.000	20	0	1.13e-06	40.1
M03520:605:000000000-LVNKY:1:1102:3635:14131;size=21	RH.85A5303CAAF54ADZ0Z_R	100.000	22	0	7.27e-08	44.1
M03520:605:000000000-LVNKY:1:1102:3635:14131;size=21	RH.85A5303CAAF54ADZ0Z_F	100.000	21	0	2.87e-07	42.1
M03520:605:000000000-LVNKY:1:1102:5257:7021;size=21	RH.51338FA06EDB4F0Z0Z_R	100.000	25	0	1.18e-09	50.1
M03520:605:000000000-LVNKY:1:1102:5257:7021;size=21	RH.51338FA06EDB4F0Z0Z_F	100.000	25	0	1.18e-09	50.1
M03520:605:000000000-LVNKY:1:1102:7187:20287;size=21	RH.7CE39E25906745AZ0Z_F	100.000	25	0	1.18e-09	50.1
M03520:605:000000000-LVNKY:1:1102:7187:20287;size=21	RH.7CE39E25906745AZ0Z_R	96.154	26	1	7.27e-08	44.1
M03520:605:000000000-LVNKY:1:1102:8843:16952;size=21	RH.2A8AD21024974C0Z0Z_R	100.000	25	0	1.18e-09	50.1
M03520:605:000000000-LVNKY:1:1102:8843:16952;size=21	RH.2A8AD21024974C0Z0Z_F	100.000	24	0	4.65e-09	48.1
M03520:605:000000000-LVNKY:1:1103:15635:12065;size=21	RH.7CE39E25906745AZ0Z_F	100.000	25	0	1.18e-09	50.1
M03520:605:000000000-LVNKY:1:1103:15635:12065;size=21	RH.7CE39E25906745AZ0Z_R	96.154	26	1	7.27e-08	44.1
M03520:605:000000000-LVNKY:1:1103:16390:8489;size=21	RH.B9EF730EBE6C436Z0Z_R	100.000	25	0	1.18e-09	50.1
M03520:605:000000000-LVNKY:1:1103:16390:8489;size=21	RH.B9EF730EBE6C436Z0Z_F	100.000	25	0	1.18e-09	50.1
M03520:605:000000000-LVNKY:1:1103:21560:5170;size=21	RH.B9EF730EBE6C436Z0Z_F	100.000	25	0	1.18e-09	50.1
M03520:605:000000000-LVNKY:1:1103:21560:5170;size=21	RH.B9EF730EBE6C436Z0Z_R	96.000	25	1	2.87e-07	42.1
M03520:605:000000000-LVNKY:1:1103:23835:16777;size=21	RH.7CE39E25906745AZ0Z_R	100.000	26	0	2.98e-10	52.0
M03520:605:000000000-LVNKY:1:1103:24342:16424;size=21	RH.7CE39E25906745AZ0Z_F	100.000	25	0	1.18e-09	50.1
M03520:605:000000000-LVNKY:1:1103:24342:16424;size=21	RH.7CE39E25906745AZ0Z_R	96.154	26	1	7.27e-08	44.1
M03520:605:000000000-LVNKY:1:1103:5392:16428;size=21	RH.27578A9A85FA4A3Z0Z_F	100.000	24	0	4.65e-09	48.1
M03520:605:000000000-LVNKY:1:1103:5392:16428;size=21	RH.27578A9A85FA4A3Z0Z_R	100.000	22	0	7.27e-08	44.1
M03520:605:000000000-LVNKY:1:1103:8534:10194;size=21	RH.85A5303CAAF54ADZ0Z_R	100.000	22	0	7.27e-08	44.1
M03520:605:000000000-LVNKY:1:1103:8534:10194;size=21	RH.85A5303CAAF54ADZ0Z_F	100.000	21	0	2.87e-07	42.1
M03520:605:000000000-LVNKY:1:1103:8543:5748;size=21	RH.0550AF0F57084ADZ0Z_F	100.000	24	0	4.65e-09	48.1
M03520:605:000000000-LVNKY:1:1103:8543:5748;size=21	RH.0550AF0F57084ADZ0Z_R	100.000	22	0	7.27e-08	44.1
M03520:605:000000000-LVNKY:1:1104:28379:20481;size=21	RH.E4A8B94D0D174D9Z0Z_F	100.000	24	0	4.65e-09	48.1
M03520:605:000000000-LVNKY:1:1104:28379:20481;size=21	RH.E4A8B94D0D174D9Z0Z_R	95.833	24	1	1.13e-06	40.1
M03520:605:000000000-LVNKY:1:1104:7372:19137;size=21	RH.0096A141894D447Z0Z_F	100.000	24	0	4.65e-09	48.1
M03520:605:000000000-LVNKY:1:1104:7372:19137;size=21	RH.0096A141894D447Z0Z_R	100.000	21	0	2.87e-07	42.1
M03520:605:000000000-LVNKY:1:1108:26358:10284;size=21	RH.2A8AD21024974C0Z0Z_R	100.000	25	0	1.18e-09	50.1
M03520:605:000000000-LVNKY:1:1101:10958:10959;size=20	RH.27578A9A85FA4A3Z0Z_R	100.000	22	0	7.27e-08	44.1
M03520:605:000000000-LVNKY:1:1101:11142:18335;size=20	RH.0096A141894D447Z0Z_F	100.000	24	0	4.65e-09	48.1
M03520:605:000000000-LVNKY:1:1101:11142:18335;size=20	RH.0096A141894D447Z0Z_R	100.000	21	0	2.87e-07	42.1
M03520:605:000000000-LVNKY:1:1101:11432:10462;size=20	RH.B9EF730EBE6C436Z0Z_R	100.000	25	0	1.18e-09	50.1
M03520:605:000000000-LVNKY:1:1101:11432:10462;size=20	RH.B9EF730EBE6C436Z0Z_F	100.000	25	0	1.18e-09	50.1
M03520:605:000000000-LVNKY:1:1101:11898:27892;size=20	RH.27578A9A85FA4A3Z0Z_F	100.000	24	0	4.65e-09	48.1
M03520:605:000000000-LVNKY:1:1101:11898:27892;size=20	RH.27578A9A85FA4A3Z0Z_R	100.000	22	0	7.27e-08	44.1
M03520:605:000000000-LVNKY:1:1101:12783:24952;size=20	RH.2A8AD21024974C0Z0Z_F	100.000	26	0	2.98e-10	52.0
M03520:605:000000000-LVNKY:1:1101:12783:24952;size=20	RH.2A8AD21024974C0Z0Z_R	100.000	25	0	1.18e-09	50.1
M03520:605:000000000-LVNKY:1:1101:12857:18425;size=20	RH.51338FA06EDB4F0Z0Z_R	100.000	25	0	1.18e-09	50.1
M03520:605:000000000-LVNKY:1:1101:12857:18425;size=20	RH.51338FA06EDB4F0Z0Z_F	96.000	25	1	2.87e-07	42.1
M03520:605:000000000-LVNKY:1:1101:13087:15736;size=20	RH.27578A9A85FA4A3Z0Z_R	100.000	22	0	7.27e-08	44.1
M03520:605:000000000-LVNKY:1:1101:13087:15736;size=20	RH.27578A9A85FA4A3Z0Z_F	95.833	24	1	1.13e-06	40.1
M03520:605:000000000-LVNKY:1:1101:13407:15377;size=20	RH.DDB83AFF97C94C6Z0Z_F	100.000	24	0	4.65e-09	48.1
M03520:605:000000000-LVNKY:1:1101:13407:15377;size=20	RH.DDB83AFF97C94C6Z0Z_R	96.000	25	1	2.87e-07	42.1
M03520:605:000000000-LVNKY:1:1101:13646:11072;size=20	RH.DDB83AFF97C94C6Z0Z_R	100.000	25	0	1.18e-09	50.1
M03520:605:000000000-LVNKY:1:1101:13646:11072;size=20	RH.DDB83AFF97C94C6Z0Z_F	100.000	24	0	4.65e-09	48.1
M03520:605:000000000-LVNKY:1:1101:14031:19082;size=20	RH.B9EF730EBE6C436Z0Z_R	100.000	25	0	1.18e-09	50.1
M03520:605:000000000-LVNKY:1:1101:14031:19082;size=20	RH.B9EF730EBE6C436Z0Z_F	100.000	25	0	1.18e-09	50.1
M03520:605:000000000-LVNKY:1:1101:14037:2583;size=20	RH.DDB83AFF97C94C6Z0Z_R	100.000	25	0	1.18e-09	50.1
M03520:605:000000000-LVNKY:1:1101:14037:2583;size=20	RH.DDB83AFF97C94C6Z0Z_F	100.000	24	0	4.65e-09	48.1
M03520:605:000000000-LVNKY:1:1101:14473:10273;size=20	RH.7CE39E25906745AZ0Z_F	100.000	25	0	1.18e-09	50.1
M03520:605:000000000-LVNKY:1:1101:14473:10273;size=20	RH.7CE39E25906745AZ0Z_R	96.154	26	1	7.27e-08	44.1
M03520:605:000000000-LVNKY:1:1101:15493:6810;size=20	RH.7CE39E25906745AZ0Z_R	100.000	26	0	2.98e-10	52.0
M03520:605:000000000-LVNKY:1:1101:15493:6810;size=20	RH.7CE39E25906745AZ0Z_F	100.000	21	0	2.87e-07	42.1
M03520:605:000000000-LVNKY:1:1101:18550:16664;size=20	RH.7CE39E25906745AZ0Z_R	100.000	26	0	2.98e-10	52.0
M03520:605:000000000-LVNKY:1:1101:18550:16664;size=20	RH.7CE39E25906745AZ0Z_F	100.000	25	0	1.18e-09	50.1
M03520:605:000000000-LVNKY:1:1101:19306:18442;size=20	RH.27578A9A85FA4A3Z0Z_F	100.000	24	0	4.65e-09	48.1
M03520:605:000000000-LVNKY:1:1101:19306:18442;size=20	RH.27578A9A85FA4A3Z0Z_R	100.000	22	0	7.27e-08	44.1
M03520:605:000000000-LVNKY:1:1101:20232:20936;size=20	RH.7CE39E25906745AZ0Z_F	100.000	25	0	1.18e-09	50.1
M03520:605:000000000-LVNKY:1:1101:20232:20936;size=20	RH.7CE39E25906745AZ0Z_R	96.154	26	1	7.27e-08	44.1
M03520:605:000000000-LVNKY:1:1101:20407:6846;size=20	RH.7CE39E25906745AZ0Z_R	100.000	26	0	2.98e-10	52.0
M03520:605:000000000-LVNKY:1:1101:20407:6846;size=20	RH.7CE39E25906745AZ0Z_F	100.000	25	0	1.18e-09	50.1
M03520:605:000000000-LVNKY:1:1101:20486:26174;size=20	RH.B9EF730EBE6C436Z0Z_R	100.000	25	0	1.18e-09	50.1
M03520:605:000000000-LVNKY:1:1101:20486:26174;size=20	RH.B9EF730EBE6C436Z0Z_F	100.000	22	0	7.27e-08	44.1
M03520:605:000000000-LVNKY:1:1101:21267:24116;size=20	RH.51338FA06EDB4F0Z0Z_F	100.000	25	0	1.18e-09	50.1
M03520:605:000000000-LVNKY:1:1101:21267:24116;size=20	RH.51338FA06EDB4F0Z0Z_R	100.000	25	0	1.18e-09	50.1
M03520:605:000000000-LVNKY:1:1101:22326:15141;size=20	RH.DDB83AFF97C94C6Z0Z_R	100.000	25	0	1.18e-09	50.1
M03520:605:000000000-LVNKY:1:1101:22326:15141;size=20	RH.DDB83AFF97C94C6Z0Z_F	100.000	24	0	4.65e-09	48.1
M03520:605:000000000-LVNKY:1:1101:2247:17289;size=20	RH.B9EF730EBE6C436Z0Z_F	100.000	25	0	1.18e-09	50.1
M03520:605:000000000-LVNKY:1:1101:2247:17289;size=20	RH.B9EF730EBE6C436Z0Z_R	100.000	25	0	1.18e-09	50.1
M03520:605:000000000-LVNKY:1:1101:22858:17263;size=20	RH.0BD19D1A26A74EBZ0Z_F	100.000	25	0	1.18e-09	50.1
M03520:605:000000000-LVNKY:1:1101:22858:17263;size=20	RH.0BD19D1A26A74EBZ0Z_R	100.000	24	0	4.65e-09	48.1
M03520:605:000000000-LVNKY:1:1101:23353:19855;size=20	RH.0550AF0F57084ADZ0Z_F	100.000	24	0	4.65e-09	48.1
M03520:605:000000000-LVNKY:1:1101:23353:19855;size=20	RH.0550AF0F57084ADZ0Z_R	100.000	22	0	7.27e-08	44.1
M03520:605:000000000-LVNKY:1:1101:23415:23287;size=20	RH.0550AF0F57084ADZ0Z_F	100.000	24	0	4.65e-09	48.1
M03520:605:000000000-LVNKY:1:1101:23415:23287;size=20	RH.0550AF0F57084ADZ0Z_R	100.000	21	0	2.87e-07	42.1
M03520:605:000000000-LVNKY:1:1101:28470:17133;size=20	RH.1CC74B91718A42FZ0Z_F	100.000	24	0	4.65e-09	48.1
M03520:605:000000000-LVNKY:1:1101:28470:17133;size=20	RH.1CC74B91718A42FZ0Z_R	100.000	23	0	1.84e-08	46.1
M03520:605:000000000-LVNKY:1:1101:4086:16381;size=20	RH.DDB83AFF97C94C6Z0Z_R	100.000	25	0	1.18e-09	50.1
M03520:605:000000000-LVNKY:1:1101:4086:16381;size=20	RH.DDB83AFF97C94C6Z0Z_F	100.000	24	0	4.65e-09	48.1
M03520:605:000000000-LVNKY:1:1101:4382:21080;size=20	RH.85A5303CAAF54ADZ0Z_R	100.000	21	0	2.87e-07	42.1
M03520:605:000000000-LVNKY:1:1101:4382:21080;size=20	RH.85A5303CAAF54ADZ0Z_F	100.000	21	0	2.87e-07	42.1
M03520:605:000000000-LVNKY:1:1101:5078:18601;size=20	RH.0096A141894D447Z0Z_F	100.000	24	0	4.65e-09	48.1
M03520:605:000000000-LVNKY:1:1101:5078:18601;size=20	RH.0096A141894D447Z0Z_R	100.000	21	0	2.87e-07	42.1
M03520:605:000000000-LVNKY:1:1101:6285:6552;size=20	RH.51338FA06EDB4F0Z0Z_F	100.000	25	0	1.18e-09	50.1
M03520:605:000000000-LVNKY:1:1101:6285:6552;size=20	RH.51338FA06EDB4F0Z0Z_R	96.000	25	1	2.87e-07	42.1
M03520:605:000000000-LVNKY:1:1101:6565:17319;size=20	RH.51338FA06EDB4F0Z0Z_R	100.000	25	0	1.18e-09	50.1
M03520:605:000000000-LVNKY:1:1101:6565:17319;size=20	RH.51338FA06EDB4F0Z0Z_F	96.000	25	1	2.87e-07	42.1
M03520:605:000000000-LVNKY:1:1101:7145:20302;size=20	RH.85A5303CAAF54ADZ0Z_R	100.000	22	0	7.27e-08	44.1
M03520:605:000000000-LVNKY:1:1101:7145:20302;size=20	RH.85A5303CAAF54ADZ0Z_F	100.000	21	0	2.87e-07	42.1
M03520:605:000000000-LVNKY:1:1101:8821:5678;size=20	RH.DDB83AFF97C94C6Z0Z_R	100.000	25	0	1.18e-09	50.1
M03520:605:000000000-LVNKY:1:1101:8821:5678;size=20	RH.DDB83AFF97C94C6Z0Z_F	100.000	24	0	4.65e-09	48.1
M03520:605:000000000-LVNKY:1:1102:10253:12266;size=20	RH.B9EF730EBE6C436Z0Z_R	100.000	25	0	1.18e-09	50.1
M03520:605:000000000-LVNKY:1:1102:10253:12266;size=20	RH.B9EF730EBE6C436Z0Z_F	96.000	25	1	2.87e-07	42.1
M03520:605:000000000-LVNKY:1:1102:16304:18557;size=20	RH.0550AF0F57084ADZ0Z_F	100.000	24	0	4.65e-09	48.1
M03520:605:000000000-LVNKY:1:1102:16304:18557;size=20	RH.0550AF0F57084ADZ0Z_R	100.000	22	0	7.27e-08	44.1
M03520:605:000000000-LVNKY:1:1102:16327:18252;size=20	RH.0BD19D1A26A74EBZ0Z_R	100.000	24	0	4.65e-09	48.1
M03520:605:000000000-LVNKY:1:1102:16327:18252;size=20	RH.0BD19D1A26A74EBZ0Z_F	100.000	24	0	4.65e-09	48.1
M03520:605:000000000-LVNKY:1:1102:18706:28438;size=20	RH.CA1E204B0C0842DZ0Z_F	100.000	26	0	2.98e-10	52.0
M03520:605:000000000-LVNKY:1:1102:18706:28438;size=20	RH.CA1E204B0C0842DZ0Z_R	100.000	24	0	4.65e-09	48.1
M03520:605:000000000-LVNKY:1:1102:22466:13553;size=20	RH.0096A141894D447Z0Z_F	100.000	24	0	4.65e-09	48.1
M03520:605:000000000-LVNKY:1:1102:24522:4985;size=20	RH.7CE39E25906745AZ0Z_R	100.000	26	0	2.98e-10	52.0
M03520:605:000000000-LVNKY:1:1102:24522:4985;size=20	RH.7CE39E25906745AZ0Z_F	96.000	25	1	2.87e-07	42.1
M03520:605:000000000-LVNKY:1:1102:24761:10452;size=20	RH.0096A141894D447Z0Z_R	100.000	21	0	2.87e-07	42.1
M03520:605:000000000-LVNKY:1:1102:24761:10452;size=20	RH.0096A141894D447Z0Z_F	95.833	24	1	1.13e-06	40.1
M03520:605:000000000-LVNKY:1:1102:24823:22165;size=20	RH.0550AF0F57084ADZ0Z_F	100.000	24	0	4.65e-09	48.1
M03520:605:000000000-LVNKY:1:1102:24823:22165;size=20	RH.0550AF0F57084ADZ0Z_R	100.000	22	0	7.27e-08	44.1
M03520:605:000000000-LVNKY:1:1102:25488:14373;size=20	RH.DDB83AFF97C94C6Z0Z_R	100.000	25	0	1.18e-09	50.1
M03520:605:000000000-LVNKY:1:1102:25488:14373;size=20	RH.DDB83AFF97C94C6Z0Z_F	100.000	24	0	4.65e-09	48.1
M03520:605:000000000-LVNKY:1:1102:27262:19518;size=20	RH.69CEA0AC39F4445Z0Z_R	100.000	23	0	1.84e-08	46.1
M03520:605:000000000-LVNKY:1:1102:27262:19518;size=20	RH.FF3971CC0B8D410Z0Z_F	100.000	22	0	7.27e-08	44.1
M03520:605:000000000-LVNKY:1:1102:4997:18849;size=20	RH.7CE39E25906745AZ0Z_R	100.000	26	0	2.98e-10	52.0
M03520:605:000000000-LVNKY:1:1102:4997:18849;size=20	RH.7CE39E25906745AZ0Z_F	100.000	25	0	1.18e-09	50.1
M03520:605:000000000-LVNKY:1:1102:5322:13709;size=20	RH.85A5303CAAF54ADZ0Z_R	100.000	22	0	7.27e-08	44.1
M03520:605:000000000-LVNKY:1:1102:5322:13709;size=20	RH.85A5303CAAF54ADZ0Z_F	100.000	21	0	2.87e-07	42.1
M03520:605:000000000-LVNKY:1:1102:7900:11668;size=20	RH.7CE39E25906745AZ0Z_R	100.000	26	0	2.98e-10	52.0
M03520:605:000000000-LVNKY:1:1102:7900:11668;size=20	RH.7CE39E25906745AZ0Z_F	100.000	25	0	1.18e-09	50.1
M03520:605:000000000-LVNKY:1:1103:11190:21294;size=20	RH.7CE39E25906745AZ0Z_R	100.000	26	0	2.98e-10	52.0
M03520:605:000000000-LVNKY:1:1103:11190:21294;size=20	RH.7CE39E25906745AZ0Z_F	100.000	25	0	1.18e-09	50.1
M03520:605:000000000-LVNKY:1:1103:13293:18776;size=20	RH.7CE39E25906745AZ0Z_F	100.000	25	0	1.18e-09	50.1
M03520:605:000000000-LVNKY:1:1103:13293:18776;size=20	RH.7CE39E25906745AZ0Z_R	96.154	26	1	7.27e-08	44.1
M03520:605:000000000-LVNKY:1:1103:18454:2857;size=20	RH.1CC74B91718A42FZ0Z_R	100.000	25	0	1.18e-09	50.1
M03520:605:000000000-LVNKY:1:1103:18454:2857;size=20	RH.1CC74B91718A42FZ0Z_F	100.000	24	0	4.65e-09	48.1
M03520:605:000000000-LVNKY:1:1103:20653:15770;size=20	RH.B9EF730EBE6C436Z0Z_R	100.000	25	0	1.18e-09	50.1
M03520:605:000000000-LVNKY:1:1103:20653:15770;size=20	RH.B9EF730EBE6C436Z0Z_F	100.000	25	0	1.18e-09	50.1
M03520:605:000000000-LVNKY:1:1103:21907:18605;size=20	RH.DDB83AFF97C94C6Z0Z_F	100.000	24	0	4.65e-09	48.1
M03520:605:000000000-LVNKY:1:1103:21907:18605;size=20	RH.DDB83AFF97C94C6Z0Z_R	96.000	25	1	2.87e-07	42.1
M03520:605:000000000-LVNKY:1:1103:22003:19522;size=20	RH.7CE39E25906745AZ0Z_R	100.000	26	0	2.98e-10	52.0
M03520:605:000000000-LVNKY:1:1103:22003:19522;size=20	RH.7CE39E25906745AZ0Z_F	100.000	25	0	1.18e-09	50.1
M03520:605:000000000-LVNKY:1:1103:24555:22665;size=20	RH.7CE39E25906745AZ0Z_R	100.000	26	0	2.98e-10	52.0
M03520:605:000000000-LVNKY:1:1103:24555:22665;size=20	RH.7CE39E25906745AZ0Z_F	100.000	25	0	1.18e-09	50.1
M03520:605:000000000-LVNKY:1:1103:24833:14387;size=20	RH.E04EE94198274F7Z0Z_F	100.000	25	0	1.18e-09	50.1
M03520:605:000000000-LVNKY:1:1103:24833:14387;size=20	RH.CA1E204B0C0842DZ0Z_R	100.000	24	0	4.65e-09	48.1
M03520:605:000000000-LVNKY:1:1103:5196:16551;size=20	RH.7CE39E25906745AZ0Z_F	100.000	25	0	1.18e-09	50.1
M03520:605:000000000-LVNKY:1:1103:5196:16551;size=20	RH.7CE39E25906745AZ0Z_R	96.154	26	1	7.27e-08	44.1
M03520:605:000000000-LVNKY:1:1103:6979:23206;size=20	RH.7CE39E25906745AZ0Z_R	100.000	26	0	2.98e-10	52.0
M03520:605:000000000-LVNKY:1:1103:6979:23206;size=20	RH.7CE39E25906745AZ0Z_F	100.000	25	0	1.18e-09	50.1
M03520:605:000000000-LVNKY:1:1103:7814:4160;size=20	RH.2A8AD21024974C0Z0Z_F	100.000	26	0	2.98e-10	52.0
M03520:605:000000000-LVNKY:1:1103:7814:4160;size=20	RH.2A8AD21024974C0Z0Z_R	100.000	24	0	4.65e-09	48.1
M03520:605:000000000-LVNKY:1:1104:10773:14492;size=20	RH.7CE39E25906745AZ0Z_F	100.000	25	0	1.18e-09	50.1
M03520:605:000000000-LVNKY:1:1104:10773:14492;size=20	RH.7CE39E25906745AZ0Z_R	100.000	24	0	4.65e-09	48.1
M03520:605:000000000-LVNKY:1:1104:1764:15384;size=20	RH.CA1E204B0C0842DZ0Z_F	100.000	26	0	2.98e-10	52.0
M03520:605:000000000-LVNKY:1:1104:1764:15384;size=20	RH.E04EE94198274F7Z0Z_F	100.000	25	0	1.18e-09	50.1
M03520:605:000000000-LVNKY:1:1104:1764:15384;size=20	RH.CA1E204B0C0842DZ0Z_R	100.000	24	0	4.65e-09	48.1
M03520:605:000000000-LVNKY:1:1104:20092:16819;size=20	RH.2A8AD21024974C0Z0Z_F	100.000	26	0	2.98e-10	52.0
M03520:605:000000000-LVNKY:1:1104:20092:16819;size=20	RH.2A8AD21024974C0Z0Z_R	100.000	25	0	1.18e-09	50.1
M03520:605:000000000-LVNKY:1:1104:24325:16144;size=20	RH.51338FA06EDB4F0Z0Z_R	100.000	25	0	1.18e-09	50.1
M03520:605:000000000-LVNKY:1:1104:24325:16144;size=20	RH.51338FA06EDB4F0Z0Z_F	100.000	23	0	1.84e-08	46.1
M03520:605:000000000-LVNKY:1:1105:10321:15656;size=20	RH.0BD19D1A26A74EBZ0Z_F	100.000	25	0	1.18e-09	50.1
M03520:605:000000000-LVNKY:1:1105:10321:15656;size=20	RH.0BD19D1A26A74EBZ0Z_R	100.000	24	0	4.65e-09	48.1
M03520:605:000000000-LVNKY:1:1107:17341:1431;size=20	RH.DDB83AFF97C94C6Z0Z_R	100.000	25	0	1.18e-09	50.1
M03520:605:000000000-LVNKY:1:1107:17341:1431;size=20	RH.DDB83AFF97C94C6Z0Z_F	100.000	24	0	4.65e-09	48.1
M03520:605:000000000-LVNKY:1:1101:11003:23559;size=19	RH.DDB83AFF97C94C6Z0Z_R	100.000	25	0	1.18e-09	50.1
M03520:605:000000000-LVNKY:1:1101:11003:23559;size=19	RH.DDB83AFF97C94C6Z0Z_F	100.000	24	0	4.65e-09	48.1
M03520:605:000000000-LVNKY:1:1101:11052:10339;size=19	RH.0BD19D1A26A74EBZ0Z_F	100.000	25	0	1.18e-09	50.1
M03520:605:000000000-LVNKY:1:1101:11052:10339;size=19	RH.0BD19D1A26A74EBZ0Z_R	100.000	24	0	4.65e-09	48.1
M03520:605:000000000-LVNKY:1:1101:11243:15847;size=19	RH.7CE39E25906745AZ0Z_R	100.000	26	0	2.98e-10	52.0
M03520:605:000000000-LVNKY:1:1101:11243:15847;size=19	RH.7CE39E25906745AZ0Z_F	100.000	25	0	1.18e-09	50.1
M03520:605:000000000-LVNKY:1:1101:12077:11973;size=19	RH.0BD19D1A26A74EBZ0Z_R	100.000	24	0	4.65e-09	48.1
M03520:605:000000000-LVNKY:1:1101:12077:11973;size=19	RH.0BD19D1A26A74EBZ0Z_F	100.000	20	0	1.13e-06	40.1
M03520:605:000000000-LVNKY:1:1101:12792:13986;size=19	RH.0550AF0F57084ADZ0Z_F	100.000	24	0	4.65e-09	48.1
M03520:605:000000000-LVNKY:1:1101:12792:13986;size=19	RH.0550AF0F57084ADZ0Z_R	100.000	22	0	7.27e-08	44.1
M03520:605:000000000-LVNKY:1:1101:13449:8921;size=19	RH.27578A9A85FA4A3Z0Z_F	100.000	24	0	4.65e-09	48.1
M03520:605:000000000-LVNKY:1:1101:13449:8921;size=19	RH.27578A9A85FA4A3Z0Z_R	100.000	22	0	7.27e-08	44.1
M03520:605:000000000-LVNKY:1:1101:13742:2012;size=19	RH.E4C34C29ADFB490Z0Z_R	100.000	23	0	1.84e-08	46.1
M03520:605:000000000-LVNKY:1:1101:13742:2012;size=19	RH.E4C34C29ADFB490Z0Z_F	100.000	22	0	7.27e-08	44.1
M03520:605:000000000-LVNKY:1:1101:14764:22747;size=19	RH.7CE39E25906745AZ0Z_R	100.000	26	0	2.98e-10	52.0
M03520:605:000000000-LVNKY:1:1101:14764:22747;size=19	RH.7CE39E25906745AZ0Z_F	100.000	25	0	1.18e-09	50.1
M03520:605:000000000-LVNKY:1:1101:14956:21085;size=19	RH.0BD19D1A26A74EBZ0Z_F	100.000	25	0	1.18e-09	50.1
M03520:605:000000000-LVNKY:1:1101:14956:21085;size=19	RH.0BD19D1A26A74EBZ0Z_R	100.000	24	0	4.65e-09	48.1
M03520:605:000000000-LVNKY:1:1101:17097:22102;size=19	RH.0BD19D1A26A74EBZ0Z_F	100.000	25	0	1.18e-09	50.1
M03520:605:000000000-LVNKY:1:1101:17097:22102;size=19	RH.0BD19D1A26A74EBZ0Z_R	100.000	19	0	4.48e-06	38.2
M03520:605:000000000-LVNKY:1:1101:18513:22022;size=19	RH.0096A141894D447Z0Z_F	100.000	24	0	4.65e-09	48.1
M03520:605:000000000-LVNKY:1:1101:18513:22022;size=19	RH.0096A141894D447Z0Z_R	100.000	21	0	2.87e-07	42.1
M03520:605:000000000-LVNKY:1:1101:18719:9083;size=19	RH.0096A141894D447Z0Z_F	100.000	24	0	4.65e-09	48.1
M03520:605:000000000-LVNKY:1:1101:18719:9083;size=19	RH.0096A141894D447Z0Z_R	100.000	21	0	2.87e-07	42.1
M03520:605:000000000-LVNKY:1:1101:19078:17166;size=19	RH.7CE39E25906745AZ0Z_R	100.000	26	0	2.98e-10	52.0
M03520:605:000000000-LVNKY:1:1101:19078:17166;size=19	RH.7CE39E25906745AZ0Z_F	96.000	25	1	2.87e-07	42.1
M03520:605:000000000-LVNKY:1:1101:19981:15971;size=19	RH.B9EF730EBE6C436Z0Z_R	100.000	25	0	1.18e-09	50.1
M03520:605:000000000-LVNKY:1:1101:19981:15971;size=19	RH.B9EF730EBE6C436Z0Z_F	100.000	25	0	1.18e-09	50.1
M03520:605:000000000-LVNKY:1:1101:20351:13726;size=19	RH.B9EF730EBE6C436Z0Z_R	100.000	25	0	1.18e-09	50.1
M03520:605:000000000-LVNKY:1:1101:20351:13726;size=19	RH.B9EF730EBE6C436Z0Z_F	100.000	25	0	1.18e-09	50.1
M03520:605:000000000-LVNKY:1:1101:20438:19956;size=19	RH.2A8AD21024974C0Z0Z_F	100.000	26	0	2.98e-10	52.0
M03520:605:000000000-LVNKY:1:1101:21618:16815;size=19	RH.DDB83AFF97C94C6Z0Z_R	100.000	25	0	1.18e-09	50.1
M03520:605:000000000-LVNKY:1:1101:21618:16815;size=19	RH.DDB83AFF97C94C6Z0Z_F	100.000	24	0	4.65e-09	48.1
M03520:605:000000000-LVNKY:1:1101:21717:23956;size=19	RH.2A8AD21024974C0Z0Z_F	100.000	26	0	2.98e-10	52.0
M03520:605:000000000-LVNKY:1:1101:21717:23956;size=19	RH.2A8AD21024974C0Z0Z_R	100.000	25	0	1.18e-09	50.1
M03520:605:000000000-LVNKY:1:1101:22128:5162;size=19	RH.8B25A056ABC1444Z0Z_R	100.000	20	0	1.13e-06	40.1
M03520:605:000000000-LVNKY:1:1101:22128:5162;size=19	RH.8B25A056ABC1444Z0Z_F	100.000	20	0	1.13e-06	40.1
M03520:605:000000000-LVNKY:1:1101:22128:5162;size=19	RH.7428754DAE7C4F9Z0Z_F	100.000	19	0	4.48e-06	38.2
M03520:605:000000000-LVNKY:1:1101:22379:13723;size=19	RH.0BD19D1A26A74EBZ0Z_F	100.000	25	0	1.18e-09	50.1
M03520:605:000000000-LVNKY:1:1101:22379:13723;size=19	RH.0BD19D1A26A74EBZ0Z_R	100.000	24	0	4.65e-09	48.1
M03520:605:000000000-LVNKY:1:1101:23065:21275;size=19	RH.51338FA06EDB4F0Z0Z_F	100.000	25	0	1.18e-09	50.1
M03520:605:000000000-LVNKY:1:1101:23065:21275;size=19	RH.51338FA06EDB4F0Z0Z_R	100.000	25	0	1.18e-09	50.1
M03520:605:000000000-LVNKY:1:1101:26150:22590;size=19	RH.7CE39E25906745AZ0Z_R	100.000	26	0	2.98e-10	52.0
M03520:605:000000000-LVNKY:1:1101:26150:22590;size=19	RH.7CE39E25906745AZ0Z_F	96.000	25	1	2.87e-07	42.1
M03520:605:000000000-LVNKY:1:1101:26304:19696;size=19	RH.0550AF0F57084ADZ0Z_F	100.000	24	0	4.65e-09	48.1
M03520:605:000000000-LVNKY:1:1101:26304:19696;size=19	RH.0550AF0F57084ADZ0Z_R	100.000	20	0	1.13e-06	40.1
M03520:605:000000000-LVNKY:1:1101:28949:18132;size=19	RH.0550AF0F57084ADZ0Z_F	100.000	24	0	4.65e-09	48.1
M03520:605:000000000-LVNKY:1:1101:28949:18132;size=19	RH.0550AF0F57084ADZ0Z_R	100.000	22	0	7.27e-08	44.1
M03520:605:000000000-LVNKY:1:1101:4021:10448;size=19	RH.DDB83AFF97C94C6Z0Z_R	100.000	25	0	1.18e-09	50.1
M03520:605:000000000-LVNKY:1:1101:4021:10448;size=19	RH.DDB83AFF97C94C6Z0Z_F	100.000	24	0	4.65e-09	48.1
M03520:605:000000000-LVNKY:1:1101:5730:21842;size=19	RH.27578A9A85FA4A3Z0Z_F	100.000	24	0	4.65e-09	48.1
M03520:605:000000000-LVNKY:1:1101:5730:21842;size=19	RH.27578A9A85FA4A3Z0Z_R	100.000	21	0	2.87e-07	42.1
M03520:605:000000000-LVNKY:1:1101:6378:21999;size=19	RH.0096A141894D447Z0Z_R	100.000	21	0	2.87e-07	42.1
M03520:605:000000000-LVNKY:1:1101:6378:21999;size=19	RH.0096A141894D447Z0Z_F	100.000	21	0	2.87e-07	42.1
M03520:605:000000000-LVNKY:1:1101:6421:18752;size=19	RH.7CE39E25906745AZ0Z_R	100.000	26	0	2.98e-10	52.0
M03520:605:000000000-LVNKY:1:1101:6421:18752;size=19	RH.7CE39E25906745AZ0Z_F	96.000	25	1	2.87e-07	42.1
M03520:605:000000000-LVNKY:1:1101:6460:24817;size=19	RH.27578A9A85FA4A3Z0Z_F	100.000	24	0	4.65e-09	48.1
M03520:605:000000000-LVNKY:1:1101:6460:24817;size=19	RH.27578A9A85FA4A3Z0Z_R	100.000	22	0	7.27e-08	44.1
M03520:605:000000000-LVNKY:1:1101:7190:24446;size=19	RH.2AFFFBA0E81C482Z0Z_R	100.000	23	0	1.84e-08	46.1
M03520:605:000000000-LVNKY:1:1101:7190:24446;size=19	RH.2AFFFBA0E81C482Z0Z_F	100.000	23	0	1.84e-08	46.1
M03520:605:000000000-LVNKY:1:1101:8044:8240;size=19	RH.DDB83AFF97C94C6Z0Z_R	100.000	25	0	1.18e-09	50.1
M03520:605:000000000-LVNKY:1:1101:8044:8240;size=19	RH.DDB83AFF97C94C6Z0Z_F	100.000	24	0	4.65e-09	48.1
M03520:605:000000000-LVNKY:1:1101:8120:9998;size=19	RH.85A5303CAAF54ADZ0Z_F	100.000	21	0	2.87e-07	42.1
M03520:605:000000000-LVNKY:1:1101:9175:25577;size=19	RH.B9EF730EBE6C436Z0Z_R	100.000	25	0	1.18e-09	50.1
M03520:605:000000000-LVNKY:1:1101:9175:25577;size=19	RH.B9EF730EBE6C436Z0Z_F	100.000	25	0	1.18e-09	50.1
M03520:605:000000000-LVNKY:1:1102:12226:22035;size=19	RH.0096A141894D447Z0Z_F	100.000	24	0	4.65e-09	48.1
M03520:605:000000000-LVNKY:1:1102:12226:22035;size=19	RH.0096A141894D447Z0Z_R	100.000	21	0	2.87e-07	42.1
M03520:605:000000000-LVNKY:1:1102:15912:14436;size=19	RH.7CE39E25906745AZ0Z_R	100.000	26	0	2.98e-10	52.0
M03520:605:000000000-LVNKY:1:1102:15912:14436;size=19	RH.7CE39E25906745AZ0Z_F	100.000	25	0	1.18e-09	50.1
M03520:605:000000000-LVNKY:1:1102:17190:7203;size=19	RH.7CE39E25906745AZ0Z_R	100.000	26	0	2.98e-10	52.0
M03520:605:000000000-LVNKY:1:1102:17190:7203;size=19	RH.7CE39E25906745AZ0Z_F	100.000	25	0	1.18e-09	50.1
M03520:605:000000000-LVNKY:1:1102:19412:4566;size=19	RH.B9EF730EBE6C436Z0Z_R	100.000	25	0	1.18e-09	50.1
M03520:605:000000000-LVNKY:1:1102:19412:4566;size=19	RH.B9EF730EBE6C436Z0Z_F	100.000	25	0	1.18e-09	50.1
M03520:605:000000000-LVNKY:1:1102:21267:16944;size=19	RH.69CEA0AC39F4445Z0Z_F	100.000	24	0	4.65e-09	48.1
M03520:605:000000000-LVNKY:1:1102:21267:16944;size=19	RH.D7C024A696B6476Z0Z_R	100.000	22	0	7.27e-08	44.1
M03520:605:000000000-LVNKY:1:1102:23831:18975;size=19	RH.7CE39E25906745AZ0Z_R	100.000	26	0	2.98e-10	52.0
M03520:605:000000000-LVNKY:1:1102:23831:18975;size=19	RH.7CE39E25906745AZ0Z_F	100.000	25	0	1.18e-09	50.1
M03520:605:000000000-LVNKY:1:1102:27725:8164;size=19	RH.7CE39E25906745AZ0Z_F	100.000	25	0	1.18e-09	50.1
M03520:605:000000000-LVNKY:1:1102:27725:8164;size=19	RH.7CE39E25906745AZ0Z_R	96.154	26	1	7.27e-08	44.1
M03520:605:000000000-LVNKY:1:1102:4628:22668;size=19	RH.27578A9A85FA4A3Z0Z_F	100.000	23	0	1.84e-08	46.1
M03520:605:000000000-LVNKY:1:1102:4628:22668;size=19	RH.27578A9A85FA4A3Z0Z_R	100.000	22	0	7.27e-08	44.1
M03520:605:000000000-LVNKY:1:1102:5277:9771;size=19	RH.7CE39E25906745AZ0Z_R	100.000	26	0	2.98e-10	52.0
M03520:605:000000000-LVNKY:1:1102:5277:9771;size=19	RH.7CE39E25906745AZ0Z_F	100.000	25	0	1.18e-09	50.1
M03520:605:000000000-LVNKY:1:1102:6581:5091;size=19	RH.2A8AD21024974C0Z0Z_F	100.000	26	0	2.98e-10	52.0
M03520:605:000000000-LVNKY:1:1102:6581:5091;size=19	RH.2A8AD21024974C0Z0Z_R	96.000	25	1	2.87e-07	42.1
M03520:605:000000000-LVNKY:1:1102:7786:8655;size=19	RH.DDB83AFF97C94C6Z0Z_R	100.000	25	0	1.18e-09	50.1
M03520:605:000000000-LVNKY:1:1102:7786:8655;size=19	RH.098C2C0732D843BZ0Z_F	100.000	22	0	7.27e-08	44.1
M03520:605:000000000-LVNKY:1:1102:8036:23858;size=19	RH.27578A9A85FA4A3Z0Z_R	100.000	22	0	7.27e-08	44.1
M03520:605:000000000-LVNKY:1:1102:8036:23858;size=19	RH.27578A9A85FA4A3Z0Z_F	100.000	21	0	2.87e-07	42.1
M03520:605:000000000-LVNKY:1:1102:8285:19965;size=19	RH.0096A141894D447Z0Z_F	100.000	24	0	4.65e-09	48.1
M03520:605:000000000-LVNKY:1:1102:8285:19965;size=19	RH.0096A141894D447Z0Z_R	100.000	21	0	2.87e-07	42.1
M03520:605:000000000-LVNKY:1:1102:8606:8529;size=19	RH.85A5303CAAF54ADZ0Z_R	100.000	22	0	7.27e-08	44.1
M03520:605:000000000-LVNKY:1:1102:8606:8529;size=19	RH.85A5303CAAF54ADZ0Z_F	100.000	21	0	2.87e-07	42.1
M03520:605:000000000-LVNKY:1:1103:15401:8199;size=19	RH.0BA5504E4959438Z0Z_R	100.000	23	0	1.84e-08	46.1
M03520:605:000000000-LVNKY:1:1103:15401:8199;size=19	RH.0BA5504E4959438Z0Z_F	100.000	22	0	7.27e-08	44.1
M03520:605:000000000-LVNKY:1:1103:17857:17337;size=19	RH.DDB83AFF97C94C6Z0Z_R	100.000	25	0	1.18e-09	50.1
M03520:605:000000000-LVNKY:1:1103:17857:17337;size=19	RH.DDB83AFF97C94C6Z0Z_F	100.000	24	0	4.65e-09	48.1
M03520:605:000000000-LVNKY:1:1103:5667:18292;size=19	RH.85A5303CAAF54ADZ0Z_R	100.000	22	0	7.27e-08	44.1
M03520:605:000000000-LVNKY:1:1103:5667:18292;size=19	RH.85A5303CAAF54ADZ0Z_F	100.000	21	0	2.87e-07	42.1
M03520:605:000000000-LVNKY:1:1103:9555:8251;size=19	RH.DDB83AFF97C94C6Z0Z_F	100.000	24	0	4.65e-09	48.1
M03520:605:000000000-LVNKY:1:1104:10587:21388;size=19	RH.0096A141894D447Z0Z_F	100.000	24	0	4.65e-09	48.1
M03520:605:000000000-LVNKY:1:1104:21885:18620;size=19	RH.B9EF730EBE6C436Z0Z_R	100.000	25	0	1.18e-09	50.1
M03520:605:000000000-LVNKY:1:1104:21885:18620;size=19	RH.B9EF730EBE6C436Z0Z_F	100.000	25	0	1.18e-09	50.1
M03520:605:000000000-LVNKY:1:1104:24272:12885;size=19	RH.DDB83AFF97C94C6Z0Z_R	100.000	25	0	1.18e-09	50.1
M03520:605:000000000-LVNKY:1:1104:24272:12885;size=19	RH.DDB83AFF97C94C6Z0Z_F	100.000	24	0	4.65e-09	48.1
M03520:605:000000000-LVNKY:1:1104:5658:10879;size=19	RH.7CE39E25906745AZ0Z_R	100.000	26	0	2.98e-10	52.0
M03520:605:000000000-LVNKY:1:1104:5658:10879;size=19	RH.7CE39E25906745AZ0Z_F	100.000	25	0	1.18e-09	50.1
M03520:605:000000000-LVNKY:1:1104:7011:20188;size=19	RH.7CE39E25906745AZ0Z_F	100.000	25	0	1.18e-09	50.1
M03520:605:000000000-LVNKY:1:1104:7011:20188;size=19	RH.7CE39E25906745AZ0Z_R	100.000	24	0	4.65e-09	48.1
M03520:605:000000000-LVNKY:1:1107:15017:2016;size=19	RH.CFB366F097C448DZ0Z_F	100.000	26	0	2.98e-10	52.0
M03520:605:000000000-LVNKY:1:1107:15017:2016;size=19	RH.CFB366F097C448DZ0Z_R	100.000	21	0	2.87e-07	42.1
M03520:605:000000000-LVNKY:1:1109:6948:5443;size=19	RH.7CE39E25906745AZ0Z_R	100.000	26	0	2.98e-10	52.0
M03520:605:000000000-LVNKY:1:1109:6948:5443;size=19	RH.7CE39E25906745AZ0Z_F	100.000	25	0	1.18e-09	50.1
M03520:605:000000000-LVNKY:1:1101:10093:8711;size=18	RH.DDB83AFF97C94C6Z0Z_R	100.000	25	0	1.18e-09	50.1
M03520:605:000000000-LVNKY:1:1101:10093:8711;size=18	RH.DDB83AFF97C94C6Z0Z_F	100.000	24	0	4.65e-09	48.1
M03520:605:000000000-LVNKY:1:1101:11985:24148;size=18	RH.51338FA06EDB4F0Z0Z_F	100.000	25	0	1.18e-09	50.1
M03520:605:000000000-LVNKY:1:1101:11985:24148;size=18	RH.51338FA06EDB4F0Z0Z_R	100.000	25	0	1.18e-09	50.1
M03520:605:000000000-LVNKY:1:1101:12241:24389;size=18	RH.85A5303CAAF54ADZ0Z_R	100.000	22	0	7.27e-08	44.1
M03520:605:000000000-LVNKY:1:1101:12241:24389;size=18	RH.85A5303CAAF54ADZ0Z_F	100.000	21	0	2.87e-07	42.1
M03520:605:000000000-LVNKY:1:1101:12367:15630;size=18	RH.DDB83AFF97C94C6Z0Z_R	100.000	25	0	1.18e-09	50.1
M03520:605:000000000-LVNKY:1:1101:12367:15630;size=18	RH.DDB83AFF97C94C6Z0Z_F	100.000	24	0	4.65e-09	48.1
M03520:605:000000000-LVNKY:1:1101:17033:5111;size=18	RH.DDB83AFF97C94C6Z0Z_F	100.000	24	0	4.65e-09	48.1
M03520:605:000000000-LVNKY:1:1101:17033:5111;size=18	RH.DDB83AFF97C94C6Z0Z_R	96.000	25	1	2.87e-07	42.1
M03520:605:000000000-LVNKY:1:1101:17260:2000;size=18	RH.DDB83AFF97C94C6Z0Z_R	100.000	25	0	1.18e-09	50.1
M03520:605:000000000-LVNKY:1:1101:17260:2000;size=18	RH.DDB83AFF97C94C6Z0Z_F	100.000	24	0	4.65e-09	48.1
M03520:605:000000000-LVNKY:1:1101:18221:8372;size=18	RH.85A5303CAAF54ADZ0Z_R	100.000	22	0	7.27e-08	44.1
M03520:605:000000000-LVNKY:1:1101:18221:8372;size=18	RH.85A5303CAAF54ADZ0Z_F	100.000	21	0	2.87e-07	42.1
M03520:605:000000000-LVNKY:1:1101:19959:5172;size=18	RH.85A5303CAAF54ADZ0Z_F	100.000	21	0	2.87e-07	42.1
M03520:605:000000000-LVNKY:1:1101:20210:23617;size=18	RH.DDB83AFF97C94C6Z0Z_R	100.000	24	0	4.65e-09	48.1
M03520:605:000000000-LVNKY:1:1101:20210:23617;size=18	RH.DDB83AFF97C94C6Z0Z_F	100.000	24	0	4.65e-09	48.1
M03520:605:000000000-LVNKY:1:1101:20564:22695;size=18	RH.0BD19D1A26A74EBZ0Z_R	100.000	24	0	4.65e-09	48.1
M03520:605:000000000-LVNKY:1:1101:20564:22695;size=18	RH.0BD19D1A26A74EBZ0Z_F	96.000	25	1	2.87e-07	42.1
M03520:605:000000000-LVNKY:1:1101:20888:14974;size=18	RH.B9EF730EBE6C436Z0Z_R	100.000	25	0	1.18e-09	50.1
M03520:605:000000000-LVNKY:1:1101:20888:14974;size=18	RH.B9EF730EBE6C436Z0Z_F	100.000	25	0	1.18e-09	50.1
M03520:605:000000000-LVNKY:1:1101:21294:18804;size=18	RH.DDB83AFF97C94C6Z0Z_F	100.000	24	0	4.65e-09	48.1
M03520:605:000000000-LVNKY:1:1101:21294:18804;size=18	RH.6572108A164E48EZ0Z_R	96.000	25	1	2.87e-07	42.1
M03520:605:000000000-LVNKY:1:1101:21294:18804;size=18	RH.F7E3D42951B44CCZ0Z_F	100.000	21	0	2.87e-07	42.1
M03520:605:000000000-LVNKY:1:1101:21294:18804;size=18	RH.F7E3D42951B44CCZ0Z_R	100.000	19	0	4.48e-06	38.2
M03520:605:000000000-LVNKY:1:1101:21704:10921;size=18	RH.85A5303CAAF54ADZ0Z_R	100.000	22	0	7.27e-08	44.1
M03520:605:000000000-LVNKY:1:1101:21704:10921;size=18	RH.85A5303CAAF54ADZ0Z_F	100.000	21	0	2.87e-07	42.1
M03520:605:000000000-LVNKY:1:1101:22984:13722;size=18	RH.27578A9A85FA4A3Z0Z_F	100.000	24	0	4.65e-09	48.1
M03520:605:000000000-LVNKY:1:1101:24932:23441;size=18	RH.85A5303CAAF54ADZ0Z_R	100.000	22	0	7.27e-08	44.1
M03520:605:000000000-LVNKY:1:1101:24932:23441;size=18	RH.85A5303CAAF54ADZ0Z_F	100.000	21	0	2.87e-07	42.1
M03520:605:000000000-LVNKY:1:1101:25469:14112;size=18	RH.69CEA0AC39F4445Z0Z_F	100.000	24	0	4.65e-09	48.1
M03520:605:000000000-LVNKY:1:1101:25469:14112;size=18	RH.69CEA0AC39F4445Z0Z_R	100.000	23	0	1.84e-08	46.1
M03520:605:000000000-LVNKY:1:1101:25556:9803;size=18	RH.51338FA06EDB4F0Z0Z_F	100.000	25	0	1.18e-09	50.1
M03520:605:000000000-LVNKY:1:1101:25556:9803;size=18	RH.51338FA06EDB4F0Z0Z_R	100.000	25	0	1.18e-09	50.1
M03520:605:000000000-LVNKY:1:1101:25892:20744;size=18	RH.0550AF0F57084ADZ0Z_F	100.000	24	0	4.65e-09	48.1
M03520:605:000000000-LVNKY:1:1101:25892:20744;size=18	RH.0550AF0F57084ADZ0Z_R	100.000	22	0	7.27e-08	44.1
M03520:605:000000000-LVNKY:1:1101:26323:9222;size=18	RH.2A8AD21024974C0Z0Z_F	100.000	26	0	2.98e-10	52.0
M03520:605:000000000-LVNKY:1:1101:26323:9222;size=18	RH.2A8AD21024974C0Z0Z_R	100.000	25	0	1.18e-09	50.1
M03520:605:000000000-LVNKY:1:1101:27318:18368;size=18	RH.51338FA06EDB4F0Z0Z_F	100.000	25	0	1.18e-09	50.1
M03520:605:000000000-LVNKY:1:1101:27318:18368;size=18	RH.51338FA06EDB4F0Z0Z_R	100.000	25	0	1.18e-09	50.1
M03520:605:000000000-LVNKY:1:1101:4103:18805;size=18	RH.0550AF0F57084ADZ0Z_F	100.000	24	0	4.65e-09	48.1
M03520:605:000000000-LVNKY:1:1101:4103:18805;size=18	RH.0550AF0F57084ADZ0Z_R	100.000	22	0	7.27e-08	44.1
M03520:605:000000000-LVNKY:1:1101:5236:9147;size=18	RH.7CE39E25906745AZ0Z_R	100.000	26	0	2.98e-10	52.0
M03520:605:000000000-LVNKY:1:1101:5236:9147;size=18	RH.7CE39E25906745AZ0Z_F	100.000	25	0	1.18e-09	50.1
M03520:605:000000000-LVNKY:1:1101:5536:16252;size=18	RH.51338FA06EDB4F0Z0Z_R	100.000	25	0	1.18e-09	50.1
M03520:605:000000000-LVNKY:1:1101:5536:16252;size=18	RH.51338FA06EDB4F0Z0Z_F	100.000	25	0	1.18e-09	50.1
M03520:605:000000000-LVNKY:1:1101:6555:8939;size=18	RH.2A8AD21024974C0Z0Z_F	100.000	26	0	2.98e-10	52.0
M03520:605:000000000-LVNKY:1:1101:6555:8939;size=18	RH.2A8AD21024974C0Z0Z_R	100.000	23	0	1.84e-08	46.1
M03520:605:000000000-LVNKY:1:1101:8058:10087;size=18	RH.0550AF0F57084ADZ0Z_F	100.000	24	0	4.65e-09	48.1
M03520:605:000000000-LVNKY:1:1101:8058:10087;size=18	RH.0550AF0F57084ADZ0Z_R	100.000	22	0	7.27e-08	44.1
M03520:605:000000000-LVNKY:1:1101:8372:16753;size=18	RH.85A5303CAAF54ADZ0Z_R	100.000	22	0	7.27e-08	44.1
M03520:605:000000000-LVNKY:1:1101:8372:16753;size=18	RH.6CA921864485410Z0Z_F	100.000	20	0	1.13e-06	40.1
M03520:605:000000000-LVNKY:1:1101:8583:5697;size=18	RH.2A8AD21024974C0Z0Z_F	100.000	26	0	2.98e-10	52.0
M03520:605:000000000-LVNKY:1:1101:8583:5697;size=18	RH.2A8AD21024974C0Z0Z_R	100.000	25	0	1.18e-09	50.1
M03520:605:000000000-LVNKY:1:1102:11525:5706;size=18	RH.0096A141894D447Z0Z_F	100.000	24	0	4.65e-09	48.1
M03520:605:000000000-LVNKY:1:1102:11525:5706;size=18	RH.0096A141894D447Z0Z_R	100.000	20	0	1.13e-06	40.1
M03520:605:000000000-LVNKY:1:1102:11616:12203;size=18	RH.27578A9A85FA4A3Z0Z_F	100.000	24	0	4.65e-09	48.1
M03520:605:000000000-LVNKY:1:1102:11616:12203;size=18	RH.27578A9A85FA4A3Z0Z_R	100.000	22	0	7.27e-08	44.1
M03520:605:000000000-LVNKY:1:1102:13205:15796;size=18	RH.7CE39E25906745AZ0Z_R	100.000	26	0	2.98e-10	52.0
M03520:605:000000000-LVNKY:1:1102:13205:15796;size=18	RH.7CE39E25906745AZ0Z_F	100.000	25	0	1.18e-09	50.1
M03520:605:000000000-LVNKY:1:1102:14083:2727;size=18	RH.DDB83AFF97C94C6Z0Z_R	100.000	25	0	1.18e-09	50.1
M03520:605:000000000-LVNKY:1:1102:14083:2727;size=18	RH.DDB83AFF97C94C6Z0Z_F	100.000	22	0	7.27e-08	44.1
M03520:605:000000000-LVNKY:1:1102:14737:15807;size=18	RH.DDB83AFF97C94C6Z0Z_F	100.000	24	0	4.65e-09	48.1
M03520:605:000000000-LVNKY:1:1102:14737:15807;size=18	RH.DDB83AFF97C94C6Z0Z_R	100.000	23	0	1.84e-08	46.1
M03520:605:000000000-LVNKY:1:1102:19105:12479;size=18	RH.0096A141894D447Z0Z_F	100.000	24	0	4.65e-09	48.1
M03520:605:000000000-LVNKY:1:1102:19105:12479;size=18	RH.0096A141894D447Z0Z_R	100.000	21	0	2.87e-07	42.1
M03520:605:000000000-LVNKY:1:1102:22922:6577;size=18	RH.7CE39E25906745AZ0Z_R	100.000	26	0	2.98e-10	52.0
M03520:605:000000000-LVNKY:1:1102:22922:6577;size=18	RH.7CE39E25906745AZ0Z_F	100.000	25	0	1.18e-09	50.1
M03520:605:000000000-LVNKY:1:1102:24586:11480;size=18	RH.0096A141894D447Z0Z_F	100.000	24	0	4.65e-09	48.1
M03520:605:000000000-LVNKY:1:1102:24586:11480;size=18	RH.0096A141894D447Z0Z_R	100.000	21	0	2.87e-07	42.1
M03520:605:000000000-LVNKY:1:1102:24997:14956;size=18	RH.0550AF0F57084ADZ0Z_F	100.000	24	0	4.65e-09	48.1
M03520:605:000000000-LVNKY:1:1102:8420:6678;size=18	RH.0096A141894D447Z0Z_F	100.000	24	0	4.65e-09	48.1
M03520:605:000000000-LVNKY:1:1102:9585:8986;size=18	RH.0096A141894D447Z0Z_F	100.000	24	0	4.65e-09	48.1
M03520:605:000000000-LVNKY:1:1102:9585:8986;size=18	RH.0096A141894D447Z0Z_R	100.000	21	0	2.87e-07	42.1
M03520:605:000000000-LVNKY:1:1103:15028:1520;size=18	RH.B9EF730EBE6C436Z0Z_R	100.000	25	0	1.18e-09	50.1
M03520:605:000000000-LVNKY:1:1103:15028:1520;size=18	RH.B9EF730EBE6C436Z0Z_F	100.000	25	0	1.18e-09	50.1
M03520:605:000000000-LVNKY:1:1103:16291:1796;size=18	RH.51338FA06EDB4F0Z0Z_F	100.000	25	0	1.18e-09	50.1
M03520:605:000000000-LVNKY:1:1103:16291:1796;size=18	RH.51338FA06EDB4F0Z0Z_R	100.000	25	0	1.18e-09	50.1
M03520:605:000000000-LVNKY:1:1103:17015:21251;size=18	RH.27578A9A85FA4A3Z0Z_F	100.000	24	0	4.65e-09	48.1
M03520:605:000000000-LVNKY:1:1103:17015:21251;size=18	RH.27578A9A85FA4A3Z0Z_R	100.000	22	0	7.27e-08	44.1
M03520:605:000000000-LVNKY:1:1103:18204:25352;size=18	RH.27578A9A85FA4A3Z0Z_F	100.000	24	0	4.65e-09	48.1
M03520:605:000000000-LVNKY:1:1103:18204:25352;size=18	RH.27578A9A85FA4A3Z0Z_R	100.000	22	0	7.27e-08	44.1
M03520:605:000000000-LVNKY:1:1103:20117:4722;size=18	RH.9C70B4C9923B4A8Z0Z_F	100.000	23	0	1.84e-08	46.1
M03520:605:000000000-LVNKY:1:1103:22318:3742;size=18	RH.DDB83AFF97C94C6Z0Z_F	100.000	24	0	4.65e-09	48.1
M03520:605:000000000-LVNKY:1:1103:22318:3742;size=18	RH.DDB83AFF97C94C6Z0Z_R	100.000	21	0	2.87e-07	42.1
M03520:605:000000000-LVNKY:1:1103:27919:9078;size=18	RH.E04EE94198274F7Z0Z_F	100.000	25	0	1.18e-09	50.1
M03520:605:000000000-LVNKY:1:1103:7176:13048;size=18	RH.85A5303CAAF54ADZ0Z_R	100.000	22	0	7.27e-08	44.1
M03520:605:000000000-LVNKY:1:1104:11842:7843;size=18	RH.85A5303CAAF54ADZ0Z_R	100.000	22	0	7.27e-08	44.1
M03520:605:000000000-LVNKY:1:1104:11842:7843;size=18	RH.85A5303CAAF54ADZ0Z_F	100.000	21	0	2.87e-07	42.1
M03520:605:000000000-LVNKY:1:1104:15334:24397;size=18	RH.1CC74B91718A42FZ0Z_R	100.000	25	0	1.18e-09	50.1
M03520:605:000000000-LVNKY:1:1104:15334:24397;size=18	RH.1CC74B91718A42FZ0Z_F	100.000	24	0	4.65e-09	48.1
M03520:605:000000000-LVNKY:1:1104:22893:15587;size=18	RH.B9EF730EBE6C436Z0Z_R	100.000	25	0	1.18e-09	50.1
M03520:605:000000000-LVNKY:1:1104:22893:15587;size=18	RH.B9EF730EBE6C436Z0Z_F	100.000	25	0	1.18e-09	50.1
M03520:605:000000000-LVNKY:1:1104:25071:16158;size=18	RH.0BD19D1A26A74EBZ0Z_F	100.000	25	0	1.18e-09	50.1
M03520:605:000000000-LVNKY:1:1104:25071:16158;size=18	RH.0BD19D1A26A74EBZ0Z_R	95.833	24	1	1.13e-06	40.1
M03520:605:000000000-LVNKY:1:1104:29240:17363;size=18	RH.B9EF730EBE6C436Z0Z_R	100.000	25	0	1.18e-09	50.1
M03520:605:000000000-LVNKY:1:1104:29240:17363;size=18	RH.B9EF730EBE6C436Z0Z_F	96.000	25	1	2.87e-07	42.1
M03520:605:000000000-LVNKY:1:1105:11598:4710;size=18	RH.0BD19D1A26A74EBZ0Z_F	100.000	25	0	1.18e-09	50.1
M03520:605:000000000-LVNKY:1:1105:11598:4710;size=18	RH.0BD19D1A26A74EBZ0Z_R	100.000	24	0	4.65e-09	48.1
M03520:605:000000000-LVNKY:1:1105:24380:8128;size=18	RH.2091F326F74640CZ0Z_F	100.000	24	0	4.65e-09	48.1
M03520:605:000000000-LVNKY:1:1105:24380:8128;size=18	RH.2091F326F74640CZ0Z_R	100.000	22	0	7.27e-08	44.1
M03520:605:000000000-LVNKY:1:1106:18855:7201;size=18	RH.85A5303CAAF54ADZ0Z_R	100.000	22	0	7.27e-08	44.1
M03520:605:000000000-LVNKY:1:1106:18855:7201;size=18	RH.85A5303CAAF54ADZ0Z_F	100.000	21	0	2.87e-07	42.1
M03520:605:000000000-LVNKY:1:1107:14919:4592;size=18	RH.7CE39E25906745AZ0Z_R	100.000	26	0	2.98e-10	52.0
M03520:605:000000000-LVNKY:1:1107:14919:4592;size=18	RH.7CE39E25906745AZ0Z_F	100.000	25	0	1.18e-09	50.1
M03520:605:000000000-LVNKY:1:1101:10458:14932;size=17	RH.7CE39E25906745AZ0Z_R	100.000	26	0	2.98e-10	52.0
M03520:605:000000000-LVNKY:1:1101:10458:14932;size=17	RH.7CE39E25906745AZ0Z_F	100.000	25	0	1.18e-09	50.1
M03520:605:000000000-LVNKY:1:1101:11298:5208;size=17	RH.27578A9A85FA4A3Z0Z_F	100.000	24	0	4.65e-09	48.1
M03520:605:000000000-LVNKY:1:1101:11298:5208;size=17	RH.27578A9A85FA4A3Z0Z_R	100.000	22	0	7.27e-08	44.1
M03520:605:000000000-LVNKY:1:1101:11356:24150;size=17	RH.7CE39E25906745AZ0Z_R	100.000	26	0	2.98e-10	52.0
M03520:605:000000000-LVNKY:1:1101:11356:24150;size=17	RH.7CE39E25906745AZ0Z_F	100.000	25	0	1.18e-09	50.1
M03520:605:000000000-LVNKY:1:1101:11897:21847;size=17	RH.0BD19D1A26A74EBZ0Z_F	100.000	25	0	1.18e-09	50.1
M03520:605:000000000-LVNKY:1:1101:11897:21847;size=17	RH.0BD19D1A26A74EBZ0Z_R	100.000	24	0	4.65e-09	48.1
M03520:605:000000000-LVNKY:1:1101:12040:21084;size=17	RH.2A8AD21024974C0Z0Z_F	100.000	26	0	2.98e-10	52.0
M03520:605:000000000-LVNKY:1:1101:12040:21084;size=17	RH.2A8AD21024974C0Z0Z_R	100.000	25	0	1.18e-09	50.1
M03520:605:000000000-LVNKY:1:1101:12275:14299;size=17	RH.0550AF0F57084ADZ0Z_R	100.000	22	0	7.27e-08	44.1
M03520:605:000000000-LVNKY:1:1101:12275:14299;size=17	RH.0550AF0F57084ADZ0Z_F	95.833	24	1	1.13e-06	40.1
M03520:605:000000000-LVNKY:1:1101:15325:5991;size=17	RH.DDB83AFF97C94C6Z0Z_R	100.000	25	0	1.18e-09	50.1
M03520:605:000000000-LVNKY:1:1101:15325:5991;size=17	RH.DDB83AFF97C94C6Z0Z_F	100.000	24	0	4.65e-09	48.1
M03520:605:000000000-LVNKY:1:1101:15980:8604;size=17	RH.0BD19D1A26A74EBZ0Z_R	100.000	24	0	4.65e-09	48.1
M03520:605:000000000-LVNKY:1:1101:15980:8604;size=17	RH.0BD19D1A26A74EBZ0Z_F	96.000	25	1	2.87e-07	42.1
M03520:605:000000000-LVNKY:1:1101:16323:3443;size=17	RH.85A5303CAAF54ADZ0Z_R	100.000	22	0	7.27e-08	44.1
M03520:605:000000000-LVNKY:1:1101:16323:3443;size=17	RH.85A5303CAAF54ADZ0Z_F	100.000	21	0	2.87e-07	42.1
M03520:605:000000000-LVNKY:1:1101:17630:24940;size=17	RH.B9EF730EBE6C436Z0Z_R	100.000	25	0	1.18e-09	50.1
M03520:605:000000000-LVNKY:1:1101:17630:24940;size=17	RH.B9EF730EBE6C436Z0Z_F	100.000	25	0	1.18e-09	50.1
M03520:605:000000000-LVNKY:1:1101:20083:24562;size=17	RH.0550AF0F57084ADZ0Z_F	100.000	24	0	4.65e-09	48.1
M03520:605:000000000-LVNKY:1:1101:20083:24562;size=17	RH.0550AF0F57084ADZ0Z_R	100.000	22	0	7.27e-08	44.1
M03520:605:000000000-LVNKY:1:1101:20210:4527;size=17	RH.7CE39E25906745AZ0Z_R	100.000	26	0	2.98e-10	52.0
M03520:605:000000000-LVNKY:1:1101:20210:4527;size=17	RH.7CE39E25906745AZ0Z_F	100.000	25	0	1.18e-09	50.1
M03520:605:000000000-LVNKY:1:1101:20262:14983;size=17	RH.51338FA06EDB4F0Z0Z_R	100.000	25	0	1.18e-09	50.1
M03520:605:000000000-LVNKY:1:1101:20262:14983;size=17	RH.51338FA06EDB4F0Z0Z_F	100.000	22	0	7.27e-08	44.1
M03520:605:000000000-LVNKY:1:1101:20691:17107;size=17	RH.0096A141894D447Z0Z_F	100.000	24	0	4.65e-09	48.1
M03520:605:000000000-LVNKY:1:1101:20691:17107;size=17	RH.0096A141894D447Z0Z_R	100.000	21	0	2.87e-07	42.1
M03520:605:000000000-LVNKY:1:1101:21025:22450;size=17	RH.0096A141894D447Z0Z_F	100.000	24	0	4.65e-09	48.1
M03520:605:000000000-LVNKY:1:1101:21025:22450;size=17	RH.0096A141894D447Z0Z_R	100.000	21	0	2.87e-07	42.1
M03520:605:000000000-LVNKY:1:1101:22270:14196;size=17	RH.2A8AD21024974C0Z0Z_F	100.000	26	0	2.98e-10	52.0
M03520:605:000000000-LVNKY:1:1101:22270:14196;size=17	RH.2A8AD21024974C0Z0Z_R	100.000	25	0	1.18e-09	50.1
M03520:605:000000000-LVNKY:1:1101:22366:25868;size=17	RH.0096A141894D447Z0Z_F	100.000	24	0	4.65e-09	48.1
M03520:605:000000000-LVNKY:1:1101:22366:25868;size=17	RH.0096A141894D447Z0Z_R	100.000	21	0	2.87e-07	42.1
M03520:605:000000000-LVNKY:1:1101:22807:13429;size=17	RH.0096A141894D447Z0Z_R	100.000	21	0	2.87e-07	42.1
M03520:605:000000000-LVNKY:1:1101:22807:13429;size=17	RH.0096A141894D447Z0Z_F	95.833	24	1	1.13e-06	40.1
M03520:605:000000000-LVNKY:1:1101:24534:6805;size=17	RH.7CE39E25906745AZ0Z_R	100.000	26	0	2.98e-10	52.0
M03520:605:000000000-LVNKY:1:1101:24534:6805;size=17	RH.7CE39E25906745AZ0Z_F	100.000	25	0	1.18e-09	50.1
M03520:605:000000000-LVNKY:1:1101:25524:12552;size=17	RH.DDB83AFF97C94C6Z0Z_R	100.000	25	0	1.18e-09	50.1
M03520:605:000000000-LVNKY:1:1101:25524:12552;size=17	RH.DDB83AFF97C94C6Z0Z_F	100.000	24	0	4.65e-09	48.1
M03520:605:000000000-LVNKY:1:1101:27936:11843;size=17	RH.85A5303CAAF54ADZ0Z_R	100.000	22	0	7.27e-08	44.1
M03520:605:000000000-LVNKY:1:1101:27936:11843;size=17	RH.85A5303CAAF54ADZ0Z_F	100.000	21	0	2.87e-07	42.1
M03520:605:000000000-LVNKY:1:1101:28029:11959;size=17	RH.0BD19D1A26A74EBZ0Z_F	100.000	25	0	1.18e-09	50.1
M03520:605:000000000-LVNKY:1:1101:28029:11959;size=17	RH.0BD19D1A26A74EBZ0Z_R	95.833	24	1	1.13e-06	40.1
M03520:605:000000000-LVNKY:1:1101:3855:10140;size=17	RH.1CC74B91718A42FZ0Z_R	100.000	25	0	1.18e-09	50.1
M03520:605:000000000-LVNKY:1:1101:3855:10140;size=17	RH.1CC74B91718A42FZ0Z_F	100.000	24	0	4.65e-09	48.1
M03520:605:000000000-LVNKY:1:1101:9431:10944;size=17	RH.0096A141894D447Z0Z_F	100.000	24	0	4.65e-09	48.1
M03520:605:000000000-LVNKY:1:1101:9431:10944;size=17	RH.0096A141894D447Z0Z_R	100.000	21	0	2.87e-07	42.1
M03520:605:000000000-LVNKY:1:1102:12517:26163;size=17	RH.0096A141894D447Z0Z_F	100.000	24	0	4.65e-09	48.1
M03520:605:000000000-LVNKY:1:1102:12730:26383;size=17	RH.85A5303CAAF54ADZ0Z_R	100.000	22	0	7.27e-08	44.1
M03520:605:000000000-LVNKY:1:1102:12730:26383;size=17	RH.85A5303CAAF54ADZ0Z_F	100.000	21	0	2.87e-07	42.1
M03520:605:000000000-LVNKY:1:1102:12889:11461;size=17	RH.7CE39E25906745AZ0Z_R	100.000	26	0	2.98e-10	52.0
M03520:605:000000000-LVNKY:1:1102:12889:11461;size=17	RH.7CE39E25906745AZ0Z_F	100.000	25	0	1.18e-09	50.1
M03520:605:000000000-LVNKY:1:1102:14146:27369;size=17	RH.27578A9A85FA4A3Z0Z_F	100.000	24	0	4.65e-09	48.1
M03520:605:000000000-LVNKY:1:1102:16697:3147;size=17	RH.2A8AD21024974C0Z0Z_F	100.000	26	0	2.98e-10	52.0
M03520:605:000000000-LVNKY:1:1102:16697:3147;size=17	RH.2A8AD21024974C0Z0Z_R	96.000	25	1	2.87e-07	42.1
M03520:605:000000000-LVNKY:1:1102:16968:8916;size=17	RH.51338FA06EDB4F0Z0Z_F	100.000	25	0	1.18e-09	50.1
M03520:605:000000000-LVNKY:1:1102:16968:8916;size=17	RH.51338FA06EDB4F0Z0Z_R	96.000	25	1	2.87e-07	42.1
M03520:605:000000000-LVNKY:1:1102:17153:22249;size=17	RH.0550AF0F57084ADZ0Z_F	100.000	24	0	4.65e-09	48.1
M03520:605:000000000-LVNKY:1:1102:17519:22562;size=17	RH.0096A141894D447Z0Z_R	100.000	21	0	2.87e-07	42.1
M03520:605:000000000-LVNKY:1:1102:17519:22562;size=17	RH.0096A141894D447Z0Z_F	95.833	24	1	1.13e-06	40.1
M03520:605:000000000-LVNKY:1:1102:18286:12238;size=17	RH.69CEA0AC39F4445Z0Z_F	100.000	24	0	4.65e-09	48.1
M03520:605:000000000-LVNKY:1:1102:18286:12238;size=17	RH.69CEA0AC39F4445Z0Z_R	100.000	23	0	1.84e-08	46.1
M03520:605:000000000-LVNKY:1:1102:18748:9346;size=17	RH.DDB83AFF97C94C6Z0Z_R	100.000	25	0	1.18e-09	50.1
M03520:605:000000000-LVNKY:1:1102:18748:9346;size=17	RH.DDB83AFF97C94C6Z0Z_F	100.000	22	0	7.27e-08	44.1
M03520:605:000000000-LVNKY:1:1102:19215:16100;size=17	RH.7CE39E25906745AZ0Z_R	100.000	26	0	2.98e-10	52.0
M03520:605:000000000-LVNKY:1:1102:19215:16100;size=17	RH.7CE39E25906745AZ0Z_F	96.000	25	1	2.87e-07	42.1
M03520:605:000000000-LVNKY:1:1102:23107:8580;size=17	RH.0BD19D1A26A74EBZ0Z_F	100.000	25	0	1.18e-09	50.1
M03520:605:000000000-LVNKY:1:1102:23107:8580;size=17	RH.0BD19D1A26A74EBZ0Z_R	100.000	24	0	4.65e-09	48.1
M03520:605:000000000-LVNKY:1:1102:24900:21121;size=17	RH.DDB83AFF97C94C6Z0Z_R	100.000	25	0	1.18e-09	50.1
M03520:605:000000000-LVNKY:1:1102:24900:21121;size=17	RH.DDB83AFF97C94C6Z0Z_F	95.833	24	1	1.13e-06	40.1
M03520:605:000000000-LVNKY:1:1102:25067:24989;size=17	RH.27578A9A85FA4A3Z0Z_F	100.000	24	0	4.65e-09	48.1
M03520:605:000000000-LVNKY:1:1102:25067:24989;size=17	RH.27578A9A85FA4A3Z0Z_R	100.000	22	0	7.27e-08	44.1
M03520:605:000000000-LVNKY:1:1102:25596:12114;size=17	RH.0BD19D1A26A74EBZ0Z_F	100.000	25	0	1.18e-09	50.1
M03520:605:000000000-LVNKY:1:1102:25596:12114;size=17	RH.0BD19D1A26A74EBZ0Z_R	100.000	20	0	1.13e-06	40.1
M03520:605:000000000-LVNKY:1:1102:26471:20046;size=17	RH.1CC74B91718A42FZ0Z_R	100.000	25	0	1.18e-09	50.1
M03520:605:000000000-LVNKY:1:1102:26471:20046;size=17	RH.1CC74B91718A42FZ0Z_F	100.000	24	0	4.65e-09	48.1
M03520:605:000000000-LVNKY:1:1102:27312:14956;size=17	RH.7CE39E25906745AZ0Z_F	100.000	25	0	1.18e-09	50.1
M03520:605:000000000-LVNKY:1:1102:27312:14956;size=17	RH.7CE39E25906745AZ0Z_R	100.000	23	0	1.84e-08	46.1
M03520:605:000000000-LVNKY:1:1102:2850:16480;size=17	RH.0BD19D1A26A74EBZ0Z_F	100.000	25	0	1.18e-09	50.1
M03520:605:000000000-LVNKY:1:1102:2850:16480;size=17	RH.0BD19D1A26A74EBZ0Z_R	100.000	24	0	4.65e-09	48.1
M03520:605:000000000-LVNKY:1:1102:29347:13234;size=17	RH.2A8AD21024974C0Z0Z_F	100.000	26	0	2.98e-10	52.0
M03520:605:000000000-LVNKY:1:1102:29347:13234;size=17	RH.2A8AD21024974C0Z0Z_R	100.000	25	0	1.18e-09	50.1
M03520:605:000000000-LVNKY:1:1102:8827:17546;size=17	RH.2A8AD21024974C0Z0Z_F	100.000	26	0	2.98e-10	52.0
M03520:605:000000000-LVNKY:1:1102:8827:17546;size=17	RH.2A8AD21024974C0Z0Z_R	100.000	23	0	1.84e-08	46.1
M03520:605:000000000-LVNKY:1:1103:10549:15519;size=17	RH.7CE39E25906745AZ0Z_R	100.000	26	0	2.98e-10	52.0
M03520:605:000000000-LVNKY:1:1103:10549:15519;size=17	RH.7CE39E25906745AZ0Z_F	100.000	25	0	1.18e-09	50.1
M03520:605:000000000-LVNKY:1:1103:11387:13938;size=17	RH.85A5303CAAF54ADZ0Z_R	100.000	22	0	7.27e-08	44.1
M03520:605:000000000-LVNKY:1:1103:11516:2903;size=17	RH.2091F326F74640CZ0Z_F	100.000	24	0	4.65e-09	48.1
M03520:605:000000000-LVNKY:1:1103:19150:8614;size=17	RH.8B25A056ABC1444Z0Z_R	100.000	24	0	4.65e-09	48.1
M03520:605:000000000-LVNKY:1:1103:19272:17358;size=17	RH.0BD19D1A26A74EBZ0Z_R	100.000	24	0	4.65e-09	48.1
M03520:605:000000000-LVNKY:1:1103:19272:17358;size=17	RH.0BD19D1A26A74EBZ0Z_F	96.000	25	1	2.87e-07	42.1
M03520:605:000000000-LVNKY:1:1103:20513:3293;size=17	RH.DDB83AFF97C94C6Z0Z_R	100.000	25	0	1.18e-09	50.1
M03520:605:000000000-LVNKY:1:1103:20513:3293;size=17	RH.DDB83AFF97C94C6Z0Z_F	100.000	24	0	4.65e-09	48.1
M03520:605:000000000-LVNKY:1:1103:21389:12365;size=17	RH.E04EE94198274F7Z0Z_F	100.000	25	0	1.18e-09	50.1
M03520:605:000000000-LVNKY:1:1103:21389:12365;size=17	RH.E04EE94198274F7Z0Z_R	95.833	24	1	1.13e-06	40.1
M03520:605:000000000-LVNKY:1:1103:21410:25926;size=17	RH.7CE39E25906745AZ0Z_F	100.000	25	0	1.18e-09	50.1
M03520:605:000000000-LVNKY:1:1103:21410:25926;size=17	RH.7CE39E25906745AZ0Z_R	96.154	26	1	7.27e-08	44.1
M03520:605:000000000-LVNKY:1:1103:3977:22309;size=17	RH.51338FA06EDB4F0Z0Z_F	100.000	25	0	1.18e-09	50.1
M03520:605:000000000-LVNKY:1:1103:3977:22309;size=17	RH.51338FA06EDB4F0Z0Z_R	100.000	25	0	1.18e-09	50.1
M03520:605:000000000-LVNKY:1:1104:22796:14578;size=17	RH.1CC74B91718A42FZ0Z_R	100.000	25	0	1.18e-09	50.1
M03520:605:000000000-LVNKY:1:1104:22796:14578;size=17	RH.1CC74B91718A42FZ0Z_F	100.000	24	0	4.65e-09	48.1
M03520:605:000000000-LVNKY:1:1104:2350:15390;size=17	RH.27578A9A85FA4A3Z0Z_F	100.000	24	0	4.65e-09	48.1
M03520:605:000000000-LVNKY:1:1104:2350:15390;size=17	RH.27578A9A85FA4A3Z0Z_R	100.000	22	0	7.27e-08	44.1
M03520:605:000000000-LVNKY:1:1105:17515:10819;size=17	RH.B9EF730EBE6C436Z0Z_F	100.000	25	0	1.18e-09	50.1
M03520:605:000000000-LVNKY:1:1105:17515:10819;size=17	RH.B9EF730EBE6C436Z0Z_R	100.000	21	0	2.87e-07	42.1
M03520:605:000000000-LVNKY:1:1105:20363:26011;size=17	RH.7CE39E25906745AZ0Z_R	100.000	26	0	2.98e-10	52.0
M03520:605:000000000-LVNKY:1:1105:20363:26011;size=17	RH.7CE39E25906745AZ0Z_F	100.000	21	0	2.87e-07	42.1
M03520:605:000000000-LVNKY:1:1105:28138:20114;size=17	RH.DDB83AFF97C94C6Z0Z_R	100.000	25	0	1.18e-09	50.1
M03520:605:000000000-LVNKY:1:1105:28138:20114;size=17	RH.DDB83AFF97C94C6Z0Z_F	100.000	24	0	4.65e-09	48.1
M03520:605:000000000-LVNKY:1:1106:23823:18132;size=17	RH.E04EE94198274F7Z0Z_F	100.000	25	0	1.18e-09	50.1
M03520:605:000000000-LVNKY:1:1106:23823:18132;size=17	RH.E04EE94198274F7Z0Z_R	95.833	24	1	1.13e-06	40.1
M03520:605:000000000-LVNKY:1:1107:22970:5955;size=17	RH.0096A141894D447Z0Z_F	100.000	24	0	4.65e-09	48.1
M03520:605:000000000-LVNKY:1:1108:4080:9645;size=17	RH.CA1E204B0C0842DZ0Z_F	100.000	26	0	2.98e-10	52.0
M03520:605:000000000-LVNKY:1:1108:4080:9645;size=17	RH.CA1E204B0C0842DZ0Z_R	100.000	24	0	4.65e-09	48.1
M03520:605:000000000-LVNKY:1:1101:11582:21285;size=16	RH.7CE39E25906745AZ0Z_R	100.000	26	0	2.98e-10	52.0
M03520:605:000000000-LVNKY:1:1101:11582:21285;size=16	RH.7CE39E25906745AZ0Z_F	96.000	25	1	2.87e-07	42.1
M03520:605:000000000-LVNKY:1:1101:13404:22282;size=16	RH.B9EF730EBE6C436Z0Z_F	100.000	25	0	1.18e-09	50.1
M03520:605:000000000-LVNKY:1:1101:13967:16263;size=16	RH.B9EF730EBE6C436Z0Z_R	100.000	25	0	1.18e-09	50.1
M03520:605:000000000-LVNKY:1:1101:13967:16263;size=16	RH.B9EF730EBE6C436Z0Z_F	100.000	21	0	2.87e-07	42.1
M03520:605:000000000-LVNKY:1:1101:15940:6722;size=16	RH.7CE39E25906745AZ0Z_R	100.000	26	0	2.98e-10	52.0
M03520:605:000000000-LVNKY:1:1101:18396:27299;size=16	RH.B9EF730EBE6C436Z0Z_F	100.000	25	0	1.18e-09	50.1
M03520:605:000000000-LVNKY:1:1101:18396:27299;size=16	RH.B9EF730EBE6C436Z0Z_R	96.000	25	1	2.87e-07	42.1
M03520:605:000000000-LVNKY:1:1101:18564:20495;size=16	RH.DDB83AFF97C94C6Z0Z_R	100.000	25	0	1.18e-09	50.1
M03520:605:000000000-LVNKY:1:1101:18564:20495;size=16	RH.DDB83AFF97C94C6Z0Z_F	100.000	24	0	4.65e-09	48.1
M03520:605:000000000-LVNKY:1:1101:19373:26444;size=16	RH.0096A141894D447Z0Z_F	100.000	24	0	4.65e-09	48.1
M03520:605:000000000-LVNKY:1:1101:19373:26444;size=16	RH.0096A141894D447Z0Z_R	100.000	21	0	2.87e-07	42.1
M03520:605:000000000-LVNKY:1:1101:19553:4620;size=16	RH.2A8AD21024974C0Z0Z_F	100.000	26	0	2.98e-10	52.0
M03520:605:000000000-LVNKY:1:1101:19553:4620;size=16	RH.2A8AD21024974C0Z0Z_R	100.000	25	0	1.18e-09	50.1
M03520:605:000000000-LVNKY:1:1101:19588:26186;size=16	RH.0096A141894D447Z0Z_F	100.000	24	0	4.65e-09	48.1
M03520:605:000000000-LVNKY:1:1101:19588:26186;size=16	RH.0096A141894D447Z0Z_R	100.000	21	0	2.87e-07	42.1
M03520:605:000000000-LVNKY:1:1101:20200:11393;size=16	RH.51338FA06EDB4F0Z0Z_R	100.000	25	0	1.18e-09	50.1
M03520:605:000000000-LVNKY:1:1101:20200:11393;size=16	RH.51338FA06EDB4F0Z0Z_F	100.000	25	0	1.18e-09	50.1
M03520:605:000000000-LVNKY:1:1101:20644:9101;size=16	RH.7CE39E25906745AZ0Z_R	100.000	25	0	1.18e-09	50.1
M03520:605:000000000-LVNKY:1:1101:20644:9101;size=16	RH.7CE39E25906745AZ0Z_F	100.000	25	0	1.18e-09	50.1
M03520:605:000000000-LVNKY:1:1101:21274:3744;size=16	RH.0096A141894D447Z0Z_F	100.000	24	0	4.65e-09	48.1
M03520:605:000000000-LVNKY:1:1101:21274:3744;size=16	RH.0096A141894D447Z0Z_R	100.000	21	0	2.87e-07	42.1
M03520:605:000000000-LVNKY:1:1101:21619:27614;size=16	RH.51338FA06EDB4F0Z0Z_R	100.000	25	0	1.18e-09	50.1
M03520:605:000000000-LVNKY:1:1101:21619:27614;size=16	RH.51338FA06EDB4F0Z0Z_F	96.000	25	1	2.87e-07	42.1
M03520:605:000000000-LVNKY:1:1101:21646:20853;size=16	RH.B9EF730EBE6C436Z0Z_F	100.000	25	0	1.18e-09	50.1
M03520:605:000000000-LVNKY:1:1101:21646:20853;size=16	RH.B9EF730EBE6C436Z0Z_R	100.000	22	0	7.27e-08	44.1
M03520:605:000000000-LVNKY:1:1101:22888:6014;size=16	RH.DDB83AFF97C94C6Z0Z_R	100.000	25	0	1.18e-09	50.1
M03520:605:000000000-LVNKY:1:1101:22888:6014;size=16	RH.DDB83AFF97C94C6Z0Z_F	100.000	20	0	1.13e-06	40.1
M03520:605:000000000-LVNKY:1:1101:23524:16251;size=16	RH.7CE39E25906745AZ0Z_R	100.000	26	0	2.98e-10	52.0
M03520:605:000000000-LVNKY:1:1101:23524:16251;size=16	RH.7CE39E25906745AZ0Z_F	100.000	21	0	2.87e-07	42.1
M03520:605:000000000-LVNKY:1:1101:24843:21718;size=16	RH.0550AF0F57084ADZ0Z_F	100.000	24	0	4.65e-09	48.1
M03520:605:000000000-LVNKY:1:1101:24843:21718;size=16	RH.0550AF0F57084ADZ0Z_R	100.000	22	0	7.27e-08	44.1
M03520:605:000000000-LVNKY:1:1101:25415:11715;size=16	RH.51338FA06EDB4F0Z0Z_F	100.000	25	0	1.18e-09	50.1
M03520:605:000000000-LVNKY:1:1101:25415:11715;size=16	RH.51338FA06EDB4F0Z0Z_R	100.000	24	0	4.65e-09	48.1
M03520:605:000000000-LVNKY:1:1101:26985:16142;size=16	RH.0550AF0F57084ADZ0Z_F	100.000	24	0	4.65e-09	48.1
M03520:605:000000000-LVNKY:1:1101:26985:16142;size=16	RH.0550AF0F57084ADZ0Z_R	100.000	22	0	7.27e-08	44.1
M03520:605:000000000-LVNKY:1:1101:27153:10405;size=16	RH.AB2BB1970395481Z0Z_R	100.000	26	0	2.98e-10	52.0
M03520:605:000000000-LVNKY:1:1101:27153:10405;size=16	RH.AB2BB1970395481Z0Z_F	100.000	25	0	1.18e-09	50.1
M03520:605:000000000-LVNKY:1:1101:27238:22413;size=16	RH.0096A141894D447Z0Z_F	100.000	24	0	4.65e-09	48.1
M03520:605:000000000-LVNKY:1:1101:27240:9354;size=16	RH.DDB83AFF97C94C6Z0Z_R	100.000	25	0	1.18e-09	50.1
M03520:605:000000000-LVNKY:1:1101:27240:9354;size=16	RH.DDB83AFF97C94C6Z0Z_F	100.000	24	0	4.65e-09	48.1
M03520:605:000000000-LVNKY:1:1101:28356:11663;size=16	RH.0BD19D1A26A74EBZ0Z_F	100.000	25	0	1.18e-09	50.1
M03520:605:000000000-LVNKY:1:1101:28356:11663;size=16	RH.0BD19D1A26A74EBZ0Z_R	100.000	24	0	4.65e-09	48.1
M03520:605:000000000-LVNKY:1:1101:2887:10331;size=16	RH.7CE39E25906745AZ0Z_R	100.000	26	0	2.98e-10	52.0
M03520:605:000000000-LVNKY:1:1101:2887:10331;size=16	RH.7CE39E25906745AZ0Z_F	100.000	25	0	1.18e-09	50.1
M03520:605:000000000-LVNKY:1:1101:4411:7352;size=16	RH.DDB83AFF97C94C6Z0Z_F	100.000	24	0	4.65e-09	48.1
M03520:605:000000000-LVNKY:1:1101:4411:7352;size=16	RH.DDB83AFF97C94C6Z0Z_R	96.000	25	1	2.87e-07	42.1
M03520:605:000000000-LVNKY:1:1101:8530:18126;size=16	RH.7CE39E25906745AZ0Z_R	100.000	26	0	2.98e-10	52.0
M03520:605:000000000-LVNKY:1:1101:8530:18126;size=16	RH.7CE39E25906745AZ0Z_F	96.000	25	1	2.87e-07	42.1
M03520:605:000000000-LVNKY:1:1101:9573:22130;size=16	RH.0096A141894D447Z0Z_F	100.000	24	0	4.65e-09	48.1
M03520:605:000000000-LVNKY:1:1101:9573:22130;size=16	RH.0096A141894D447Z0Z_R	100.000	21	0	2.87e-07	42.1
M03520:605:000000000-LVNKY:1:1101:9753:24260;size=16	RH.DDB83AFF97C94C6Z0Z_R	100.000	25	0	1.18e-09	50.1
M03520:605:000000000-LVNKY:1:1101:9753:24260;size=16	RH.DDB83AFF97C94C6Z0Z_F	100.000	24	0	4.65e-09	48.1
M03520:605:000000000-LVNKY:1:1102:10974:12573;size=16	RH.DDB83AFF97C94C6Z0Z_R	100.000	25	0	1.18e-09	50.1
M03520:605:000000000-LVNKY:1:1102:11010:4008;size=16	RH.7CE39E25906745AZ0Z_R	100.000	26	0	2.98e-10	52.0
M03520:605:000000000-LVNKY:1:1102:11010:4008;size=16	RH.7CE39E25906745AZ0Z_F	100.000	25	0	1.18e-09	50.1
M03520:605:000000000-LVNKY:1:1102:11199:9332;size=16	RH.DDB83AFF97C94C6Z0Z_R	100.000	25	0	1.18e-09	50.1
M03520:605:000000000-LVNKY:1:1102:11199:9332;size=16	RH.DDB83AFF97C94C6Z0Z_F	100.000	24	0	4.65e-09	48.1
M03520:605:000000000-LVNKY:1:1102:14654:3652;size=16	RH.B9EF730EBE6C436Z0Z_R	100.000	25	0	1.18e-09	50.1
M03520:605:000000000-LVNKY:1:1102:14654:3652;size=16	RH.B9EF730EBE6C436Z0Z_F	100.000	25	0	1.18e-09	50.1
M03520:605:000000000-LVNKY:1:1102:14708:27667;size=16	RH.DDB83AFF97C94C6Z0Z_R	100.000	25	0	1.18e-09	50.1
M03520:605:000000000-LVNKY:1:1102:14708:27667;size=16	RH.DDB83AFF97C94C6Z0Z_F	100.000	24	0	4.65e-09	48.1
M03520:605:000000000-LVNKY:1:1102:17958:5669;size=16	RH.B9EF730EBE6C436Z0Z_F	100.000	25	0	1.18e-09	50.1
M03520:605:000000000-LVNKY:1:1102:17958:5669;size=16	RH.B9EF730EBE6C436Z0Z_R	96.000	25	1	2.87e-07	42.1
M03520:605:000000000-LVNKY:1:1102:20303:18784;size=16	RH.0096A141894D447Z0Z_F	100.000	24	0	4.65e-09	48.1
M03520:605:000000000-LVNKY:1:1102:2093:13229;size=16	RH.E04EE94198274F7Z0Z_F	100.000	25	0	1.18e-09	50.1
M03520:605:000000000-LVNKY:1:1102:2093:13229;size=16	RH.E04EE94198274F7Z0Z_R	95.833	24	1	1.13e-06	40.1
M03520:605:000000000-LVNKY:1:1102:23934:8786;size=16	RH.85A5303CAAF54ADZ0Z_R	100.000	22	0	7.27e-08	44.1
M03520:605:000000000-LVNKY:1:1102:24062:19421;size=16	RH.0096A141894D447Z0Z_F	100.000	24	0	4.65e-09	48.1
M03520:605:000000000-LVNKY:1:1102:24062:19421;size=16	RH.0096A141894D447Z0Z_R	100.000	21	0	2.87e-07	42.1
M03520:605:000000000-LVNKY:1:1102:4387:10864;size=16	RH.7CE39E25906745AZ0Z_R	100.000	26	0	2.98e-10	52.0
M03520:605:000000000-LVNKY:1:1102:4387:10864;size=16	RH.7CE39E25906745AZ0Z_F	100.000	25	0	1.18e-09	50.1
M03520:605:000000000-LVNKY:1:1102:5467:20256;size=16	RH.2091F326F74640CZ0Z_F	100.000	24	0	4.65e-09	48.1
M03520:605:000000000-LVNKY:1:1102:7093:12950;size=16	RH.0096A141894D447Z0Z_F	100.000	24	0	4.65e-09	48.1
M03520:605:000000000-LVNKY:1:1102:7093:12950;size=16	RH.0096A141894D447Z0Z_R	100.000	21	0	2.87e-07	42.1
M03520:605:000000000-LVNKY:1:1102:8287:17903;size=16	RH.51338FA06EDB4F0Z0Z_R	100.000	25	0	1.18e-09	50.1
M03520:605:000000000-LVNKY:1:1102:8287:17903;size=16	RH.51338FA06EDB4F0Z0Z_F	100.000	25	0	1.18e-09	50.1
M03520:605:000000000-LVNKY:1:1102:8343:25429;size=16	RH.B9EF730EBE6C436Z0Z_R	100.000	25	0	1.18e-09	50.1
M03520:605:000000000-LVNKY:1:1102:8343:25429;size=16	RH.B9EF730EBE6C436Z0Z_F	100.000	25	0	1.18e-09	50.1
M03520:605:000000000-LVNKY:1:1102:9113:21144;size=16	RH.7CE39E25906745AZ0Z_R	100.000	26	0	2.98e-10	52.0
M03520:605:000000000-LVNKY:1:1102:9113:21144;size=16	RH.7CE39E25906745AZ0Z_F	100.000	24	0	4.65e-09	48.1
M03520:605:000000000-LVNKY:1:1102:9760:19523;size=16	RH.2A8AD21024974C0Z0Z_F	100.000	26	0	2.98e-10	52.0
M03520:605:000000000-LVNKY:1:1102:9760:19523;size=16	RH.2A8AD21024974C0Z0Z_R	100.000	25	0	1.18e-09	50.1
M03520:605:000000000-LVNKY:1:1103:17018:14840;size=16	RH.DDB83AFF97C94C6Z0Z_R	100.000	25	0	1.18e-09	50.1
M03520:605:000000000-LVNKY:1:1103:17018:14840;size=16	RH.DDB83AFF97C94C6Z0Z_F	100.000	24	0	4.65e-09	48.1
M03520:605:000000000-LVNKY:1:1103:19186:16560;size=16	RH.0096A141894D447Z0Z_F	100.000	24	0	4.65e-09	48.1
M03520:605:000000000-LVNKY:1:1103:21111:15160;size=16	RH.7CE39E25906745AZ0Z_R	100.000	24	0	4.65e-09	48.1
M03520:605:000000000-LVNKY:1:1103:2774:20417;size=16	RH.69CEA0AC39F4445Z0Z_R	100.000	23	0	1.84e-08	46.1
M03520:605:000000000-LVNKY:1:1103:7956:9360;size=16	RH.7CE39E25906745AZ0Z_R	100.000	26	0	2.98e-10	52.0
M03520:605:000000000-LVNKY:1:1103:7956:9360;size=16	RH.7CE39E25906745AZ0Z_F	96.000	25	1	2.87e-07	42.1
M03520:605:000000000-LVNKY:1:1103:9762:15937;size=16	RH.DDB83AFF97C94C6Z0Z_R	100.000	25	0	1.18e-09	50.1
M03520:605:000000000-LVNKY:1:1103:9762:15937;size=16	RH.AB03371A973C4B1Z0Z_F	100.000	24	0	4.65e-09	48.1
M03520:605:000000000-LVNKY:1:1104:12861:4033;size=16	RH.E04EE94198274F7Z0Z_F	100.000	25	0	1.18e-09	50.1
M03520:605:000000000-LVNKY:1:1104:12861:4033;size=16	RH.E04EE94198274F7Z0Z_R	95.833	24	1	1.13e-06	40.1
M03520:605:000000000-LVNKY:1:1104:13366:10034;size=16	RH.85A5303CAAF54ADZ0Z_R	100.000	21	0	2.87e-07	42.1
M03520:605:000000000-LVNKY:1:1104:13366:10034;size=16	RH.85A5303CAAF54ADZ0Z_F	100.000	21	0	2.87e-07	42.1
M03520:605:000000000-LVNKY:1:1104:17468:2415;size=16	RH.85A5303CAAF54ADZ0Z_R	100.000	22	0	7.27e-08	44.1
M03520:605:000000000-LVNKY:1:1104:17468:2415;size=16	RH.85A5303CAAF54ADZ0Z_F	100.000	21	0	2.87e-07	42.1
M03520:605:000000000-LVNKY:1:1104:18801:11023;size=16	RH.7CE39E25906745AZ0Z_R	100.000	26	0	2.98e-10	52.0
M03520:605:000000000-LVNKY:1:1104:18801:11023;size=16	RH.7CE39E25906745AZ0Z_F	100.000	25	0	1.18e-09	50.1
M03520:605:000000000-LVNKY:1:1104:26525:12529;size=16	RH.0BD19D1A26A74EBZ0Z_F	100.000	25	0	1.18e-09	50.1
M03520:605:000000000-LVNKY:1:1104:26525:12529;size=16	RH.0BD19D1A26A74EBZ0Z_R	100.000	24	0	4.65e-09	48.1
M03520:605:000000000-LVNKY:1:1104:27219:18541;size=16	RH.2A8AD21024974C0Z0Z_R	100.000	25	0	1.18e-09	50.1
M03520:605:000000000-LVNKY:1:1104:27219:18541;size=16	RH.2A8AD21024974C0Z0Z_F	100.000	24	0	4.65e-09	48.1
M03520:605:000000000-LVNKY:1:1104:4870:22435;size=16	RH.27578A9A85FA4A3Z0Z_F	100.000	24	0	4.65e-09	48.1
M03520:605:000000000-LVNKY:1:1104:4870:22435;size=16	RH.27578A9A85FA4A3Z0Z_R	100.000	22	0	7.27e-08	44.1
M03520:605:000000000-LVNKY:1:1104:9786:16224;size=16	RH.DDB83AFF97C94C6Z0Z_R	100.000	25	0	1.18e-09	50.1
M03520:605:000000000-LVNKY:1:1104:9786:16224;size=16	RH.DDB83AFF97C94C6Z0Z_F	100.000	24	0	4.65e-09	48.1
M03520:605:000000000-LVNKY:1:1105:10254:8502;size=16	RH.0550AF0F57084ADZ0Z_R	100.000	22	0	7.27e-08	44.1
M03520:605:000000000-LVNKY:1:1105:10254:8502;size=16	RH.0550AF0F57084ADZ0Z_F	95.833	24	1	1.13e-06	40.1
M03520:605:000000000-LVNKY:1:1105:5460:24246;size=16	RH.51338FA06EDB4F0Z0Z_F	100.000	25	0	1.18e-09	50.1
M03520:605:000000000-LVNKY:1:1105:5460:24246;size=16	RH.51338FA06EDB4F0Z0Z_R	96.000	25	1	2.87e-07	42.1
M03520:605:000000000-LVNKY:1:1106:19797:12512;size=16	RH.0BD19D1A26A74EBZ0Z_F	100.000	25	0	1.18e-09	50.1
M03520:605:000000000-LVNKY:1:1106:19797:12512;size=16	RH.0BD19D1A26A74EBZ0Z_R	100.000	24	0	4.65e-09	48.1
M03520:605:000000000-LVNKY:1:1106:7821:10357;size=16	RH.B9EF730EBE6C436Z0Z_R	100.000	25	0	1.18e-09	50.1
M03520:605:000000000-LVNKY:1:1106:7821:10357;size=16	RH.B9EF730EBE6C436Z0Z_F	100.000	25	0	1.18e-09	50.1
M03520:605:000000000-LVNKY:1:1107:10665:2949;size=16	RH.CA1E204B0C0842DZ0Z_F	100.000	26	0	2.98e-10	52.0
M03520:605:000000000-LVNKY:1:1107:10665:2949;size=16	RH.CA1E204B0C0842DZ0Z_R	100.000	24	0	4.65e-09	48.1
M03520:605:000000000-LVNKY:1:1108:3777:12090;size=16	RH.2A8AD21024974C0Z0Z_R	100.000	25	0	1.18e-09	50.1
M03520:605:000000000-LVNKY:1:1108:3777:12090;size=16	RH.2A8AD21024974C0Z0Z_F	96.154	26	1	7.27e-08	44.1
M03520:605:000000000-LVNKY:1:1109:2695:13113;size=16	RH.2A8AD21024974C0Z0Z_R	100.000	25	0	1.18e-09	50.1
M03520:605:000000000-LVNKY:1:1109:2695:13113;size=16	RH.2A8AD21024974C0Z0Z_F	96.154	26	1	7.27e-08	44.1
M03520:605:000000000-LVNKY:1:1101:10292:14296;size=15	RH.2091F326F74640CZ0Z_R	100.000	22	0	7.27e-08	44.1
M03520:605:000000000-LVNKY:1:1101:10292:14296;size=15	RH.2091F326F74640CZ0Z_F	95.833	24	1	1.13e-06	40.1
M03520:605:000000000-LVNKY:1:1101:10451:16705;size=15	RH.E04EE94198274F7Z0Z_F	100.000	25	0	1.18e-09	50.1
M03520:605:000000000-LVNKY:1:1101:10451:16705;size=15	RH.E04EE94198274F7Z0Z_R	95.833	24	1	1.13e-06	40.1
M03520:605:000000000-LVNKY:1:1101:10725:11586;size=15	RH.85A5303CAAF54ADZ0Z_R	100.000	22	0	7.27e-08	44.1
M03520:605:000000000-LVNKY:1:1101:10725:11586;size=15	RH.85A5303CAAF54ADZ0Z_F	100.000	21	0	2.87e-07	42.1
M03520:605:000000000-LVNKY:1:1101:11197:13148;size=15	RH.CA1E204B0C0842DZ0Z_F	100.000	26	0	2.98e-10	52.0
M03520:605:000000000-LVNKY:1:1101:11197:13148;size=15	RH.CA1E204B0C0842DZ0Z_R	100.000	24	0	4.65e-09	48.1
M03520:605:000000000-LVNKY:1:1101:11288:25521;size=15	RH.CF953F27F5674E1Z0Z_R	100.000	25	0	1.18e-09	50.1
M03520:605:000000000-LVNKY:1:1101:11728:8271;size=15	RH.0BD19D1A26A74EBZ0Z_F	100.000	25	0	1.18e-09	50.1
M03520:605:000000000-LVNKY:1:1101:11728:8271;size=15	RH.0BD19D1A26A74EBZ0Z_R	100.000	24	0	4.65e-09	48.1
M03520:605:000000000-LVNKY:1:1101:11846:27225;size=15	RH.2A8AD21024974C0Z0Z_F	100.000	26	0	2.98e-10	52.0
M03520:605:000000000-LVNKY:1:1101:11846:27225;size=15	RH.2A8AD21024974C0Z0Z_R	100.000	25	0	1.18e-09	50.1
M03520:605:000000000-LVNKY:1:1101:12726:25342;size=15	RH.F4E2313A8B92492Z0Z_F	100.000	24	0	4.65e-09	48.1
M03520:605:000000000-LVNKY:1:1101:12726:25342;size=15	RH.F4E2313A8B92492Z0Z_R	100.000	19	0	4.48e-06	38.2
M03520:605:000000000-LVNKY:1:1101:12809:8082;size=15	RH.0550AF0F57084ADZ0Z_F	100.000	24	0	4.65e-09	48.1
M03520:605:000000000-LVNKY:1:1101:12809:8082;size=15	RH.0550AF0F57084ADZ0Z_R	100.000	22	0	7.27e-08	44.1
M03520:605:000000000-LVNKY:1:1101:13727:6322;size=15	RH.27578A9A85FA4A3Z0Z_F	100.000	24	0	4.65e-09	48.1
M03520:605:000000000-LVNKY:1:1101:13727:6322;size=15	RH.27578A9A85FA4A3Z0Z_R	100.000	22	0	7.27e-08	44.1
M03520:605:000000000-LVNKY:1:1101:13757:27731;size=15	RH.DDB83AFF97C94C6Z0Z_R	100.000	25	0	1.18e-09	50.1
M03520:605:000000000-LVNKY:1:1101:13757:27731;size=15	RH.DDB83AFF97C94C6Z0Z_F	100.000	24	0	4.65e-09	48.1
M03520:605:000000000-LVNKY:1:1101:14040:2853;size=15	RH.0BD19D1A26A74EBZ0Z_F	100.000	25	0	1.18e-09	50.1
M03520:605:000000000-LVNKY:1:1101:14875:15316;size=15	RH.B9EF730EBE6C436Z0Z_R	100.000	25	0	1.18e-09	50.1
M03520:605:000000000-LVNKY:1:1101:14875:15316;size=15	RH.B9EF730EBE6C436Z0Z_F	100.000	25	0	1.18e-09	50.1
M03520:605:000000000-LVNKY:1:1101:15011:12607;size=15	RH.0BD19D1A26A74EBZ0Z_R	100.000	24	0	4.65e-09	48.1
M03520:605:000000000-LVNKY:1:1101:15660:23456;size=15	RH.2A8AD21024974C0Z0Z_R	100.000	25	0	1.18e-09	50.1
M03520:605:000000000-LVNKY:1:1101:15660:23456;size=15	RH.FC3FC8C7290A49DZ0Z_F	100.000	19	0	4.48e-06	38.2
M03520:605:000000000-LVNKY:1:1101:16547:19660;size=15	RH.CA1E204B0C0842DZ0Z_F	100.000	26	0	2.98e-10	52.0
M03520:605:000000000-LVNKY:1:1101:16547:19660;size=15	RH.CA1E204B0C0842DZ0Z_R	100.000	24	0	4.65e-09	48.1
M03520:605:000000000-LVNKY:1:1101:16690:21355;size=15	RH.85A5303CAAF54ADZ0Z_R	100.000	22	0	7.27e-08	44.1
M03520:605:000000000-LVNKY:1:1101:16690:21355;size=15	RH.85A5303CAAF54ADZ0Z_F	100.000	21	0	2.87e-07	42.1
M03520:605:000000000-LVNKY:1:1101:16848:5027;size=15	RH.0550AF0F57084ADZ0Z_F	100.000	24	0	4.65e-09	48.1
M03520:605:000000000-LVNKY:1:1101:16848:5027;size=15	RH.0550AF0F57084ADZ0Z_R	100.000	22	0	7.27e-08	44.1
M03520:605:000000000-LVNKY:1:1101:17459:14816;size=15	RH.E04EE94198274F7Z0Z_F	100.000	25	0	1.18e-09	50.1
M03520:605:000000000-LVNKY:1:1101:17459:14816;size=15	RH.E04EE94198274F7Z0Z_R	95.833	24	1	1.13e-06	40.1
M03520:605:000000000-LVNKY:1:1101:18332:25794;size=15	RH.0550AF0F57084ADZ0Z_F	100.000	24	0	4.65e-09	48.1
M03520:605:000000000-LVNKY:1:1101:18332:25794;size=15	RH.0550AF0F57084ADZ0Z_R	100.000	22	0	7.27e-08	44.1
M03520:605:000000000-LVNKY:1:1101:20628:10993;size=15	RH.85A5303CAAF54ADZ0Z_R	100.000	22	0	7.27e-08	44.1
M03520:605:000000000-LVNKY:1:1101:20628:10993;size=15	RH.85A5303CAAF54ADZ0Z_F	100.000	21	0	2.87e-07	42.1
M03520:605:000000000-LVNKY:1:1101:22002:27587;size=15	RH.185D4E36BBF74FEZ0Z_F	100.000	27	0	7.54e-11	54.0
M03520:605:000000000-LVNKY:1:1101:22002:27587;size=15	RH.185D4E36BBF74FEZ0Z_R	96.154	26	1	7.27e-08	44.1
M03520:605:000000000-LVNKY:1:1101:22257:12910;size=15	RH.7CE39E25906745AZ0Z_R	100.000	26	0	2.98e-10	52.0
M03520:605:000000000-LVNKY:1:1101:22257:12910;size=15	RH.7CE39E25906745AZ0Z_F	100.000	25	0	1.18e-09	50.1
M03520:605:000000000-LVNKY:1:1101:2257:17154;size=15	RH.27578A9A85FA4A3Z0Z_F	100.000	24	0	4.65e-09	48.1
M03520:605:000000000-LVNKY:1:1101:2257:17154;size=15	RH.27578A9A85FA4A3Z0Z_R	100.000	22	0	7.27e-08	44.1
M03520:605:000000000-LVNKY:1:1101:22965:24492;size=15	RH.0096A141894D447Z0Z_F	100.000	24	0	4.65e-09	48.1
M03520:605:000000000-LVNKY:1:1101:22965:24492;size=15	RH.0096A141894D447Z0Z_R	100.000	21	0	2.87e-07	42.1
M03520:605:000000000-LVNKY:1:1101:23021:24663;size=15	RH.E04EE94198274F7Z0Z_F	100.000	25	0	1.18e-09	50.1
M03520:605:000000000-LVNKY:1:1101:23596:5290;size=15	RH.7CE39E25906745AZ0Z_R	100.000	26	0	2.98e-10	52.0
M03520:605:000000000-LVNKY:1:1101:24701:19688;size=15	RH.6D324B1B4164459Z0Z_R	100.000	21	0	2.87e-07	42.1
M03520:605:000000000-LVNKY:1:1101:24701:19688;size=15	RH.6D324B1B4164459Z0Z_F	100.000	21	0	2.87e-07	42.1
M03520:605:000000000-LVNKY:1:1101:25512:19627;size=15	RH.0096A141894D447Z0Z_F	100.000	24	0	4.65e-09	48.1
M03520:605:000000000-LVNKY:1:1101:25512:19627;size=15	RH.0096A141894D447Z0Z_R	100.000	19	0	4.48e-06	38.2
M03520:605:000000000-LVNKY:1:1101:27021:7878;size=15	RH.85A5303CAAF54ADZ0Z_R	100.000	22	0	7.27e-08	44.1
M03520:605:000000000-LVNKY:1:1101:27178:18363;size=15	RH.0096A141894D447Z0Z_F	100.000	24	0	4.65e-09	48.1
M03520:605:000000000-LVNKY:1:1101:27178:18363;size=15	RH.0096A141894D447Z0Z_R	100.000	21	0	2.87e-07	42.1
M03520:605:000000000-LVNKY:1:1101:27374:17897;size=15	RH.7CE39E25906745AZ0Z_R	100.000	26	0	2.98e-10	52.0
M03520:605:000000000-LVNKY:1:1101:27374:17897;size=15	RH.7CE39E25906745AZ0Z_F	100.000	25	0	1.18e-09	50.1
M03520:605:000000000-LVNKY:1:1101:27981:10216;size=15	RH.1CC74B91718A42FZ0Z_R	100.000	25	0	1.18e-09	50.1
M03520:605:000000000-LVNKY:1:1101:27981:10216;size=15	RH.1CC74B91718A42FZ0Z_F	100.000	24	0	4.65e-09	48.1
M03520:605:000000000-LVNKY:1:1101:29375:17816;size=15	RH.2091F326F74640CZ0Z_F	100.000	24	0	4.65e-09	48.1
M03520:605:000000000-LVNKY:1:1101:3017:12434;size=15	RH.51338FA06EDB4F0Z0Z_F	100.000	25	0	1.18e-09	50.1
M03520:605:000000000-LVNKY:1:1101:3017:12434;size=15	RH.51338FA06EDB4F0Z0Z_R	100.000	25	0	1.18e-09	50.1
M03520:605:000000000-LVNKY:1:1101:3430:11273;size=15	RH.7CE39E25906745AZ0Z_R	100.000	26	0	2.98e-10	52.0
M03520:605:000000000-LVNKY:1:1101:3430:11273;size=15	RH.7CE39E25906745AZ0Z_F	100.000	25	0	1.18e-09	50.1
M03520:605:000000000-LVNKY:1:1101:3739:9341;size=15	RH.DDB83AFF97C94C6Z0Z_R	100.000	25	0	1.18e-09	50.1
M03520:605:000000000-LVNKY:1:1101:3739:9341;size=15	RH.DDB83AFF97C94C6Z0Z_F	95.833	24	1	1.13e-06	40.1
M03520:605:000000000-LVNKY:1:1101:4929:12438;size=15	RH.CA1E204B0C0842DZ0Z_F	100.000	26	0	2.98e-10	52.0
M03520:605:000000000-LVNKY:1:1101:4929:12438;size=15	RH.CA1E204B0C0842DZ0Z_R	100.000	24	0	4.65e-09	48.1
M03520:605:000000000-LVNKY:1:1101:5839:12385;size=15	RH.2A8AD21024974C0Z0Z_R	100.000	25	0	1.18e-09	50.1
M03520:605:000000000-LVNKY:1:1101:5839:12385;size=15	RH.2A8AD21024974C0Z0Z_F	100.000	23	0	1.84e-08	46.1
M03520:605:000000000-LVNKY:1:1101:7977:5319;size=15	RH.2AFFFBA0E81C482Z0Z_R	100.000	23	0	1.84e-08	46.1
M03520:605:000000000-LVNKY:1:1101:7977:5319;size=15	RH.2AFFFBA0E81C482Z0Z_F	100.000	23	0	1.84e-08	46.1
M03520:605:000000000-LVNKY:1:1101:8069:4421;size=15	RH.2A8AD21024974C0Z0Z_F	100.000	26	0	2.98e-10	52.0
M03520:605:000000000-LVNKY:1:1101:8069:4421;size=15	RH.2A8AD21024974C0Z0Z_R	100.000	25	0	1.18e-09	50.1
M03520:605:000000000-LVNKY:1:1101:9079:14153;size=15	RH.0096A141894D447Z0Z_F	100.000	24	0	4.65e-09	48.1
M03520:605:000000000-LVNKY:1:1101:9079:14153;size=15	RH.0096A141894D447Z0Z_R	100.000	21	0	2.87e-07	42.1
M03520:605:000000000-LVNKY:1:1101:9284:26250;size=15	RH.E04EE94198274F7Z0Z_F	100.000	25	0	1.18e-09	50.1
M03520:605:000000000-LVNKY:1:1101:9642:11553;size=15	RH.0096A141894D447Z0Z_R	100.000	21	0	2.87e-07	42.1
M03520:605:000000000-LVNKY:1:1101:9642:11553;size=15	RH.0096A141894D447Z0Z_F	100.000	20	0	1.13e-06	40.1
M03520:605:000000000-LVNKY:1:1101:9677:7611;size=15	RH.7CE39E25906745AZ0Z_R	100.000	26	0	2.98e-10	52.0
M03520:605:000000000-LVNKY:1:1101:9677:7611;size=15	RH.7CE39E25906745AZ0Z_F	100.000	24	0	4.65e-09	48.1
M03520:605:000000000-LVNKY:1:1102:10066:3416;size=15	RH.7CE39E25906745AZ0Z_R	100.000	26	0	2.98e-10	52.0
M03520:605:000000000-LVNKY:1:1102:10066:3416;size=15	RH.7CE39E25906745AZ0Z_F	100.000	25	0	1.18e-09	50.1
M03520:605:000000000-LVNKY:1:1102:13384:25306;size=15	RH.B9EF730EBE6C436Z0Z_R	100.000	25	0	1.18e-09	50.1
M03520:605:000000000-LVNKY:1:1102:13384:25306;size=15	RH.B9EF730EBE6C436Z0Z_F	100.000	25	0	1.18e-09	50.1
M03520:605:000000000-LVNKY:1:1102:15251:16121;size=15	RH.DDB83AFF97C94C6Z0Z_R	100.000	25	0	1.18e-09	50.1
M03520:605:000000000-LVNKY:1:1102:15251:16121;size=15	RH.DDB83AFF97C94C6Z0Z_F	100.000	24	0	4.65e-09	48.1
M03520:605:000000000-LVNKY:1:1102:15742:17176;size=15	RH.DDB83AFF97C94C6Z0Z_R	100.000	25	0	1.18e-09	50.1
M03520:605:000000000-LVNKY:1:1102:15742:17176;size=15	RH.DDB83AFF97C94C6Z0Z_F	100.000	24	0	4.65e-09	48.1
M03520:605:000000000-LVNKY:1:1102:16446:4581;size=15	RH.7CE39E25906745AZ0Z_F	100.000	25	0	1.18e-09	50.1
M03520:605:000000000-LVNKY:1:1102:16954:11577;size=15	RH.2A8AD21024974C0Z0Z_F	100.000	26	0	2.98e-10	52.0
M03520:605:000000000-LVNKY:1:1102:16954:11577;size=15	RH.2A8AD21024974C0Z0Z_R	100.000	25	0	1.18e-09	50.1
M03520:605:000000000-LVNKY:1:1102:18148:17107;size=15	RH.27578A9A85FA4A3Z0Z_F	100.000	24	0	4.65e-09	48.1
M03520:605:000000000-LVNKY:1:1102:19381:18949;size=15	RH.DDB83AFF97C94C6Z0Z_R	100.000	25	0	1.18e-09	50.1
M03520:605:000000000-LVNKY:1:1102:19381:18949;size=15	RH.DDB83AFF97C94C6Z0Z_F	100.000	24	0	4.65e-09	48.1
M03520:605:000000000-LVNKY:1:1102:20524:16368;size=15	RH.DDB83AFF97C94C6Z0Z_R	100.000	25	0	1.18e-09	50.1
M03520:605:000000000-LVNKY:1:1102:20524:16368;size=15	RH.DDB83AFF97C94C6Z0Z_F	100.000	24	0	4.65e-09	48.1
M03520:605:000000000-LVNKY:1:1102:21223:21793;size=15	RH.CA1E204B0C0842DZ0Z_F	100.000	26	0	2.98e-10	52.0
M03520:605:000000000-LVNKY:1:1102:21223:21793;size=15	RH.CA1E204B0C0842DZ0Z_R	100.000	24	0	4.65e-09	48.1
M03520:605:000000000-LVNKY:1:1102:21654:17127;size=15	RH.0096A141894D447Z0Z_R	100.000	21	0	2.87e-07	42.1
M03520:605:000000000-LVNKY:1:1102:21654:17127;size=15	RH.0096A141894D447Z0Z_F	95.833	24	1	1.13e-06	40.1
M03520:605:000000000-LVNKY:1:1102:22176:11913;size=15	RH.DDB83AFF97C94C6Z0Z_R	100.000	25	0	1.18e-09	50.1
M03520:605:000000000-LVNKY:1:1102:22176:11913;size=15	RH.DDB83AFF97C94C6Z0Z_F	100.000	24	0	4.65e-09	48.1
M03520:605:000000000-LVNKY:1:1102:25219:9608;size=15	RH.1CC74B91718A42FZ0Z_R	100.000	25	0	1.18e-09	50.1
M03520:605:000000000-LVNKY:1:1102:25219:9608;size=15	RH.1CC74B91718A42FZ0Z_F	100.000	24	0	4.65e-09	48.1
M03520:605:000000000-LVNKY:1:1102:25731:22870;size=15	RH.2A8AD21024974C0Z0Z_F	100.000	26	0	2.98e-10	52.0
M03520:605:000000000-LVNKY:1:1102:25731:22870;size=15	RH.2A8AD21024974C0Z0Z_R	100.000	25	0	1.18e-09	50.1
M03520:605:000000000-LVNKY:1:1102:4019:19210;size=15	RH.0096A141894D447Z0Z_F	100.000	24	0	4.65e-09	48.1
M03520:605:000000000-LVNKY:1:1102:4019:19210;size=15	RH.0096A141894D447Z0Z_R	100.000	21	0	2.87e-07	42.1
M03520:605:000000000-LVNKY:1:1103:14791:12680;size=15	RH.0550AF0F57084ADZ0Z_F	100.000	24	0	4.65e-09	48.1
M03520:605:000000000-LVNKY:1:1103:14791:12680;size=15	RH.0550AF0F57084ADZ0Z_R	100.000	22	0	7.27e-08	44.1
M03520:605:000000000-LVNKY:1:1103:16571:23295;size=15	RH.27578A9A85FA4A3Z0Z_F	100.000	24	0	4.65e-09	48.1
M03520:605:000000000-LVNKY:1:1103:16571:23295;size=15	RH.27578A9A85FA4A3Z0Z_R	100.000	22	0	7.27e-08	44.1
M03520:605:000000000-LVNKY:1:1103:17569:22448;size=15	RH.69CEA0AC39F4445Z0Z_F	100.000	24	0	4.65e-09	48.1
M03520:605:000000000-LVNKY:1:1103:17569:22448;size=15	RH.69CEA0AC39F4445Z0Z_R	100.000	23	0	1.84e-08	46.1
M03520:605:000000000-LVNKY:1:1103:17609:3270;size=15	RH.DDB83AFF97C94C6Z0Z_R	100.000	25	0	1.18e-09	50.1
M03520:605:000000000-LVNKY:1:1103:17609:3270;size=15	RH.DDB83AFF97C94C6Z0Z_F	100.000	24	0	4.65e-09	48.1
M03520:605:000000000-LVNKY:1:1103:18762:17166;size=15	RH.0BD19D1A26A74EBZ0Z_F	100.000	25	0	1.18e-09	50.1
M03520:605:000000000-LVNKY:1:1103:18762:17166;size=15	RH.0BD19D1A26A74EBZ0Z_R	100.000	24	0	4.65e-09	48.1
M03520:605:000000000-LVNKY:1:1103:19616:13290;size=15	RH.2A8AD21024974C0Z0Z_F	100.000	26	0	2.98e-10	52.0
M03520:605:000000000-LVNKY:1:1103:19616:13290;size=15	RH.2A8AD21024974C0Z0Z_R	100.000	25	0	1.18e-09	50.1
M03520:605:000000000-LVNKY:1:1103:27307:13563;size=15	RH.0BD19D1A26A74EBZ0Z_F	100.000	25	0	1.18e-09	50.1
M03520:605:000000000-LVNKY:1:1103:27307:13563;size=15	RH.0BD19D1A26A74EBZ0Z_R	95.833	24	1	1.13e-06	40.1
M03520:605:000000000-LVNKY:1:1103:3984:17355;size=15	RH.27578A9A85FA4A3Z0Z_F	100.000	24	0	4.65e-09	48.1
M03520:605:000000000-LVNKY:1:1103:7131:13120;size=15	RH.1CC74B91718A42FZ0Z_R	100.000	25	0	1.18e-09	50.1
M03520:605:000000000-LVNKY:1:1103:7131:13120;size=15	RH.1CC74B91718A42FZ0Z_F	100.000	24	0	4.65e-09	48.1
M03520:605:000000000-LVNKY:1:1104:14566:9240;size=15	RH.1CC74B91718A42FZ0Z_F	100.000	22	0	7.27e-08	44.1
M03520:605:000000000-LVNKY:1:1104:14566:9240;size=15	RH.91032F4F1F0841CZ0Z_R	100.000	21	0	2.87e-07	42.1
M03520:605:000000000-LVNKY:1:1104:14937:22056;size=15	RH.85A5303CAAF54ADZ0Z_F	100.000	21	0	2.87e-07	42.1
M03520:605:000000000-LVNKY:1:1104:15202:16997;size=15	RH.DDB83AFF97C94C6Z0Z_R	100.000	25	0	1.18e-09	50.1
M03520:605:000000000-LVNKY:1:1104:15202:16997;size=15	RH.DDB83AFF97C94C6Z0Z_F	100.000	24	0	4.65e-09	48.1
M03520:605:000000000-LVNKY:1:1104:15215:26057;size=15	RH.78B83B8D6A224B1Z0Z_F	100.000	20	0	1.13e-06	40.1
M03520:605:000000000-LVNKY:1:1104:15953:26742;size=15	RH.0BD19D1A26A74EBZ0Z_F	100.000	25	0	1.18e-09	50.1
M03520:605:000000000-LVNKY:1:1104:15953:26742;size=15	RH.0BD19D1A26A74EBZ0Z_R	100.000	24	0	4.65e-09	48.1
M03520:605:000000000-LVNKY:1:1104:22159:10071;size=15	RH.E04EE94198274F7Z0Z_F	100.000	25	0	1.18e-09	50.1
M03520:605:000000000-LVNKY:1:1104:22963:24865;size=15	RH.85A5303CAAF54ADZ0Z_F	100.000	21	0	2.87e-07	42.1
M03520:605:000000000-LVNKY:1:1104:23844:5907;size=15	RH.DDB83AFF97C94C6Z0Z_R	100.000	25	0	1.18e-09	50.1
M03520:605:000000000-LVNKY:1:1104:23844:5907;size=15	RH.DDB83AFF97C94C6Z0Z_F	100.000	24	0	4.65e-09	48.1
M03520:605:000000000-LVNKY:1:1104:5162:17876;size=15	RH.DDB83AFF97C94C6Z0Z_R	100.000	25	0	1.18e-09	50.1
M03520:605:000000000-LVNKY:1:1104:5162:17876;size=15	RH.DDB83AFF97C94C6Z0Z_F	100.000	24	0	4.65e-09	48.1
M03520:605:000000000-LVNKY:1:1104:6541:19693;size=15	RH.7CE39E25906745AZ0Z_R	100.000	26	0	2.98e-10	52.0
M03520:605:000000000-LVNKY:1:1104:6541:19693;size=15	RH.7CE39E25906745AZ0Z_F	100.000	25	0	1.18e-09	50.1
M03520:605:000000000-LVNKY:1:1104:8951:14849;size=15	RH.DDB83AFF97C94C6Z0Z_R	100.000	25	0	1.18e-09	50.1
M03520:605:000000000-LVNKY:1:1104:8951:14849;size=15	RH.DDB83AFF97C94C6Z0Z_F	100.000	24	0	4.65e-09	48.1
M03520:605:000000000-LVNKY:1:1105:13806:5023;size=15	RH.2A8AD21024974C0Z0Z_F	100.000	26	0	2.98e-10	52.0
M03520:605:000000000-LVNKY:1:1105:13806:5023;size=15	RH.2A8AD21024974C0Z0Z_R	96.000	25	1	2.87e-07	42.1
M03520:605:000000000-LVNKY:1:1105:15269:5322;size=15	RH.0096A141894D447Z0Z_F	100.000	24	0	4.65e-09	48.1
M03520:605:000000000-LVNKY:1:1105:15497:8274;size=15	RH.0096A141894D447Z0Z_R	100.000	21	0	2.87e-07	42.1
M03520:605:000000000-LVNKY:1:1105:15497:8274;size=15	RH.0096A141894D447Z0Z_F	95.833	24	1	1.13e-06	40.1
M03520:605:000000000-LVNKY:1:1105:18412:16223;size=15	RH.0096A141894D447Z0Z_F	100.000	24	0	4.65e-09	48.1
M03520:605:000000000-LVNKY:1:1105:18412:16223;size=15	RH.0096A141894D447Z0Z_R	100.000	21	0	2.87e-07	42.1
M03520:605:000000000-LVNKY:1:1106:16623:13592;size=15	RH.27578A9A85FA4A3Z0Z_F	100.000	24	0	4.65e-09	48.1
M03520:605:000000000-LVNKY:1:1106:16623:13592;size=15	RH.27578A9A85FA4A3Z0Z_R	100.000	22	0	7.27e-08	44.1
M03520:605:000000000-LVNKY:1:1106:26564:15787;size=15	RH.DDB83AFF97C94C6Z0Z_R	100.000	25	0	1.18e-09	50.1
M03520:605:000000000-LVNKY:1:1106:26564:15787;size=15	RH.DDB83AFF97C94C6Z0Z_F	100.000	24	0	4.65e-09	48.1
M03520:605:000000000-LVNKY:1:1106:28417:10431;size=15	RH.DDB83AFF97C94C6Z0Z_R	100.000	25	0	1.18e-09	50.1
M03520:605:000000000-LVNKY:1:1106:28417:10431;size=15	RH.DDB83AFF97C94C6Z0Z_F	100.000	24	0	4.65e-09	48.1
M03520:605:000000000-LVNKY:1:1106:9507:8646;size=15	RH.CA1E204B0C0842DZ0Z_F	100.000	26	0	2.98e-10	52.0
M03520:605:000000000-LVNKY:1:1106:9507:8646;size=15	RH.CA1E204B0C0842DZ0Z_R	100.000	24	0	4.65e-09	48.1
M03520:605:000000000-LVNKY:1:1101:10194:25154;size=14	RH.7CE39E25906745AZ0Z_R	100.000	26	0	2.98e-10	52.0
M03520:605:000000000-LVNKY:1:1101:10194:25154;size=14	RH.7CE39E25906745AZ0Z_F	100.000	25	0	1.18e-09	50.1
M03520:605:000000000-LVNKY:1:1101:10361:3676;size=14	RH.27578A9A85FA4A3Z0Z_F	100.000	24	0	4.65e-09	48.1
M03520:605:000000000-LVNKY:1:1101:10361:3676;size=14	RH.27578A9A85FA4A3Z0Z_R	100.000	22	0	7.27e-08	44.1
M03520:605:000000000-LVNKY:1:1101:11240:15537;size=14	RH.DDB83AFF97C94C6Z0Z_F	100.000	24	0	4.65e-09	48.1
M03520:605:000000000-LVNKY:1:1101:11240:15537;size=14	RH.DDB83AFF97C94C6Z0Z_R	96.000	25	1	2.87e-07	42.1
M03520:605:000000000-LVNKY:1:1101:12840:21663;size=14	RH.0096A141894D447Z0Z_F	100.000	24	0	4.65e-09	48.1
M03520:605:000000000-LVNKY:1:1101:12840:21663;size=14	RH.0096A141894D447Z0Z_R	100.000	21	0	2.87e-07	42.1
M03520:605:000000000-LVNKY:1:1101:13368:20846;size=14	RH.DDB83AFF97C94C6Z0Z_R	100.000	25	0	1.18e-09	50.1
M03520:605:000000000-LVNKY:1:1101:13368:20846;size=14	RH.DDB83AFF97C94C6Z0Z_F	100.000	24	0	4.65e-09	48.1
M03520:605:000000000-LVNKY:1:1101:13382:18924;size=14	RH.B9EF730EBE6C436Z0Z_R	100.000	25	0	1.18e-09	50.1
M03520:605:000000000-LVNKY:1:1101:13382:18924;size=14	RH.B9EF730EBE6C436Z0Z_F	100.000	25	0	1.18e-09	50.1
M03520:605:000000000-LVNKY:1:1101:14300:15259;size=14	RH.69CEA0AC39F4445Z0Z_R	100.000	23	0	1.84e-08	46.1
M03520:605:000000000-LVNKY:1:1101:14300:15259;size=14	RH.FC24D81FC99C4CCZ0Z_F	100.000	20	0	1.13e-06	40.1
M03520:605:000000000-LVNKY:1:1101:14790:7532;size=14	RH.2091F326F74640CZ0Z_F	100.000	24	0	4.65e-09	48.1
M03520:605:000000000-LVNKY:1:1101:14790:7532;size=14	RH.2091F326F74640CZ0Z_R	100.000	22	0	7.27e-08	44.1
M03520:605:000000000-LVNKY:1:1101:15106:6694;size=14	RH.B9EF730EBE6C436Z0Z_R	100.000	25	0	1.18e-09	50.1
M03520:605:000000000-LVNKY:1:1101:15106:6694;size=14	RH.B9EF730EBE6C436Z0Z_F	100.000	25	0	1.18e-09	50.1
M03520:605:000000000-LVNKY:1:1101:15320:14175;size=14	RH.2A8AD21024974C0Z0Z_R	100.000	25	0	1.18e-09	50.1
M03520:605:000000000-LVNKY:1:1101:15320:14175;size=14	RH.2A8AD21024974C0Z0Z_F	100.000	23	0	1.84e-08	46.1
M03520:605:000000000-LVNKY:1:1101:15908:12191;size=14	RH.0BD19D1A26A74EBZ0Z_F	100.000	25	0	1.18e-09	50.1
M03520:605:000000000-LVNKY:1:1101:15908:12191;size=14	RH.0BD19D1A26A74EBZ0Z_R	100.000	24	0	4.65e-09	48.1
M03520:605:000000000-LVNKY:1:1101:15983:7692;size=14	RH.51338FA06EDB4F0Z0Z_F	100.000	25	0	1.18e-09	50.1
M03520:605:000000000-LVNKY:1:1101:15983:7692;size=14	RH.51338FA06EDB4F0Z0Z_R	96.000	25	1	2.87e-07	42.1
M03520:605:000000000-LVNKY:1:1101:16873:16549;size=14	RH.0550AF0F57084ADZ0Z_R	100.000	22	0	7.27e-08	44.1
M03520:605:000000000-LVNKY:1:1101:16873:16549;size=14	RH.0550AF0F57084ADZ0Z_F	100.000	20	0	1.13e-06	40.1
M03520:605:000000000-LVNKY:1:1101:17293:3254;size=14	RH.27578A9A85FA4A3Z0Z_F	100.000	24	0	4.65e-09	48.1
M03520:605:000000000-LVNKY:1:1101:17293:3254;size=14	RH.27578A9A85FA4A3Z0Z_R	100.000	22	0	7.27e-08	44.1
M03520:605:000000000-LVNKY:1:1101:17503:5765;size=14	RH.7CE39E25906745AZ0Z_F	100.000	25	0	1.18e-09	50.1
M03520:605:000000000-LVNKY:1:1101:17503:5765;size=14	RH.7CE39E25906745AZ0Z_R	96.154	26	1	7.27e-08	44.1
M03520:605:000000000-LVNKY:1:1101:17930:11930;size=14	RH.7CE39E25906745AZ0Z_F	100.000	25	0	1.18e-09	50.1
M03520:605:000000000-LVNKY:1:1101:17930:11930;size=14	RH.7CE39E25906745AZ0Z_R	100.000	22	0	7.27e-08	44.1
M03520:605:000000000-LVNKY:1:1101:18049:2720;size=14	RH.0550AF0F57084ADZ0Z_F	100.000	24	0	4.65e-09	48.1
M03520:605:000000000-LVNKY:1:1101:18049:2720;size=14	RH.0550AF0F57084ADZ0Z_R	100.000	22	0	7.27e-08	44.1
M03520:605:000000000-LVNKY:1:1101:18460:21801;size=14	RH.7CE39E25906745AZ0Z_R	100.000	26	0	2.98e-10	52.0
M03520:605:000000000-LVNKY:1:1101:18460:21801;size=14	RH.7CE39E25906745AZ0Z_F	100.000	25	0	1.18e-09	50.1
M03520:605:000000000-LVNKY:1:1101:18511:8493;size=14	RH.2AFFFBA0E81C482Z0Z_R	100.000	23	0	1.84e-08	46.1
M03520:605:000000000-LVNKY:1:1101:18511:8493;size=14	RH.2AFFFBA0E81C482Z0Z_F	100.000	23	0	1.84e-08	46.1
M03520:605:000000000-LVNKY:1:1101:18566:21362;size=14	RH.7CE39E25906745AZ0Z_R	100.000	26	0	2.98e-10	52.0
M03520:605:000000000-LVNKY:1:1101:18566:21362;size=14	RH.7CE39E25906745AZ0Z_F	100.000	25	0	1.18e-09	50.1
M03520:605:000000000-LVNKY:1:1101:19182:14837;size=14	RH.7CE39E25906745AZ0Z_F	100.000	25	0	1.18e-09	50.1
M03520:605:000000000-LVNKY:1:1101:19182:14837;size=14	RH.7CE39E25906745AZ0Z_R	96.154	26	1	7.27e-08	44.1
M03520:605:000000000-LVNKY:1:1101:19797:25889;size=14	RH.1CC74B91718A42FZ0Z_F	100.000	24	0	4.65e-09	48.1
M03520:605:000000000-LVNKY:1:1101:19797:25889;size=14	RH.1CC74B91718A42FZ0Z_R	100.000	22	0	7.27e-08	44.1
M03520:605:000000000-LVNKY:1:1101:20456:9844;size=14	RH.0096A141894D447Z0Z_F	100.000	24	0	4.65e-09	48.1
M03520:605:000000000-LVNKY:1:1101:21415:22073;size=14	RH.0096A141894D447Z0Z_F	100.000	24	0	4.65e-09	48.1
M03520:605:000000000-LVNKY:1:1101:21415:22073;size=14	RH.0096A141894D447Z0Z_R	100.000	21	0	2.87e-07	42.1
M03520:605:000000000-LVNKY:1:1101:21506:13433;size=14	RH.0096A141894D447Z0Z_F	100.000	24	0	4.65e-09	48.1
M03520:605:000000000-LVNKY:1:1101:21506:13433;size=14	RH.0096A141894D447Z0Z_R	100.000	21	0	2.87e-07	42.1
M03520:605:000000000-LVNKY:1:1101:21638:20735;size=14	RH.0096A141894D447Z0Z_F	100.000	24	0	4.65e-09	48.1
M03520:605:000000000-LVNKY:1:1101:21638:20735;size=14	RH.0096A141894D447Z0Z_R	100.000	19	0	4.48e-06	38.2
M03520:605:000000000-LVNKY:1:1101:2229:14699;size=14	RH.7CE39E25906745AZ0Z_R	100.000	26	0	2.98e-10	52.0
M03520:605:000000000-LVNKY:1:1101:2229:14699;size=14	RH.7CE39E25906745AZ0Z_F	100.000	25	0	1.18e-09	50.1
M03520:605:000000000-LVNKY:1:1101:24589:10828;size=14	RH.E04EE94198274F7Z0Z_F	100.000	25	0	1.18e-09	50.1
M03520:605:000000000-LVNKY:1:1101:24589:10828;size=14	RH.E04EE94198274F7Z0Z_R	95.833	24	1	1.13e-06	40.1
M03520:605:000000000-LVNKY:1:1101:24771:9425;size=14	RH.85A5303CAAF54ADZ0Z_R	100.000	22	0	7.27e-08	44.1
M03520:605:000000000-LVNKY:1:1101:25827:5671;size=14	RH.DDB83AFF97C94C6Z0Z_R	100.000	25	0	1.18e-09	50.1
M03520:605:000000000-LVNKY:1:1101:25827:5671;size=14	RH.DDB83AFF97C94C6Z0Z_F	100.000	24	0	4.65e-09	48.1
M03520:605:000000000-LVNKY:1:1101:26632:16616;size=14	RH.85A5303CAAF54ADZ0Z_R	100.000	22	0	7.27e-08	44.1
M03520:605:000000000-LVNKY:1:1101:26632:16616;size=14	RH.85A5303CAAF54ADZ0Z_F	100.000	21	0	2.87e-07	42.1
M03520:605:000000000-LVNKY:1:1101:27188:21641;size=14	RH.0BD19D1A26A74EBZ0Z_F	100.000	25	0	1.18e-09	50.1
M03520:605:000000000-LVNKY:1:1101:27188:21641;size=14	RH.0BD19D1A26A74EBZ0Z_R	100.000	24	0	4.65e-09	48.1
M03520:605:000000000-LVNKY:1:1101:27216:12835;size=14	RH.7CE39E25906745AZ0Z_R	100.000	26	0	2.98e-10	52.0
M03520:605:000000000-LVNKY:1:1101:27216:12835;size=14	RH.7CE39E25906745AZ0Z_F	100.000	25	0	1.18e-09	50.1
M03520:605:000000000-LVNKY:1:1101:28115:19682;size=14	RH.2A8AD21024974C0Z0Z_F	100.000	26	0	2.98e-10	52.0
M03520:605:000000000-LVNKY:1:1101:28115:19682;size=14	RH.2A8AD21024974C0Z0Z_R	100.000	25	0	1.18e-09	50.1
M03520:605:000000000-LVNKY:1:1101:28270:15548;size=14	RH.E04EE94198274F7Z0Z_F	100.000	25	0	1.18e-09	50.1
M03520:605:000000000-LVNKY:1:1101:28270:15548;size=14	RH.E04EE94198274F7Z0Z_R	95.833	24	1	1.13e-06	40.1
M03520:605:000000000-LVNKY:1:1101:5691:12083;size=14	RH.DDB83AFF97C94C6Z0Z_R	100.000	25	0	1.18e-09	50.1
M03520:605:000000000-LVNKY:1:1101:5691:12083;size=14	RH.DDB83AFF97C94C6Z0Z_F	95.833	24	1	1.13e-06	40.1
M03520:605:000000000-LVNKY:1:1101:5745:14957;size=14	RH.85A5303CAAF54ADZ0Z_R	100.000	22	0	7.27e-08	44.1
M03520:605:000000000-LVNKY:1:1101:5903:22860;size=14	RH.3D465DB261444C9Z0Z_F	100.000	24	0	4.65e-09	48.1
M03520:605:000000000-LVNKY:1:1101:5903:22860;size=14	RH.3D465DB261444C9Z0Z_R	100.000	23	0	1.84e-08	46.1
M03520:605:000000000-LVNKY:1:1101:6160:16012;size=14	RH.DDB83AFF97C94C6Z0Z_R	100.000	25	0	1.18e-09	50.1
M03520:605:000000000-LVNKY:1:1101:6160:16012;size=14	RH.DDB83AFF97C94C6Z0Z_F	100.000	24	0	4.65e-09	48.1
M03520:605:000000000-LVNKY:1:1101:7368:21690;size=14	RH.7CE39E25906745AZ0Z_R	100.000	26	0	2.98e-10	52.0
M03520:605:000000000-LVNKY:1:1101:7368:21690;size=14	RH.7CE39E25906745AZ0Z_F	100.000	25	0	1.18e-09	50.1
M03520:605:000000000-LVNKY:1:1101:7389:18444;size=14	RH.0550AF0F57084ADZ0Z_F	100.000	24	0	4.65e-09	48.1
M03520:605:000000000-LVNKY:1:1101:7389:18444;size=14	RH.0550AF0F57084ADZ0Z_R	100.000	22	0	7.27e-08	44.1
M03520:605:000000000-LVNKY:1:1101:8215:5711;size=14	RH.DDB83AFF97C94C6Z0Z_R	100.000	25	0	1.18e-09	50.1
M03520:605:000000000-LVNKY:1:1101:8215:5711;size=14	RH.DDB83AFF97C94C6Z0Z_F	100.000	24	0	4.65e-09	48.1
M03520:605:000000000-LVNKY:1:1101:8225:24845;size=14	RH.0096A141894D447Z0Z_F	100.000	24	0	4.65e-09	48.1
M03520:605:000000000-LVNKY:1:1101:8858:17427;size=14	RH.85A5303CAAF54ADZ0Z_R	100.000	22	0	7.27e-08	44.1
M03520:605:000000000-LVNKY:1:1101:8858:17427;size=14	RH.85A5303CAAF54ADZ0Z_F	100.000	21	0	2.87e-07	42.1
M03520:605:000000000-LVNKY:1:1101:9312:16562;size=14	RH.85A5303CAAF54ADZ0Z_R	100.000	22	0	7.27e-08	44.1
M03520:605:000000000-LVNKY:1:1101:9312:16562;size=14	RH.85A5303CAAF54ADZ0Z_F	100.000	19	0	4.48e-06	38.2
M03520:605:000000000-LVNKY:1:1101:9534:7874;size=14	RH.27578A9A85FA4A3Z0Z_F	100.000	22	0	7.27e-08	44.1
M03520:605:000000000-LVNKY:1:1101:9534:7874;size=14	RH.27578A9A85FA4A3Z0Z_R	100.000	22	0	7.27e-08	44.1
M03520:605:000000000-LVNKY:1:1102:10025:13002;size=14	RH.27578A9A85FA4A3Z0Z_F	100.000	24	0	4.65e-09	48.1
M03520:605:000000000-LVNKY:1:1102:10025:13002;size=14	RH.27578A9A85FA4A3Z0Z_R	100.000	22	0	7.27e-08	44.1
M03520:605:000000000-LVNKY:1:1102:11050:24115;size=14	RH.1CC74B91718A42FZ0Z_R	100.000	25	0	1.18e-09	50.1
M03520:605:000000000-LVNKY:1:1102:11050:24115;size=14	RH.1CC74B91718A42FZ0Z_F	100.000	24	0	4.65e-09	48.1
M03520:605:000000000-LVNKY:1:1102:11113:25430;size=14	RH.0BD19D1A26A74EBZ0Z_F	100.000	25	0	1.18e-09	50.1
M03520:605:000000000-LVNKY:1:1102:11113:25430;size=14	RH.0BD19D1A26A74EBZ0Z_R	100.000	21	0	2.87e-07	42.1
M03520:605:000000000-LVNKY:1:1102:12435:24663;size=14	RH.51338FA06EDB4F0Z0Z_R	100.000	25	0	1.18e-09	50.1
M03520:605:000000000-LVNKY:1:1102:12435:24663;size=14	RH.51338FA06EDB4F0Z0Z_F	100.000	25	0	1.18e-09	50.1
M03520:605:000000000-LVNKY:1:1102:18925:13262;size=14	RH.E04EE94198274F7Z0Z_F	100.000	25	0	1.18e-09	50.1
M03520:605:000000000-LVNKY:1:1102:18925:13262;size=14	RH.E04EE94198274F7Z0Z_R	95.833	24	1	1.13e-06	40.1
M03520:605:000000000-LVNKY:1:1102:19654:7772;size=14	RH.DDB83AFF97C94C6Z0Z_R	100.000	25	0	1.18e-09	50.1
M03520:605:000000000-LVNKY:1:1102:19654:7772;size=14	RH.DDB83AFF97C94C6Z0Z_F	100.000	24	0	4.65e-09	48.1
M03520:605:000000000-LVNKY:1:1102:20020:20277;size=14	RH.7CE39E25906745AZ0Z_F	100.000	25	0	1.18e-09	50.1
M03520:605:000000000-LVNKY:1:1102:20020:20277;size=14	RH.7CE39E25906745AZ0Z_R	96.154	26	1	7.27e-08	44.1
M03520:605:000000000-LVNKY:1:1102:21470:4297;size=14	RH.DDB83AFF97C94C6Z0Z_R	100.000	25	0	1.18e-09	50.1
M03520:605:000000000-LVNKY:1:1102:21470:4297;size=14	RH.DDB83AFF97C94C6Z0Z_F	100.000	24	0	4.65e-09	48.1
M03520:605:000000000-LVNKY:1:1102:23204:13113;size=14	RH.27578A9A85FA4A3Z0Z_F	100.000	24	0	4.65e-09	48.1
M03520:605:000000000-LVNKY:1:1102:25135:11964;size=14	RH.DDB83AFF97C94C6Z0Z_R	100.000	25	0	1.18e-09	50.1
M03520:605:000000000-LVNKY:1:1102:25135:11964;size=14	RH.DDB83AFF97C94C6Z0Z_F	100.000	24	0	4.65e-09	48.1
M03520:605:000000000-LVNKY:1:1102:27024:7073;size=14	RH.51338FA06EDB4F0Z0Z_R	100.000	25	0	1.18e-09	50.1
M03520:605:000000000-LVNKY:1:1102:27024:7073;size=14	RH.51338FA06EDB4F0Z0Z_F	100.000	25	0	1.18e-09	50.1
M03520:605:000000000-LVNKY:1:1102:3113:9298;size=14	RH.B9EF730EBE6C436Z0Z_R	100.000	25	0	1.18e-09	50.1
M03520:605:000000000-LVNKY:1:1102:3113:9298;size=14	RH.B9EF730EBE6C436Z0Z_F	100.000	25	0	1.18e-09	50.1
M03520:605:000000000-LVNKY:1:1102:5936:17351;size=14	RH.51338FA06EDB4F0Z0Z_R	100.000	25	0	1.18e-09	50.1
M03520:605:000000000-LVNKY:1:1102:5936:17351;size=14	RH.51338FA06EDB4F0Z0Z_F	100.000	25	0	1.18e-09	50.1
M03520:605:000000000-LVNKY:1:1102:5967:16265;size=14	RH.85A5303CAAF54ADZ0Z_R	100.000	22	0	7.27e-08	44.1
M03520:605:000000000-LVNKY:1:1102:5967:16265;size=14	RH.85A5303CAAF54ADZ0Z_F	100.000	21	0	2.87e-07	42.1
M03520:605:000000000-LVNKY:1:1102:6792:9982;size=14	RH.85A5303CAAF54ADZ0Z_R	100.000	22	0	7.27e-08	44.1
M03520:605:000000000-LVNKY:1:1102:6792:9982;size=14	RH.85A5303CAAF54ADZ0Z_F	100.000	20	0	1.13e-06	40.1
M03520:605:000000000-LVNKY:1:1102:6831:11286;size=14	RH.0BD19D1A26A74EBZ0Z_F	100.000	25	0	1.18e-09	50.1
M03520:605:000000000-LVNKY:1:1102:7247:25433;size=14	RH.B9EF730EBE6C436Z0Z_R	100.000	25	0	1.18e-09	50.1
M03520:605:000000000-LVNKY:1:1102:7247:25433;size=14	RH.B9EF730EBE6C436Z0Z_F	96.000	25	1	2.87e-07	42.1
M03520:605:000000000-LVNKY:1:1102:8658:3676;size=14	RH.0550AF0F57084ADZ0Z_F	100.000	24	0	4.65e-09	48.1
M03520:605:000000000-LVNKY:1:1103:10374:11258;size=14	RH.0096A141894D447Z0Z_F	100.000	24	0	4.65e-09	48.1
M03520:605:000000000-LVNKY:1:1103:10374:11258;size=14	RH.0096A141894D447Z0Z_R	100.000	21	0	2.87e-07	42.1
M03520:605:000000000-LVNKY:1:1103:14274:13694;size=14	RH.0550AF0F57084ADZ0Z_F	100.000	24	0	4.65e-09	48.1
M03520:605:000000000-LVNKY:1:1103:14274:13694;size=14	RH.0550AF0F57084ADZ0Z_R	100.000	22	0	7.27e-08	44.1
M03520:605:000000000-LVNKY:1:1103:15982:20466;size=14	RH.0096A141894D447Z0Z_F	100.000	23	0	1.84e-08	46.1
M03520:605:000000000-LVNKY:1:1103:15982:20466;size=14	RH.0096A141894D447Z0Z_R	100.000	21	0	2.87e-07	42.1
M03520:605:000000000-LVNKY:1:1103:18488:15369;size=14	RH.27578A9A85FA4A3Z0Z_F	100.000	24	0	4.65e-09	48.1
M03520:605:000000000-LVNKY:1:1103:18488:15369;size=14	RH.27578A9A85FA4A3Z0Z_R	100.000	22	0	7.27e-08	44.1
M03520:605:000000000-LVNKY:1:1103:19712:4195;size=14	RH.7CE39E25906745AZ0Z_R	100.000	26	0	2.98e-10	52.0
M03520:605:000000000-LVNKY:1:1103:19712:4195;size=14	RH.7CE39E25906745AZ0Z_F	100.000	25	0	1.18e-09	50.1
M03520:605:000000000-LVNKY:1:1103:22165:18363;size=14	RH.0096A141894D447Z0Z_F	100.000	24	0	4.65e-09	48.1
M03520:605:000000000-LVNKY:1:1103:22165:18363;size=14	RH.0096A141894D447Z0Z_R	100.000	21	0	2.87e-07	42.1
M03520:605:000000000-LVNKY:1:1103:27836:18346;size=14	RH.69CEA0AC39F4445Z0Z_F	100.000	24	0	4.65e-09	48.1
M03520:605:000000000-LVNKY:1:1103:27836:18346;size=14	RH.69CEA0AC39F4445Z0Z_R	100.000	23	0	1.84e-08	46.1
M03520:605:000000000-LVNKY:1:1103:7998:11697;size=14	RH.27578A9A85FA4A3Z0Z_R	100.000	22	0	7.27e-08	44.1
M03520:605:000000000-LVNKY:1:1103:7998:11697;size=14	RH.27578A9A85FA4A3Z0Z_F	95.833	24	1	1.13e-06	40.1
M03520:605:000000000-LVNKY:1:1104:10024:26253;size=14	RH.0550AF0F57084ADZ0Z_F	100.000	24	0	4.65e-09	48.1
M03520:605:000000000-LVNKY:1:1104:10024:26253;size=14	RH.0550AF0F57084ADZ0Z_R	100.000	22	0	7.27e-08	44.1
M03520:605:000000000-LVNKY:1:1104:11472:14992;size=14	RH.27578A9A85FA4A3Z0Z_F	100.000	24	0	4.65e-09	48.1
M03520:605:000000000-LVNKY:1:1104:12352:6029;size=14	RH.B9EF730EBE6C436Z0Z_R	100.000	25	0	1.18e-09	50.1
M03520:605:000000000-LVNKY:1:1104:12352:6029;size=14	RH.B9EF730EBE6C436Z0Z_F	100.000	24	0	4.65e-09	48.1
M03520:605:000000000-LVNKY:1:1104:13483:23644;size=14	RH.0096A141894D447Z0Z_F	100.000	24	0	4.65e-09	48.1
M03520:605:000000000-LVNKY:1:1104:13483:23644;size=14	RH.0096A141894D447Z0Z_R	100.000	21	0	2.87e-07	42.1
M03520:605:000000000-LVNKY:1:1104:15221:2264;size=14	RH.DDB83AFF97C94C6Z0Z_R	100.000	25	0	1.18e-09	50.1
M03520:605:000000000-LVNKY:1:1104:15221:2264;size=14	RH.DDB83AFF97C94C6Z0Z_F	100.000	24	0	4.65e-09	48.1
M03520:605:000000000-LVNKY:1:1104:23116:8063;size=14	RH.2A8AD21024974C0Z0Z_F	100.000	26	0	2.98e-10	52.0
M03520:605:000000000-LVNKY:1:1104:23116:8063;size=14	RH.2A8AD21024974C0Z0Z_R	100.000	24	0	4.65e-09	48.1
M03520:605:000000000-LVNKY:1:1104:26547:22836;size=14	RH.DDB83AFF97C94C6Z0Z_R	100.000	25	0	1.18e-09	50.1
M03520:605:000000000-LVNKY:1:1104:26547:22836;size=14	RH.DDB83AFF97C94C6Z0Z_F	100.000	24	0	4.65e-09	48.1
M03520:605:000000000-LVNKY:1:1104:6666:13293;size=14	RH.0096A141894D447Z0Z_F	100.000	24	0	4.65e-09	48.1
M03520:605:000000000-LVNKY:1:1104:6666:13293;size=14	RH.0096A141894D447Z0Z_R	100.000	21	0	2.87e-07	42.1
M03520:605:000000000-LVNKY:1:1104:8199:7763;size=14	RH.1CC74B91718A42FZ0Z_R	100.000	25	0	1.18e-09	50.1
M03520:605:000000000-LVNKY:1:1104:8199:7763;size=14	RH.1CC74B91718A42FZ0Z_F	100.000	24	0	4.65e-09	48.1
M03520:605:000000000-LVNKY:1:1105:10747:28090;size=14	RH.B9EF730EBE6C436Z0Z_R	100.000	25	0	1.18e-09	50.1
M03520:605:000000000-LVNKY:1:1105:10747:28090;size=14	RH.B9EF730EBE6C436Z0Z_F	96.000	25	1	2.87e-07	42.1
M03520:605:000000000-LVNKY:1:1105:12055:13796;size=14	RH.7CE39E25906745AZ0Z_R	100.000	26	0	2.98e-10	52.0
M03520:605:000000000-LVNKY:1:1105:12055:13796;size=14	RH.7CE39E25906745AZ0Z_F	100.000	25	0	1.18e-09	50.1
M03520:605:000000000-LVNKY:1:1105:12357:25356;size=14	RH.2A8AD21024974C0Z0Z_F	100.000	26	0	2.98e-10	52.0
M03520:605:000000000-LVNKY:1:1105:12357:25356;size=14	RH.2A8AD21024974C0Z0Z_R	100.000	22	0	7.27e-08	44.1
M03520:605:000000000-LVNKY:1:1105:13986:7038;size=14	RH.2A8AD21024974C0Z0Z_F	100.000	26	0	2.98e-10	52.0
M03520:605:000000000-LVNKY:1:1105:13986:7038;size=14	RH.2A8AD21024974C0Z0Z_R	100.000	25	0	1.18e-09	50.1
M03520:605:000000000-LVNKY:1:1105:17672:17137;size=14	RH.0550AF0F57084ADZ0Z_F	100.000	24	0	4.65e-09	48.1
M03520:605:000000000-LVNKY:1:1105:17672:17137;size=14	RH.0550AF0F57084ADZ0Z_R	100.000	22	0	7.27e-08	44.1
M03520:605:000000000-LVNKY:1:1105:28319:9328;size=14	RH.7CE39E25906745AZ0Z_R	100.000	26	0	2.98e-10	52.0
M03520:605:000000000-LVNKY:1:1105:28319:9328;size=14	RH.7CE39E25906745AZ0Z_F	100.000	22	0	7.27e-08	44.1
M03520:605:000000000-LVNKY:1:1106:18555:8791;size=14	RH.0C6EF86AB29A422Z0Z_R	100.000	23	0	1.84e-08	46.1
M03520:605:000000000-LVNKY:1:1106:18555:8791;size=14	RH.0C6EF86AB29A422Z0Z_F	100.000	23	0	1.84e-08	46.1
M03520:605:000000000-LVNKY:1:1106:24700:8179;size=14	RH.35D6316E8C8F4D3Z0Z_F	100.000	25	0	1.18e-09	50.1
M03520:605:000000000-LVNKY:1:1107:17503:7808;size=14	RH.27578A9A85FA4A3Z0Z_F	100.000	24	0	4.65e-09	48.1
M03520:605:000000000-LVNKY:1:1107:17503:7808;size=14	RH.27578A9A85FA4A3Z0Z_R	100.000	22	0	7.27e-08	44.1
M03520:605:000000000-LVNKY:1:1107:18600:6187;size=14	RH.DDB83AFF97C94C6Z0Z_R	100.000	25	0	1.18e-09	50.1
M03520:605:000000000-LVNKY:1:1107:18600:6187;size=14	RH.DDB83AFF97C94C6Z0Z_F	100.000	24	0	4.65e-09	48.1
M03520:605:000000000-LVNKY:1:1108:17724:12053;size=14	RH.51338FA06EDB4F0Z0Z_R	100.000	25	0	1.18e-09	50.1
M03520:605:000000000-LVNKY:1:1108:17724:12053;size=14	RH.51338FA06EDB4F0Z0Z_F	96.000	25	1	2.87e-07	42.1
M03520:605:000000000-LVNKY:1:1109:24766:18536;size=14	RH.0BD19D1A26A74EBZ0Z_F	100.000	25	0	1.18e-09	50.1
M03520:605:000000000-LVNKY:1:1109:24766:18536;size=14	RH.0BD19D1A26A74EBZ0Z_R	100.000	24	0	4.65e-09	48.1
M03520:605:000000000-LVNKY:1:1109:9652:6289;size=14	RH.CA1E204B0C0842DZ0Z_F	100.000	26	0	2.98e-10	52.0
M03520:605:000000000-LVNKY:1:1109:9652:6289;size=14	RH.CA1E204B0C0842DZ0Z_R	100.000	24	0	4.65e-09	48.1
M03520:605:000000000-LVNKY:1:1110:18483:10302;size=14	RH.0096A141894D447Z0Z_F	100.000	24	0	4.65e-09	48.1
M03520:605:000000000-LVNKY:1:1110:18483:10302;size=14	RH.0096A141894D447Z0Z_R	100.000	21	0	2.87e-07	42.1
M03520:605:000000000-LVNKY:1:1101:10130:11189;size=13	RH.DDB83AFF97C94C6Z0Z_F	100.000	24	0	4.65e-09	48.1
M03520:605:000000000-LVNKY:1:1101:10130:11189;size=13	RH.DDB83AFF97C94C6Z0Z_R	100.000	21	0	2.87e-07	42.1
M03520:605:000000000-LVNKY:1:1101:10223:18933;size=13	RH.51338FA06EDB4F0Z0Z_F	100.000	25	0	1.18e-09	50.1
M03520:605:000000000-LVNKY:1:1101:10223:18933;size=13	RH.51338FA06EDB4F0Z0Z_R	96.000	25	1	2.87e-07	42.1
M03520:605:000000000-LVNKY:1:1101:11420:3412;size=13	RH.DDB83AFF97C94C6Z0Z_F	100.000	24	0	4.65e-09	48.1
M03520:605:000000000-LVNKY:1:1101:11420:3412;size=13	RH.DDB83AFF97C94C6Z0Z_R	96.000	25	1	2.87e-07	42.1
M03520:605:000000000-LVNKY:1:1101:12939:14262;size=13	RH.1CC74B91718A42FZ0Z_F	100.000	24	0	4.65e-09	48.1
M03520:605:000000000-LVNKY:1:1101:12939:14262;size=13	RH.1CC74B91718A42FZ0Z_R	100.000	21	0	2.87e-07	42.1
M03520:605:000000000-LVNKY:1:1101:13380:14752;size=13	RH.2AFFFBA0E81C482Z0Z_R	100.000	23	0	1.84e-08	46.1
M03520:605:000000000-LVNKY:1:1101:13380:14752;size=13	RH.2AFFFBA0E81C482Z0Z_F	100.000	23	0	1.84e-08	46.1
M03520:605:000000000-LVNKY:1:1101:13405:11704;size=13	RH.0BD19D1A26A74EBZ0Z_R	100.000	24	0	4.65e-09	48.1
M03520:605:000000000-LVNKY:1:1101:13405:11704;size=13	RH.0BD19D1A26A74EBZ0Z_F	100.000	21	0	2.87e-07	42.1
M03520:605:000000000-LVNKY:1:1101:14481:3356;size=13	RH.0096A141894D447Z0Z_R	100.000	21	0	2.87e-07	42.1
M03520:605:000000000-LVNKY:1:1101:14481:3356;size=13	RH.0096A141894D447Z0Z_F	95.833	24	1	1.13e-06	40.1
M03520:605:000000000-LVNKY:1:1101:15302:12575;size=13	RH.72B9E3F522264B3Z0Z_F	100.000	22	0	7.27e-08	44.1
M03520:605:000000000-LVNKY:1:1101:15302:12575;size=13	RH.72B9E3F522264B3Z0Z_R	100.000	20	0	1.13e-06	40.1
M03520:605:000000000-LVNKY:1:1101:16016:10872;size=13	RH.B9EF730EBE6C436Z0Z_R	100.000	25	0	1.18e-09	50.1
M03520:605:000000000-LVNKY:1:1101:16694:28145;size=13	RH.CF953F27F5674E1Z0Z_F	100.000	26	0	2.98e-10	52.0
M03520:605:000000000-LVNKY:1:1101:16694:28145;size=13	RH.CF953F27F5674E1Z0Z_R	100.000	25	0	1.18e-09	50.1
M03520:605:000000000-LVNKY:1:1101:17553:16136;size=13	RH.51338FA06EDB4F0Z0Z_R	100.000	25	0	1.18e-09	50.1
M03520:605:000000000-LVNKY:1:1101:17553:16136;size=13	RH.51338FA06EDB4F0Z0Z_F	100.000	24	0	4.65e-09	48.1
M03520:605:000000000-LVNKY:1:1101:18225:21496;size=13	RH.0BD19D1A26A74EBZ0Z_R	100.000	24	0	4.65e-09	48.1
M03520:605:000000000-LVNKY:1:1101:18225:21496;size=13	RH.0BD19D1A26A74EBZ0Z_F	100.000	23	0	1.84e-08	46.1
M03520:605:000000000-LVNKY:1:1101:19985:14102;size=13	RH.0BD19D1A26A74EBZ0Z_F	100.000	25	0	1.18e-09	50.1
M03520:605:000000000-LVNKY:1:1101:19985:14102;size=13	RH.0BD19D1A26A74EBZ0Z_R	100.000	24	0	4.65e-09	48.1
M03520:605:000000000-LVNKY:1:1101:20041:14754;size=13	RH.7CE39E25906745AZ0Z_R	100.000	26	0	2.98e-10	52.0
M03520:605:000000000-LVNKY:1:1101:20041:14754;size=13	RH.7CE39E25906745AZ0Z_F	100.000	20	0	1.13e-06	40.1
M03520:605:000000000-LVNKY:1:1101:20692:6819;size=13	RH.DDB83AFF97C94C6Z0Z_R	100.000	25	0	1.18e-09	50.1
M03520:605:000000000-LVNKY:1:1101:20692:6819;size=13	RH.DDB83AFF97C94C6Z0Z_F	100.000	24	0	4.65e-09	48.1
M03520:605:000000000-LVNKY:1:1101:21295:23435;size=13	RH.094E5466924B45EZ0Z_F	100.000	26	0	2.98e-10	52.0
M03520:605:000000000-LVNKY:1:1101:21295:23435;size=13	RH.094E5466924B45EZ0Z_R	100.000	25	0	1.18e-09	50.1
M03520:605:000000000-LVNKY:1:1101:21389:16323;size=13	RH.E04EE94198274F7Z0Z_F	100.000	25	0	1.18e-09	50.1
M03520:605:000000000-LVNKY:1:1101:21389:16323;size=13	RH.E04EE94198274F7Z0Z_R	95.833	24	1	1.13e-06	40.1
M03520:605:000000000-LVNKY:1:1101:21530:21409;size=13	RH.DDB83AFF97C94C6Z0Z_F	100.000	24	0	4.65e-09	48.1
M03520:605:000000000-LVNKY:1:1101:21530:21409;size=13	RH.DDB83AFF97C94C6Z0Z_R	96.000	25	1	2.87e-07	42.1
M03520:605:000000000-LVNKY:1:1101:22048:6231;size=13	RH.0550AF0F57084ADZ0Z_F	100.000	24	0	4.65e-09	48.1
M03520:605:000000000-LVNKY:1:1101:22669:6762;size=13	RH.1CC74B91718A42FZ0Z_R	100.000	25	0	1.18e-09	50.1
M03520:605:000000000-LVNKY:1:1101:22669:6762;size=13	RH.1CC74B91718A42FZ0Z_F	100.000	24	0	4.65e-09	48.1
M03520:605:000000000-LVNKY:1:1101:23182:15036;size=13	RH.0550AF0F57084ADZ0Z_R	100.000	22	0	7.27e-08	44.1
M03520:605:000000000-LVNKY:1:1101:23182:15036;size=13	RH.0550AF0F57084ADZ0Z_F	95.833	24	1	1.13e-06	40.1
M03520:605:000000000-LVNKY:1:1101:24115:18041;size=13	RH.DDB83AFF97C94C6Z0Z_R	100.000	24	0	4.65e-09	48.1
M03520:605:000000000-LVNKY:1:1101:24115:18041;size=13	RH.DDB83AFF97C94C6Z0Z_F	100.000	24	0	4.65e-09	48.1
M03520:605:000000000-LVNKY:1:1101:24399:8284;size=13	RH.0096A141894D447Z0Z_R	100.000	21	0	2.87e-07	42.1
M03520:605:000000000-LVNKY:1:1101:24399:8284;size=13	RH.0096A141894D447Z0Z_F	95.833	24	1	1.13e-06	40.1
M03520:605:000000000-LVNKY:1:1101:24528:26103;size=13	RH.51338FA06EDB4F0Z0Z_F	100.000	25	0	1.18e-09	50.1
M03520:605:000000000-LVNKY:1:1101:24528:26103;size=13	RH.51338FA06EDB4F0Z0Z_R	96.000	25	1	2.87e-07	42.1
M03520:605:000000000-LVNKY:1:1101:26365:10976;size=13	RH.E04EE94198274F7Z0Z_F	100.000	25	0	1.18e-09	50.1
M03520:605:000000000-LVNKY:1:1101:26365:10976;size=13	RH.E04EE94198274F7Z0Z_R	95.833	24	1	1.13e-06	40.1
M03520:605:000000000-LVNKY:1:1101:4586:15830;size=13	RH.27578A9A85FA4A3Z0Z_R	100.000	22	0	7.27e-08	44.1
M03520:605:000000000-LVNKY:1:1101:4586:15830;size=13	RH.27578A9A85FA4A3Z0Z_F	100.000	20	0	1.13e-06	40.1
M03520:605:000000000-LVNKY:1:1101:5754:15560;size=13	RH.0096A141894D447Z0Z_F	100.000	24	0	4.65e-09	48.1
M03520:605:000000000-LVNKY:1:1101:5754:15560;size=13	RH.0096A141894D447Z0Z_R	100.000	21	0	2.87e-07	42.1
M03520:605:000000000-LVNKY:1:1101:7291:25042;size=13	RH.7CE39E25906745AZ0Z_R	100.000	26	0	2.98e-10	52.0
M03520:605:000000000-LVNKY:1:1101:7291:25042;size=13	RH.7CE39E25906745AZ0Z_F	100.000	25	0	1.18e-09	50.1
M03520:605:000000000-LVNKY:1:1101:8360:20539;size=13	RH.E04EE94198274F7Z0Z_F	96.000	25	1	2.87e-07	42.1
M03520:605:000000000-LVNKY:1:1101:8360:20539;size=13	RH.E04EE94198274F7Z0Z_R	95.833	24	1	1.13e-06	40.1
M03520:605:000000000-LVNKY:1:1101:8638:26024;size=13	RH.2AFFFBA0E81C482Z0Z_F	100.000	23	0	1.84e-08	46.1
M03520:605:000000000-LVNKY:1:1101:8638:26024;size=13	RH.19C64E69AB7E463Z0Z_R	100.000	19	0	4.48e-06	38.2
M03520:605:000000000-LVNKY:1:1101:8666:22174;size=13	RH.51338FA06EDB4F0Z0Z_F	100.000	25	0	1.18e-09	50.1
M03520:605:000000000-LVNKY:1:1101:8666:22174;size=13	RH.51338FA06EDB4F0Z0Z_R	100.000	24	0	4.65e-09	48.1
M03520:605:000000000-LVNKY:1:1101:9071:3496;size=13	RH.8B25A056ABC1444Z0Z_R	100.000	24	0	4.65e-09	48.1
M03520:605:000000000-LVNKY:1:1101:9071:3496;size=13	RH.8B25A056ABC1444Z0Z_F	100.000	22	0	7.27e-08	44.1
M03520:605:000000000-LVNKY:1:1101:9571:4334;size=13	RH.0BD19D1A26A74EBZ0Z_F	100.000	25	0	1.18e-09	50.1
M03520:605:000000000-LVNKY:1:1101:9571:4334;size=13	RH.0BD19D1A26A74EBZ0Z_R	100.000	24	0	4.65e-09	48.1
M03520:605:000000000-LVNKY:1:1101:9612:9118;size=13	RH.85A5303CAAF54ADZ0Z_F	100.000	21	0	2.87e-07	42.1
M03520:605:000000000-LVNKY:1:1101:9821:5208;size=13	RH.2A8AD21024974C0Z0Z_F	100.000	26	0	2.98e-10	52.0
M03520:605:000000000-LVNKY:1:1101:9821:5208;size=13	RH.2A8AD21024974C0Z0Z_R	100.000	25	0	1.18e-09	50.1
M03520:605:000000000-LVNKY:1:1102:11502:17910;size=13	RH.51338FA06EDB4F0Z0Z_R	100.000	25	0	1.18e-09	50.1
M03520:605:000000000-LVNKY:1:1102:11502:17910;size=13	RH.51338FA06EDB4F0Z0Z_F	100.000	25	0	1.18e-09	50.1
M03520:605:000000000-LVNKY:1:1102:11537:12732;size=13	RH.7CE39E25906745AZ0Z_R	100.000	26	0	2.98e-10	52.0
M03520:605:000000000-LVNKY:1:1102:11537:12732;size=13	RH.7CE39E25906745AZ0Z_F	96.000	25	1	2.87e-07	42.1
M03520:605:000000000-LVNKY:1:1102:11954:26512;size=13	RH.27578A9A85FA4A3Z0Z_F	100.000	24	0	4.65e-09	48.1
M03520:605:000000000-LVNKY:1:1102:11954:26512;size=13	RH.27578A9A85FA4A3Z0Z_R	100.000	22	0	7.27e-08	44.1
M03520:605:000000000-LVNKY:1:1102:14682:7486;size=13	RH.DDB83AFF97C94C6Z0Z_R	100.000	25	0	1.18e-09	50.1
M03520:605:000000000-LVNKY:1:1102:14682:7486;size=13	RH.DDB83AFF97C94C6Z0Z_F	100.000	24	0	4.65e-09	48.1
M03520:605:000000000-LVNKY:1:1102:14802:11403;size=13	RH.0180E4AB5822472Z0Z_R	100.000	25	0	1.18e-09	50.1
M03520:605:000000000-LVNKY:1:1102:14802:11403;size=13	RH.0180E4AB5822472Z0Z_F	100.000	23	0	1.84e-08	46.1
M03520:605:000000000-LVNKY:1:1102:15083:11335;size=13	RH.B9EF730EBE6C436Z0Z_F	100.000	25	0	1.18e-09	50.1
M03520:605:000000000-LVNKY:1:1102:15083:11335;size=13	RH.B9EF730EBE6C436Z0Z_R	100.000	24	0	4.65e-09	48.1
M03520:605:000000000-LVNKY:1:1102:15484:15499;size=13	RH.B9EF730EBE6C436Z0Z_R	100.000	25	0	1.18e-09	50.1
M03520:605:000000000-LVNKY:1:1102:15895:4712;size=13	RH.0096A141894D447Z0Z_F	100.000	24	0	4.65e-09	48.1
M03520:605:000000000-LVNKY:1:1102:15895:4712;size=13	RH.0096A141894D447Z0Z_R	100.000	21	0	2.87e-07	42.1
M03520:605:000000000-LVNKY:1:1102:16281:21052;size=13	RH.72B9E3F522264B3Z0Z_F	100.000	22	0	7.27e-08	44.1
M03520:605:000000000-LVNKY:1:1102:16317:15450;size=13	RH.0BD19D1A26A74EBZ0Z_F	100.000	25	0	1.18e-09	50.1
M03520:605:000000000-LVNKY:1:1102:16317:15450;size=13	RH.0BD19D1A26A74EBZ0Z_R	100.000	24	0	4.65e-09	48.1
M03520:605:000000000-LVNKY:1:1102:17244:23069;size=13	RH.85A5303CAAF54ADZ0Z_R	100.000	22	0	7.27e-08	44.1
M03520:605:000000000-LVNKY:1:1102:17244:23069;size=13	RH.85A5303CAAF54ADZ0Z_F	100.000	21	0	2.87e-07	42.1
M03520:605:000000000-LVNKY:1:1102:17743:12552;size=13	RH.27578A9A85FA4A3Z0Z_F	100.000	24	0	4.65e-09	48.1
M03520:605:000000000-LVNKY:1:1102:18697:24704;size=13	RH.27578A9A85FA4A3Z0Z_F	100.000	24	0	4.65e-09	48.1
M03520:605:000000000-LVNKY:1:1102:18697:24704;size=13	RH.27578A9A85FA4A3Z0Z_R	100.000	22	0	7.27e-08	44.1
M03520:605:000000000-LVNKY:1:1102:19054:21148;size=13	RH.0096A141894D447Z0Z_F	100.000	24	0	4.65e-09	48.1
M03520:605:000000000-LVNKY:1:1102:19054:21148;size=13	RH.0096A141894D447Z0Z_R	100.000	21	0	2.87e-07	42.1
M03520:605:000000000-LVNKY:1:1102:24268:19240;size=13	RH.0096A141894D447Z0Z_F	100.000	24	0	4.65e-09	48.1
M03520:605:000000000-LVNKY:1:1102:24268:19240;size=13	RH.0096A141894D447Z0Z_R	100.000	21	0	2.87e-07	42.1
M03520:605:000000000-LVNKY:1:1102:24705:20020;size=13	RH.7CE39E25906745AZ0Z_R	100.000	26	0	2.98e-10	52.0
M03520:605:000000000-LVNKY:1:1102:24705:20020;size=13	RH.7CE39E25906745AZ0Z_F	100.000	25	0	1.18e-09	50.1
M03520:605:000000000-LVNKY:1:1102:25166:25557;size=13	RH.85A5303CAAF54ADZ0Z_F	100.000	21	0	2.87e-07	42.1
M03520:605:000000000-LVNKY:1:1102:25967:17156;size=13	RH.27578A9A85FA4A3Z0Z_F	100.000	24	0	4.65e-09	48.1
M03520:605:000000000-LVNKY:1:1102:26403:7853;size=13	RH.B9EF730EBE6C436Z0Z_F	100.000	25	0	1.18e-09	50.1
M03520:605:000000000-LVNKY:1:1102:26403:7853;size=13	RH.B9EF730EBE6C436Z0Z_R	96.000	25	1	2.87e-07	42.1
M03520:605:000000000-LVNKY:1:1102:5221:18159;size=13	RH.DDB83AFF97C94C6Z0Z_R	100.000	25	0	1.18e-09	50.1
M03520:605:000000000-LVNKY:1:1102:7764:22272;size=13	RH.85A5303CAAF54ADZ0Z_R	100.000	22	0	7.27e-08	44.1
M03520:605:000000000-LVNKY:1:1102:7764:22272;size=13	RH.85A5303CAAF54ADZ0Z_F	100.000	21	0	2.87e-07	42.1
M03520:605:000000000-LVNKY:1:1102:8704:3455;size=13	RH.E04EE94198274F7Z0Z_F	100.000	25	0	1.18e-09	50.1
M03520:605:000000000-LVNKY:1:1102:8704:3455;size=13	RH.E04EE94198274F7Z0Z_R	95.833	24	1	1.13e-06	40.1
M03520:605:000000000-LVNKY:1:1103:10235:13084;size=13	RH.DDB83AFF97C94C6Z0Z_R	100.000	25	0	1.18e-09	50.1
M03520:605:000000000-LVNKY:1:1103:10235:13084;size=13	RH.DDB83AFF97C94C6Z0Z_F	100.000	24	0	4.65e-09	48.1
M03520:605:000000000-LVNKY:1:1103:10599:20877;size=13	RH.2A8AD21024974C0Z0Z_R	100.000	25	0	1.18e-09	50.1
M03520:605:000000000-LVNKY:1:1103:10599:20877;size=13	RH.2A8AD21024974C0Z0Z_F	96.154	26	1	7.27e-08	44.1
M03520:605:000000000-LVNKY:1:1103:12448:19301;size=13	RH.69CEA0AC39F4445Z0Z_F	100.000	24	0	4.65e-09	48.1
M03520:605:000000000-LVNKY:1:1103:12448:19301;size=13	RH.69CEA0AC39F4445Z0Z_R	100.000	23	0	1.84e-08	46.1
M03520:605:000000000-LVNKY:1:1103:12594:11767;size=13	RH.27578A9A85FA4A3Z0Z_R	100.000	22	0	7.27e-08	44.1
M03520:605:000000000-LVNKY:1:1103:12594:11767;size=13	RH.27578A9A85FA4A3Z0Z_F	95.833	24	1	1.13e-06	40.1
M03520:605:000000000-LVNKY:1:1103:14042:14317;size=13	RH.6572108A164E48EZ0Z_R	100.000	25	0	1.18e-09	50.1
M03520:605:000000000-LVNKY:1:1103:14042:14317;size=13	RH.6572108A164E48EZ0Z_F	100.000	24	0	4.65e-09	48.1
M03520:605:000000000-LVNKY:1:1103:15700:7019;size=13	RH.7CE39E25906745AZ0Z_R	100.000	26	0	2.98e-10	52.0
M03520:605:000000000-LVNKY:1:1103:15700:7019;size=13	RH.7CE39E25906745AZ0Z_F	100.000	25	0	1.18e-09	50.1
M03520:605:000000000-LVNKY:1:1103:16094:13962;size=13	RH.51338FA06EDB4F0Z0Z_R	100.000	25	0	1.18e-09	50.1
M03520:605:000000000-LVNKY:1:1103:16094:13962;size=13	RH.51338FA06EDB4F0Z0Z_F	100.000	25	0	1.18e-09	50.1
M03520:605:000000000-LVNKY:1:1103:17759:15537;size=13	RH.1CC74B91718A42FZ0Z_R	100.000	25	0	1.18e-09	50.1
M03520:605:000000000-LVNKY:1:1103:17759:15537;size=13	RH.1CC74B91718A42FZ0Z_F	100.000	20	0	1.13e-06	40.1
M03520:605:000000000-LVNKY:1:1103:17852:3910;size=13	RH.2A8AD21024974C0Z0Z_F	100.000	26	0	2.98e-10	52.0
M03520:605:000000000-LVNKY:1:1103:17852:3910;size=13	RH.2A8AD21024974C0Z0Z_R	100.000	25	0	1.18e-09	50.1
M03520:605:000000000-LVNKY:1:1103:18266:2008;size=13	RH.7CE39E25906745AZ0Z_R	100.000	26	0	2.98e-10	52.0
M03520:605:000000000-LVNKY:1:1103:18266:2008;size=13	RH.7CE39E25906745AZ0Z_F	100.000	25	0	1.18e-09	50.1
M03520:605:000000000-LVNKY:1:1103:18365:26068;size=13	RH.51338FA06EDB4F0Z0Z_F	100.000	25	0	1.18e-09	50.1
M03520:605:000000000-LVNKY:1:1103:18365:26068;size=13	RH.51338FA06EDB4F0Z0Z_R	100.000	25	0	1.18e-09	50.1
M03520:605:000000000-LVNKY:1:1103:21438:19033;size=13	RH.2A8AD21024974C0Z0Z_R	100.000	25	0	1.18e-09	50.1
M03520:605:000000000-LVNKY:1:1103:21438:19033;size=13	RH.2A8AD21024974C0Z0Z_F	96.154	26	1	7.27e-08	44.1
M03520:605:000000000-LVNKY:1:1103:22392:8335;size=13	RH.85A5303CAAF54ADZ0Z_R	100.000	22	0	7.27e-08	44.1
M03520:605:000000000-LVNKY:1:1103:22392:8335;size=13	RH.85A5303CAAF54ADZ0Z_F	100.000	21	0	2.87e-07	42.1
M03520:605:000000000-LVNKY:1:1103:25357:10443;size=13	RH.E04EE94198274F7Z0Z_F	100.000	25	0	1.18e-09	50.1
M03520:605:000000000-LVNKY:1:1103:25357:10443;size=13	RH.E04EE94198274F7Z0Z_R	95.833	24	1	1.13e-06	40.1
M03520:605:000000000-LVNKY:1:1103:27035:22549;size=13	RH.DDB83AFF97C94C6Z0Z_R	100.000	25	0	1.18e-09	50.1
M03520:605:000000000-LVNKY:1:1103:27035:22549;size=13	RH.DDB83AFF97C94C6Z0Z_F	100.000	24	0	4.65e-09	48.1
M03520:605:000000000-LVNKY:1:1103:29579:15012;size=13	RH.DDB83AFF97C94C6Z0Z_R	100.000	25	0	1.18e-09	50.1
M03520:605:000000000-LVNKY:1:1103:29579:15012;size=13	RH.DDB83AFF97C94C6Z0Z_F	100.000	24	0	4.65e-09	48.1
M03520:605:000000000-LVNKY:1:1103:2960:14683;size=13	RH.0BD19D1A26A74EBZ0Z_F	100.000	25	0	1.18e-09	50.1
M03520:605:000000000-LVNKY:1:1103:2960:14683;size=13	RH.0BD19D1A26A74EBZ0Z_R	100.000	24	0	4.65e-09	48.1
M03520:605:000000000-LVNKY:1:1103:6397:17005;size=13	RH.85A5303CAAF54ADZ0Z_F	100.000	21	0	2.87e-07	42.1
M03520:605:000000000-LVNKY:1:1103:6903:15237;size=13	RH.E04EE94198274F7Z0Z_F	100.000	25	0	1.18e-09	50.1
M03520:605:000000000-LVNKY:1:1103:6903:15237;size=13	RH.E04EE94198274F7Z0Z_R	95.833	24	1	1.13e-06	40.1
M03520:605:000000000-LVNKY:1:1103:6909:23332;size=13	RH.0096A141894D447Z0Z_F	100.000	24	0	4.65e-09	48.1
M03520:605:000000000-LVNKY:1:1103:6909:23332;size=13	RH.0096A141894D447Z0Z_R	100.000	21	0	2.87e-07	42.1
M03520:605:000000000-LVNKY:1:1103:9964:12302;size=13	RH.7CE39E25906745AZ0Z_R	100.000	26	0	2.98e-10	52.0
M03520:605:000000000-LVNKY:1:1103:9964:12302;size=13	RH.7CE39E25906745AZ0Z_F	96.000	25	1	2.87e-07	42.1
M03520:605:000000000-LVNKY:1:1104:15366:2093;size=13	RH.2A8AD21024974C0Z0Z_F	100.000	26	0	2.98e-10	52.0
M03520:605:000000000-LVNKY:1:1104:15366:2093;size=13	RH.2A8AD21024974C0Z0Z_R	100.000	25	0	1.18e-09	50.1
M03520:605:000000000-LVNKY:1:1104:16460:15374;size=13	RH.2A8AD21024974C0Z0Z_F	100.000	26	0	2.98e-10	52.0
M03520:605:000000000-LVNKY:1:1104:16460:15374;size=13	RH.2A8AD21024974C0Z0Z_R	100.000	25	0	1.18e-09	50.1
M03520:605:000000000-LVNKY:1:1104:18686:10504;size=13	RH.85A5303CAAF54ADZ0Z_R	100.000	22	0	7.27e-08	44.1
M03520:605:000000000-LVNKY:1:1104:18686:10504;size=13	RH.85A5303CAAF54ADZ0Z_F	100.000	21	0	2.87e-07	42.1
M03520:605:000000000-LVNKY:1:1104:18734:7758;size=13	RH.27578A9A85FA4A3Z0Z_F	100.000	24	0	4.65e-09	48.1
M03520:605:000000000-LVNKY:1:1104:18734:7758;size=13	RH.27578A9A85FA4A3Z0Z_R	100.000	22	0	7.27e-08	44.1
M03520:605:000000000-LVNKY:1:1104:24805:24862;size=13	RH.27578A9A85FA4A3Z0Z_F	100.000	24	0	4.65e-09	48.1
M03520:605:000000000-LVNKY:1:1104:24805:24862;size=13	RH.27578A9A85FA4A3Z0Z_R	100.000	22	0	7.27e-08	44.1
M03520:605:000000000-LVNKY:1:1104:26908:23325;size=13	RH.2A8AD21024974C0Z0Z_F	100.000	26	0	2.98e-10	52.0
M03520:605:000000000-LVNKY:1:1104:26908:23325;size=13	RH.2A8AD21024974C0Z0Z_R	100.000	25	0	1.18e-09	50.1
M03520:605:000000000-LVNKY:1:1104:27903:21126;size=13	RH.0BD19D1A26A74EBZ0Z_F	100.000	25	0	1.18e-09	50.1
M03520:605:000000000-LVNKY:1:1104:27903:21126;size=13	RH.0BD19D1A26A74EBZ0Z_R	100.000	24	0	4.65e-09	48.1
M03520:605:000000000-LVNKY:1:1104:28190:21076;size=13	RH.85A5303CAAF54ADZ0Z_R	100.000	22	0	7.27e-08	44.1
M03520:605:000000000-LVNKY:1:1104:3661:21788;size=13	RH.2A8AD21024974C0Z0Z_R	100.000	25	0	1.18e-09	50.1
M03520:605:000000000-LVNKY:1:1104:3661:21788;size=13	RH.2A8AD21024974C0Z0Z_F	96.154	26	1	7.27e-08	44.1
M03520:605:000000000-LVNKY:1:1104:5810:7676;size=13	RH.85A5303CAAF54ADZ0Z_F	100.000	21	0	2.87e-07	42.1
M03520:605:000000000-LVNKY:1:1105:19098:10510;size=13	RH.51338FA06EDB4F0Z0Z_F	100.000	25	0	1.18e-09	50.1
M03520:605:000000000-LVNKY:1:1105:19098:10510;size=13	RH.51338FA06EDB4F0Z0Z_R	100.000	19	0	4.48e-06	38.2
M03520:605:000000000-LVNKY:1:1105:24892:11964;size=13	RH.0550AF0F57084ADZ0Z_F	100.000	24	0	4.65e-09	48.1
M03520:605:000000000-LVNKY:1:1105:24892:11964;size=13	RH.0550AF0F57084ADZ0Z_R	100.000	22	0	7.27e-08	44.1
M03520:605:000000000-LVNKY:1:1106:15103:9115;size=13	RH.CA1E204B0C0842DZ0Z_F	100.000	26	0	2.98e-10	52.0
M03520:605:000000000-LVNKY:1:1106:15103:9115;size=13	RH.CA1E204B0C0842DZ0Z_R	100.000	24	0	4.65e-09	48.1
M03520:605:000000000-LVNKY:1:1106:5216:18293;size=13	RH.2A8AD21024974C0Z0Z_F	100.000	26	0	2.98e-10	52.0
M03520:605:000000000-LVNKY:1:1106:5216:18293;size=13	RH.2A8AD21024974C0Z0Z_R	96.000	25	1	2.87e-07	42.1
M03520:605:000000000-LVNKY:1:1107:23566:8464;size=13	RH.51338FA06EDB4F0Z0Z_R	95.652	23	1	4.48e-06	38.2
M03520:605:000000000-LVNKY:1:1108:17534:6867;size=13	RH.0550AF0F57084ADZ0Z_F	100.000	24	0	4.65e-09	48.1
M03520:605:000000000-LVNKY:1:1108:17534:6867;size=13	RH.0550AF0F57084ADZ0Z_R	100.000	22	0	7.27e-08	44.1
M03520:605:000000000-LVNKY:1:1108:26549:19638;size=13	RH.0BD19D1A26A74EBZ0Z_F	100.000	25	0	1.18e-09	50.1
M03520:605:000000000-LVNKY:1:1108:26549:19638;size=13	RH.0BD19D1A26A74EBZ0Z_R	100.000	24	0	4.65e-09	48.1
M03520:605:000000000-LVNKY:1:1108:9716:22174;size=13	RH.2A8AD21024974C0Z0Z_R	100.000	25	0	1.18e-09	50.1
M03520:605:000000000-LVNKY:1:1112:23175:18039;size=13	RH.7CE39E25906745AZ0Z_R	100.000	26	0	2.98e-10	52.0
M03520:605:000000000-LVNKY:1:1112:23175:18039;size=13	RH.7CE39E25906745AZ0Z_F	100.000	25	0	1.18e-09	50.1
M03520:605:000000000-LVNKY:1:1112:6311:19754;size=13	RH.8B25A056ABC1444Z0Z_R	100.000	24	0	4.65e-09	48.1
M03520:605:000000000-LVNKY:1:1112:6311:19754;size=13	RH.8B25A056ABC1444Z0Z_F	100.000	22	0	7.27e-08	44.1
M03520:605:000000000-LVNKY:1:1114:19826:27704;size=13	RH.B9EF730EBE6C436Z0Z_R	100.000	25	0	1.18e-09	50.1
M03520:605:000000000-LVNKY:1:1114:19826:27704;size=13	RH.B9EF730EBE6C436Z0Z_F	100.000	22	0	7.27e-08	44.1
M03520:605:000000000-LVNKY:1:1101:10733:24731;size=12	RH.DDB83AFF97C94C6Z0Z_R	100.000	25	0	1.18e-09	50.1
M03520:605:000000000-LVNKY:1:1101:10733:24731;size=12	RH.DDB83AFF97C94C6Z0Z_F	95.833	24	1	1.13e-06	40.1
M03520:605:000000000-LVNKY:1:1101:11538:9524;size=12	RH.0BD19D1A26A74EBZ0Z_F	100.000	25	0	1.18e-09	50.1
M03520:605:000000000-LVNKY:1:1101:11538:9524;size=12	RH.0BD19D1A26A74EBZ0Z_R	100.000	24	0	4.65e-09	48.1
M03520:605:000000000-LVNKY:1:1101:13109:22233;size=12	RH.0096A141894D447Z0Z_R	100.000	21	0	2.87e-07	42.1
M03520:605:000000000-LVNKY:1:1101:13109:22233;size=12	RH.0096A141894D447Z0Z_F	95.833	24	1	1.13e-06	40.1
M03520:605:000000000-LVNKY:1:1101:13129:25235;size=12	RH.DDB83AFF97C94C6Z0Z_R	100.000	25	0	1.18e-09	50.1
M03520:605:000000000-LVNKY:1:1101:13129:25235;size=12	RH.DDB83AFF97C94C6Z0Z_F	100.000	24	0	4.65e-09	48.1
M03520:605:000000000-LVNKY:1:1101:13172:4920;size=12	RH.2A8AD21024974C0Z0Z_F	100.000	26	0	2.98e-10	52.0
M03520:605:000000000-LVNKY:1:1101:13172:4920;size=12	RH.2A8AD21024974C0Z0Z_R	100.000	25	0	1.18e-09	50.1
M03520:605:000000000-LVNKY:1:1101:13391:8473;size=12	RH.85A5303CAAF54ADZ0Z_R	100.000	22	0	7.27e-08	44.1
M03520:605:000000000-LVNKY:1:1101:13391:8473;size=12	RH.85A5303CAAF54ADZ0Z_F	100.000	21	0	2.87e-07	42.1
M03520:605:000000000-LVNKY:1:1101:13863:15929;size=12	RH.DDB83AFF97C94C6Z0Z_R	100.000	25	0	1.18e-09	50.1
M03520:605:000000000-LVNKY:1:1101:13863:15929;size=12	RH.DDB83AFF97C94C6Z0Z_F	100.000	24	0	4.65e-09	48.1
M03520:605:000000000-LVNKY:1:1101:14106:16929;size=12	RH.0BD19D1A26A74EBZ0Z_F	100.000	25	0	1.18e-09	50.1
M03520:605:000000000-LVNKY:1:1101:14106:16929;size=12	RH.0BD19D1A26A74EBZ0Z_R	100.000	24	0	4.65e-09	48.1
M03520:605:000000000-LVNKY:1:1101:14277:2221;size=12	RH.7CE39E25906745AZ0Z_R	100.000	26	0	2.98e-10	52.0
M03520:605:000000000-LVNKY:1:1101:14277:2221;size=12	RH.7CE39E25906745AZ0Z_F	100.000	25	0	1.18e-09	50.1
M03520:605:000000000-LVNKY:1:1101:14390:11168;size=12	RH.1CC74B91718A42FZ0Z_R	100.000	25	0	1.18e-09	50.1
M03520:605:000000000-LVNKY:1:1101:14390:11168;size=12	RH.1CC74B91718A42FZ0Z_F	100.000	24	0	4.65e-09	48.1
M03520:605:000000000-LVNKY:1:1101:14570:6783;size=12	RH.CA1E204B0C0842DZ0Z_F	100.000	26	0	2.98e-10	52.0
M03520:605:000000000-LVNKY:1:1101:14570:6783;size=12	RH.CA1E204B0C0842DZ0Z_R	100.000	24	0	4.65e-09	48.1
M03520:605:000000000-LVNKY:1:1101:15616:16074;size=12	RH.51338FA06EDB4F0Z0Z_R	100.000	25	0	1.18e-09	50.1
M03520:605:000000000-LVNKY:1:1101:15616:16074;size=12	RH.51338FA06EDB4F0Z0Z_F	100.000	23	0	1.84e-08	46.1
M03520:605:000000000-LVNKY:1:1101:15624:3734;size=12	RH.0550AF0F57084ADZ0Z_F	100.000	24	0	4.65e-09	48.1
M03520:605:000000000-LVNKY:1:1101:15624:3734;size=12	RH.0550AF0F57084ADZ0Z_R	100.000	22	0	7.27e-08	44.1
M03520:605:000000000-LVNKY:1:1101:16059:25453;size=12	RH.69CEA0AC39F4445Z0Z_F	100.000	24	0	4.65e-09	48.1
M03520:605:000000000-LVNKY:1:1101:16059:25453;size=12	RH.69CEA0AC39F4445Z0Z_R	100.000	23	0	1.84e-08	46.1
M03520:605:000000000-LVNKY:1:1101:16189:7606;size=12	RH.DDB83AFF97C94C6Z0Z_R	100.000	25	0	1.18e-09	50.1
M03520:605:000000000-LVNKY:1:1101:16189:7606;size=12	RH.DDB83AFF97C94C6Z0Z_F	100.000	24	0	4.65e-09	48.1
M03520:605:000000000-LVNKY:1:1101:16749:26566;size=12	RH.0BD19D1A26A74EBZ0Z_F	100.000	25	0	1.18e-09	50.1
M03520:605:000000000-LVNKY:1:1101:16749:26566;size=12	RH.0BD19D1A26A74EBZ0Z_R	100.000	24	0	4.65e-09	48.1
M03520:605:000000000-LVNKY:1:1101:17034:6691;size=12	RH.0BD19D1A26A74EBZ0Z_F	100.000	25	0	1.18e-09	50.1
M03520:605:000000000-LVNKY:1:1101:17034:6691;size=12	RH.0BD19D1A26A74EBZ0Z_R	100.000	24	0	4.65e-09	48.1
M03520:605:000000000-LVNKY:1:1101:18612:11873;size=12	RH.7CE39E25906745AZ0Z_R	100.000	26	0	2.98e-10	52.0
M03520:605:000000000-LVNKY:1:1101:18612:11873;size=12	RH.7CE39E25906745AZ0Z_F	100.000	25	0	1.18e-09	50.1
M03520:605:000000000-LVNKY:1:1101:19545:9231;size=12	RH.DDB83AFF97C94C6Z0Z_F	100.000	24	0	4.65e-09	48.1
M03520:605:000000000-LVNKY:1:1101:19545:9231;size=12	RH.DDB83AFF97C94C6Z0Z_R	96.000	25	1	2.87e-07	42.1
M03520:605:000000000-LVNKY:1:1101:20519:5784;size=12	RH.7CE39E25906745AZ0Z_R	100.000	26	0	2.98e-10	52.0
M03520:605:000000000-LVNKY:1:1101:20519:5784;size=12	RH.7CE39E25906745AZ0Z_F	100.000	25	0	1.18e-09	50.1
M03520:605:000000000-LVNKY:1:1101:20717:16114;size=12	RH.7CE39E25906745AZ0Z_R	100.000	25	0	1.18e-09	50.1
M03520:605:000000000-LVNKY:1:1101:21923:14068;size=12	RH.2091F326F74640CZ0Z_F	100.000	24	0	4.65e-09	48.1
M03520:605:000000000-LVNKY:1:1101:21923:14068;size=12	RH.2091F326F74640CZ0Z_R	100.000	21	0	2.87e-07	42.1
M03520:605:000000000-LVNKY:1:1101:22541:14455;size=12	RH.0096A141894D447Z0Z_F	100.000	24	0	4.65e-09	48.1
M03520:605:000000000-LVNKY:1:1101:22541:14455;size=12	RH.0096A141894D447Z0Z_R	100.000	21	0	2.87e-07	42.1
M03520:605:000000000-LVNKY:1:1101:23365:18340;size=12	RH.2A8AD21024974C0Z0Z_F	100.000	26	0	2.98e-10	52.0
M03520:605:000000000-LVNKY:1:1101:23365:18340;size=12	RH.2A8AD21024974C0Z0Z_R	100.000	25	0	1.18e-09	50.1
M03520:605:000000000-LVNKY:1:1101:23490:15282;size=12	RH.CA1E204B0C0842DZ0Z_F	100.000	26	0	2.98e-10	52.0
M03520:605:000000000-LVNKY:1:1101:23490:15282;size=12	RH.CA1E204B0C0842DZ0Z_R	100.000	24	0	4.65e-09	48.1
M03520:605:000000000-LVNKY:1:1101:23497:5786;size=12	RH.0BD19D1A26A74EBZ0Z_F	100.000	25	0	1.18e-09	50.1
M03520:605:000000000-LVNKY:1:1101:23497:5786;size=12	RH.0BD19D1A26A74EBZ0Z_R	100.000	23	0	1.84e-08	46.1
M03520:605:000000000-LVNKY:1:1101:24224:11612;size=12	RH.27578A9A85FA4A3Z0Z_F	100.000	24	0	4.65e-09	48.1
M03520:605:000000000-LVNKY:1:1101:24224:11612;size=12	RH.27578A9A85FA4A3Z0Z_R	100.000	22	0	7.27e-08	44.1
M03520:605:000000000-LVNKY:1:1101:24376:11686;size=12	RH.7CE39E25906745AZ0Z_R	100.000	26	0	2.98e-10	52.0
M03520:605:000000000-LVNKY:1:1101:26067:8449;size=12	RH.7CE39E25906745AZ0Z_R	100.000	26	0	2.98e-10	52.0
M03520:605:000000000-LVNKY:1:1101:26067:8449;size=12	RH.7CE39E25906745AZ0Z_F	100.000	25	0	1.18e-09	50.1
M03520:605:000000000-LVNKY:1:1101:26728:14315;size=12	RH.2AFFFBA0E81C482Z0Z_R	100.000	23	0	1.84e-08	46.1
M03520:605:000000000-LVNKY:1:1101:26728:14315;size=12	RH.2AFFFBA0E81C482Z0Z_F	100.000	23	0	1.84e-08	46.1
M03520:605:000000000-LVNKY:1:1101:4459:12527;size=12	RH.2AFFFBA0E81C482Z0Z_R	100.000	23	0	1.84e-08	46.1
M03520:605:000000000-LVNKY:1:1101:4459:12527;size=12	RH.2AFFFBA0E81C482Z0Z_F	100.000	23	0	1.84e-08	46.1
M03520:605:000000000-LVNKY:1:1101:4825:21971;size=12	RH.85A5303CAAF54ADZ0Z_R	100.000	22	0	7.27e-08	44.1
M03520:605:000000000-LVNKY:1:1101:4825:21971;size=12	RH.85A5303CAAF54ADZ0Z_F	100.000	21	0	2.87e-07	42.1
M03520:605:000000000-LVNKY:1:1101:5046:9877;size=12	RH.DDB83AFF97C94C6Z0Z_R	100.000	25	0	1.18e-09	50.1
M03520:605:000000000-LVNKY:1:1101:5046:9877;size=12	RH.DDB83AFF97C94C6Z0Z_F	100.000	24	0	4.65e-09	48.1
M03520:605:000000000-LVNKY:1:1101:5683:21395;size=12	RH.CA1E204B0C0842DZ0Z_F	100.000	26	0	2.98e-10	52.0
M03520:605:000000000-LVNKY:1:1101:5683:21395;size=12	RH.CA1E204B0C0842DZ0Z_R	100.000	24	0	4.65e-09	48.1
M03520:605:000000000-LVNKY:1:1101:7265:10030;size=12	RH.DDB83AFF97C94C6Z0Z_R	100.000	25	0	1.18e-09	50.1
M03520:605:000000000-LVNKY:1:1101:7265:10030;size=12	RH.DDB83AFF97C94C6Z0Z_F	100.000	24	0	4.65e-09	48.1
M03520:605:000000000-LVNKY:1:1101:8435:10772;size=12	RH.7CE39E25906745AZ0Z_R	100.000	26	0	2.98e-10	52.0
M03520:605:000000000-LVNKY:1:1101:8435:10772;size=12	RH.7CE39E25906745AZ0Z_F	100.000	25	0	1.18e-09	50.1
M03520:605:000000000-LVNKY:1:1101:9457:18025;size=12	RH.85A5303CAAF54ADZ0Z_R	100.000	22	0	7.27e-08	44.1
M03520:605:000000000-LVNKY:1:1101:9457:18025;size=12	RH.85A5303CAAF54ADZ0Z_F	100.000	21	0	2.87e-07	42.1
M03520:605:000000000-LVNKY:1:1102:10171:26477;size=12	RH.27578A9A85FA4A3Z0Z_F	100.000	24	0	4.65e-09	48.1
M03520:605:000000000-LVNKY:1:1102:10171:26477;size=12	RH.A0CAD38B29E24F8Z0Z_R	100.000	19	0	4.48e-06	38.2
M03520:605:000000000-LVNKY:1:1102:10468:4441;size=12	RH.0096A141894D447Z0Z_F	100.000	24	0	4.65e-09	48.1
M03520:605:000000000-LVNKY:1:1102:10468:4441;size=12	RH.0096A141894D447Z0Z_R	100.000	21	0	2.87e-07	42.1
M03520:605:000000000-LVNKY:1:1102:11466:16777;size=12	RH.DDB83AFF97C94C6Z0Z_R	100.000	25	0	1.18e-09	50.1
M03520:605:000000000-LVNKY:1:1102:11466:16777;size=12	RH.8B25A056ABC1444Z0Z_F	100.000	22	0	7.27e-08	44.1
M03520:605:000000000-LVNKY:1:1102:11504:5634;size=12	RH.CA1E204B0C0842DZ0Z_R	100.000	24	0	4.65e-09	48.1
M03520:605:000000000-LVNKY:1:1102:11504:5634;size=12	RH.CA1E204B0C0842DZ0Z_F	96.154	26	1	7.27e-08	44.1
M03520:605:000000000-LVNKY:1:1102:12433:27492;size=12	RH.E04EE94198274F7Z0Z_F	100.000	25	0	1.18e-09	50.1
M03520:605:000000000-LVNKY:1:1102:12433:27492;size=12	RH.E04EE94198274F7Z0Z_R	95.833	24	1	1.13e-06	40.1
M03520:605:000000000-LVNKY:1:1102:14122:5701;size=12	RH.0096A141894D447Z0Z_F	100.000	24	0	4.65e-09	48.1
M03520:605:000000000-LVNKY:1:1102:14122:5701;size=12	RH.0096A141894D447Z0Z_R	100.000	21	0	2.87e-07	42.1
M03520:605:000000000-LVNKY:1:1102:14221:6736;size=12	RH.2A8AD21024974C0Z0Z_R	100.000	25	0	1.18e-09	50.1
M03520:605:000000000-LVNKY:1:1102:14221:6736;size=12	RH.2A8AD21024974C0Z0Z_F	96.154	26	1	7.27e-08	44.1
M03520:605:000000000-LVNKY:1:1102:14794:23358;size=12	RH.0550AF0F57084ADZ0Z_F	100.000	24	0	4.65e-09	48.1
M03520:605:000000000-LVNKY:1:1102:14794:23358;size=12	RH.0550AF0F57084ADZ0Z_R	100.000	20	0	1.13e-06	40.1
M03520:605:000000000-LVNKY:1:1102:14857:1798;size=12	RH.0BD19D1A26A74EBZ0Z_R	100.000	24	0	4.65e-09	48.1
M03520:605:000000000-LVNKY:1:1102:14857:1798;size=12	RH.0BD19D1A26A74EBZ0Z_F	100.000	23	0	1.84e-08	46.1
M03520:605:000000000-LVNKY:1:1102:17647:11782;size=12	RH.CA1E204B0C0842DZ0Z_F	100.000	26	0	2.98e-10	52.0
M03520:605:000000000-LVNKY:1:1102:17647:11782;size=12	RH.CA1E204B0C0842DZ0Z_R	100.000	24	0	4.65e-09	48.1
M03520:605:000000000-LVNKY:1:1102:18321:22371;size=12	RH.CA1E204B0C0842DZ0Z_F	100.000	26	0	2.98e-10	52.0
M03520:605:000000000-LVNKY:1:1102:18321:22371;size=12	RH.CA1E204B0C0842DZ0Z_R	100.000	21	0	2.87e-07	42.1
M03520:605:000000000-LVNKY:1:1102:18655:16603;size=12	RH.0096A141894D447Z0Z_F	100.000	24	0	4.65e-09	48.1
M03520:605:000000000-LVNKY:1:1102:18655:16603;size=12	RH.0096A141894D447Z0Z_R	100.000	21	0	2.87e-07	42.1
M03520:605:000000000-LVNKY:1:1102:19190:24175;size=12	RH.B9EF730EBE6C436Z0Z_R	100.000	25	0	1.18e-09	50.1
M03520:605:000000000-LVNKY:1:1102:19496:6872;size=12	RH.0096A141894D447Z0Z_F	100.000	24	0	4.65e-09	48.1
M03520:605:000000000-LVNKY:1:1102:19496:6872;size=12	RH.0096A141894D447Z0Z_R	100.000	21	0	2.87e-07	42.1
M03520:605:000000000-LVNKY:1:1102:20039:24065;size=12	RH.7CE39E25906745AZ0Z_R	100.000	26	0	2.98e-10	52.0
M03520:605:000000000-LVNKY:1:1102:20039:24065;size=12	RH.7CE39E25906745AZ0Z_F	100.000	25	0	1.18e-09	50.1
M03520:605:000000000-LVNKY:1:1102:22103:7885;size=12	RH.7CE39E25906745AZ0Z_R	100.000	26	0	2.98e-10	52.0
M03520:605:000000000-LVNKY:1:1102:22103:7885;size=12	RH.7CE39E25906745AZ0Z_F	100.000	25	0	1.18e-09	50.1
M03520:605:000000000-LVNKY:1:1102:23516:24911;size=12	RH.85A5303CAAF54ADZ0Z_R	100.000	22	0	7.27e-08	44.1
M03520:605:000000000-LVNKY:1:1102:23516:24911;size=12	RH.85A5303CAAF54ADZ0Z_F	100.000	21	0	2.87e-07	42.1
M03520:605:000000000-LVNKY:1:1102:23755:25984;size=12	RH.B9EF730EBE6C436Z0Z_R	100.000	25	0	1.18e-09	50.1
M03520:605:000000000-LVNKY:1:1102:23755:25984;size=12	RH.B9EF730EBE6C436Z0Z_F	100.000	25	0	1.18e-09	50.1
M03520:605:000000000-LVNKY:1:1102:24883:23792;size=12	RH.69CEA0AC39F4445Z0Z_F	100.000	24	0	4.65e-09	48.1
M03520:605:000000000-LVNKY:1:1102:24883:23792;size=12	RH.69CEA0AC39F4445Z0Z_R	100.000	23	0	1.84e-08	46.1
M03520:605:000000000-LVNKY:1:1102:26437:23830;size=12	RH.85A5303CAAF54ADZ0Z_R	100.000	22	0	7.27e-08	44.1
M03520:605:000000000-LVNKY:1:1102:26437:23830;size=12	RH.85A5303CAAF54ADZ0Z_F	100.000	19	0	4.48e-06	38.2
M03520:605:000000000-LVNKY:1:1102:2645:11878;size=12	RH.DDB83AFF97C94C6Z0Z_R	100.000	25	0	1.18e-09	50.1
M03520:605:000000000-LVNKY:1:1102:2645:11878;size=12	RH.DDB83AFF97C94C6Z0Z_F	100.000	24	0	4.65e-09	48.1
M03520:605:000000000-LVNKY:1:1102:4355:18176;size=12	RH.2AFFFBA0E81C482Z0Z_R	100.000	23	0	1.84e-08	46.1
M03520:605:000000000-LVNKY:1:1102:4355:18176;size=12	RH.2AFFFBA0E81C482Z0Z_F	100.000	23	0	1.84e-08	46.1
M03520:605:000000000-LVNKY:1:1102:4428:16843;size=12	RH.E04EE94198274F7Z0Z_F	100.000	25	0	1.18e-09	50.1
M03520:605:000000000-LVNKY:1:1102:4428:16843;size=12	RH.E04EE94198274F7Z0Z_R	95.833	24	1	1.13e-06	40.1
M03520:605:000000000-LVNKY:1:1102:4736:15349;size=12	RH.2AFFFBA0E81C482Z0Z_R	100.000	23	0	1.84e-08	46.1
M03520:605:000000000-LVNKY:1:1102:4736:15349;size=12	RH.2AFFFBA0E81C482Z0Z_F	100.000	23	0	1.84e-08	46.1
M03520:605:000000000-LVNKY:1:1102:5365:22204;size=12	RH.85A5303CAAF54ADZ0Z_R	100.000	22	0	7.27e-08	44.1
M03520:605:000000000-LVNKY:1:1102:5365:22204;size=12	RH.85A5303CAAF54ADZ0Z_F	100.000	21	0	2.87e-07	42.1
M03520:605:000000000-LVNKY:1:1102:5585:11038;size=12	RH.0BD19D1A26A74EBZ0Z_F	100.000	25	0	1.18e-09	50.1
M03520:605:000000000-LVNKY:1:1102:5585:11038;size=12	RH.0BD19D1A26A74EBZ0Z_R	100.000	24	0	4.65e-09	48.1
M03520:605:000000000-LVNKY:1:1102:5611:9462;size=12	RH.0096A141894D447Z0Z_F	100.000	24	0	4.65e-09	48.1
M03520:605:000000000-LVNKY:1:1102:6186:17266;size=12	RH.1CC74B91718A42FZ0Z_R	100.000	25	0	1.18e-09	50.1
M03520:605:000000000-LVNKY:1:1102:6186:17266;size=12	RH.1CC74B91718A42FZ0Z_F	100.000	24	0	4.65e-09	48.1
M03520:605:000000000-LVNKY:1:1102:8118:8187;size=12	RH.51338FA06EDB4F0Z0Z_R	100.000	25	0	1.18e-09	50.1
M03520:605:000000000-LVNKY:1:1102:8118:8187;size=12	RH.51338FA06EDB4F0Z0Z_F	100.000	25	0	1.18e-09	50.1
M03520:605:000000000-LVNKY:1:1102:8580:11116;size=12	RH.DDB83AFF97C94C6Z0Z_R	100.000	25	0	1.18e-09	50.1
M03520:605:000000000-LVNKY:1:1102:8580:11116;size=12	RH.DDB83AFF97C94C6Z0Z_F	100.000	24	0	4.65e-09	48.1
M03520:605:000000000-LVNKY:1:1102:9150:6093;size=12	RH.85A5303CAAF54ADZ0Z_F	100.000	21	0	2.87e-07	42.1
M03520:605:000000000-LVNKY:1:1102:9917:4073;size=12	RH.85A5303CAAF54ADZ0Z_R	100.000	22	0	7.27e-08	44.1
M03520:605:000000000-LVNKY:1:1102:9917:4073;size=12	RH.85A5303CAAF54ADZ0Z_F	100.000	21	0	2.87e-07	42.1
M03520:605:000000000-LVNKY:1:1103:11050:23842;size=12	RH.27578A9A85FA4A3Z0Z_F	100.000	24	0	4.65e-09	48.1
M03520:605:000000000-LVNKY:1:1103:11050:23842;size=12	RH.27578A9A85FA4A3Z0Z_R	100.000	19	0	4.48e-06	38.2
M03520:605:000000000-LVNKY:1:1103:11095:19660;size=12	RH.69CEA0AC39F4445Z0Z_F	100.000	24	0	4.65e-09	48.1
M03520:605:000000000-LVNKY:1:1103:11095:19660;size=12	RH.69CEA0AC39F4445Z0Z_R	100.000	23	0	1.84e-08	46.1
M03520:605:000000000-LVNKY:1:1103:11264:2862;size=12	RH.B9EF730EBE6C436Z0Z_F	100.000	25	0	1.18e-09	50.1
M03520:605:000000000-LVNKY:1:1103:12282:19283;size=12	RH.0096A141894D447Z0Z_F	100.000	24	0	4.65e-09	48.1
M03520:605:000000000-LVNKY:1:1103:12282:19283;size=12	RH.0096A141894D447Z0Z_R	100.000	21	0	2.87e-07	42.1
M03520:605:000000000-LVNKY:1:1103:15987:21852;size=12	RH.85A5303CAAF54ADZ0Z_R	100.000	22	0	7.27e-08	44.1
M03520:605:000000000-LVNKY:1:1103:16137:13780;size=12	RH.51338FA06EDB4F0Z0Z_F	100.000	25	0	1.18e-09	50.1
M03520:605:000000000-LVNKY:1:1103:16137:13780;size=12	RH.51338FA06EDB4F0Z0Z_R	100.000	25	0	1.18e-09	50.1
M03520:605:000000000-LVNKY:1:1103:16223:23673;size=12	RH.51338FA06EDB4F0Z0Z_R	100.000	25	0	1.18e-09	50.1
M03520:605:000000000-LVNKY:1:1103:16223:23673;size=12	RH.51338FA06EDB4F0Z0Z_F	100.000	25	0	1.18e-09	50.1
M03520:605:000000000-LVNKY:1:1103:16356:26562;size=12	RH.2A8AD21024974C0Z0Z_F	100.000	26	0	2.98e-10	52.0
M03520:605:000000000-LVNKY:1:1103:16356:26562;size=12	RH.2A8AD21024974C0Z0Z_R	100.000	25	0	1.18e-09	50.1
M03520:605:000000000-LVNKY:1:1103:16453:21973;size=12	RH.E04EE94198274F7Z0Z_F	100.000	25	0	1.18e-09	50.1
M03520:605:000000000-LVNKY:1:1103:17419:19526;size=12	RH.51338FA06EDB4F0Z0Z_F	100.000	25	0	1.18e-09	50.1
M03520:605:000000000-LVNKY:1:1103:17419:19526;size=12	RH.51338FA06EDB4F0Z0Z_R	100.000	25	0	1.18e-09	50.1
M03520:605:000000000-LVNKY:1:1103:19028:7794;size=12	RH.DDB83AFF97C94C6Z0Z_F	100.000	24	0	4.65e-09	48.1
M03520:605:000000000-LVNKY:1:1103:19028:7794;size=12	RH.DDB83AFF97C94C6Z0Z_R	100.000	21	0	2.87e-07	42.1
M03520:605:000000000-LVNKY:1:1103:20893:22266;size=12	RH.7CE39E25906745AZ0Z_F	100.000	25	0	1.18e-09	50.1
M03520:605:000000000-LVNKY:1:1103:20893:22266;size=12	RH.7CE39E25906745AZ0Z_R	96.154	26	1	7.27e-08	44.1
M03520:605:000000000-LVNKY:1:1103:22768:24517;size=12	RH.DDB83AFF97C94C6Z0Z_F	100.000	24	0	4.65e-09	48.1
M03520:605:000000000-LVNKY:1:1103:22768:24517;size=12	RH.DDB83AFF97C94C6Z0Z_R	96.000	25	1	2.87e-07	42.1
M03520:605:000000000-LVNKY:1:1103:26867:7854;size=12	RH.0096A141894D447Z0Z_F	100.000	24	0	4.65e-09	48.1
M03520:605:000000000-LVNKY:1:1103:26867:7854;size=12	RH.0096A141894D447Z0Z_R	100.000	21	0	2.87e-07	42.1
M03520:605:000000000-LVNKY:1:1103:3718:18815;size=12	RH.7CE39E25906745AZ0Z_R	100.000	26	0	2.98e-10	52.0
M03520:605:000000000-LVNKY:1:1103:3718:18815;size=12	RH.7CE39E25906745AZ0Z_F	100.000	25	0	1.18e-09	50.1
M03520:605:000000000-LVNKY:1:1103:5473:12697;size=12	RH.0096A141894D447Z0Z_F	100.000	24	0	4.65e-09	48.1
M03520:605:000000000-LVNKY:1:1103:5473:12697;size=12	RH.0096A141894D447Z0Z_R	100.000	21	0	2.87e-07	42.1
M03520:605:000000000-LVNKY:1:1103:7560:18836;size=12	RH.DDB83AFF97C94C6Z0Z_R	100.000	25	0	1.18e-09	50.1
M03520:605:000000000-LVNKY:1:1103:7560:18836;size=12	RH.DDB83AFF97C94C6Z0Z_F	95.833	24	1	1.13e-06	40.1
M03520:605:000000000-LVNKY:1:1103:8467:6448;size=12	RH.2091F326F74640CZ0Z_F	100.000	24	0	4.65e-09	48.1
M03520:605:000000000-LVNKY:1:1103:8467:6448;size=12	RH.2091F326F74640CZ0Z_R	100.000	22	0	7.27e-08	44.1
M03520:605:000000000-LVNKY:1:1103:9957:5967;size=12	RH.0096A141894D447Z0Z_F	100.000	24	0	4.65e-09	48.1
M03520:605:000000000-LVNKY:1:1103:9957:5967;size=12	RH.0096A141894D447Z0Z_R	100.000	21	0	2.87e-07	42.1
M03520:605:000000000-LVNKY:1:1104:12433:19959;size=12	RH.0096A141894D447Z0Z_F	100.000	24	0	4.65e-09	48.1
M03520:605:000000000-LVNKY:1:1104:14468:18568;size=12	RH.DDB83AFF97C94C6Z0Z_F	100.000	24	0	4.65e-09	48.1
M03520:605:000000000-LVNKY:1:1104:14468:18568;size=12	RH.DDB83AFF97C94C6Z0Z_R	96.000	25	1	2.87e-07	42.1
M03520:605:000000000-LVNKY:1:1104:15554:7249;size=12	RH.695584470B0A40FZ0Z_F	100.000	25	0	1.18e-09	50.1
M03520:605:000000000-LVNKY:1:1104:17801:21089;size=12	RH.51338FA06EDB4F0Z0Z_R	100.000	25	0	1.18e-09	50.1
M03520:605:000000000-LVNKY:1:1104:17801:21089;size=12	RH.51338FA06EDB4F0Z0Z_F	100.000	25	0	1.18e-09	50.1
M03520:605:000000000-LVNKY:1:1104:18210:7053;size=12	RH.27578A9A85FA4A3Z0Z_F	100.000	23	0	1.84e-08	46.1
M03520:605:000000000-LVNKY:1:1104:18210:7053;size=12	RH.27578A9A85FA4A3Z0Z_R	100.000	22	0	7.27e-08	44.1
M03520:605:000000000-LVNKY:1:1104:19304:25006;size=12	RH.8B25A056ABC1444Z0Z_R	100.000	24	0	4.65e-09	48.1
M03520:605:000000000-LVNKY:1:1104:19304:25006;size=12	RH.8B25A056ABC1444Z0Z_F	100.000	22	0	7.27e-08	44.1
M03520:605:000000000-LVNKY:1:1104:23543:8259;size=12	RH.0096A141894D447Z0Z_F	100.000	24	0	4.65e-09	48.1
M03520:605:000000000-LVNKY:1:1104:23543:8259;size=12	RH.0096A141894D447Z0Z_R	100.000	21	0	2.87e-07	42.1
M03520:605:000000000-LVNKY:1:1104:24276:24296;size=12	RH.DDB83AFF97C94C6Z0Z_R	100.000	25	0	1.18e-09	50.1
M03520:605:000000000-LVNKY:1:1104:24276:24296;size=12	RH.DDB83AFF97C94C6Z0Z_F	100.000	24	0	4.65e-09	48.1
M03520:605:000000000-LVNKY:1:1104:24607:18410;size=12	RH.0BD19D1A26A74EBZ0Z_F	100.000	25	0	1.18e-09	50.1
M03520:605:000000000-LVNKY:1:1104:24607:18410;size=12	RH.0BD19D1A26A74EBZ0Z_R	95.833	24	1	1.13e-06	40.1
M03520:605:000000000-LVNKY:1:1104:26052:15754;size=12	RH.7CE39E25906745AZ0Z_R	100.000	26	0	2.98e-10	52.0
M03520:605:000000000-LVNKY:1:1104:26052:15754;size=12	RH.7CE39E25906745AZ0Z_F	100.000	25	0	1.18e-09	50.1
M03520:605:000000000-LVNKY:1:1104:26493:7023;size=12	RH.1CC74B91718A42FZ0Z_R	100.000	25	0	1.18e-09	50.1
M03520:605:000000000-LVNKY:1:1104:26493:7023;size=12	RH.1CC74B91718A42FZ0Z_F	100.000	21	0	2.87e-07	42.1
M03520:605:000000000-LVNKY:1:1104:7757:22224;size=12	RH.85A5303CAAF54ADZ0Z_F	100.000	21	0	2.87e-07	42.1
M03520:605:000000000-LVNKY:1:1104:7813:13655;size=12	RH.85A5303CAAF54ADZ0Z_R	100.000	22	0	7.27e-08	44.1
M03520:605:000000000-LVNKY:1:1104:7813:13655;size=12	RH.85A5303CAAF54ADZ0Z_F	100.000	21	0	2.87e-07	42.1
M03520:605:000000000-LVNKY:1:1104:8129:6851;size=12	RH.51338FA06EDB4F0Z0Z_F	100.000	25	0	1.18e-09	50.1
M03520:605:000000000-LVNKY:1:1104:8129:6851;size=12	RH.51338FA06EDB4F0Z0Z_R	100.000	25	0	1.18e-09	50.1
M03520:605:000000000-LVNKY:1:1104:8683:24896;size=12	RH.0BD19D1A26A74EBZ0Z_F	100.000	25	0	1.18e-09	50.1
M03520:605:000000000-LVNKY:1:1104:8683:24896;size=12	RH.0BD19D1A26A74EBZ0Z_R	100.000	24	0	4.65e-09	48.1
M03520:605:000000000-LVNKY:1:1104:9697:6362;size=12	RH.0550AF0F57084ADZ0Z_F	100.000	24	0	4.65e-09	48.1
M03520:605:000000000-LVNKY:1:1104:9697:6362;size=12	RH.0550AF0F57084ADZ0Z_R	100.000	22	0	7.27e-08	44.1
M03520:605:000000000-LVNKY:1:1105:10777:20300;size=12	RH.85A5303CAAF54ADZ0Z_R	100.000	22	0	7.27e-08	44.1
M03520:605:000000000-LVNKY:1:1105:10777:20300;size=12	RH.85A5303CAAF54ADZ0Z_F	100.000	21	0	2.87e-07	42.1
M03520:605:000000000-LVNKY:1:1105:2014:17322;size=12	RH.DDB83AFF97C94C6Z0Z_R	100.000	25	0	1.18e-09	50.1
M03520:605:000000000-LVNKY:1:1105:2014:17322;size=12	RH.DDB83AFF97C94C6Z0Z_F	100.000	24	0	4.65e-09	48.1
M03520:605:000000000-LVNKY:1:1105:20824:18842;size=12	RH.DDB83AFF97C94C6Z0Z_R	100.000	25	0	1.18e-09	50.1
M03520:605:000000000-LVNKY:1:1105:20824:18842;size=12	RH.DDB83AFF97C94C6Z0Z_F	100.000	24	0	4.65e-09	48.1
M03520:605:000000000-LVNKY:1:1105:26455:18797;size=12	RH.0BD19D1A26A74EBZ0Z_F	100.000	25	0	1.18e-09	50.1
M03520:605:000000000-LVNKY:1:1105:26455:18797;size=12	RH.0BD19D1A26A74EBZ0Z_R	100.000	24	0	4.65e-09	48.1
M03520:605:000000000-LVNKY:1:1105:27227:15491;size=12	RH.B9EF730EBE6C436Z0Z_R	100.000	25	0	1.18e-09	50.1
M03520:605:000000000-LVNKY:1:1105:27227:15491;size=12	RH.B9EF730EBE6C436Z0Z_F	100.000	25	0	1.18e-09	50.1
M03520:605:000000000-LVNKY:1:1105:5575:12174;size=12	RH.8B25A056ABC1444Z0Z_R	100.000	24	0	4.65e-09	48.1
M03520:605:000000000-LVNKY:1:1105:5575:12174;size=12	RH.8B25A056ABC1444Z0Z_F	100.000	22	0	7.27e-08	44.1
M03520:605:000000000-LVNKY:1:1106:23809:5901;size=12	RH.DDB83AFF97C94C6Z0Z_R	100.000	25	0	1.18e-09	50.1
M03520:605:000000000-LVNKY:1:1106:23809:5901;size=12	RH.DDB83AFF97C94C6Z0Z_F	100.000	24	0	4.65e-09	48.1
M03520:605:000000000-LVNKY:1:1107:16272:6886;size=12	RH.591889F759494FEZ0Z_F	100.000	26	0	2.98e-10	52.0
M03520:605:000000000-LVNKY:1:1107:16272:6886;size=12	RH.591889F759494FEZ0Z_R	96.296	27	1	1.84e-08	46.1
M03520:605:000000000-LVNKY:1:1107:23537:8483;size=12	RH.7CE39E25906745AZ0Z_R	100.000	26	0	2.98e-10	52.0
M03520:605:000000000-LVNKY:1:1107:23537:8483;size=12	RH.7CE39E25906745AZ0Z_F	100.000	25	0	1.18e-09	50.1
M03520:605:000000000-LVNKY:1:1107:6410:5387;size=12	RH.27578A9A85FA4A3Z0Z_F	100.000	24	0	4.65e-09	48.1
M03520:605:000000000-LVNKY:1:1107:6410:5387;size=12	RH.27578A9A85FA4A3Z0Z_R	100.000	22	0	7.27e-08	44.1
M03520:605:000000000-LVNKY:1:1108:12813:13224;size=12	RH.7CE39E25906745AZ0Z_R	100.000	26	0	2.98e-10	52.0
M03520:605:000000000-LVNKY:1:1108:12813:13224;size=12	RH.7CE39E25906745AZ0Z_F	100.000	25	0	1.18e-09	50.1
M03520:605:000000000-LVNKY:1:1108:16550:16447;size=12	RH.7CE39E25906745AZ0Z_R	100.000	26	0	2.98e-10	52.0
M03520:605:000000000-LVNKY:1:1108:16550:16447;size=12	RH.7CE39E25906745AZ0Z_F	100.000	25	0	1.18e-09	50.1
M03520:605:000000000-LVNKY:1:1108:19383:25361;size=12	RH.0096A141894D447Z0Z_F	100.000	24	0	4.65e-09	48.1
M03520:605:000000000-LVNKY:1:1108:22419:22941;size=12	RH.0096A141894D447Z0Z_F	100.000	24	0	4.65e-09	48.1
M03520:605:000000000-LVNKY:1:1108:22419:22941;size=12	RH.0096A141894D447Z0Z_R	100.000	21	0	2.87e-07	42.1
M03520:605:000000000-LVNKY:1:1109:11404:26562;size=12	RH.1CC74B91718A42FZ0Z_F	100.000	24	0	4.65e-09	48.1
M03520:605:000000000-LVNKY:1:1109:11404:26562;size=12	RH.1CC74B91718A42FZ0Z_R	96.000	25	1	2.87e-07	42.1
M03520:605:000000000-LVNKY:1:1109:20483:4492;size=12	RH.69CEA0AC39F4445Z0Z_F	100.000	24	0	4.65e-09	48.1
M03520:605:000000000-LVNKY:1:1109:20483:4492;size=12	RH.69CEA0AC39F4445Z0Z_R	100.000	23	0	1.84e-08	46.1
M03520:605:000000000-LVNKY:1:1111:15539:17688;size=12	RH.0096A141894D447Z0Z_F	100.000	24	0	4.65e-09	48.1
M03520:605:000000000-LVNKY:1:2101:22576:4351;size=12	RH.DDB83AFF97C94C6Z0Z_R	100.000	25	0	1.18e-09	50.1
M03520:605:000000000-LVNKY:1:2101:22576:4351;size=12	RH.DDB83AFF97C94C6Z0Z_F	100.000	24	0	4.65e-09	48.1
M03520:605:000000000-LVNKY:1:1101:10344:18279;size=11	RH.DDB83AFF97C94C6Z0Z_R	100.000	25	0	1.18e-09	50.1
M03520:605:000000000-LVNKY:1:1101:10344:18279;size=11	RH.DDB83AFF97C94C6Z0Z_F	95.833	24	1	1.13e-06	40.1
M03520:605:000000000-LVNKY:1:1101:11127:6074;size=11	RH.0096A141894D447Z0Z_F	100.000	24	0	4.65e-09	48.1
M03520:605:000000000-LVNKY:1:1101:11127:6074;size=11	RH.0096A141894D447Z0Z_R	100.000	21	0	2.87e-07	42.1
M03520:605:000000000-LVNKY:1:1101:11618:11926;size=11	RH.8B25A056ABC1444Z0Z_R	100.000	24	0	4.65e-09	48.1
M03520:605:000000000-LVNKY:1:1101:11618:11926;size=11	RH.8B25A056ABC1444Z0Z_F	100.000	22	0	7.27e-08	44.1
M03520:605:000000000-LVNKY:1:1101:11661:11953;size=11	RH.0096A141894D447Z0Z_F	100.000	24	0	4.65e-09	48.1
M03520:605:000000000-LVNKY:1:1101:11916:8884;size=11	RH.27578A9A85FA4A3Z0Z_R	100.000	22	0	7.27e-08	44.1
M03520:605:000000000-LVNKY:1:1101:11916:8884;size=11	RH.27578A9A85FA4A3Z0Z_F	95.833	24	1	1.13e-06	40.1
M03520:605:000000000-LVNKY:1:1101:11952:6414;size=11	RH.0BD19D1A26A74EBZ0Z_F	100.000	25	0	1.18e-09	50.1
M03520:605:000000000-LVNKY:1:1101:11952:6414;size=11	RH.0BD19D1A26A74EBZ0Z_R	100.000	24	0	4.65e-09	48.1
M03520:605:000000000-LVNKY:1:1101:12639:18986;size=11	RH.85A5303CAAF54ADZ0Z_R	100.000	22	0	7.27e-08	44.1
M03520:605:000000000-LVNKY:1:1101:12639:18986;size=11	RH.85A5303CAAF54ADZ0Z_F	100.000	21	0	2.87e-07	42.1
M03520:605:000000000-LVNKY:1:1101:13135:5453;size=11	RH.51338FA06EDB4F0Z0Z_R	100.000	25	0	1.18e-09	50.1
M03520:605:000000000-LVNKY:1:1101:13135:5453;size=11	RH.51338FA06EDB4F0Z0Z_F	96.000	25	1	2.87e-07	42.1
M03520:605:000000000-LVNKY:1:1101:13538:4182;size=11	RH.7CE39E25906745AZ0Z_F	100.000	25	0	1.18e-09	50.1
M03520:605:000000000-LVNKY:1:1101:13538:4182;size=11	RH.7CE39E25906745AZ0Z_R	96.154	26	1	7.27e-08	44.1
M03520:605:000000000-LVNKY:1:1101:13672:8023;size=11	RH.E04EE94198274F7Z0Z_F	100.000	23	0	1.84e-08	46.1
M03520:605:000000000-LVNKY:1:1101:13672:8023;size=11	RH.E04EE94198274F7Z0Z_R	95.833	24	1	1.13e-06	40.1
M03520:605:000000000-LVNKY:1:1101:13721:8167;size=11	RH.2A8AD21024974C0Z0Z_R	100.000	25	0	1.18e-09	50.1
M03520:605:000000000-LVNKY:1:1101:13721:8167;size=11	RH.2A8AD21024974C0Z0Z_F	96.154	26	1	7.27e-08	44.1
M03520:605:000000000-LVNKY:1:1101:13981:25735;size=11	RH.85A5303CAAF54ADZ0Z_R	100.000	22	0	7.27e-08	44.1
M03520:605:000000000-LVNKY:1:1101:13981:25735;size=11	RH.85A5303CAAF54ADZ0Z_F	100.000	21	0	2.87e-07	42.1
M03520:605:000000000-LVNKY:1:1101:14164:13160;size=11	RH.CA1E204B0C0842DZ0Z_F	100.000	26	0	2.98e-10	52.0
M03520:605:000000000-LVNKY:1:1101:14164:13160;size=11	RH.CA1E204B0C0842DZ0Z_R	100.000	24	0	4.65e-09	48.1
M03520:605:000000000-LVNKY:1:1101:14207:20759;size=11	RH.DDB83AFF97C94C6Z0Z_R	100.000	25	0	1.18e-09	50.1
M03520:605:000000000-LVNKY:1:1101:14207:20759;size=11	RH.DDB83AFF97C94C6Z0Z_F	100.000	24	0	4.65e-09	48.1
M03520:605:000000000-LVNKY:1:1101:14930:19970;size=11	RH.69CEA0AC39F4445Z0Z_F	100.000	24	0	4.65e-09	48.1
M03520:605:000000000-LVNKY:1:1101:14930:19970;size=11	RH.69CEA0AC39F4445Z0Z_R	95.652	23	1	4.48e-06	38.2
M03520:605:000000000-LVNKY:1:1101:14984:4004;size=11	RH.0550AF0F57084ADZ0Z_R	100.000	22	0	7.27e-08	44.1
M03520:605:000000000-LVNKY:1:1101:14984:4004;size=11	RH.0550AF0F57084ADZ0Z_F	100.000	21	0	2.87e-07	42.1
M03520:605:000000000-LVNKY:1:1101:15475:6032;size=11	RH.0BD19D1A26A74EBZ0Z_F	100.000	25	0	1.18e-09	50.1
M03520:605:000000000-LVNKY:1:1101:15475:6032;size=11	RH.0BD19D1A26A74EBZ0Z_R	100.000	22	0	7.27e-08	44.1
M03520:605:000000000-LVNKY:1:1101:15900:19260;size=11	RH.E04EE94198274F7Z0Z_F	100.000	25	0	1.18e-09	50.1
M03520:605:000000000-LVNKY:1:1101:15900:19260;size=11	RH.E04EE94198274F7Z0Z_R	95.833	24	1	1.13e-06	40.1
M03520:605:000000000-LVNKY:1:1101:16437:24586;size=11	RH.69CEA0AC39F4445Z0Z_F	100.000	24	0	4.65e-09	48.1
M03520:605:000000000-LVNKY:1:1101:16437:24586;size=11	RH.69CEA0AC39F4445Z0Z_R	100.000	23	0	1.84e-08	46.1
M03520:605:000000000-LVNKY:1:1101:16722:16299;size=11	RH.DDB83AFF97C94C6Z0Z_F	100.000	24	0	4.65e-09	48.1
M03520:605:000000000-LVNKY:1:1101:16722:16299;size=11	RH.DDB83AFF97C94C6Z0Z_R	100.000	23	0	1.84e-08	46.1
M03520:605:000000000-LVNKY:1:1101:16923:18622;size=11	RH.85A5303CAAF54ADZ0Z_R	100.000	22	0	7.27e-08	44.1
M03520:605:000000000-LVNKY:1:1101:16923:18622;size=11	RH.85A5303CAAF54ADZ0Z_F	100.000	20	0	1.13e-06	40.1
M03520:605:000000000-LVNKY:1:1101:17550:1634;size=11	RH.2A8AD21024974C0Z0Z_R	100.000	25	0	1.18e-09	50.1
M03520:605:000000000-LVNKY:1:1101:17550:1634;size=11	RH.2A8AD21024974C0Z0Z_F	96.154	26	1	7.27e-08	44.1
M03520:605:000000000-LVNKY:1:1101:17918:26288;size=11	RH.E04EE94198274F7Z0Z_F	100.000	25	0	1.18e-09	50.1
M03520:605:000000000-LVNKY:1:1101:17918:26288;size=11	RH.E04EE94198274F7Z0Z_R	95.833	24	1	1.13e-06	40.1
M03520:605:000000000-LVNKY:1:1101:18564:22616;size=11	RH.85A5303CAAF54ADZ0Z_R	100.000	22	0	7.27e-08	44.1
M03520:605:000000000-LVNKY:1:1101:18564:22616;size=11	RH.85A5303CAAF54ADZ0Z_F	100.000	21	0	2.87e-07	42.1
M03520:605:000000000-LVNKY:1:1101:19148:1761;size=11	RH.DDB83AFF97C94C6Z0Z_R	100.000	25	0	1.18e-09	50.1
M03520:605:000000000-LVNKY:1:1101:19148:1761;size=11	RH.DDB83AFF97C94C6Z0Z_F	100.000	24	0	4.65e-09	48.1
M03520:605:000000000-LVNKY:1:1101:19411:21032;size=11	RH.7CE39E25906745AZ0Z_R	100.000	26	0	2.98e-10	52.0
M03520:605:000000000-LVNKY:1:1101:19411:21032;size=11	RH.7CE39E25906745AZ0Z_F	100.000	25	0	1.18e-09	50.1
M03520:605:000000000-LVNKY:1:1101:19595:12599;size=11	RH.7CE39E25906745AZ0Z_F	100.000	25	0	1.18e-09	50.1
M03520:605:000000000-LVNKY:1:1101:19595:12599;size=11	RH.7CE39E25906745AZ0Z_R	100.000	23	0	1.84e-08	46.1
M03520:605:000000000-LVNKY:1:1101:19726:22916;size=11	RH.0096A141894D447Z0Z_F	100.000	24	0	4.65e-09	48.1
M03520:605:000000000-LVNKY:1:1101:19726:22916;size=11	RH.0096A141894D447Z0Z_R	100.000	21	0	2.87e-07	42.1
M03520:605:000000000-LVNKY:1:1101:20493:12284;size=11	RH.B9EF730EBE6C436Z0Z_R	100.000	25	0	1.18e-09	50.1
M03520:605:000000000-LVNKY:1:1101:20493:12284;size=11	RH.B9EF730EBE6C436Z0Z_F	100.000	25	0	1.18e-09	50.1
M03520:605:000000000-LVNKY:1:1101:21542:7975;size=11	RH.27578A9A85FA4A3Z0Z_F	100.000	24	0	4.65e-09	48.1
M03520:605:000000000-LVNKY:1:1101:21542:7975;size=11	RH.27578A9A85FA4A3Z0Z_R	100.000	22	0	7.27e-08	44.1
M03520:605:000000000-LVNKY:1:1101:21776:17247;size=11	RH.DDB83AFF97C94C6Z0Z_F	100.000	24	0	4.65e-09	48.1
M03520:605:000000000-LVNKY:1:1101:21776:17247;size=11	RH.DDB83AFF97C94C6Z0Z_R	96.000	25	1	2.87e-07	42.1
M03520:605:000000000-LVNKY:1:1101:22336:12247;size=11	RH.DDB83AFF97C94C6Z0Z_R	100.000	25	0	1.18e-09	50.1
M03520:605:000000000-LVNKY:1:1101:22336:12247;size=11	RH.8B25A056ABC1444Z0Z_F	100.000	22	0	7.27e-08	44.1
M03520:605:000000000-LVNKY:1:1101:22513:9326;size=11	RH.0096A141894D447Z0Z_F	100.000	24	0	4.65e-09	48.1
M03520:605:000000000-LVNKY:1:1101:22513:9326;size=11	RH.0096A141894D447Z0Z_R	100.000	21	0	2.87e-07	42.1
M03520:605:000000000-LVNKY:1:1101:22515:4262;size=11	RH.27578A9A85FA4A3Z0Z_F	100.000	24	0	4.65e-09	48.1
M03520:605:000000000-LVNKY:1:1101:22515:4262;size=11	RH.27578A9A85FA4A3Z0Z_R	100.000	22	0	7.27e-08	44.1
M03520:605:000000000-LVNKY:1:1101:22656:18267;size=11	RH.8B25A056ABC1444Z0Z_R	100.000	24	0	4.65e-09	48.1
M03520:605:000000000-LVNKY:1:1101:22656:18267;size=11	RH.8B25A056ABC1444Z0Z_F	100.000	22	0	7.27e-08	44.1
M03520:605:000000000-LVNKY:1:1101:23794:14645;size=11	RH.CA1E204B0C0842DZ0Z_F	100.000	26	0	2.98e-10	52.0
M03520:605:000000000-LVNKY:1:1101:23794:14645;size=11	RH.CA1E204B0C0842DZ0Z_R	100.000	24	0	4.65e-09	48.1
M03520:605:000000000-LVNKY:1:1101:23815:7238;size=11	RH.0BD19D1A26A74EBZ0Z_F	100.000	25	0	1.18e-09	50.1
M03520:605:000000000-LVNKY:1:1101:23815:7238;size=11	RH.0BD19D1A26A74EBZ0Z_R	100.000	24	0	4.65e-09	48.1
M03520:605:000000000-LVNKY:1:1101:23953:7949;size=11	RH.0096A141894D447Z0Z_F	100.000	24	0	4.65e-09	48.1
M03520:605:000000000-LVNKY:1:1101:23953:7949;size=11	RH.0096A141894D447Z0Z_R	100.000	21	0	2.87e-07	42.1
M03520:605:000000000-LVNKY:1:1101:25618:14962;size=11	RH.DDB83AFF97C94C6Z0Z_R	100.000	25	0	1.18e-09	50.1
M03520:605:000000000-LVNKY:1:1101:25618:14962;size=11	RH.DDB83AFF97C94C6Z0Z_F	100.000	24	0	4.65e-09	48.1
M03520:605:000000000-LVNKY:1:1101:26108:8067;size=11	RH.51338FA06EDB4F0Z0Z_R	100.000	25	0	1.18e-09	50.1
M03520:605:000000000-LVNKY:1:1101:26108:8067;size=11	RH.51338FA06EDB4F0Z0Z_F	100.000	21	0	2.87e-07	42.1
M03520:605:000000000-LVNKY:1:1101:26193:8639;size=11	RH.B9EF730EBE6C436Z0Z_R	100.000	25	0	1.18e-09	50.1
M03520:605:000000000-LVNKY:1:1101:26193:8639;size=11	RH.3B2B2BB86AB94D3Z0Z_F	100.000	21	0	2.87e-07	42.1
M03520:605:000000000-LVNKY:1:1101:26193:8639;size=11	RH.64613722763148BZ0Z_R	100.000	19	0	4.48e-06	38.2
M03520:605:000000000-LVNKY:1:1101:26569:8195;size=11	RH.DDB83AFF97C94C6Z0Z_R	100.000	25	0	1.18e-09	50.1
M03520:605:000000000-LVNKY:1:1101:26569:8195;size=11	RH.DDB83AFF97C94C6Z0Z_F	100.000	24	0	4.65e-09	48.1
M03520:605:000000000-LVNKY:1:1101:27298:21812;size=11	RH.0096A141894D447Z0Z_F	100.000	24	0	4.65e-09	48.1
M03520:605:000000000-LVNKY:1:1101:27298:21812;size=11	RH.0096A141894D447Z0Z_R	100.000	21	0	2.87e-07	42.1
M03520:605:000000000-LVNKY:1:1101:28155:11694;size=11	RH.6572108A164E48EZ0Z_R	100.000	25	0	1.18e-09	50.1
M03520:605:000000000-LVNKY:1:1101:28155:11694;size=11	RH.F7E3D42951B44CCZ0Z_F	100.000	21	0	2.87e-07	42.1
M03520:605:000000000-LVNKY:1:1101:3854:11084;size=11	RH.85A5303CAAF54ADZ0Z_R	100.000	22	0	7.27e-08	44.1
M03520:605:000000000-LVNKY:1:1101:4812:17775;size=11	RH.0096A141894D447Z0Z_F	100.000	24	0	4.65e-09	48.1
M03520:605:000000000-LVNKY:1:1101:5182:17749;size=11	RH.7CE39E25906745AZ0Z_R	100.000	26	0	2.98e-10	52.0
M03520:605:000000000-LVNKY:1:1101:5182:17749;size=11	RH.7CE39E25906745AZ0Z_F	100.000	25	0	1.18e-09	50.1
M03520:605:000000000-LVNKY:1:1101:5441:14148;size=11	RH.0096A141894D447Z0Z_F	100.000	24	0	4.65e-09	48.1
M03520:605:000000000-LVNKY:1:1101:5441:14148;size=11	RH.0096A141894D447Z0Z_R	100.000	21	0	2.87e-07	42.1
M03520:605:000000000-LVNKY:1:1101:5823:9995;size=11	RH.7CE39E25906745AZ0Z_F	100.000	25	0	1.18e-09	50.1
M03520:605:000000000-LVNKY:1:1101:7001:5120;size=11	RH.51338FA06EDB4F0Z0Z_R	100.000	25	0	1.18e-09	50.1
M03520:605:000000000-LVNKY:1:1101:7001:5120;size=11	RH.51338FA06EDB4F0Z0Z_F	100.000	25	0	1.18e-09	50.1
M03520:605:000000000-LVNKY:1:1101:7078:23961;size=11	RH.51338FA06EDB4F0Z0Z_F	100.000	25	0	1.18e-09	50.1
M03520:605:000000000-LVNKY:1:1101:7078:23961;size=11	RH.51338FA06EDB4F0Z0Z_R	96.000	25	1	2.87e-07	42.1
M03520:605:000000000-LVNKY:1:1101:7546:12069;size=11	RH.7CE39E25906745AZ0Z_F	100.000	25	0	1.18e-09	50.1
M03520:605:000000000-LVNKY:1:1101:7546:12069;size=11	RH.7CE39E25906745AZ0Z_R	96.154	26	1	7.27e-08	44.1
M03520:605:000000000-LVNKY:1:1101:9243:4030;size=11	RH.7CE39E25906745AZ0Z_R	100.000	26	0	2.98e-10	52.0
M03520:605:000000000-LVNKY:1:1101:9243:4030;size=11	RH.7CE39E25906745AZ0Z_F	96.000	25	1	2.87e-07	42.1
M03520:605:000000000-LVNKY:1:1102:10178:14484;size=11	RH.0BD19D1A26A74EBZ0Z_F	100.000	25	0	1.18e-09	50.1
M03520:605:000000000-LVNKY:1:1102:10178:14484;size=11	RH.0BD19D1A26A74EBZ0Z_R	100.000	24	0	4.65e-09	48.1
M03520:605:000000000-LVNKY:1:1102:12087:12511;size=11	RH.7CE39E25906745AZ0Z_F	100.000	25	0	1.18e-09	50.1
M03520:605:000000000-LVNKY:1:1102:12087:12511;size=11	RH.7CE39E25906745AZ0Z_R	96.154	26	1	7.27e-08	44.1
M03520:605:000000000-LVNKY:1:1102:14124:17088;size=11	RH.B9EF730EBE6C436Z0Z_R	100.000	25	0	1.18e-09	50.1
M03520:605:000000000-LVNKY:1:1102:14124:17088;size=11	RH.B9EF730EBE6C436Z0Z_F	100.000	25	0	1.18e-09	50.1
M03520:605:000000000-LVNKY:1:1102:14210:9895;size=11	RH.E04EE94198274F7Z0Z_F	100.000	25	0	1.18e-09	50.1
M03520:605:000000000-LVNKY:1:1102:14210:9895;size=11	RH.E04EE94198274F7Z0Z_R	95.833	24	1	1.13e-06	40.1
M03520:605:000000000-LVNKY:1:1102:15933:8487;size=11	RH.0096A141894D447Z0Z_F	100.000	24	0	4.65e-09	48.1
M03520:605:000000000-LVNKY:1:1102:15933:8487;size=11	RH.0096A141894D447Z0Z_R	100.000	20	0	1.13e-06	40.1
M03520:605:000000000-LVNKY:1:1102:16511:23251;size=11	RH.27578A9A85FA4A3Z0Z_R	100.000	22	0	7.27e-08	44.1
M03520:605:000000000-LVNKY:1:1102:16511:23251;size=11	RH.27578A9A85FA4A3Z0Z_F	95.833	24	1	1.13e-06	40.1
M03520:605:000000000-LVNKY:1:1102:17723:15038;size=11	RH.85A5303CAAF54ADZ0Z_R	100.000	22	0	7.27e-08	44.1
M03520:605:000000000-LVNKY:1:1102:17723:15038;size=11	RH.85A5303CAAF54ADZ0Z_F	100.000	21	0	2.87e-07	42.1
M03520:605:000000000-LVNKY:1:1102:17747:10059;size=11	RH.2A8AD21024974C0Z0Z_F	100.000	26	0	2.98e-10	52.0
M03520:605:000000000-LVNKY:1:1102:17747:10059;size=11	RH.2A8AD21024974C0Z0Z_R	100.000	25	0	1.18e-09	50.1
M03520:605:000000000-LVNKY:1:1102:18772:27099;size=11	RH.DDB83AFF97C94C6Z0Z_F	100.000	24	0	4.65e-09	48.1
M03520:605:000000000-LVNKY:1:1102:18772:27099;size=11	RH.DDB83AFF97C94C6Z0Z_R	96.000	25	1	2.87e-07	42.1
M03520:605:000000000-LVNKY:1:1102:18838:5962;size=11	RH.27578A9A85FA4A3Z0Z_F	100.000	24	0	4.65e-09	48.1
M03520:605:000000000-LVNKY:1:1102:18838:5962;size=11	RH.27578A9A85FA4A3Z0Z_R	100.000	22	0	7.27e-08	44.1
M03520:605:000000000-LVNKY:1:1102:18928:24743;size=11	RH.DDB83AFF97C94C6Z0Z_R	100.000	25	0	1.18e-09	50.1
M03520:605:000000000-LVNKY:1:1102:18928:24743;size=11	RH.DDB83AFF97C94C6Z0Z_F	100.000	24	0	4.65e-09	48.1
M03520:605:000000000-LVNKY:1:1102:19637:17398;size=11	RH.7CE39E25906745AZ0Z_F	100.000	25	0	1.18e-09	50.1
M03520:605:000000000-LVNKY:1:1102:19637:17398;size=11	RH.7CE39E25906745AZ0Z_R	100.000	20	0	1.13e-06	40.1
M03520:605:000000000-LVNKY:1:1102:20456:18554;size=11	RH.DDB83AFF97C94C6Z0Z_F	100.000	24	0	4.65e-09	48.1
M03520:605:000000000-LVNKY:1:1102:20456:18554;size=11	RH.CD599890796C4EFZ0Z_R	100.000	20	0	1.13e-06	40.1
M03520:605:000000000-LVNKY:1:1102:21031:16400;size=11	RH.2A8AD21024974C0Z0Z_F	100.000	26	0	2.98e-10	52.0
M03520:605:000000000-LVNKY:1:1102:21031:16400;size=11	RH.2A8AD21024974C0Z0Z_R	100.000	25	0	1.18e-09	50.1
M03520:605:000000000-LVNKY:1:1102:21883:20947;size=11	RH.85A5303CAAF54ADZ0Z_R	100.000	22	0	7.27e-08	44.1
M03520:605:000000000-LVNKY:1:1102:21883:20947;size=11	RH.85A5303CAAF54ADZ0Z_F	100.000	21	0	2.87e-07	42.1
M03520:605:000000000-LVNKY:1:1102:2224:17721;size=11	RH.0096A141894D447Z0Z_F	100.000	24	0	4.65e-09	48.1
M03520:605:000000000-LVNKY:1:1102:2224:17721;size=11	RH.0096A141894D447Z0Z_R	100.000	21	0	2.87e-07	42.1
M03520:605:000000000-LVNKY:1:1102:23762:13842;size=11	RH.C5286B9DCF0844BZ0Z_F	100.000	24	0	4.65e-09	48.1
M03520:605:000000000-LVNKY:1:1102:23762:13842;size=11	RH.C5286B9DCF0844BZ0Z_R	100.000	23	0	1.84e-08	46.1
M03520:605:000000000-LVNKY:1:1102:25159:25195;size=11	RH.51338FA06EDB4F0Z0Z_R	100.000	25	0	1.18e-09	50.1
M03520:605:000000000-LVNKY:1:1102:25159:25195;size=11	RH.51338FA06EDB4F0Z0Z_F	100.000	25	0	1.18e-09	50.1
M03520:605:000000000-LVNKY:1:1102:25597:19057;size=11	RH.0096A141894D447Z0Z_F	100.000	24	0	4.65e-09	48.1
M03520:605:000000000-LVNKY:1:1102:26046:13578;size=11	RH.DDB83AFF97C94C6Z0Z_R	100.000	25	0	1.18e-09	50.1
M03520:605:000000000-LVNKY:1:1102:26046:13578;size=11	RH.DDB83AFF97C94C6Z0Z_F	100.000	24	0	4.65e-09	48.1
M03520:605:000000000-LVNKY:1:1102:26157:16139;size=11	RH.0096A141894D447Z0Z_R	100.000	21	0	2.87e-07	42.1
M03520:605:000000000-LVNKY:1:1102:26157:16139;size=11	RH.0096A141894D447Z0Z_F	95.833	24	1	1.13e-06	40.1
M03520:605:000000000-LVNKY:1:1102:28644:15372;size=11	RH.6572108A164E48EZ0Z_R	100.000	25	0	1.18e-09	50.1
M03520:605:000000000-LVNKY:1:1102:28644:15372;size=11	RH.6572108A164E48EZ0Z_F	100.000	24	0	4.65e-09	48.1
M03520:605:000000000-LVNKY:1:1102:28822:15178;size=11	RH.8B25A056ABC1444Z0Z_F	100.000	25	0	1.18e-09	50.1
M03520:605:000000000-LVNKY:1:1102:28822:15178;size=11	RH.8B25A056ABC1444Z0Z_R	100.000	24	0	4.65e-09	48.1
M03520:605:000000000-LVNKY:1:1102:4821:13135;size=11	RH.0550AF0F57084ADZ0Z_F	100.000	24	0	4.65e-09	48.1
M03520:605:000000000-LVNKY:1:1102:5562:14143;size=11	RH.E04EE94198274F7Z0Z_F	100.000	25	0	1.18e-09	50.1
M03520:605:000000000-LVNKY:1:1102:7454:8183;size=11	RH.0550AF0F57084ADZ0Z_F	100.000	24	0	4.65e-09	48.1
M03520:605:000000000-LVNKY:1:1102:8857:25260;size=11	RH.85A5303CAAF54ADZ0Z_R	100.000	22	0	7.27e-08	44.1
M03520:605:000000000-LVNKY:1:1102:8857:25260;size=11	RH.85A5303CAAF54ADZ0Z_F	100.000	21	0	2.87e-07	42.1
M03520:605:000000000-LVNKY:1:1103:12171:17929;size=11	RH.2A8AD21024974C0Z0Z_R	100.000	25	0	1.18e-09	50.1
M03520:605:000000000-LVNKY:1:1103:12171:17929;size=11	RH.2A8AD21024974C0Z0Z_F	96.154	26	1	7.27e-08	44.1
M03520:605:000000000-LVNKY:1:1103:12684:25163;size=11	RH.CA1E204B0C0842DZ0Z_F	100.000	26	0	2.98e-10	52.0
M03520:605:000000000-LVNKY:1:1103:12684:25163;size=11	RH.CA1E204B0C0842DZ0Z_R	100.000	24	0	4.65e-09	48.1
M03520:605:000000000-LVNKY:1:1103:13594:17687;size=11	RH.1CC74B91718A42FZ0Z_R	100.000	24	0	4.65e-09	48.1
M03520:605:000000000-LVNKY:1:1103:13594:17687;size=11	RH.1CC74B91718A42FZ0Z_F	100.000	24	0	4.65e-09	48.1
M03520:605:000000000-LVNKY:1:1103:13602:2835;size=11	RH.51338FA06EDB4F0Z0Z_R	100.000	25	0	1.18e-09	50.1
M03520:605:000000000-LVNKY:1:1103:13602:2835;size=11	RH.51338FA06EDB4F0Z0Z_F	96.000	25	1	2.87e-07	42.1
M03520:605:000000000-LVNKY:1:1103:14521:26865;size=11	RH.DDB83AFF97C94C6Z0Z_R	100.000	25	0	1.18e-09	50.1
M03520:605:000000000-LVNKY:1:1103:14521:26865;size=11	RH.DDB83AFF97C94C6Z0Z_F	100.000	24	0	4.65e-09	48.1
M03520:605:000000000-LVNKY:1:1103:17143:10993;size=11	RH.E04EE94198274F7Z0Z_F	100.000	21	0	2.87e-07	42.1
M03520:605:000000000-LVNKY:1:1103:17143:10993;size=11	RH.E04EE94198274F7Z0Z_R	95.833	24	1	1.13e-06	40.1
M03520:605:000000000-LVNKY:1:1103:17170:16345;size=11	RH.7CE39E25906745AZ0Z_F	100.000	25	0	1.18e-09	50.1
M03520:605:000000000-LVNKY:1:1103:17638:18073;size=11	RH.7CE39E25906745AZ0Z_R	100.000	26	0	2.98e-10	52.0
M03520:605:000000000-LVNKY:1:1103:18541:25981;size=11	RH.2AFFFBA0E81C482Z0Z_R	100.000	23	0	1.84e-08	46.1
M03520:605:000000000-LVNKY:1:1103:18541:25981;size=11	RH.2AFFFBA0E81C482Z0Z_F	100.000	23	0	1.84e-08	46.1
M03520:605:000000000-LVNKY:1:1103:19143:15049;size=11	RH.85A5303CAAF54ADZ0Z_F	100.000	21	0	2.87e-07	42.1
M03520:605:000000000-LVNKY:1:1103:19399:16865;size=11	RH.2A8AD21024974C0Z0Z_F	100.000	26	0	2.98e-10	52.0
M03520:605:000000000-LVNKY:1:1103:19399:16865;size=11	RH.2A8AD21024974C0Z0Z_R	100.000	21	0	2.87e-07	42.1
M03520:605:000000000-LVNKY:1:1103:20347:22578;size=11	RH.0096A141894D447Z0Z_F	100.000	24	0	4.65e-09	48.1
M03520:605:000000000-LVNKY:1:1103:21117:3038;size=11	RH.0BD19D1A26A74EBZ0Z_F	100.000	25	0	1.18e-09	50.1
M03520:605:000000000-LVNKY:1:1103:21117:3038;size=11	RH.0BD19D1A26A74EBZ0Z_R	100.000	24	0	4.65e-09	48.1
M03520:605:000000000-LVNKY:1:1103:21332:4281;size=11	RH.0096A141894D447Z0Z_F	100.000	24	0	4.65e-09	48.1
M03520:605:000000000-LVNKY:1:1103:22652:9675;size=11	RH.7CE39E25906745AZ0Z_R	100.000	26	0	2.98e-10	52.0
M03520:605:000000000-LVNKY:1:1103:22652:9675;size=11	RH.7CE39E25906745AZ0Z_F	100.000	25	0	1.18e-09	50.1
M03520:605:000000000-LVNKY:1:1103:22936:26055;size=11	RH.0096A141894D447Z0Z_F	100.000	24	0	4.65e-09	48.1
M03520:605:000000000-LVNKY:1:1103:22936:26055;size=11	RH.0096A141894D447Z0Z_R	100.000	21	0	2.87e-07	42.1
M03520:605:000000000-LVNKY:1:1103:24058:9905;size=11	RH.DE543226C201437Z0Z_R	100.000	20	0	1.13e-06	40.1
M03520:605:000000000-LVNKY:1:1103:24058:9905;size=11	RH.51338FA06EDB4F0Z0Z_R	95.652	23	1	4.48e-06	38.2
M03520:605:000000000-LVNKY:1:1103:24830:14957;size=11	RH.B9EF730EBE6C436Z0Z_R	100.000	25	0	1.18e-09	50.1
M03520:605:000000000-LVNKY:1:1103:24830:14957;size=11	RH.B9EF730EBE6C436Z0Z_F	100.000	25	0	1.18e-09	50.1
M03520:605:000000000-LVNKY:1:1103:25362:15045;size=11	RH.2A8AD21024974C0Z0Z_F	100.000	26	0	2.98e-10	52.0
M03520:605:000000000-LVNKY:1:1103:25362:15045;size=11	RH.2A8AD21024974C0Z0Z_R	100.000	25	0	1.18e-09	50.1
M03520:605:000000000-LVNKY:1:1103:25391:12395;size=11	RH.7CE39E25906745AZ0Z_R	100.000	26	0	2.98e-10	52.0
M03520:605:000000000-LVNKY:1:1103:25391:12395;size=11	RH.7CE39E25906745AZ0Z_F	100.000	25	0	1.18e-09	50.1
M03520:605:000000000-LVNKY:1:1103:25675:10873;size=11	RH.85A5303CAAF54ADZ0Z_R	100.000	22	0	7.27e-08	44.1
M03520:605:000000000-LVNKY:1:1103:25675:10873;size=11	RH.85A5303CAAF54ADZ0Z_F	100.000	21	0	2.87e-07	42.1
M03520:605:000000000-LVNKY:1:1103:25720:8870;size=11	RH.E04EE94198274F7Z0Z_F	100.000	25	0	1.18e-09	50.1
M03520:605:000000000-LVNKY:1:1103:25720:8870;size=11	RH.E04EE94198274F7Z0Z_R	95.833	24	1	1.13e-06	40.1
M03520:605:000000000-LVNKY:1:1103:4834:21471;size=11	RH.2AFFFBA0E81C482Z0Z_R	100.000	23	0	1.84e-08	46.1
M03520:605:000000000-LVNKY:1:1103:4834:21471;size=11	RH.2AFFFBA0E81C482Z0Z_F	100.000	23	0	1.84e-08	46.1
M03520:605:000000000-LVNKY:1:1103:5812:17128;size=11	RH.27578A9A85FA4A3Z0Z_F	100.000	24	0	4.65e-09	48.1
M03520:605:000000000-LVNKY:1:1103:6060:16148;size=11	RH.B9EF730EBE6C436Z0Z_R	100.000	25	0	1.18e-09	50.1
M03520:605:000000000-LVNKY:1:1103:6060:16148;size=11	RH.B9EF730EBE6C436Z0Z_F	100.000	25	0	1.18e-09	50.1
M03520:605:000000000-LVNKY:1:1103:8118:5721;size=11	RH.69CEA0AC39F4445Z0Z_F	100.000	24	0	4.65e-09	48.1
M03520:605:000000000-LVNKY:1:1103:8118:5721;size=11	RH.69CEA0AC39F4445Z0Z_R	100.000	23	0	1.84e-08	46.1
M03520:605:000000000-LVNKY:1:1103:8419:10558;size=11	RH.0096A141894D447Z0Z_F	100.000	24	0	4.65e-09	48.1
M03520:605:000000000-LVNKY:1:1103:8419:10558;size=11	RH.0096A141894D447Z0Z_R	100.000	21	0	2.87e-07	42.1
M03520:605:000000000-LVNKY:1:1103:9291:22603;size=11	RH.0BD19D1A26A74EBZ0Z_F	100.000	25	0	1.18e-09	50.1
M03520:605:000000000-LVNKY:1:1103:9291:22603;size=11	RH.0BD19D1A26A74EBZ0Z_R	100.000	24	0	4.65e-09	48.1
M03520:605:000000000-LVNKY:1:1103:9950:11782;size=11	RH.E04EE94198274F7Z0Z_F	100.000	25	0	1.18e-09	50.1
M03520:605:000000000-LVNKY:1:1103:9950:11782;size=11	RH.E04EE94198274F7Z0Z_R	95.833	24	1	1.13e-06	40.1
M03520:605:000000000-LVNKY:1:1104:13988:11905;size=11	RH.51338FA06EDB4F0Z0Z_F	100.000	25	0	1.18e-09	50.1
M03520:605:000000000-LVNKY:1:1104:13988:11905;size=11	RH.51338FA06EDB4F0Z0Z_R	100.000	22	0	7.27e-08	44.1
M03520:605:000000000-LVNKY:1:1104:14485:24403;size=11	RH.DDB83AFF97C94C6Z0Z_R	100.000	25	0	1.18e-09	50.1
M03520:605:000000000-LVNKY:1:1104:14485:24403;size=11	RH.DDB83AFF97C94C6Z0Z_F	100.000	24	0	4.65e-09	48.1
M03520:605:000000000-LVNKY:1:1104:16803:19890;size=11	RH.2A8AD21024974C0Z0Z_F	100.000	26	0	2.98e-10	52.0
M03520:605:000000000-LVNKY:1:1104:16803:19890;size=11	RH.2A8AD21024974C0Z0Z_R	100.000	25	0	1.18e-09	50.1
M03520:605:000000000-LVNKY:1:1104:20823:11925;size=11	RH.0BD19D1A26A74EBZ0Z_F	100.000	25	0	1.18e-09	50.1
M03520:605:000000000-LVNKY:1:1104:20823:11925;size=11	RH.0BD19D1A26A74EBZ0Z_R	100.000	24	0	4.65e-09	48.1
M03520:605:000000000-LVNKY:1:1104:21069:16207;size=11	RH.E04EE94198274F7Z0Z_F	100.000	21	0	2.87e-07	42.1
M03520:605:000000000-LVNKY:1:1104:21069:16207;size=11	RH.E04EE94198274F7Z0Z_R	95.833	24	1	1.13e-06	40.1
M03520:605:000000000-LVNKY:1:1104:24040:22716;size=11	RH.27578A9A85FA4A3Z0Z_F	100.000	24	0	4.65e-09	48.1
M03520:605:000000000-LVNKY:1:1104:24040:22716;size=11	RH.27578A9A85FA4A3Z0Z_R	100.000	22	0	7.27e-08	44.1
M03520:605:000000000-LVNKY:1:1104:24269:12653;size=11	RH.DDB83AFF97C94C6Z0Z_R	100.000	25	0	1.18e-09	50.1
M03520:605:000000000-LVNKY:1:1104:24269:12653;size=11	RH.DDB83AFF97C94C6Z0Z_F	100.000	24	0	4.65e-09	48.1
M03520:605:000000000-LVNKY:1:1104:25680:14494;size=11	RH.E04EE94198274F7Z0Z_F	100.000	25	0	1.18e-09	50.1
M03520:605:000000000-LVNKY:1:1104:25680:14494;size=11	RH.E04EE94198274F7Z0Z_R	95.833	24	1	1.13e-06	40.1
M03520:605:000000000-LVNKY:1:1104:26356:7776;size=11	RH.51338FA06EDB4F0Z0Z_R	100.000	23	0	1.84e-08	46.1
M03520:605:000000000-LVNKY:1:1104:26356:7776;size=11	RH.51338FA06EDB4F0Z0Z_F	100.000	23	0	1.84e-08	46.1
M03520:605:000000000-LVNKY:1:1104:3281:20893;size=11	RH.69CEA0AC39F4445Z0Z_F	100.000	24	0	4.65e-09	48.1
M03520:605:000000000-LVNKY:1:1104:3281:20893;size=11	RH.69CEA0AC39F4445Z0Z_R	100.000	23	0	1.84e-08	46.1
M03520:605:000000000-LVNKY:1:1104:4596:15699;size=11	RH.51338FA06EDB4F0Z0Z_R	100.000	25	0	1.18e-09	50.1
M03520:605:000000000-LVNKY:1:1104:4596:15699;size=11	RH.51338FA06EDB4F0Z0Z_F	96.000	25	1	2.87e-07	42.1
M03520:605:000000000-LVNKY:1:1104:7129:17462;size=11	RH.0550AF0F57084ADZ0Z_R	100.000	22	0	7.27e-08	44.1
M03520:605:000000000-LVNKY:1:1104:7129:17462;size=11	RH.0550AF0F57084ADZ0Z_F	95.833	24	1	1.13e-06	40.1
M03520:605:000000000-LVNKY:1:1105:11406:16907;size=11	RH.0096A141894D447Z0Z_F	100.000	24	0	4.65e-09	48.1
M03520:605:000000000-LVNKY:1:1105:11406:16907;size=11	RH.0096A141894D447Z0Z_R	100.000	21	0	2.87e-07	42.1
M03520:605:000000000-LVNKY:1:1105:15176:17399;size=11	RH.8BDD8BEDFC3B423Z0Z_F	100.000	21	0	2.87e-07	42.1
M03520:605:000000000-LVNKY:1:1105:15176:17399;size=11	RH.8BDD8BEDFC3B423Z0Z_R	100.000	21	0	2.87e-07	42.1
M03520:605:000000000-LVNKY:1:1105:17337:3742;size=11	RH.0550AF0F57084ADZ0Z_F	100.000	24	0	4.65e-09	48.1
M03520:605:000000000-LVNKY:1:1105:17337:3742;size=11	RH.0550AF0F57084ADZ0Z_R	100.000	22	0	7.27e-08	44.1
M03520:605:000000000-LVNKY:1:1105:20185:24600;size=11	RH.0096A141894D447Z0Z_F	100.000	24	0	4.65e-09	48.1
M03520:605:000000000-LVNKY:1:1105:20185:24600;size=11	RH.0096A141894D447Z0Z_R	100.000	21	0	2.87e-07	42.1
M03520:605:000000000-LVNKY:1:1105:21641:27408;size=11	RH.0096A141894D447Z0Z_R	100.000	21	0	2.87e-07	42.1
M03520:605:000000000-LVNKY:1:1105:21641:27408;size=11	RH.0096A141894D447Z0Z_F	95.833	24	1	1.13e-06	40.1
M03520:605:000000000-LVNKY:1:1106:12622:14052;size=11	RH.27578A9A85FA4A3Z0Z_F	100.000	24	0	4.65e-09	48.1
M03520:605:000000000-LVNKY:1:1106:12622:14052;size=11	RH.27578A9A85FA4A3Z0Z_R	100.000	22	0	7.27e-08	44.1
M03520:605:000000000-LVNKY:1:1106:12718:20231;size=11	RH.2A8AD21024974C0Z0Z_F	100.000	26	0	2.98e-10	52.0
M03520:605:000000000-LVNKY:1:1106:12718:20231;size=11	RH.2A8AD21024974C0Z0Z_R	100.000	25	0	1.18e-09	50.1
M03520:605:000000000-LVNKY:1:1106:13798:5748;size=11	RH.1CC74B91718A42FZ0Z_R	100.000	25	0	1.18e-09	50.1
M03520:605:000000000-LVNKY:1:1106:13798:5748;size=11	RH.1CC74B91718A42FZ0Z_F	100.000	24	0	4.65e-09	48.1
M03520:605:000000000-LVNKY:1:1106:14381:1398;size=11	RH.E04EE94198274F7Z0Z_F	100.000	25	0	1.18e-09	50.1
M03520:605:000000000-LVNKY:1:1106:14381:1398;size=11	RH.E04EE94198274F7Z0Z_R	95.833	24	1	1.13e-06	40.1
M03520:605:000000000-LVNKY:1:1106:15682:26911;size=11	RH.0BD19D1A26A74EBZ0Z_F	100.000	25	0	1.18e-09	50.1
M03520:605:000000000-LVNKY:1:1106:15682:26911;size=11	RH.0BD19D1A26A74EBZ0Z_R	100.000	24	0	4.65e-09	48.1
M03520:605:000000000-LVNKY:1:1106:25097:24767;size=11	RH.0096A141894D447Z0Z_F	100.000	24	0	4.65e-09	48.1
M03520:605:000000000-LVNKY:1:1106:25097:24767;size=11	RH.0096A141894D447Z0Z_R	100.000	21	0	2.87e-07	42.1
M03520:605:000000000-LVNKY:1:1106:25281:14002;size=11	RH.1CC74B91718A42FZ0Z_R	100.000	25	0	1.18e-09	50.1
M03520:605:000000000-LVNKY:1:1106:25281:14002;size=11	RH.1CC74B91718A42FZ0Z_F	100.000	24	0	4.65e-09	48.1
M03520:605:000000000-LVNKY:1:1106:25403:7845;size=11	RH.0BD19D1A26A74EBZ0Z_F	100.000	25	0	1.18e-09	50.1
M03520:605:000000000-LVNKY:1:1106:25403:7845;size=11	RH.0BD19D1A26A74EBZ0Z_R	100.000	24	0	4.65e-09	48.1
M03520:605:000000000-LVNKY:1:1106:4849:6879;size=11	RH.0096A141894D447Z0Z_F	100.000	24	0	4.65e-09	48.1
M03520:605:000000000-LVNKY:1:1106:4849:6879;size=11	RH.0096A141894D447Z0Z_R	100.000	21	0	2.87e-07	42.1
M03520:605:000000000-LVNKY:1:1107:22942:11798;size=11	RH.6572108A164E48EZ0Z_R	96.000	25	1	2.87e-07	42.1
M03520:605:000000000-LVNKY:1:1107:22942:11798;size=11	RH.F7E3D42951B44CCZ0Z_F	100.000	21	0	2.87e-07	42.1
M03520:605:000000000-LVNKY:1:1108:22062:17642;size=11	RH.CA1E204B0C0842DZ0Z_F	100.000	26	0	2.98e-10	52.0
M03520:605:000000000-LVNKY:1:1108:22062:17642;size=11	RH.CA1E204B0C0842DZ0Z_R	100.000	24	0	4.65e-09	48.1
M03520:605:000000000-LVNKY:1:1108:22883:25649;size=11	RH.0096A141894D447Z0Z_F	100.000	24	0	4.65e-09	48.1
M03520:605:000000000-LVNKY:1:1108:22883:25649;size=11	RH.0096A141894D447Z0Z_R	100.000	21	0	2.87e-07	42.1
M03520:605:000000000-LVNKY:1:1109:13282:26303;size=11	RH.E04EE94198274F7Z0Z_F	100.000	25	0	1.18e-09	50.1
M03520:605:000000000-LVNKY:1:1109:13282:26303;size=11	RH.E04EE94198274F7Z0Z_R	95.833	24	1	1.13e-06	40.1
M03520:605:000000000-LVNKY:1:1109:13346:15512;size=11	RH.2A8AD21024974C0Z0Z_R	100.000	25	0	1.18e-09	50.1
M03520:605:000000000-LVNKY:1:1109:13346:15512;size=11	RH.2A8AD21024974C0Z0Z_F	96.154	26	1	7.27e-08	44.1
M03520:605:000000000-LVNKY:1:1109:14410:26443;size=11	RH.69CEA0AC39F4445Z0Z_F	100.000	24	0	4.65e-09	48.1
M03520:605:000000000-LVNKY:1:1109:14410:26443;size=11	RH.69CEA0AC39F4445Z0Z_R	100.000	23	0	1.84e-08	46.1
M03520:605:000000000-LVNKY:1:1109:25253:23469;size=11	RH.7CE39E25906745AZ0Z_R	100.000	26	0	2.98e-10	52.0
M03520:605:000000000-LVNKY:1:1109:25253:23469;size=11	RH.7CE39E25906745AZ0Z_F	100.000	25	0	1.18e-09	50.1
M03520:605:000000000-LVNKY:1:1110:14389:22985;size=11	RH.7CE39E25906745AZ0Z_F	100.000	25	0	1.18e-09	50.1
M03520:605:000000000-LVNKY:1:1110:14389:22985;size=11	RH.7CE39E25906745AZ0Z_R	96.154	26	1	7.27e-08	44.1
M03520:605:000000000-LVNKY:1:1110:5225:20584;size=11	RH.85A5303CAAF54ADZ0Z_R	100.000	22	0	7.27e-08	44.1
M03520:605:000000000-LVNKY:1:1110:5225:20584;size=11	RH.85A5303CAAF54ADZ0Z_F	100.000	21	0	2.87e-07	42.1
M03520:605:000000000-LVNKY:1:1111:10620:22351;size=11	RH.3E15F0DCA8B741FZ0Z_F	100.000	24	0	4.65e-09	48.1
M03520:605:000000000-LVNKY:1:1111:10620:22351;size=11	RH.3E15F0DCA8B741FZ0Z_R	100.000	24	0	4.65e-09	48.1
M03520:605:000000000-LVNKY:1:1111:17368:14786;size=11	RH.DDB83AFF97C94C6Z0Z_F	100.000	24	0	4.65e-09	48.1
M03520:605:000000000-LVNKY:1:1111:17368:14786;size=11	RH.DDB83AFF97C94C6Z0Z_R	100.000	22	0	7.27e-08	44.1
M03520:605:000000000-LVNKY:1:1111:17719:5854;size=11	RH.CA1E204B0C0842DZ0Z_F	100.000	26	0	2.98e-10	52.0
M03520:605:000000000-LVNKY:1:1111:17719:5854;size=11	RH.CA1E204B0C0842DZ0Z_R	100.000	21	0	2.87e-07	42.1
M03520:605:000000000-LVNKY:1:1111:24929:11636;size=11	RH.0096A141894D447Z0Z_F	100.000	24	0	4.65e-09	48.1
M03520:605:000000000-LVNKY:1:1112:7466:22343;size=11	RH.8B25A056ABC1444Z0Z_R	100.000	24	0	4.65e-09	48.1
M03520:605:000000000-LVNKY:1:1112:7466:22343;size=11	RH.8B25A056ABC1444Z0Z_F	100.000	22	0	7.27e-08	44.1
M03520:605:000000000-LVNKY:1:1101:10064:23107;size=10	RH.7CE39E25906745AZ0Z_R	100.000	26	0	2.98e-10	52.0
M03520:605:000000000-LVNKY:1:1101:10064:23107;size=10	RH.7CE39E25906745AZ0Z_F	100.000	25	0	1.18e-09	50.1
M03520:605:000000000-LVNKY:1:1101:11440:13990;size=10	RH.0096A141894D447Z0Z_F	100.000	24	0	4.65e-09	48.1
M03520:605:000000000-LVNKY:1:1101:12232:4252;size=10	RH.2A8AD21024974C0Z0Z_F	100.000	26	0	2.98e-10	52.0
M03520:605:000000000-LVNKY:1:1101:12232:4252;size=10	RH.2A8AD21024974C0Z0Z_R	100.000	25	0	1.18e-09	50.1
M03520:605:000000000-LVNKY:1:1101:12686:7823;size=10	RH.51338FA06EDB4F0Z0Z_F	100.000	25	0	1.18e-09	50.1
M03520:605:000000000-LVNKY:1:1101:12686:7823;size=10	RH.51338FA06EDB4F0Z0Z_R	96.000	25	1	2.87e-07	42.1
M03520:605:000000000-LVNKY:1:1101:14086:13999;size=10	RH.0096A141894D447Z0Z_F	100.000	24	0	4.65e-09	48.1
M03520:605:000000000-LVNKY:1:1101:14086:13999;size=10	RH.0096A141894D447Z0Z_R	100.000	21	0	2.87e-07	42.1
M03520:605:000000000-LVNKY:1:1101:14250:9226;size=10	RH.7CE39E25906745AZ0Z_R	100.000	26	0	2.98e-10	52.0
M03520:605:000000000-LVNKY:1:1101:14250:9226;size=10	RH.7CE39E25906745AZ0Z_F	100.000	25	0	1.18e-09	50.1
M03520:605:000000000-LVNKY:1:1101:15149:26971;size=10	RH.2A8AD21024974C0Z0Z_F	100.000	26	0	2.98e-10	52.0
M03520:605:000000000-LVNKY:1:1101:15149:26971;size=10	RH.2A8AD21024974C0Z0Z_R	100.000	25	0	1.18e-09	50.1
M03520:605:000000000-LVNKY:1:1101:15167:11898;size=10	RH.27578A9A85FA4A3Z0Z_F	100.000	24	0	4.65e-09	48.1
M03520:605:000000000-LVNKY:1:1101:15167:11898;size=10	RH.27578A9A85FA4A3Z0Z_R	100.000	22	0	7.27e-08	44.1
M03520:605:000000000-LVNKY:1:1101:15368:14956;size=10	RH.E04EE94198274F7Z0Z_F	100.000	25	0	1.18e-09	50.1
M03520:605:000000000-LVNKY:1:1101:15368:14956;size=10	RH.E04EE94198274F7Z0Z_R	95.833	24	1	1.13e-06	40.1
M03520:605:000000000-LVNKY:1:1101:16641:7808;size=10	RH.7CE39E25906745AZ0Z_R	100.000	26	0	2.98e-10	52.0
M03520:605:000000000-LVNKY:1:1101:17862:21583;size=10	RH.2A8AD21024974C0Z0Z_F	100.000	26	0	2.98e-10	52.0
M03520:605:000000000-LVNKY:1:1101:17862:21583;size=10	RH.2A8AD21024974C0Z0Z_R	100.000	25	0	1.18e-09	50.1
M03520:605:000000000-LVNKY:1:1101:17927:27254;size=10	RH.70F7A1FF41FE4D2Z0Z_F	100.000	25	0	1.18e-09	50.1
M03520:605:000000000-LVNKY:1:1101:18045:7237;size=10	RH.0BD19D1A26A74EBZ0Z_R	100.000	24	0	4.65e-09	48.1
M03520:605:000000000-LVNKY:1:1101:18045:7237;size=10	RH.0BD19D1A26A74EBZ0Z_F	100.000	24	0	4.65e-09	48.1
M03520:605:000000000-LVNKY:1:1101:18235:21439;size=10	RH.E04EE94198274F7Z0Z_F	100.000	25	0	1.18e-09	50.1
M03520:605:000000000-LVNKY:1:1101:18235:21439;size=10	RH.E04EE94198274F7Z0Z_R	95.833	24	1	1.13e-06	40.1
M03520:605:000000000-LVNKY:1:1101:18355:20585;size=10	RH.85A5303CAAF54ADZ0Z_R	100.000	22	0	7.27e-08	44.1
M03520:605:000000000-LVNKY:1:1101:18355:20585;size=10	RH.85A5303CAAF54ADZ0Z_F	100.000	21	0	2.87e-07	42.1
M03520:605:000000000-LVNKY:1:1101:18805:22581;size=10	RH.0096A141894D447Z0Z_F	100.000	20	0	1.13e-06	40.1
M03520:605:000000000-LVNKY:1:1101:19521:25417;size=10	RH.B9EF730EBE6C436Z0Z_R	100.000	25	0	1.18e-09	50.1
M03520:605:000000000-LVNKY:1:1101:19521:25417;size=10	RH.B9EF730EBE6C436Z0Z_F	100.000	25	0	1.18e-09	50.1
M03520:605:000000000-LVNKY:1:1101:20066:5233;size=10	RH.B9EF730EBE6C436Z0Z_R	100.000	25	0	1.18e-09	50.1
M03520:605:000000000-LVNKY:1:1101:20066:5233;size=10	RH.B9EF730EBE6C436Z0Z_F	100.000	25	0	1.18e-09	50.1
M03520:605:000000000-LVNKY:1:1101:20759:18115;size=10	RH.27578A9A85FA4A3Z0Z_F	100.000	24	0	4.65e-09	48.1
M03520:605:000000000-LVNKY:1:1101:20759:18115;size=10	RH.27578A9A85FA4A3Z0Z_R	100.000	22	0	7.27e-08	44.1
M03520:605:000000000-LVNKY:1:1101:2086:14428;size=10	RH.2A8AD21024974C0Z0Z_R	100.000	25	0	1.18e-09	50.1
M03520:605:000000000-LVNKY:1:1101:21590:20836;size=10	RH.27578A9A85FA4A3Z0Z_F	100.000	24	0	4.65e-09	48.1
M03520:605:000000000-LVNKY:1:1101:21590:20836;size=10	RH.27578A9A85FA4A3Z0Z_R	100.000	22	0	7.27e-08	44.1
M03520:605:000000000-LVNKY:1:1101:21690:25142;size=10	RH.0096A141894D447Z0Z_F	100.000	24	0	4.65e-09	48.1
M03520:605:000000000-LVNKY:1:1101:21690:25142;size=10	RH.0096A141894D447Z0Z_R	100.000	21	0	2.87e-07	42.1
M03520:605:000000000-LVNKY:1:1101:22437:25390;size=10	RH.27578A9A85FA4A3Z0Z_F	100.000	24	0	4.65e-09	48.1
M03520:605:000000000-LVNKY:1:1101:22437:25390;size=10	RH.27578A9A85FA4A3Z0Z_R	100.000	22	0	7.27e-08	44.1
M03520:605:000000000-LVNKY:1:1101:22608:12297;size=10	RH.0BD19D1A26A74EBZ0Z_R	100.000	24	0	4.65e-09	48.1
M03520:605:000000000-LVNKY:1:1101:22608:12297;size=10	RH.0BD19D1A26A74EBZ0Z_F	100.000	21	0	2.87e-07	42.1
M03520:605:000000000-LVNKY:1:1101:23138:3487;size=10	RH.DDB83AFF97C94C6Z0Z_R	100.000	25	0	1.18e-09	50.1
M03520:605:000000000-LVNKY:1:1101:23138:3487;size=10	RH.DDB83AFF97C94C6Z0Z_F	100.000	24	0	4.65e-09	48.1
M03520:605:000000000-LVNKY:1:1101:24116:23946;size=10	RH.B9EF730EBE6C436Z0Z_R	100.000	25	0	1.18e-09	50.1
M03520:605:000000000-LVNKY:1:1101:24655:20590;size=10	RH.7CE39E25906745AZ0Z_R	100.000	26	0	2.98e-10	52.0
M03520:605:000000000-LVNKY:1:1101:24655:20590;size=10	RH.7CE39E25906745AZ0Z_F	100.000	22	0	7.27e-08	44.1
M03520:605:000000000-LVNKY:1:1101:24766:23565;size=10	RH.0096A141894D447Z0Z_F	100.000	24	0	4.65e-09	48.1
M03520:605:000000000-LVNKY:1:1101:24766:23565;size=10	RH.0096A141894D447Z0Z_R	100.000	21	0	2.87e-07	42.1
M03520:605:000000000-LVNKY:1:1101:24796:8637;size=10	RH.DE543226C201437Z0Z_R	100.000	20	0	1.13e-06	40.1
M03520:605:000000000-LVNKY:1:1101:24796:8637;size=10	RH.51338FA06EDB4F0Z0Z_R	95.652	23	1	4.48e-06	38.2
M03520:605:000000000-LVNKY:1:1101:24903:15227;size=10	RH.63B83F05CDE5404Z0Z_F	100.000	21	0	2.87e-07	42.1
M03520:605:000000000-LVNKY:1:1101:25415:6707;size=10	RH.0096A141894D447Z0Z_F	100.000	24	0	4.65e-09	48.1
M03520:605:000000000-LVNKY:1:1101:25415:6707;size=10	RH.0096A141894D447Z0Z_R	100.000	21	0	2.87e-07	42.1
M03520:605:000000000-LVNKY:1:1101:25673:16603;size=10	RH.0096A141894D447Z0Z_R	100.000	21	0	2.87e-07	42.1
M03520:605:000000000-LVNKY:1:1101:25673:16603;size=10	RH.0096A141894D447Z0Z_F	95.833	24	1	1.13e-06	40.1
M03520:605:000000000-LVNKY:1:1101:26646:9861;size=10	RH.69CEA0AC39F4445Z0Z_F	100.000	24	0	4.65e-09	48.1
M03520:605:000000000-LVNKY:1:1101:26646:9861;size=10	RH.69CEA0AC39F4445Z0Z_R	100.000	23	0	1.84e-08	46.1
M03520:605:000000000-LVNKY:1:1101:26717:17497;size=10	RH.DDB83AFF97C94C6Z0Z_R	100.000	25	0	1.18e-09	50.1
M03520:605:000000000-LVNKY:1:1101:26717:17497;size=10	RH.DDB83AFF97C94C6Z0Z_F	100.000	24	0	4.65e-09	48.1
M03520:605:000000000-LVNKY:1:1101:27197:18470;size=10	RH.B9EF730EBE6C436Z0Z_R	100.000	25	0	1.18e-09	50.1
M03520:605:000000000-LVNKY:1:1101:27197:18470;size=10	RH.B9EF730EBE6C436Z0Z_F	100.000	19	0	4.48e-06	38.2
M03520:605:000000000-LVNKY:1:1101:27295:18266;size=10	RH.B9EF730EBE6C436Z0Z_F	100.000	25	0	1.18e-09	50.1
M03520:605:000000000-LVNKY:1:1101:27295:18266;size=10	RH.B9EF730EBE6C436Z0Z_R	100.000	25	0	1.18e-09	50.1
M03520:605:000000000-LVNKY:1:1101:3741:13588;size=10	RH.0550AF0F57084ADZ0Z_R	100.000	22	0	7.27e-08	44.1
M03520:605:000000000-LVNKY:1:1101:3741:13588;size=10	RH.0550AF0F57084ADZ0Z_F	95.833	24	1	1.13e-06	40.1
M03520:605:000000000-LVNKY:1:1101:5642:23824;size=10	RH.CA1E204B0C0842DZ0Z_F	100.000	26	0	2.98e-10	52.0
M03520:605:000000000-LVNKY:1:1101:5642:23824;size=10	RH.CA1E204B0C0842DZ0Z_R	100.000	24	0	4.65e-09	48.1
M03520:605:000000000-LVNKY:1:1101:6014:10176;size=10	RH.51338FA06EDB4F0Z0Z_F	100.000	25	0	1.18e-09	50.1
M03520:605:000000000-LVNKY:1:1101:6014:10176;size=10	RH.51338FA06EDB4F0Z0Z_R	100.000	22	0	7.27e-08	44.1
M03520:605:000000000-LVNKY:1:1101:6696:13213;size=10	RH.7CE39E25906745AZ0Z_R	100.000	26	0	2.98e-10	52.0
M03520:605:000000000-LVNKY:1:1101:6696:13213;size=10	RH.7CE39E25906745AZ0Z_F	100.000	24	0	4.65e-09	48.1
M03520:605:000000000-LVNKY:1:1101:6911:6436;size=10	RH.7CE39E25906745AZ0Z_F	100.000	25	0	1.18e-09	50.1
M03520:605:000000000-LVNKY:1:1101:6911:6436;size=10	RH.7CE39E25906745AZ0Z_R	96.154	26	1	7.27e-08	44.1
M03520:605:000000000-LVNKY:1:1101:7119:7400;size=10	RH.67ADC9DA0CC4464Z0Z_R	100.000	21	0	2.87e-07	42.1
M03520:605:000000000-LVNKY:1:1101:7119:7400;size=10	RH.67ADC9DA0CC4464Z0Z_F	100.000	21	0	2.87e-07	42.1
M03520:605:000000000-LVNKY:1:1101:7183:23399;size=10	RH.B9EF730EBE6C436Z0Z_F	100.000	25	0	1.18e-09	50.1
M03520:605:000000000-LVNKY:1:1101:8953:13864;size=10	RH.B9EF730EBE6C436Z0Z_R	100.000	25	0	1.18e-09	50.1
M03520:605:000000000-LVNKY:1:1101:8953:13864;size=10	RH.B9EF730EBE6C436Z0Z_F	100.000	25	0	1.18e-09	50.1
M03520:605:000000000-LVNKY:1:1101:9160:24510;size=10	RH.27578A9A85FA4A3Z0Z_F	100.000	24	0	4.65e-09	48.1
M03520:605:000000000-LVNKY:1:1101:9160:24510;size=10	RH.27578A9A85FA4A3Z0Z_R	100.000	22	0	7.27e-08	44.1
M03520:605:000000000-LVNKY:1:1101:9202:20045;size=10	RH.B9EF730EBE6C436Z0Z_R	100.000	25	0	1.18e-09	50.1
M03520:605:000000000-LVNKY:1:1101:9202:20045;size=10	RH.B9EF730EBE6C436Z0Z_F	100.000	25	0	1.18e-09	50.1
M03520:605:000000000-LVNKY:1:1101:9938:2949;size=10	RH.7CE39E25906745AZ0Z_R	100.000	26	0	2.98e-10	52.0
M03520:605:000000000-LVNKY:1:1101:9938:2949;size=10	RH.7CE39E25906745AZ0Z_F	100.000	25	0	1.18e-09	50.1
M03520:605:000000000-LVNKY:1:1101:9998:6036;size=10	RH.DDB83AFF97C94C6Z0Z_R	100.000	25	0	1.18e-09	50.1
M03520:605:000000000-LVNKY:1:1101:9998:6036;size=10	RH.DDB83AFF97C94C6Z0Z_F	100.000	20	0	1.13e-06	40.1
M03520:605:000000000-LVNKY:1:1102:10164:23505;size=10	RH.B9EF730EBE6C436Z0Z_F	100.000	25	0	1.18e-09	50.1
M03520:605:000000000-LVNKY:1:1102:10164:23505;size=10	RH.B9EF730EBE6C436Z0Z_R	100.000	23	0	1.84e-08	46.1
M03520:605:000000000-LVNKY:1:1102:10283:22827;size=10	RH.2A8AD21024974C0Z0Z_F	100.000	26	0	2.98e-10	52.0
M03520:605:000000000-LVNKY:1:1102:10283:22827;size=10	RH.2A8AD21024974C0Z0Z_R	96.000	25	1	2.87e-07	42.1
M03520:605:000000000-LVNKY:1:1102:10395:25486;size=10	RH.7CE39E25906745AZ0Z_F	100.000	25	0	1.18e-09	50.1
M03520:605:000000000-LVNKY:1:1102:10395:25486;size=10	RH.C2FBC8A97D1343AZ0Z_R	100.000	20	0	1.13e-06	40.1
M03520:605:000000000-LVNKY:1:1102:10469:23387;size=10	RH.27578A9A85FA4A3Z0Z_F	100.000	24	0	4.65e-09	48.1
M03520:605:000000000-LVNKY:1:1102:10922:7831;size=10	RH.0096A141894D447Z0Z_F	100.000	24	0	4.65e-09	48.1
M03520:605:000000000-LVNKY:1:1102:10922:7831;size=10	RH.0096A141894D447Z0Z_R	100.000	19	0	4.48e-06	38.2
M03520:605:000000000-LVNKY:1:1102:11158:14128;size=10	RH.27578A9A85FA4A3Z0Z_F	100.000	24	0	4.65e-09	48.1
M03520:605:000000000-LVNKY:1:1102:11335:14219;size=10	RH.0550AF0F57084ADZ0Z_R	100.000	22	0	7.27e-08	44.1
M03520:605:000000000-LVNKY:1:1102:11335:14219;size=10	RH.0550AF0F57084ADZ0Z_F	100.000	21	0	2.87e-07	42.1
M03520:605:000000000-LVNKY:1:1102:11669:11435;size=10	RH.27578A9A85FA4A3Z0Z_R	100.000	22	0	7.27e-08	44.1
M03520:605:000000000-LVNKY:1:1102:11669:11435;size=10	RH.27578A9A85FA4A3Z0Z_F	95.833	24	1	1.13e-06	40.1
M03520:605:000000000-LVNKY:1:1102:13090:15967;size=10	RH.DDB83AFF97C94C6Z0Z_R	100.000	25	0	1.18e-09	50.1
M03520:605:000000000-LVNKY:1:1102:13090:15967;size=10	RH.DDB83AFF97C94C6Z0Z_F	100.000	21	0	2.87e-07	42.1
M03520:605:000000000-LVNKY:1:1102:13112:9217;size=10	RH.2091F326F74640CZ0Z_R	100.000	23	0	1.84e-08	46.1
M03520:605:000000000-LVNKY:1:1102:13434:19798;size=10	RH.69CEA0AC39F4445Z0Z_R	100.000	23	0	1.84e-08	46.1
M03520:605:000000000-LVNKY:1:1102:14005:3819;size=10	RH.0096A141894D447Z0Z_F	100.000	24	0	4.65e-09	48.1
M03520:605:000000000-LVNKY:1:1102:14426:12140;size=10	RH.27578A9A85FA4A3Z0Z_F	100.000	24	0	4.65e-09	48.1
M03520:605:000000000-LVNKY:1:1102:14704:2890;size=10	RH.85A5303CAAF54ADZ0Z_R	100.000	22	0	7.27e-08	44.1
M03520:605:000000000-LVNKY:1:1102:14704:2890;size=10	RH.85A5303CAAF54ADZ0Z_F	100.000	21	0	2.87e-07	42.1
M03520:605:000000000-LVNKY:1:1102:15424:22423;size=10	RH.DDB83AFF97C94C6Z0Z_R	100.000	25	0	1.18e-09	50.1
M03520:605:000000000-LVNKY:1:1102:15424:22423;size=10	RH.DDB83AFF97C94C6Z0Z_F	100.000	21	0	2.87e-07	42.1
M03520:605:000000000-LVNKY:1:1102:15491:27621;size=10	RH.7CE39E25906745AZ0Z_R	100.000	26	0	2.98e-10	52.0
M03520:605:000000000-LVNKY:1:1102:15491:27621;size=10	RH.7CE39E25906745AZ0Z_F	100.000	25	0	1.18e-09	50.1
M03520:605:000000000-LVNKY:1:1102:15580:26909;size=10	RH.7CE39E25906745AZ0Z_F	100.000	25	0	1.18e-09	50.1
M03520:605:000000000-LVNKY:1:1102:15580:26909;size=10	RH.7CE39E25906745AZ0Z_R	100.000	22	0	7.27e-08	44.1
M03520:605:000000000-LVNKY:1:1102:15769:9096;size=10	RH.85A5303CAAF54ADZ0Z_R	100.000	22	0	7.27e-08	44.1
M03520:605:000000000-LVNKY:1:1102:15769:9096;size=10	RH.85A5303CAAF54ADZ0Z_F	100.000	21	0	2.87e-07	42.1
M03520:605:000000000-LVNKY:1:1102:15983:16003;size=10	RH.0096A141894D447Z0Z_R	100.000	21	0	2.87e-07	42.1
M03520:605:000000000-LVNKY:1:1102:15983:16003;size=10	RH.0096A141894D447Z0Z_F	95.833	24	1	1.13e-06	40.1
M03520:605:000000000-LVNKY:1:1102:1962:14484;size=10	RH.51338FA06EDB4F0Z0Z_F	100.000	25	0	1.18e-09	50.1
M03520:605:000000000-LVNKY:1:1102:1962:14484;size=10	RH.51338FA06EDB4F0Z0Z_R	100.000	21	0	2.87e-07	42.1
M03520:605:000000000-LVNKY:1:1102:20808:4332;size=10	RH.B9EF730EBE6C436Z0Z_R	100.000	25	0	1.18e-09	50.1
M03520:605:000000000-LVNKY:1:1102:20808:4332;size=10	RH.3B2B2BB86AB94D3Z0Z_F	100.000	21	0	2.87e-07	42.1
M03520:605:000000000-LVNKY:1:1102:20808:4332;size=10	RH.64613722763148BZ0Z_R	100.000	19	0	4.48e-06	38.2
M03520:605:000000000-LVNKY:1:1102:20859:9994;size=10	RH.7CE39E25906745AZ0Z_R	100.000	26	0	2.98e-10	52.0
M03520:605:000000000-LVNKY:1:1102:20859:9994;size=10	RH.7CE39E25906745AZ0Z_F	100.000	25	0	1.18e-09	50.1
M03520:605:000000000-LVNKY:1:1102:21838:10645;size=10	RH.0096A141894D447Z0Z_F	100.000	24	0	4.65e-09	48.1
M03520:605:000000000-LVNKY:1:1102:21838:10645;size=10	RH.0096A141894D447Z0Z_R	100.000	21	0	2.87e-07	42.1
M03520:605:000000000-LVNKY:1:1102:21966:24231;size=10	RH.DDB83AFF97C94C6Z0Z_R	100.000	25	0	1.18e-09	50.1
M03520:605:000000000-LVNKY:1:1102:21966:24231;size=10	RH.DDB83AFF97C94C6Z0Z_F	95.833	24	1	1.13e-06	40.1
M03520:605:000000000-LVNKY:1:1102:22438:19491;size=10	RH.0550AF0F57084ADZ0Z_F	100.000	24	0	4.65e-09	48.1
M03520:605:000000000-LVNKY:1:1102:22438:19491;size=10	RH.0550AF0F57084ADZ0Z_R	100.000	22	0	7.27e-08	44.1
M03520:605:000000000-LVNKY:1:1102:23109:22837;size=10	RH.27578A9A85FA4A3Z0Z_F	100.000	24	0	4.65e-09	48.1
M03520:605:000000000-LVNKY:1:1102:23109:22837;size=10	RH.27578A9A85FA4A3Z0Z_R	100.000	22	0	7.27e-08	44.1
M03520:605:000000000-LVNKY:1:1102:24366:17002;size=10	RH.85A5303CAAF54ADZ0Z_F	100.000	21	0	2.87e-07	42.1
M03520:605:000000000-LVNKY:1:1102:24569:7121;size=10	RH.51338FA06EDB4F0Z0Z_F	100.000	25	0	1.18e-09	50.1
M03520:605:000000000-LVNKY:1:1102:24569:7121;size=10	RH.51338FA06EDB4F0Z0Z_R	96.000	25	1	2.87e-07	42.1
M03520:605:000000000-LVNKY:1:1102:25304:13806;size=10	RH.2A8AD21024974C0Z0Z_F	100.000	26	0	2.98e-10	52.0
M03520:605:000000000-LVNKY:1:1102:25304:13806;size=10	RH.2A8AD21024974C0Z0Z_R	100.000	25	0	1.18e-09	50.1
M03520:605:000000000-LVNKY:1:1102:26021:14190;size=10	RH.51338FA06EDB4F0Z0Z_F	100.000	25	0	1.18e-09	50.1
M03520:605:000000000-LVNKY:1:1102:26021:14190;size=10	RH.51338FA06EDB4F0Z0Z_R	100.000	25	0	1.18e-09	50.1
M03520:605:000000000-LVNKY:1:1102:2618:17013;size=10	RH.185D4E36BBF74FEZ0Z_F	100.000	27	0	7.54e-11	54.0
M03520:605:000000000-LVNKY:1:1102:2618:17013;size=10	RH.185D4E36BBF74FEZ0Z_R	100.000	26	0	2.98e-10	52.0
M03520:605:000000000-LVNKY:1:1102:29220:13699;size=10	RH.7CE39E25906745AZ0Z_R	100.000	26	0	2.98e-10	52.0
M03520:605:000000000-LVNKY:1:1102:29220:13699;size=10	RH.7CE39E25906745AZ0Z_F	100.000	25	0	1.18e-09	50.1
M03520:605:000000000-LVNKY:1:1102:4677:12250;size=10	RH.2A8AD21024974C0Z0Z_R	100.000	25	0	1.18e-09	50.1
M03520:605:000000000-LVNKY:1:1102:4677:12250;size=10	RH.2A8AD21024974C0Z0Z_F	96.154	26	1	7.27e-08	44.1
M03520:605:000000000-LVNKY:1:1102:5776:10859;size=10	RH.CA1E204B0C0842DZ0Z_F	100.000	26	0	2.98e-10	52.0
M03520:605:000000000-LVNKY:1:1102:5776:10859;size=10	RH.CA1E204B0C0842DZ0Z_R	100.000	24	0	4.65e-09	48.1
M03520:605:000000000-LVNKY:1:1102:6267:8286;size=10	RH.B9EF730EBE6C436Z0Z_R	100.000	25	0	1.18e-09	50.1
M03520:605:000000000-LVNKY:1:1102:6267:8286;size=10	RH.B9EF730EBE6C436Z0Z_F	100.000	25	0	1.18e-09	50.1
M03520:605:000000000-LVNKY:1:1102:6477:14062;size=10	RH.0096A141894D447Z0Z_F	100.000	24	0	4.65e-09	48.1
M03520:605:000000000-LVNKY:1:1102:6602:22809;size=10	RH.69CEA0AC39F4445Z0Z_F	100.000	24	0	4.65e-09	48.1
M03520:605:000000000-LVNKY:1:1102:6602:22809;size=10	RH.69CEA0AC39F4445Z0Z_R	100.000	23	0	1.84e-08	46.1
M03520:605:000000000-LVNKY:1:1102:8036:12126;size=10	RH.DDB83AFF97C94C6Z0Z_R	100.000	25	0	1.18e-09	50.1
M03520:605:000000000-LVNKY:1:1102:8036:12126;size=10	RH.DDB83AFF97C94C6Z0Z_F	100.000	24	0	4.65e-09	48.1
M03520:605:000000000-LVNKY:1:1102:8365:7857;size=10	RH.7CE39E25906745AZ0Z_F	100.000	25	0	1.18e-09	50.1
M03520:605:000000000-LVNKY:1:1102:8455:4628;size=10	RH.7CE39E25906745AZ0Z_R	100.000	26	0	2.98e-10	52.0
M03520:605:000000000-LVNKY:1:1102:8455:4628;size=10	RH.7CE39E25906745AZ0Z_F	96.000	25	1	2.87e-07	42.1
M03520:605:000000000-LVNKY:1:1102:8541:14195;size=10	RH.7CE39E25906745AZ0Z_R	100.000	26	0	2.98e-10	52.0
M03520:605:000000000-LVNKY:1:1102:8541:14195;size=10	RH.7CE39E25906745AZ0Z_F	100.000	25	0	1.18e-09	50.1
M03520:605:000000000-LVNKY:1:1102:9696:9787;size=10	RH.2A8AD21024974C0Z0Z_F	100.000	26	0	2.98e-10	52.0
M03520:605:000000000-LVNKY:1:1102:9696:9787;size=10	RH.2A8AD21024974C0Z0Z_R	96.000	25	1	2.87e-07	42.1
M03520:605:000000000-LVNKY:1:1103:10100:18103;size=10	RH.0BD19D1A26A74EBZ0Z_F	100.000	25	0	1.18e-09	50.1
M03520:605:000000000-LVNKY:1:1103:10252:14996;size=10	RH.1CC74B91718A42FZ0Z_R	100.000	25	0	1.18e-09	50.1
M03520:605:000000000-LVNKY:1:1103:10252:14996;size=10	RH.1CC74B91718A42FZ0Z_F	100.000	24	0	4.65e-09	48.1
M03520:605:000000000-LVNKY:1:1103:10975:14639;size=10	RH.1CC74B91718A42FZ0Z_R	100.000	25	0	1.18e-09	50.1
M03520:605:000000000-LVNKY:1:1103:10975:14639;size=10	RH.1CC74B91718A42FZ0Z_F	100.000	24	0	4.65e-09	48.1
M03520:605:000000000-LVNKY:1:1103:11557:12458;size=10	RH.27578A9A85FA4A3Z0Z_F	100.000	24	0	4.65e-09	48.1
M03520:605:000000000-LVNKY:1:1103:12406:3546;size=10	RH.1CC74B91718A42FZ0Z_R	100.000	25	0	1.18e-09	50.1
M03520:605:000000000-LVNKY:1:1103:12406:3546;size=10	RH.1CC74B91718A42FZ0Z_F	100.000	24	0	4.65e-09	48.1
M03520:605:000000000-LVNKY:1:1103:14047:16213;size=10	RH.DDB83AFF97C94C6Z0Z_R	100.000	25	0	1.18e-09	50.1
M03520:605:000000000-LVNKY:1:1103:14047:16213;size=10	RH.DDB83AFF97C94C6Z0Z_F	100.000	22	0	7.27e-08	44.1
M03520:605:000000000-LVNKY:1:1103:15281:11141;size=10	RH.E04EE94198274F7Z0Z_F	100.000	25	0	1.18e-09	50.1
M03520:605:000000000-LVNKY:1:1103:15281:11141;size=10	RH.E04EE94198274F7Z0Z_R	95.833	24	1	1.13e-06	40.1
M03520:605:000000000-LVNKY:1:1103:17270:5368;size=10	RH.7CE39E25906745AZ0Z_F	100.000	25	0	1.18e-09	50.1
M03520:605:000000000-LVNKY:1:1103:17270:5368;size=10	RH.7CE39E25906745AZ0Z_R	96.154	26	1	7.27e-08	44.1
M03520:605:000000000-LVNKY:1:1103:19291:5600;size=10	RH.DDB83AFF97C94C6Z0Z_R	100.000	25	0	1.18e-09	50.1
M03520:605:000000000-LVNKY:1:1103:19291:5600;size=10	RH.DDB83AFF97C94C6Z0Z_F	100.000	24	0	4.65e-09	48.1
M03520:605:000000000-LVNKY:1:1103:22331:27625;size=10	RH.27578A9A85FA4A3Z0Z_F	100.000	24	0	4.65e-09	48.1
M03520:605:000000000-LVNKY:1:1103:22331:27625;size=10	RH.27578A9A85FA4A3Z0Z_R	100.000	22	0	7.27e-08	44.1
M03520:605:000000000-LVNKY:1:1103:25996:18112;size=10	RH.85A5303CAAF54ADZ0Z_R	100.000	22	0	7.27e-08	44.1
M03520:605:000000000-LVNKY:1:1103:25996:18112;size=10	RH.85A5303CAAF54ADZ0Z_F	100.000	21	0	2.87e-07	42.1
M03520:605:000000000-LVNKY:1:1103:27589:8587;size=10	RH.69CEA0AC39F4445Z0Z_F	100.000	24	0	4.65e-09	48.1
M03520:605:000000000-LVNKY:1:1103:27589:8587;size=10	RH.69CEA0AC39F4445Z0Z_R	100.000	23	0	1.84e-08	46.1
M03520:605:000000000-LVNKY:1:1103:3823:15684;size=10	RH.0BD19D1A26A74EBZ0Z_F	100.000	25	0	1.18e-09	50.1
M03520:605:000000000-LVNKY:1:1103:3823:15684;size=10	RH.0BD19D1A26A74EBZ0Z_R	100.000	24	0	4.65e-09	48.1
M03520:605:000000000-LVNKY:1:1103:5060:9926;size=10	RH.0096A141894D447Z0Z_F	100.000	24	0	4.65e-09	48.1
M03520:605:000000000-LVNKY:1:1103:5060:9926;size=10	RH.0096A141894D447Z0Z_R	100.000	20	0	1.13e-06	40.1
M03520:605:000000000-LVNKY:1:1103:5312:8300;size=10	RH.2A8AD21024974C0Z0Z_F	100.000	26	0	2.98e-10	52.0
M03520:605:000000000-LVNKY:1:1103:5312:8300;size=10	RH.2A8AD21024974C0Z0Z_R	100.000	25	0	1.18e-09	50.1
M03520:605:000000000-LVNKY:1:1103:6343:11995;size=10	RH.1CC74B91718A42FZ0Z_F	100.000	24	0	4.65e-09	48.1
M03520:605:000000000-LVNKY:1:1103:6343:11995;size=10	RH.1CC74B91718A42FZ0Z_R	100.000	23	0	1.84e-08	46.1
M03520:605:000000000-LVNKY:1:1103:6361:22117;size=10	RH.51338FA06EDB4F0Z0Z_F	100.000	25	0	1.18e-09	50.1
M03520:605:000000000-LVNKY:1:1103:6361:22117;size=10	RH.51338FA06EDB4F0Z0Z_R	100.000	25	0	1.18e-09	50.1
M03520:605:000000000-LVNKY:1:1103:6536:15631;size=10	RH.51338FA06EDB4F0Z0Z_R	100.000	25	0	1.18e-09	50.1
M03520:605:000000000-LVNKY:1:1103:6536:15631;size=10	RH.51338FA06EDB4F0Z0Z_F	96.000	25	1	2.87e-07	42.1
M03520:605:000000000-LVNKY:1:1103:8758:14904;size=10	RH.69CEA0AC39F4445Z0Z_R	100.000	23	0	1.84e-08	46.1
M03520:605:000000000-LVNKY:1:1103:8758:14904;size=10	RH.69CEA0AC39F4445Z0Z_F	100.000	21	0	2.87e-07	42.1
M03520:605:000000000-LVNKY:1:1103:9589:7036;size=10	RH.B9EF730EBE6C436Z0Z_R	100.000	25	0	1.18e-09	50.1
M03520:605:000000000-LVNKY:1:1103:9589:7036;size=10	RH.B9EF730EBE6C436Z0Z_F	100.000	25	0	1.18e-09	50.1
M03520:605:000000000-LVNKY:1:1104:10232:18677;size=10	RH.1CC74B91718A42FZ0Z_R	100.000	25	0	1.18e-09	50.1
M03520:605:000000000-LVNKY:1:1104:10232:18677;size=10	RH.1CC74B91718A42FZ0Z_F	100.000	24	0	4.65e-09	48.1
M03520:605:000000000-LVNKY:1:1104:11080:22606;size=10	RH.DDB83AFF97C94C6Z0Z_R	100.000	25	0	1.18e-09	50.1
M03520:605:000000000-LVNKY:1:1104:11080:22606;size=10	RH.DDB83AFF97C94C6Z0Z_F	100.000	24	0	4.65e-09	48.1
M03520:605:000000000-LVNKY:1:1104:13928:12266;size=10	RH.27578A9A85FA4A3Z0Z_F	100.000	24	0	4.65e-09	48.1
M03520:605:000000000-LVNKY:1:1104:13928:12266;size=10	RH.27578A9A85FA4A3Z0Z_R	100.000	22	0	7.27e-08	44.1
M03520:605:000000000-LVNKY:1:1104:15385:18299;size=10	RH.0096A141894D447Z0Z_F	100.000	24	0	4.65e-09	48.1
M03520:605:000000000-LVNKY:1:1104:15385:18299;size=10	RH.0096A141894D447Z0Z_R	100.000	21	0	2.87e-07	42.1
M03520:605:000000000-LVNKY:1:1104:16758:20522;size=10	RH.0BD19D1A26A74EBZ0Z_R	100.000	24	0	4.65e-09	48.1
M03520:605:000000000-LVNKY:1:1104:16973:7005;size=10	RH.0BD19D1A26A74EBZ0Z_F	100.000	25	0	1.18e-09	50.1
M03520:605:000000000-LVNKY:1:1104:16973:7005;size=10	RH.0BD19D1A26A74EBZ0Z_R	100.000	24	0	4.65e-09	48.1
M03520:605:000000000-LVNKY:1:1104:20095:20814;size=10	RH.0550AF0F57084ADZ0Z_R	100.000	22	0	7.27e-08	44.1
M03520:605:000000000-LVNKY:1:1104:20095:20814;size=10	RH.0550AF0F57084ADZ0Z_F	95.833	24	1	1.13e-06	40.1
M03520:605:000000000-LVNKY:1:1104:20708:11950;size=10	RH.2AFFFBA0E81C482Z0Z_R	100.000	23	0	1.84e-08	46.1
M03520:605:000000000-LVNKY:1:1104:20708:11950;size=10	RH.2AFFFBA0E81C482Z0Z_F	100.000	23	0	1.84e-08	46.1
M03520:605:000000000-LVNKY:1:1104:22360:13382;size=10	RH.DDB83AFF97C94C6Z0Z_F	100.000	24	0	4.65e-09	48.1
M03520:605:000000000-LVNKY:1:1104:22360:13382;size=10	RH.DDB83AFF97C94C6Z0Z_R	96.000	25	1	2.87e-07	42.1
M03520:605:000000000-LVNKY:1:1104:22646:3991;size=10	RH.0096A141894D447Z0Z_R	100.000	21	0	2.87e-07	42.1
M03520:605:000000000-LVNKY:1:1104:22646:3991;size=10	RH.0096A141894D447Z0Z_F	100.000	21	0	2.87e-07	42.1
M03520:605:000000000-LVNKY:1:1104:2559:12478;size=10	RH.0096A141894D447Z0Z_F	100.000	22	0	7.27e-08	44.1
M03520:605:000000000-LVNKY:1:1104:2559:12478;size=10	RH.0096A141894D447Z0Z_R	100.000	21	0	2.87e-07	42.1
M03520:605:000000000-LVNKY:1:1104:8583:5714;size=10	RH.85A5303CAAF54ADZ0Z_R	100.000	22	0	7.27e-08	44.1
M03520:605:000000000-LVNKY:1:1104:8583:5714;size=10	RH.85A5303CAAF54ADZ0Z_F	100.000	21	0	2.87e-07	42.1
M03520:605:000000000-LVNKY:1:1104:8909:23867;size=10	RH.1CC74B91718A42FZ0Z_R	100.000	25	0	1.18e-09	50.1
M03520:605:000000000-LVNKY:1:1104:8909:23867;size=10	RH.1CC74B91718A42FZ0Z_F	100.000	24	0	4.65e-09	48.1
M03520:605:000000000-LVNKY:1:1105:10210:8195;size=10	RH.51338FA06EDB4F0Z0Z_R	100.000	25	0	1.18e-09	50.1
M03520:605:000000000-LVNKY:1:1105:10210:8195;size=10	RH.51338FA06EDB4F0Z0Z_F	96.000	25	1	2.87e-07	42.1
M03520:605:000000000-LVNKY:1:1105:10664:16935;size=10	RH.0550AF0F57084ADZ0Z_F	100.000	24	0	4.65e-09	48.1
M03520:605:000000000-LVNKY:1:1105:10664:16935;size=10	RH.0550AF0F57084ADZ0Z_R	100.000	22	0	7.27e-08	44.1
M03520:605:000000000-LVNKY:1:1105:11429:21325;size=10	RH.2A8AD21024974C0Z0Z_F	100.000	26	0	2.98e-10	52.0
M03520:605:000000000-LVNKY:1:1105:11429:21325;size=10	RH.2A8AD21024974C0Z0Z_R	100.000	25	0	1.18e-09	50.1
M03520:605:000000000-LVNKY:1:1105:11806:27551;size=10	RH.DDB83AFF97C94C6Z0Z_R	100.000	25	0	1.18e-09	50.1
M03520:605:000000000-LVNKY:1:1105:11806:27551;size=10	RH.DDB83AFF97C94C6Z0Z_F	100.000	24	0	4.65e-09	48.1
M03520:605:000000000-LVNKY:1:1105:12115:6732;size=10	RH.7CE39E25906745AZ0Z_R	100.000	26	0	2.98e-10	52.0
M03520:605:000000000-LVNKY:1:1105:12115:6732;size=10	RH.7CE39E25906745AZ0Z_F	100.000	25	0	1.18e-09	50.1
M03520:605:000000000-LVNKY:1:1105:15621:22068;size=10	RH.B9EF730EBE6C436Z0Z_F	100.000	25	0	1.18e-09	50.1
M03520:605:000000000-LVNKY:1:1105:15621:22068;size=10	RH.B9EF730EBE6C436Z0Z_R	100.000	25	0	1.18e-09	50.1
M03520:605:000000000-LVNKY:1:1105:16441:13855;size=10	RH.B9EF730EBE6C436Z0Z_R	100.000	25	0	1.18e-09	50.1
M03520:605:000000000-LVNKY:1:1105:16441:13855;size=10	RH.B9EF730EBE6C436Z0Z_F	100.000	25	0	1.18e-09	50.1
M03520:605:000000000-LVNKY:1:1105:17026:5808;size=10	RH.1CC74B91718A42FZ0Z_R	100.000	25	0	1.18e-09	50.1
M03520:605:000000000-LVNKY:1:1105:17026:5808;size=10	RH.1CC74B91718A42FZ0Z_F	100.000	24	0	4.65e-09	48.1
M03520:605:000000000-LVNKY:1:1105:19938:27112;size=10	RH.2A8AD21024974C0Z0Z_F	100.000	26	0	2.98e-10	52.0
M03520:605:000000000-LVNKY:1:1105:19938:27112;size=10	RH.2A8AD21024974C0Z0Z_R	96.000	25	1	2.87e-07	42.1
M03520:605:000000000-LVNKY:1:1105:22655:11836;size=10	RH.8B25A056ABC1444Z0Z_R	100.000	24	0	4.65e-09	48.1
M03520:605:000000000-LVNKY:1:1105:24708:12904;size=10	RH.7CE39E25906745AZ0Z_R	100.000	26	0	2.98e-10	52.0
M03520:605:000000000-LVNKY:1:1105:24708:12904;size=10	RH.7CE39E25906745AZ0Z_F	100.000	25	0	1.18e-09	50.1
M03520:605:000000000-LVNKY:1:1105:9107:13933;size=10	RH.85A5303CAAF54ADZ0Z_R	100.000	22	0	7.27e-08	44.1
M03520:605:000000000-LVNKY:1:1105:9107:13933;size=10	RH.85A5303CAAF54ADZ0Z_F	100.000	21	0	2.87e-07	42.1
M03520:605:000000000-LVNKY:1:1106:16132:7041;size=10	RH.DDB83AFF97C94C6Z0Z_R	100.000	25	0	1.18e-09	50.1
M03520:605:000000000-LVNKY:1:1106:16132:7041;size=10	RH.8B25A056ABC1444Z0Z_F	100.000	22	0	7.27e-08	44.1
M03520:605:000000000-LVNKY:1:1106:16470:16758;size=10	RH.B9EF730EBE6C436Z0Z_R	100.000	25	0	1.18e-09	50.1
M03520:605:000000000-LVNKY:1:1106:16470:16758;size=10	RH.B9EF730EBE6C436Z0Z_F	100.000	25	0	1.18e-09	50.1
M03520:605:000000000-LVNKY:1:1106:21494:27220;size=10	RH.85A5303CAAF54ADZ0Z_R	100.000	22	0	7.27e-08	44.1
M03520:605:000000000-LVNKY:1:1106:21494:27220;size=10	RH.85A5303CAAF54ADZ0Z_F	100.000	21	0	2.87e-07	42.1
M03520:605:000000000-LVNKY:1:1106:24963:25147;size=10	RH.0096A141894D447Z0Z_F	100.000	24	0	4.65e-09	48.1
M03520:605:000000000-LVNKY:1:1106:24963:25147;size=10	RH.0096A141894D447Z0Z_R	100.000	21	0	2.87e-07	42.1
M03520:605:000000000-LVNKY:1:1106:27546:8980;size=10	RH.69CEA0AC39F4445Z0Z_F	100.000	24	0	4.65e-09	48.1
M03520:605:000000000-LVNKY:1:1106:27546:8980;size=10	RH.69CEA0AC39F4445Z0Z_R	100.000	23	0	1.84e-08	46.1
M03520:605:000000000-LVNKY:1:1106:4985:7046;size=10	RH.CA1E204B0C0842DZ0Z_F	100.000	26	0	2.98e-10	52.0
M03520:605:000000000-LVNKY:1:1106:4985:7046;size=10	RH.CA1E204B0C0842DZ0Z_R	100.000	24	0	4.65e-09	48.1
M03520:605:000000000-LVNKY:1:1107:22569:9563;size=10	RH.69CEA0AC39F4445Z0Z_F	100.000	24	0	4.65e-09	48.1
M03520:605:000000000-LVNKY:1:1107:22569:9563;size=10	RH.69CEA0AC39F4445Z0Z_R	100.000	23	0	1.84e-08	46.1
M03520:605:000000000-LVNKY:1:1107:4707:9507;size=10	RH.40933F98BDDD40FZ0Z_F	100.000	25	0	1.18e-09	50.1
M03520:605:000000000-LVNKY:1:1107:4707:9507;size=10	RH.40933F98BDDD40FZ0Z_R	100.000	24	0	4.65e-09	48.1
M03520:605:000000000-LVNKY:1:1108:16549:18541;size=10	RH.0096A141894D447Z0Z_F	100.000	24	0	4.65e-09	48.1
M03520:605:000000000-LVNKY:1:1108:16549:18541;size=10	RH.0096A141894D447Z0Z_R	100.000	21	0	2.87e-07	42.1
M03520:605:000000000-LVNKY:1:1108:19108:14637;size=10	RH.1CC74B91718A42FZ0Z_R	100.000	25	0	1.18e-09	50.1
M03520:605:000000000-LVNKY:1:1108:19108:14637;size=10	RH.1CC74B91718A42FZ0Z_F	100.000	24	0	4.65e-09	48.1
M03520:605:000000000-LVNKY:1:1108:20794:17778;size=10	RH.2A8AD21024974C0Z0Z_R	100.000	25	0	1.18e-09	50.1
M03520:605:000000000-LVNKY:1:1108:20794:17778;size=10	RH.2A8AD21024974C0Z0Z_F	96.154	26	1	7.27e-08	44.1
M03520:605:000000000-LVNKY:1:1108:26822:20492;size=10	RH.DDB83AFF97C94C6Z0Z_R	100.000	25	0	1.18e-09	50.1
M03520:605:000000000-LVNKY:1:1108:26822:20492;size=10	RH.DDB83AFF97C94C6Z0Z_F	100.000	24	0	4.65e-09	48.1
M03520:605:000000000-LVNKY:1:1108:27389:18327;size=10	RH.8B25A056ABC1444Z0Z_R	100.000	24	0	4.65e-09	48.1
M03520:605:000000000-LVNKY:1:1108:27389:18327;size=10	RH.8B25A056ABC1444Z0Z_F	100.000	22	0	7.27e-08	44.1
M03520:605:000000000-LVNKY:1:1109:4524:10337;size=10	RH.0BA5504E4959438Z0Z_R	100.000	23	0	1.84e-08	46.1
M03520:605:000000000-LVNKY:1:1109:4524:10337;size=10	RH.0BA5504E4959438Z0Z_F	100.000	22	0	7.27e-08	44.1
M03520:605:000000000-LVNKY:1:1111:18441:3116;size=10	RH.0BD19D1A26A74EBZ0Z_F	100.000	25	0	1.18e-09	50.1
M03520:605:000000000-LVNKY:1:1111:18441:3116;size=10	RH.0BD19D1A26A74EBZ0Z_R	100.000	24	0	4.65e-09	48.1
M03520:605:000000000-LVNKY:1:1101:10507:9068;size=9	RH.CA1E204B0C0842DZ0Z_F	100.000	26	0	2.98e-10	52.0
M03520:605:000000000-LVNKY:1:1101:10507:9068;size=9	RH.CA1E204B0C0842DZ0Z_R	100.000	24	0	4.65e-09	48.1
M03520:605:000000000-LVNKY:1:1101:11108:13976;size=9	RH.0096A141894D447Z0Z_F	100.000	24	0	4.65e-09	48.1
M03520:605:000000000-LVNKY:1:1101:11108:13976;size=9	RH.0096A141894D447Z0Z_R	100.000	22	0	7.27e-08	44.1
M03520:605:000000000-LVNKY:1:1101:11990:23977;size=9	RH.7CE39E25906745AZ0Z_R	100.000	26	0	2.98e-10	52.0
M03520:605:000000000-LVNKY:1:1101:11990:23977;size=9	RH.7CE39E25906745AZ0Z_F	100.000	21	0	2.87e-07	42.1
M03520:605:000000000-LVNKY:1:1101:12200:24903;size=9	RH.DDB83AFF97C94C6Z0Z_F	100.000	24	0	4.65e-09	48.1
M03520:605:000000000-LVNKY:1:1101:12200:24903;size=9	RH.DDB83AFF97C94C6Z0Z_R	96.000	25	1	2.87e-07	42.1
M03520:605:000000000-LVNKY:1:1101:13134:3078;size=9	RH.7CE39E25906745AZ0Z_R	100.000	26	0	2.98e-10	52.0
M03520:605:000000000-LVNKY:1:1101:13134:3078;size=9	RH.7CE39E25906745AZ0Z_F	100.000	25	0	1.18e-09	50.1
M03520:605:000000000-LVNKY:1:1101:13640:18503;size=9	RH.0096A141894D447Z0Z_F	100.000	24	0	4.65e-09	48.1
M03520:605:000000000-LVNKY:1:1101:14016:13528;size=9	RH.0096A141894D447Z0Z_F	100.000	24	0	4.65e-09	48.1
M03520:605:000000000-LVNKY:1:1101:14016:13528;size=9	RH.0096A141894D447Z0Z_R	100.000	21	0	2.87e-07	42.1
M03520:605:000000000-LVNKY:1:1101:14048:14972;size=9	RH.E04EE94198274F7Z0Z_F	100.000	25	0	1.18e-09	50.1
M03520:605:000000000-LVNKY:1:1101:14048:14972;size=9	RH.E04EE94198274F7Z0Z_R	95.833	24	1	1.13e-06	40.1
M03520:605:000000000-LVNKY:1:1101:14331:8423;size=9	RH.27578A9A85FA4A3Z0Z_F	100.000	24	0	4.65e-09	48.1
M03520:605:000000000-LVNKY:1:1101:14331:8423;size=9	RH.27578A9A85FA4A3Z0Z_R	100.000	22	0	7.27e-08	44.1
M03520:605:000000000-LVNKY:1:1101:14690:24190;size=9	RH.6572108A164E48EZ0Z_R	100.000	25	0	1.18e-09	50.1
M03520:605:000000000-LVNKY:1:1101:14690:24190;size=9	RH.6572108A164E48EZ0Z_F	100.000	24	0	4.65e-09	48.1
M03520:605:000000000-LVNKY:1:1101:15336:25318;size=9	RH.2A8AD21024974C0Z0Z_F	100.000	26	0	2.98e-10	52.0
M03520:605:000000000-LVNKY:1:1101:15336:25318;size=9	RH.2A8AD21024974C0Z0Z_R	100.000	25	0	1.18e-09	50.1
M03520:605:000000000-LVNKY:1:1101:15389:24738;size=9	RH.85A5303CAAF54ADZ0Z_R	100.000	22	0	7.27e-08	44.1
M03520:605:000000000-LVNKY:1:1101:15389:24738;size=9	RH.85A5303CAAF54ADZ0Z_F	100.000	21	0	2.87e-07	42.1
M03520:605:000000000-LVNKY:1:1101:15405:10340;size=9	RH.0BD19D1A26A74EBZ0Z_F	100.000	25	0	1.18e-09	50.1
M03520:605:000000000-LVNKY:1:1101:15497:25816;size=9	RH.DDB83AFF97C94C6Z0Z_R	100.000	25	0	1.18e-09	50.1
M03520:605:000000000-LVNKY:1:1101:15497:25816;size=9	RH.DDB83AFF97C94C6Z0Z_F	100.000	24	0	4.65e-09	48.1
M03520:605:000000000-LVNKY:1:1101:15581:25311;size=9	RH.51338FA06EDB4F0Z0Z_R	100.000	25	0	1.18e-09	50.1
M03520:605:000000000-LVNKY:1:1101:15581:25311;size=9	RH.51338FA06EDB4F0Z0Z_F	96.000	25	1	2.87e-07	42.1
M03520:605:000000000-LVNKY:1:1101:15662:13044;size=9	RH.2AFFFBA0E81C482Z0Z_R	100.000	23	0	1.84e-08	46.1
M03520:605:000000000-LVNKY:1:1101:15662:13044;size=9	RH.2AFFFBA0E81C482Z0Z_F	100.000	23	0	1.84e-08	46.1
M03520:605:000000000-LVNKY:1:1101:15986:5291;size=9	RH.1CC74B91718A42FZ0Z_R	100.000	25	0	1.18e-09	50.1
M03520:605:000000000-LVNKY:1:1101:15986:5291;size=9	RH.1CC74B91718A42FZ0Z_F	100.000	24	0	4.65e-09	48.1
M03520:605:000000000-LVNKY:1:1101:16050:7528;size=9	RH.0096A141894D447Z0Z_F	100.000	24	0	4.65e-09	48.1
M03520:605:000000000-LVNKY:1:1101:16050:7528;size=9	RH.0096A141894D447Z0Z_R	100.000	21	0	2.87e-07	42.1
M03520:605:000000000-LVNKY:1:1101:16358:7409;size=9	RH.B9EF730EBE6C436Z0Z_R	100.000	25	0	1.18e-09	50.1
M03520:605:000000000-LVNKY:1:1101:16479:7159;size=9	RH.27578A9A85FA4A3Z0Z_F	100.000	24	0	4.65e-09	48.1
M03520:605:000000000-LVNKY:1:1101:16479:7159;size=9	RH.27578A9A85FA4A3Z0Z_R	100.000	22	0	7.27e-08	44.1
M03520:605:000000000-LVNKY:1:1101:16776:6729;size=9	RH.CA1E204B0C0842DZ0Z_F	100.000	26	0	2.98e-10	52.0
M03520:605:000000000-LVNKY:1:1101:16776:6729;size=9	RH.CA1E204B0C0842DZ0Z_R	100.000	24	0	4.65e-09	48.1
M03520:605:000000000-LVNKY:1:1101:17515:22080;size=9	RH.0096A141894D447Z0Z_F	100.000	24	0	4.65e-09	48.1
M03520:605:000000000-LVNKY:1:1101:17515:22080;size=9	RH.0096A141894D447Z0Z_R	100.000	21	0	2.87e-07	42.1
M03520:605:000000000-LVNKY:1:1101:19110:8973;size=9	RH.0096A141894D447Z0Z_R	100.000	21	0	2.87e-07	42.1
M03520:605:000000000-LVNKY:1:1101:19110:8973;size=9	RH.0096A141894D447Z0Z_F	95.833	24	1	1.13e-06	40.1
M03520:605:000000000-LVNKY:1:1101:19765:5119;size=9	RH.B9EF730EBE6C436Z0Z_R	100.000	25	0	1.18e-09	50.1
M03520:605:000000000-LVNKY:1:1101:19968:5349;size=9	RH.E04EE94198274F7Z0Z_F	100.000	25	0	1.18e-09	50.1
M03520:605:000000000-LVNKY:1:1101:21042:8360;size=9	RH.51338FA06EDB4F0Z0Z_F	100.000	25	0	1.18e-09	50.1
M03520:605:000000000-LVNKY:1:1101:21042:8360;size=9	RH.51338FA06EDB4F0Z0Z_R	100.000	25	0	1.18e-09	50.1
M03520:605:000000000-LVNKY:1:1101:21383:6399;size=9	RH.DDB83AFF97C94C6Z0Z_F	100.000	24	0	4.65e-09	48.1
M03520:605:000000000-LVNKY:1:1101:21383:6399;size=9	RH.DDB83AFF97C94C6Z0Z_R	96.000	25	1	2.87e-07	42.1
M03520:605:000000000-LVNKY:1:1101:21603:6661;size=9	RH.0550AF0F57084ADZ0Z_R	100.000	22	0	7.27e-08	44.1
M03520:605:000000000-LVNKY:1:1101:21603:6661;size=9	RH.0550AF0F57084ADZ0Z_F	100.000	22	0	7.27e-08	44.1
M03520:605:000000000-LVNKY:1:1101:22010:24190;size=9	RH.27578A9A85FA4A3Z0Z_F	100.000	24	0	4.65e-09	48.1
M03520:605:000000000-LVNKY:1:1101:22010:24190;size=9	RH.27578A9A85FA4A3Z0Z_R	100.000	22	0	7.27e-08	44.1
M03520:605:000000000-LVNKY:1:1101:22428:4766;size=9	RH.7CE39E25906745AZ0Z_F	100.000	25	0	1.18e-09	50.1
M03520:605:000000000-LVNKY:1:1101:22428:4766;size=9	RH.7CE39E25906745AZ0Z_R	96.154	26	1	7.27e-08	44.1
M03520:605:000000000-LVNKY:1:1101:2248:13678;size=9	RH.7CE39E25906745AZ0Z_F	100.000	25	0	1.18e-09	50.1
M03520:605:000000000-LVNKY:1:1101:2248:13678;size=9	RH.7CE39E25906745AZ0Z_R	96.154	26	1	7.27e-08	44.1
M03520:605:000000000-LVNKY:1:1101:22637:20490;size=9	RH.0BD19D1A26A74EBZ0Z_R	100.000	24	0	4.65e-09	48.1
M03520:605:000000000-LVNKY:1:1101:22986:24381;size=9	RH.DDB83AFF97C94C6Z0Z_R	100.000	25	0	1.18e-09	50.1
M03520:605:000000000-LVNKY:1:1101:22986:24381;size=9	RH.DDB83AFF97C94C6Z0Z_F	95.833	24	1	1.13e-06	40.1
M03520:605:000000000-LVNKY:1:1101:23471:13372;size=9	RH.B9EF730EBE6C436Z0Z_R	100.000	25	0	1.18e-09	50.1
M03520:605:000000000-LVNKY:1:1101:23471:13372;size=9	RH.B9EF730EBE6C436Z0Z_F	96.000	25	1	2.87e-07	42.1
M03520:605:000000000-LVNKY:1:1101:24525:9767;size=9	RH.85A5303CAAF54ADZ0Z_R	100.000	22	0	7.27e-08	44.1
M03520:605:000000000-LVNKY:1:1101:24525:9767;size=9	RH.85A5303CAAF54ADZ0Z_F	100.000	21	0	2.87e-07	42.1
M03520:605:000000000-LVNKY:1:1101:25012:24925;size=9	RH.69CEA0AC39F4445Z0Z_F	100.000	24	0	4.65e-09	48.1
M03520:605:000000000-LVNKY:1:1101:25012:24925;size=9	RH.69CEA0AC39F4445Z0Z_R	100.000	23	0	1.84e-08	46.1
M03520:605:000000000-LVNKY:1:1101:26038:6883;size=9	RH.8B25A056ABC1444Z0Z_R	100.000	24	0	4.65e-09	48.1
M03520:605:000000000-LVNKY:1:1101:26038:6883;size=9	RH.8B25A056ABC1444Z0Z_F	100.000	22	0	7.27e-08	44.1
M03520:605:000000000-LVNKY:1:1101:26039:9481;size=9	RH.85A5303CAAF54ADZ0Z_R	100.000	22	0	7.27e-08	44.1
M03520:605:000000000-LVNKY:1:1101:26039:9481;size=9	RH.2091F326F74640CZ0Z_F	100.000	19	0	4.48e-06	38.2
M03520:605:000000000-LVNKY:1:1101:26458:18473;size=9	RH.7CE39E25906745AZ0Z_R	100.000	26	0	2.98e-10	52.0
M03520:605:000000000-LVNKY:1:1101:26458:18473;size=9	RH.7CE39E25906745AZ0Z_F	100.000	25	0	1.18e-09	50.1
M03520:605:000000000-LVNKY:1:1101:3949:8095;size=9	RH.A2C9012430E34ADZ0Z_R	100.000	24	0	4.65e-09	48.1
M03520:605:000000000-LVNKY:1:1101:3949:8095;size=9	RH.A2C9012430E34ADZ0Z_F	100.000	24	0	4.65e-09	48.1
M03520:605:000000000-LVNKY:1:1101:4167:12350;size=9	RH.0550AF0F57084ADZ0Z_F	100.000	24	0	4.65e-09	48.1
M03520:605:000000000-LVNKY:1:1101:4167:12350;size=9	RH.0550AF0F57084ADZ0Z_R	100.000	22	0	7.27e-08	44.1
M03520:605:000000000-LVNKY:1:1101:4309:21615;size=9	RH.0BD19D1A26A74EBZ0Z_F	100.000	25	0	1.18e-09	50.1
M03520:605:000000000-LVNKY:1:1101:4309:21615;size=9	RH.0BD19D1A26A74EBZ0Z_R	100.000	24	0	4.65e-09	48.1
M03520:605:000000000-LVNKY:1:1101:4440:19981;size=9	RH.0BD19D1A26A74EBZ0Z_R	100.000	24	0	4.65e-09	48.1
M03520:605:000000000-LVNKY:1:1101:4440:19981;size=9	RH.0BD19D1A26A74EBZ0Z_F	100.000	22	0	7.27e-08	44.1
M03520:605:000000000-LVNKY:1:1101:5374:21283;size=9	RH.0BD19D1A26A74EBZ0Z_F	100.000	25	0	1.18e-09	50.1
M03520:605:000000000-LVNKY:1:1101:5374:21283;size=9	RH.0BD19D1A26A74EBZ0Z_R	100.000	24	0	4.65e-09	48.1
M03520:605:000000000-LVNKY:1:1101:5397:23674;size=9	RH.27578A9A85FA4A3Z0Z_F	100.000	24	0	4.65e-09	48.1
M03520:605:000000000-LVNKY:1:1101:5746:5853;size=9	RH.2A8AD21024974C0Z0Z_F	100.000	26	0	2.98e-10	52.0
M03520:605:000000000-LVNKY:1:1101:5746:5853;size=9	RH.2A8AD21024974C0Z0Z_R	100.000	25	0	1.18e-09	50.1
M03520:605:000000000-LVNKY:1:1101:6693:20157;size=9	RH.0BD19D1A26A74EBZ0Z_F	100.000	25	0	1.18e-09	50.1
M03520:605:000000000-LVNKY:1:1101:6693:20157;size=9	RH.0BD19D1A26A74EBZ0Z_R	100.000	24	0	4.65e-09	48.1
M03520:605:000000000-LVNKY:1:1101:7107:17122;size=9	RH.B9EF730EBE6C436Z0Z_F	100.000	25	0	1.18e-09	50.1
M03520:605:000000000-LVNKY:1:1101:7107:17122;size=9	RH.B9EF730EBE6C436Z0Z_R	96.000	25	1	2.87e-07	42.1
M03520:605:000000000-LVNKY:1:1101:7258:11595;size=9	RH.0096A141894D447Z0Z_F	100.000	24	0	4.65e-09	48.1
M03520:605:000000000-LVNKY:1:1101:7859:21535;size=9	RH.DDB83AFF97C94C6Z0Z_R	100.000	25	0	1.18e-09	50.1
M03520:605:000000000-LVNKY:1:1101:7859:21535;size=9	RH.DDB83AFF97C94C6Z0Z_F	100.000	24	0	4.65e-09	48.1
M03520:605:000000000-LVNKY:1:1101:8247:27009;size=9	RH.1CC74B91718A42FZ0Z_R	100.000	25	0	1.18e-09	50.1
M03520:605:000000000-LVNKY:1:1101:8247:27009;size=9	RH.1CC74B91718A42FZ0Z_F	100.000	24	0	4.65e-09	48.1
M03520:605:000000000-LVNKY:1:1101:9394:16491;size=9	RH.DDB83AFF97C94C6Z0Z_F	100.000	24	0	4.65e-09	48.1
M03520:605:000000000-LVNKY:1:1101:9394:16491;size=9	RH.DDB83AFF97C94C6Z0Z_R	96.000	25	1	2.87e-07	42.1
M03520:605:000000000-LVNKY:1:1102:10845:5650;size=9	RH.7CE39E25906745AZ0Z_F	100.000	25	0	1.18e-09	50.1
M03520:605:000000000-LVNKY:1:1102:10845:5650;size=9	RH.7CE39E25906745AZ0Z_R	100.000	23	0	1.84e-08	46.1
M03520:605:000000000-LVNKY:1:1102:10993:24332;size=9	RH.DDB83AFF97C94C6Z0Z_F	100.000	24	0	4.65e-09	48.1
M03520:605:000000000-LVNKY:1:1102:10993:24332;size=9	RH.DDB83AFF97C94C6Z0Z_R	100.000	23	0	1.84e-08	46.1
M03520:605:000000000-LVNKY:1:1102:11447:2594;size=9	RH.7CE39E25906745AZ0Z_R	100.000	26	0	2.98e-10	52.0
M03520:605:000000000-LVNKY:1:1102:11447:2594;size=9	RH.7CE39E25906745AZ0Z_F	100.000	25	0	1.18e-09	50.1
M03520:605:000000000-LVNKY:1:1102:12250:13314;size=9	RH.0BD19D1A26A74EBZ0Z_F	100.000	25	0	1.18e-09	50.1
M03520:605:000000000-LVNKY:1:1102:12250:13314;size=9	RH.0BD19D1A26A74EBZ0Z_R	100.000	24	0	4.65e-09	48.1
M03520:605:000000000-LVNKY:1:1102:13193:26361;size=9	RH.0550AF0F57084ADZ0Z_F	100.000	24	0	4.65e-09	48.1
M03520:605:000000000-LVNKY:1:1102:13193:26361;size=9	RH.0550AF0F57084ADZ0Z_R	100.000	22	0	7.27e-08	44.1
M03520:605:000000000-LVNKY:1:1102:13529:2314;size=9	RH.7CE39E25906745AZ0Z_R	100.000	26	0	2.98e-10	52.0
M03520:605:000000000-LVNKY:1:1102:13529:2314;size=9	RH.7CE39E25906745AZ0Z_F	100.000	25	0	1.18e-09	50.1
M03520:605:000000000-LVNKY:1:1102:13755:23245;size=9	RH.DDB83AFF97C94C6Z0Z_R	100.000	25	0	1.18e-09	50.1
M03520:605:000000000-LVNKY:1:1102:13755:23245;size=9	RH.DDB83AFF97C94C6Z0Z_F	100.000	24	0	4.65e-09	48.1
M03520:605:000000000-LVNKY:1:1102:13980:2042;size=9	RH.DDB83AFF97C94C6Z0Z_F	100.000	24	0	4.65e-09	48.1
M03520:605:000000000-LVNKY:1:1102:13980:2042;size=9	RH.DDB83AFF97C94C6Z0Z_R	96.000	25	1	2.87e-07	42.1
M03520:605:000000000-LVNKY:1:1102:14121:15952;size=9	RH.DE543226C201437Z0Z_R	100.000	20	0	1.13e-06	40.1
M03520:605:000000000-LVNKY:1:1102:14121:15952;size=9	RH.51338FA06EDB4F0Z0Z_R	95.652	23	1	4.48e-06	38.2
M03520:605:000000000-LVNKY:1:1102:14408:10531;size=9	RH.0550AF0F57084ADZ0Z_F	100.000	24	0	4.65e-09	48.1
M03520:605:000000000-LVNKY:1:1102:14986:26556;size=9	RH.DDB83AFF97C94C6Z0Z_R	100.000	25	0	1.18e-09	50.1
M03520:605:000000000-LVNKY:1:1102:14986:26556;size=9	RH.DDB83AFF97C94C6Z0Z_F	100.000	24	0	4.65e-09	48.1
M03520:605:000000000-LVNKY:1:1102:15980:5866;size=9	RH.DDB83AFF97C94C6Z0Z_F	100.000	24	0	4.65e-09	48.1
M03520:605:000000000-LVNKY:1:1102:15980:5866;size=9	RH.DDB83AFF97C94C6Z0Z_R	100.000	23	0	1.84e-08	46.1
M03520:605:000000000-LVNKY:1:1102:16142:10614;size=9	RH.0096A141894D447Z0Z_R	100.000	21	0	2.87e-07	42.1
M03520:605:000000000-LVNKY:1:1102:16142:10614;size=9	RH.0096A141894D447Z0Z_F	95.833	24	1	1.13e-06	40.1
M03520:605:000000000-LVNKY:1:1102:16859:3294;size=9	RH.B9EF730EBE6C436Z0Z_R	100.000	25	0	1.18e-09	50.1
M03520:605:000000000-LVNKY:1:1102:16859:3294;size=9	RH.B9EF730EBE6C436Z0Z_F	96.000	25	1	2.87e-07	42.1
M03520:605:000000000-LVNKY:1:1102:16982:26898;size=9	RH.0096A141894D447Z0Z_F	100.000	24	0	4.65e-09	48.1
M03520:605:000000000-LVNKY:1:1102:16982:26898;size=9	RH.0096A141894D447Z0Z_R	100.000	21	0	2.87e-07	42.1
M03520:605:000000000-LVNKY:1:1102:17036:13541;size=9	RH.B9EF730EBE6C436Z0Z_F	100.000	25	0	1.18e-09	50.1
M03520:605:000000000-LVNKY:1:1102:17187:25332;size=9	RH.DDB83AFF97C94C6Z0Z_R	100.000	24	0	4.65e-09	48.1
M03520:605:000000000-LVNKY:1:1102:17187:25332;size=9	RH.DDB83AFF97C94C6Z0Z_F	100.000	24	0	4.65e-09	48.1
M03520:605:000000000-LVNKY:1:1102:18163:16442;size=9	RH.1CC74B91718A42FZ0Z_R	100.000	25	0	1.18e-09	50.1
M03520:605:000000000-LVNKY:1:1102:18163:16442;size=9	RH.1CC74B91718A42FZ0Z_F	100.000	24	0	4.65e-09	48.1
M03520:605:000000000-LVNKY:1:1102:18726:21346;size=9	RH.CA1E204B0C0842DZ0Z_F	100.000	26	0	2.98e-10	52.0
M03520:605:000000000-LVNKY:1:1102:18726:21346;size=9	RH.CA1E204B0C0842DZ0Z_R	100.000	24	0	4.65e-09	48.1
M03520:605:000000000-LVNKY:1:1102:18881:6920;size=9	RH.DDB83AFF97C94C6Z0Z_F	100.000	24	0	4.65e-09	48.1
M03520:605:000000000-LVNKY:1:1102:18881:6920;size=9	RH.DDB83AFF97C94C6Z0Z_R	96.000	25	1	2.87e-07	42.1
M03520:605:000000000-LVNKY:1:1102:19496:21178;size=9	RH.B9EF730EBE6C436Z0Z_R	100.000	25	0	1.18e-09	50.1
M03520:605:000000000-LVNKY:1:1102:19496:21178;size=9	RH.B9EF730EBE6C436Z0Z_F	100.000	25	0	1.18e-09	50.1
M03520:605:000000000-LVNKY:1:1102:20189:5889;size=9	RH.2A8AD21024974C0Z0Z_F	100.000	26	0	2.98e-10	52.0
M03520:605:000000000-LVNKY:1:1102:20189:5889;size=9	RH.2A8AD21024974C0Z0Z_R	100.000	25	0	1.18e-09	50.1
M03520:605:000000000-LVNKY:1:1102:21418:7555;size=9	RH.DDB83AFF97C94C6Z0Z_R	100.000	25	0	1.18e-09	50.1
M03520:605:000000000-LVNKY:1:1102:21418:7555;size=9	RH.8B25A056ABC1444Z0Z_F	100.000	22	0	7.27e-08	44.1
M03520:605:000000000-LVNKY:1:1102:22852:11656;size=9	RH.85A5303CAAF54ADZ0Z_F	100.000	21	0	2.87e-07	42.1
M03520:605:000000000-LVNKY:1:1102:22852:11656;size=9	RH.85A5303CAAF54ADZ0Z_R	100.000	19	0	4.48e-06	38.2
M03520:605:000000000-LVNKY:1:1102:23096:4976;size=9	RH.6572108A164E48EZ0Z_R	100.000	25	0	1.18e-09	50.1
M03520:605:000000000-LVNKY:1:1102:23096:4976;size=9	RH.6572108A164E48EZ0Z_F	100.000	24	0	4.65e-09	48.1
M03520:605:000000000-LVNKY:1:1102:25202:19141;size=9	RH.69CEA0AC39F4445Z0Z_F	100.000	24	0	4.65e-09	48.1
M03520:605:000000000-LVNKY:1:1102:25202:19141;size=9	RH.69CEA0AC39F4445Z0Z_R	100.000	23	0	1.84e-08	46.1
M03520:605:000000000-LVNKY:1:1102:27540:14022;size=9	RH.2A8AD21024974C0Z0Z_R	100.000	25	0	1.18e-09	50.1
M03520:605:000000000-LVNKY:1:1102:27540:14022;size=9	RH.2A8AD21024974C0Z0Z_F	96.154	26	1	7.27e-08	44.1
M03520:605:000000000-LVNKY:1:1102:3158:10165;size=9	RH.8B25A056ABC1444Z0Z_R	100.000	24	0	4.65e-09	48.1
M03520:605:000000000-LVNKY:1:1102:3158:10165;size=9	RH.8B25A056ABC1444Z0Z_F	100.000	22	0	7.27e-08	44.1
M03520:605:000000000-LVNKY:1:1102:4657:15693;size=9	RH.8B25A056ABC1444Z0Z_R	100.000	24	0	4.65e-09	48.1
M03520:605:000000000-LVNKY:1:1102:4657:15693;size=9	RH.8B25A056ABC1444Z0Z_F	100.000	22	0	7.27e-08	44.1
M03520:605:000000000-LVNKY:1:1102:7801:20096;size=9	RH.7CE39E25906745AZ0Z_R	100.000	26	0	2.98e-10	52.0
M03520:605:000000000-LVNKY:1:1102:7801:20096;size=9	RH.7CE39E25906745AZ0Z_F	96.000	25	1	2.87e-07	42.1
M03520:605:000000000-LVNKY:1:1102:8221:25948;size=9	RH.2091F326F74640CZ0Z_F	100.000	24	0	4.65e-09	48.1
M03520:605:000000000-LVNKY:1:1102:9263:21786;size=9	RH.27578A9A85FA4A3Z0Z_F	100.000	24	0	4.65e-09	48.1
M03520:605:000000000-LVNKY:1:1102:9263:21786;size=9	RH.27578A9A85FA4A3Z0Z_R	100.000	22	0	7.27e-08	44.1
M03520:605:000000000-LVNKY:1:1102:9472:24698;size=9	RH.E04EE94198274F7Z0Z_F	100.000	25	0	1.18e-09	50.1
M03520:605:000000000-LVNKY:1:1102:9472:24698;size=9	RH.E04EE94198274F7Z0Z_R	95.833	24	1	1.13e-06	40.1
M03520:605:000000000-LVNKY:1:1102:9550:23751;size=9	RH.E04EE94198274F7Z0Z_F	96.000	25	1	2.87e-07	42.1
M03520:605:000000000-LVNKY:1:1102:9550:23751;size=9	RH.E04EE94198274F7Z0Z_R	95.833	24	1	1.13e-06	40.1
M03520:605:000000000-LVNKY:1:1103:10662:3398;size=9	RH.DDB83AFF97C94C6Z0Z_R	100.000	25	0	1.18e-09	50.1
M03520:605:000000000-LVNKY:1:1103:10662:3398;size=9	RH.DDB83AFF97C94C6Z0Z_F	100.000	24	0	4.65e-09	48.1
M03520:605:000000000-LVNKY:1:1103:10755:11716;size=9	RH.0096A141894D447Z0Z_F	100.000	24	0	4.65e-09	48.1
M03520:605:000000000-LVNKY:1:1103:11652:21763;size=9	RH.0096A141894D447Z0Z_F	100.000	24	0	4.65e-09	48.1
M03520:605:000000000-LVNKY:1:1103:11780:11836;size=9	RH.1CC74B91718A42FZ0Z_R	100.000	25	0	1.18e-09	50.1
M03520:605:000000000-LVNKY:1:1103:11780:11836;size=9	RH.1CC74B91718A42FZ0Z_F	100.000	24	0	4.65e-09	48.1
M03520:605:000000000-LVNKY:1:1103:13396:23439;size=9	RH.0550AF0F57084ADZ0Z_F	100.000	24	0	4.65e-09	48.1
M03520:605:000000000-LVNKY:1:1103:14072:18953;size=9	RH.E04EE94198274F7Z0Z_F	100.000	25	0	1.18e-09	50.1
M03520:605:000000000-LVNKY:1:1103:14072:18953;size=9	RH.E04EE94198274F7Z0Z_R	95.833	24	1	1.13e-06	40.1
M03520:605:000000000-LVNKY:1:1103:14145:26741;size=9	RH.2A8AD21024974C0Z0Z_F	100.000	26	0	2.98e-10	52.0
M03520:605:000000000-LVNKY:1:1103:14145:26741;size=9	RH.2A8AD21024974C0Z0Z_R	100.000	24	0	4.65e-09	48.1
M03520:605:000000000-LVNKY:1:1103:14712:6395;size=9	RH.CF953F27F5674E1Z0Z_F	100.000	26	0	2.98e-10	52.0
M03520:605:000000000-LVNKY:1:1103:14712:6395;size=9	RH.CF953F27F5674E1Z0Z_R	100.000	25	0	1.18e-09	50.1
M03520:605:000000000-LVNKY:1:1103:15589:24481;size=9	RH.0550AF0F57084ADZ0Z_R	100.000	22	0	7.27e-08	44.1
M03520:605:000000000-LVNKY:1:1103:15589:24481;size=9	RH.0550AF0F57084ADZ0Z_F	95.833	24	1	1.13e-06	40.1
M03520:605:000000000-LVNKY:1:1103:16240:19459;size=9	RH.1CC74B91718A42FZ0Z_R	100.000	25	0	1.18e-09	50.1
M03520:605:000000000-LVNKY:1:1103:16240:19459;size=9	RH.1CC74B91718A42FZ0Z_F	100.000	24	0	4.65e-09	48.1
M03520:605:000000000-LVNKY:1:1103:16515:28215;size=9	RH.1CC74B91718A42FZ0Z_F	100.000	24	0	4.65e-09	48.1
M03520:605:000000000-LVNKY:1:1103:16515:28215;size=9	RH.1CC74B91718A42FZ0Z_R	100.000	22	0	7.27e-08	44.1
M03520:605:000000000-LVNKY:1:1103:17705:26055;size=9	RH.2A8AD21024974C0Z0Z_F	100.000	26	0	2.98e-10	52.0
M03520:605:000000000-LVNKY:1:1103:17705:26055;size=9	RH.2A8AD21024974C0Z0Z_R	100.000	25	0	1.18e-09	50.1
M03520:605:000000000-LVNKY:1:1103:17925:9213;size=9	RH.85A5303CAAF54ADZ0Z_R	100.000	22	0	7.27e-08	44.1
M03520:605:000000000-LVNKY:1:1103:17925:9213;size=9	RH.85A5303CAAF54ADZ0Z_F	100.000	21	0	2.87e-07	42.1
M03520:605:000000000-LVNKY:1:1103:17937:11303;size=9	RH.51338FA06EDB4F0Z0Z_F	100.000	25	0	1.18e-09	50.1
M03520:605:000000000-LVNKY:1:1103:17937:11303;size=9	RH.51338FA06EDB4F0Z0Z_R	100.000	25	0	1.18e-09	50.1
M03520:605:000000000-LVNKY:1:1103:18346:16609;size=9	RH.85A5303CAAF54ADZ0Z_R	100.000	22	0	7.27e-08	44.1
M03520:605:000000000-LVNKY:1:1103:18346:16609;size=9	RH.85A5303CAAF54ADZ0Z_F	100.000	21	0	2.87e-07	42.1
M03520:605:000000000-LVNKY:1:1103:19042:13066;size=9	RH.2091F326F74640CZ0Z_F	100.000	22	0	7.27e-08	44.1
M03520:605:000000000-LVNKY:1:1103:20600:11341;size=9	RH.85A5303CAAF54ADZ0Z_R	100.000	22	0	7.27e-08	44.1
M03520:605:000000000-LVNKY:1:1103:20600:11341;size=9	RH.85A5303CAAF54ADZ0Z_F	100.000	21	0	2.87e-07	42.1
M03520:605:000000000-LVNKY:1:1103:20698:3321;size=9	RH.8B25A056ABC1444Z0Z_R	100.000	24	0	4.65e-09	48.1
M03520:605:000000000-LVNKY:1:1103:20698:3321;size=9	RH.8B25A056ABC1444Z0Z_F	100.000	22	0	7.27e-08	44.1
M03520:605:000000000-LVNKY:1:1103:21380:18434;size=9	RH.CA1E204B0C0842DZ0Z_F	100.000	26	0	2.98e-10	52.0
M03520:605:000000000-LVNKY:1:1103:21380:18434;size=9	RH.CA1E204B0C0842DZ0Z_R	100.000	24	0	4.65e-09	48.1
M03520:605:000000000-LVNKY:1:1103:22807:8007;size=9	RH.E04EE94198274F7Z0Z_F	96.000	25	1	2.87e-07	42.1
M03520:605:000000000-LVNKY:1:1103:22807:8007;size=9	RH.E04EE94198274F7Z0Z_R	95.833	24	1	1.13e-06	40.1
M03520:605:000000000-LVNKY:1:1103:24941:12094;size=9	RH.8B25A056ABC1444Z0Z_R	100.000	24	0	4.65e-09	48.1
M03520:605:000000000-LVNKY:1:1103:24941:12094;size=9	RH.8B25A056ABC1444Z0Z_F	100.000	22	0	7.27e-08	44.1
M03520:605:000000000-LVNKY:1:1103:2681:19838;size=9	RH.27578A9A85FA4A3Z0Z_F	100.000	24	0	4.65e-09	48.1
M03520:605:000000000-LVNKY:1:1103:2681:19838;size=9	RH.27578A9A85FA4A3Z0Z_R	100.000	22	0	7.27e-08	44.1
M03520:605:000000000-LVNKY:1:1103:26874:21586;size=9	RH.2A8AD21024974C0Z0Z_F	100.000	26	0	2.98e-10	52.0
M03520:605:000000000-LVNKY:1:1103:26874:21586;size=9	RH.2A8AD21024974C0Z0Z_R	100.000	25	0	1.18e-09	50.1
M03520:605:000000000-LVNKY:1:1103:27599:19882;size=9	RH.DDB83AFF97C94C6Z0Z_F	100.000	24	0	4.65e-09	48.1
M03520:605:000000000-LVNKY:1:1103:27599:19882;size=9	RH.DDB83AFF97C94C6Z0Z_R	96.000	25	1	2.87e-07	42.1
M03520:605:000000000-LVNKY:1:1103:28321:15660;size=9	RH.1CC74B91718A42FZ0Z_R	100.000	25	0	1.18e-09	50.1
M03520:605:000000000-LVNKY:1:1103:28321:15660;size=9	RH.1CC74B91718A42FZ0Z_F	100.000	23	0	1.84e-08	46.1
M03520:605:000000000-LVNKY:1:1103:3558:16466;size=9	RH.DDB83AFF97C94C6Z0Z_R	100.000	25	0	1.18e-09	50.1
M03520:605:000000000-LVNKY:1:1103:3558:16466;size=9	RH.DDB83AFF97C94C6Z0Z_F	100.000	24	0	4.65e-09	48.1
M03520:605:000000000-LVNKY:1:1103:7273:6960;size=9	RH.2A8AD21024974C0Z0Z_F	100.000	26	0	2.98e-10	52.0
M03520:605:000000000-LVNKY:1:1103:7273:6960;size=9	RH.2A8AD21024974C0Z0Z_R	100.000	25	0	1.18e-09	50.1
M03520:605:000000000-LVNKY:1:1103:7985:18507;size=9	RH.7CE39E25906745AZ0Z_R	100.000	26	0	2.98e-10	52.0
M03520:605:000000000-LVNKY:1:1103:7985:18507;size=9	RH.7CE39E25906745AZ0Z_F	100.000	25	0	1.18e-09	50.1
M03520:605:000000000-LVNKY:1:1103:8841:16616;size=9	RH.DDB83AFF97C94C6Z0Z_R	100.000	25	0	1.18e-09	50.1
M03520:605:000000000-LVNKY:1:1103:8841:16616;size=9	RH.DDB83AFF97C94C6Z0Z_F	100.000	24	0	4.65e-09	48.1
M03520:605:000000000-LVNKY:1:1103:8879:12993;size=9	RH.69CEA0AC39F4445Z0Z_F	100.000	24	0	4.65e-09	48.1
M03520:605:000000000-LVNKY:1:1103:8879:12993;size=9	RH.2EA209621B43487Z0Z_R	100.000	19	0	4.48e-06	38.2
M03520:605:000000000-LVNKY:1:1104:10596:13727;size=9	RH.0096A141894D447Z0Z_F	100.000	24	0	4.65e-09	48.1
M03520:605:000000000-LVNKY:1:1104:10596:13727;size=9	RH.0096A141894D447Z0Z_R	100.000	21	0	2.87e-07	42.1
M03520:605:000000000-LVNKY:1:1104:10981:9992;size=9	RH.27578A9A85FA4A3Z0Z_F	100.000	24	0	4.65e-09	48.1
M03520:605:000000000-LVNKY:1:1104:10981:9992;size=9	RH.27578A9A85FA4A3Z0Z_R	100.000	22	0	7.27e-08	44.1
M03520:605:000000000-LVNKY:1:1104:11979:23234;size=9	RH.2A8AD21024974C0Z0Z_F	100.000	26	0	2.98e-10	52.0
M03520:605:000000000-LVNKY:1:1104:11979:23234;size=9	RH.2A8AD21024974C0Z0Z_R	100.000	25	0	1.18e-09	50.1
M03520:605:000000000-LVNKY:1:1104:12656:2491;size=9	RH.1CC74B91718A42FZ0Z_R	100.000	25	0	1.18e-09	50.1
M03520:605:000000000-LVNKY:1:1104:12656:2491;size=9	RH.1CC74B91718A42FZ0Z_F	95.833	24	1	1.13e-06	40.1
M03520:605:000000000-LVNKY:1:1104:12931:1755;size=9	RH.CA1E204B0C0842DZ0Z_F	100.000	26	0	2.98e-10	52.0
M03520:605:000000000-LVNKY:1:1104:12931:1755;size=9	RH.CA1E204B0C0842DZ0Z_R	100.000	24	0	4.65e-09	48.1
M03520:605:000000000-LVNKY:1:1104:13075:16812;size=9	RH.0096A141894D447Z0Z_F	100.000	24	0	4.65e-09	48.1
M03520:605:000000000-LVNKY:1:1104:13075:16812;size=9	RH.0096A141894D447Z0Z_R	100.000	21	0	2.87e-07	42.1
M03520:605:000000000-LVNKY:1:1104:18067:13320;size=9	RH.85A5303CAAF54ADZ0Z_F	100.000	21	0	2.87e-07	42.1
M03520:605:000000000-LVNKY:1:1104:21997:17637;size=9	RH.7CE39E25906745AZ0Z_R	100.000	26	0	2.98e-10	52.0
M03520:605:000000000-LVNKY:1:1104:21997:17637;size=9	RH.7CE39E25906745AZ0Z_F	100.000	20	0	1.13e-06	40.1
M03520:605:000000000-LVNKY:1:1104:24045:21963;size=9	RH.27578A9A85FA4A3Z0Z_F	100.000	24	0	4.65e-09	48.1
M03520:605:000000000-LVNKY:1:1104:26709:17241;size=9	RH.DDB83AFF97C94C6Z0Z_R	100.000	25	0	1.18e-09	50.1
M03520:605:000000000-LVNKY:1:1104:26709:17241;size=9	RH.B653F449126B4A1Z0Z_F	100.000	20	0	1.13e-06	40.1
M03520:605:000000000-LVNKY:1:1104:26719:9163;size=9	RH.E04EE94198274F7Z0Z_F	100.000	25	0	1.18e-09	50.1
M03520:605:000000000-LVNKY:1:1104:26719:9163;size=9	RH.E04EE94198274F7Z0Z_R	95.833	24	1	1.13e-06	40.1
M03520:605:000000000-LVNKY:1:1104:27457:7745;size=9	RH.0096A141894D447Z0Z_F	100.000	23	0	1.84e-08	46.1
M03520:605:000000000-LVNKY:1:1104:27457:7745;size=9	RH.0096A141894D447Z0Z_R	100.000	21	0	2.87e-07	42.1
M03520:605:000000000-LVNKY:1:1104:27529:16364;size=9	RH.85A5303CAAF54ADZ0Z_R	100.000	22	0	7.27e-08	44.1
M03520:605:000000000-LVNKY:1:1104:27529:16364;size=9	RH.85A5303CAAF54ADZ0Z_F	100.000	21	0	2.87e-07	42.1
M03520:605:000000000-LVNKY:1:1104:27826:18770;size=9	RH.0096A141894D447Z0Z_F	100.000	24	0	4.65e-09	48.1
M03520:605:000000000-LVNKY:1:1104:27895:13241;size=9	RH.27578A9A85FA4A3Z0Z_R	100.000	22	0	7.27e-08	44.1
M03520:605:000000000-LVNKY:1:1104:27895:13241;size=9	RH.27578A9A85FA4A3Z0Z_F	100.000	20	0	1.13e-06	40.1
M03520:605:000000000-LVNKY:1:1104:3218:10852;size=9	RH.51338FA06EDB4F0Z0Z_F	100.000	23	0	1.84e-08	46.1
M03520:605:000000000-LVNKY:1:1104:3218:10852;size=9	RH.51338FA06EDB4F0Z0Z_R	95.652	23	1	4.48e-06	38.2
M03520:605:000000000-LVNKY:1:1104:4863:18392;size=9	RH.B9EF730EBE6C436Z0Z_R	100.000	25	0	1.18e-09	50.1
M03520:605:000000000-LVNKY:1:1104:4863:18392;size=9	RH.B9EF730EBE6C436Z0Z_F	100.000	23	0	1.84e-08	46.1
M03520:605:000000000-LVNKY:1:1104:6466:4899;size=9	RH.51338FA06EDB4F0Z0Z_F	100.000	25	0	1.18e-09	50.1
M03520:605:000000000-LVNKY:1:1104:6466:4899;size=9	RH.51338FA06EDB4F0Z0Z_R	100.000	25	0	1.18e-09	50.1
M03520:605:000000000-LVNKY:1:1104:7830:11929;size=9	RH.E04EE94198274F7Z0Z_F	100.000	25	0	1.18e-09	50.1
M03520:605:000000000-LVNKY:1:1104:7830:11929;size=9	RH.E04EE94198274F7Z0Z_R	95.652	23	1	4.48e-06	38.2
M03520:605:000000000-LVNKY:1:1104:7842:11989;size=9	RH.7CE39E25906745AZ0Z_R	100.000	26	0	2.98e-10	52.0
M03520:605:000000000-LVNKY:1:1104:7842:11989;size=9	RH.7CE39E25906745AZ0Z_F	100.000	23	0	1.84e-08	46.1
M03520:605:000000000-LVNKY:1:1104:8199:23634;size=9	RH.0096A141894D447Z0Z_F	100.000	24	0	4.65e-09	48.1
M03520:605:000000000-LVNKY:1:1104:8199:23634;size=9	RH.0096A141894D447Z0Z_R	100.000	21	0	2.87e-07	42.1
M03520:605:000000000-LVNKY:1:1104:8950:20824;size=9	RH.E04EE94198274F7Z0Z_F	96.000	25	1	2.87e-07	42.1
M03520:605:000000000-LVNKY:1:1104:8950:20824;size=9	RH.E04EE94198274F7Z0Z_R	95.833	24	1	1.13e-06	40.1
M03520:605:000000000-LVNKY:1:1104:9417:26042;size=9	RH.27578A9A85FA4A3Z0Z_F	100.000	24	0	4.65e-09	48.1
M03520:605:000000000-LVNKY:1:1104:9473:7662;size=9	RH.DDB83AFF97C94C6Z0Z_R	100.000	25	0	1.18e-09	50.1
M03520:605:000000000-LVNKY:1:1104:9473:7662;size=9	RH.DDB83AFF97C94C6Z0Z_F	100.000	24	0	4.65e-09	48.1
M03520:605:000000000-LVNKY:1:1105:10045:16510;size=9	RH.7CE39E25906745AZ0Z_R	100.000	26	0	2.98e-10	52.0
M03520:605:000000000-LVNKY:1:1105:10045:16510;size=9	RH.7CE39E25906745AZ0Z_F	96.000	25	1	2.87e-07	42.1
M03520:605:000000000-LVNKY:1:1105:10359:15181;size=9	RH.2AFFFBA0E81C482Z0Z_R	100.000	23	0	1.84e-08	46.1
M03520:605:000000000-LVNKY:1:1105:10359:15181;size=9	RH.2AFFFBA0E81C482Z0Z_F	100.000	23	0	1.84e-08	46.1
M03520:605:000000000-LVNKY:1:1105:10468:16560;size=9	RH.85A5303CAAF54ADZ0Z_R	100.000	22	0	7.27e-08	44.1
M03520:605:000000000-LVNKY:1:1105:10468:16560;size=9	RH.85A5303CAAF54ADZ0Z_F	100.000	21	0	2.87e-07	42.1
M03520:605:000000000-LVNKY:1:1105:10481:13104;size=9	RH.6572108A164E48EZ0Z_R	100.000	25	0	1.18e-09	50.1
M03520:605:000000000-LVNKY:1:1105:10481:13104;size=9	RH.6572108A164E48EZ0Z_F	100.000	24	0	4.65e-09	48.1
M03520:605:000000000-LVNKY:1:1105:10481:13104;size=9	RH.F7E3D42951B44CCZ0Z_R	100.000	19	0	4.48e-06	38.2
M03520:605:000000000-LVNKY:1:1105:10859:26307;size=9	RH.8B25A056ABC1444Z0Z_R	100.000	24	0	4.65e-09	48.1
M03520:605:000000000-LVNKY:1:1105:10859:26307;size=9	RH.8B25A056ABC1444Z0Z_F	100.000	22	0	7.27e-08	44.1
M03520:605:000000000-LVNKY:1:1105:11922:22652;size=9	RH.27578A9A85FA4A3Z0Z_F	100.000	24	0	4.65e-09	48.1
M03520:605:000000000-LVNKY:1:1105:11922:22652;size=9	RH.27578A9A85FA4A3Z0Z_R	100.000	22	0	7.27e-08	44.1
M03520:605:000000000-LVNKY:1:1105:13395:7063;size=9	RH.7CE39E25906745AZ0Z_R	100.000	26	0	2.98e-10	52.0
M03520:605:000000000-LVNKY:1:1105:13395:7063;size=9	RH.7CE39E25906745AZ0Z_F	100.000	25	0	1.18e-09	50.1
M03520:605:000000000-LVNKY:1:1105:19954:3364;size=9	RH.7CE39E25906745AZ0Z_R	100.000	26	0	2.98e-10	52.0
M03520:605:000000000-LVNKY:1:1105:20182:2773;size=9	RH.DDB83AFF97C94C6Z0Z_R	100.000	25	0	1.18e-09	50.1
M03520:605:000000000-LVNKY:1:1105:20182:2773;size=9	RH.DDB83AFF97C94C6Z0Z_F	100.000	22	0	7.27e-08	44.1
M03520:605:000000000-LVNKY:1:1105:20339:20895;size=9	RH.85A5303CAAF54ADZ0Z_R	100.000	22	0	7.27e-08	44.1
M03520:605:000000000-LVNKY:1:1105:20339:20895;size=9	RH.85A5303CAAF54ADZ0Z_F	100.000	21	0	2.87e-07	42.1
M03520:605:000000000-LVNKY:1:1105:20692:26343;size=9	RH.85A5303CAAF54ADZ0Z_R	100.000	22	0	7.27e-08	44.1
M03520:605:000000000-LVNKY:1:1105:20692:26343;size=9	RH.85A5303CAAF54ADZ0Z_F	100.000	21	0	2.87e-07	42.1
M03520:605:000000000-LVNKY:1:1105:23221:6110;size=9	RH.7CE39E25906745AZ0Z_R	100.000	26	0	2.98e-10	52.0
M03520:605:000000000-LVNKY:1:1105:23221:6110;size=9	RH.7CE39E25906745AZ0Z_F	100.000	25	0	1.18e-09	50.1
M03520:605:000000000-LVNKY:1:1105:26548:13998;size=9	RH.69CEA0AC39F4445Z0Z_F	100.000	24	0	4.65e-09	48.1
M03520:605:000000000-LVNKY:1:1105:26548:13998;size=9	RH.69CEA0AC39F4445Z0Z_R	100.000	23	0	1.84e-08	46.1
M03520:605:000000000-LVNKY:1:1105:3165:10872;size=9	RH.8B25A056ABC1444Z0Z_F	100.000	22	0	7.27e-08	44.1
M03520:605:000000000-LVNKY:1:1105:3165:10872;size=9	RH.8B25A056ABC1444Z0Z_R	95.833	24	1	1.13e-06	40.1
M03520:605:000000000-LVNKY:1:1105:4081:16309;size=9	RH.1CC74B91718A42FZ0Z_F	100.000	24	0	4.65e-09	48.1
M03520:605:000000000-LVNKY:1:1105:4081:16309;size=9	RH.1CC74B91718A42FZ0Z_R	96.000	25	1	2.87e-07	42.1
M03520:605:000000000-LVNKY:1:1106:10070:8698;size=9	RH.7CE39E25906745AZ0Z_R	100.000	26	0	2.98e-10	52.0
M03520:605:000000000-LVNKY:1:1106:10070:8698;size=9	RH.7CE39E25906745AZ0Z_F	100.000	25	0	1.18e-09	50.1
M03520:605:000000000-LVNKY:1:1106:11061:16208;size=9	RH.DDB83AFF97C94C6Z0Z_R	100.000	25	0	1.18e-09	50.1
M03520:605:000000000-LVNKY:1:1106:11061:16208;size=9	RH.DDB83AFF97C94C6Z0Z_F	100.000	22	0	7.27e-08	44.1
M03520:605:000000000-LVNKY:1:1106:12302:11302;size=9	RH.2A8AD21024974C0Z0Z_R	100.000	25	0	1.18e-09	50.1
M03520:605:000000000-LVNKY:1:1106:12302:11302;size=9	RH.2A8AD21024974C0Z0Z_F	100.000	24	0	4.65e-09	48.1
M03520:605:000000000-LVNKY:1:1106:14509:7804;size=9	RH.51338FA06EDB4F0Z0Z_R	100.000	25	0	1.18e-09	50.1
M03520:605:000000000-LVNKY:1:1106:14509:7804;size=9	RH.51338FA06EDB4F0Z0Z_F	100.000	25	0	1.18e-09	50.1
M03520:605:000000000-LVNKY:1:1106:18317:26228;size=9	RH.CF953F27F5674E1Z0Z_F	100.000	26	0	2.98e-10	52.0
M03520:605:000000000-LVNKY:1:1106:18317:26228;size=9	RH.CF953F27F5674E1Z0Z_R	100.000	25	0	1.18e-09	50.1
M03520:605:000000000-LVNKY:1:1106:19822:24178;size=9	RH.2AFFFBA0E81C482Z0Z_R	100.000	23	0	1.84e-08	46.1
M03520:605:000000000-LVNKY:1:1106:19822:24178;size=9	RH.2AFFFBA0E81C482Z0Z_F	100.000	23	0	1.84e-08	46.1
M03520:605:000000000-LVNKY:1:1106:26135:18735;size=9	RH.DE543226C201437Z0Z_R	100.000	20	0	1.13e-06	40.1
M03520:605:000000000-LVNKY:1:1106:26135:18735;size=9	RH.51338FA06EDB4F0Z0Z_R	95.652	23	1	4.48e-06	38.2
M03520:605:000000000-LVNKY:1:1106:27703:14388;size=9	RH.27578A9A85FA4A3Z0Z_F	100.000	24	0	4.65e-09	48.1
M03520:605:000000000-LVNKY:1:1106:27703:14388;size=9	RH.27578A9A85FA4A3Z0Z_R	100.000	22	0	7.27e-08	44.1
M03520:605:000000000-LVNKY:1:1106:27836:17028;size=9	RH.85A5303CAAF54ADZ0Z_R	100.000	22	0	7.27e-08	44.1
M03520:605:000000000-LVNKY:1:1106:27836:17028;size=9	RH.85A5303CAAF54ADZ0Z_F	100.000	21	0	2.87e-07	42.1
M03520:605:000000000-LVNKY:1:1106:29378:13764;size=9	RH.8B25A056ABC1444Z0Z_F	100.000	22	0	7.27e-08	44.1
M03520:605:000000000-LVNKY:1:1106:29378:13764;size=9	RH.8B25A056ABC1444Z0Z_R	95.833	24	1	1.13e-06	40.1
M03520:605:000000000-LVNKY:1:1106:4505:7262;size=9	RH.B9EF730EBE6C436Z0Z_R	100.000	25	0	1.18e-09	50.1
M03520:605:000000000-LVNKY:1:1106:4505:7262;size=9	RH.B9EF730EBE6C436Z0Z_F	100.000	25	0	1.18e-09	50.1
M03520:605:000000000-LVNKY:1:1106:4507:13963;size=9	RH.0550AF0F57084ADZ0Z_R	100.000	22	0	7.27e-08	44.1
M03520:605:000000000-LVNKY:1:1106:4507:13963;size=9	RH.0550AF0F57084ADZ0Z_F	95.833	24	1	1.13e-06	40.1
M03520:605:000000000-LVNKY:1:1106:7642:26353;size=9	RH.0BD19D1A26A74EBZ0Z_F	100.000	25	0	1.18e-09	50.1
M03520:605:000000000-LVNKY:1:1106:7642:26353;size=9	RH.0BD19D1A26A74EBZ0Z_R	100.000	24	0	4.65e-09	48.1
M03520:605:000000000-LVNKY:1:1107:22161:10093;size=9	RH.BE09C1F6EE4B426Z0Z_R	100.000	23	0	1.84e-08	46.1
M03520:605:000000000-LVNKY:1:1107:22161:10093;size=9	RH.BE09C1F6EE4B426Z0Z_F	100.000	22	0	7.27e-08	44.1
M03520:605:000000000-LVNKY:1:1108:10606:9727;size=9	RH.B9EF730EBE6C436Z0Z_R	100.000	25	0	1.18e-09	50.1
M03520:605:000000000-LVNKY:1:1108:10606:9727;size=9	RH.B9EF730EBE6C436Z0Z_F	100.000	25	0	1.18e-09	50.1
M03520:605:000000000-LVNKY:1:1108:13525:18555;size=9	RH.8B25A056ABC1444Z0Z_F	100.000	22	0	7.27e-08	44.1
M03520:605:000000000-LVNKY:1:1108:13525:18555;size=9	RH.8B25A056ABC1444Z0Z_R	100.000	20	0	1.13e-06	40.1
M03520:605:000000000-LVNKY:1:1108:16632:11569;size=9	RH.7CE39E25906745AZ0Z_R	100.000	26	0	2.98e-10	52.0
M03520:605:000000000-LVNKY:1:1108:16632:11569;size=9	RH.7CE39E25906745AZ0Z_F	100.000	25	0	1.18e-09	50.1
M03520:605:000000000-LVNKY:1:1108:16935:17645;size=9	RH.DDB83AFF97C94C6Z0Z_R	100.000	25	0	1.18e-09	50.1
M03520:605:000000000-LVNKY:1:1108:16935:17645;size=9	RH.DDB83AFF97C94C6Z0Z_F	100.000	24	0	4.65e-09	48.1
M03520:605:000000000-LVNKY:1:1108:17071:19904;size=9	RH.B9EF730EBE6C436Z0Z_F	100.000	25	0	1.18e-09	50.1
M03520:605:000000000-LVNKY:1:1108:17071:19904;size=9	RH.B9EF730EBE6C436Z0Z_R	96.000	25	1	2.87e-07	42.1
M03520:605:000000000-LVNKY:1:1108:20670:15606;size=9	RH.7CE39E25906745AZ0Z_R	100.000	26	0	2.98e-10	52.0
M03520:605:000000000-LVNKY:1:1108:20670:15606;size=9	RH.7CE39E25906745AZ0Z_F	100.000	25	0	1.18e-09	50.1
M03520:605:000000000-LVNKY:1:1108:22161:26678;size=9	RH.0096A141894D447Z0Z_F	100.000	24	0	4.65e-09	48.1
M03520:605:000000000-LVNKY:1:1108:22161:26678;size=9	RH.0096A141894D447Z0Z_R	100.000	21	0	2.87e-07	42.1
M03520:605:000000000-LVNKY:1:1108:23956:26631;size=9	RH.DDB83AFF97C94C6Z0Z_R	100.000	25	0	1.18e-09	50.1
M03520:605:000000000-LVNKY:1:1108:23956:26631;size=9	RH.DDB83AFF97C94C6Z0Z_F	95.833	24	1	1.13e-06	40.1
M03520:605:000000000-LVNKY:1:1108:5505:8105;size=9	RH.8B25A056ABC1444Z0Z_R	100.000	24	0	4.65e-09	48.1
M03520:605:000000000-LVNKY:1:1108:5505:8105;size=9	RH.8B25A056ABC1444Z0Z_F	100.000	22	0	7.27e-08	44.1
M03520:605:000000000-LVNKY:1:1108:7438:11709;size=9	RH.0096A141894D447Z0Z_F	100.000	24	0	4.65e-09	48.1
M03520:605:000000000-LVNKY:1:1108:7438:11709;size=9	RH.0096A141894D447Z0Z_R	100.000	21	0	2.87e-07	42.1
M03520:605:000000000-LVNKY:1:1109:17029:14199;size=9	RH.DDB83AFF97C94C6Z0Z_R	100.000	25	0	1.18e-09	50.1
M03520:605:000000000-LVNKY:1:1109:17029:14199;size=9	RH.DDB83AFF97C94C6Z0Z_F	95.833	24	1	1.13e-06	40.1
M03520:605:000000000-LVNKY:1:1109:19784:9346;size=9	RH.0550AF0F57084ADZ0Z_F	100.000	24	0	4.65e-09	48.1
M03520:605:000000000-LVNKY:1:1109:19784:9346;size=9	RH.0550AF0F57084ADZ0Z_R	100.000	22	0	7.27e-08	44.1
M03520:605:000000000-LVNKY:1:1109:26733:16525;size=9	RH.0BD19D1A26A74EBZ0Z_F	100.000	25	0	1.18e-09	50.1
M03520:605:000000000-LVNKY:1:1109:26733:16525;size=9	RH.0BD19D1A26A74EBZ0Z_R	100.000	24	0	4.65e-09	48.1
M03520:605:000000000-LVNKY:1:1110:12942:15595;size=9	RH.DDB83AFF97C94C6Z0Z_R	100.000	25	0	1.18e-09	50.1
M03520:605:000000000-LVNKY:1:1110:12942:15595;size=9	RH.DDB83AFF97C94C6Z0Z_F	100.000	23	0	1.84e-08	46.1
M03520:605:000000000-LVNKY:1:1110:13594:13578;size=9	RH.69CEA0AC39F4445Z0Z_F	100.000	24	0	4.65e-09	48.1
M03520:605:000000000-LVNKY:1:1110:13594:13578;size=9	RH.69CEA0AC39F4445Z0Z_R	100.000	21	0	2.87e-07	42.1
M03520:605:000000000-LVNKY:1:1110:20090:13962;size=9	RH.DDB83AFF97C94C6Z0Z_R	100.000	25	0	1.18e-09	50.1
M03520:605:000000000-LVNKY:1:1110:25988:12937;size=9	RH.B9EF730EBE6C436Z0Z_R	100.000	25	0	1.18e-09	50.1
M03520:605:000000000-LVNKY:1:1110:25988:12937;size=9	RH.B9EF730EBE6C436Z0Z_F	100.000	25	0	1.18e-09	50.1
M03520:605:000000000-LVNKY:1:1110:5689:22456;size=9	RH.0BD19D1A26A74EBZ0Z_F	100.000	25	0	1.18e-09	50.1
M03520:605:000000000-LVNKY:1:1110:5689:22456;size=9	RH.0BD19D1A26A74EBZ0Z_R	100.000	24	0	4.65e-09	48.1
M03520:605:000000000-LVNKY:1:1110:9179:8691;size=9	RH.8B25A056ABC1444Z0Z_R	100.000	24	0	4.65e-09	48.1
M03520:605:000000000-LVNKY:1:1110:9179:8691;size=9	RH.8B25A056ABC1444Z0Z_F	100.000	22	0	7.27e-08	44.1
M03520:605:000000000-LVNKY:1:1111:14158:10243;size=9	RH.2AFFFBA0E81C482Z0Z_R	100.000	23	0	1.84e-08	46.1
M03520:605:000000000-LVNKY:1:1111:14158:10243;size=9	RH.2AFFFBA0E81C482Z0Z_F	100.000	23	0	1.84e-08	46.1
M03520:605:000000000-LVNKY:1:1113:24165:5684;size=9	RH.2A8AD21024974C0Z0Z_F	100.000	26	0	2.98e-10	52.0
M03520:605:000000000-LVNKY:1:1113:24165:5684;size=9	RH.2A8AD21024974C0Z0Z_R	100.000	25	0	1.18e-09	50.1
M03520:605:000000000-LVNKY:1:2102:29262:15307;size=9	RH.2AFFFBA0E81C482Z0Z_R	100.000	23	0	1.84e-08	46.1
M03520:605:000000000-LVNKY:1:2102:29262:15307;size=9	RH.2AFFFBA0E81C482Z0Z_F	100.000	23	0	1.84e-08	46.1
M03520:605:000000000-LVNKY:1:1101:10378:16589;size=8	RH.1CC74B91718A42FZ0Z_F	100.000	24	0	4.65e-09	48.1
M03520:605:000000000-LVNKY:1:1101:10455:27543;size=8	RH.DDB83AFF97C94C6Z0Z_R	100.000	25	0	1.18e-09	50.1
M03520:605:000000000-LVNKY:1:1101:10455:27543;size=8	RH.DDB83AFF97C94C6Z0Z_F	100.000	24	0	4.65e-09	48.1
M03520:605:000000000-LVNKY:1:1101:10911:22553;size=8	RH.0096A141894D447Z0Z_F	100.000	24	0	4.65e-09	48.1
M03520:605:000000000-LVNKY:1:1101:10911:22553;size=8	RH.0096A141894D447Z0Z_R	100.000	21	0	2.87e-07	42.1
M03520:605:000000000-LVNKY:1:1101:11028:19567;size=8	RH.DDB83AFF97C94C6Z0Z_R	100.000	25	0	1.18e-09	50.1
M03520:605:000000000-LVNKY:1:1101:11028:19567;size=8	RH.DDB83AFF97C94C6Z0Z_F	100.000	24	0	4.65e-09	48.1
M03520:605:000000000-LVNKY:1:1101:11054:2340;size=8	RH.E04EE94198274F7Z0Z_F	100.000	24	0	4.65e-09	48.1
M03520:605:000000000-LVNKY:1:1101:11054:2340;size=8	RH.E04EE94198274F7Z0Z_R	95.833	24	1	1.13e-06	40.1
M03520:605:000000000-LVNKY:1:1101:11125:9152;size=8	RH.1CC74B91718A42FZ0Z_F	100.000	24	0	4.65e-09	48.1
M03520:605:000000000-LVNKY:1:1101:11125:9152;size=8	RH.1CC74B91718A42FZ0Z_R	100.000	21	0	2.87e-07	42.1
M03520:605:000000000-LVNKY:1:1101:11925:8489;size=8	RH.69CEA0AC39F4445Z0Z_F	100.000	24	0	4.65e-09	48.1
M03520:605:000000000-LVNKY:1:1101:11925:8489;size=8	RH.69CEA0AC39F4445Z0Z_R	100.000	22	0	7.27e-08	44.1
M03520:605:000000000-LVNKY:1:1101:12216:8050;size=8	RH.7CE39E25906745AZ0Z_F	100.000	25	0	1.18e-09	50.1
M03520:605:000000000-LVNKY:1:1101:12216:8050;size=8	RH.7CE39E25906745AZ0Z_R	96.154	26	1	7.27e-08	44.1
M03520:605:000000000-LVNKY:1:1101:12586:13883;size=8	RH.0BD19D1A26A74EBZ0Z_F	100.000	25	0	1.18e-09	50.1
M03520:605:000000000-LVNKY:1:1101:12586:13883;size=8	RH.0BD19D1A26A74EBZ0Z_R	100.000	24	0	4.65e-09	48.1
M03520:605:000000000-LVNKY:1:1101:14414:20895;size=8	RH.7CE39E25906745AZ0Z_R	100.000	26	0	2.98e-10	52.0
M03520:605:000000000-LVNKY:1:1101:14414:20895;size=8	RH.7CE39E25906745AZ0Z_F	96.000	25	1	2.87e-07	42.1
M03520:605:000000000-LVNKY:1:1101:14916:6198;size=8	RH.DDB83AFF97C94C6Z0Z_R	100.000	25	0	1.18e-09	50.1
M03520:605:000000000-LVNKY:1:1101:14916:6198;size=8	RH.DDB83AFF97C94C6Z0Z_F	100.000	24	0	4.65e-09	48.1
M03520:605:000000000-LVNKY:1:1101:15412:10821;size=8	RH.B9EF730EBE6C436Z0Z_R	100.000	25	0	1.18e-09	50.1
M03520:605:000000000-LVNKY:1:1101:16131:10515;size=8	RH.85A5303CAAF54ADZ0Z_R	100.000	22	0	7.27e-08	44.1
M03520:605:000000000-LVNKY:1:1101:16131:10515;size=8	RH.85A5303CAAF54ADZ0Z_F	100.000	21	0	2.87e-07	42.1
M03520:605:000000000-LVNKY:1:1101:16553:11763;size=8	RH.2A8AD21024974C0Z0Z_F	100.000	26	0	2.98e-10	52.0
M03520:605:000000000-LVNKY:1:1101:16553:11763;size=8	RH.2A8AD21024974C0Z0Z_R	96.000	25	1	2.87e-07	42.1
M03520:605:000000000-LVNKY:1:1101:16637:27344;size=8	RH.2A8AD21024974C0Z0Z_F	100.000	26	0	2.98e-10	52.0
M03520:605:000000000-LVNKY:1:1101:16637:27344;size=8	RH.2A8AD21024974C0Z0Z_R	100.000	25	0	1.18e-09	50.1
M03520:605:000000000-LVNKY:1:1101:16759:24921;size=8	RH.B9EF730EBE6C436Z0Z_R	100.000	25	0	1.18e-09	50.1
M03520:605:000000000-LVNKY:1:1101:16759:24921;size=8	RH.B9EF730EBE6C436Z0Z_F	100.000	25	0	1.18e-09	50.1
M03520:605:000000000-LVNKY:1:1101:17025:7156;size=8	RH.DDB83AFF97C94C6Z0Z_R	100.000	25	0	1.18e-09	50.1
M03520:605:000000000-LVNKY:1:1101:17025:7156;size=8	RH.DDB83AFF97C94C6Z0Z_F	100.000	24	0	4.65e-09	48.1
M03520:605:000000000-LVNKY:1:1101:17045:22392;size=8	RH.27578A9A85FA4A3Z0Z_F	100.000	24	0	4.65e-09	48.1
M03520:605:000000000-LVNKY:1:1101:17045:22392;size=8	RH.27578A9A85FA4A3Z0Z_R	100.000	22	0	7.27e-08	44.1
M03520:605:000000000-LVNKY:1:1101:17787:6590;size=8	RH.DDB83AFF97C94C6Z0Z_R	100.000	25	0	1.18e-09	50.1
M03520:605:000000000-LVNKY:1:1101:18833:6125;size=8	RH.0096A141894D447Z0Z_F	100.000	24	0	4.65e-09	48.1
M03520:605:000000000-LVNKY:1:1101:18833:6125;size=8	RH.0096A141894D447Z0Z_R	100.000	21	0	2.87e-07	42.1
M03520:605:000000000-LVNKY:1:1101:19165:15990;size=8	RH.85A5303CAAF54ADZ0Z_R	100.000	22	0	7.27e-08	44.1
M03520:605:000000000-LVNKY:1:1101:19165:15990;size=8	RH.85A5303CAAF54ADZ0Z_F	100.000	21	0	2.87e-07	42.1
M03520:605:000000000-LVNKY:1:1101:19165:27959;size=8	RH.DDB83AFF97C94C6Z0Z_R	100.000	25	0	1.18e-09	50.1
M03520:605:000000000-LVNKY:1:1101:19165:27959;size=8	RH.DDB83AFF97C94C6Z0Z_F	100.000	24	0	4.65e-09	48.1
M03520:605:000000000-LVNKY:1:1101:20044:12200;size=8	RH.69CEA0AC39F4445Z0Z_F	100.000	24	0	4.65e-09	48.1
M03520:605:000000000-LVNKY:1:1101:20044:12200;size=8	RH.69CEA0AC39F4445Z0Z_R	100.000	23	0	1.84e-08	46.1
M03520:605:000000000-LVNKY:1:1101:20892:8037;size=8	RH.B9EF730EBE6C436Z0Z_R	100.000	25	0	1.18e-09	50.1
M03520:605:000000000-LVNKY:1:1101:20892:8037;size=8	RH.B9EF730EBE6C436Z0Z_F	100.000	25	0	1.18e-09	50.1
M03520:605:000000000-LVNKY:1:1101:21032:10775;size=8	RH.7CE39E25906745AZ0Z_R	100.000	26	0	2.98e-10	52.0
M03520:605:000000000-LVNKY:1:1101:21337:16536;size=8	RH.CA1E204B0C0842DZ0Z_R	100.000	24	0	4.65e-09	48.1
M03520:605:000000000-LVNKY:1:1101:21491:19960;size=8	RH.0550AF0F57084ADZ0Z_R	100.000	22	0	7.27e-08	44.1
M03520:605:000000000-LVNKY:1:1101:21491:19960;size=8	RH.0550AF0F57084ADZ0Z_F	95.833	24	1	1.13e-06	40.1
M03520:605:000000000-LVNKY:1:1101:21554:8103;size=8	RH.DDB83AFF97C94C6Z0Z_R	100.000	25	0	1.18e-09	50.1
M03520:605:000000000-LVNKY:1:1101:21554:8103;size=8	RH.DDB83AFF97C94C6Z0Z_F	100.000	24	0	4.65e-09	48.1
M03520:605:000000000-LVNKY:1:1101:21573:21461;size=8	RH.2A8AD21024974C0Z0Z_F	100.000	26	0	2.98e-10	52.0
M03520:605:000000000-LVNKY:1:1101:21573:21461;size=8	RH.2A8AD21024974C0Z0Z_R	100.000	25	0	1.18e-09	50.1
M03520:605:000000000-LVNKY:1:1101:22387:22040;size=8	RH.0096A141894D447Z0Z_F	100.000	24	0	4.65e-09	48.1
M03520:605:000000000-LVNKY:1:1101:22387:22040;size=8	RH.0096A141894D447Z0Z_R	100.000	21	0	2.87e-07	42.1
M03520:605:000000000-LVNKY:1:1101:22647:16934;size=8	RH.69CEA0AC39F4445Z0Z_F	100.000	24	0	4.65e-09	48.1
M03520:605:000000000-LVNKY:1:1101:22647:16934;size=8	RH.69CEA0AC39F4445Z0Z_R	100.000	23	0	1.84e-08	46.1
M03520:605:000000000-LVNKY:1:1101:22761:13519;size=8	RH.7CE39E25906745AZ0Z_R	100.000	26	0	2.98e-10	52.0
M03520:605:000000000-LVNKY:1:1101:22761:13519;size=8	RH.7CE39E25906745AZ0Z_F	100.000	25	0	1.18e-09	50.1
M03520:605:000000000-LVNKY:1:1101:23087:25426;size=8	RH.0550AF0F57084ADZ0Z_F	100.000	24	0	4.65e-09	48.1
M03520:605:000000000-LVNKY:1:1101:23087:25426;size=8	RH.0550AF0F57084ADZ0Z_R	100.000	22	0	7.27e-08	44.1
M03520:605:000000000-LVNKY:1:1101:23495:19597;size=8	RH.E04EE94198274F7Z0Z_F	100.000	25	0	1.18e-09	50.1
M03520:605:000000000-LVNKY:1:1101:23495:19597;size=8	RH.E04EE94198274F7Z0Z_R	95.833	24	1	1.13e-06	40.1
M03520:605:000000000-LVNKY:1:1101:23749:6538;size=8	RH.B9EF730EBE6C436Z0Z_R	100.000	25	0	1.18e-09	50.1
M03520:605:000000000-LVNKY:1:1101:23749:6538;size=8	RH.B9EF730EBE6C436Z0Z_F	100.000	25	0	1.18e-09	50.1
M03520:605:000000000-LVNKY:1:1101:24795:10388;size=8	RH.27578A9A85FA4A3Z0Z_F	100.000	24	0	4.65e-09	48.1
M03520:605:000000000-LVNKY:1:1101:24795:10388;size=8	RH.27578A9A85FA4A3Z0Z_R	100.000	22	0	7.27e-08	44.1
M03520:605:000000000-LVNKY:1:1101:25308:13890;size=8	RH.27578A9A85FA4A3Z0Z_F	100.000	23	0	1.84e-08	46.1
M03520:605:000000000-LVNKY:1:1101:25308:13890;size=8	RH.27578A9A85FA4A3Z0Z_R	100.000	22	0	7.27e-08	44.1
M03520:605:000000000-LVNKY:1:1101:25699:19247;size=8	RH.85A5303CAAF54ADZ0Z_R	100.000	22	0	7.27e-08	44.1
M03520:605:000000000-LVNKY:1:1101:25699:19247;size=8	RH.85A5303CAAF54ADZ0Z_F	100.000	21	0	2.87e-07	42.1
M03520:605:000000000-LVNKY:1:1101:25758:21323;size=8	RH.CA1E204B0C0842DZ0Z_F	100.000	26	0	2.98e-10	52.0
M03520:605:000000000-LVNKY:1:1101:25758:21323;size=8	RH.CA1E204B0C0842DZ0Z_R	100.000	24	0	4.65e-09	48.1
M03520:605:000000000-LVNKY:1:1101:26239:8760;size=8	RH.2AFFFBA0E81C482Z0Z_F	100.000	23	0	1.84e-08	46.1
M03520:605:000000000-LVNKY:1:1101:26239:8760;size=8	RH.2AFFFBA0E81C482Z0Z_R	95.652	23	1	4.48e-06	38.2
M03520:605:000000000-LVNKY:1:1101:26351:7511;size=8	RH.E04EE94198274F7Z0Z_F	100.000	22	0	7.27e-08	44.1
M03520:605:000000000-LVNKY:1:1101:26351:7511;size=8	RH.E04EE94198274F7Z0Z_R	95.833	24	1	1.13e-06	40.1
M03520:605:000000000-LVNKY:1:1101:26833:20257;size=8	RH.0550AF0F57084ADZ0Z_F	100.000	24	0	4.65e-09	48.1
M03520:605:000000000-LVNKY:1:1101:26833:20257;size=8	RH.0550AF0F57084ADZ0Z_R	100.000	22	0	7.27e-08	44.1
M03520:605:000000000-LVNKY:1:1101:27451:17061;size=8	RH.7CE39E25906745AZ0Z_R	100.000	26	0	2.98e-10	52.0
M03520:605:000000000-LVNKY:1:1101:27451:17061;size=8	RH.7CE39E25906745AZ0Z_F	100.000	24	0	4.65e-09	48.1
M03520:605:000000000-LVNKY:1:1101:28064:18129;size=8	RH.6572108A164E48EZ0Z_R	100.000	25	0	1.18e-09	50.1
M03520:605:000000000-LVNKY:1:1101:28064:18129;size=8	RH.6572108A164E48EZ0Z_F	100.000	24	0	4.65e-09	48.1
M03520:605:000000000-LVNKY:1:1101:28257:11320;size=8	RH.DDB83AFF97C94C6Z0Z_F	100.000	24	0	4.65e-09	48.1
M03520:605:000000000-LVNKY:1:1101:28257:11320;size=8	RH.DDB83AFF97C94C6Z0Z_R	96.000	25	1	2.87e-07	42.1
M03520:605:000000000-LVNKY:1:1101:3236:17970;size=8	RH.2A8AD21024974C0Z0Z_R	100.000	25	0	1.18e-09	50.1
M03520:605:000000000-LVNKY:1:1101:3286:20378;size=8	RH.85A5303CAAF54ADZ0Z_R	100.000	22	0	7.27e-08	44.1
M03520:605:000000000-LVNKY:1:1101:3286:20378;size=8	RH.85A5303CAAF54ADZ0Z_F	100.000	21	0	2.87e-07	42.1
M03520:605:000000000-LVNKY:1:1101:3327:15422;size=8	RH.B9EF730EBE6C436Z0Z_R	100.000	25	0	1.18e-09	50.1
M03520:605:000000000-LVNKY:1:1101:4078:13557;size=8	RH.0BD19D1A26A74EBZ0Z_F	100.000	25	0	1.18e-09	50.1
M03520:605:000000000-LVNKY:1:1101:4078:13557;size=8	RH.0BD19D1A26A74EBZ0Z_R	95.833	24	1	1.13e-06	40.1
M03520:605:000000000-LVNKY:1:1101:4539:23381;size=8	RH.E04EE94198274F7Z0Z_F	100.000	25	0	1.18e-09	50.1
M03520:605:000000000-LVNKY:1:1101:4539:23381;size=8	RH.E04EE94198274F7Z0Z_R	95.833	24	1	1.13e-06	40.1
M03520:605:000000000-LVNKY:1:1101:4793:17997;size=8	RH.27578A9A85FA4A3Z0Z_F	100.000	24	0	4.65e-09	48.1
M03520:605:000000000-LVNKY:1:1101:4793:17997;size=8	RH.27578A9A85FA4A3Z0Z_R	100.000	22	0	7.27e-08	44.1
M03520:605:000000000-LVNKY:1:1101:5012:13964;size=8	RH.2A8AD21024974C0Z0Z_R	100.000	25	0	1.18e-09	50.1
M03520:605:000000000-LVNKY:1:1101:5012:13964;size=8	RH.2A8AD21024974C0Z0Z_F	96.154	26	1	7.27e-08	44.1
M03520:605:000000000-LVNKY:1:1101:5112:9094;size=8	RH.E04EE94198274F7Z0Z_F	100.000	25	0	1.18e-09	50.1
M03520:605:000000000-LVNKY:1:1101:5583:7417;size=8	RH.85A5303CAAF54ADZ0Z_R	100.000	22	0	7.27e-08	44.1
M03520:605:000000000-LVNKY:1:1101:5583:7417;size=8	RH.85A5303CAAF54ADZ0Z_F	100.000	21	0	2.87e-07	42.1
M03520:605:000000000-LVNKY:1:1101:5597:22993;size=8	RH.7CE39E25906745AZ0Z_R	100.000	26	0	2.98e-10	52.0
M03520:605:000000000-LVNKY:1:1101:5597:22993;size=8	RH.7CE39E25906745AZ0Z_F	96.000	25	1	2.87e-07	42.1
M03520:605:000000000-LVNKY:1:1101:5749:19354;size=8	RH.B9EF730EBE6C436Z0Z_R	100.000	25	0	1.18e-09	50.1
M03520:605:000000000-LVNKY:1:1101:5749:19354;size=8	RH.3B2B2BB86AB94D3Z0Z_F	100.000	21	0	2.87e-07	42.1
M03520:605:000000000-LVNKY:1:1101:5749:19354;size=8	RH.64613722763148BZ0Z_R	100.000	19	0	4.48e-06	38.2
M03520:605:000000000-LVNKY:1:1101:7354:20870;size=8	RH.0BD19D1A26A74EBZ0Z_F	100.000	25	0	1.18e-09	50.1
M03520:605:000000000-LVNKY:1:1101:7801:6687;size=8	RH.27578A9A85FA4A3Z0Z_F	100.000	24	0	4.65e-09	48.1
M03520:605:000000000-LVNKY:1:1101:8149:21968;size=8	RH.27578A9A85FA4A3Z0Z_F	100.000	24	0	4.65e-09	48.1
M03520:605:000000000-LVNKY:1:1101:8149:21968;size=8	RH.27578A9A85FA4A3Z0Z_R	100.000	22	0	7.27e-08	44.1
M03520:605:000000000-LVNKY:1:1101:8704:21871;size=8	RH.CF953F27F5674E1Z0Z_F	100.000	26	0	2.98e-10	52.0
M03520:605:000000000-LVNKY:1:1101:8704:21871;size=8	RH.CF953F27F5674E1Z0Z_R	100.000	25	0	1.18e-09	50.1
M03520:605:000000000-LVNKY:1:1101:9409:15535;size=8	RH.2A8AD21024974C0Z0Z_R	100.000	25	0	1.18e-09	50.1
M03520:605:000000000-LVNKY:1:1101:9577:11604;size=8	RH.B9EF730EBE6C436Z0Z_F	100.000	25	0	1.18e-09	50.1
M03520:605:000000000-LVNKY:1:1101:9577:11604;size=8	RH.B9EF730EBE6C436Z0Z_R	100.000	24	0	4.65e-09	48.1
M03520:605:000000000-LVNKY:1:1102:10132:2840;size=8	RH.27578A9A85FA4A3Z0Z_F	100.000	24	0	4.65e-09	48.1
M03520:605:000000000-LVNKY:1:1102:10132:2840;size=8	RH.27578A9A85FA4A3Z0Z_R	100.000	22	0	7.27e-08	44.1
M03520:605:000000000-LVNKY:1:1102:10606:6262;size=8	RH.0096A141894D447Z0Z_F	100.000	24	0	4.65e-09	48.1
M03520:605:000000000-LVNKY:1:1102:11708:5468;size=8	RH.0550AF0F57084ADZ0Z_F	100.000	24	0	4.65e-09	48.1
M03520:605:000000000-LVNKY:1:1102:11708:5468;size=8	RH.0550AF0F57084ADZ0Z_R	100.000	22	0	7.27e-08	44.1
M03520:605:000000000-LVNKY:1:1102:11721:15320;size=8	RH.CA1E204B0C0842DZ0Z_F	100.000	26	0	2.98e-10	52.0
M03520:605:000000000-LVNKY:1:1102:11721:15320;size=8	RH.CA1E204B0C0842DZ0Z_R	100.000	24	0	4.65e-09	48.1
M03520:605:000000000-LVNKY:1:1102:11798:19676;size=8	RH.185D4E36BBF74FEZ0Z_F	100.000	27	0	7.54e-11	54.0
M03520:605:000000000-LVNKY:1:1102:11798:19676;size=8	RH.185D4E36BBF74FEZ0Z_R	100.000	26	0	2.98e-10	52.0
M03520:605:000000000-LVNKY:1:1102:12364:5254;size=8	RH.DDB83AFF97C94C6Z0Z_R	100.000	25	0	1.18e-09	50.1
M03520:605:000000000-LVNKY:1:1102:12364:5254;size=8	RH.DDB83AFF97C94C6Z0Z_F	100.000	24	0	4.65e-09	48.1
M03520:605:000000000-LVNKY:1:1102:12876:10454;size=8	RH.E04EE94198274F7Z0Z_F	100.000	25	0	1.18e-09	50.1
M03520:605:000000000-LVNKY:1:1102:13648:12468;size=8	RH.0096A141894D447Z0Z_F	100.000	24	0	4.65e-09	48.1
M03520:605:000000000-LVNKY:1:1102:13704:24436;size=8	RH.DDB83AFF97C94C6Z0Z_R	100.000	25	0	1.18e-09	50.1
M03520:605:000000000-LVNKY:1:1102:13704:24436;size=8	RH.DDB83AFF97C94C6Z0Z_F	100.000	24	0	4.65e-09	48.1
M03520:605:000000000-LVNKY:1:1102:14058:16448;size=8	RH.8B25A056ABC1444Z0Z_F	100.000	22	0	7.27e-08	44.1
M03520:605:000000000-LVNKY:1:1102:14058:16448;size=8	RH.8B25A056ABC1444Z0Z_R	95.833	24	1	1.13e-06	40.1
M03520:605:000000000-LVNKY:1:1102:14759:20670;size=8	RH.2AFFFBA0E81C482Z0Z_R	100.000	23	0	1.84e-08	46.1
M03520:605:000000000-LVNKY:1:1102:14759:20670;size=8	RH.2AFFFBA0E81C482Z0Z_F	100.000	23	0	1.84e-08	46.1
M03520:605:000000000-LVNKY:1:1102:14859:10804;size=8	RH.1CC74B91718A42FZ0Z_R	100.000	25	0	1.18e-09	50.1
M03520:605:000000000-LVNKY:1:1102:14859:10804;size=8	RH.1CC74B91718A42FZ0Z_F	100.000	24	0	4.65e-09	48.1
M03520:605:000000000-LVNKY:1:1102:14937:15628;size=8	RH.0BD19D1A26A74EBZ0Z_F	100.000	25	0	1.18e-09	50.1
M03520:605:000000000-LVNKY:1:1102:14937:15628;size=8	RH.0BD19D1A26A74EBZ0Z_R	100.000	24	0	4.65e-09	48.1
M03520:605:000000000-LVNKY:1:1102:16025:27551;size=8	RH.7CE39E25906745AZ0Z_R	100.000	26	0	2.98e-10	52.0
M03520:605:000000000-LVNKY:1:1102:16025:27551;size=8	RH.7CE39E25906745AZ0Z_F	100.000	25	0	1.18e-09	50.1
M03520:605:000000000-LVNKY:1:1102:16954:21573;size=8	RH.2AFFFBA0E81C482Z0Z_R	100.000	23	0	1.84e-08	46.1
M03520:605:000000000-LVNKY:1:1102:16954:21573;size=8	RH.2AFFFBA0E81C482Z0Z_F	95.652	23	1	4.48e-06	38.2
M03520:605:000000000-LVNKY:1:1102:17096:4142;size=8	RH.51338FA06EDB4F0Z0Z_R	100.000	25	0	1.18e-09	50.1
M03520:605:000000000-LVNKY:1:1102:17096:4142;size=8	RH.51338FA06EDB4F0Z0Z_F	96.000	25	1	2.87e-07	42.1
M03520:605:000000000-LVNKY:1:1102:17115:7479;size=8	RH.27578A9A85FA4A3Z0Z_F	100.000	24	0	4.65e-09	48.1
M03520:605:000000000-LVNKY:1:1102:17115:7479;size=8	RH.27578A9A85FA4A3Z0Z_R	100.000	22	0	7.27e-08	44.1
M03520:605:000000000-LVNKY:1:1102:17325:16983;size=8	RH.27578A9A85FA4A3Z0Z_F	100.000	24	0	4.65e-09	48.1
M03520:605:000000000-LVNKY:1:1102:17325:16983;size=8	RH.27578A9A85FA4A3Z0Z_R	100.000	22	0	7.27e-08	44.1
M03520:605:000000000-LVNKY:1:1102:17880:13950;size=8	RH.51338FA06EDB4F0Z0Z_R	100.000	25	0	1.18e-09	50.1
M03520:605:000000000-LVNKY:1:1102:17880:13950;size=8	RH.51338FA06EDB4F0Z0Z_F	96.000	25	1	2.87e-07	42.1
M03520:605:000000000-LVNKY:1:1102:17976:2595;size=8	RH.2A8AD21024974C0Z0Z_F	100.000	26	0	2.98e-10	52.0
M03520:605:000000000-LVNKY:1:1102:17976:2595;size=8	RH.2A8AD21024974C0Z0Z_R	100.000	25	0	1.18e-09	50.1
M03520:605:000000000-LVNKY:1:1102:18175:19578;size=8	RH.27578A9A85FA4A3Z0Z_R	100.000	22	0	7.27e-08	44.1
M03520:605:000000000-LVNKY:1:1102:18416:24778;size=8	RH.2AFFFBA0E81C482Z0Z_R	100.000	23	0	1.84e-08	46.1
M03520:605:000000000-LVNKY:1:1102:18416:24778;size=8	RH.2AFFFBA0E81C482Z0Z_F	100.000	23	0	1.84e-08	46.1
M03520:605:000000000-LVNKY:1:1102:19041:16575;size=8	RH.27578A9A85FA4A3Z0Z_F	100.000	24	0	4.65e-09	48.1
M03520:605:000000000-LVNKY:1:1102:19041:16575;size=8	RH.27578A9A85FA4A3Z0Z_R	100.000	22	0	7.27e-08	44.1
M03520:605:000000000-LVNKY:1:1102:20021:3580;size=8	RH.2AFFFBA0E81C482Z0Z_R	100.000	23	0	1.84e-08	46.1
M03520:605:000000000-LVNKY:1:1102:20021:3580;size=8	RH.2AFFFBA0E81C482Z0Z_F	100.000	23	0	1.84e-08	46.1
M03520:605:000000000-LVNKY:1:1102:20358:9828;size=8	RH.0096A141894D447Z0Z_F	100.000	24	0	4.65e-09	48.1
M03520:605:000000000-LVNKY:1:1102:20358:9828;size=8	RH.0096A141894D447Z0Z_R	100.000	21	0	2.87e-07	42.1
M03520:605:000000000-LVNKY:1:1102:20651:18967;size=8	RH.DDB83AFF97C94C6Z0Z_F	100.000	24	0	4.65e-09	48.1
M03520:605:000000000-LVNKY:1:1102:20651:18967;size=8	RH.DDB83AFF97C94C6Z0Z_R	96.000	25	1	2.87e-07	42.1
M03520:605:000000000-LVNKY:1:1102:20748:3229;size=8	RH.DDB83AFF97C94C6Z0Z_R	100.000	25	0	1.18e-09	50.1
M03520:605:000000000-LVNKY:1:1102:20748:3229;size=8	RH.DDB83AFF97C94C6Z0Z_F	100.000	24	0	4.65e-09	48.1
M03520:605:000000000-LVNKY:1:1102:21324:21671;size=8	RH.E04EE94198274F7Z0Z_F	100.000	25	0	1.18e-09	50.1
M03520:605:000000000-LVNKY:1:1102:21324:21671;size=8	RH.E04EE94198274F7Z0Z_R	95.833	24	1	1.13e-06	40.1
M03520:605:000000000-LVNKY:1:1102:22782:9813;size=8	RH.0096A141894D447Z0Z_F	100.000	24	0	4.65e-09	48.1
M03520:605:000000000-LVNKY:1:1102:22782:9813;size=8	RH.0096A141894D447Z0Z_R	100.000	21	0	2.87e-07	42.1
M03520:605:000000000-LVNKY:1:1102:24193:4711;size=8	RH.7CE39E25906745AZ0Z_R	100.000	26	0	2.98e-10	52.0
M03520:605:000000000-LVNKY:1:1102:24193:4711;size=8	RH.7CE39E25906745AZ0Z_F	96.000	25	1	2.87e-07	42.1
M03520:605:000000000-LVNKY:1:1102:24350:9295;size=8	RH.0096A141894D447Z0Z_R	100.000	25	0	1.18e-09	50.1
M03520:605:000000000-LVNKY:1:1102:24483:9008;size=8	RH.2A8AD21024974C0Z0Z_F	100.000	26	0	2.98e-10	52.0
M03520:605:000000000-LVNKY:1:1102:24483:9008;size=8	RH.2A8AD21024974C0Z0Z_R	100.000	25	0	1.18e-09	50.1
M03520:605:000000000-LVNKY:1:1102:24866:12375;size=8	RH.85A5303CAAF54ADZ0Z_R	100.000	22	0	7.27e-08	44.1
M03520:605:000000000-LVNKY:1:1102:24931:17299;size=8	RH.1CC74B91718A42FZ0Z_R	100.000	25	0	1.18e-09	50.1
M03520:605:000000000-LVNKY:1:1102:24931:17299;size=8	RH.1CC74B91718A42FZ0Z_F	100.000	24	0	4.65e-09	48.1
M03520:605:000000000-LVNKY:1:1102:2525:11144;size=8	RH.7CE39E25906745AZ0Z_F	100.000	25	0	1.18e-09	50.1
M03520:605:000000000-LVNKY:1:1102:2525:11144;size=8	RH.7CE39E25906745AZ0Z_R	100.000	23	0	1.84e-08	46.1
M03520:605:000000000-LVNKY:1:1102:26470:10778;size=8	RH.0BD19D1A26A74EBZ0Z_F	100.000	25	0	1.18e-09	50.1
M03520:605:000000000-LVNKY:1:1102:26470:10778;size=8	RH.0BD19D1A26A74EBZ0Z_R	100.000	24	0	4.65e-09	48.1
M03520:605:000000000-LVNKY:1:1102:26702:11454;size=8	RH.0096A141894D447Z0Z_F	100.000	24	0	4.65e-09	48.1
M03520:605:000000000-LVNKY:1:1102:26851:21052;size=8	RH.69CEA0AC39F4445Z0Z_F	100.000	24	0	4.65e-09	48.1
M03520:605:000000000-LVNKY:1:1102:26851:21052;size=8	RH.69CEA0AC39F4445Z0Z_R	100.000	23	0	1.84e-08	46.1
M03520:605:000000000-LVNKY:1:1102:28413:13841;size=8	RH.DDB83AFF97C94C6Z0Z_R	100.000	25	0	1.18e-09	50.1
M03520:605:000000000-LVNKY:1:1102:28413:13841;size=8	RH.DDB83AFF97C94C6Z0Z_F	100.000	23	0	1.84e-08	46.1
M03520:605:000000000-LVNKY:1:1102:3780:13639;size=8	RH.7CE39E25906745AZ0Z_R	100.000	26	0	2.98e-10	52.0
M03520:605:000000000-LVNKY:1:1102:3780:13639;size=8	RH.7CE39E25906745AZ0Z_F	100.000	25	0	1.18e-09	50.1
M03520:605:000000000-LVNKY:1:1102:5006:21718;size=8	RH.51338FA06EDB4F0Z0Z_R	100.000	25	0	1.18e-09	50.1
M03520:605:000000000-LVNKY:1:1102:5006:21718;size=8	RH.51338FA06EDB4F0Z0Z_F	96.000	25	1	2.87e-07	42.1
M03520:605:000000000-LVNKY:1:1102:5607:10286;size=8	RH.7CE39E25906745AZ0Z_R	100.000	26	0	2.98e-10	52.0
M03520:605:000000000-LVNKY:1:1102:5607:10286;size=8	RH.7CE39E25906745AZ0Z_F	96.000	25	1	2.87e-07	42.1
M03520:605:000000000-LVNKY:1:1102:5901:16394;size=8	RH.E04EE94198274F7Z0Z_F	96.000	25	1	2.87e-07	42.1
M03520:605:000000000-LVNKY:1:1102:5901:16394;size=8	RH.E04EE94198274F7Z0Z_R	95.833	24	1	1.13e-06	40.1
M03520:605:000000000-LVNKY:1:1102:8306:5456;size=8	RH.0550AF0F57084ADZ0Z_F	100.000	24	0	4.65e-09	48.1
M03520:605:000000000-LVNKY:1:1102:8306:5456;size=8	RH.0550AF0F57084ADZ0Z_R	100.000	22	0	7.27e-08	44.1
M03520:605:000000000-LVNKY:1:1102:9279:8259;size=8	RH.27578A9A85FA4A3Z0Z_F	100.000	24	0	4.65e-09	48.1
M03520:605:000000000-LVNKY:1:1103:10020:10099;size=8	RH.DDB83AFF97C94C6Z0Z_R	100.000	25	0	1.18e-09	50.1
M03520:605:000000000-LVNKY:1:1103:10020:10099;size=8	RH.DDB83AFF97C94C6Z0Z_F	100.000	24	0	4.65e-09	48.1
M03520:605:000000000-LVNKY:1:1103:10381:23006;size=8	RH.27578A9A85FA4A3Z0Z_F	100.000	24	0	4.65e-09	48.1
M03520:605:000000000-LVNKY:1:1103:10381:23006;size=8	RH.27578A9A85FA4A3Z0Z_R	100.000	22	0	7.27e-08	44.1
M03520:605:000000000-LVNKY:1:1103:11278:22230;size=8	RH.2AFFFBA0E81C482Z0Z_R	100.000	23	0	1.84e-08	46.1
M03520:605:000000000-LVNKY:1:1103:11278:22230;size=8	RH.2AFFFBA0E81C482Z0Z_F	100.000	23	0	1.84e-08	46.1
M03520:605:000000000-LVNKY:1:1103:11478:11496;size=8	RH.DDB83AFF97C94C6Z0Z_R	100.000	25	0	1.18e-09	50.1
M03520:605:000000000-LVNKY:1:1103:11478:11496;size=8	RH.DDB83AFF97C94C6Z0Z_F	100.000	24	0	4.65e-09	48.1
M03520:605:000000000-LVNKY:1:1103:11841:10932;size=8	RH.1CC74B91718A42FZ0Z_F	100.000	24	0	4.65e-09	48.1
M03520:605:000000000-LVNKY:1:1103:11841:10932;size=8	RH.1CC74B91718A42FZ0Z_R	96.000	25	1	2.87e-07	42.1
M03520:605:000000000-LVNKY:1:1103:12328:21402;size=8	RH.2091F326F74640CZ0Z_F	100.000	24	0	4.65e-09	48.1
M03520:605:000000000-LVNKY:1:1103:12352:13017;size=8	RH.2A8AD21024974C0Z0Z_F	100.000	26	0	2.98e-10	52.0
M03520:605:000000000-LVNKY:1:1103:12352:13017;size=8	RH.2A8AD21024974C0Z0Z_R	100.000	25	0	1.18e-09	50.1
M03520:605:000000000-LVNKY:1:1103:12599:8830;size=8	RH.69CEA0AC39F4445Z0Z_F	100.000	24	0	4.65e-09	48.1
M03520:605:000000000-LVNKY:1:1103:12599:8830;size=8	RH.69CEA0AC39F4445Z0Z_R	100.000	19	0	4.48e-06	38.2
M03520:605:000000000-LVNKY:1:1103:13272:17858;size=8	RH.CF953F27F5674E1Z0Z_F	100.000	26	0	2.98e-10	52.0
M03520:605:000000000-LVNKY:1:1103:13272:17858;size=8	RH.CF953F27F5674E1Z0Z_R	100.000	25	0	1.18e-09	50.1
M03520:605:000000000-LVNKY:1:1103:14039:22722;size=8	RH.0096A141894D447Z0Z_F	100.000	24	0	4.65e-09	48.1
M03520:605:000000000-LVNKY:1:1103:14039:22722;size=8	RH.0096A141894D447Z0Z_R	100.000	21	0	2.87e-07	42.1
M03520:605:000000000-LVNKY:1:1103:14537:4912;size=8	RH.0096A141894D447Z0Z_F	100.000	24	0	4.65e-09	48.1
M03520:605:000000000-LVNKY:1:1103:14892:7486;size=8	RH.85A5303CAAF54ADZ0Z_R	100.000	22	0	7.27e-08	44.1
M03520:605:000000000-LVNKY:1:1103:14892:7486;size=8	RH.85A5303CAAF54ADZ0Z_F	100.000	21	0	2.87e-07	42.1
M03520:605:000000000-LVNKY:1:1103:14908:1541;size=8	RH.CA1E204B0C0842DZ0Z_F	100.000	26	0	2.98e-10	52.0
M03520:605:000000000-LVNKY:1:1103:14908:1541;size=8	RH.CA1E204B0C0842DZ0Z_R	100.000	24	0	4.65e-09	48.1
M03520:605:000000000-LVNKY:1:1103:15289:15686;size=8	RH.0096A141894D447Z0Z_F	100.000	24	0	4.65e-09	48.1
M03520:605:000000000-LVNKY:1:1103:15289:15686;size=8	RH.0096A141894D447Z0Z_R	100.000	21	0	2.87e-07	42.1
M03520:605:000000000-LVNKY:1:1103:15434:18502;size=8	RH.7CE39E25906745AZ0Z_R	100.000	24	0	4.65e-09	48.1
M03520:605:000000000-LVNKY:1:1103:15611:9955;size=8	RH.DDB83AFF97C94C6Z0Z_R	100.000	25	0	1.18e-09	50.1
M03520:605:000000000-LVNKY:1:1103:15611:9955;size=8	RH.DDB83AFF97C94C6Z0Z_F	100.000	20	0	1.13e-06	40.1
M03520:605:000000000-LVNKY:1:1103:16418:9132;size=8	RH.27578A9A85FA4A3Z0Z_R	100.000	22	0	7.27e-08	44.1
M03520:605:000000000-LVNKY:1:1103:16418:9132;size=8	RH.27578A9A85FA4A3Z0Z_F	95.833	24	1	1.13e-06	40.1
M03520:605:000000000-LVNKY:1:1103:16904:1434;size=8	RH.51338FA06EDB4F0Z0Z_F	100.000	25	0	1.18e-09	50.1
M03520:605:000000000-LVNKY:1:1103:16904:1434;size=8	RH.51338FA06EDB4F0Z0Z_R	100.000	25	0	1.18e-09	50.1
M03520:605:000000000-LVNKY:1:1103:17870:26465;size=8	RH.7CE39E25906745AZ0Z_R	100.000	26	0	2.98e-10	52.0
M03520:605:000000000-LVNKY:1:1103:17870:26465;size=8	RH.7CE39E25906745AZ0Z_F	96.000	25	1	2.87e-07	42.1
M03520:605:000000000-LVNKY:1:1103:17943:17240;size=8	RH.0096A141894D447Z0Z_F	100.000	24	0	4.65e-09	48.1
M03520:605:000000000-LVNKY:1:1103:17943:17240;size=8	RH.0096A141894D447Z0Z_R	100.000	21	0	2.87e-07	42.1
M03520:605:000000000-LVNKY:1:1103:18387:22074;size=8	RH.0096A141894D447Z0Z_R	100.000	21	0	2.87e-07	42.1
M03520:605:000000000-LVNKY:1:1103:18387:22074;size=8	RH.0096A141894D447Z0Z_F	95.833	24	1	1.13e-06	40.1
M03520:605:000000000-LVNKY:1:1103:19804:23304;size=8	RH.0096A141894D447Z0Z_F	100.000	24	0	4.65e-09	48.1
M03520:605:000000000-LVNKY:1:1103:19804:23304;size=8	RH.0096A141894D447Z0Z_R	100.000	21	0	2.87e-07	42.1
M03520:605:000000000-LVNKY:1:1103:20301:6020;size=8	RH.E04EE94198274F7Z0Z_F	100.000	23	0	1.84e-08	46.1
M03520:605:000000000-LVNKY:1:1103:20301:6020;size=8	RH.E04EE94198274F7Z0Z_R	95.833	24	1	1.13e-06	40.1
M03520:605:000000000-LVNKY:1:1103:21292:21796;size=8	RH.0550AF0F57084ADZ0Z_F	100.000	24	0	4.65e-09	48.1
M03520:605:000000000-LVNKY:1:1103:21292:21796;size=8	RH.0550AF0F57084ADZ0Z_R	100.000	22	0	7.27e-08	44.1
M03520:605:000000000-LVNKY:1:1103:21594:15869;size=8	RH.7CE39E25906745AZ0Z_R	100.000	25	0	1.18e-09	50.1
M03520:605:000000000-LVNKY:1:1103:21594:15869;size=8	RH.7CE39E25906745AZ0Z_F	100.000	25	0	1.18e-09	50.1
M03520:605:000000000-LVNKY:1:1103:22265:25835;size=8	RH.2AFFFBA0E81C482Z0Z_R	100.000	23	0	1.84e-08	46.1
M03520:605:000000000-LVNKY:1:1103:22265:25835;size=8	RH.2AFFFBA0E81C482Z0Z_F	100.000	23	0	1.84e-08	46.1
M03520:605:000000000-LVNKY:1:1103:22749:10434;size=8	RH.DDB83AFF97C94C6Z0Z_R	100.000	25	0	1.18e-09	50.1
M03520:605:000000000-LVNKY:1:1103:22749:10434;size=8	RH.DDB83AFF97C94C6Z0Z_F	100.000	24	0	4.65e-09	48.1
M03520:605:000000000-LVNKY:1:1103:2278:15865;size=8	RH.51338FA06EDB4F0Z0Z_R	100.000	25	0	1.18e-09	50.1
M03520:605:000000000-LVNKY:1:1103:2278:15865;size=8	RH.51338FA06EDB4F0Z0Z_F	100.000	25	0	1.18e-09	50.1
M03520:605:000000000-LVNKY:1:1103:24566:13602;size=8	RH.0BD19D1A26A74EBZ0Z_R	100.000	24	0	4.65e-09	48.1
M03520:605:000000000-LVNKY:1:1103:25254:11555;size=8	RH.2AFFFBA0E81C482Z0Z_F	100.000	23	0	1.84e-08	46.1
M03520:605:000000000-LVNKY:1:1103:25254:11555;size=8	RH.2AFFFBA0E81C482Z0Z_R	95.652	23	1	4.48e-06	38.2
M03520:605:000000000-LVNKY:1:1103:25565:15169;size=8	RH.0550AF0F57084ADZ0Z_F	100.000	24	0	4.65e-09	48.1
M03520:605:000000000-LVNKY:1:1103:25565:15169;size=8	RH.0550AF0F57084ADZ0Z_R	100.000	22	0	7.27e-08	44.1
M03520:605:000000000-LVNKY:1:1103:28125:11698;size=8	RH.27578A9A85FA4A3Z0Z_F	100.000	24	0	4.65e-09	48.1
M03520:605:000000000-LVNKY:1:1103:28125:11698;size=8	RH.27578A9A85FA4A3Z0Z_R	100.000	22	0	7.27e-08	44.1
M03520:605:000000000-LVNKY:1:1103:3010:13286;size=8	RH.51338FA06EDB4F0Z0Z_F	100.000	25	0	1.18e-09	50.1
M03520:605:000000000-LVNKY:1:1103:3010:13286;size=8	RH.51338FA06EDB4F0Z0Z_R	100.000	25	0	1.18e-09	50.1
M03520:605:000000000-LVNKY:1:1103:4556:19378;size=8	RH.7CE39E25906745AZ0Z_R	100.000	26	0	2.98e-10	52.0
M03520:605:000000000-LVNKY:1:1103:4556:19378;size=8	RH.7CE39E25906745AZ0Z_F	100.000	25	0	1.18e-09	50.1
M03520:605:000000000-LVNKY:1:1103:5577:13611;size=8	RH.0096A141894D447Z0Z_R	100.000	22	0	7.27e-08	44.1
M03520:605:000000000-LVNKY:1:1103:6977:17215;size=8	RH.CA1E204B0C0842DZ0Z_F	100.000	26	0	2.98e-10	52.0
M03520:605:000000000-LVNKY:1:1103:6977:17215;size=8	RH.CA1E204B0C0842DZ0Z_R	100.000	24	0	4.65e-09	48.1
M03520:605:000000000-LVNKY:1:1103:7098:10238;size=8	RH.51338FA06EDB4F0Z0Z_F	100.000	25	0	1.18e-09	50.1
M03520:605:000000000-LVNKY:1:1103:7098:10238;size=8	RH.51338FA06EDB4F0Z0Z_R	96.000	25	1	2.87e-07	42.1
M03520:605:000000000-LVNKY:1:1103:7828:17811;size=8	RH.DDB83AFF97C94C6Z0Z_R	100.000	25	0	1.18e-09	50.1
M03520:605:000000000-LVNKY:1:1103:7828:17811;size=8	RH.DDB83AFF97C94C6Z0Z_F	100.000	24	0	4.65e-09	48.1
M03520:605:000000000-LVNKY:1:1103:9502:15559;size=8	RH.27578A9A85FA4A3Z0Z_F	100.000	24	0	4.65e-09	48.1
M03520:605:000000000-LVNKY:1:1103:9502:15559;size=8	RH.27578A9A85FA4A3Z0Z_R	100.000	22	0	7.27e-08	44.1
M03520:605:000000000-LVNKY:1:1104:10449:27144;size=8	RH.DDB83AFF97C94C6Z0Z_R	100.000	25	0	1.18e-09	50.1
M03520:605:000000000-LVNKY:1:1104:10449:27144;size=8	RH.DDB83AFF97C94C6Z0Z_F	100.000	24	0	4.65e-09	48.1
M03520:605:000000000-LVNKY:1:1104:10982:4897;size=8	RH.0550AF0F57084ADZ0Z_F	100.000	24	0	4.65e-09	48.1
M03520:605:000000000-LVNKY:1:1104:10982:4897;size=8	RH.0550AF0F57084ADZ0Z_R	100.000	19	0	4.48e-06	38.2
M03520:605:000000000-LVNKY:1:1104:11336:27199;size=8	RH.69CEA0AC39F4445Z0Z_F	100.000	24	0	4.65e-09	48.1
M03520:605:000000000-LVNKY:1:1104:11336:27199;size=8	RH.69CEA0AC39F4445Z0Z_R	100.000	23	0	1.84e-08	46.1
M03520:605:000000000-LVNKY:1:1104:15002:25797;size=8	RH.7CE39E25906745AZ0Z_R	100.000	26	0	2.98e-10	52.0
M03520:605:000000000-LVNKY:1:1104:15002:25797;size=8	RH.7CE39E25906745AZ0Z_F	100.000	25	0	1.18e-09	50.1
M03520:605:000000000-LVNKY:1:1104:17464:23279;size=8	RH.2AFFFBA0E81C482Z0Z_R	100.000	23	0	1.84e-08	46.1
M03520:605:000000000-LVNKY:1:1104:17464:23279;size=8	RH.2AFFFBA0E81C482Z0Z_F	100.000	23	0	1.84e-08	46.1
M03520:605:000000000-LVNKY:1:1104:19637:24834;size=8	RH.2AFFFBA0E81C482Z0Z_F	100.000	23	0	1.84e-08	46.1
M03520:605:000000000-LVNKY:1:1104:19637:24834;size=8	RH.2AFFFBA0E81C482Z0Z_R	100.000	23	0	1.84e-08	46.1
M03520:605:000000000-LVNKY:1:1104:19720:12845;size=8	RH.0096A141894D447Z0Z_F	100.000	24	0	4.65e-09	48.1
M03520:605:000000000-LVNKY:1:1104:19720:12845;size=8	RH.0096A141894D447Z0Z_R	100.000	21	0	2.87e-07	42.1
M03520:605:000000000-LVNKY:1:1104:21633:20171;size=8	RH.CA1E204B0C0842DZ0Z_F	100.000	26	0	2.98e-10	52.0
M03520:605:000000000-LVNKY:1:1104:21633:20171;size=8	RH.CA1E204B0C0842DZ0Z_R	100.000	22	0	7.27e-08	44.1
M03520:605:000000000-LVNKY:1:1104:21956:2917;size=8	RH.7CE39E25906745AZ0Z_R	100.000	26	0	2.98e-10	52.0
M03520:605:000000000-LVNKY:1:1104:21956:2917;size=8	RH.7CE39E25906745AZ0Z_F	100.000	25	0	1.18e-09	50.1
M03520:605:000000000-LVNKY:1:1104:22836:10841;size=8	RH.0550AF0F57084ADZ0Z_F	100.000	24	0	4.65e-09	48.1
M03520:605:000000000-LVNKY:1:1104:22836:10841;size=8	RH.0550AF0F57084ADZ0Z_R	100.000	22	0	7.27e-08	44.1
M03520:605:000000000-LVNKY:1:1104:22875:21595;size=8	RH.2A8AD21024974C0Z0Z_F	100.000	26	0	2.98e-10	52.0
M03520:605:000000000-LVNKY:1:1104:22875:21595;size=8	RH.2A8AD21024974C0Z0Z_R	100.000	25	0	1.18e-09	50.1
M03520:605:000000000-LVNKY:1:1104:25017:14739;size=8	RH.7CE39E25906745AZ0Z_R	100.000	26	0	2.98e-10	52.0
M03520:605:000000000-LVNKY:1:1104:25017:14739;size=8	RH.7CE39E25906745AZ0Z_F	100.000	25	0	1.18e-09	50.1
M03520:605:000000000-LVNKY:1:1104:26963:7745;size=8	RH.51338FA06EDB4F0Z0Z_R	100.000	25	0	1.18e-09	50.1
M03520:605:000000000-LVNKY:1:1104:26963:7745;size=8	RH.51338FA06EDB4F0Z0Z_F	100.000	25	0	1.18e-09	50.1
M03520:605:000000000-LVNKY:1:1104:3218:13712;size=8	RH.27578A9A85FA4A3Z0Z_R	100.000	22	0	7.27e-08	44.1
M03520:605:000000000-LVNKY:1:1104:3218:13712;size=8	RH.27578A9A85FA4A3Z0Z_F	95.833	24	1	1.13e-06	40.1
M03520:605:000000000-LVNKY:1:1104:3604:17437;size=8	RH.51338FA06EDB4F0Z0Z_F	100.000	25	0	1.18e-09	50.1
M03520:605:000000000-LVNKY:1:1104:3604:17437;size=8	RH.51338FA06EDB4F0Z0Z_R	100.000	25	0	1.18e-09	50.1
M03520:605:000000000-LVNKY:1:1104:3732:13482;size=8	RH.2A8AD21024974C0Z0Z_F	100.000	26	0	2.98e-10	52.0
M03520:605:000000000-LVNKY:1:1104:3732:13482;size=8	RH.2A8AD21024974C0Z0Z_R	100.000	25	0	1.18e-09	50.1
M03520:605:000000000-LVNKY:1:1104:4100:8869;size=8	RH.2A8AD21024974C0Z0Z_F	100.000	26	0	2.98e-10	52.0
M03520:605:000000000-LVNKY:1:1104:4100:8869;size=8	RH.2A8AD21024974C0Z0Z_R	100.000	25	0	1.18e-09	50.1
M03520:605:000000000-LVNKY:1:1104:4246:17338;size=8	RH.1CC74B91718A42FZ0Z_R	100.000	25	0	1.18e-09	50.1
M03520:605:000000000-LVNKY:1:1104:4246:17338;size=8	RH.1CC74B91718A42FZ0Z_F	95.833	24	1	1.13e-06	40.1
M03520:605:000000000-LVNKY:1:1104:4404:16806;size=8	RH.2091F326F74640CZ0Z_F	100.000	24	0	4.65e-09	48.1
M03520:605:000000000-LVNKY:1:1104:4404:16806;size=8	RH.2091F326F74640CZ0Z_R	100.000	22	0	7.27e-08	44.1
M03520:605:000000000-LVNKY:1:1104:6550:18775;size=8	RH.DDB83AFF97C94C6Z0Z_R	100.000	25	0	1.18e-09	50.1
M03520:605:000000000-LVNKY:1:1104:6550:18775;size=8	RH.DDB83AFF97C94C6Z0Z_F	100.000	24	0	4.65e-09	48.1
M03520:605:000000000-LVNKY:1:1104:6656:4872;size=8	RH.B9EF730EBE6C436Z0Z_R	100.000	25	0	1.18e-09	50.1
M03520:605:000000000-LVNKY:1:1104:6656:4872;size=8	RH.B9EF730EBE6C436Z0Z_F	100.000	22	0	7.27e-08	44.1
M03520:605:000000000-LVNKY:1:1104:8209:23483;size=8	RH.185D4E36BBF74FEZ0Z_F	100.000	27	0	7.54e-11	54.0
M03520:605:000000000-LVNKY:1:1104:8209:23483;size=8	RH.185D4E36BBF74FEZ0Z_R	100.000	26	0	2.98e-10	52.0
M03520:605:000000000-LVNKY:1:1104:8721:17726;size=8	RH.B9EF730EBE6C436Z0Z_R	100.000	25	0	1.18e-09	50.1
M03520:605:000000000-LVNKY:1:1104:8721:17726;size=8	RH.B9EF730EBE6C436Z0Z_F	100.000	25	0	1.18e-09	50.1
M03520:605:000000000-LVNKY:1:1104:9149:20985;size=8	RH.7CE39E25906745AZ0Z_R	100.000	26	0	2.98e-10	52.0
M03520:605:000000000-LVNKY:1:1104:9149:20985;size=8	RH.7CE39E25906745AZ0Z_F	100.000	25	0	1.18e-09	50.1
M03520:605:000000000-LVNKY:1:1105:12391:9245;size=8	RH.0BD19D1A26A74EBZ0Z_F	100.000	25	0	1.18e-09	50.1
M03520:605:000000000-LVNKY:1:1105:13963:17356;size=8	RH.DDB83AFF97C94C6Z0Z_F	100.000	24	0	4.65e-09	48.1
M03520:605:000000000-LVNKY:1:1105:13963:17356;size=8	RH.DDB83AFF97C94C6Z0Z_R	96.000	25	1	2.87e-07	42.1
M03520:605:000000000-LVNKY:1:1105:14077:12877;size=8	RH.0BD19D1A26A74EBZ0Z_R	100.000	24	0	4.65e-09	48.1
M03520:605:000000000-LVNKY:1:1105:14077:12877;size=8	RH.0BD19D1A26A74EBZ0Z_F	100.000	23	0	1.84e-08	46.1
M03520:605:000000000-LVNKY:1:1105:15144:4606;size=8	RH.1CC74B91718A42FZ0Z_R	100.000	25	0	1.18e-09	50.1
M03520:605:000000000-LVNKY:1:1105:15144:4606;size=8	RH.1CC74B91718A42FZ0Z_F	100.000	24	0	4.65e-09	48.1
M03520:605:000000000-LVNKY:1:1105:15209:17893;size=8	RH.0096A141894D447Z0Z_F	100.000	24	0	4.65e-09	48.1
M03520:605:000000000-LVNKY:1:1105:16238:4456;size=8	RH.7CE39E25906745AZ0Z_R	100.000	26	0	2.98e-10	52.0
M03520:605:000000000-LVNKY:1:1105:16238:4456;size=8	RH.7CE39E25906745AZ0Z_F	100.000	25	0	1.18e-09	50.1
M03520:605:000000000-LVNKY:1:1105:17930:2787;size=8	RH.1CC74B91718A42FZ0Z_R	100.000	25	0	1.18e-09	50.1
M03520:605:000000000-LVNKY:1:1105:17930:2787;size=8	RH.1CC74B91718A42FZ0Z_F	100.000	24	0	4.65e-09	48.1
M03520:605:000000000-LVNKY:1:1105:20134:18548;size=8	RH.0550AF0F57084ADZ0Z_F	100.000	24	0	4.65e-09	48.1
M03520:605:000000000-LVNKY:1:1105:20134:18548;size=8	RH.0550AF0F57084ADZ0Z_R	100.000	22	0	7.27e-08	44.1
M03520:605:000000000-LVNKY:1:1105:20860:18101;size=8	RH.B9EF730EBE6C436Z0Z_F	100.000	25	0	1.18e-09	50.1
M03520:605:000000000-LVNKY:1:1105:20860:18101;size=8	RH.B9EF730EBE6C436Z0Z_R	100.000	19	0	4.48e-06	38.2
M03520:605:000000000-LVNKY:1:1105:22188:6361;size=8	RH.0BD19D1A26A74EBZ0Z_F	100.000	25	0	1.18e-09	50.1
M03520:605:000000000-LVNKY:1:1105:22188:6361;size=8	RH.0BD19D1A26A74EBZ0Z_R	100.000	24	0	4.65e-09	48.1
M03520:605:000000000-LVNKY:1:1105:23888:4469;size=8	RH.27578A9A85FA4A3Z0Z_F	100.000	24	0	4.65e-09	48.1
M03520:605:000000000-LVNKY:1:1105:23888:4469;size=8	RH.27578A9A85FA4A3Z0Z_R	100.000	22	0	7.27e-08	44.1
M03520:605:000000000-LVNKY:1:1105:24537:8208;size=8	RH.0096A141894D447Z0Z_R	100.000	21	0	2.87e-07	42.1
M03520:605:000000000-LVNKY:1:1105:24537:8208;size=8	RH.0096A141894D447Z0Z_F	95.833	24	1	1.13e-06	40.1
M03520:605:000000000-LVNKY:1:1105:29013:17133;size=8	RH.69CEA0AC39F4445Z0Z_F	100.000	24	0	4.65e-09	48.1
M03520:605:000000000-LVNKY:1:1105:29013:17133;size=8	RH.69CEA0AC39F4445Z0Z_R	100.000	23	0	1.84e-08	46.1
M03520:605:000000000-LVNKY:1:1105:4597:7832;size=8	RH.0096A141894D447Z0Z_F	100.000	24	0	4.65e-09	48.1
M03520:605:000000000-LVNKY:1:1105:4597:7832;size=8	RH.0096A141894D447Z0Z_R	100.000	21	0	2.87e-07	42.1
M03520:605:000000000-LVNKY:1:1105:7328:5167;size=8	RH.B9EF730EBE6C436Z0Z_F	100.000	25	0	1.18e-09	50.1
M03520:605:000000000-LVNKY:1:1105:7328:5167;size=8	RH.B9EF730EBE6C436Z0Z_R	100.000	25	0	1.18e-09	50.1
M03520:605:000000000-LVNKY:1:1105:9210:23206;size=8	RH.B9EF730EBE6C436Z0Z_R	100.000	25	0	1.18e-09	50.1
M03520:605:000000000-LVNKY:1:1105:9210:23206;size=8	RH.B9EF730EBE6C436Z0Z_F	100.000	25	0	1.18e-09	50.1
M03520:605:000000000-LVNKY:1:1106:11175:7998;size=8	RH.51338FA06EDB4F0Z0Z_F	100.000	25	0	1.18e-09	50.1
M03520:605:000000000-LVNKY:1:1106:11175:7998;size=8	RH.51338FA06EDB4F0Z0Z_R	96.000	25	1	2.87e-07	42.1
M03520:605:000000000-LVNKY:1:1106:13480:23262;size=8	RH.0096A141894D447Z0Z_F	100.000	24	0	4.65e-09	48.1
M03520:605:000000000-LVNKY:1:1106:14043:21201;size=8	RH.85A5303CAAF54ADZ0Z_R	100.000	22	0	7.27e-08	44.1
M03520:605:000000000-LVNKY:1:1106:14043:21201;size=8	RH.85A5303CAAF54ADZ0Z_F	100.000	21	0	2.87e-07	42.1
M03520:605:000000000-LVNKY:1:1106:14483:22098;size=8	RH.DDB83AFF97C94C6Z0Z_F	100.000	24	0	4.65e-09	48.1
M03520:605:000000000-LVNKY:1:1106:14483:22098;size=8	RH.DDB83AFF97C94C6Z0Z_R	96.000	25	1	2.87e-07	42.1
M03520:605:000000000-LVNKY:1:1106:17360:10207;size=8	RH.27578A9A85FA4A3Z0Z_F	100.000	24	0	4.65e-09	48.1
M03520:605:000000000-LVNKY:1:1106:17360:10207;size=8	RH.27578A9A85FA4A3Z0Z_R	100.000	22	0	7.27e-08	44.1
M03520:605:000000000-LVNKY:1:1106:22534:7939;size=8	RH.2A8AD21024974C0Z0Z_F	100.000	26	0	2.98e-10	52.0
M03520:605:000000000-LVNKY:1:1106:22534:7939;size=8	RH.2A8AD21024974C0Z0Z_R	100.000	25	0	1.18e-09	50.1
M03520:605:000000000-LVNKY:1:1106:23724:10803;size=8	RH.51338FA06EDB4F0Z0Z_F	100.000	25	0	1.18e-09	50.1
M03520:605:000000000-LVNKY:1:1106:23724:10803;size=8	RH.51338FA06EDB4F0Z0Z_R	100.000	23	0	1.84e-08	46.1
M03520:605:000000000-LVNKY:1:1106:24544:5582;size=8	RH.0096A141894D447Z0Z_F	100.000	23	0	1.84e-08	46.1
M03520:605:000000000-LVNKY:1:1106:24544:5582;size=8	RH.0096A141894D447Z0Z_R	100.000	21	0	2.87e-07	42.1
M03520:605:000000000-LVNKY:1:1106:25363:8006;size=8	RH.1CC74B91718A42FZ0Z_R	100.000	25	0	1.18e-09	50.1
M03520:605:000000000-LVNKY:1:1106:25363:8006;size=8	RH.1CC74B91718A42FZ0Z_F	100.000	24	0	4.65e-09	48.1
M03520:605:000000000-LVNKY:1:1106:26323:13935;size=8	RH.6572108A164E48EZ0Z_R	100.000	25	0	1.18e-09	50.1
M03520:605:000000000-LVNKY:1:1106:26323:13935;size=8	RH.6572108A164E48EZ0Z_F	100.000	24	0	4.65e-09	48.1
M03520:605:000000000-LVNKY:1:1106:26408:17409;size=8	RH.0096A141894D447Z0Z_F	100.000	24	0	4.65e-09	48.1
M03520:605:000000000-LVNKY:1:1106:3050:15836;size=8	RH.CA1E204B0C0842DZ0Z_F	100.000	26	0	2.98e-10	52.0
M03520:605:000000000-LVNKY:1:1106:3050:15836;size=8	RH.CA1E204B0C0842DZ0Z_R	95.833	24	1	1.13e-06	40.1
M03520:605:000000000-LVNKY:1:1106:6402:7469;size=8	RH.185D4E36BBF74FEZ0Z_F	100.000	27	0	7.54e-11	54.0
M03520:605:000000000-LVNKY:1:1106:6402:7469;size=8	RH.185D4E36BBF74FEZ0Z_R	100.000	26	0	2.98e-10	52.0
M03520:605:000000000-LVNKY:1:1106:9088:6520;size=8	RH.0096A141894D447Z0Z_F	100.000	24	0	4.65e-09	48.1
M03520:605:000000000-LVNKY:1:1106:9088:6520;size=8	RH.0096A141894D447Z0Z_R	100.000	21	0	2.87e-07	42.1
M03520:605:000000000-LVNKY:1:1107:10233:11795;size=8	RH.7CE39E25906745AZ0Z_R	100.000	26	0	2.98e-10	52.0
M03520:605:000000000-LVNKY:1:1107:10233:11795;size=8	RH.7CE39E25906745AZ0Z_F	100.000	25	0	1.18e-09	50.1
M03520:605:000000000-LVNKY:1:1107:10263:5696;size=8	RH.F7E3D42951B44CCZ0Z_F	100.000	21	0	2.87e-07	42.1
M03520:605:000000000-LVNKY:1:1107:13999:15279;size=8	RH.0550AF0F57084ADZ0Z_F	100.000	24	0	4.65e-09	48.1
M03520:605:000000000-LVNKY:1:1107:13999:15279;size=8	RH.0550AF0F57084ADZ0Z_R	100.000	22	0	7.27e-08	44.1
M03520:605:000000000-LVNKY:1:1107:16737:9785;size=8	RH.F14C1F934B604A6Z0Z_F	100.000	23	0	1.84e-08	46.1
M03520:605:000000000-LVNKY:1:1107:16737:9785;size=8	RH.F2F19E4203944BDZ0Z_R	100.000	20	0	1.13e-06	40.1
M03520:605:000000000-LVNKY:1:1107:17742:3152;size=8	RH.9C70B4C9923B4A8Z0Z_F	100.000	23	0	1.84e-08	46.1
M03520:605:000000000-LVNKY:1:1107:17742:3152;size=8	RH.9C70B4C9923B4A8Z0Z_R	95.652	23	1	4.48e-06	38.2
M03520:605:000000000-LVNKY:1:1107:17844:2237;size=8	RH.85A5303CAAF54ADZ0Z_R	100.000	22	0	7.27e-08	44.1
M03520:605:000000000-LVNKY:1:1107:17844:2237;size=8	RH.85A5303CAAF54ADZ0Z_F	100.000	21	0	2.87e-07	42.1
M03520:605:000000000-LVNKY:1:1107:3251:20414;size=8	RH.2A8AD21024974C0Z0Z_F	100.000	26	0	2.98e-10	52.0
M03520:605:000000000-LVNKY:1:1107:3251:20414;size=8	RH.2A8AD21024974C0Z0Z_R	100.000	25	0	1.18e-09	50.1
M03520:605:000000000-LVNKY:1:1107:8773:20436;size=8	RH.7CE39E25906745AZ0Z_F	100.000	25	0	1.18e-09	50.1
M03520:605:000000000-LVNKY:1:1107:8773:20436;size=8	RH.7CE39E25906745AZ0Z_R	100.000	22	0	7.27e-08	44.1
M03520:605:000000000-LVNKY:1:1108:14492:6522;size=8	RH.7CE39E25906745AZ0Z_F	100.000	25	0	1.18e-09	50.1
M03520:605:000000000-LVNKY:1:1108:14492:6522;size=8	RH.7CE39E25906745AZ0Z_R	100.000	23	0	1.84e-08	46.1
M03520:605:000000000-LVNKY:1:1108:22567:6219;size=8	RH.0096A141894D447Z0Z_R	100.000	21	0	2.87e-07	42.1
M03520:605:000000000-LVNKY:1:1108:22567:6219;size=8	RH.0096A141894D447Z0Z_F	100.000	21	0	2.87e-07	42.1
M03520:605:000000000-LVNKY:1:1108:23206:11626;size=8	RH.0096A141894D447Z0Z_F	100.000	23	0	1.84e-08	46.1
M03520:605:000000000-LVNKY:1:1108:23206:11626;size=8	RH.0096A141894D447Z0Z_R	100.000	21	0	2.87e-07	42.1
M03520:605:000000000-LVNKY:1:1108:25162:12239;size=8	RH.E04EE94198274F7Z0Z_F	100.000	25	0	1.18e-09	50.1
M03520:605:000000000-LVNKY:1:1108:25162:12239;size=8	RH.E04EE94198274F7Z0Z_R	95.833	24	1	1.13e-06	40.1
M03520:605:000000000-LVNKY:1:1108:8405:7597;size=8	RH.0BD19D1A26A74EBZ0Z_R	100.000	24	0	4.65e-09	48.1
M03520:605:000000000-LVNKY:1:1108:8405:7597;size=8	RH.0BD19D1A26A74EBZ0Z_F	100.000	22	0	7.27e-08	44.1
M03520:605:000000000-LVNKY:1:1109:15680:16147;size=8	RH.8B25A056ABC1444Z0Z_R	100.000	24	0	4.65e-09	48.1
M03520:605:000000000-LVNKY:1:1109:15680:16147;size=8	RH.8B25A056ABC1444Z0Z_F	100.000	22	0	7.27e-08	44.1
M03520:605:000000000-LVNKY:1:1109:22722:26474;size=8	RH.51338FA06EDB4F0Z0Z_F	100.000	25	0	1.18e-09	50.1
M03520:605:000000000-LVNKY:1:1109:24140:18166;size=8	RH.7CE39E25906745AZ0Z_R	100.000	26	0	2.98e-10	52.0
M03520:605:000000000-LVNKY:1:1109:24140:18166;size=8	RH.7CE39E25906745AZ0Z_F	100.000	25	0	1.18e-09	50.1
M03520:605:000000000-LVNKY:1:1110:20405:12963;size=8	RH.27578A9A85FA4A3Z0Z_F	100.000	24	0	4.65e-09	48.1
M03520:605:000000000-LVNKY:1:1110:20405:12963;size=8	RH.27578A9A85FA4A3Z0Z_R	100.000	22	0	7.27e-08	44.1
M03520:605:000000000-LVNKY:1:1110:21591:5906;size=8	RH.0096A141894D447Z0Z_F	100.000	24	0	4.65e-09	48.1
M03520:605:000000000-LVNKY:1:1110:21995:9722;size=8	RH.6572108A164E48EZ0Z_R	100.000	25	0	1.18e-09	50.1
M03520:605:000000000-LVNKY:1:1110:21995:9722;size=8	RH.6572108A164E48EZ0Z_F	100.000	24	0	4.65e-09	48.1
M03520:605:000000000-LVNKY:1:1111:14023:16301;size=8	RH.DDB83AFF97C94C6Z0Z_R	100.000	25	0	1.18e-09	50.1
M03520:605:000000000-LVNKY:1:1111:14023:16301;size=8	RH.DDB83AFF97C94C6Z0Z_F	100.000	24	0	4.65e-09	48.1
M03520:605:000000000-LVNKY:1:1111:16885:23697;size=8	RH.B9EF730EBE6C436Z0Z_F	100.000	25	0	1.18e-09	50.1
M03520:605:000000000-LVNKY:1:1111:16885:23697;size=8	RH.B9EF730EBE6C436Z0Z_R	100.000	20	0	1.13e-06	40.1
M03520:605:000000000-LVNKY:1:1111:19593:25543;size=8	RH.0BD19D1A26A74EBZ0Z_F	100.000	25	0	1.18e-09	50.1
M03520:605:000000000-LVNKY:1:1111:19593:25543;size=8	RH.0BD19D1A26A74EBZ0Z_R	100.000	24	0	4.65e-09	48.1
M03520:605:000000000-LVNKY:1:1111:24778:14691;size=8	RH.7CE39E25906745AZ0Z_R	100.000	26	0	2.98e-10	52.0
M03520:605:000000000-LVNKY:1:1111:24778:14691;size=8	RH.7CE39E25906745AZ0Z_F	100.000	25	0	1.18e-09	50.1
M03520:605:000000000-LVNKY:1:1111:8923:17312;size=8	RH.0BD19D1A26A74EBZ0Z_R	100.000	24	0	4.65e-09	48.1
M03520:605:000000000-LVNKY:1:1112:13470:22147;size=8	RH.E04EE94198274F7Z0Z_F	100.000	25	0	1.18e-09	50.1
M03520:605:000000000-LVNKY:1:1112:13470:22147;size=8	RH.E04EE94198274F7Z0Z_R	95.652	23	1	4.48e-06	38.2
M03520:605:000000000-LVNKY:1:1112:15982:13719;size=8	RH.7CE39E25906745AZ0Z_R	100.000	26	0	2.98e-10	52.0
M03520:605:000000000-LVNKY:1:1112:15982:13719;size=8	RH.7CE39E25906745AZ0Z_F	100.000	25	0	1.18e-09	50.1
M03520:605:000000000-LVNKY:1:1112:4449:9831;size=8	RH.0096A141894D447Z0Z_F	100.000	24	0	4.65e-09	48.1
M03520:605:000000000-LVNKY:1:1112:4449:9831;size=8	RH.0096A141894D447Z0Z_R	100.000	21	0	2.87e-07	42.1
M03520:605:000000000-LVNKY:1:1101:10215:13653;size=7	RH.1CC74B91718A42FZ0Z_R	100.000	25	0	1.18e-09	50.1
M03520:605:000000000-LVNKY:1:1101:10215:13653;size=7	RH.1CC74B91718A42FZ0Z_F	100.000	24	0	4.65e-09	48.1
M03520:605:000000000-LVNKY:1:1101:10766:8619;size=7	RH.0096A141894D447Z0Z_F	100.000	24	0	4.65e-09	48.1
M03520:605:000000000-LVNKY:1:1101:10766:8619;size=7	RH.0096A141894D447Z0Z_R	100.000	21	0	2.87e-07	42.1
M03520:605:000000000-LVNKY:1:1101:11179:4431;size=7	RH.27578A9A85FA4A3Z0Z_F	100.000	24	0	4.65e-09	48.1
M03520:605:000000000-LVNKY:1:1101:11179:4431;size=7	RH.27578A9A85FA4A3Z0Z_R	100.000	22	0	7.27e-08	44.1
M03520:605:000000000-LVNKY:1:1101:11394:25590;size=7	RH.0096A141894D447Z0Z_F	95.833	24	1	1.13e-06	40.1
M03520:605:000000000-LVNKY:1:1101:11519:14189;size=7	RH.2AFFFBA0E81C482Z0Z_R	100.000	23	0	1.84e-08	46.1
M03520:605:000000000-LVNKY:1:1101:11519:14189;size=7	RH.2AFFFBA0E81C482Z0Z_F	100.000	23	0	1.84e-08	46.1
M03520:605:000000000-LVNKY:1:1101:11852:3564;size=7	RH.85A5303CAAF54ADZ0Z_R	100.000	22	0	7.27e-08	44.1
M03520:605:000000000-LVNKY:1:1101:11852:3564;size=7	RH.85A5303CAAF54ADZ0Z_F	100.000	21	0	2.87e-07	42.1
M03520:605:000000000-LVNKY:1:1101:12501:4489;size=7	RH.0096A141894D447Z0Z_F	100.000	24	0	4.65e-09	48.1
M03520:605:000000000-LVNKY:1:1101:12501:4489;size=7	RH.0096A141894D447Z0Z_R	100.000	21	0	2.87e-07	42.1
M03520:605:000000000-LVNKY:1:1101:12554:3570;size=7	RH.0096A141894D447Z0Z_F	100.000	24	0	4.65e-09	48.1
M03520:605:000000000-LVNKY:1:1101:12554:3570;size=7	RH.0096A141894D447Z0Z_R	100.000	21	0	2.87e-07	42.1
M03520:605:000000000-LVNKY:1:1101:13963:12934;size=7	RH.2A8AD21024974C0Z0Z_F	100.000	26	0	2.98e-10	52.0
M03520:605:000000000-LVNKY:1:1101:13963:12934;size=7	RH.2A8AD21024974C0Z0Z_R	100.000	21	0	2.87e-07	42.1
M03520:605:000000000-LVNKY:1:1101:14860:2191;size=7	RH.DDB83AFF97C94C6Z0Z_F	100.000	24	0	4.65e-09	48.1
M03520:605:000000000-LVNKY:1:1101:15196:11695;size=7	RH.2A8AD21024974C0Z0Z_F	100.000	26	0	2.98e-10	52.0
M03520:605:000000000-LVNKY:1:1101:15196:11695;size=7	RH.2A8AD21024974C0Z0Z_R	100.000	25	0	1.18e-09	50.1
M03520:605:000000000-LVNKY:1:1101:15236:11873;size=7	RH.85A5303CAAF54ADZ0Z_R	100.000	22	0	7.27e-08	44.1
M03520:605:000000000-LVNKY:1:1101:15283:23990;size=7	RH.2A8AD21024974C0Z0Z_R	100.000	25	0	1.18e-09	50.1
M03520:605:000000000-LVNKY:1:1101:15283:23990;size=7	RH.2A8AD21024974C0Z0Z_F	96.154	26	1	7.27e-08	44.1
M03520:605:000000000-LVNKY:1:1101:15516:26946;size=7	RH.6572108A164E48EZ0Z_R	100.000	25	0	1.18e-09	50.1
M03520:605:000000000-LVNKY:1:1101:15516:26946;size=7	RH.6572108A164E48EZ0Z_F	100.000	24	0	4.65e-09	48.1
M03520:605:000000000-LVNKY:1:1101:15549:19191;size=7	RH.2A8AD21024974C0Z0Z_F	100.000	26	0	2.98e-10	52.0
M03520:605:000000000-LVNKY:1:1101:15549:19191;size=7	RH.2A8AD21024974C0Z0Z_R	100.000	25	0	1.18e-09	50.1
M03520:605:000000000-LVNKY:1:1101:16226:9878;size=7	RH.B5A2E3C1CC8E44AZ0Z_F	100.000	23	0	1.84e-08	46.1
M03520:605:000000000-LVNKY:1:1101:16226:9878;size=7	RH.B5A2E3C1CC8E44AZ0Z_R	100.000	22	0	7.27e-08	44.1
M03520:605:000000000-LVNKY:1:1101:16781:25551;size=7	RH.7CE39E25906745AZ0Z_R	100.000	26	0	2.98e-10	52.0
M03520:605:000000000-LVNKY:1:1101:16781:25551;size=7	RH.7CE39E25906745AZ0Z_F	100.000	25	0	1.18e-09	50.1
M03520:605:000000000-LVNKY:1:1101:16821:18796;size=7	RH.DDB83AFF97C94C6Z0Z_R	100.000	25	0	1.18e-09	50.1
M03520:605:000000000-LVNKY:1:1101:16821:18796;size=7	RH.8B25A056ABC1444Z0Z_F	100.000	22	0	7.27e-08	44.1
M03520:605:000000000-LVNKY:1:1101:17399:23103;size=7	RH.E04EE94198274F7Z0Z_F	96.000	25	1	2.87e-07	42.1
M03520:605:000000000-LVNKY:1:1101:17399:23103;size=7	RH.E04EE94198274F7Z0Z_R	95.833	24	1	1.13e-06	40.1
M03520:605:000000000-LVNKY:1:1101:17428:7492;size=7	RH.0096A141894D447Z0Z_R	100.000	21	0	2.87e-07	42.1
M03520:605:000000000-LVNKY:1:1101:17428:7492;size=7	RH.0096A141894D447Z0Z_F	95.833	24	1	1.13e-06	40.1
M03520:605:000000000-LVNKY:1:1101:17624:17611;size=7	RH.8B25A056ABC1444Z0Z_R	100.000	24	0	4.65e-09	48.1
M03520:605:000000000-LVNKY:1:1101:17624:17611;size=7	RH.8B25A056ABC1444Z0Z_F	100.000	22	0	7.27e-08	44.1
M03520:605:000000000-LVNKY:1:1101:17897:21323;size=7	RH.69CEA0AC39F4445Z0Z_F	100.000	24	0	4.65e-09	48.1
M03520:605:000000000-LVNKY:1:1101:17897:21323;size=7	RH.69CEA0AC39F4445Z0Z_R	100.000	23	0	1.84e-08	46.1
M03520:605:000000000-LVNKY:1:1101:18618:8224;size=7	RH.DDB83AFF97C94C6Z0Z_R	100.000	25	0	1.18e-09	50.1
M03520:605:000000000-LVNKY:1:1101:18618:8224;size=7	RH.DDB83AFF97C94C6Z0Z_F	95.833	24	1	1.13e-06	40.1
M03520:605:000000000-LVNKY:1:1101:18747:5844;size=7	RH.0BD19D1A26A74EBZ0Z_F	100.000	25	0	1.18e-09	50.1
M03520:605:000000000-LVNKY:1:1101:18747:5844;size=7	RH.0BD19D1A26A74EBZ0Z_R	100.000	24	0	4.65e-09	48.1
M03520:605:000000000-LVNKY:1:1101:18966:5044;size=7	RH.69CEA0AC39F4445Z0Z_R	100.000	23	0	1.84e-08	46.1
M03520:605:000000000-LVNKY:1:1101:18966:5044;size=7	RH.69CEA0AC39F4445Z0Z_F	100.000	20	0	1.13e-06	40.1
M03520:605:000000000-LVNKY:1:1101:19300:17212;size=7	RH.2A8AD21024974C0Z0Z_F	100.000	26	0	2.98e-10	52.0
M03520:605:000000000-LVNKY:1:1101:19300:17212;size=7	RH.2A8AD21024974C0Z0Z_R	100.000	25	0	1.18e-09	50.1
M03520:605:000000000-LVNKY:1:1101:19456:6153;size=7	RH.B9EF730EBE6C436Z0Z_F	100.000	25	0	1.18e-09	50.1
M03520:605:000000000-LVNKY:1:1101:19690:20806;size=7	RH.1CC74B91718A42FZ0Z_R	100.000	25	0	1.18e-09	50.1
M03520:605:000000000-LVNKY:1:1101:19690:20806;size=7	RH.1CC74B91718A42FZ0Z_F	100.000	24	0	4.65e-09	48.1
M03520:605:000000000-LVNKY:1:1101:20372:13225;size=7	RH.CA1E204B0C0842DZ0Z_R	100.000	24	0	4.65e-09	48.1
M03520:605:000000000-LVNKY:1:1101:20372:13225;size=7	RH.CA1E204B0C0842DZ0Z_F	96.154	26	1	7.27e-08	44.1
M03520:605:000000000-LVNKY:1:1101:21292:26710;size=7	RH.DDB83AFF97C94C6Z0Z_R	100.000	25	0	1.18e-09	50.1
M03520:605:000000000-LVNKY:1:1101:21292:26710;size=7	RH.DDB83AFF97C94C6Z0Z_F	100.000	20	0	1.13e-06	40.1
M03520:605:000000000-LVNKY:1:1101:21300:3384;size=7	RH.CA1E204B0C0842DZ0Z_F	100.000	26	0	2.98e-10	52.0
M03520:605:000000000-LVNKY:1:1101:21300:3384;size=7	RH.CA1E204B0C0842DZ0Z_R	100.000	24	0	4.65e-09	48.1
M03520:605:000000000-LVNKY:1:1101:2193:15590;size=7	RH.DDB83AFF97C94C6Z0Z_R	100.000	25	0	1.18e-09	50.1
M03520:605:000000000-LVNKY:1:1101:22416:13188;size=7	RH.27578A9A85FA4A3Z0Z_R	100.000	22	0	7.27e-08	44.1
M03520:605:000000000-LVNKY:1:1101:23067:13247;size=7	RH.DDB83AFF97C94C6Z0Z_R	100.000	25	0	1.18e-09	50.1
M03520:605:000000000-LVNKY:1:1101:23067:13247;size=7	RH.DDB83AFF97C94C6Z0Z_F	100.000	24	0	4.65e-09	48.1
M03520:605:000000000-LVNKY:1:1101:23276:24685;size=7	RH.2A8AD21024974C0Z0Z_F	100.000	26	0	2.98e-10	52.0
M03520:605:000000000-LVNKY:1:1101:23276:24685;size=7	RH.2A8AD21024974C0Z0Z_R	100.000	25	0	1.18e-09	50.1
M03520:605:000000000-LVNKY:1:1101:23507:7898;size=7	RH.51338FA06EDB4F0Z0Z_F	100.000	25	0	1.18e-09	50.1
M03520:605:000000000-LVNKY:1:1101:23507:7898;size=7	RH.51338FA06EDB4F0Z0Z_R	100.000	25	0	1.18e-09	50.1
M03520:605:000000000-LVNKY:1:1101:2523:15858;size=7	RH.0550AF0F57084ADZ0Z_F	100.000	24	0	4.65e-09	48.1
M03520:605:000000000-LVNKY:1:1101:2523:15858;size=7	RH.0550AF0F57084ADZ0Z_R	100.000	22	0	7.27e-08	44.1
M03520:605:000000000-LVNKY:1:1101:25312:19684;size=7	RH.E04EE94198274F7Z0Z_F	100.000	25	0	1.18e-09	50.1
M03520:605:000000000-LVNKY:1:1101:25312:19684;size=7	RH.E04EE94198274F7Z0Z_R	95.833	24	1	1.13e-06	40.1
M03520:605:000000000-LVNKY:1:1101:25747:22195;size=7	RH.2091F326F74640CZ0Z_F	100.000	24	0	4.65e-09	48.1
M03520:605:000000000-LVNKY:1:1101:25896:9654;size=7	RH.2A8AD21024974C0Z0Z_R	100.000	25	0	1.18e-09	50.1
M03520:605:000000000-LVNKY:1:1101:25896:9654;size=7	RH.2A8AD21024974C0Z0Z_F	96.154	26	1	7.27e-08	44.1
M03520:605:000000000-LVNKY:1:1101:26119:16931;size=7	RH.27578A9A85FA4A3Z0Z_F	100.000	24	0	4.65e-09	48.1
M03520:605:000000000-LVNKY:1:1101:26119:16931;size=7	RH.27578A9A85FA4A3Z0Z_R	100.000	22	0	7.27e-08	44.1
M03520:605:000000000-LVNKY:1:1101:26255:14110;size=7	RH.1CC74B91718A42FZ0Z_R	100.000	25	0	1.18e-09	50.1
M03520:605:000000000-LVNKY:1:1101:26255:14110;size=7	RH.1CC74B91718A42FZ0Z_F	100.000	20	0	1.13e-06	40.1
M03520:605:000000000-LVNKY:1:1101:26388:13763;size=7	RH.DDB83AFF97C94C6Z0Z_R	100.000	25	0	1.18e-09	50.1
M03520:605:000000000-LVNKY:1:1101:26388:13763;size=7	RH.DDB83AFF97C94C6Z0Z_F	100.000	24	0	4.65e-09	48.1
M03520:605:000000000-LVNKY:1:1101:26522:13346;size=7	RH.7CE39E25906745AZ0Z_R	100.000	26	0	2.98e-10	52.0
M03520:605:000000000-LVNKY:1:1101:26522:13346;size=7	RH.7CE39E25906745AZ0Z_F	100.000	25	0	1.18e-09	50.1
M03520:605:000000000-LVNKY:1:1101:26562:11424;size=7	RH.51338FA06EDB4F0Z0Z_F	100.000	25	0	1.18e-09	50.1
M03520:605:000000000-LVNKY:1:1101:26562:11424;size=7	RH.51338FA06EDB4F0Z0Z_R	100.000	25	0	1.18e-09	50.1
M03520:605:000000000-LVNKY:1:1101:26720:14002;size=7	RH.7CE39E25906745AZ0Z_R	100.000	26	0	2.98e-10	52.0
M03520:605:000000000-LVNKY:1:1101:26720:14002;size=7	RH.7CE39E25906745AZ0Z_F	100.000	25	0	1.18e-09	50.1
M03520:605:000000000-LVNKY:1:1101:2874:18188;size=7	RH.B9EF730EBE6C436Z0Z_R	100.000	25	0	1.18e-09	50.1
M03520:605:000000000-LVNKY:1:1101:2874:18188;size=7	RH.B9EF730EBE6C436Z0Z_F	100.000	25	0	1.18e-09	50.1
M03520:605:000000000-LVNKY:1:1101:29097:16225;size=7	RH.0BD19D1A26A74EBZ0Z_F	100.000	25	0	1.18e-09	50.1
M03520:605:000000000-LVNKY:1:1101:29097:16225;size=7	RH.0BD19D1A26A74EBZ0Z_R	100.000	24	0	4.65e-09	48.1
M03520:605:000000000-LVNKY:1:1101:4072:11207;size=7	RH.7CE39E25906745AZ0Z_R	100.000	26	0	2.98e-10	52.0
M03520:605:000000000-LVNKY:1:1101:4072:11207;size=7	RH.7CE39E25906745AZ0Z_F	100.000	25	0	1.18e-09	50.1
M03520:605:000000000-LVNKY:1:1101:5452:22731;size=7	RH.0BD19D1A26A74EBZ0Z_F	100.000	24	0	4.65e-09	48.1
M03520:605:000000000-LVNKY:1:1101:5452:22731;size=7	RH.0BD19D1A26A74EBZ0Z_R	100.000	24	0	4.65e-09	48.1
M03520:605:000000000-LVNKY:1:1101:5484:13868;size=7	RH.0096A141894D447Z0Z_F	100.000	24	0	4.65e-09	48.1
M03520:605:000000000-LVNKY:1:1101:6951:16010;size=7	RH.8B25A056ABC1444Z0Z_R	100.000	24	0	4.65e-09	48.1
M03520:605:000000000-LVNKY:1:1101:6951:16010;size=7	RH.8B25A056ABC1444Z0Z_F	100.000	22	0	7.27e-08	44.1
M03520:605:000000000-LVNKY:1:1101:7036:12707;size=7	RH.2091F326F74640CZ0Z_F	100.000	24	0	4.65e-09	48.1
M03520:605:000000000-LVNKY:1:1101:7036:12707;size=7	RH.2091F326F74640CZ0Z_R	100.000	22	0	7.27e-08	44.1
M03520:605:000000000-LVNKY:1:1101:7925:8443;size=7	RH.27578A9A85FA4A3Z0Z_R	100.000	22	0	7.27e-08	44.1
M03520:605:000000000-LVNKY:1:1101:7925:8443;size=7	RH.27578A9A85FA4A3Z0Z_F	95.833	24	1	1.13e-06	40.1
M03520:605:000000000-LVNKY:1:1101:8205:8783;size=7	RH.F7E3D42951B44CCZ0Z_R	100.000	22	0	7.27e-08	44.1
M03520:605:000000000-LVNKY:1:1101:8205:8783;size=7	RH.F7E3D42951B44CCZ0Z_F	100.000	22	0	7.27e-08	44.1
M03520:605:000000000-LVNKY:1:1101:9031:13782;size=7	RH.2A8AD21024974C0Z0Z_R	100.000	25	0	1.18e-09	50.1
M03520:605:000000000-LVNKY:1:1101:9031:13782;size=7	RH.2A8AD21024974C0Z0Z_F	96.154	26	1	7.27e-08	44.1
M03520:605:000000000-LVNKY:1:1101:9036:7393;size=7	RH.69CEA0AC39F4445Z0Z_R	100.000	23	0	1.84e-08	46.1
M03520:605:000000000-LVNKY:1:1101:9036:7393;size=7	RH.69CEA0AC39F4445Z0Z_F	95.833	24	1	1.13e-06	40.1
M03520:605:000000000-LVNKY:1:1101:9288:11876;size=7	RH.DDB83AFF97C94C6Z0Z_R	100.000	25	0	1.18e-09	50.1
M03520:605:000000000-LVNKY:1:1101:9288:11876;size=7	RH.DDB83AFF97C94C6Z0Z_F	100.000	24	0	4.65e-09	48.1
M03520:605:000000000-LVNKY:1:1101:9401:20951;size=7	RH.DDB83AFF97C94C6Z0Z_R	100.000	25	0	1.18e-09	50.1
M03520:605:000000000-LVNKY:1:1101:9401:20951;size=7	RH.DDB83AFF97C94C6Z0Z_F	100.000	24	0	4.65e-09	48.1
M03520:605:000000000-LVNKY:1:1101:9732:22025;size=7	RH.1CC74B91718A42FZ0Z_F	100.000	24	0	4.65e-09	48.1
M03520:605:000000000-LVNKY:1:1101:9732:22025;size=7	RH.1CC74B91718A42FZ0Z_R	96.000	25	1	2.87e-07	42.1
M03520:605:000000000-LVNKY:1:1102:11170:2554;size=7	RH.2A8AD21024974C0Z0Z_R	100.000	25	0	1.18e-09	50.1
M03520:605:000000000-LVNKY:1:1102:11170:2554;size=7	RH.2A8AD21024974C0Z0Z_F	96.154	26	1	7.27e-08	44.1
M03520:605:000000000-LVNKY:1:1102:11998:2040;size=7	RH.8B25A056ABC1444Z0Z_F	100.000	22	0	7.27e-08	44.1
M03520:605:000000000-LVNKY:1:1102:11998:2040;size=7	RH.8B25A056ABC1444Z0Z_R	95.833	24	1	1.13e-06	40.1
M03520:605:000000000-LVNKY:1:1102:12743:26195;size=7	RH.2AFFFBA0E81C482Z0Z_R	100.000	23	0	1.84e-08	46.1
M03520:605:000000000-LVNKY:1:1102:12743:26195;size=7	RH.2AFFFBA0E81C482Z0Z_F	100.000	23	0	1.84e-08	46.1
M03520:605:000000000-LVNKY:1:1102:12940:5389;size=7	RH.DDB83AFF97C94C6Z0Z_R	100.000	25	0	1.18e-09	50.1
M03520:605:000000000-LVNKY:1:1102:12940:5389;size=7	RH.DDB83AFF97C94C6Z0Z_F	100.000	24	0	4.65e-09	48.1
M03520:605:000000000-LVNKY:1:1102:13019:14526;size=7	RH.2AFFFBA0E81C482Z0Z_R	100.000	23	0	1.84e-08	46.1
M03520:605:000000000-LVNKY:1:1102:13019:14526;size=7	RH.2AFFFBA0E81C482Z0Z_F	100.000	23	0	1.84e-08	46.1
M03520:605:000000000-LVNKY:1:1102:13372:1975;size=7	RH.44333617E8F04C0Z0Z_F	100.000	19	0	4.48e-06	38.2
M03520:605:000000000-LVNKY:1:1102:14500:20176;size=7	RH.CA1E204B0C0842DZ0Z_F	100.000	26	0	2.98e-10	52.0
M03520:605:000000000-LVNKY:1:1102:14500:20176;size=7	RH.CA1E204B0C0842DZ0Z_R	100.000	24	0	4.65e-09	48.1
M03520:605:000000000-LVNKY:1:1102:14906:6588;size=7	RH.E04EE94198274F7Z0Z_F	100.000	25	0	1.18e-09	50.1
M03520:605:000000000-LVNKY:1:1102:14906:6588;size=7	RH.E04EE94198274F7Z0Z_R	95.833	24	1	1.13e-06	40.1
M03520:605:000000000-LVNKY:1:1102:15069:5417;size=7	RH.E04EE94198274F7Z0Z_F	100.000	25	0	1.18e-09	50.1
M03520:605:000000000-LVNKY:1:1102:15875:27328;size=7	RH.7CE39E25906745AZ0Z_R	100.000	26	0	2.98e-10	52.0
M03520:605:000000000-LVNKY:1:1102:15875:27328;size=7	RH.7CE39E25906745AZ0Z_F	100.000	25	0	1.18e-09	50.1
M03520:605:000000000-LVNKY:1:1102:16055:13201;size=7	RH.DDB83AFF97C94C6Z0Z_R	100.000	25	0	1.18e-09	50.1
M03520:605:000000000-LVNKY:1:1102:16055:13201;size=7	RH.DDB83AFF97C94C6Z0Z_F	100.000	24	0	4.65e-09	48.1
M03520:605:000000000-LVNKY:1:1102:16212:10990;size=7	RH.0096A141894D447Z0Z_F	100.000	24	0	4.65e-09	48.1
M03520:605:000000000-LVNKY:1:1102:16212:10990;size=7	RH.B9EF730EBE6C436Z0Z_F	100.000	20	0	1.13e-06	40.1
M03520:605:000000000-LVNKY:1:1102:16752:20825;size=7	RH.27578A9A85FA4A3Z0Z_R	100.000	22	0	7.27e-08	44.1
M03520:605:000000000-LVNKY:1:1102:16752:20825;size=7	RH.27578A9A85FA4A3Z0Z_F	95.833	24	1	1.13e-06	40.1
M03520:605:000000000-LVNKY:1:1102:16755:21905;size=7	RH.DDB83AFF97C94C6Z0Z_R	100.000	25	0	1.18e-09	50.1
M03520:605:000000000-LVNKY:1:1102:16755:21905;size=7	RH.DDB83AFF97C94C6Z0Z_F	95.833	24	1	1.13e-06	40.1
M03520:605:000000000-LVNKY:1:1102:17290:4443;size=7	RH.1CC74B91718A42FZ0Z_F	100.000	24	0	4.65e-09	48.1
M03520:605:000000000-LVNKY:1:1102:17290:4443;size=7	RH.1CC74B91718A42FZ0Z_R	96.000	25	1	2.87e-07	42.1
M03520:605:000000000-LVNKY:1:1102:17542:18188;size=7	RH.7CE39E25906745AZ0Z_R	100.000	26	0	2.98e-10	52.0
M03520:605:000000000-LVNKY:1:1102:17542:18188;size=7	RH.7CE39E25906745AZ0Z_F	100.000	25	0	1.18e-09	50.1
M03520:605:000000000-LVNKY:1:1102:18609:8088;size=7	RH.0096A141894D447Z0Z_F	100.000	24	0	4.65e-09	48.1
M03520:605:000000000-LVNKY:1:1102:18609:8088;size=7	RH.0096A141894D447Z0Z_R	100.000	21	0	2.87e-07	42.1
M03520:605:000000000-LVNKY:1:1102:18989:4733;size=7	RH.DDB83AFF97C94C6Z0Z_R	100.000	25	0	1.18e-09	50.1
M03520:605:000000000-LVNKY:1:1102:18989:4733;size=7	RH.DDB83AFF97C94C6Z0Z_F	100.000	24	0	4.65e-09	48.1
M03520:605:000000000-LVNKY:1:1102:19887:11375;size=7	RH.7CE39E25906745AZ0Z_R	100.000	26	0	2.98e-10	52.0
M03520:605:000000000-LVNKY:1:1102:19887:11375;size=7	RH.7CE39E25906745AZ0Z_F	100.000	25	0	1.18e-09	50.1
M03520:605:000000000-LVNKY:1:1102:20756:8226;size=7	RH.27578A9A85FA4A3Z0Z_F	100.000	24	0	4.65e-09	48.1
M03520:605:000000000-LVNKY:1:1102:20756:8226;size=7	RH.27578A9A85FA4A3Z0Z_R	100.000	22	0	7.27e-08	44.1
M03520:605:000000000-LVNKY:1:1102:20856:20860;size=7	RH.51338FA06EDB4F0Z0Z_F	100.000	25	0	1.18e-09	50.1
M03520:605:000000000-LVNKY:1:1102:20856:20860;size=7	RH.51338FA06EDB4F0Z0Z_R	100.000	25	0	1.18e-09	50.1
M03520:605:000000000-LVNKY:1:1102:21698:6789;size=7	RH.69CEA0AC39F4445Z0Z_F	100.000	24	0	4.65e-09	48.1
M03520:605:000000000-LVNKY:1:1102:21698:6789;size=7	RH.69CEA0AC39F4445Z0Z_R	100.000	23	0	1.84e-08	46.1
M03520:605:000000000-LVNKY:1:1102:22699:7384;size=7	RH.85A5303CAAF54ADZ0Z_R	100.000	22	0	7.27e-08	44.1
M03520:605:000000000-LVNKY:1:1102:22846:11043;size=7	RH.2A8AD21024974C0Z0Z_F	100.000	26	0	2.98e-10	52.0
M03520:605:000000000-LVNKY:1:1102:22846:11043;size=7	RH.2A8AD21024974C0Z0Z_R	100.000	25	0	1.18e-09	50.1
M03520:605:000000000-LVNKY:1:1102:23087:18549;size=7	RH.0096A141894D447Z0Z_R	100.000	21	0	2.87e-07	42.1
M03520:605:000000000-LVNKY:1:1102:23087:18549;size=7	RH.0096A141894D447Z0Z_F	95.833	24	1	1.13e-06	40.1
M03520:605:000000000-LVNKY:1:1102:23788:14869;size=7	RH.2A8AD21024974C0Z0Z_F	100.000	26	0	2.98e-10	52.0
M03520:605:000000000-LVNKY:1:1102:23788:14869;size=7	RH.2A8AD21024974C0Z0Z_R	100.000	25	0	1.18e-09	50.1
M03520:605:000000000-LVNKY:1:1102:26151:16388;size=7	RH.27578A9A85FA4A3Z0Z_F	100.000	24	0	4.65e-09	48.1
M03520:605:000000000-LVNKY:1:1102:26151:16388;size=7	RH.27578A9A85FA4A3Z0Z_R	100.000	19	0	4.48e-06	38.2
M03520:605:000000000-LVNKY:1:1102:26215:20776;size=7	RH.DDB83AFF97C94C6Z0Z_R	100.000	25	0	1.18e-09	50.1
M03520:605:000000000-LVNKY:1:1102:26215:20776;size=7	RH.DDB83AFF97C94C6Z0Z_F	100.000	20	0	1.13e-06	40.1
M03520:605:000000000-LVNKY:1:1102:28579:13694;size=7	RH.8B25A056ABC1444Z0Z_R	100.000	24	0	4.65e-09	48.1
M03520:605:000000000-LVNKY:1:1102:28579:13694;size=7	RH.8B25A056ABC1444Z0Z_F	100.000	22	0	7.27e-08	44.1
M03520:605:000000000-LVNKY:1:1102:28693:14040;size=7	RH.DDB83AFF97C94C6Z0Z_R	100.000	25	0	1.18e-09	50.1
M03520:605:000000000-LVNKY:1:1102:28693:14040;size=7	RH.DDB83AFF97C94C6Z0Z_F	100.000	24	0	4.65e-09	48.1
M03520:605:000000000-LVNKY:1:1102:3042:19148;size=7	RH.2091F326F74640CZ0Z_F	100.000	24	0	4.65e-09	48.1
M03520:605:000000000-LVNKY:1:1102:4408:7654;size=7	RH.2AFFFBA0E81C482Z0Z_R	100.000	23	0	1.84e-08	46.1
M03520:605:000000000-LVNKY:1:1102:4408:7654;size=7	RH.2AFFFBA0E81C482Z0Z_F	100.000	23	0	1.84e-08	46.1
M03520:605:000000000-LVNKY:1:1102:4639:8501;size=7	RH.2AFFFBA0E81C482Z0Z_R	100.000	23	0	1.84e-08	46.1
M03520:605:000000000-LVNKY:1:1102:4639:8501;size=7	RH.2AFFFBA0E81C482Z0Z_F	100.000	23	0	1.84e-08	46.1
M03520:605:000000000-LVNKY:1:1102:5868:13545;size=7	RH.0096A141894D447Z0Z_R	100.000	25	0	1.18e-09	50.1
M03520:605:000000000-LVNKY:1:1102:6924:11062;size=7	RH.27578A9A85FA4A3Z0Z_F	100.000	24	0	4.65e-09	48.1
M03520:605:000000000-LVNKY:1:1102:6924:11062;size=7	RH.27578A9A85FA4A3Z0Z_R	100.000	22	0	7.27e-08	44.1
M03520:605:000000000-LVNKY:1:1102:7703:19633;size=7	RH.2A8AD21024974C0Z0Z_F	100.000	26	0	2.98e-10	52.0
M03520:605:000000000-LVNKY:1:1102:7703:19633;size=7	RH.2A8AD21024974C0Z0Z_R	96.000	25	1	2.87e-07	42.1
M03520:605:000000000-LVNKY:1:1102:8521:9619;size=7	RH.2A8AD21024974C0Z0Z_R	100.000	25	0	1.18e-09	50.1
M03520:605:000000000-LVNKY:1:1102:8806:19414;size=7	RH.8B25A056ABC1444Z0Z_R	100.000	24	0	4.65e-09	48.1
M03520:605:000000000-LVNKY:1:1102:8806:19414;size=7	RH.8B25A056ABC1444Z0Z_F	100.000	22	0	7.27e-08	44.1
M03520:605:000000000-LVNKY:1:1102:8862:16974;size=7	RH.0096A141894D447Z0Z_F	100.000	24	0	4.65e-09	48.1
M03520:605:000000000-LVNKY:1:1102:8862:16974;size=7	RH.0096A141894D447Z0Z_R	100.000	21	0	2.87e-07	42.1
M03520:605:000000000-LVNKY:1:1103:10101:14911;size=7	RH.8BDD8BEDFC3B423Z0Z_F	100.000	21	0	2.87e-07	42.1
M03520:605:000000000-LVNKY:1:1103:11893:3866;size=7	RH.0096A141894D447Z0Z_F	100.000	24	0	4.65e-09	48.1
M03520:605:000000000-LVNKY:1:1103:11893:3866;size=7	RH.0096A141894D447Z0Z_R	100.000	21	0	2.87e-07	42.1
M03520:605:000000000-LVNKY:1:1103:12070:27051;size=7	RH.8B25A056ABC1444Z0Z_F	100.000	25	0	1.18e-09	50.1
M03520:605:000000000-LVNKY:1:1103:12070:27051;size=7	RH.8B25A056ABC1444Z0Z_R	100.000	24	0	4.65e-09	48.1
M03520:605:000000000-LVNKY:1:1103:13393:7445;size=7	RH.85A5303CAAF54ADZ0Z_R	100.000	22	0	7.27e-08	44.1
M03520:605:000000000-LVNKY:1:1103:13393:7445;size=7	RH.85A5303CAAF54ADZ0Z_F	100.000	21	0	2.87e-07	42.1
M03520:605:000000000-LVNKY:1:1103:14156:28621;size=7	RH.DDB83AFF97C94C6Z0Z_R	100.000	25	0	1.18e-09	50.1
M03520:605:000000000-LVNKY:1:1103:14156:28621;size=7	RH.DDB83AFF97C94C6Z0Z_F	100.000	24	0	4.65e-09	48.1
M03520:605:000000000-LVNKY:1:1103:14239:3197;size=7	RH.DDB83AFF97C94C6Z0Z_R	100.000	25	0	1.18e-09	50.1
M03520:605:000000000-LVNKY:1:1103:14239:3197;size=7	RH.DDB83AFF97C94C6Z0Z_F	100.000	23	0	1.84e-08	46.1
M03520:605:000000000-LVNKY:1:1103:14242:9840;size=7	RH.69CEA0AC39F4445Z0Z_F	100.000	24	0	4.65e-09	48.1
M03520:605:000000000-LVNKY:1:1103:14242:9840;size=7	RH.69CEA0AC39F4445Z0Z_R	100.000	23	0	1.84e-08	46.1
M03520:605:000000000-LVNKY:1:1103:14386:26342;size=7	RH.DDB83AFF97C94C6Z0Z_R	100.000	25	0	1.18e-09	50.1
M03520:605:000000000-LVNKY:1:1103:14386:26342;size=7	RH.DDB83AFF97C94C6Z0Z_F	95.833	24	1	1.13e-06	40.1
M03520:605:000000000-LVNKY:1:1103:15131:14111;size=7	RH.0BD19D1A26A74EBZ0Z_F	100.000	25	0	1.18e-09	50.1
M03520:605:000000000-LVNKY:1:1103:15131:14111;size=7	RH.0BD19D1A26A74EBZ0Z_R	100.000	24	0	4.65e-09	48.1
M03520:605:000000000-LVNKY:1:1103:15743:14592;size=7	RH.DDB83AFF97C94C6Z0Z_R	100.000	25	0	1.18e-09	50.1
M03520:605:000000000-LVNKY:1:1103:15743:14592;size=7	RH.DDB83AFF97C94C6Z0Z_F	100.000	24	0	4.65e-09	48.1
M03520:605:000000000-LVNKY:1:1103:15959:23021;size=7	RH.27578A9A85FA4A3Z0Z_R	100.000	22	0	7.27e-08	44.1
M03520:605:000000000-LVNKY:1:1103:15959:23021;size=7	RH.27578A9A85FA4A3Z0Z_F	95.833	24	1	1.13e-06	40.1
M03520:605:000000000-LVNKY:1:1103:16856:13858;size=7	RH.CA1E204B0C0842DZ0Z_F	100.000	26	0	2.98e-10	52.0
M03520:605:000000000-LVNKY:1:1103:16856:13858;size=7	RH.E04EE94198274F7Z0Z_F	100.000	25	0	1.18e-09	50.1
M03520:605:000000000-LVNKY:1:1103:16856:13858;size=7	RH.CA1E204B0C0842DZ0Z_R	100.000	24	0	4.65e-09	48.1
M03520:605:000000000-LVNKY:1:1103:17432:7673;size=7	RH.0096A141894D447Z0Z_F	100.000	24	0	4.65e-09	48.1
M03520:605:000000000-LVNKY:1:1103:17562:18252;size=7	RH.0550AF0F57084ADZ0Z_F	100.000	24	0	4.65e-09	48.1
M03520:605:000000000-LVNKY:1:1103:17562:18252;size=7	RH.0550AF0F57084ADZ0Z_R	100.000	22	0	7.27e-08	44.1
M03520:605:000000000-LVNKY:1:1103:18412:5193;size=7	RH.1CC74B91718A42FZ0Z_R	100.000	25	0	1.18e-09	50.1
M03520:605:000000000-LVNKY:1:1103:18412:5193;size=7	RH.1CC74B91718A42FZ0Z_F	95.833	24	1	1.13e-06	40.1
M03520:605:000000000-LVNKY:1:1103:18531:7627;size=7	RH.7CE39E25906745AZ0Z_F	100.000	25	0	1.18e-09	50.1
M03520:605:000000000-LVNKY:1:1103:18531:7627;size=7	RH.7CE39E25906745AZ0Z_R	96.154	26	1	7.27e-08	44.1
M03520:605:000000000-LVNKY:1:1103:19401:17730;size=7	RH.85A5303CAAF54ADZ0Z_R	100.000	22	0	7.27e-08	44.1
M03520:605:000000000-LVNKY:1:1103:19401:17730;size=7	RH.85A5303CAAF54ADZ0Z_F	100.000	21	0	2.87e-07	42.1
M03520:605:000000000-LVNKY:1:1103:1967:16184;size=7	RH.DDB83AFF97C94C6Z0Z_F	100.000	24	0	4.65e-09	48.1
M03520:605:000000000-LVNKY:1:1103:1967:16184;size=7	RH.DDB83AFF97C94C6Z0Z_R	96.000	25	1	2.87e-07	42.1
M03520:605:000000000-LVNKY:1:1103:19793:20440;size=7	RH.0550AF0F57084ADZ0Z_F	100.000	24	0	4.65e-09	48.1
M03520:605:000000000-LVNKY:1:1103:19793:20440;size=7	RH.0550AF0F57084ADZ0Z_R	100.000	22	0	7.27e-08	44.1
M03520:605:000000000-LVNKY:1:1103:19874:26601;size=7	RH.E04EE94198274F7Z0Z_F	100.000	25	0	1.18e-09	50.1
M03520:605:000000000-LVNKY:1:1103:19874:26601;size=7	RH.E04EE94198274F7Z0Z_R	95.833	24	1	1.13e-06	40.1
M03520:605:000000000-LVNKY:1:1103:20786:11996;size=7	RH.0096A141894D447Z0Z_F	100.000	24	0	4.65e-09	48.1
M03520:605:000000000-LVNKY:1:1103:20786:11996;size=7	RH.0096A141894D447Z0Z_R	100.000	21	0	2.87e-07	42.1
M03520:605:000000000-LVNKY:1:1103:21722:16600;size=7	RH.B9EF730EBE6C436Z0Z_F	100.000	25	0	1.18e-09	50.1
M03520:605:000000000-LVNKY:1:1103:21722:16600;size=7	RH.B9EF730EBE6C436Z0Z_R	100.000	19	0	4.48e-06	38.2
M03520:605:000000000-LVNKY:1:1103:22342:13234;size=7	RH.27578A9A85FA4A3Z0Z_F	100.000	24	0	4.65e-09	48.1
M03520:605:000000000-LVNKY:1:1103:22414:6672;size=7	RH.8B25A056ABC1444Z0Z_F	100.000	22	0	7.27e-08	44.1
M03520:605:000000000-LVNKY:1:1103:22414:6672;size=7	RH.8B25A056ABC1444Z0Z_R	100.000	21	0	2.87e-07	42.1
M03520:605:000000000-LVNKY:1:1103:2253:17756;size=7	RH.2AFFFBA0E81C482Z0Z_R	100.000	23	0	1.84e-08	46.1
M03520:605:000000000-LVNKY:1:1103:2253:17756;size=7	RH.2AFFFBA0E81C482Z0Z_F	100.000	23	0	1.84e-08	46.1
M03520:605:000000000-LVNKY:1:1103:22709:3834;size=7	RH.1CC74B91718A42FZ0Z_R	100.000	25	0	1.18e-09	50.1
M03520:605:000000000-LVNKY:1:1103:22709:3834;size=7	RH.1CC74B91718A42FZ0Z_F	100.000	24	0	4.65e-09	48.1
M03520:605:000000000-LVNKY:1:1103:2282:13301;size=7	RH.85A5303CAAF54ADZ0Z_R	100.000	22	0	7.27e-08	44.1
M03520:605:000000000-LVNKY:1:1103:2282:13301;size=7	RH.85A5303CAAF54ADZ0Z_F	100.000	21	0	2.87e-07	42.1
M03520:605:000000000-LVNKY:1:1103:2304:14246;size=7	RH.27578A9A85FA4A3Z0Z_F	100.000	24	0	4.65e-09	48.1
M03520:605:000000000-LVNKY:1:1103:2304:14246;size=7	RH.27578A9A85FA4A3Z0Z_R	100.000	22	0	7.27e-08	44.1
M03520:605:000000000-LVNKY:1:1103:23593:13361;size=7	RH.0BD19D1A26A74EBZ0Z_F	100.000	25	0	1.18e-09	50.1
M03520:605:000000000-LVNKY:1:1103:23593:13361;size=7	RH.0BD19D1A26A74EBZ0Z_R	100.000	24	0	4.65e-09	48.1
M03520:605:000000000-LVNKY:1:1103:23992:13224;size=7	RH.2A8AD21024974C0Z0Z_F	100.000	26	0	2.98e-10	52.0
M03520:605:000000000-LVNKY:1:1103:23992:13224;size=7	RH.2A8AD21024974C0Z0Z_R	100.000	25	0	1.18e-09	50.1
M03520:605:000000000-LVNKY:1:1103:24188:22830;size=7	RH.51338FA06EDB4F0Z0Z_R	100.000	25	0	1.18e-09	50.1
M03520:605:000000000-LVNKY:1:1103:24188:22830;size=7	RH.51338FA06EDB4F0Z0Z_F	100.000	25	0	1.18e-09	50.1
M03520:605:000000000-LVNKY:1:1103:24565:11747;size=7	RH.0096A141894D447Z0Z_F	100.000	24	0	4.65e-09	48.1
M03520:605:000000000-LVNKY:1:1103:25872:6888;size=7	RH.B9EF730EBE6C436Z0Z_F	100.000	25	0	1.18e-09	50.1
M03520:605:000000000-LVNKY:1:1103:25872:6888;size=7	RH.B9EF730EBE6C436Z0Z_R	100.000	22	0	7.27e-08	44.1
M03520:605:000000000-LVNKY:1:1103:26606:6566;size=7	RH.7CE39E25906745AZ0Z_R	100.000	26	0	2.98e-10	52.0
M03520:605:000000000-LVNKY:1:1103:26606:6566;size=7	RH.7CE39E25906745AZ0Z_F	100.000	25	0	1.18e-09	50.1
M03520:605:000000000-LVNKY:1:1103:28181:18910;size=7	RH.2A8AD21024974C0Z0Z_F	100.000	26	0	2.98e-10	52.0
M03520:605:000000000-LVNKY:1:1103:28181:18910;size=7	RH.2A8AD21024974C0Z0Z_R	100.000	25	0	1.18e-09	50.1
M03520:605:000000000-LVNKY:1:1103:28617:16517;size=7	RH.CA1E204B0C0842DZ0Z_F	100.000	26	0	2.98e-10	52.0
M03520:605:000000000-LVNKY:1:1103:28617:16517;size=7	RH.CA1E204B0C0842DZ0Z_R	100.000	24	0	4.65e-09	48.1
M03520:605:000000000-LVNKY:1:1103:3667:14230;size=7	RH.6572108A164E48EZ0Z_F	100.000	24	0	4.65e-09	48.1
M03520:605:000000000-LVNKY:1:1103:3667:14230;size=7	RH.6572108A164E48EZ0Z_R	96.000	25	1	2.87e-07	42.1
M03520:605:000000000-LVNKY:1:1103:3898:12543;size=7	RH.7CE39E25906745AZ0Z_R	100.000	26	0	2.98e-10	52.0
M03520:605:000000000-LVNKY:1:1103:3898:12543;size=7	RH.7CE39E25906745AZ0Z_F	100.000	25	0	1.18e-09	50.1
M03520:605:000000000-LVNKY:1:1103:4691:20252;size=7	RH.0096A141894D447Z0Z_F	100.000	24	0	4.65e-09	48.1
M03520:605:000000000-LVNKY:1:1103:4691:20252;size=7	RH.0096A141894D447Z0Z_R	100.000	21	0	2.87e-07	42.1
M03520:605:000000000-LVNKY:1:1103:4989:15979;size=7	RH.69CEA0AC39F4445Z0Z_F	100.000	24	0	4.65e-09	48.1
M03520:605:000000000-LVNKY:1:1103:4989:15979;size=7	RH.69CEA0AC39F4445Z0Z_R	100.000	23	0	1.84e-08	46.1
M03520:605:000000000-LVNKY:1:1103:5507:12874;size=7	RH.0BD19D1A26A74EBZ0Z_F	100.000	25	0	1.18e-09	50.1
M03520:605:000000000-LVNKY:1:1103:5507:12874;size=7	RH.0BD19D1A26A74EBZ0Z_R	100.000	24	0	4.65e-09	48.1
M03520:605:000000000-LVNKY:1:1103:5552:12892;size=7	RH.7CE39E25906745AZ0Z_R	100.000	26	0	2.98e-10	52.0
M03520:605:000000000-LVNKY:1:1103:5552:12892;size=7	RH.7CE39E25906745AZ0Z_F	100.000	25	0	1.18e-09	50.1
M03520:605:000000000-LVNKY:1:1103:6299:19064;size=7	RH.7CE39E25906745AZ0Z_R	100.000	26	0	2.98e-10	52.0
M03520:605:000000000-LVNKY:1:1103:6299:19064;size=7	RH.7CE39E25906745AZ0Z_F	96.000	25	1	2.87e-07	42.1
M03520:605:000000000-LVNKY:1:1103:6640:10667;size=7	RH.B9EF730EBE6C436Z0Z_F	100.000	25	0	1.18e-09	50.1
M03520:605:000000000-LVNKY:1:1103:6640:10667;size=7	RH.B9EF730EBE6C436Z0Z_R	100.000	24	0	4.65e-09	48.1
M03520:605:000000000-LVNKY:1:1103:6750:7314;size=7	RH.1CC74B91718A42FZ0Z_R	100.000	25	0	1.18e-09	50.1
M03520:605:000000000-LVNKY:1:1103:6750:7314;size=7	RH.1CC74B91718A42FZ0Z_F	100.000	24	0	4.65e-09	48.1
M03520:605:000000000-LVNKY:1:1103:6951:16081;size=7	RH.DDB83AFF97C94C6Z0Z_R	100.000	25	0	1.18e-09	50.1
M03520:605:000000000-LVNKY:1:1103:6951:16081;size=7	RH.DDB83AFF97C94C6Z0Z_F	100.000	24	0	4.65e-09	48.1
M03520:605:000000000-LVNKY:1:1103:8319:26411;size=7	RH.0096A141894D447Z0Z_F	100.000	24	0	4.65e-09	48.1
M03520:605:000000000-LVNKY:1:1103:8319:26411;size=7	RH.0096A141894D447Z0Z_R	100.000	21	0	2.87e-07	42.1
M03520:605:000000000-LVNKY:1:1103:8931:25420;size=7	RH.185D4E36BBF74FEZ0Z_F	100.000	27	0	7.54e-11	54.0
M03520:605:000000000-LVNKY:1:1103:8931:25420;size=7	RH.185D4E36BBF74FEZ0Z_R	100.000	26	0	2.98e-10	52.0
M03520:605:000000000-LVNKY:1:1103:9141:12780;size=7	RH.0096A141894D447Z0Z_R	100.000	21	0	2.87e-07	42.1
M03520:605:000000000-LVNKY:1:1103:9141:12780;size=7	RH.0096A141894D447Z0Z_F	95.833	24	1	1.13e-06	40.1
M03520:605:000000000-LVNKY:1:1103:9291:18890;size=7	RH.69CEA0AC39F4445Z0Z_R	100.000	23	0	1.84e-08	46.1
M03520:605:000000000-LVNKY:1:1103:9291:18890;size=7	RH.69CEA0AC39F4445Z0Z_F	95.833	24	1	1.13e-06	40.1
M03520:605:000000000-LVNKY:1:1104:10713:10570;size=7	RH.0096A141894D447Z0Z_F	100.000	24	0	4.65e-09	48.1
M03520:605:000000000-LVNKY:1:1104:10713:10570;size=7	RH.0096A141894D447Z0Z_R	100.000	21	0	2.87e-07	42.1
M03520:605:000000000-LVNKY:1:1104:11435:5152;size=7	RH.51338FA06EDB4F0Z0Z_F	100.000	25	0	1.18e-09	50.1
M03520:605:000000000-LVNKY:1:1104:11435:5152;size=7	RH.51338FA06EDB4F0Z0Z_R	100.000	25	0	1.18e-09	50.1
M03520:605:000000000-LVNKY:1:1104:12006:10702;size=7	RH.7CE39E25906745AZ0Z_R	100.000	26	0	2.98e-10	52.0
M03520:605:000000000-LVNKY:1:1104:12006:10702;size=7	RH.7CE39E25906745AZ0Z_F	100.000	25	0	1.18e-09	50.1
M03520:605:000000000-LVNKY:1:1104:14211:7331;size=7	RH.7CE39E25906745AZ0Z_R	100.000	26	0	2.98e-10	52.0
M03520:605:000000000-LVNKY:1:1104:14211:7331;size=7	RH.7CE39E25906745AZ0Z_F	100.000	25	0	1.18e-09	50.1
M03520:605:000000000-LVNKY:1:1104:14582:22489;size=7	RH.27578A9A85FA4A3Z0Z_R	100.000	22	0	7.27e-08	44.1
M03520:605:000000000-LVNKY:1:1104:14988:14882;size=7	RH.7CE39E25906745AZ0Z_R	100.000	26	0	2.98e-10	52.0
M03520:605:000000000-LVNKY:1:1104:14988:14882;size=7	RH.7CE39E25906745AZ0Z_F	100.000	25	0	1.18e-09	50.1
M03520:605:000000000-LVNKY:1:1104:16510:15351;size=7	RH.DDB83AFF97C94C6Z0Z_R	100.000	25	0	1.18e-09	50.1
M03520:605:000000000-LVNKY:1:1104:16510:15351;size=7	RH.DDB83AFF97C94C6Z0Z_F	100.000	24	0	4.65e-09	48.1
M03520:605:000000000-LVNKY:1:1104:16778:27521;size=7	RH.0096A141894D447Z0Z_F	100.000	24	0	4.65e-09	48.1
M03520:605:000000000-LVNKY:1:1104:16801:1497;size=7	RH.7CE39E25906745AZ0Z_R	100.000	26	0	2.98e-10	52.0
M03520:605:000000000-LVNKY:1:1104:16801:1497;size=7	RH.7CE39E25906745AZ0Z_F	100.000	25	0	1.18e-09	50.1
M03520:605:000000000-LVNKY:1:1104:17484:2683;size=7	RH.8B25A056ABC1444Z0Z_R	100.000	24	0	4.65e-09	48.1
M03520:605:000000000-LVNKY:1:1104:17484:2683;size=7	RH.8B25A056ABC1444Z0Z_F	100.000	22	0	7.27e-08	44.1
M03520:605:000000000-LVNKY:1:1104:17864:21742;size=7	RH.85A5303CAAF54ADZ0Z_R	100.000	22	0	7.27e-08	44.1
M03520:605:000000000-LVNKY:1:1104:17864:21742;size=7	RH.85A5303CAAF54ADZ0Z_F	100.000	21	0	2.87e-07	42.1
M03520:605:000000000-LVNKY:1:1104:19399:5890;size=7	RH.27578A9A85FA4A3Z0Z_F	100.000	24	0	4.65e-09	48.1
M03520:605:000000000-LVNKY:1:1104:20021:5148;size=7	RH.7CE39E25906745AZ0Z_R	100.000	26	0	2.98e-10	52.0
M03520:605:000000000-LVNKY:1:1104:20021:5148;size=7	RH.7CE39E25906745AZ0Z_F	100.000	25	0	1.18e-09	50.1
M03520:605:000000000-LVNKY:1:1104:20508:21536;size=7	RH.27578A9A85FA4A3Z0Z_F	100.000	24	0	4.65e-09	48.1
M03520:605:000000000-LVNKY:1:1104:20509:12718;size=7	RH.DDB83AFF97C94C6Z0Z_F	100.000	24	0	4.65e-09	48.1
M03520:605:000000000-LVNKY:1:1104:21019:7308;size=7	RH.0096A141894D447Z0Z_F	100.000	24	0	4.65e-09	48.1
M03520:605:000000000-LVNKY:1:1104:21019:7308;size=7	RH.0096A141894D447Z0Z_R	100.000	21	0	2.87e-07	42.1
M03520:605:000000000-LVNKY:1:1104:21422:15682;size=7	RH.51338FA06EDB4F0Z0Z_F	100.000	25	0	1.18e-09	50.1
M03520:605:000000000-LVNKY:1:1104:21422:15682;size=7	RH.51338FA06EDB4F0Z0Z_R	100.000	25	0	1.18e-09	50.1
M03520:605:000000000-LVNKY:1:1104:22030:15793;size=7	RH.B9EF730EBE6C436Z0Z_F	100.000	25	0	1.18e-09	50.1
M03520:605:000000000-LVNKY:1:1104:22030:15793;size=7	RH.B9EF730EBE6C436Z0Z_R	100.000	25	0	1.18e-09	50.1
M03520:605:000000000-LVNKY:1:1104:25365:21083;size=7	RH.2A8AD21024974C0Z0Z_F	100.000	26	0	2.98e-10	52.0
M03520:605:000000000-LVNKY:1:1104:25365:21083;size=7	RH.2A8AD21024974C0Z0Z_R	100.000	25	0	1.18e-09	50.1
M03520:605:000000000-LVNKY:1:1104:25616:9717;size=7	RH.B9EF730EBE6C436Z0Z_R	100.000	25	0	1.18e-09	50.1
M03520:605:000000000-LVNKY:1:1104:26089:13919;size=7	RH.2A8AD21024974C0Z0Z_F	100.000	26	0	2.98e-10	52.0
M03520:605:000000000-LVNKY:1:1104:26089:13919;size=7	RH.2A8AD21024974C0Z0Z_R	100.000	25	0	1.18e-09	50.1
M03520:605:000000000-LVNKY:1:1104:27126:22427;size=7	RH.0BD19D1A26A74EBZ0Z_F	100.000	25	0	1.18e-09	50.1
M03520:605:000000000-LVNKY:1:1104:27126:22427;size=7	RH.0BD19D1A26A74EBZ0Z_R	100.000	24	0	4.65e-09	48.1
M03520:605:000000000-LVNKY:1:1104:2975:11372;size=7	RH.6572108A164E48EZ0Z_R	100.000	25	0	1.18e-09	50.1
M03520:605:000000000-LVNKY:1:1104:2975:11372;size=7	RH.6572108A164E48EZ0Z_F	95.833	24	1	1.13e-06	40.1
M03520:605:000000000-LVNKY:1:1104:4243:10306;size=7	RH.2A8AD21024974C0Z0Z_F	100.000	26	0	2.98e-10	52.0
M03520:605:000000000-LVNKY:1:1104:4243:10306;size=7	RH.2A8AD21024974C0Z0Z_R	96.000	25	1	2.87e-07	42.1
M03520:605:000000000-LVNKY:1:1104:4658:11413;size=7	RH.DDB83AFF97C94C6Z0Z_F	100.000	24	0	4.65e-09	48.1
M03520:605:000000000-LVNKY:1:1104:4658:11413;size=7	RH.DDB83AFF97C94C6Z0Z_R	96.000	25	1	2.87e-07	42.1
M03520:605:000000000-LVNKY:1:1104:6080:13331;size=7	RH.6572108A164E48EZ0Z_R	100.000	25	0	1.18e-09	50.1
M03520:605:000000000-LVNKY:1:1104:6080:13331;size=7	RH.6572108A164E48EZ0Z_F	100.000	24	0	4.65e-09	48.1
M03520:605:000000000-LVNKY:1:1104:7262:14924;size=7	RH.DDB83AFF97C94C6Z0Z_R	100.000	25	0	1.18e-09	50.1
M03520:605:000000000-LVNKY:1:1104:7262:14924;size=7	RH.DDB83AFF97C94C6Z0Z_F	95.833	24	1	1.13e-06	40.1
M03520:605:000000000-LVNKY:1:1104:9052:13215;size=7	RH.DDB83AFF97C94C6Z0Z_F	100.000	24	0	4.65e-09	48.1
M03520:605:000000000-LVNKY:1:1105:10176:11983;size=7	RH.1CC74B91718A42FZ0Z_R	100.000	25	0	1.18e-09	50.1
M03520:605:000000000-LVNKY:1:1105:10176:11983;size=7	RH.1CC74B91718A42FZ0Z_F	100.000	24	0	4.65e-09	48.1
M03520:605:000000000-LVNKY:1:1105:10829:20584;size=7	RH.B9EF730EBE6C436Z0Z_R	100.000	25	0	1.18e-09	50.1
M03520:605:000000000-LVNKY:1:1105:10829:20584;size=7	RH.B9EF730EBE6C436Z0Z_F	100.000	25	0	1.18e-09	50.1
M03520:605:000000000-LVNKY:1:1105:12005:18895;size=7	RH.0096A141894D447Z0Z_F	100.000	24	0	4.65e-09	48.1
M03520:605:000000000-LVNKY:1:1105:12005:18895;size=7	RH.0096A141894D447Z0Z_R	100.000	21	0	2.87e-07	42.1
M03520:605:000000000-LVNKY:1:1105:13482:23116;size=7	RH.27578A9A85FA4A3Z0Z_F	100.000	24	0	4.65e-09	48.1
M03520:605:000000000-LVNKY:1:1105:13482:23116;size=7	RH.27578A9A85FA4A3Z0Z_R	100.000	22	0	7.27e-08	44.1
M03520:605:000000000-LVNKY:1:1105:15880:15654;size=7	RH.B9EF730EBE6C436Z0Z_R	100.000	25	0	1.18e-09	50.1
M03520:605:000000000-LVNKY:1:1105:15880:15654;size=7	RH.B9EF730EBE6C436Z0Z_F	100.000	25	0	1.18e-09	50.1
M03520:605:000000000-LVNKY:1:1105:18360:13972;size=7	RH.27578A9A85FA4A3Z0Z_F	100.000	24	0	4.65e-09	48.1
M03520:605:000000000-LVNKY:1:1105:18360:13972;size=7	RH.27578A9A85FA4A3Z0Z_R	100.000	22	0	7.27e-08	44.1
M03520:605:000000000-LVNKY:1:1105:18756:26441;size=7	RH.B9EF730EBE6C436Z0Z_R	100.000	25	0	1.18e-09	50.1
M03520:605:000000000-LVNKY:1:1105:18756:26441;size=7	RH.B9EF730EBE6C436Z0Z_F	100.000	25	0	1.18e-09	50.1
M03520:605:000000000-LVNKY:1:1105:19084:11159;size=7	RH.7CE39E25906745AZ0Z_R	100.000	26	0	2.98e-10	52.0
M03520:605:000000000-LVNKY:1:1105:19084:11159;size=7	RH.7CE39E25906745AZ0Z_F	100.000	25	0	1.18e-09	50.1
M03520:605:000000000-LVNKY:1:1105:1946:15000;size=7	RH.27578A9A85FA4A3Z0Z_F	100.000	24	0	4.65e-09	48.1
M03520:605:000000000-LVNKY:1:1105:1946:15000;size=7	RH.27578A9A85FA4A3Z0Z_R	100.000	21	0	2.87e-07	42.1
M03520:605:000000000-LVNKY:1:1105:20772:12464;size=7	RH.2A8AD21024974C0Z0Z_F	100.000	26	0	2.98e-10	52.0
M03520:605:000000000-LVNKY:1:1105:20772:12464;size=7	RH.2A8AD21024974C0Z0Z_R	100.000	25	0	1.18e-09	50.1
M03520:605:000000000-LVNKY:1:1105:20828:13509;size=7	RH.27578A9A85FA4A3Z0Z_F	100.000	24	0	4.65e-09	48.1
M03520:605:000000000-LVNKY:1:1105:20828:13509;size=7	RH.27578A9A85FA4A3Z0Z_R	100.000	22	0	7.27e-08	44.1
M03520:605:000000000-LVNKY:1:1105:2159:16192;size=7	RH.0BD19D1A26A74EBZ0Z_F	100.000	25	0	1.18e-09	50.1
M03520:605:000000000-LVNKY:1:1105:2159:16192;size=7	RH.0BD19D1A26A74EBZ0Z_R	100.000	24	0	4.65e-09	48.1
M03520:605:000000000-LVNKY:1:1105:21847:19726;size=7	RH.0BD19D1A26A74EBZ0Z_F	100.000	25	0	1.18e-09	50.1
M03520:605:000000000-LVNKY:1:1105:21847:19726;size=7	RH.0BD19D1A26A74EBZ0Z_R	100.000	24	0	4.65e-09	48.1
M03520:605:000000000-LVNKY:1:1105:22268:7082;size=7	RH.DDB83AFF97C94C6Z0Z_R	100.000	25	0	1.18e-09	50.1
M03520:605:000000000-LVNKY:1:1105:22482:26878;size=7	RH.E04EE94198274F7Z0Z_F	100.000	25	0	1.18e-09	50.1
M03520:605:000000000-LVNKY:1:1105:22482:26878;size=7	RH.E04EE94198274F7Z0Z_R	95.833	24	1	1.13e-06	40.1
M03520:605:000000000-LVNKY:1:1105:2289:18834;size=7	RH.E04EE94198274F7Z0Z_F	100.000	25	0	1.18e-09	50.1
M03520:605:000000000-LVNKY:1:1105:2289:18834;size=7	RH.E04EE94198274F7Z0Z_R	95.833	24	1	1.13e-06	40.1
M03520:605:000000000-LVNKY:1:1105:23324:19773;size=7	RH.E04EE94198274F7Z0Z_F	100.000	25	0	1.18e-09	50.1
M03520:605:000000000-LVNKY:1:1105:23324:19773;size=7	RH.E04EE94198274F7Z0Z_R	95.833	24	1	1.13e-06	40.1
M03520:605:000000000-LVNKY:1:1105:26303:7775;size=7	RH.85A5303CAAF54ADZ0Z_R	100.000	22	0	7.27e-08	44.1
M03520:605:000000000-LVNKY:1:1105:26303:7775;size=7	RH.85A5303CAAF54ADZ0Z_F	100.000	21	0	2.87e-07	42.1
M03520:605:000000000-LVNKY:1:1105:27773:19105;size=7	RH.7CE39E25906745AZ0Z_R	100.000	26	0	2.98e-10	52.0
M03520:605:000000000-LVNKY:1:1105:27773:19105;size=7	RH.7CE39E25906745AZ0Z_F	96.000	25	1	2.87e-07	42.1
M03520:605:000000000-LVNKY:1:1105:27926:11767;size=7	RH.1CC74B91718A42FZ0Z_F	100.000	24	0	4.65e-09	48.1
M03520:605:000000000-LVNKY:1:1105:27926:11767;size=7	RH.1CC74B91718A42FZ0Z_R	96.000	25	1	2.87e-07	42.1
M03520:605:000000000-LVNKY:1:1105:28200:10324;size=7	RH.0550AF0F57084ADZ0Z_F	100.000	24	0	4.65e-09	48.1
M03520:605:000000000-LVNKY:1:1105:28200:10324;size=7	RH.0550AF0F57084ADZ0Z_R	100.000	22	0	7.27e-08	44.1
M03520:605:000000000-LVNKY:1:1105:4053:17762;size=7	RH.2AFFFBA0E81C482Z0Z_R	100.000	23	0	1.84e-08	46.1
M03520:605:000000000-LVNKY:1:1105:4053:17762;size=7	RH.2AFFFBA0E81C482Z0Z_F	100.000	23	0	1.84e-08	46.1
M03520:605:000000000-LVNKY:1:1105:4311:13369;size=7	RH.51338FA06EDB4F0Z0Z_R	100.000	25	0	1.18e-09	50.1
M03520:605:000000000-LVNKY:1:1105:4311:13369;size=7	RH.51338FA06EDB4F0Z0Z_F	100.000	25	0	1.18e-09	50.1
M03520:605:000000000-LVNKY:1:1105:6951:13049;size=7	RH.0096A141894D447Z0Z_R	100.000	21	0	2.87e-07	42.1
M03520:605:000000000-LVNKY:1:1105:6951:13049;size=7	RH.0096A141894D447Z0Z_F	95.833	24	1	1.13e-06	40.1
M03520:605:000000000-LVNKY:1:1106:12279:20857;size=7	RH.2A8AD21024974C0Z0Z_R	100.000	25	0	1.18e-09	50.1
M03520:605:000000000-LVNKY:1:1106:12279:20857;size=7	RH.2A8AD21024974C0Z0Z_F	96.154	26	1	7.27e-08	44.1
M03520:605:000000000-LVNKY:1:1106:13306:21805;size=7	RH.DDB83AFF97C94C6Z0Z_R	100.000	25	0	1.18e-09	50.1
M03520:605:000000000-LVNKY:1:1106:13319:14393;size=7	RH.B9EF730EBE6C436Z0Z_F	100.000	25	0	1.18e-09	50.1
M03520:605:000000000-LVNKY:1:1106:13319:14393;size=7	RH.B9EF730EBE6C436Z0Z_R	100.000	23	0	1.84e-08	46.1
M03520:605:000000000-LVNKY:1:1106:14629:14505;size=7	RH.0096A141894D447Z0Z_F	100.000	24	0	4.65e-09	48.1
M03520:605:000000000-LVNKY:1:1106:14629:14505;size=7	RH.0096A141894D447Z0Z_R	100.000	21	0	2.87e-07	42.1
M03520:605:000000000-LVNKY:1:1106:14834:7562;size=7	RH.0096A141894D447Z0Z_F	100.000	24	0	4.65e-09	48.1
M03520:605:000000000-LVNKY:1:1106:14834:7562;size=7	RH.0096A141894D447Z0Z_R	100.000	21	0	2.87e-07	42.1
M03520:605:000000000-LVNKY:1:1106:15420:8962;size=7	RH.85A5303CAAF54ADZ0Z_R	100.000	22	0	7.27e-08	44.1
M03520:605:000000000-LVNKY:1:1106:15420:8962;size=7	RH.85A5303CAAF54ADZ0Z_F	100.000	21	0	2.87e-07	42.1
M03520:605:000000000-LVNKY:1:1106:15683:6941;size=7	RH.2A8AD21024974C0Z0Z_F	100.000	26	0	2.98e-10	52.0
M03520:605:000000000-LVNKY:1:1106:15683:6941;size=7	RH.2A8AD21024974C0Z0Z_R	100.000	25	0	1.18e-09	50.1
M03520:605:000000000-LVNKY:1:1106:18182:7224;size=7	RH.1CC74B91718A42FZ0Z_F	100.000	24	0	4.65e-09	48.1
M03520:605:000000000-LVNKY:1:1106:18182:7224;size=7	RH.1CC74B91718A42FZ0Z_R	96.000	25	1	2.87e-07	42.1
M03520:605:000000000-LVNKY:1:1106:19624:25429;size=7	RH.51338FA06EDB4F0Z0Z_R	100.000	25	0	1.18e-09	50.1
M03520:605:000000000-LVNKY:1:1106:19624:25429;size=7	RH.51338FA06EDB4F0Z0Z_F	96.000	25	1	2.87e-07	42.1
M03520:605:000000000-LVNKY:1:1106:21705:10495;size=7	RH.69CEA0AC39F4445Z0Z_F	100.000	24	0	4.65e-09	48.1
M03520:605:000000000-LVNKY:1:1106:21705:10495;size=7	RH.69CEA0AC39F4445Z0Z_R	100.000	23	0	1.84e-08	46.1
M03520:605:000000000-LVNKY:1:1106:24222:8152;size=7	RH.8B25A056ABC1444Z0Z_R	100.000	24	0	4.65e-09	48.1
M03520:605:000000000-LVNKY:1:1106:24222:8152;size=7	RH.27578A9A85FA4A3Z0Z_F	100.000	24	0	4.65e-09	48.1
M03520:605:000000000-LVNKY:1:1106:25430:12164;size=7	RH.0BD19D1A26A74EBZ0Z_F	100.000	25	0	1.18e-09	50.1
M03520:605:000000000-LVNKY:1:1106:25430:12164;size=7	RH.0BD19D1A26A74EBZ0Z_R	100.000	24	0	4.65e-09	48.1
M03520:605:000000000-LVNKY:1:1106:28911:15901;size=7	RH.0BD19D1A26A74EBZ0Z_F	100.000	25	0	1.18e-09	50.1
M03520:605:000000000-LVNKY:1:1106:28911:15901;size=7	RH.0BD19D1A26A74EBZ0Z_R	100.000	24	0	4.65e-09	48.1
M03520:605:000000000-LVNKY:1:1106:5662:17260;size=7	RH.0BD19D1A26A74EBZ0Z_F	100.000	25	0	1.18e-09	50.1
M03520:605:000000000-LVNKY:1:1106:5662:17260;size=7	RH.0BD19D1A26A74EBZ0Z_R	100.000	24	0	4.65e-09	48.1
M03520:605:000000000-LVNKY:1:1106:7087:10832;size=7	RH.DDB83AFF97C94C6Z0Z_F	100.000	24	0	4.65e-09	48.1
M03520:605:000000000-LVNKY:1:1106:7087:10832;size=7	RH.DDB83AFF97C94C6Z0Z_R	100.000	21	0	2.87e-07	42.1
M03520:605:000000000-LVNKY:1:1106:7708:22348;size=7	RH.7CE39E25906745AZ0Z_R	100.000	26	0	2.98e-10	52.0
M03520:605:000000000-LVNKY:1:1106:7708:22348;size=7	RH.7CE39E25906745AZ0Z_F	100.000	25	0	1.18e-09	50.1
M03520:605:000000000-LVNKY:1:1106:8058:4438;size=7	RH.0BD19D1A26A74EBZ0Z_F	100.000	25	0	1.18e-09	50.1
M03520:605:000000000-LVNKY:1:1106:8058:4438;size=7	RH.0BD19D1A26A74EBZ0Z_R	100.000	24	0	4.65e-09	48.1
M03520:605:000000000-LVNKY:1:1106:8265:14962;size=7	RH.2A8AD21024974C0Z0Z_F	100.000	26	0	2.98e-10	52.0
M03520:605:000000000-LVNKY:1:1106:8265:14962;size=7	RH.2A8AD21024974C0Z0Z_R	100.000	25	0	1.18e-09	50.1
M03520:605:000000000-LVNKY:1:1106:9877:20251;size=7	RH.B9EF730EBE6C436Z0Z_R	100.000	25	0	1.18e-09	50.1
M03520:605:000000000-LVNKY:1:1106:9877:20251;size=7	RH.B9EF730EBE6C436Z0Z_F	100.000	25	0	1.18e-09	50.1
M03520:605:000000000-LVNKY:1:1107:16157:15246;size=7	RH.85A5303CAAF54ADZ0Z_R	100.000	22	0	7.27e-08	44.1
M03520:605:000000000-LVNKY:1:1107:16157:15246;size=7	RH.85A5303CAAF54ADZ0Z_F	100.000	21	0	2.87e-07	42.1
M03520:605:000000000-LVNKY:1:1107:21211:7825;size=7	RH.0550AF0F57084ADZ0Z_F	100.000	24	0	4.65e-09	48.1
M03520:605:000000000-LVNKY:1:1107:21211:7825;size=7	RH.0550AF0F57084ADZ0Z_R	100.000	22	0	7.27e-08	44.1
M03520:605:000000000-LVNKY:1:1107:26447:8508;size=7	RH.B9EF730EBE6C436Z0Z_F	100.000	25	0	1.18e-09	50.1
M03520:605:000000000-LVNKY:1:1107:26447:8508;size=7	RH.B9EF730EBE6C436Z0Z_R	96.000	25	1	2.87e-07	42.1
M03520:605:000000000-LVNKY:1:1107:4246:11738;size=7	RH.DDB83AFF97C94C6Z0Z_R	100.000	25	0	1.18e-09	50.1
M03520:605:000000000-LVNKY:1:1107:4246:11738;size=7	RH.DDB83AFF97C94C6Z0Z_F	100.000	24	0	4.65e-09	48.1
M03520:605:000000000-LVNKY:1:1107:6905:5907;size=7	RH.27578A9A85FA4A3Z0Z_F	100.000	24	0	4.65e-09	48.1
M03520:605:000000000-LVNKY:1:1107:6905:5907;size=7	RH.27578A9A85FA4A3Z0Z_R	100.000	22	0	7.27e-08	44.1
M03520:605:000000000-LVNKY:1:1108:12457:15521;size=7	RH.CA1E204B0C0842DZ0Z_F	100.000	26	0	2.98e-10	52.0
M03520:605:000000000-LVNKY:1:1108:12457:15521;size=7	RH.CA1E204B0C0842DZ0Z_R	100.000	24	0	4.65e-09	48.1
M03520:605:000000000-LVNKY:1:1108:13860:23243;size=7	RH.51338FA06EDB4F0Z0Z_R	100.000	25	0	1.18e-09	50.1
M03520:605:000000000-LVNKY:1:1108:13860:23243;size=7	RH.51338FA06EDB4F0Z0Z_F	100.000	25	0	1.18e-09	50.1
M03520:605:000000000-LVNKY:1:1108:13895:7988;size=7	RH.7CE39E25906745AZ0Z_R	100.000	26	0	2.98e-10	52.0
M03520:605:000000000-LVNKY:1:1108:13895:7988;size=7	RH.7CE39E25906745AZ0Z_F	100.000	25	0	1.18e-09	50.1
M03520:605:000000000-LVNKY:1:1108:15169:22985;size=7	RH.0096A141894D447Z0Z_F	100.000	24	0	4.65e-09	48.1
M03520:605:000000000-LVNKY:1:1108:15169:22985;size=7	RH.0096A141894D447Z0Z_R	100.000	21	0	2.87e-07	42.1
M03520:605:000000000-LVNKY:1:1108:18710:2504;size=7	RH.27578A9A85FA4A3Z0Z_F	100.000	24	0	4.65e-09	48.1
M03520:605:000000000-LVNKY:1:1108:18710:2504;size=7	RH.27578A9A85FA4A3Z0Z_R	100.000	22	0	7.27e-08	44.1
M03520:605:000000000-LVNKY:1:1108:19020:24631;size=7	RH.1CC74B91718A42FZ0Z_R	100.000	25	0	1.18e-09	50.1
M03520:605:000000000-LVNKY:1:1108:19020:24631;size=7	RH.1CC74B91718A42FZ0Z_F	100.000	22	0	7.27e-08	44.1
M03520:605:000000000-LVNKY:1:1108:21421:23234;size=7	RH.2A8AD21024974C0Z0Z_F	100.000	26	0	2.98e-10	52.0
M03520:605:000000000-LVNKY:1:1108:21421:23234;size=7	RH.2A8AD21024974C0Z0Z_R	100.000	25	0	1.18e-09	50.1
M03520:605:000000000-LVNKY:1:1108:24625:13847;size=7	RH.1CC74B91718A42FZ0Z_F	100.000	24	0	4.65e-09	48.1
M03520:605:000000000-LVNKY:1:1108:24625:13847;size=7	RH.1CC74B91718A42FZ0Z_R	96.000	25	1	2.87e-07	42.1
M03520:605:000000000-LVNKY:1:1108:25753:18805;size=7	RH.DDB83AFF97C94C6Z0Z_F	100.000	24	0	4.65e-09	48.1
M03520:605:000000000-LVNKY:1:1108:25753:18805;size=7	RH.DDB83AFF97C94C6Z0Z_R	100.000	21	0	2.87e-07	42.1
M03520:605:000000000-LVNKY:1:1108:25770:20917;size=7	RH.27578A9A85FA4A3Z0Z_F	100.000	24	0	4.65e-09	48.1
M03520:605:000000000-LVNKY:1:1108:25770:20917;size=7	RH.27578A9A85FA4A3Z0Z_R	100.000	22	0	7.27e-08	44.1
M03520:605:000000000-LVNKY:1:1108:27517:8918;size=7	RH.0096A141894D447Z0Z_F	100.000	24	0	4.65e-09	48.1
M03520:605:000000000-LVNKY:1:1108:27517:8918;size=7	RH.0096A141894D447Z0Z_R	100.000	21	0	2.87e-07	42.1
M03520:605:000000000-LVNKY:1:1108:7526:10515;size=7	RH.CA1E204B0C0842DZ0Z_F	100.000	26	0	2.98e-10	52.0
M03520:605:000000000-LVNKY:1:1108:7526:10515;size=7	RH.CA1E204B0C0842DZ0Z_R	100.000	24	0	4.65e-09	48.1
M03520:605:000000000-LVNKY:1:1108:8889:8132;size=7	RH.8B25A056ABC1444Z0Z_R	100.000	24	0	4.65e-09	48.1
M03520:605:000000000-LVNKY:1:1108:8889:8132;size=7	RH.8B25A056ABC1444Z0Z_F	100.000	22	0	7.27e-08	44.1
M03520:605:000000000-LVNKY:1:1108:9710:4017;size=7	RH.2AFFFBA0E81C482Z0Z_F	100.000	23	0	1.84e-08	46.1
M03520:605:000000000-LVNKY:1:1108:9710:4017;size=7	RH.2AFFFBA0E81C482Z0Z_R	100.000	23	0	1.84e-08	46.1
M03520:605:000000000-LVNKY:1:1109:11488:2036;size=7	RH.8B25A056ABC1444Z0Z_R	100.000	24	0	4.65e-09	48.1
M03520:605:000000000-LVNKY:1:1109:11488:2036;size=7	RH.8B25A056ABC1444Z0Z_F	100.000	22	0	7.27e-08	44.1
M03520:605:000000000-LVNKY:1:1109:12846:19282;size=7	RH.CA1E204B0C0842DZ0Z_F	100.000	26	0	2.98e-10	52.0
M03520:605:000000000-LVNKY:1:1109:12846:19282;size=7	RH.E04EE94198274F7Z0Z_F	100.000	25	0	1.18e-09	50.1
M03520:605:000000000-LVNKY:1:1109:12846:19282;size=7	RH.CA1E204B0C0842DZ0Z_R	100.000	24	0	4.65e-09	48.1
M03520:605:000000000-LVNKY:1:1109:13996:16190;size=7	RH.2A8AD21024974C0Z0Z_F	100.000	26	0	2.98e-10	52.0
M03520:605:000000000-LVNKY:1:1109:13996:16190;size=7	RH.2A8AD21024974C0Z0Z_R	100.000	25	0	1.18e-09	50.1
M03520:605:000000000-LVNKY:1:1109:14569:28021;size=7	RH.0096A141894D447Z0Z_R	100.000	22	0	7.27e-08	44.1
M03520:605:000000000-LVNKY:1:1109:14861:8944;size=7	RH.8B25A056ABC1444Z0Z_R	100.000	24	0	4.65e-09	48.1
M03520:605:000000000-LVNKY:1:1109:14861:8944;size=7	RH.8B25A056ABC1444Z0Z_F	100.000	22	0	7.27e-08	44.1
M03520:605:000000000-LVNKY:1:1109:18621:4523;size=7	RH.0096A141894D447Z0Z_F	100.000	20	0	1.13e-06	40.1
M03520:605:000000000-LVNKY:1:1109:19895:18676;size=7	RH.0550AF0F57084ADZ0Z_F	100.000	24	0	4.65e-09	48.1
M03520:605:000000000-LVNKY:1:1109:24153:19343;size=7	RH.8B25A056ABC1444Z0Z_F	100.000	22	0	7.27e-08	44.1
M03520:605:000000000-LVNKY:1:1109:24153:19343;size=7	RH.8B25A056ABC1444Z0Z_R	95.833	24	1	1.13e-06	40.1
M03520:605:000000000-LVNKY:1:1109:25896:19482;size=7	RH.0096A141894D447Z0Z_R	100.000	21	0	2.87e-07	42.1
M03520:605:000000000-LVNKY:1:1109:25896:19482;size=7	RH.0096A141894D447Z0Z_F	95.833	24	1	1.13e-06	40.1
M03520:605:000000000-LVNKY:1:1109:27897:12876;size=7	RH.E04EE94198274F7Z0Z_F	100.000	25	0	1.18e-09	50.1
M03520:605:000000000-LVNKY:1:1109:27897:12876;size=7	RH.E04EE94198274F7Z0Z_R	95.833	24	1	1.13e-06	40.1
M03520:605:000000000-LVNKY:1:1109:3693:15319;size=7	RH.7CE39E25906745AZ0Z_R	100.000	26	0	2.98e-10	52.0
M03520:605:000000000-LVNKY:1:1109:3693:15319;size=7	RH.7CE39E25906745AZ0Z_F	100.000	25	0	1.18e-09	50.1
M03520:605:000000000-LVNKY:1:1109:8209:6050;size=7	RH.CA1E204B0C0842DZ0Z_F	100.000	26	0	2.98e-10	52.0
M03520:605:000000000-LVNKY:1:1109:8209:6050;size=7	RH.CA1E204B0C0842DZ0Z_R	95.833	24	1	1.13e-06	40.1
M03520:605:000000000-LVNKY:1:1109:9258:10647;size=7	RH.DDB83AFF97C94C6Z0Z_R	100.000	25	0	1.18e-09	50.1
M03520:605:000000000-LVNKY:1:1109:9258:10647;size=7	RH.DDB83AFF97C94C6Z0Z_F	95.833	24	1	1.13e-06	40.1
M03520:605:000000000-LVNKY:1:1110:14205:6020;size=7	RH.DDB83AFF97C94C6Z0Z_R	100.000	25	0	1.18e-09	50.1
M03520:605:000000000-LVNKY:1:1110:14205:6020;size=7	RH.DDB83AFF97C94C6Z0Z_F	100.000	24	0	4.65e-09	48.1
M03520:605:000000000-LVNKY:1:1110:14205:6020;size=7	RH.AB03371A973C4B1Z0Z_F	100.000	20	0	1.13e-06	40.1
M03520:605:000000000-LVNKY:1:1110:16314:16693;size=7	RH.E04EE94198274F7Z0Z_R	95.833	24	1	1.13e-06	40.1
M03520:605:000000000-LVNKY:1:1110:16357:9066;size=7	RH.E04EE94198274F7Z0Z_F	100.000	25	0	1.18e-09	50.1
M03520:605:000000000-LVNKY:1:1110:16357:9066;size=7	RH.E04EE94198274F7Z0Z_R	95.833	24	1	1.13e-06	40.1
M03520:605:000000000-LVNKY:1:1110:16981:16947;size=7	RH.B9EF730EBE6C436Z0Z_F	100.000	25	0	1.18e-09	50.1
M03520:605:000000000-LVNKY:1:1110:16981:16947;size=7	RH.B9EF730EBE6C436Z0Z_R	100.000	25	0	1.18e-09	50.1
M03520:605:000000000-LVNKY:1:1110:17581:3547;size=7	RH.0096A141894D447Z0Z_F	100.000	24	0	4.65e-09	48.1
M03520:605:000000000-LVNKY:1:1110:17581:3547;size=7	RH.0096A141894D447Z0Z_R	100.000	21	0	2.87e-07	42.1
M03520:605:000000000-LVNKY:1:1110:18935:19516;size=7	RH.27578A9A85FA4A3Z0Z_F	100.000	24	0	4.65e-09	48.1
M03520:605:000000000-LVNKY:1:1110:19695:22030;size=7	RH.0096A141894D447Z0Z_R	100.000	21	0	2.87e-07	42.1
M03520:605:000000000-LVNKY:1:1110:19695:22030;size=7	RH.0096A141894D447Z0Z_F	95.833	24	1	1.13e-06	40.1
M03520:605:000000000-LVNKY:1:1110:9155:25161;size=7	RH.E04EE94198274F7Z0Z_F	100.000	25	0	1.18e-09	50.1
M03520:605:000000000-LVNKY:1:1110:9155:25161;size=7	RH.E04EE94198274F7Z0Z_R	95.833	24	1	1.13e-06	40.1
M03520:605:000000000-LVNKY:1:1110:9665:13687;size=7	RH.51338FA06EDB4F0Z0Z_R	100.000	25	0	1.18e-09	50.1
M03520:605:000000000-LVNKY:1:1110:9665:13687;size=7	RH.51338FA06EDB4F0Z0Z_F	100.000	25	0	1.18e-09	50.1
M03520:605:000000000-LVNKY:1:1111:11149:25376;size=7	RH.2A8AD21024974C0Z0Z_F	100.000	26	0	2.98e-10	52.0
M03520:605:000000000-LVNKY:1:1111:11149:25376;size=7	RH.2A8AD21024974C0Z0Z_R	100.000	25	0	1.18e-09	50.1
M03520:605:000000000-LVNKY:1:1111:11999:5917;size=7	RH.DDB83AFF97C94C6Z0Z_R	100.000	25	0	1.18e-09	50.1
M03520:605:000000000-LVNKY:1:1111:11999:5917;size=7	RH.DDB83AFF97C94C6Z0Z_F	100.000	24	0	4.65e-09	48.1
M03520:605:000000000-LVNKY:1:1111:13435:19771;size=7	RH.CA1E204B0C0842DZ0Z_F	100.000	25	0	1.18e-09	50.1
M03520:605:000000000-LVNKY:1:1111:13435:19771;size=7	RH.CA1E204B0C0842DZ0Z_R	100.000	24	0	4.65e-09	48.1
M03520:605:000000000-LVNKY:1:1111:20663:25544;size=7	RH.69CEA0AC39F4445Z0Z_F	100.000	24	0	4.65e-09	48.1
M03520:605:000000000-LVNKY:1:1111:20663:25544;size=7	RH.69CEA0AC39F4445Z0Z_R	100.000	23	0	1.84e-08	46.1
M03520:605:000000000-LVNKY:1:1111:22020:25440;size=7	RH.0BD19D1A26A74EBZ0Z_R	100.000	24	0	4.65e-09	48.1
M03520:605:000000000-LVNKY:1:1111:22020:25440;size=7	RH.0BD19D1A26A74EBZ0Z_F	96.000	25	1	2.87e-07	42.1
M03520:605:000000000-LVNKY:1:1111:4272:8704;size=7	RH.27578A9A85FA4A3Z0Z_F	100.000	24	0	4.65e-09	48.1
M03520:605:000000000-LVNKY:1:1111:4272:8704;size=7	RH.27578A9A85FA4A3Z0Z_R	100.000	22	0	7.27e-08	44.1
M03520:605:000000000-LVNKY:1:1111:9028:22481;size=7	RH.0BD19D1A26A74EBZ0Z_F	100.000	25	0	1.18e-09	50.1
M03520:605:000000000-LVNKY:1:1111:9028:22481;size=7	RH.0BD19D1A26A74EBZ0Z_R	100.000	24	0	4.65e-09	48.1
M03520:605:000000000-LVNKY:1:1111:9963:8087;size=7	RH.DDB83AFF97C94C6Z0Z_R	100.000	25	0	1.18e-09	50.1
M03520:605:000000000-LVNKY:1:1111:9963:8087;size=7	RH.DDB83AFF97C94C6Z0Z_F	100.000	24	0	4.65e-09	48.1
M03520:605:000000000-LVNKY:1:1112:13438:12281;size=7	RH.27578A9A85FA4A3Z0Z_F	100.000	24	0	4.65e-09	48.1
M03520:605:000000000-LVNKY:1:1112:13438:12281;size=7	RH.27578A9A85FA4A3Z0Z_R	100.000	22	0	7.27e-08	44.1
M03520:605:000000000-LVNKY:1:1112:14629:16333;size=7	RH.DDB83AFF97C94C6Z0Z_R	100.000	25	0	1.18e-09	50.1
M03520:605:000000000-LVNKY:1:1112:14629:16333;size=7	RH.DDB83AFF97C94C6Z0Z_F	100.000	24	0	4.65e-09	48.1
M03520:605:000000000-LVNKY:1:1112:2446:14613;size=7	RH.27578A9A85FA4A3Z0Z_F	100.000	24	0	4.65e-09	48.1
M03520:605:000000000-LVNKY:1:1112:2446:14613;size=7	RH.27578A9A85FA4A3Z0Z_R	100.000	22	0	7.27e-08	44.1
M03520:605:000000000-LVNKY:1:1112:9177:23056;size=7	RH.7CE39E25906745AZ0Z_R	100.000	26	0	2.98e-10	52.0
M03520:605:000000000-LVNKY:1:1112:9177:23056;size=7	RH.7CE39E25906745AZ0Z_F	100.000	25	0	1.18e-09	50.1
M03520:605:000000000-LVNKY:1:2101:21448:11793;size=7	RH.CA1E204B0C0842DZ0Z_F	100.000	26	0	2.98e-10	52.0
M03520:605:000000000-LVNKY:1:2101:21448:11793;size=7	RH.CA1E204B0C0842DZ0Z_R	100.000	24	0	4.65e-09	48.1
M03520:605:000000000-LVNKY:1:2101:8127:19093;size=7	RH.DDB83AFF97C94C6Z0Z_F	100.000	24	0	4.65e-09	48.1
M03520:605:000000000-LVNKY:1:2102:18818:6122;size=7	RH.DDB83AFF97C94C6Z0Z_F	100.000	24	0	4.65e-09	48.1
M03520:605:000000000-LVNKY:1:2102:18818:6122;size=7	RH.DDB83AFF97C94C6Z0Z_R	100.000	22	0	7.27e-08	44.1
M03520:605:000000000-LVNKY:1:1101:10159:6352;size=6	RH.2A8AD21024974C0Z0Z_F	100.000	26	0	2.98e-10	52.0
M03520:605:000000000-LVNKY:1:1101:10159:6352;size=6	RH.2A8AD21024974C0Z0Z_R	100.000	25	0	1.18e-09	50.1
M03520:605:000000000-LVNKY:1:1101:10402:26947;size=6	RH.B9EF730EBE6C436Z0Z_R	100.000	25	0	1.18e-09	50.1
M03520:605:000000000-LVNKY:1:1101:10402:26947;size=6	RH.B9EF730EBE6C436Z0Z_F	100.000	21	0	2.87e-07	42.1
M03520:605:000000000-LVNKY:1:1101:10630:11059;size=6	RH.DDB83AFF97C94C6Z0Z_R	100.000	25	0	1.18e-09	50.1
M03520:605:000000000-LVNKY:1:1101:10630:11059;size=6	RH.DDB83AFF97C94C6Z0Z_F	100.000	24	0	4.65e-09	48.1
M03520:605:000000000-LVNKY:1:1101:10740:19871;size=6	RH.E04EE94198274F7Z0Z_F	100.000	25	0	1.18e-09	50.1
M03520:605:000000000-LVNKY:1:1101:10740:19871;size=6	RH.E04EE94198274F7Z0Z_R	95.833	24	1	1.13e-06	40.1
M03520:605:000000000-LVNKY:1:1101:10761:22498;size=6	RH.8B25A056ABC1444Z0Z_F	100.000	25	0	1.18e-09	50.1
M03520:605:000000000-LVNKY:1:1101:10761:22498;size=6	RH.8B25A056ABC1444Z0Z_R	100.000	24	0	4.65e-09	48.1
M03520:605:000000000-LVNKY:1:1101:11518:3340;size=6	RH.0BD19D1A26A74EBZ0Z_F	100.000	25	0	1.18e-09	50.1
M03520:605:000000000-LVNKY:1:1101:11518:3340;size=6	RH.0BD19D1A26A74EBZ0Z_R	100.000	24	0	4.65e-09	48.1
M03520:605:000000000-LVNKY:1:1101:11586:17113;size=6	RH.8B25A056ABC1444Z0Z_F	100.000	25	0	1.18e-09	50.1
M03520:605:000000000-LVNKY:1:1101:11586:17113;size=6	RH.8B25A056ABC1444Z0Z_R	95.833	24	1	1.13e-06	40.1
M03520:605:000000000-LVNKY:1:1101:11695:3405;size=6	RH.7CE39E25906745AZ0Z_R	100.000	26	0	2.98e-10	52.0
M03520:605:000000000-LVNKY:1:1101:11695:3405;size=6	RH.7CE39E25906745AZ0Z_F	100.000	25	0	1.18e-09	50.1
M03520:605:000000000-LVNKY:1:1101:11788:15073;size=6	RH.6572108A164E48EZ0Z_R	100.000	25	0	1.18e-09	50.1
M03520:605:000000000-LVNKY:1:1101:11788:15073;size=6	RH.6572108A164E48EZ0Z_F	100.000	24	0	4.65e-09	48.1
M03520:605:000000000-LVNKY:1:1101:12083:7773;size=6	RH.B9EF730EBE6C436Z0Z_R	100.000	25	0	1.18e-09	50.1
M03520:605:000000000-LVNKY:1:1101:12286:3365;size=6	RH.0096A141894D447Z0Z_R	100.000	21	0	2.87e-07	42.1
M03520:605:000000000-LVNKY:1:1101:12286:3365;size=6	RH.0096A141894D447Z0Z_F	95.833	24	1	1.13e-06	40.1
M03520:605:000000000-LVNKY:1:1101:12499:24810;size=6	RH.7CE39E25906745AZ0Z_F	100.000	25	0	1.18e-09	50.1
M03520:605:000000000-LVNKY:1:1101:12499:24810;size=6	RH.7CE39E25906745AZ0Z_R	96.154	26	1	7.27e-08	44.1
M03520:605:000000000-LVNKY:1:1101:12640:10908;size=6	RH.0096A141894D447Z0Z_F	100.000	24	0	4.65e-09	48.1
M03520:605:000000000-LVNKY:1:1101:12999:17664;size=6	RH.7CE39E25906745AZ0Z_F	100.000	25	0	1.18e-09	50.1
M03520:605:000000000-LVNKY:1:1101:13268:21938;size=6	RH.0BD19D1A26A74EBZ0Z_F	100.000	25	0	1.18e-09	50.1
M03520:605:000000000-LVNKY:1:1101:13268:21938;size=6	RH.0BD19D1A26A74EBZ0Z_R	100.000	24	0	4.65e-09	48.1
M03520:605:000000000-LVNKY:1:1101:13453:19979;size=6	RH.E04EE94198274F7Z0Z_F	100.000	25	0	1.18e-09	50.1
M03520:605:000000000-LVNKY:1:1101:13453:19979;size=6	RH.E04EE94198274F7Z0Z_R	95.833	24	1	1.13e-06	40.1
M03520:605:000000000-LVNKY:1:1101:13522:19629;size=6	RH.8B25A056ABC1444Z0Z_R	100.000	24	0	4.65e-09	48.1
M03520:605:000000000-LVNKY:1:1101:13522:19629;size=6	RH.8B25A056ABC1444Z0Z_F	100.000	22	0	7.27e-08	44.1
M03520:605:000000000-LVNKY:1:1101:13734:18865;size=6	RH.51338FA06EDB4F0Z0Z_R	100.000	25	0	1.18e-09	50.1
M03520:605:000000000-LVNKY:1:1101:13734:18865;size=6	RH.51338FA06EDB4F0Z0Z_F	100.000	25	0	1.18e-09	50.1
M03520:605:000000000-LVNKY:1:1101:14031:3873;size=6	RH.7CE39E25906745AZ0Z_R	100.000	26	0	2.98e-10	52.0
M03520:605:000000000-LVNKY:1:1101:14031:3873;size=6	RH.7CE39E25906745AZ0Z_F	100.000	25	0	1.18e-09	50.1
M03520:605:000000000-LVNKY:1:1101:14956:11905;size=6	RH.7CE39E25906745AZ0Z_R	100.000	26	0	2.98e-10	52.0
M03520:605:000000000-LVNKY:1:1101:14956:11905;size=6	RH.7CE39E25906745AZ0Z_F	100.000	25	0	1.18e-09	50.1
M03520:605:000000000-LVNKY:1:1101:14981:13925;size=6	RH.B9EF730EBE6C436Z0Z_F	100.000	25	0	1.18e-09	50.1
M03520:605:000000000-LVNKY:1:1101:14987:26971;size=6	RH.27578A9A85FA4A3Z0Z_F	100.000	24	0	4.65e-09	48.1
M03520:605:000000000-LVNKY:1:1101:15036:23612;size=6	RH.0550AF0F57084ADZ0Z_F	100.000	24	0	4.65e-09	48.1
M03520:605:000000000-LVNKY:1:1101:15036:23612;size=6	RH.0550AF0F57084ADZ0Z_R	100.000	22	0	7.27e-08	44.1
M03520:605:000000000-LVNKY:1:1101:15152:18703;size=6	RH.DDB83AFF97C94C6Z0Z_R	100.000	25	0	1.18e-09	50.1
M03520:605:000000000-LVNKY:1:1101:15152:18703;size=6	RH.8B25A056ABC1444Z0Z_F	100.000	22	0	7.27e-08	44.1
M03520:605:000000000-LVNKY:1:1101:15498:24096;size=6	RH.7CE39E25906745AZ0Z_R	100.000	26	0	2.98e-10	52.0
M03520:605:000000000-LVNKY:1:1101:15498:24096;size=6	RH.7CE39E25906745AZ0Z_F	100.000	25	0	1.18e-09	50.1
M03520:605:000000000-LVNKY:1:1101:15968:19631;size=6	RH.DDB83AFF97C94C6Z0Z_F	100.000	24	0	4.65e-09	48.1
M03520:605:000000000-LVNKY:1:1101:15968:19631;size=6	RH.DDB83AFF97C94C6Z0Z_R	100.000	23	0	1.84e-08	46.1
M03520:605:000000000-LVNKY:1:1101:16660:21947;size=6	RH.8B25A056ABC1444Z0Z_R	100.000	24	0	4.65e-09	48.1
M03520:605:000000000-LVNKY:1:1101:16660:21947;size=6	RH.8B25A056ABC1444Z0Z_F	100.000	22	0	7.27e-08	44.1
M03520:605:000000000-LVNKY:1:1101:16861:24565;size=6	RH.DDB83AFF97C94C6Z0Z_F	100.000	24	0	4.65e-09	48.1
M03520:605:000000000-LVNKY:1:1101:16861:24565;size=6	RH.DDB83AFF97C94C6Z0Z_R	100.000	22	0	7.27e-08	44.1
M03520:605:000000000-LVNKY:1:1101:17192:16781;size=6	RH.2AFFFBA0E81C482Z0Z_R	100.000	23	0	1.84e-08	46.1
M03520:605:000000000-LVNKY:1:1101:17192:16781;size=6	RH.1CC74B91718A42FZ0Z_F	100.000	20	0	1.13e-06	40.1
M03520:605:000000000-LVNKY:1:1101:17265:9402;size=6	RH.85A5303CAAF54ADZ0Z_R	100.000	22	0	7.27e-08	44.1
M03520:605:000000000-LVNKY:1:1101:17265:9402;size=6	RH.85A5303CAAF54ADZ0Z_F	100.000	21	0	2.87e-07	42.1
M03520:605:000000000-LVNKY:1:1101:17270:5297;size=6	RH.0BD19D1A26A74EBZ0Z_F	100.000	25	0	1.18e-09	50.1
M03520:605:000000000-LVNKY:1:1101:17270:5297;size=6	RH.0BD19D1A26A74EBZ0Z_R	100.000	20	0	1.13e-06	40.1
M03520:605:000000000-LVNKY:1:1101:17414:15796;size=6	RH.0096A141894D447Z0Z_F	100.000	24	0	4.65e-09	48.1
M03520:605:000000000-LVNKY:1:1101:17711:20707;size=6	RH.8B25A056ABC1444Z0Z_F	100.000	22	0	7.27e-08	44.1
M03520:605:000000000-LVNKY:1:1101:17711:20707;size=6	RH.DDB83AFF97C94C6Z0Z_R	96.000	25	1	2.87e-07	42.1
M03520:605:000000000-LVNKY:1:1101:17711:2749;size=6	RH.0096A141894D447Z0Z_F	100.000	24	0	4.65e-09	48.1
M03520:605:000000000-LVNKY:1:1101:17711:2749;size=6	RH.0096A141894D447Z0Z_R	100.000	21	0	2.87e-07	42.1
M03520:605:000000000-LVNKY:1:1101:17937:12745;size=6	RH.CF953F27F5674E1Z0Z_F	100.000	26	0	2.98e-10	52.0
M03520:605:000000000-LVNKY:1:1101:17937:12745;size=6	RH.CF953F27F5674E1Z0Z_R	100.000	25	0	1.18e-09	50.1
M03520:605:000000000-LVNKY:1:1101:18185:3529;size=6	RH.51338FA06EDB4F0Z0Z_R	100.000	25	0	1.18e-09	50.1
M03520:605:000000000-LVNKY:1:1101:18185:3529;size=6	RH.51338FA06EDB4F0Z0Z_F	100.000	25	0	1.18e-09	50.1
M03520:605:000000000-LVNKY:1:1101:18190:17758;size=6	RH.0BD19D1A26A74EBZ0Z_F	100.000	25	0	1.18e-09	50.1
M03520:605:000000000-LVNKY:1:1101:18190:17758;size=6	RH.0BD19D1A26A74EBZ0Z_R	100.000	24	0	4.65e-09	48.1
M03520:605:000000000-LVNKY:1:1101:18353:6029;size=6	RH.8B25A056ABC1444Z0Z_F	100.000	25	0	1.18e-09	50.1
M03520:605:000000000-LVNKY:1:1101:18353:6029;size=6	RH.8B25A056ABC1444Z0Z_R	100.000	24	0	4.65e-09	48.1
M03520:605:000000000-LVNKY:1:1101:18499:15071;size=6	RH.85A5303CAAF54ADZ0Z_R	100.000	22	0	7.27e-08	44.1
M03520:605:000000000-LVNKY:1:1101:18499:15071;size=6	RH.85A5303CAAF54ADZ0Z_F	100.000	21	0	2.87e-07	42.1
M03520:605:000000000-LVNKY:1:1101:18818:25400;size=6	RH.2091F326F74640CZ0Z_F	100.000	24	0	4.65e-09	48.1
M03520:605:000000000-LVNKY:1:1101:18818:25400;size=6	RH.2091F326F74640CZ0Z_R	100.000	22	0	7.27e-08	44.1
M03520:605:000000000-LVNKY:1:1101:18854:7135;size=6	RH.27578A9A85FA4A3Z0Z_F	100.000	24	0	4.65e-09	48.1
M03520:605:000000000-LVNKY:1:1101:18949:6520;size=6	RH.0BD19D1A26A74EBZ0Z_F	100.000	25	0	1.18e-09	50.1
M03520:605:000000000-LVNKY:1:1101:18949:6520;size=6	RH.0BD19D1A26A74EBZ0Z_R	100.000	24	0	4.65e-09	48.1
M03520:605:000000000-LVNKY:1:1101:19368:25270;size=6	RH.2AFFFBA0E81C482Z0Z_F	100.000	23	0	1.84e-08	46.1
M03520:605:000000000-LVNKY:1:1101:19368:25270;size=6	RH.2AFFFBA0E81C482Z0Z_R	100.000	23	0	1.84e-08	46.1
M03520:605:000000000-LVNKY:1:1101:19467:18114;size=6	RH.0096A141894D447Z0Z_F	100.000	24	0	4.65e-09	48.1
M03520:605:000000000-LVNKY:1:1101:19467:18114;size=6	RH.0096A141894D447Z0Z_R	100.000	21	0	2.87e-07	42.1
M03520:605:000000000-LVNKY:1:1101:19538:6697;size=6	RH.CA1E204B0C0842DZ0Z_F	100.000	26	0	2.98e-10	52.0
M03520:605:000000000-LVNKY:1:1101:19538:6697;size=6	RH.CA1E204B0C0842DZ0Z_R	100.000	24	0	4.65e-09	48.1
M03520:605:000000000-LVNKY:1:1101:20015:27818;size=6	RH.CA1E204B0C0842DZ0Z_F	100.000	26	0	2.98e-10	52.0
M03520:605:000000000-LVNKY:1:1101:20015:27818;size=6	RH.CA1E204B0C0842DZ0Z_R	100.000	24	0	4.65e-09	48.1
M03520:605:000000000-LVNKY:1:1101:20111:13022;size=6	RH.CFB366F097C448DZ0Z_F	100.000	26	0	2.98e-10	52.0
M03520:605:000000000-LVNKY:1:1101:20111:13022;size=6	RH.CFB366F097C448DZ0Z_R	100.000	21	0	2.87e-07	42.1
M03520:605:000000000-LVNKY:1:1101:20535:12441;size=6	RH.7CE39E25906745AZ0Z_F	100.000	25	0	1.18e-09	50.1
M03520:605:000000000-LVNKY:1:1101:20535:12441;size=6	RH.7CE39E25906745AZ0Z_R	100.000	23	0	1.84e-08	46.1
M03520:605:000000000-LVNKY:1:1101:21005:6393;size=6	RH.27578A9A85FA4A3Z0Z_F	100.000	24	0	4.65e-09	48.1
M03520:605:000000000-LVNKY:1:1101:21005:6393;size=6	RH.27578A9A85FA4A3Z0Z_R	100.000	22	0	7.27e-08	44.1
M03520:605:000000000-LVNKY:1:1101:21019:27125;size=6	RH.CA1E204B0C0842DZ0Z_R	100.000	24	0	4.65e-09	48.1
M03520:605:000000000-LVNKY:1:1101:21019:27125;size=6	RH.CA1E204B0C0842DZ0Z_F	100.000	22	0	7.27e-08	44.1
M03520:605:000000000-LVNKY:1:1101:21020:15689;size=6	RH.6572108A164E48EZ0Z_F	100.000	24	0	4.65e-09	48.1
M03520:605:000000000-LVNKY:1:1101:21020:15689;size=6	RH.6572108A164E48EZ0Z_R	100.000	21	0	2.87e-07	42.1
M03520:605:000000000-LVNKY:1:1101:21238:11159;size=6	RH.E04EE94198274F7Z0Z_F	96.000	25	1	2.87e-07	42.1
M03520:605:000000000-LVNKY:1:1101:21238:11159;size=6	RH.E04EE94198274F7Z0Z_R	95.833	24	1	1.13e-06	40.1
M03520:605:000000000-LVNKY:1:1101:22040:18735;size=6	RH.CA1E204B0C0842DZ0Z_F	100.000	26	0	2.98e-10	52.0
M03520:605:000000000-LVNKY:1:1101:22040:18735;size=6	RH.CA1E204B0C0842DZ0Z_R	100.000	24	0	4.65e-09	48.1
M03520:605:000000000-LVNKY:1:1101:22104:6364;size=6	RH.69CEA0AC39F4445Z0Z_F	100.000	24	0	4.65e-09	48.1
M03520:605:000000000-LVNKY:1:1101:22104:6364;size=6	RH.69CEA0AC39F4445Z0Z_R	100.000	23	0	1.84e-08	46.1
M03520:605:000000000-LVNKY:1:1101:22121:3730;size=6	RH.7CE39E25906745AZ0Z_R	100.000	26	0	2.98e-10	52.0
M03520:605:000000000-LVNKY:1:1101:22121:3730;size=6	RH.7CE39E25906745AZ0Z_F	100.000	25	0	1.18e-09	50.1
M03520:605:000000000-LVNKY:1:1101:22122:8153;size=6	RH.27578A9A85FA4A3Z0Z_F	100.000	24	0	4.65e-09	48.1
M03520:605:000000000-LVNKY:1:1101:22122:8153;size=6	RH.27578A9A85FA4A3Z0Z_R	100.000	22	0	7.27e-08	44.1
M03520:605:000000000-LVNKY:1:1101:22342:25244;size=6	RH.1CC74B91718A42FZ0Z_R	100.000	25	0	1.18e-09	50.1
M03520:605:000000000-LVNKY:1:1101:22342:25244;size=6	RH.1CC74B91718A42FZ0Z_F	100.000	24	0	4.65e-09	48.1
M03520:605:000000000-LVNKY:1:1101:22549:21381;size=6	RH.0BD19D1A26A74EBZ0Z_F	100.000	25	0	1.18e-09	50.1
M03520:605:000000000-LVNKY:1:1101:22549:21381;size=6	RH.0BD19D1A26A74EBZ0Z_R	100.000	24	0	4.65e-09	48.1
M03520:605:000000000-LVNKY:1:1101:22857:4722;size=6	RH.B9EF730EBE6C436Z0Z_R	100.000	25	0	1.18e-09	50.1
M03520:605:000000000-LVNKY:1:1101:23693:16392;size=6	RH.77300263E6F14F3Z0Z_F	100.000	24	0	4.65e-09	48.1
M03520:605:000000000-LVNKY:1:1101:23693:16392;size=6	RH.77300263E6F14F3Z0Z_R	100.000	23	0	1.84e-08	46.1
M03520:605:000000000-LVNKY:1:1101:24403:11620;size=6	RH.7CE39E25906745AZ0Z_R	100.000	26	0	2.98e-10	52.0
M03520:605:000000000-LVNKY:1:1101:24403:11620;size=6	RH.7CE39E25906745AZ0Z_F	100.000	25	0	1.18e-09	50.1
M03520:605:000000000-LVNKY:1:1101:24563:21144;size=6	RH.27578A9A85FA4A3Z0Z_R	100.000	22	0	7.27e-08	44.1
M03520:605:000000000-LVNKY:1:1101:24780:7259;size=6	RH.51338FA06EDB4F0Z0Z_F	100.000	25	0	1.18e-09	50.1
M03520:605:000000000-LVNKY:1:1101:24780:7259;size=6	RH.51338FA06EDB4F0Z0Z_R	100.000	24	0	4.65e-09	48.1
M03520:605:000000000-LVNKY:1:1101:2486:19712;size=6	RH.2A8AD21024974C0Z0Z_F	100.000	26	0	2.98e-10	52.0
M03520:605:000000000-LVNKY:1:1101:2486:19712;size=6	RH.2A8AD21024974C0Z0Z_R	100.000	25	0	1.18e-09	50.1
M03520:605:000000000-LVNKY:1:1101:24938:5847;size=6	RH.E04EE94198274F7Z0Z_F	100.000	25	0	1.18e-09	50.1
M03520:605:000000000-LVNKY:1:1101:24938:5847;size=6	RH.E04EE94198274F7Z0Z_R	95.833	24	1	1.13e-06	40.1
M03520:605:000000000-LVNKY:1:1101:26175:7968;size=6	RH.51338FA06EDB4F0Z0Z_R	100.000	25	0	1.18e-09	50.1
M03520:605:000000000-LVNKY:1:1101:26175:7968;size=6	RH.51338FA06EDB4F0Z0Z_F	100.000	25	0	1.18e-09	50.1
M03520:605:000000000-LVNKY:1:1101:26468:17411;size=6	RH.DDB83AFF97C94C6Z0Z_R	100.000	25	0	1.18e-09	50.1
M03520:605:000000000-LVNKY:1:1101:26468:17411;size=6	RH.DDB83AFF97C94C6Z0Z_F	100.000	24	0	4.65e-09	48.1
M03520:605:000000000-LVNKY:1:1101:26680:12141;size=6	RH.0096A141894D447Z0Z_F	100.000	24	0	4.65e-09	48.1
M03520:605:000000000-LVNKY:1:1101:2688:12256;size=6	RH.0BD19D1A26A74EBZ0Z_F	100.000	25	0	1.18e-09	50.1
M03520:605:000000000-LVNKY:1:1101:2688:12256;size=6	RH.0BD19D1A26A74EBZ0Z_R	100.000	24	0	4.65e-09	48.1
M03520:605:000000000-LVNKY:1:1101:2729:10416;size=6	RH.B9EF730EBE6C436Z0Z_R	100.000	25	0	1.18e-09	50.1
M03520:605:000000000-LVNKY:1:1101:2729:10416;size=6	RH.B9EF730EBE6C436Z0Z_F	100.000	23	0	1.84e-08	46.1
M03520:605:000000000-LVNKY:1:1101:28608:17988;size=6	RH.51338FA06EDB4F0Z0Z_R	100.000	25	0	1.18e-09	50.1
M03520:605:000000000-LVNKY:1:1101:28608:17988;size=6	RH.51338FA06EDB4F0Z0Z_F	100.000	25	0	1.18e-09	50.1
M03520:605:000000000-LVNKY:1:1101:28627:19487;size=6	RH.2A8AD21024974C0Z0Z_R	100.000	25	0	1.18e-09	50.1
M03520:605:000000000-LVNKY:1:1101:28627:19487;size=6	RH.2A8AD21024974C0Z0Z_F	100.000	22	0	7.27e-08	44.1
M03520:605:000000000-LVNKY:1:1101:2902:13182;size=6	RH.1CC74B91718A42FZ0Z_R	100.000	25	0	1.18e-09	50.1
M03520:605:000000000-LVNKY:1:1101:2902:13182;size=6	RH.1CC74B91718A42FZ0Z_F	100.000	24	0	4.65e-09	48.1
M03520:605:000000000-LVNKY:1:1101:3192:14926;size=6	RH.27578A9A85FA4A3Z0Z_F	100.000	24	0	4.65e-09	48.1
M03520:605:000000000-LVNKY:1:1101:3554:21965;size=6	RH.0BD19D1A26A74EBZ0Z_R	100.000	24	0	4.65e-09	48.1
M03520:605:000000000-LVNKY:1:1101:3554:21965;size=6	RH.0BD19D1A26A74EBZ0Z_F	96.000	25	1	2.87e-07	42.1
M03520:605:000000000-LVNKY:1:1101:4106:14981;size=6	RH.185D4E36BBF74FEZ0Z_F	100.000	27	0	7.54e-11	54.0
M03520:605:000000000-LVNKY:1:1101:4106:14981;size=6	RH.185D4E36BBF74FEZ0Z_R	100.000	25	0	1.18e-09	50.1
M03520:605:000000000-LVNKY:1:1101:4230:17675;size=6	RH.7CE39E25906745AZ0Z_R	100.000	26	0	2.98e-10	52.0
M03520:605:000000000-LVNKY:1:1101:4230:17675;size=6	RH.7CE39E25906745AZ0Z_F	100.000	25	0	1.18e-09	50.1
M03520:605:000000000-LVNKY:1:1101:4545:13003;size=6	RH.8B25A056ABC1444Z0Z_R	100.000	24	0	4.65e-09	48.1
M03520:605:000000000-LVNKY:1:1101:4545:13003;size=6	RH.8B25A056ABC1444Z0Z_F	100.000	22	0	7.27e-08	44.1
M03520:605:000000000-LVNKY:1:1101:4769:15996;size=6	RH.0096A141894D447Z0Z_F	100.000	24	0	4.65e-09	48.1
M03520:605:000000000-LVNKY:1:1101:4777:13271;size=6	RH.0BD19D1A26A74EBZ0Z_F	100.000	25	0	1.18e-09	50.1
M03520:605:000000000-LVNKY:1:1101:4777:13271;size=6	RH.0BD19D1A26A74EBZ0Z_R	100.000	24	0	4.65e-09	48.1
M03520:605:000000000-LVNKY:1:1101:5976:24561;size=6	RH.2A8AD21024974C0Z0Z_R	100.000	25	0	1.18e-09	50.1
M03520:605:000000000-LVNKY:1:1101:5976:24561;size=6	RH.2A8AD21024974C0Z0Z_F	100.000	22	0	7.27e-08	44.1
M03520:605:000000000-LVNKY:1:1101:6102:19230;size=6	RH.DDB83AFF97C94C6Z0Z_R	100.000	25	0	1.18e-09	50.1
M03520:605:000000000-LVNKY:1:1101:6102:19230;size=6	RH.8B25A056ABC1444Z0Z_F	100.000	22	0	7.27e-08	44.1
M03520:605:000000000-LVNKY:1:1101:6125:11225;size=6	RH.27578A9A85FA4A3Z0Z_F	100.000	24	0	4.65e-09	48.1
M03520:605:000000000-LVNKY:1:1101:6125:11225;size=6	RH.27578A9A85FA4A3Z0Z_R	100.000	22	0	7.27e-08	44.1
M03520:605:000000000-LVNKY:1:1101:6566:22065;size=6	RH.0550AF0F57084ADZ0Z_R	100.000	22	0	7.27e-08	44.1
M03520:605:000000000-LVNKY:1:1101:6566:22065;size=6	RH.0550AF0F57084ADZ0Z_F	95.833	24	1	1.13e-06	40.1
M03520:605:000000000-LVNKY:1:1101:6667:19302;size=6	RH.B9EF730EBE6C436Z0Z_R	100.000	25	0	1.18e-09	50.1
M03520:605:000000000-LVNKY:1:1101:6667:19302;size=6	RH.B9EF730EBE6C436Z0Z_F	100.000	25	0	1.18e-09	50.1
M03520:605:000000000-LVNKY:1:1101:7026:15034;size=6	RH.7CE39E25906745AZ0Z_R	100.000	26	0	2.98e-10	52.0
M03520:605:000000000-LVNKY:1:1101:7026:15034;size=6	RH.7CE39E25906745AZ0Z_F	100.000	25	0	1.18e-09	50.1
M03520:605:000000000-LVNKY:1:1101:7588:22274;size=6	RH.E04EE94198274F7Z0Z_F	96.000	25	1	2.87e-07	42.1
M03520:605:000000000-LVNKY:1:1101:7588:22274;size=6	RH.E04EE94198274F7Z0Z_R	95.833	24	1	1.13e-06	40.1
M03520:605:000000000-LVNKY:1:1101:7850:4960;size=6	RH.51338FA06EDB4F0Z0Z_F	100.000	25	0	1.18e-09	50.1
M03520:605:000000000-LVNKY:1:1101:7850:4960;size=6	RH.51338FA06EDB4F0Z0Z_R	100.000	22	0	7.27e-08	44.1
M03520:605:000000000-LVNKY:1:1101:8264:16395;size=6	RH.0096A141894D447Z0Z_F	100.000	24	0	4.65e-09	48.1
M03520:605:000000000-LVNKY:1:1101:8266:18177;size=6	RH.E04EE94198274F7Z0Z_F	100.000	25	0	1.18e-09	50.1
M03520:605:000000000-LVNKY:1:1101:8266:18177;size=6	RH.E04EE94198274F7Z0Z_R	95.833	24	1	1.13e-06	40.1
M03520:605:000000000-LVNKY:1:1101:8297:23556;size=6	RH.0BD19D1A26A74EBZ0Z_F	100.000	25	0	1.18e-09	50.1
M03520:605:000000000-LVNKY:1:1101:8297:23556;size=6	RH.0BD19D1A26A74EBZ0Z_R	100.000	24	0	4.65e-09	48.1
M03520:605:000000000-LVNKY:1:1101:8469:7582;size=6	RH.51338FA06EDB4F0Z0Z_R	100.000	25	0	1.18e-09	50.1
M03520:605:000000000-LVNKY:1:1101:8537:7363;size=6	RH.E04EE94198274F7Z0Z_F	100.000	25	0	1.18e-09	50.1
M03520:605:000000000-LVNKY:1:1101:8765:10190;size=6	RH.DDB83AFF97C94C6Z0Z_R	100.000	25	0	1.18e-09	50.1
M03520:605:000000000-LVNKY:1:1101:8765:10190;size=6	RH.DDB83AFF97C94C6Z0Z_F	100.000	24	0	4.65e-09	48.1
M03520:605:000000000-LVNKY:1:1101:9151:3713;size=6	RH.B9EF730EBE6C436Z0Z_F	100.000	25	0	1.18e-09	50.1
M03520:605:000000000-LVNKY:1:1101:9151:3713;size=6	RH.B9EF730EBE6C436Z0Z_R	100.000	24	0	4.65e-09	48.1
M03520:605:000000000-LVNKY:1:1101:9446:17077;size=6	RH.0550AF0F57084ADZ0Z_F	100.000	24	0	4.65e-09	48.1
M03520:605:000000000-LVNKY:1:1101:9446:17077;size=6	RH.0550AF0F57084ADZ0Z_R	100.000	22	0	7.27e-08	44.1
M03520:605:000000000-LVNKY:1:1102:10181:8768;size=6	RH.7CE39E25906745AZ0Z_R	100.000	26	0	2.98e-10	52.0
M03520:605:000000000-LVNKY:1:1102:10181:8768;size=6	RH.7CE39E25906745AZ0Z_F	100.000	25	0	1.18e-09	50.1
M03520:605:000000000-LVNKY:1:1102:10839:26486;size=6	RH.0BD19D1A26A74EBZ0Z_F	100.000	25	0	1.18e-09	50.1
M03520:605:000000000-LVNKY:1:1102:10839:26486;size=6	RH.0BD19D1A26A74EBZ0Z_R	100.000	24	0	4.65e-09	48.1
M03520:605:000000000-LVNKY:1:1102:11158:23756;size=6	RH.27578A9A85FA4A3Z0Z_F	100.000	24	0	4.65e-09	48.1
M03520:605:000000000-LVNKY:1:1102:11158:23756;size=6	RH.27578A9A85FA4A3Z0Z_R	100.000	22	0	7.27e-08	44.1
M03520:605:000000000-LVNKY:1:1102:11242:14543;size=6	RH.85A5303CAAF54ADZ0Z_R	100.000	22	0	7.27e-08	44.1
M03520:605:000000000-LVNKY:1:1102:11242:14543;size=6	RH.85A5303CAAF54ADZ0Z_F	100.000	21	0	2.87e-07	42.1
M03520:605:000000000-LVNKY:1:1102:11939:28551;size=6	RH.B9EF730EBE6C436Z0Z_R	100.000	25	0	1.18e-09	50.1
M03520:605:000000000-LVNKY:1:1102:11939:28551;size=6	RH.B9EF730EBE6C436Z0Z_F	100.000	25	0	1.18e-09	50.1
M03520:605:000000000-LVNKY:1:1102:12095:24009;size=6	RH.6572108A164E48EZ0Z_R	100.000	25	0	1.18e-09	50.1
M03520:605:000000000-LVNKY:1:1102:12095:24009;size=6	RH.6572108A164E48EZ0Z_F	100.000	24	0	4.65e-09	48.1
M03520:605:000000000-LVNKY:1:1102:12308:14417;size=6	RH.7CE39E25906745AZ0Z_R	100.000	26	0	2.98e-10	52.0
M03520:605:000000000-LVNKY:1:1102:12308:14417;size=6	RH.7CE39E25906745AZ0Z_F	100.000	22	0	7.27e-08	44.1
M03520:605:000000000-LVNKY:1:1102:12412:20998;size=6	RH.69CEA0AC39F4445Z0Z_F	100.000	24	0	4.65e-09	48.1
M03520:605:000000000-LVNKY:1:1102:12412:20998;size=6	RH.69CEA0AC39F4445Z0Z_R	95.652	23	1	4.48e-06	38.2
M03520:605:000000000-LVNKY:1:1102:12837:7076;size=6	RH.B653F449126B4A1Z0Z_F	100.000	23	0	1.84e-08	46.1
M03520:605:000000000-LVNKY:1:1102:12837:7076;size=6	RH.B653F449126B4A1Z0Z_R	100.000	21	0	2.87e-07	42.1
M03520:605:000000000-LVNKY:1:1102:13329:23757;size=6	RH.1CC74B91718A42FZ0Z_R	100.000	25	0	1.18e-09	50.1
M03520:605:000000000-LVNKY:1:1102:13329:23757;size=6	RH.1CC74B91718A42FZ0Z_F	100.000	23	0	1.84e-08	46.1
M03520:605:000000000-LVNKY:1:1102:14285:10199;size=6	RH.85A5303CAAF54ADZ0Z_R	100.000	22	0	7.27e-08	44.1
M03520:605:000000000-LVNKY:1:1102:14285:10199;size=6	RH.85A5303CAAF54ADZ0Z_F	100.000	21	0	2.87e-07	42.1
M03520:605:000000000-LVNKY:1:1102:14483:27858;size=6	RH.2A8AD21024974C0Z0Z_R	100.000	25	0	1.18e-09	50.1
M03520:605:000000000-LVNKY:1:1102:14654:7055;size=6	RH.2AFFFBA0E81C482Z0Z_R	100.000	23	0	1.84e-08	46.1
M03520:605:000000000-LVNKY:1:1102:14654:7055;size=6	RH.2AFFFBA0E81C482Z0Z_F	100.000	23	0	1.84e-08	46.1
M03520:605:000000000-LVNKY:1:1102:15359:12962;size=6	RH.B9EF730EBE6C436Z0Z_F	100.000	25	0	1.18e-09	50.1
M03520:605:000000000-LVNKY:1:1102:15359:12962;size=6	RH.B9EF730EBE6C436Z0Z_R	100.000	25	0	1.18e-09	50.1
M03520:605:000000000-LVNKY:1:1102:16804:2746;size=6	RH.0550AF0F57084ADZ0Z_F	100.000	24	0	4.65e-09	48.1
M03520:605:000000000-LVNKY:1:1102:18027:20944;size=6	RH.7CE39E25906745AZ0Z_R	100.000	26	0	2.98e-10	52.0
M03520:605:000000000-LVNKY:1:1102:18027:20944;size=6	RH.7CE39E25906745AZ0Z_F	100.000	25	0	1.18e-09	50.1
M03520:605:000000000-LVNKY:1:1102:18029:17151;size=6	RH.0096A141894D447Z0Z_F	100.000	24	0	4.65e-09	48.1
M03520:605:000000000-LVNKY:1:1102:18421:23165;size=6	RH.0550AF0F57084ADZ0Z_F	100.000	24	0	4.65e-09	48.1
M03520:605:000000000-LVNKY:1:1102:18421:23165;size=6	RH.0550AF0F57084ADZ0Z_R	100.000	22	0	7.27e-08	44.1
M03520:605:000000000-LVNKY:1:1102:19342:12314;size=6	RH.51338FA06EDB4F0Z0Z_F	100.000	25	0	1.18e-09	50.1
M03520:605:000000000-LVNKY:1:1102:19342:12314;size=6	RH.51338FA06EDB4F0Z0Z_R	100.000	23	0	1.84e-08	46.1
M03520:605:000000000-LVNKY:1:1102:19670:20071;size=6	RH.6572108A164E48EZ0Z_R	100.000	25	0	1.18e-09	50.1
M03520:605:000000000-LVNKY:1:1102:19670:20071;size=6	RH.6572108A164E48EZ0Z_F	100.000	24	0	4.65e-09	48.1
M03520:605:000000000-LVNKY:1:1102:19696:11780;size=6	RH.E04EE94198274F7Z0Z_F	100.000	25	0	1.18e-09	50.1
M03520:605:000000000-LVNKY:1:1102:19696:11780;size=6	RH.E04EE94198274F7Z0Z_R	95.833	24	1	1.13e-06	40.1
M03520:605:000000000-LVNKY:1:1102:20026:9141;size=6	RH.1CC74B91718A42FZ0Z_R	100.000	25	0	1.18e-09	50.1
M03520:605:000000000-LVNKY:1:1102:20026:9141;size=6	RH.1CC74B91718A42FZ0Z_F	100.000	24	0	4.65e-09	48.1
M03520:605:000000000-LVNKY:1:1102:20126:15516;size=6	RH.CA1E204B0C0842DZ0Z_F	100.000	26	0	2.98e-10	52.0
M03520:605:000000000-LVNKY:1:1102:20126:15516;size=6	RH.CA1E204B0C0842DZ0Z_R	100.000	24	0	4.65e-09	48.1
M03520:605:000000000-LVNKY:1:1102:20161:24943;size=6	RH.7CE39E25906745AZ0Z_R	100.000	26	0	2.98e-10	52.0
M03520:605:000000000-LVNKY:1:1102:20161:24943;size=6	RH.7CE39E25906745AZ0Z_F	100.000	25	0	1.18e-09	50.1
M03520:605:000000000-LVNKY:1:1102:20290:12657;size=6	RH.0096A141894D447Z0Z_F	100.000	24	0	4.65e-09	48.1
M03520:605:000000000-LVNKY:1:1102:20290:12657;size=6	RH.0096A141894D447Z0Z_R	100.000	21	0	2.87e-07	42.1
M03520:605:000000000-LVNKY:1:1102:20414:21038;size=6	RH.0BD19D1A26A74EBZ0Z_F	100.000	25	0	1.18e-09	50.1
M03520:605:000000000-LVNKY:1:1102:20414:21038;size=6	RH.0BD19D1A26A74EBZ0Z_R	100.000	24	0	4.65e-09	48.1
M03520:605:000000000-LVNKY:1:1102:21338:14563;size=6	RH.0096A141894D447Z0Z_F	100.000	24	0	4.65e-09	48.1
M03520:605:000000000-LVNKY:1:1102:21523:25771;size=6	RH.0BD19D1A26A74EBZ0Z_F	100.000	25	0	1.18e-09	50.1
M03520:605:000000000-LVNKY:1:1102:21523:25771;size=6	RH.0BD19D1A26A74EBZ0Z_R	100.000	24	0	4.65e-09	48.1
M03520:605:000000000-LVNKY:1:1102:21834:7083;size=6	RH.0BD19D1A26A74EBZ0Z_F	100.000	25	0	1.18e-09	50.1
M03520:605:000000000-LVNKY:1:1102:21834:7083;size=6	RH.0BD19D1A26A74EBZ0Z_R	100.000	24	0	4.65e-09	48.1
M03520:605:000000000-LVNKY:1:1102:22509:3272;size=6	RH.0096A141894D447Z0Z_F	100.000	24	0	4.65e-09	48.1
M03520:605:000000000-LVNKY:1:1102:22509:3272;size=6	RH.0096A141894D447Z0Z_R	100.000	21	0	2.87e-07	42.1
M03520:605:000000000-LVNKY:1:1102:22668:27393;size=6	RH.2A8AD21024974C0Z0Z_R	100.000	25	0	1.18e-09	50.1
M03520:605:000000000-LVNKY:1:1102:22668:27393;size=6	RH.2A8AD21024974C0Z0Z_F	96.154	26	1	7.27e-08	44.1
M03520:605:000000000-LVNKY:1:1102:2278:11869;size=6	RH.2A8AD21024974C0Z0Z_F	100.000	26	0	2.98e-10	52.0
M03520:605:000000000-LVNKY:1:1102:2278:11869;size=6	RH.2A8AD21024974C0Z0Z_R	96.000	25	1	2.87e-07	42.1
M03520:605:000000000-LVNKY:1:1102:22982:25863;size=6	RH.2091F326F74640CZ0Z_F	100.000	24	0	4.65e-09	48.1
M03520:605:000000000-LVNKY:1:1102:22982:25863;size=6	RH.2091F326F74640CZ0Z_R	100.000	22	0	7.27e-08	44.1
M03520:605:000000000-LVNKY:1:1102:23266:26544;size=6	RH.0096A141894D447Z0Z_F	100.000	24	0	4.65e-09	48.1
M03520:605:000000000-LVNKY:1:1102:23266:26544;size=6	RH.0096A141894D447Z0Z_R	100.000	21	0	2.87e-07	42.1
M03520:605:000000000-LVNKY:1:1102:23510:21087;size=6	RH.B9EF730EBE6C436Z0Z_R	100.000	25	0	1.18e-09	50.1
M03520:605:000000000-LVNKY:1:1102:23510:21087;size=6	RH.B9EF730EBE6C436Z0Z_F	100.000	25	0	1.18e-09	50.1
M03520:605:000000000-LVNKY:1:1102:23781:14182;size=6	RH.1CC74B91718A42FZ0Z_R	100.000	25	0	1.18e-09	50.1
M03520:605:000000000-LVNKY:1:1102:23781:14182;size=6	RH.1CC74B91718A42FZ0Z_F	100.000	24	0	4.65e-09	48.1
M03520:605:000000000-LVNKY:1:1102:23872:21673;size=6	RH.51338FA06EDB4F0Z0Z_F	100.000	25	0	1.18e-09	50.1
M03520:605:000000000-LVNKY:1:1102:23872:21673;size=6	RH.51338FA06EDB4F0Z0Z_R	100.000	25	0	1.18e-09	50.1
M03520:605:000000000-LVNKY:1:1102:23943:14573;size=6	RH.0550AF0F57084ADZ0Z_R	100.000	22	0	7.27e-08	44.1
M03520:605:000000000-LVNKY:1:1102:23943:14573;size=6	RH.0550AF0F57084ADZ0Z_F	100.000	20	0	1.13e-06	40.1
M03520:605:000000000-LVNKY:1:1102:24849:5740;size=6	RH.E04EE94198274F7Z0Z_F	100.000	25	0	1.18e-09	50.1
M03520:605:000000000-LVNKY:1:1102:25857:8335;size=6	RH.69CEA0AC39F4445Z0Z_F	100.000	24	0	4.65e-09	48.1
M03520:605:000000000-LVNKY:1:1102:25857:8335;size=6	RH.69CEA0AC39F4445Z0Z_R	100.000	23	0	1.84e-08	46.1
M03520:605:000000000-LVNKY:1:1102:2651:14972;size=6	RH.DDB83AFF97C94C6Z0Z_R	100.000	25	0	1.18e-09	50.1
M03520:605:000000000-LVNKY:1:1102:2651:14972;size=6	RH.DDB83AFF97C94C6Z0Z_F	95.833	24	1	1.13e-06	40.1
M03520:605:000000000-LVNKY:1:1102:26803:16924;size=6	RH.0550AF0F57084ADZ0Z_F	100.000	24	0	4.65e-09	48.1
M03520:605:000000000-LVNKY:1:1102:27333:18619;size=6	RH.DDB83AFF97C94C6Z0Z_R	100.000	24	0	4.65e-09	48.1
M03520:605:000000000-LVNKY:1:1102:27333:18619;size=6	RH.DDB83AFF97C94C6Z0Z_F	100.000	24	0	4.65e-09	48.1
M03520:605:000000000-LVNKY:1:1102:2831:13749;size=6	RH.7CE39E25906745AZ0Z_R	100.000	26	0	2.98e-10	52.0
M03520:605:000000000-LVNKY:1:1102:2831:13749;size=6	RH.7CE39E25906745AZ0Z_F	100.000	25	0	1.18e-09	50.1
M03520:605:000000000-LVNKY:1:1102:2853:14257;size=6	RH.DDB83AFF97C94C6Z0Z_R	100.000	25	0	1.18e-09	50.1
M03520:605:000000000-LVNKY:1:1102:2853:14257;size=6	RH.DDB83AFF97C94C6Z0Z_F	100.000	24	0	4.65e-09	48.1
M03520:605:000000000-LVNKY:1:1102:3485:17401;size=6	RH.B9EF730EBE6C436Z0Z_F	100.000	25	0	1.18e-09	50.1
M03520:605:000000000-LVNKY:1:1102:3616:22263;size=6	RH.DDB83AFF97C94C6Z0Z_R	100.000	25	0	1.18e-09	50.1
M03520:605:000000000-LVNKY:1:1102:3616:22263;size=6	RH.DDB83AFF97C94C6Z0Z_F	95.833	24	1	1.13e-06	40.1
M03520:605:000000000-LVNKY:1:1102:3999:13863;size=6	RH.DDB83AFF97C94C6Z0Z_R	100.000	25	0	1.18e-09	50.1
M03520:605:000000000-LVNKY:1:1102:3999:13863;size=6	RH.DDB83AFF97C94C6Z0Z_F	100.000	24	0	4.65e-09	48.1
M03520:605:000000000-LVNKY:1:1102:4012:19083;size=6	RH.0BD19D1A26A74EBZ0Z_F	100.000	25	0	1.18e-09	50.1
M03520:605:000000000-LVNKY:1:1102:4012:19083;size=6	RH.0BD19D1A26A74EBZ0Z_R	100.000	24	0	4.65e-09	48.1
M03520:605:000000000-LVNKY:1:1102:4074:9635;size=6	RH.51338FA06EDB4F0Z0Z_R	100.000	25	0	1.18e-09	50.1
M03520:605:000000000-LVNKY:1:1102:4074:9635;size=6	RH.51338FA06EDB4F0Z0Z_F	100.000	25	0	1.18e-09	50.1
M03520:605:000000000-LVNKY:1:1102:4394:10253;size=6	RH.0BD19D1A26A74EBZ0Z_F	100.000	25	0	1.18e-09	50.1
M03520:605:000000000-LVNKY:1:1102:4394:10253;size=6	RH.0BD19D1A26A74EBZ0Z_R	100.000	24	0	4.65e-09	48.1
M03520:605:000000000-LVNKY:1:1102:5421:18286;size=6	RH.7CE39E25906745AZ0Z_R	100.000	26	0	2.98e-10	52.0
M03520:605:000000000-LVNKY:1:1102:5421:18286;size=6	RH.7CE39E25906745AZ0Z_F	100.000	19	0	4.48e-06	38.2
M03520:605:000000000-LVNKY:1:1102:6174:8432;size=6	RH.B9EF730EBE6C436Z0Z_R	100.000	25	0	1.18e-09	50.1
M03520:605:000000000-LVNKY:1:1102:6174:8432;size=6	RH.B9EF730EBE6C436Z0Z_F	100.000	25	0	1.18e-09	50.1
M03520:605:000000000-LVNKY:1:1102:6600:25013;size=6	RH.4A562DD0F2FF4CBZ0Z_F	100.000	19	0	4.48e-06	38.2
M03520:605:000000000-LVNKY:1:1102:8043:20911;size=6	RH.2AFFFBA0E81C482Z0Z_R	100.000	23	0	1.84e-08	46.1
M03520:605:000000000-LVNKY:1:1102:8043:20911;size=6	RH.2AFFFBA0E81C482Z0Z_F	100.000	20	0	1.13e-06	40.1
M03520:605:000000000-LVNKY:1:1102:8459:22495;size=6	RH.DDB83AFF97C94C6Z0Z_R	100.000	25	0	1.18e-09	50.1
M03520:605:000000000-LVNKY:1:1102:9333:26833;size=6	RH.2A8AD21024974C0Z0Z_R	100.000	25	0	1.18e-09	50.1
M03520:605:000000000-LVNKY:1:1102:9333:26833;size=6	RH.2A8AD21024974C0Z0Z_F	96.154	26	1	7.27e-08	44.1
M03520:605:000000000-LVNKY:1:1102:9698:22352;size=6	RH.69CEA0AC39F4445Z0Z_F	100.000	24	0	4.65e-09	48.1
M03520:605:000000000-LVNKY:1:1102:9698:22352;size=6	RH.69CEA0AC39F4445Z0Z_R	100.000	23	0	1.84e-08	46.1
M03520:605:000000000-LVNKY:1:1102:9860:18388;size=6	RH.2A8AD21024974C0Z0Z_F	100.000	26	0	2.98e-10	52.0
M03520:605:000000000-LVNKY:1:1102:9860:18388;size=6	RH.2A8AD21024974C0Z0Z_R	100.000	25	0	1.18e-09	50.1
M03520:605:000000000-LVNKY:1:1102:9898:23787;size=6	RH.2A8AD21024974C0Z0Z_F	100.000	26	0	2.98e-10	52.0
M03520:605:000000000-LVNKY:1:1102:9898:23787;size=6	RH.2A8AD21024974C0Z0Z_R	96.000	25	1	2.87e-07	42.1
M03520:605:000000000-LVNKY:1:1103:10456:11825;size=6	RH.0BD19D1A26A74EBZ0Z_F	100.000	25	0	1.18e-09	50.1
M03520:605:000000000-LVNKY:1:1103:10456:11825;size=6	RH.0BD19D1A26A74EBZ0Z_R	100.000	24	0	4.65e-09	48.1
M03520:605:000000000-LVNKY:1:1103:11560:14294;size=6	RH.0BD19D1A26A74EBZ0Z_F	100.000	25	0	1.18e-09	50.1
M03520:605:000000000-LVNKY:1:1103:11560:14294;size=6	RH.0BD19D1A26A74EBZ0Z_R	100.000	24	0	4.65e-09	48.1
M03520:605:000000000-LVNKY:1:1103:11779:7126;size=6	RH.7CE39E25906745AZ0Z_R	100.000	26	0	2.98e-10	52.0
M03520:605:000000000-LVNKY:1:1103:11779:7126;size=6	RH.7CE39E25906745AZ0Z_F	96.000	25	1	2.87e-07	42.1
M03520:605:000000000-LVNKY:1:1103:12184:14722;size=6	RH.7CE39E25906745AZ0Z_R	100.000	26	0	2.98e-10	52.0
M03520:605:000000000-LVNKY:1:1103:12200:23482;size=6	RH.DDB83AFF97C94C6Z0Z_R	100.000	25	0	1.18e-09	50.1
M03520:605:000000000-LVNKY:1:1103:12200:23482;size=6	RH.DDB83AFF97C94C6Z0Z_F	100.000	21	0	2.87e-07	42.1
M03520:605:000000000-LVNKY:1:1103:13350:24495;size=6	RH.69CEA0AC39F4445Z0Z_F	100.000	24	0	4.65e-09	48.1
M03520:605:000000000-LVNKY:1:1103:13350:24495;size=6	RH.69CEA0AC39F4445Z0Z_R	100.000	23	0	1.84e-08	46.1
M03520:605:000000000-LVNKY:1:1103:13595:3327;size=6	RH.0096A141894D447Z0Z_F	100.000	24	0	4.65e-09	48.1
M03520:605:000000000-LVNKY:1:1103:13643:17537;size=6	RH.27578A9A85FA4A3Z0Z_F	100.000	24	0	4.65e-09	48.1
M03520:605:000000000-LVNKY:1:1103:13643:17537;size=6	RH.27578A9A85FA4A3Z0Z_R	100.000	22	0	7.27e-08	44.1
M03520:605:000000000-LVNKY:1:1103:13740:3786;size=6	RH.CA1E204B0C0842DZ0Z_F	100.000	26	0	2.98e-10	52.0
M03520:605:000000000-LVNKY:1:1103:13740:3786;size=6	RH.CA1E204B0C0842DZ0Z_R	100.000	24	0	4.65e-09	48.1
M03520:605:000000000-LVNKY:1:1103:14614:16962;size=6	RH.0096A141894D447Z0Z_F	100.000	21	0	2.87e-07	42.1
M03520:605:000000000-LVNKY:1:1103:14614:16962;size=6	RH.0096A141894D447Z0Z_R	100.000	21	0	2.87e-07	42.1
M03520:605:000000000-LVNKY:1:1103:14616:7768;size=6	RH.DDB83AFF97C94C6Z0Z_F	100.000	24	0	4.65e-09	48.1
M03520:605:000000000-LVNKY:1:1103:14616:7768;size=6	RH.DDB83AFF97C94C6Z0Z_R	100.000	22	0	7.27e-08	44.1
M03520:605:000000000-LVNKY:1:1103:14783:17089;size=6	RH.B9EF730EBE6C436Z0Z_F	100.000	25	0	1.18e-09	50.1
M03520:605:000000000-LVNKY:1:1103:14783:17089;size=6	RH.B9EF730EBE6C436Z0Z_R	100.000	25	0	1.18e-09	50.1
M03520:605:000000000-LVNKY:1:1103:14837:2931;size=6	RH.7CE39E25906745AZ0Z_R	100.000	26	0	2.98e-10	52.0
M03520:605:000000000-LVNKY:1:1103:14837:2931;size=6	RH.7CE39E25906745AZ0Z_F	100.000	25	0	1.18e-09	50.1
M03520:605:000000000-LVNKY:1:1103:15171:18809;size=6	RH.85A5303CAAF54ADZ0Z_R	100.000	22	0	7.27e-08	44.1
M03520:605:000000000-LVNKY:1:1103:15447:2904;size=6	RH.CA1E204B0C0842DZ0Z_R	100.000	24	0	4.65e-09	48.1
M03520:605:000000000-LVNKY:1:1103:15447:2904;size=6	RH.CA1E204B0C0842DZ0Z_F	96.154	26	1	7.27e-08	44.1
M03520:605:000000000-LVNKY:1:1103:15565:18802;size=6	RH.2A8AD21024974C0Z0Z_F	100.000	26	0	2.98e-10	52.0
M03520:605:000000000-LVNKY:1:1103:15565:18802;size=6	RH.2A8AD21024974C0Z0Z_R	100.000	25	0	1.18e-09	50.1
M03520:605:000000000-LVNKY:1:1103:17894:27138;size=6	RH.1CC74B91718A42FZ0Z_R	100.000	25	0	1.18e-09	50.1
M03520:605:000000000-LVNKY:1:1103:17894:27138;size=6	RH.1CC74B91718A42FZ0Z_F	100.000	24	0	4.65e-09	48.1
M03520:605:000000000-LVNKY:1:1103:18145:8970;size=6	RH.85A5303CAAF54ADZ0Z_R	100.000	22	0	7.27e-08	44.1
M03520:605:000000000-LVNKY:1:1103:18145:8970;size=6	RH.85A5303CAAF54ADZ0Z_F	100.000	21	0	2.87e-07	42.1
M03520:605:000000000-LVNKY:1:1103:18316:23112;size=6	RH.27578A9A85FA4A3Z0Z_F	100.000	24	0	4.65e-09	48.1
M03520:605:000000000-LVNKY:1:1103:18316:23112;size=6	RH.27578A9A85FA4A3Z0Z_R	100.000	22	0	7.27e-08	44.1
M03520:605:000000000-LVNKY:1:1103:18519:13221;size=6	RH.B9EF730EBE6C436Z0Z_R	100.000	25	0	1.18e-09	50.1
M03520:605:000000000-LVNKY:1:1103:18519:13221;size=6	RH.B9EF730EBE6C436Z0Z_F	100.000	25	0	1.18e-09	50.1
M03520:605:000000000-LVNKY:1:1103:18686:24072;size=6	RH.DDB83AFF97C94C6Z0Z_R	100.000	25	0	1.18e-09	50.1
M03520:605:000000000-LVNKY:1:1103:18686:24072;size=6	RH.DDB83AFF97C94C6Z0Z_F	100.000	24	0	4.65e-09	48.1
M03520:605:000000000-LVNKY:1:1103:18814:8371;size=6	RH.CA1E204B0C0842DZ0Z_F	100.000	26	0	2.98e-10	52.0
M03520:605:000000000-LVNKY:1:1103:18814:8371;size=6	RH.CA1E204B0C0842DZ0Z_R	100.000	24	0	4.65e-09	48.1
M03520:605:000000000-LVNKY:1:1103:19093:9697;size=6	RH.2AFFFBA0E81C482Z0Z_R	100.000	23	0	1.84e-08	46.1
M03520:605:000000000-LVNKY:1:1103:19093:9697;size=6	RH.2AFFFBA0E81C482Z0Z_F	95.652	23	1	4.48e-06	38.2
M03520:605:000000000-LVNKY:1:1103:19098:8948;size=6	RH.B9EF730EBE6C436Z0Z_R	100.000	25	0	1.18e-09	50.1
M03520:605:000000000-LVNKY:1:1103:19098:8948;size=6	RH.B9EF730EBE6C436Z0Z_F	96.000	25	1	2.87e-07	42.1
M03520:605:000000000-LVNKY:1:1103:19190:3275;size=6	RH.0096A141894D447Z0Z_F	100.000	22	0	7.27e-08	44.1
M03520:605:000000000-LVNKY:1:1103:19190:3275;size=6	RH.0096A141894D447Z0Z_R	100.000	21	0	2.87e-07	42.1
M03520:605:000000000-LVNKY:1:1103:19266:5633;size=6	RH.0550AF0F57084ADZ0Z_F	100.000	24	0	4.65e-09	48.1
M03520:605:000000000-LVNKY:1:1103:19266:5633;size=6	RH.0550AF0F57084ADZ0Z_R	100.000	22	0	7.27e-08	44.1
M03520:605:000000000-LVNKY:1:1103:19756:3127;size=6	RH.2A8AD21024974C0Z0Z_F	100.000	26	0	2.98e-10	52.0
M03520:605:000000000-LVNKY:1:1103:19963:3812;size=6	RH.85A5303CAAF54ADZ0Z_F	100.000	21	0	2.87e-07	42.1
M03520:605:000000000-LVNKY:1:1103:20151:4593;size=6	RH.0096A141894D447Z0Z_F	100.000	24	0	4.65e-09	48.1
M03520:605:000000000-LVNKY:1:1103:20151:4593;size=6	RH.0096A141894D447Z0Z_R	100.000	21	0	2.87e-07	42.1
M03520:605:000000000-LVNKY:1:1103:20222:26614;size=6	RH.85A5303CAAF54ADZ0Z_R	100.000	22	0	7.27e-08	44.1
M03520:605:000000000-LVNKY:1:1103:20324:9307;size=6	RH.69CEA0AC39F4445Z0Z_R	100.000	23	0	1.84e-08	46.1
M03520:605:000000000-LVNKY:1:1103:2176:18603;size=6	RH.85A5303CAAF54ADZ0Z_R	100.000	22	0	7.27e-08	44.1
M03520:605:000000000-LVNKY:1:1103:2176:18603;size=6	RH.85A5303CAAF54ADZ0Z_F	100.000	21	0	2.87e-07	42.1
M03520:605:000000000-LVNKY:1:1103:22009:15310;size=6	RH.DDB83AFF97C94C6Z0Z_R	100.000	25	0	1.18e-09	50.1
M03520:605:000000000-LVNKY:1:1103:22009:15310;size=6	RH.DDB83AFF97C94C6Z0Z_F	100.000	24	0	4.65e-09	48.1
M03520:605:000000000-LVNKY:1:1103:22521:9908;size=6	RH.0096A141894D447Z0Z_F	100.000	24	0	4.65e-09	48.1
M03520:605:000000000-LVNKY:1:1103:22521:9908;size=6	RH.0096A141894D447Z0Z_R	100.000	21	0	2.87e-07	42.1
M03520:605:000000000-LVNKY:1:1103:22555:17782;size=6	RH.7CE39E25906745AZ0Z_F	100.000	25	0	1.18e-09	50.1
M03520:605:000000000-LVNKY:1:1103:23153:26337;size=6	RH.0550AF0F57084ADZ0Z_F	100.000	24	0	4.65e-09	48.1
M03520:605:000000000-LVNKY:1:1103:23153:26337;size=6	RH.0550AF0F57084ADZ0Z_R	100.000	22	0	7.27e-08	44.1
M03520:605:000000000-LVNKY:1:1103:23258:23896;size=6	RH.69CEA0AC39F4445Z0Z_F	100.000	24	0	4.65e-09	48.1
M03520:605:000000000-LVNKY:1:1103:23258:23896;size=6	RH.69CEA0AC39F4445Z0Z_R	100.000	23	0	1.84e-08	46.1
M03520:605:000000000-LVNKY:1:1103:23425:21245;size=6	RH.DDB83AFF97C94C6Z0Z_F	100.000	24	0	4.65e-09	48.1
M03520:605:000000000-LVNKY:1:1103:23425:21245;size=6	RH.DDB83AFF97C94C6Z0Z_R	96.000	25	1	2.87e-07	42.1
M03520:605:000000000-LVNKY:1:1103:24343:15923;size=6	RH.DDB83AFF97C94C6Z0Z_R	100.000	23	0	1.84e-08	46.1
M03520:605:000000000-LVNKY:1:1103:24343:15923;size=6	RH.8B25A056ABC1444Z0Z_F	100.000	22	0	7.27e-08	44.1
M03520:605:000000000-LVNKY:1:1103:25352:24026;size=6	RH.2A8AD21024974C0Z0Z_F	100.000	26	0	2.98e-10	52.0
M03520:605:000000000-LVNKY:1:1103:25352:24026;size=6	RH.2A8AD21024974C0Z0Z_R	100.000	25	0	1.18e-09	50.1
M03520:605:000000000-LVNKY:1:1103:25845:24704;size=6	RH.7CE39E25906745AZ0Z_R	100.000	26	0	2.98e-10	52.0
M03520:605:000000000-LVNKY:1:1103:26850:20641;size=6	RH.0096A141894D447Z0Z_F	100.000	24	0	4.65e-09	48.1
M03520:605:000000000-LVNKY:1:1103:26850:20641;size=6	RH.0096A141894D447Z0Z_R	100.000	21	0	2.87e-07	42.1
M03520:605:000000000-LVNKY:1:1103:2719:15886;size=6	RH.2A8AD21024974C0Z0Z_F	100.000	26	0	2.98e-10	52.0
M03520:605:000000000-LVNKY:1:1103:2719:15886;size=6	RH.2A8AD21024974C0Z0Z_R	100.000	25	0	1.18e-09	50.1
M03520:605:000000000-LVNKY:1:1103:27349:22240;size=6	RH.85A5303CAAF54ADZ0Z_R	100.000	22	0	7.27e-08	44.1
M03520:605:000000000-LVNKY:1:1103:27349:22240;size=6	RH.85A5303CAAF54ADZ0Z_F	100.000	21	0	2.87e-07	42.1
M03520:605:000000000-LVNKY:1:1103:29329:15812;size=6	RH.8B25A056ABC1444Z0Z_F	100.000	25	0	1.18e-09	50.1
M03520:605:000000000-LVNKY:1:1103:29329:15812;size=6	RH.8B25A056ABC1444Z0Z_R	100.000	24	0	4.65e-09	48.1
M03520:605:000000000-LVNKY:1:1103:4695:11722;size=6	RH.2A8AD21024974C0Z0Z_F	100.000	26	0	2.98e-10	52.0
M03520:605:000000000-LVNKY:1:1103:4695:11722;size=6	RH.2A8AD21024974C0Z0Z_R	100.000	25	0	1.18e-09	50.1
M03520:605:000000000-LVNKY:1:1103:5207:7300;size=6	RH.7CE39E25906745AZ0Z_R	100.000	26	0	2.98e-10	52.0
M03520:605:000000000-LVNKY:1:1103:5207:7300;size=6	RH.7CE39E25906745AZ0Z_F	100.000	25	0	1.18e-09	50.1
M03520:605:000000000-LVNKY:1:1103:5678:8024;size=6	RH.0550AF0F57084ADZ0Z_F	100.000	24	0	4.65e-09	48.1
M03520:605:000000000-LVNKY:1:1103:5678:8024;size=6	RH.0550AF0F57084ADZ0Z_R	100.000	22	0	7.27e-08	44.1
M03520:605:000000000-LVNKY:1:1103:5819:11066;size=6	RH.0096A141894D447Z0Z_F	100.000	22	0	7.27e-08	44.1
M03520:605:000000000-LVNKY:1:1103:7176:24484;size=6	RH.DDB83AFF97C94C6Z0Z_R	100.000	25	0	1.18e-09	50.1
M03520:605:000000000-LVNKY:1:1103:7176:24484;size=6	RH.DDB83AFF97C94C6Z0Z_F	100.000	19	0	4.48e-06	38.2
M03520:605:000000000-LVNKY:1:1103:7541:15128;size=6	RH.1CC74B91718A42FZ0Z_R	100.000	25	0	1.18e-09	50.1
M03520:605:000000000-LVNKY:1:1103:7541:15128;size=6	RH.1CC74B91718A42FZ0Z_F	100.000	19	0	4.48e-06	38.2
M03520:605:000000000-LVNKY:1:1103:8180:13502;size=6	RH.1CC74B91718A42FZ0Z_R	100.000	25	0	1.18e-09	50.1
M03520:605:000000000-LVNKY:1:1103:8180:13502;size=6	RH.1CC74B91718A42FZ0Z_F	95.833	24	1	1.13e-06	40.1
M03520:605:000000000-LVNKY:1:1103:8249:15766;size=6	RH.DE543226C201437Z0Z_R	100.000	20	0	1.13e-06	40.1
M03520:605:000000000-LVNKY:1:1103:8249:15766;size=6	RH.51338FA06EDB4F0Z0Z_R	95.652	23	1	4.48e-06	38.2
M03520:605:000000000-LVNKY:1:1103:8362:4744;size=6	RH.DDB83AFF97C94C6Z0Z_F	100.000	24	0	4.65e-09	48.1
M03520:605:000000000-LVNKY:1:1103:8362:4744;size=6	RH.DDB83AFF97C94C6Z0Z_R	96.000	25	1	2.87e-07	42.1
M03520:605:000000000-LVNKY:1:1103:9784:2701;size=6	RH.0BD19D1A26A74EBZ0Z_F	100.000	25	0	1.18e-09	50.1
M03520:605:000000000-LVNKY:1:1103:9784:2701;size=6	RH.0BD19D1A26A74EBZ0Z_R	95.833	24	1	1.13e-06	40.1
M03520:605:000000000-LVNKY:1:1103:9981:14382;size=6	RH.7CE39E25906745AZ0Z_F	100.000	25	0	1.18e-09	50.1
M03520:605:000000000-LVNKY:1:1103:9981:14382;size=6	RH.7CE39E25906745AZ0Z_R	96.154	26	1	7.27e-08	44.1
M03520:605:000000000-LVNKY:1:1104:10524:6243;size=6	RH.8B25A056ABC1444Z0Z_F	100.000	22	0	7.27e-08	44.1
M03520:605:000000000-LVNKY:1:1104:10524:6243;size=6	RH.DDB83AFF97C94C6Z0Z_R	100.000	22	0	7.27e-08	44.1
M03520:605:000000000-LVNKY:1:1104:10798:18559;size=6	RH.85A5303CAAF54ADZ0Z_R	100.000	22	0	7.27e-08	44.1
M03520:605:000000000-LVNKY:1:1104:11057:7372;size=6	RH.7CE39E25906745AZ0Z_R	100.000	25	0	1.18e-09	50.1
M03520:605:000000000-LVNKY:1:1104:11057:7372;size=6	RH.7CE39E25906745AZ0Z_F	100.000	25	0	1.18e-09	50.1
M03520:605:000000000-LVNKY:1:1104:11255:17032;size=6	RH.0BD19D1A26A74EBZ0Z_F	100.000	25	0	1.18e-09	50.1
M03520:605:000000000-LVNKY:1:1104:11255:17032;size=6	RH.0BD19D1A26A74EBZ0Z_R	95.833	24	1	1.13e-06	40.1
M03520:605:000000000-LVNKY:1:1104:11686:20891;size=6	RH.0096A141894D447Z0Z_F	100.000	24	0	4.65e-09	48.1
M03520:605:000000000-LVNKY:1:1104:11686:20891;size=6	RH.0096A141894D447Z0Z_R	100.000	21	0	2.87e-07	42.1
M03520:605:000000000-LVNKY:1:1104:12185:15909;size=6	RH.7CE39E25906745AZ0Z_R	100.000	26	0	2.98e-10	52.0
M03520:605:000000000-LVNKY:1:1104:12185:15909;size=6	RH.7CE39E25906745AZ0Z_F	100.000	25	0	1.18e-09	50.1
M03520:605:000000000-LVNKY:1:1104:12828:25797;size=6	RH.7CE39E25906745AZ0Z_R	100.000	26	0	2.98e-10	52.0
M03520:605:000000000-LVNKY:1:1104:12828:25797;size=6	RH.7CE39E25906745AZ0Z_F	100.000	25	0	1.18e-09	50.1
M03520:605:000000000-LVNKY:1:1104:13365:9821;size=6	RH.27578A9A85FA4A3Z0Z_F	100.000	24	0	4.65e-09	48.1
M03520:605:000000000-LVNKY:1:1104:13365:9821;size=6	RH.27578A9A85FA4A3Z0Z_R	100.000	19	0	4.48e-06	38.2
M03520:605:000000000-LVNKY:1:1104:14438:17266;size=6	RH.1CC74B91718A42FZ0Z_R	100.000	25	0	1.18e-09	50.1
M03520:605:000000000-LVNKY:1:1104:14438:17266;size=6	RH.1CC74B91718A42FZ0Z_F	100.000	24	0	4.65e-09	48.1
M03520:605:000000000-LVNKY:1:1104:15214:2128;size=6	RH.2A8AD21024974C0Z0Z_R	100.000	25	0	1.18e-09	50.1
M03520:605:000000000-LVNKY:1:1104:15214:2128;size=6	RH.2A8AD21024974C0Z0Z_F	96.154	26	1	7.27e-08	44.1
M03520:605:000000000-LVNKY:1:1104:16032:9949;size=6	RH.61181F89884D47EZ0Z_R	100.000	25	0	1.18e-09	50.1
M03520:605:000000000-LVNKY:1:1104:16032:9949;size=6	RH.61181F89884D47EZ0Z_F	100.000	25	0	1.18e-09	50.1
M03520:605:000000000-LVNKY:1:1104:17329:6388;size=6	RH.B5A2E3C1CC8E44AZ0Z_F	100.000	23	0	1.84e-08	46.1
M03520:605:000000000-LVNKY:1:1104:17329:6388;size=6	RH.B5A2E3C1CC8E44AZ0Z_R	100.000	22	0	7.27e-08	44.1
M03520:605:000000000-LVNKY:1:1104:18322:5797;size=6	RH.0550AF0F57084ADZ0Z_F	100.000	24	0	4.65e-09	48.1
M03520:605:000000000-LVNKY:1:1104:18322:5797;size=6	RH.0550AF0F57084ADZ0Z_R	100.000	22	0	7.27e-08	44.1
M03520:605:000000000-LVNKY:1:1104:20056:12699;size=6	RH.185D4E36BBF74FEZ0Z_F	100.000	27	0	7.54e-11	54.0
M03520:605:000000000-LVNKY:1:1104:20056:12699;size=6	RH.185D4E36BBF74FEZ0Z_R	100.000	25	0	1.18e-09	50.1
M03520:605:000000000-LVNKY:1:1104:20677:6993;size=6	RH.7CE39E25906745AZ0Z_R	100.000	26	0	2.98e-10	52.0
M03520:605:000000000-LVNKY:1:1104:20677:6993;size=6	RH.7CE39E25906745AZ0Z_F	100.000	25	0	1.18e-09	50.1
M03520:605:000000000-LVNKY:1:1104:20741:10647;size=6	RH.27578A9A85FA4A3Z0Z_R	100.000	22	0	7.27e-08	44.1
M03520:605:000000000-LVNKY:1:1104:21161:22985;size=6	RH.85A5303CAAF54ADZ0Z_F	100.000	21	0	2.87e-07	42.1
M03520:605:000000000-LVNKY:1:1104:21161:22985;size=6	RH.85A5303CAAF54ADZ0Z_R	100.000	19	0	4.48e-06	38.2
M03520:605:000000000-LVNKY:1:1104:21356:11981;size=6	RH.0096A141894D447Z0Z_F	100.000	24	0	4.65e-09	48.1
M03520:605:000000000-LVNKY:1:1104:21837:22535;size=6	RH.0550AF0F57084ADZ0Z_F	100.000	24	0	4.65e-09	48.1
M03520:605:000000000-LVNKY:1:1104:21837:22535;size=6	RH.0550AF0F57084ADZ0Z_R	100.000	22	0	7.27e-08	44.1
M03520:605:000000000-LVNKY:1:1104:21914:11459;size=6	RH.DDB83AFF97C94C6Z0Z_R	100.000	25	0	1.18e-09	50.1
M03520:605:000000000-LVNKY:1:1104:21914:11459;size=6	RH.8B25A056ABC1444Z0Z_F	100.000	22	0	7.27e-08	44.1
M03520:605:000000000-LVNKY:1:1104:21914:7021;size=6	RH.CA1E204B0C0842DZ0Z_F	100.000	26	0	2.98e-10	52.0
M03520:605:000000000-LVNKY:1:1104:21914:7021;size=6	RH.CA1E204B0C0842DZ0Z_R	100.000	23	0	1.84e-08	46.1
M03520:605:000000000-LVNKY:1:1104:22022:5660;size=6	RH.85A5303CAAF54ADZ0Z_R	100.000	22	0	7.27e-08	44.1
M03520:605:000000000-LVNKY:1:1104:22022:5660;size=6	RH.85A5303CAAF54ADZ0Z_F	100.000	21	0	2.87e-07	42.1
M03520:605:000000000-LVNKY:1:1104:22229:9114;size=6	RH.27578A9A85FA4A3Z0Z_F	100.000	24	0	4.65e-09	48.1
M03520:605:000000000-LVNKY:1:1104:22229:9114;size=6	RH.27578A9A85FA4A3Z0Z_R	100.000	22	0	7.27e-08	44.1
M03520:605:000000000-LVNKY:1:1104:22247:26749;size=6	RH.DDB83AFF97C94C6Z0Z_R	100.000	25	0	1.18e-09	50.1
M03520:605:000000000-LVNKY:1:1104:22247:26749;size=6	RH.DDB83AFF97C94C6Z0Z_F	100.000	24	0	4.65e-09	48.1
M03520:605:000000000-LVNKY:1:1104:22250:23148;size=6	RH.B9EF730EBE6C436Z0Z_R	100.000	25	0	1.18e-09	50.1
M03520:605:000000000-LVNKY:1:1104:22250:23148;size=6	RH.B9EF730EBE6C436Z0Z_F	96.000	25	1	2.87e-07	42.1
M03520:605:000000000-LVNKY:1:1104:2325:17352;size=6	RH.1CC74B91718A42FZ0Z_R	100.000	25	0	1.18e-09	50.1
M03520:605:000000000-LVNKY:1:1104:2325:17352;size=6	RH.1CC74B91718A42FZ0Z_F	95.833	24	1	1.13e-06	40.1
M03520:605:000000000-LVNKY:1:1104:23289:21936;size=6	RH.E4A8B94D0D174D9Z0Z_R	100.000	24	0	4.65e-09	48.1
M03520:605:000000000-LVNKY:1:1104:23289:21936;size=6	RH.E4A8B94D0D174D9Z0Z_F	100.000	24	0	4.65e-09	48.1
M03520:605:000000000-LVNKY:1:1104:23375:10910;size=6	RH.2AFFFBA0E81C482Z0Z_R	100.000	23	0	1.84e-08	46.1
M03520:605:000000000-LVNKY:1:1104:23375:10910;size=6	RH.2AFFFBA0E81C482Z0Z_F	100.000	23	0	1.84e-08	46.1
M03520:605:000000000-LVNKY:1:1104:24371:11838;size=6	RH.0096A141894D447Z0Z_F	100.000	24	0	4.65e-09	48.1
M03520:605:000000000-LVNKY:1:1104:24371:11838;size=6	RH.0096A141894D447Z0Z_R	100.000	21	0	2.87e-07	42.1
M03520:605:000000000-LVNKY:1:1104:24462:12850;size=6	RH.0096A141894D447Z0Z_R	100.000	21	0	2.87e-07	42.1
M03520:605:000000000-LVNKY:1:1104:24462:12850;size=6	RH.0096A141894D447Z0Z_F	95.833	24	1	1.13e-06	40.1
M03520:605:000000000-LVNKY:1:1104:26178:14092;size=6	RH.69CEA0AC39F4445Z0Z_F	100.000	24	0	4.65e-09	48.1
M03520:605:000000000-LVNKY:1:1104:26178:14092;size=6	RH.69CEA0AC39F4445Z0Z_R	95.652	23	1	4.48e-06	38.2
M03520:605:000000000-LVNKY:1:1104:27467:16157;size=6	RH.51338FA06EDB4F0Z0Z_F	100.000	25	0	1.18e-09	50.1
M03520:605:000000000-LVNKY:1:1104:27467:16157;size=6	RH.51338FA06EDB4F0Z0Z_R	100.000	25	0	1.18e-09	50.1
M03520:605:000000000-LVNKY:1:1104:27542:13560;size=6	RH.7CE39E25906745AZ0Z_R	100.000	26	0	2.98e-10	52.0
M03520:605:000000000-LVNKY:1:1104:27542:13560;size=6	RH.7CE39E25906745AZ0Z_F	100.000	25	0	1.18e-09	50.1
M03520:605:000000000-LVNKY:1:1104:2827:16496;size=6	RH.DDB83AFF97C94C6Z0Z_R	100.000	25	0	1.18e-09	50.1
M03520:605:000000000-LVNKY:1:1104:2827:16496;size=6	RH.DDB83AFF97C94C6Z0Z_F	100.000	24	0	4.65e-09	48.1
M03520:605:000000000-LVNKY:1:1104:3374:20180;size=6	RH.85A5303CAAF54ADZ0Z_R	100.000	22	0	7.27e-08	44.1
M03520:605:000000000-LVNKY:1:1104:3374:20180;size=6	RH.85A5303CAAF54ADZ0Z_F	100.000	21	0	2.87e-07	42.1
M03520:605:000000000-LVNKY:1:1104:3639:17181;size=6	RH.7CE39E25906745AZ0Z_R	100.000	26	0	2.98e-10	52.0
M03520:605:000000000-LVNKY:1:1104:3639:17181;size=6	RH.7CE39E25906745AZ0Z_F	100.000	25	0	1.18e-09	50.1
M03520:605:000000000-LVNKY:1:1104:4278:16922;size=6	RH.0096A141894D447Z0Z_F	100.000	24	0	4.65e-09	48.1
M03520:605:000000000-LVNKY:1:1104:4278:16922;size=6	RH.0096A141894D447Z0Z_R	100.000	21	0	2.87e-07	42.1
M03520:605:000000000-LVNKY:1:1104:4831:13611;size=6	RH.8B25A056ABC1444Z0Z_R	100.000	24	0	4.65e-09	48.1
M03520:605:000000000-LVNKY:1:1104:4831:13611;size=6	RH.8B25A056ABC1444Z0Z_F	100.000	22	0	7.27e-08	44.1
M03520:605:000000000-LVNKY:1:1104:6409:17139;size=6	RH.DDB83AFF97C94C6Z0Z_F	100.000	24	0	4.65e-09	48.1
M03520:605:000000000-LVNKY:1:1104:6409:17139;size=6	RH.6572108A164E48EZ0Z_F	100.000	24	0	4.65e-09	48.1
M03520:605:000000000-LVNKY:1:1104:6409:17139;size=6	RH.6572108A164E48EZ0Z_R	96.000	25	1	2.87e-07	42.1
M03520:605:000000000-LVNKY:1:1104:7219:12668;size=6	RH.CA1E204B0C0842DZ0Z_F	100.000	26	0	2.98e-10	52.0
M03520:605:000000000-LVNKY:1:1104:7219:12668;size=6	RH.CA1E204B0C0842DZ0Z_R	100.000	24	0	4.65e-09	48.1
M03520:605:000000000-LVNKY:1:1104:7866:9125;size=6	RH.2A8AD21024974C0Z0Z_F	100.000	26	0	2.98e-10	52.0
M03520:605:000000000-LVNKY:1:1104:7866:9125;size=6	RH.2A8AD21024974C0Z0Z_R	100.000	25	0	1.18e-09	50.1
M03520:605:000000000-LVNKY:1:1104:8574:7085;size=6	RH.7CE39E25906745AZ0Z_R	100.000	25	0	1.18e-09	50.1
M03520:605:000000000-LVNKY:1:1104:9860:23506;size=6	RH.27578A9A85FA4A3Z0Z_F	100.000	24	0	4.65e-09	48.1
M03520:605:000000000-LVNKY:1:1104:9860:23506;size=6	RH.27578A9A85FA4A3Z0Z_R	100.000	22	0	7.27e-08	44.1
M03520:605:000000000-LVNKY:1:1104:9938:17092;size=6	RH.51338FA06EDB4F0Z0Z_R	100.000	25	0	1.18e-09	50.1
M03520:605:000000000-LVNKY:1:1104:9938:17092;size=6	RH.51338FA06EDB4F0Z0Z_F	100.000	24	0	4.65e-09	48.1
M03520:605:000000000-LVNKY:1:1105:10493:27587;size=6	RH.6572108A164E48EZ0Z_R	100.000	25	0	1.18e-09	50.1
M03520:605:000000000-LVNKY:1:1105:10899:27438;size=6	RH.2AFFFBA0E81C482Z0Z_R	100.000	23	0	1.84e-08	46.1
M03520:605:000000000-LVNKY:1:1105:10899:27438;size=6	RH.2AFFFBA0E81C482Z0Z_F	100.000	19	0	4.48e-06	38.2
M03520:605:000000000-LVNKY:1:1105:11119:22865;size=6	RH.DE543226C201437Z0Z_R	100.000	20	0	1.13e-06	40.1
M03520:605:000000000-LVNKY:1:1105:11119:22865;size=6	RH.51338FA06EDB4F0Z0Z_R	95.652	23	1	4.48e-06	38.2
M03520:605:000000000-LVNKY:1:1105:11178:13828;size=6	RH.7CE39E25906745AZ0Z_F	100.000	25	0	1.18e-09	50.1
M03520:605:000000000-LVNKY:1:1105:12008:21866;size=6	RH.0BD19D1A26A74EBZ0Z_F	100.000	25	0	1.18e-09	50.1
M03520:605:000000000-LVNKY:1:1105:12008:21866;size=6	RH.0BD19D1A26A74EBZ0Z_R	100.000	20	0	1.13e-06	40.1
M03520:605:000000000-LVNKY:1:1105:12802:24876;size=6	RH.27578A9A85FA4A3Z0Z_F	100.000	24	0	4.65e-09	48.1
M03520:605:000000000-LVNKY:1:1105:14578:28002;size=6	RH.6572108A164E48EZ0Z_R	100.000	25	0	1.18e-09	50.1
M03520:605:000000000-LVNKY:1:1105:14578:28002;size=6	RH.6572108A164E48EZ0Z_F	100.000	24	0	4.65e-09	48.1
M03520:605:000000000-LVNKY:1:1105:15169:6395;size=6	RH.CA1E204B0C0842DZ0Z_F	100.000	26	0	2.98e-10	52.0
M03520:605:000000000-LVNKY:1:1105:15169:6395;size=6	RH.CA1E204B0C0842DZ0Z_R	95.833	24	1	1.13e-06	40.1
M03520:605:000000000-LVNKY:1:1105:15519:16873;size=6	RH.B9EF730EBE6C436Z0Z_F	100.000	25	0	1.18e-09	50.1
M03520:605:000000000-LVNKY:1:1105:15519:16873;size=6	RH.B9EF730EBE6C436Z0Z_R	100.000	25	0	1.18e-09	50.1
M03520:605:000000000-LVNKY:1:1105:15867:4865;size=6	RH.0550AF0F57084ADZ0Z_F	100.000	24	0	4.65e-09	48.1
M03520:605:000000000-LVNKY:1:1105:15867:4865;size=6	RH.0550AF0F57084ADZ0Z_R	100.000	22	0	7.27e-08	44.1
M03520:605:000000000-LVNKY:1:1105:15873:7666;size=6	RH.DDB83AFF97C94C6Z0Z_R	100.000	25	0	1.18e-09	50.1
M03520:605:000000000-LVNKY:1:1105:15873:7666;size=6	RH.DDB83AFF97C94C6Z0Z_F	100.000	24	0	4.65e-09	48.1
M03520:605:000000000-LVNKY:1:1105:16289:20235;size=6	RH.185D4E36BBF74FEZ0Z_F	100.000	27	0	7.54e-11	54.0
M03520:605:000000000-LVNKY:1:1105:16289:20235;size=6	RH.185D4E36BBF74FEZ0Z_R	100.000	26	0	2.98e-10	52.0
M03520:605:000000000-LVNKY:1:1105:17681:16405;size=6	RH.85A5303CAAF54ADZ0Z_R	100.000	22	0	7.27e-08	44.1
M03520:605:000000000-LVNKY:1:1105:17681:16405;size=6	RH.85A5303CAAF54ADZ0Z_F	100.000	21	0	2.87e-07	42.1
M03520:605:000000000-LVNKY:1:1105:20059:15242;size=6	RH.2A8AD21024974C0Z0Z_R	100.000	25	0	1.18e-09	50.1
M03520:605:000000000-LVNKY:1:1105:20059:15242;size=6	RH.2A8AD21024974C0Z0Z_F	96.154	26	1	7.27e-08	44.1
M03520:605:000000000-LVNKY:1:1105:20144:15726;size=6	RH.B9EF730EBE6C436Z0Z_F	100.000	25	0	1.18e-09	50.1
M03520:605:000000000-LVNKY:1:1105:20144:15726;size=6	RH.B9EF730EBE6C436Z0Z_R	96.000	25	1	2.87e-07	42.1
M03520:605:000000000-LVNKY:1:1105:21571:9847;size=6	RH.DDB83AFF97C94C6Z0Z_R	100.000	25	0	1.18e-09	50.1
M03520:605:000000000-LVNKY:1:1105:21571:9847;size=6	RH.DDB83AFF97C94C6Z0Z_F	95.833	24	1	1.13e-06	40.1
M03520:605:000000000-LVNKY:1:1105:22070:3302;size=6	RH.69CEA0AC39F4445Z0Z_F	100.000	24	0	4.65e-09	48.1
M03520:605:000000000-LVNKY:1:1105:22070:3302;size=6	RH.69CEA0AC39F4445Z0Z_R	95.652	23	1	4.48e-06	38.2
M03520:605:000000000-LVNKY:1:1105:22223:19702;size=6	RH.DDB83AFF97C94C6Z0Z_R	100.000	25	0	1.18e-09	50.1
M03520:605:000000000-LVNKY:1:1105:22223:19702;size=6	RH.DDB83AFF97C94C6Z0Z_F	100.000	24	0	4.65e-09	48.1
M03520:605:000000000-LVNKY:1:1105:23624:9343;size=6	RH.69CEA0AC39F4445Z0Z_F	100.000	24	0	4.65e-09	48.1
M03520:605:000000000-LVNKY:1:1105:23624:9343;size=6	RH.69CEA0AC39F4445Z0Z_R	100.000	23	0	1.84e-08	46.1
M03520:605:000000000-LVNKY:1:1105:23931:11065;size=6	RH.2AFFFBA0E81C482Z0Z_R	100.000	23	0	1.84e-08	46.1
M03520:605:000000000-LVNKY:1:1105:23931:11065;size=6	RH.2AFFFBA0E81C482Z0Z_F	100.000	23	0	1.84e-08	46.1
M03520:605:000000000-LVNKY:1:1105:24040:11573;size=6	RH.8B25A056ABC1444Z0Z_R	100.000	24	0	4.65e-09	48.1
M03520:605:000000000-LVNKY:1:1105:26793:11484;size=6	RH.1CC74B91718A42FZ0Z_F	100.000	24	0	4.65e-09	48.1
M03520:605:000000000-LVNKY:1:1105:26793:11484;size=6	RH.1CC74B91718A42FZ0Z_R	96.000	25	1	2.87e-07	42.1
M03520:605:000000000-LVNKY:1:1105:28777:11781;size=6	RH.DDB83AFF97C94C6Z0Z_R	100.000	25	0	1.18e-09	50.1
M03520:605:000000000-LVNKY:1:1105:28777:11781;size=6	RH.DDB83AFF97C94C6Z0Z_F	100.000	23	0	1.84e-08	46.1
M03520:605:000000000-LVNKY:1:1105:4625:15965;size=6	RH.2A8AD21024974C0Z0Z_R	100.000	25	0	1.18e-09	50.1
M03520:605:000000000-LVNKY:1:1105:4625:15965;size=6	RH.2A8AD21024974C0Z0Z_F	96.154	26	1	7.27e-08	44.1
M03520:605:000000000-LVNKY:1:1105:4801:19395;size=6	RH.8B25A056ABC1444Z0Z_R	100.000	24	0	4.65e-09	48.1
M03520:605:000000000-LVNKY:1:1105:4801:19395;size=6	RH.8B25A056ABC1444Z0Z_F	100.000	22	0	7.27e-08	44.1
M03520:605:000000000-LVNKY:1:1105:6271:19286;size=6	RH.0BD19D1A26A74EBZ0Z_F	100.000	25	0	1.18e-09	50.1
M03520:605:000000000-LVNKY:1:1105:6271:19286;size=6	RH.0BD19D1A26A74EBZ0Z_R	100.000	24	0	4.65e-09	48.1
M03520:605:000000000-LVNKY:1:1105:6463:23047;size=6	RH.27578A9A85FA4A3Z0Z_F	100.000	24	0	4.65e-09	48.1
M03520:605:000000000-LVNKY:1:1105:6463:23047;size=6	RH.27578A9A85FA4A3Z0Z_R	100.000	22	0	7.27e-08	44.1
M03520:605:000000000-LVNKY:1:1105:6494:23379;size=6	RH.0550AF0F57084ADZ0Z_F	100.000	23	0	1.84e-08	46.1
M03520:605:000000000-LVNKY:1:1105:6494:23379;size=6	RH.0550AF0F57084ADZ0Z_R	100.000	22	0	7.27e-08	44.1
M03520:605:000000000-LVNKY:1:1105:6827:14314;size=6	RH.51338FA06EDB4F0Z0Z_F	100.000	25	0	1.18e-09	50.1
M03520:605:000000000-LVNKY:1:1105:6827:14314;size=6	RH.51338FA06EDB4F0Z0Z_R	100.000	25	0	1.18e-09	50.1
M03520:605:000000000-LVNKY:1:1105:6948:17308;size=6	RH.E04EE94198274F7Z0Z_F	100.000	25	0	1.18e-09	50.1
M03520:605:000000000-LVNKY:1:1105:6948:17308;size=6	RH.CA1E204B0C0842DZ0Z_R	100.000	24	0	4.65e-09	48.1
M03520:605:000000000-LVNKY:1:1105:7511:6102;size=6	RH.8B25A056ABC1444Z0Z_R	100.000	24	0	4.65e-09	48.1
M03520:605:000000000-LVNKY:1:1105:7511:6102;size=6	RH.8B25A056ABC1444Z0Z_F	100.000	22	0	7.27e-08	44.1
M03520:605:000000000-LVNKY:1:1105:8115:25150;size=6	RH.DDB83AFF97C94C6Z0Z_F	100.000	24	0	4.65e-09	48.1
M03520:605:000000000-LVNKY:1:1105:8115:25150;size=6	RH.DDB83AFF97C94C6Z0Z_R	100.000	22	0	7.27e-08	44.1
M03520:605:000000000-LVNKY:1:1105:8681:10093;size=6	RH.0BD19D1A26A74EBZ0Z_F	100.000	25	0	1.18e-09	50.1
M03520:605:000000000-LVNKY:1:1105:8681:10093;size=6	RH.0BD19D1A26A74EBZ0Z_R	100.000	20	0	1.13e-06	40.1
M03520:605:000000000-LVNKY:1:1105:9825:4687;size=6	RH.69CEA0AC39F4445Z0Z_F	100.000	24	0	4.65e-09	48.1
M03520:605:000000000-LVNKY:1:1105:9825:4687;size=6	RH.69CEA0AC39F4445Z0Z_R	100.000	23	0	1.84e-08	46.1
M03520:605:000000000-LVNKY:1:1106:10895:19400;size=6	RH.0096A141894D447Z0Z_F	100.000	24	0	4.65e-09	48.1
M03520:605:000000000-LVNKY:1:1106:10895:19400;size=6	RH.0096A141894D447Z0Z_R	100.000	21	0	2.87e-07	42.1
M03520:605:000000000-LVNKY:1:1106:11210:9741;size=6	RH.6572108A164E48EZ0Z_F	100.000	24	0	4.65e-09	48.1
M03520:605:000000000-LVNKY:1:1106:11210:9741;size=6	RH.6572108A164E48EZ0Z_R	100.000	21	0	2.87e-07	42.1
M03520:605:000000000-LVNKY:1:1106:11797:11870;size=6	RH.2A8AD21024974C0Z0Z_R	100.000	25	0	1.18e-09	50.1
M03520:605:000000000-LVNKY:1:1106:11797:11870;size=6	RH.2A8AD21024974C0Z0Z_F	96.154	26	1	7.27e-08	44.1
M03520:605:000000000-LVNKY:1:1106:12308:23928;size=6	RH.8B25A056ABC1444Z0Z_F	100.000	22	0	7.27e-08	44.1
M03520:605:000000000-LVNKY:1:1106:12308:23928;size=6	RH.8B25A056ABC1444Z0Z_R	95.833	24	1	1.13e-06	40.1
M03520:605:000000000-LVNKY:1:1106:12646:13659;size=6	RH.B9EF730EBE6C436Z0Z_R	100.000	25	0	1.18e-09	50.1
M03520:605:000000000-LVNKY:1:1106:12646:13659;size=6	RH.B9EF730EBE6C436Z0Z_F	100.000	25	0	1.18e-09	50.1
M03520:605:000000000-LVNKY:1:1106:13366:5053;size=6	RH.DDB83AFF97C94C6Z0Z_R	100.000	25	0	1.18e-09	50.1
M03520:605:000000000-LVNKY:1:1106:13366:5053;size=6	RH.DDB83AFF97C94C6Z0Z_F	100.000	24	0	4.65e-09	48.1
M03520:605:000000000-LVNKY:1:1106:13519:17650;size=6	RH.85A5303CAAF54ADZ0Z_F	100.000	21	0	2.87e-07	42.1
M03520:605:000000000-LVNKY:1:1106:13519:17650;size=6	RH.85A5303CAAF54ADZ0Z_R	100.000	19	0	4.48e-06	38.2
M03520:605:000000000-LVNKY:1:1106:13623:3371;size=6	RH.85A5303CAAF54ADZ0Z_R	100.000	22	0	7.27e-08	44.1
M03520:605:000000000-LVNKY:1:1106:13623:3371;size=6	RH.85A5303CAAF54ADZ0Z_F	100.000	21	0	2.87e-07	42.1
M03520:605:000000000-LVNKY:1:1106:13928:27112;size=6	RH.7CE39E25906745AZ0Z_R	100.000	26	0	2.98e-10	52.0
M03520:605:000000000-LVNKY:1:1106:13928:27112;size=6	RH.7CE39E25906745AZ0Z_F	100.000	25	0	1.18e-09	50.1
M03520:605:000000000-LVNKY:1:1106:15009:11376;size=6	RH.2A8AD21024974C0Z0Z_R	100.000	25	0	1.18e-09	50.1
M03520:605:000000000-LVNKY:1:1106:15009:11376;size=6	RH.2A8AD21024974C0Z0Z_F	96.154	26	1	7.27e-08	44.1
M03520:605:000000000-LVNKY:1:1106:15123:22214;size=6	RH.0096A141894D447Z0Z_F	100.000	24	0	4.65e-09	48.1
M03520:605:000000000-LVNKY:1:1106:15166:18497;size=6	RH.6572108A164E48EZ0Z_R	100.000	25	0	1.18e-09	50.1
M03520:605:000000000-LVNKY:1:1106:15166:18497;size=6	RH.6572108A164E48EZ0Z_F	95.833	24	1	1.13e-06	40.1
M03520:605:000000000-LVNKY:1:1106:15449:7800;size=6	RH.DDB83AFF97C94C6Z0Z_R	100.000	25	0	1.18e-09	50.1
M03520:605:000000000-LVNKY:1:1106:15449:7800;size=6	RH.DDB83AFF97C94C6Z0Z_F	100.000	24	0	4.65e-09	48.1
M03520:605:000000000-LVNKY:1:1106:15701:6694;size=6	RH.2A8AD21024974C0Z0Z_F	100.000	26	0	2.98e-10	52.0
M03520:605:000000000-LVNKY:1:1106:15701:6694;size=6	RH.2A8AD21024974C0Z0Z_R	100.000	25	0	1.18e-09	50.1
M03520:605:000000000-LVNKY:1:1106:15726:4506;size=6	RH.B9EF730EBE6C436Z0Z_R	100.000	25	0	1.18e-09	50.1
M03520:605:000000000-LVNKY:1:1106:15726:4506;size=6	RH.B9EF730EBE6C436Z0Z_F	100.000	24	0	4.65e-09	48.1
M03520:605:000000000-LVNKY:1:1106:15751:23257;size=6	RH.DDB83AFF97C94C6Z0Z_F	100.000	24	0	4.65e-09	48.1
M03520:605:000000000-LVNKY:1:1106:15751:23257;size=6	RH.DDB83AFF97C94C6Z0Z_R	100.000	21	0	2.87e-07	42.1
M03520:605:000000000-LVNKY:1:1106:15753:17857;size=6	RH.0096A141894D447Z0Z_R	100.000	21	0	2.87e-07	42.1
M03520:605:000000000-LVNKY:1:1106:15753:17857;size=6	RH.0096A141894D447Z0Z_F	95.833	24	1	1.13e-06	40.1
M03520:605:000000000-LVNKY:1:1106:15760:27879;size=6	RH.85A5303CAAF54ADZ0Z_R	100.000	22	0	7.27e-08	44.1
M03520:605:000000000-LVNKY:1:1106:15760:27879;size=6	RH.85A5303CAAF54ADZ0Z_F	100.000	21	0	2.87e-07	42.1
M03520:605:000000000-LVNKY:1:1106:18849:22597;size=6	RH.1CC74B91718A42FZ0Z_F	100.000	24	0	4.65e-09	48.1
M03520:605:000000000-LVNKY:1:1106:18849:22597;size=6	RH.1CC74B91718A42FZ0Z_R	96.000	25	1	2.87e-07	42.1
M03520:605:000000000-LVNKY:1:1106:19196:8949;size=6	RH.DDB83AFF97C94C6Z0Z_R	100.000	25	0	1.18e-09	50.1
M03520:605:000000000-LVNKY:1:1106:19196:8949;size=6	RH.8B25A056ABC1444Z0Z_F	100.000	22	0	7.27e-08	44.1
M03520:605:000000000-LVNKY:1:1106:21004:14322;size=6	RH.0096A141894D447Z0Z_F	100.000	24	0	4.65e-09	48.1
M03520:605:000000000-LVNKY:1:1106:21004:14322;size=6	RH.0096A141894D447Z0Z_R	100.000	21	0	2.87e-07	42.1
M03520:605:000000000-LVNKY:1:1106:21532:23552;size=6	RH.DDB83AFF97C94C6Z0Z_R	100.000	25	0	1.18e-09	50.1
M03520:605:000000000-LVNKY:1:1106:21532:23552;size=6	RH.DDB83AFF97C94C6Z0Z_F	100.000	24	0	4.65e-09	48.1
M03520:605:000000000-LVNKY:1:1106:21771:20776;size=6	RH.DDB83AFF97C94C6Z0Z_F	100.000	24	0	4.65e-09	48.1
M03520:605:000000000-LVNKY:1:1106:21771:20776;size=6	RH.DDB83AFF97C94C6Z0Z_R	96.000	25	1	2.87e-07	42.1
M03520:605:000000000-LVNKY:1:1106:23717:12630;size=6	RH.27578A9A85FA4A3Z0Z_F	100.000	24	0	4.65e-09	48.1
M03520:605:000000000-LVNKY:1:1106:23717:12630;size=6	RH.27578A9A85FA4A3Z0Z_R	100.000	22	0	7.27e-08	44.1
M03520:605:000000000-LVNKY:1:1106:2405:13830;size=6	RH.0096A141894D447Z0Z_F	100.000	24	0	4.65e-09	48.1
M03520:605:000000000-LVNKY:1:1106:2405:13830;size=6	RH.0096A141894D447Z0Z_R	100.000	21	0	2.87e-07	42.1
M03520:605:000000000-LVNKY:1:1106:25104:7650;size=6	RH.7CE39E25906745AZ0Z_R	100.000	26	0	2.98e-10	52.0
M03520:605:000000000-LVNKY:1:1106:25104:7650;size=6	RH.7CE39E25906745AZ0Z_F	100.000	23	0	1.84e-08	46.1
M03520:605:000000000-LVNKY:1:1106:27380:19635;size=6	RH.27578A9A85FA4A3Z0Z_F	100.000	24	0	4.65e-09	48.1
M03520:605:000000000-LVNKY:1:1106:4072:13654;size=6	RH.0096A141894D447Z0Z_F	100.000	24	0	4.65e-09	48.1
M03520:605:000000000-LVNKY:1:1106:4072:13654;size=6	RH.0096A141894D447Z0Z_R	100.000	21	0	2.87e-07	42.1
M03520:605:000000000-LVNKY:1:1106:5557:17275;size=6	RH.E04EE94198274F7Z0Z_F	100.000	25	0	1.18e-09	50.1
M03520:605:000000000-LVNKY:1:1106:5557:17275;size=6	RH.E04EE94198274F7Z0Z_R	95.833	24	1	1.13e-06	40.1
M03520:605:000000000-LVNKY:1:1106:6133:24056;size=6	RH.27578A9A85FA4A3Z0Z_F	100.000	24	0	4.65e-09	48.1
M03520:605:000000000-LVNKY:1:1106:6133:24056;size=6	RH.27578A9A85FA4A3Z0Z_R	100.000	22	0	7.27e-08	44.1
M03520:605:000000000-LVNKY:1:1106:7196:7395;size=6	RH.27578A9A85FA4A3Z0Z_F	100.000	24	0	4.65e-09	48.1
M03520:605:000000000-LVNKY:1:1106:7196:7395;size=6	RH.27578A9A85FA4A3Z0Z_R	100.000	21	0	2.87e-07	42.1
M03520:605:000000000-LVNKY:1:1106:7273:13482;size=6	RH.E04EE94198274F7Z0Z_F	100.000	25	0	1.18e-09	50.1
M03520:605:000000000-LVNKY:1:1106:7273:13482;size=6	RH.E04EE94198274F7Z0Z_R	95.833	24	1	1.13e-06	40.1
M03520:605:000000000-LVNKY:1:1106:9368:24457;size=6	RH.CA1E204B0C0842DZ0Z_R	100.000	24	0	4.65e-09	48.1
M03520:605:000000000-LVNKY:1:1106:9368:24457;size=6	RH.CA1E204B0C0842DZ0Z_F	96.154	26	1	7.27e-08	44.1
M03520:605:000000000-LVNKY:1:1106:9667:12415;size=6	RH.0550AF0F57084ADZ0Z_R	100.000	22	0	7.27e-08	44.1
M03520:605:000000000-LVNKY:1:1106:9667:12415;size=6	RH.0550AF0F57084ADZ0Z_F	95.833	24	1	1.13e-06	40.1
M03520:605:000000000-LVNKY:1:1107:10915:2394;size=6	RH.7CE39E25906745AZ0Z_R	100.000	26	0	2.98e-10	52.0
M03520:605:000000000-LVNKY:1:1107:10915:2394;size=6	RH.7CE39E25906745AZ0Z_F	100.000	25	0	1.18e-09	50.1
M03520:605:000000000-LVNKY:1:1107:12471:6130;size=6	RH.2A8AD21024974C0Z0Z_F	100.000	26	0	2.98e-10	52.0
M03520:605:000000000-LVNKY:1:1107:12471:6130;size=6	RH.2A8AD21024974C0Z0Z_R	100.000	25	0	1.18e-09	50.1
M03520:605:000000000-LVNKY:1:1107:12658:3027;size=6	RH.B9EF730EBE6C436Z0Z_F	100.000	25	0	1.18e-09	50.1
M03520:605:000000000-LVNKY:1:1107:12658:3027;size=6	RH.B9EF730EBE6C436Z0Z_R	96.000	25	1	2.87e-07	42.1
M03520:605:000000000-LVNKY:1:1107:12974:4361;size=6	RH.0BD19D1A26A74EBZ0Z_F	100.000	25	0	1.18e-09	50.1
M03520:605:000000000-LVNKY:1:1107:12974:4361;size=6	RH.0BD19D1A26A74EBZ0Z_R	100.000	24	0	4.65e-09	48.1
M03520:605:000000000-LVNKY:1:1107:13327:14885;size=6	RH.CA1E204B0C0842DZ0Z_F	100.000	26	0	2.98e-10	52.0
M03520:605:000000000-LVNKY:1:1107:13327:14885;size=6	RH.CA1E204B0C0842DZ0Z_R	95.833	24	1	1.13e-06	40.1
M03520:605:000000000-LVNKY:1:1107:13702:3820;size=6	RH.85A5303CAAF54ADZ0Z_R	100.000	22	0	7.27e-08	44.1
M03520:605:000000000-LVNKY:1:1107:14332:2666;size=6	RH.B9EF730EBE6C436Z0Z_F	100.000	25	0	1.18e-09	50.1
M03520:605:000000000-LVNKY:1:1107:14332:2666;size=6	RH.B9EF730EBE6C436Z0Z_R	96.000	25	1	2.87e-07	42.1
M03520:605:000000000-LVNKY:1:1107:16061:3855;size=6	RH.0BD19D1A26A74EBZ0Z_F	100.000	25	0	1.18e-09	50.1
M03520:605:000000000-LVNKY:1:1107:16061:3855;size=6	RH.0BD19D1A26A74EBZ0Z_R	100.000	24	0	4.65e-09	48.1
M03520:605:000000000-LVNKY:1:1107:17330:2465;size=6	RH.2A8AD21024974C0Z0Z_F	100.000	26	0	2.98e-10	52.0
M03520:605:000000000-LVNKY:1:1107:17330:2465;size=6	RH.2A8AD21024974C0Z0Z_R	100.000	24	0	4.65e-09	48.1
M03520:605:000000000-LVNKY:1:1107:18777:2688;size=6	RH.72B9E3F522264B3Z0Z_F	100.000	22	0	7.27e-08	44.1
M03520:605:000000000-LVNKY:1:1107:18777:2688;size=6	RH.72B9E3F522264B3Z0Z_R	100.000	20	0	1.13e-06	40.1
M03520:605:000000000-LVNKY:1:1107:20129:17740;size=6	RH.0BD19D1A26A74EBZ0Z_F	100.000	25	0	1.18e-09	50.1
M03520:605:000000000-LVNKY:1:1107:20129:17740;size=6	RH.0BD19D1A26A74EBZ0Z_R	100.000	24	0	4.65e-09	48.1
M03520:605:000000000-LVNKY:1:1107:21152:7095;size=6	RH.2A8AD21024974C0Z0Z_F	100.000	26	0	2.98e-10	52.0
M03520:605:000000000-LVNKY:1:1107:21152:7095;size=6	RH.2A8AD21024974C0Z0Z_R	100.000	25	0	1.18e-09	50.1
M03520:605:000000000-LVNKY:1:1107:21438:8616;size=6	RH.2091F326F74640CZ0Z_F	100.000	24	0	4.65e-09	48.1
M03520:605:000000000-LVNKY:1:1107:23134:9572;size=6	RH.7CE39E25906745AZ0Z_R	100.000	26	0	2.98e-10	52.0
M03520:605:000000000-LVNKY:1:1107:23134:9572;size=6	RH.7CE39E25906745AZ0Z_F	100.000	25	0	1.18e-09	50.1
M03520:605:000000000-LVNKY:1:1107:23725:11631;size=6	RH.1CC74B91718A42FZ0Z_F	100.000	22	0	7.27e-08	44.1
M03520:605:000000000-LVNKY:1:1107:23725:11631;size=6	RH.1CC74B91718A42FZ0Z_R	100.000	21	0	2.87e-07	42.1
M03520:605:000000000-LVNKY:1:1107:28391:9576;size=6	RH.2A8AD21024974C0Z0Z_F	100.000	26	0	2.98e-10	52.0
M03520:605:000000000-LVNKY:1:1107:28391:9576;size=6	RH.2A8AD21024974C0Z0Z_R	100.000	22	0	7.27e-08	44.1
M03520:605:000000000-LVNKY:1:1107:3712:8233;size=6	RH.DDB83AFF97C94C6Z0Z_R	100.000	25	0	1.18e-09	50.1
M03520:605:000000000-LVNKY:1:1107:3712:8233;size=6	RH.DDB83AFF97C94C6Z0Z_F	100.000	24	0	4.65e-09	48.1
M03520:605:000000000-LVNKY:1:1107:5049:19080;size=6	RH.1CC74B91718A42FZ0Z_R	100.000	25	0	1.18e-09	50.1
M03520:605:000000000-LVNKY:1:1107:5049:19080;size=6	RH.1CC74B91718A42FZ0Z_F	100.000	24	0	4.65e-09	48.1
M03520:605:000000000-LVNKY:1:1107:8002:4440;size=6	RH.DDB83AFF97C94C6Z0Z_R	100.000	25	0	1.18e-09	50.1
M03520:605:000000000-LVNKY:1:1107:8002:4440;size=6	RH.DDB83AFF97C94C6Z0Z_F	100.000	24	0	4.65e-09	48.1
M03520:605:000000000-LVNKY:1:1108:10088:19724;size=6	RH.69CEA0AC39F4445Z0Z_F	100.000	24	0	4.65e-09	48.1
M03520:605:000000000-LVNKY:1:1108:10088:19724;size=6	RH.69CEA0AC39F4445Z0Z_R	100.000	23	0	1.84e-08	46.1
M03520:605:000000000-LVNKY:1:1108:10513:7312;size=6	RH.1CC74B91718A42FZ0Z_R	100.000	25	0	1.18e-09	50.1
M03520:605:000000000-LVNKY:1:1108:10513:7312;size=6	RH.1CC74B91718A42FZ0Z_F	100.000	24	0	4.65e-09	48.1
M03520:605:000000000-LVNKY:1:1108:12199:27247;size=6	RH.DDB83AFF97C94C6Z0Z_R	100.000	25	0	1.18e-09	50.1
M03520:605:000000000-LVNKY:1:1108:12199:27247;size=6	RH.8B25A056ABC1444Z0Z_F	100.000	22	0	7.27e-08	44.1
M03520:605:000000000-LVNKY:1:1108:14420:24527;size=6	RH.DDB83AFF97C94C6Z0Z_R	100.000	25	0	1.18e-09	50.1
M03520:605:000000000-LVNKY:1:1108:14420:24527;size=6	RH.DDB83AFF97C94C6Z0Z_F	100.000	23	0	1.84e-08	46.1
M03520:605:000000000-LVNKY:1:1108:15847:27861;size=6	RH.CA1E204B0C0842DZ0Z_F	100.000	26	0	2.98e-10	52.0
M03520:605:000000000-LVNKY:1:1108:15847:27861;size=6	RH.CA1E204B0C0842DZ0Z_R	100.000	24	0	4.65e-09	48.1
M03520:605:000000000-LVNKY:1:1108:17481:1495;size=6	RH.0096A141894D447Z0Z_F	100.000	24	0	4.65e-09	48.1
M03520:605:000000000-LVNKY:1:1108:17798:6712;size=6	RH.B9EF730EBE6C436Z0Z_R	100.000	25	0	1.18e-09	50.1
M03520:605:000000000-LVNKY:1:1108:17798:6712;size=6	RH.B9EF730EBE6C436Z0Z_F	100.000	25	0	1.18e-09	50.1
M03520:605:000000000-LVNKY:1:1108:18934:2572;size=6	RH.6572108A164E48EZ0Z_R	100.000	25	0	1.18e-09	50.1
M03520:605:000000000-LVNKY:1:1108:18934:2572;size=6	RH.6572108A164E48EZ0Z_F	100.000	24	0	4.65e-09	48.1
M03520:605:000000000-LVNKY:1:1108:19883:27434;size=6	RH.27578A9A85FA4A3Z0Z_F	100.000	24	0	4.65e-09	48.1
M03520:605:000000000-LVNKY:1:1108:19883:27434;size=6	RH.27578A9A85FA4A3Z0Z_R	100.000	21	0	2.87e-07	42.1
M03520:605:000000000-LVNKY:1:1108:20834:21785;size=6	RH.0550AF0F57084ADZ0Z_F	100.000	24	0	4.65e-09	48.1
M03520:605:000000000-LVNKY:1:1108:20834:21785;size=6	RH.0550AF0F57084ADZ0Z_R	100.000	22	0	7.27e-08	44.1
M03520:605:000000000-LVNKY:1:1108:20945:8265;size=6	RH.CA1E204B0C0842DZ0Z_F	100.000	24	0	4.65e-09	48.1
M03520:605:000000000-LVNKY:1:1108:20945:8265;size=6	RH.CA1E204B0C0842DZ0Z_R	100.000	24	0	4.65e-09	48.1
M03520:605:000000000-LVNKY:1:1108:21807:14617;size=6	RH.7CE39E25906745AZ0Z_R	100.000	26	0	2.98e-10	52.0
M03520:605:000000000-LVNKY:1:1108:21807:14617;size=6	RH.7CE39E25906745AZ0Z_F	100.000	25	0	1.18e-09	50.1
M03520:605:000000000-LVNKY:1:1108:23772:12316;size=6	RH.2A8AD21024974C0Z0Z_F	100.000	26	0	2.98e-10	52.0
M03520:605:000000000-LVNKY:1:1108:23772:12316;size=6	RH.2A8AD21024974C0Z0Z_R	96.000	25	1	2.87e-07	42.1
M03520:605:000000000-LVNKY:1:1108:24482:4483;size=6	RH.7CE39E25906745AZ0Z_R	100.000	26	0	2.98e-10	52.0
M03520:605:000000000-LVNKY:1:1108:24482:4483;size=6	RH.7CE39E25906745AZ0Z_F	100.000	25	0	1.18e-09	50.1
M03520:605:000000000-LVNKY:1:1108:25401:9566;size=6	RH.CA1E204B0C0842DZ0Z_F	100.000	26	0	2.98e-10	52.0
M03520:605:000000000-LVNKY:1:1108:25401:9566;size=6	RH.CA1E204B0C0842DZ0Z_R	100.000	24	0	4.65e-09	48.1
M03520:605:000000000-LVNKY:1:1108:2542:11070;size=6	RH.69CEA0AC39F4445Z0Z_F	100.000	24	0	4.65e-09	48.1
M03520:605:000000000-LVNKY:1:1108:2542:11070;size=6	RH.69CEA0AC39F4445Z0Z_R	100.000	23	0	1.84e-08	46.1
M03520:605:000000000-LVNKY:1:1108:25558:24929;size=6	RH.2091F326F74640CZ0Z_F	100.000	24	0	4.65e-09	48.1
M03520:605:000000000-LVNKY:1:1108:25558:24929;size=6	RH.2091F326F74640CZ0Z_R	100.000	22	0	7.27e-08	44.1
M03520:605:000000000-LVNKY:1:1108:28156:14448;size=6	RH.8B25A056ABC1444Z0Z_R	100.000	24	0	4.65e-09	48.1
M03520:605:000000000-LVNKY:1:1108:28156:14448;size=6	RH.8B25A056ABC1444Z0Z_F	100.000	22	0	7.27e-08	44.1
M03520:605:000000000-LVNKY:1:1108:2817:19869;size=6	RH.DDB83AFF97C94C6Z0Z_R	100.000	25	0	1.18e-09	50.1
M03520:605:000000000-LVNKY:1:1108:2817:19869;size=6	RH.DDB83AFF97C94C6Z0Z_F	100.000	24	0	4.65e-09	48.1
M03520:605:000000000-LVNKY:1:1108:4672:7413;size=6	RH.7CE39E25906745AZ0Z_R	100.000	26	0	2.98e-10	52.0
M03520:605:000000000-LVNKY:1:1108:4672:7413;size=6	RH.7CE39E25906745AZ0Z_F	100.000	25	0	1.18e-09	50.1
M03520:605:000000000-LVNKY:1:1108:7764:21455;size=6	RH.DDB83AFF97C94C6Z0Z_R	100.000	25	0	1.18e-09	50.1
M03520:605:000000000-LVNKY:1:1108:7764:21455;size=6	RH.DDB83AFF97C94C6Z0Z_F	100.000	21	0	2.87e-07	42.1
M03520:605:000000000-LVNKY:1:1108:7960:9312;size=6	RH.B9EF730EBE6C436Z0Z_R	100.000	25	0	1.18e-09	50.1
M03520:605:000000000-LVNKY:1:1108:7960:9312;size=6	RH.B9EF730EBE6C436Z0Z_F	100.000	25	0	1.18e-09	50.1
M03520:605:000000000-LVNKY:1:1108:8904:5408;size=6	RH.8B25A056ABC1444Z0Z_R	100.000	24	0	4.65e-09	48.1
M03520:605:000000000-LVNKY:1:1108:8904:5408;size=6	RH.8B25A056ABC1444Z0Z_F	100.000	22	0	7.27e-08	44.1
M03520:605:000000000-LVNKY:1:1108:9084:25264;size=6	RH.7CE39E25906745AZ0Z_R	100.000	26	0	2.98e-10	52.0
M03520:605:000000000-LVNKY:1:1108:9084:25264;size=6	RH.7CE39E25906745AZ0Z_F	100.000	25	0	1.18e-09	50.1
M03520:605:000000000-LVNKY:1:1108:9380:22102;size=6	RH.DDB83AFF97C94C6Z0Z_R	100.000	25	0	1.18e-09	50.1
M03520:605:000000000-LVNKY:1:1108:9380:22102;size=6	RH.DDB83AFF97C94C6Z0Z_F	95.833	24	1	1.13e-06	40.1
M03520:605:000000000-LVNKY:1:1108:9745:7552;size=6	RH.0096A141894D447Z0Z_F	100.000	24	0	4.65e-09	48.1
M03520:605:000000000-LVNKY:1:1108:9745:7552;size=6	RH.0096A141894D447Z0Z_R	100.000	21	0	2.87e-07	42.1
M03520:605:000000000-LVNKY:1:1109:11277:5609;size=6	RH.85A5303CAAF54ADZ0Z_F	100.000	21	0	2.87e-07	42.1
M03520:605:000000000-LVNKY:1:1109:11565:2791;size=6	RH.1CC74B91718A42FZ0Z_F	100.000	24	0	4.65e-09	48.1
M03520:605:000000000-LVNKY:1:1109:11565:2791;size=6	RH.1CC74B91718A42FZ0Z_R	96.000	25	1	2.87e-07	42.1
M03520:605:000000000-LVNKY:1:1109:13475:19947;size=6	RH.DDB83AFF97C94C6Z0Z_R	100.000	25	0	1.18e-09	50.1
M03520:605:000000000-LVNKY:1:1109:13475:19947;size=6	RH.DDB83AFF97C94C6Z0Z_F	100.000	24	0	4.65e-09	48.1
M03520:605:000000000-LVNKY:1:1109:14576:9138;size=6	RH.DDB83AFF97C94C6Z0Z_R	100.000	25	0	1.18e-09	50.1
M03520:605:000000000-LVNKY:1:1109:14576:9138;size=6	RH.DDB83AFF97C94C6Z0Z_F	100.000	24	0	4.65e-09	48.1
M03520:605:000000000-LVNKY:1:1109:18751:7471;size=6	RH.2A8AD21024974C0Z0Z_F	100.000	26	0	2.98e-10	52.0
M03520:605:000000000-LVNKY:1:1109:18751:7471;size=6	RH.2A8AD21024974C0Z0Z_R	100.000	25	0	1.18e-09	50.1
M03520:605:000000000-LVNKY:1:1109:25788:15319;size=6	RH.DDB83AFF97C94C6Z0Z_R	100.000	25	0	1.18e-09	50.1
M03520:605:000000000-LVNKY:1:1109:25788:15319;size=6	RH.DDB83AFF97C94C6Z0Z_F	100.000	24	0	4.65e-09	48.1
M03520:605:000000000-LVNKY:1:1109:26137:7040;size=6	RH.E04EE94198274F7Z0Z_F	100.000	25	0	1.18e-09	50.1
M03520:605:000000000-LVNKY:1:1109:26137:7040;size=6	RH.E04EE94198274F7Z0Z_R	95.833	24	1	1.13e-06	40.1
M03520:605:000000000-LVNKY:1:1109:26145:13034;size=6	RH.0096A141894D447Z0Z_F	100.000	24	0	4.65e-09	48.1
M03520:605:000000000-LVNKY:1:1109:26796:15589;size=6	RH.51338FA06EDB4F0Z0Z_F	100.000	25	0	1.18e-09	50.1
M03520:605:000000000-LVNKY:1:1109:26796:15589;size=6	RH.51338FA06EDB4F0Z0Z_R	96.000	25	1	2.87e-07	42.1
M03520:605:000000000-LVNKY:1:1109:27204:8093;size=6	RH.27578A9A85FA4A3Z0Z_F	100.000	24	0	4.65e-09	48.1
M03520:605:000000000-LVNKY:1:1109:27204:8093;size=6	RH.27578A9A85FA4A3Z0Z_R	100.000	22	0	7.27e-08	44.1
M03520:605:000000000-LVNKY:1:1109:2739:18763;size=6	RH.DDB83AFF97C94C6Z0Z_R	100.000	25	0	1.18e-09	50.1
M03520:605:000000000-LVNKY:1:1109:2739:18763;size=6	RH.DDB83AFF97C94C6Z0Z_F	100.000	24	0	4.65e-09	48.1
M03520:605:000000000-LVNKY:1:1109:3121:16131;size=6	RH.DDB83AFF97C94C6Z0Z_R	100.000	25	0	1.18e-09	50.1
M03520:605:000000000-LVNKY:1:1109:3121:16131;size=6	RH.DDB83AFF97C94C6Z0Z_F	95.833	24	1	1.13e-06	40.1
M03520:605:000000000-LVNKY:1:1109:3482:11935;size=6	RH.2A8AD21024974C0Z0Z_R	100.000	25	0	1.18e-09	50.1
M03520:605:000000000-LVNKY:1:1109:6971:15277;size=6	RH.CF953F27F5674E1Z0Z_F	100.000	26	0	2.98e-10	52.0
M03520:605:000000000-LVNKY:1:1109:6971:15277;size=6	RH.CF953F27F5674E1Z0Z_R	100.000	25	0	1.18e-09	50.1
M03520:605:000000000-LVNKY:1:1109:7091:23399;size=6	RH.0096A141894D447Z0Z_F	100.000	24	0	4.65e-09	48.1
M03520:605:000000000-LVNKY:1:1109:7674:11709;size=6	RH.E04EE94198274F7Z0Z_F	100.000	25	0	1.18e-09	50.1
M03520:605:000000000-LVNKY:1:1109:7674:11709;size=6	RH.E04EE94198274F7Z0Z_R	95.833	24	1	1.13e-06	40.1
M03520:605:000000000-LVNKY:1:1110:10658:10739;size=6	RH.DDB83AFF97C94C6Z0Z_R	100.000	25	0	1.18e-09	50.1
M03520:605:000000000-LVNKY:1:1110:10658:10739;size=6	RH.8B25A056ABC1444Z0Z_F	100.000	22	0	7.27e-08	44.1
M03520:605:000000000-LVNKY:1:1110:12282:6748;size=6	RH.DDB83AFF97C94C6Z0Z_R	100.000	25	0	1.18e-09	50.1
M03520:605:000000000-LVNKY:1:1110:12282:6748;size=6	RH.DDB83AFF97C94C6Z0Z_F	100.000	24	0	4.65e-09	48.1
M03520:605:000000000-LVNKY:1:1110:14818:12423;size=6	RH.0BD19D1A26A74EBZ0Z_F	100.000	25	0	1.18e-09	50.1
M03520:605:000000000-LVNKY:1:1110:14818:12423;size=6	RH.0BD19D1A26A74EBZ0Z_R	100.000	24	0	4.65e-09	48.1
M03520:605:000000000-LVNKY:1:1110:16088:10992;size=6	RH.0C36971D26FA41BZ0Z_R	100.000	22	0	7.27e-08	44.1
M03520:605:000000000-LVNKY:1:1110:16088:10992;size=6	RH.0C36971D26FA41BZ0Z_F	100.000	22	0	7.27e-08	44.1
M03520:605:000000000-LVNKY:1:1110:17322:11513;size=6	RH.DE543226C201437Z0Z_R	100.000	20	0	1.13e-06	40.1
M03520:605:000000000-LVNKY:1:1110:17322:11513;size=6	RH.51338FA06EDB4F0Z0Z_R	95.652	23	1	4.48e-06	38.2
M03520:605:000000000-LVNKY:1:1110:19228:9438;size=6	RH.DDB83AFF97C94C6Z0Z_R	100.000	25	0	1.18e-09	50.1
M03520:605:000000000-LVNKY:1:1110:19228:9438;size=6	RH.DDB83AFF97C94C6Z0Z_F	100.000	24	0	4.65e-09	48.1
M03520:605:000000000-LVNKY:1:1110:19239:12218;size=6	RH.0550AF0F57084ADZ0Z_F	100.000	24	0	4.65e-09	48.1
M03520:605:000000000-LVNKY:1:1110:19239:12218;size=6	RH.0550AF0F57084ADZ0Z_R	100.000	22	0	7.27e-08	44.1
M03520:605:000000000-LVNKY:1:1110:20867:9800;size=6	RH.0096A141894D447Z0Z_F	100.000	24	0	4.65e-09	48.1
M03520:605:000000000-LVNKY:1:1110:20867:9800;size=6	RH.0096A141894D447Z0Z_R	100.000	21	0	2.87e-07	42.1
M03520:605:000000000-LVNKY:1:1110:21947:21422;size=6	RH.B9EF730EBE6C436Z0Z_F	100.000	25	0	1.18e-09	50.1
M03520:605:000000000-LVNKY:1:1110:21947:21422;size=6	RH.B9EF730EBE6C436Z0Z_R	96.000	25	1	2.87e-07	42.1
M03520:605:000000000-LVNKY:1:1110:23718:12483;size=6	RH.CA1E204B0C0842DZ0Z_F	100.000	26	0	2.98e-10	52.0
M03520:605:000000000-LVNKY:1:1110:23718:12483;size=6	RH.CA1E204B0C0842DZ0Z_R	100.000	24	0	4.65e-09	48.1
M03520:605:000000000-LVNKY:1:1110:6840:7706;size=6	RH.B5A2E3C1CC8E44AZ0Z_F	100.000	23	0	1.84e-08	46.1
M03520:605:000000000-LVNKY:1:1110:6840:7706;size=6	RH.B5A2E3C1CC8E44AZ0Z_R	100.000	22	0	7.27e-08	44.1
M03520:605:000000000-LVNKY:1:1110:7507:8520;size=6	RH.0096A141894D447Z0Z_F	100.000	24	0	4.65e-09	48.1
M03520:605:000000000-LVNKY:1:1110:8097:21442;size=6	RH.1CC74B91718A42FZ0Z_F	100.000	24	0	4.65e-09	48.1
M03520:605:000000000-LVNKY:1:1110:8097:21442;size=6	RH.1CC74B91718A42FZ0Z_R	100.000	24	0	4.65e-09	48.1
M03520:605:000000000-LVNKY:1:1110:9055:27361;size=6	RH.7CE39E25906745AZ0Z_R	100.000	26	0	2.98e-10	52.0
M03520:605:000000000-LVNKY:1:1110:9055:27361;size=6	RH.7CE39E25906745AZ0Z_F	100.000	25	0	1.18e-09	50.1
M03520:605:000000000-LVNKY:1:1111:10435:3582;size=6	RH.0BD19D1A26A74EBZ0Z_F	100.000	25	0	1.18e-09	50.1
M03520:605:000000000-LVNKY:1:1111:10435:3582;size=6	RH.0BD19D1A26A74EBZ0Z_R	100.000	24	0	4.65e-09	48.1
M03520:605:000000000-LVNKY:1:1111:14601:21340;size=6	RH.DDB83AFF97C94C6Z0Z_R	100.000	25	0	1.18e-09	50.1
M03520:605:000000000-LVNKY:1:1111:14601:21340;size=6	RH.DDB83AFF97C94C6Z0Z_F	100.000	24	0	4.65e-09	48.1
M03520:605:000000000-LVNKY:1:1111:15167:14756;size=6	RH.2AFFFBA0E81C482Z0Z_R	100.000	23	0	1.84e-08	46.1
M03520:605:000000000-LVNKY:1:1111:15167:14756;size=6	RH.2AFFFBA0E81C482Z0Z_F	100.000	23	0	1.84e-08	46.1
M03520:605:000000000-LVNKY:1:1111:16453:19511;size=6	RH.0096A141894D447Z0Z_F	100.000	24	0	4.65e-09	48.1
M03520:605:000000000-LVNKY:1:1111:16453:19511;size=6	RH.0096A141894D447Z0Z_R	100.000	21	0	2.87e-07	42.1
M03520:605:000000000-LVNKY:1:1111:18414:1639;size=6	RH.0BD19D1A26A74EBZ0Z_F	100.000	25	0	1.18e-09	50.1
M03520:605:000000000-LVNKY:1:1111:18414:1639;size=6	RH.0BD19D1A26A74EBZ0Z_R	95.833	24	1	1.13e-06	40.1
M03520:605:000000000-LVNKY:1:1111:19609:4459;size=6	RH.CA1E204B0C0842DZ0Z_F	100.000	26	0	2.98e-10	52.0
M03520:605:000000000-LVNKY:1:1111:19609:4459;size=6	RH.E04EE94198274F7Z0Z_F	100.000	25	0	1.18e-09	50.1
M03520:605:000000000-LVNKY:1:1111:19609:4459;size=6	RH.CA1E204B0C0842DZ0Z_R	100.000	24	0	4.65e-09	48.1
M03520:605:000000000-LVNKY:1:1111:19950:27682;size=6	RH.85A5303CAAF54ADZ0Z_R	100.000	22	0	7.27e-08	44.1
M03520:605:000000000-LVNKY:1:1111:19950:27682;size=6	RH.85A5303CAAF54ADZ0Z_F	100.000	21	0	2.87e-07	42.1
M03520:605:000000000-LVNKY:1:1111:20982:12733;size=6	RH.1CC74B91718A42FZ0Z_R	100.000	25	0	1.18e-09	50.1
M03520:605:000000000-LVNKY:1:1111:20982:12733;size=6	RH.1CC74B91718A42FZ0Z_F	100.000	24	0	4.65e-09	48.1
M03520:605:000000000-LVNKY:1:1111:27077:12671;size=6	RH.2A8AD21024974C0Z0Z_F	100.000	26	0	2.98e-10	52.0
M03520:605:000000000-LVNKY:1:1111:27077:12671;size=6	RH.2A8AD21024974C0Z0Z_R	100.000	25	0	1.18e-09	50.1
M03520:605:000000000-LVNKY:1:1111:28994:11595;size=6	RH.DDB83AFF97C94C6Z0Z_R	100.000	25	0	1.18e-09	50.1
M03520:605:000000000-LVNKY:1:1111:28994:11595;size=6	RH.DDB83AFF97C94C6Z0Z_F	100.000	24	0	4.65e-09	48.1
M03520:605:000000000-LVNKY:1:1111:5068:12486;size=6	RH.2AFFFBA0E81C482Z0Z_F	100.000	23	0	1.84e-08	46.1
M03520:605:000000000-LVNKY:1:1111:5068:12486;size=6	RH.2AFFFBA0E81C482Z0Z_R	100.000	22	0	7.27e-08	44.1
M03520:605:000000000-LVNKY:1:1111:7358:7543;size=6	RH.E04EE94198274F7Z0Z_F	96.000	25	1	2.87e-07	42.1
M03520:605:000000000-LVNKY:1:1111:7358:7543;size=6	RH.E04EE94198274F7Z0Z_R	95.833	24	1	1.13e-06	40.1
M03520:605:000000000-LVNKY:1:1112:17974:13924;size=6	RH.69CEA0AC39F4445Z0Z_F	100.000	24	0	4.65e-09	48.1
M03520:605:000000000-LVNKY:1:1112:17974:13924;size=6	RH.69CEA0AC39F4445Z0Z_R	100.000	23	0	1.84e-08	46.1
M03520:605:000000000-LVNKY:1:1112:18503:5111;size=6	RH.CA1E204B0C0842DZ0Z_R	100.000	24	0	4.65e-09	48.1
M03520:605:000000000-LVNKY:1:1112:18503:5111;size=6	RH.CA1E204B0C0842DZ0Z_F	100.000	19	0	4.48e-06	38.2
M03520:605:000000000-LVNKY:1:1112:19014:14323;size=6	RH.CA1E204B0C0842DZ0Z_R	100.000	24	0	4.65e-09	48.1
M03520:605:000000000-LVNKY:1:1112:19014:14323;size=6	RH.CA1E204B0C0842DZ0Z_F	96.154	26	1	7.27e-08	44.1
M03520:605:000000000-LVNKY:1:1112:20406:15504;size=6	RH.DDB83AFF97C94C6Z0Z_R	100.000	25	0	1.18e-09	50.1
M03520:605:000000000-LVNKY:1:1112:21189:13236;size=6	RH.E04EE94198274F7Z0Z_F	100.000	25	0	1.18e-09	50.1
M03520:605:000000000-LVNKY:1:1112:21189:13236;size=6	RH.E04EE94198274F7Z0Z_R	95.833	24	1	1.13e-06	40.1
M03520:605:000000000-LVNKY:1:1112:23923:15494;size=6	RH.27578A9A85FA4A3Z0Z_F	100.000	24	0	4.65e-09	48.1
M03520:605:000000000-LVNKY:1:1112:23923:15494;size=6	RH.27578A9A85FA4A3Z0Z_R	100.000	22	0	7.27e-08	44.1
M03520:605:000000000-LVNKY:1:1112:25161:16206;size=6	RH.69CEA0AC39F4445Z0Z_F	100.000	24	0	4.65e-09	48.1
M03520:605:000000000-LVNKY:1:1112:25161:16206;size=6	RH.69CEA0AC39F4445Z0Z_R	100.000	23	0	1.84e-08	46.1
M03520:605:000000000-LVNKY:1:1112:25660:14000;size=6	RH.0096A141894D447Z0Z_F	100.000	24	0	4.65e-09	48.1
M03520:605:000000000-LVNKY:1:1112:25660:14000;size=6	RH.0096A141894D447Z0Z_R	100.000	21	0	2.87e-07	42.1
M03520:605:000000000-LVNKY:1:1112:26632:12241;size=6	RH.0550AF0F57084ADZ0Z_F	100.000	24	0	4.65e-09	48.1
M03520:605:000000000-LVNKY:1:1112:3081:10313;size=6	RH.8B25A056ABC1444Z0Z_R	100.000	24	0	4.65e-09	48.1
M03520:605:000000000-LVNKY:1:1112:3081:10313;size=6	RH.8B25A056ABC1444Z0Z_F	100.000	22	0	7.27e-08	44.1
M03520:605:000000000-LVNKY:1:1112:8546:17095;size=6	RH.0096A141894D447Z0Z_F	100.000	24	0	4.65e-09	48.1
M03520:605:000000000-LVNKY:1:1113:12617:10062;size=6	RH.85A5303CAAF54ADZ0Z_R	100.000	22	0	7.27e-08	44.1
M03520:605:000000000-LVNKY:1:1113:12617:10062;size=6	RH.85A5303CAAF54ADZ0Z_F	100.000	21	0	2.87e-07	42.1
M03520:605:000000000-LVNKY:1:1113:14663:17319;size=6	RH.51338FA06EDB4F0Z0Z_R	100.000	25	0	1.18e-09	50.1
M03520:605:000000000-LVNKY:1:1113:14663:17319;size=6	RH.51338FA06EDB4F0Z0Z_F	100.000	25	0	1.18e-09	50.1
M03520:605:000000000-LVNKY:1:1113:17100:21255;size=6	RH.0BD19D1A26A74EBZ0Z_F	100.000	25	0	1.18e-09	50.1
M03520:605:000000000-LVNKY:1:1113:17100:21255;size=6	RH.0BD19D1A26A74EBZ0Z_R	100.000	24	0	4.65e-09	48.1
M03520:605:000000000-LVNKY:1:1113:18237:28211;size=6	RH.CA1E204B0C0842DZ0Z_F	100.000	26	0	2.98e-10	52.0
M03520:605:000000000-LVNKY:1:1113:18237:28211;size=6	RH.CA1E204B0C0842DZ0Z_R	100.000	24	0	4.65e-09	48.1
M03520:605:000000000-LVNKY:1:1113:19257:12759;size=6	RH.7CE39E25906745AZ0Z_R	100.000	26	0	2.98e-10	52.0
M03520:605:000000000-LVNKY:1:1113:19257:12759;size=6	RH.6E9725B3116643EZ0Z_F	100.000	21	0	2.87e-07	42.1
M03520:605:000000000-LVNKY:1:1113:21482:25177;size=6	RH.B9EF730EBE6C436Z0Z_F	100.000	25	0	1.18e-09	50.1
M03520:605:000000000-LVNKY:1:1113:21482:25177;size=6	RH.B9EF730EBE6C436Z0Z_R	100.000	21	0	2.87e-07	42.1
M03520:605:000000000-LVNKY:1:1113:25390:21436;size=6	RH.51338FA06EDB4F0Z0Z_R	100.000	25	0	1.18e-09	50.1
M03520:605:000000000-LVNKY:1:1113:25390:21436;size=6	RH.51338FA06EDB4F0Z0Z_F	100.000	25	0	1.18e-09	50.1
M03520:605:000000000-LVNKY:1:1113:9078:24605;size=6	RH.9A66BF27C97B4E9Z0Z_F	100.000	25	0	1.18e-09	50.1
M03520:605:000000000-LVNKY:1:1114:15051:2460;size=6	RH.2A8AD21024974C0Z0Z_R	100.000	25	0	1.18e-09	50.1
M03520:605:000000000-LVNKY:1:1114:15051:2460;size=6	RH.2A8AD21024974C0Z0Z_F	96.154	26	1	7.27e-08	44.1
M03520:605:000000000-LVNKY:1:1114:20297:10271;size=6	RH.8B25A056ABC1444Z0Z_R	100.000	24	0	4.65e-09	48.1
M03520:605:000000000-LVNKY:1:1114:20297:10271;size=6	RH.8B25A056ABC1444Z0Z_F	100.000	22	0	7.27e-08	44.1
M03520:605:000000000-LVNKY:1:1114:21128:9785;size=6	RH.8B25A056ABC1444Z0Z_F	100.000	25	0	1.18e-09	50.1
M03520:605:000000000-LVNKY:1:1114:21128:9785;size=6	RH.8B25A056ABC1444Z0Z_R	100.000	24	0	4.65e-09	48.1
M03520:605:000000000-LVNKY:1:1114:21869:27765;size=6	RH.0550AF0F57084ADZ0Z_F	100.000	24	0	4.65e-09	48.1
M03520:605:000000000-LVNKY:1:1114:21869:27765;size=6	RH.0550AF0F57084ADZ0Z_R	100.000	22	0	7.27e-08	44.1
M03520:605:000000000-LVNKY:1:1114:24596:6466;size=6	RH.DDB83AFF97C94C6Z0Z_F	100.000	24	0	4.65e-09	48.1
M03520:605:000000000-LVNKY:1:1114:24596:6466;size=6	RH.DDB83AFF97C94C6Z0Z_R	96.000	25	1	2.87e-07	42.1
M03520:605:000000000-LVNKY:1:2101:13263:9133;size=6	RH.0096A141894D447Z0Z_F	100.000	24	0	4.65e-09	48.1
M03520:605:000000000-LVNKY:1:2101:20232:3382;size=6	RH.27578A9A85FA4A3Z0Z_F	100.000	24	0	4.65e-09	48.1
M03520:605:000000000-LVNKY:1:2101:20232:3382;size=6	RH.27578A9A85FA4A3Z0Z_R	100.000	22	0	7.27e-08	44.1
M03520:605:000000000-LVNKY:1:2101:23903:6652;size=6	RH.7CE39E25906745AZ0Z_R	100.000	26	0	2.98e-10	52.0
M03520:605:000000000-LVNKY:1:2101:23903:6652;size=6	RH.7CE39E25906745AZ0Z_F	100.000	25	0	1.18e-09	50.1
M03520:605:000000000-LVNKY:1:2101:8684:17637;size=6	RH.0096A141894D447Z0Z_F	100.000	24	0	4.65e-09	48.1
M03520:605:000000000-LVNKY:1:2101:9074:22174;size=6	RH.0BD19D1A26A74EBZ0Z_F	100.000	25	0	1.18e-09	50.1
M03520:605:000000000-LVNKY:1:2101:9074:22174;size=6	RH.0BD19D1A26A74EBZ0Z_R	100.000	22	0	7.27e-08	44.1
M03520:605:000000000-LVNKY:1:2102:12504:16309;size=6	RH.1CC74B91718A42FZ0Z_R	100.000	25	0	1.18e-09	50.1
M03520:605:000000000-LVNKY:1:2102:12504:16309;size=6	RH.1CC74B91718A42FZ0Z_F	100.000	24	0	4.65e-09	48.1
M03520:605:000000000-LVNKY:1:2102:15515:15307;size=6	RH.51338FA06EDB4F0Z0Z_F	100.000	25	0	1.18e-09	50.1
M03520:605:000000000-LVNKY:1:2102:15515:15307;size=6	RH.51338FA06EDB4F0Z0Z_R	96.000	25	1	2.87e-07	42.1
M03520:605:000000000-LVNKY:1:2102:18400:17034;size=6	RH.CA1E204B0C0842DZ0Z_R	100.000	24	0	4.65e-09	48.1
M03520:605:000000000-LVNKY:1:2102:18400:17034;size=6	RH.CA1E204B0C0842DZ0Z_F	96.154	26	1	7.27e-08	44.1
M03520:605:000000000-LVNKY:1:2102:22667:12731;size=6	RH.B9EF730EBE6C436Z0Z_R	100.000	25	0	1.18e-09	50.1
M03520:605:000000000-LVNKY:1:2102:22667:12731;size=6	RH.B9EF730EBE6C436Z0Z_F	100.000	25	0	1.18e-09	50.1
M03520:605:000000000-LVNKY:1:2102:2422:13208;size=6	RH.0096A141894D447Z0Z_R	100.000	21	0	2.87e-07	42.1
M03520:605:000000000-LVNKY:1:2102:2422:13208;size=6	RH.0096A141894D447Z0Z_F	100.000	20	0	1.13e-06	40.1
M03520:605:000000000-LVNKY:1:2102:2902:11608;size=6	RH.51338FA06EDB4F0Z0Z_F	100.000	25	0	1.18e-09	50.1
M03520:605:000000000-LVNKY:1:2102:2902:11608;size=6	RH.51338FA06EDB4F0Z0Z_R	100.000	25	0	1.18e-09	50.1
M03520:605:000000000-LVNKY:1:2103:14917:3704;size=6	RH.27578A9A85FA4A3Z0Z_F	100.000	24	0	4.65e-09	48.1
M03520:605:000000000-LVNKY:1:2103:14917:3704;size=6	RH.27578A9A85FA4A3Z0Z_R	100.000	22	0	7.27e-08	44.1
M03520:605:000000000-LVNKY:1:2103:17468:27918;size=6	RH.0BD19D1A26A74EBZ0Z_F	100.000	25	0	1.18e-09	50.1
M03520:605:000000000-LVNKY:1:2103:17468:27918;size=6	RH.0BD19D1A26A74EBZ0Z_R	100.000	24	0	4.65e-09	48.1
M03520:605:000000000-LVNKY:1:2104:20835:9137;size=6	RH.2AFFFBA0E81C482Z0Z_R	100.000	23	0	1.84e-08	46.1
M03520:605:000000000-LVNKY:1:2104:20835:9137;size=6	RH.2AFFFBA0E81C482Z0Z_F	100.000	23	0	1.84e-08	46.1
M03520:605:000000000-LVNKY:1:2105:8946:18752;size=6	RH.2A8AD21024974C0Z0Z_F	100.000	26	0	2.98e-10	52.0
M03520:605:000000000-LVNKY:1:2105:8946:18752;size=6	RH.2A8AD21024974C0Z0Z_R	100.000	25	0	1.18e-09	50.1
M03520:605:000000000-LVNKY:1:2109:8322:10795;size=6	RH.0096A141894D447Z0Z_F	100.000	24	0	4.65e-09	48.1
M03520:605:000000000-LVNKY:1:2109:8322:10795;size=6	RH.0096A141894D447Z0Z_R	100.000	21	0	2.87e-07	42.1
M03520:605:000000000-LVNKY:1:1101:10372:18880;size=5	RH.CA1E204B0C0842DZ0Z_F	100.000	26	0	2.98e-10	52.0
M03520:605:000000000-LVNKY:1:1101:10372:18880;size=5	RH.CA1E204B0C0842DZ0Z_R	100.000	24	0	4.65e-09	48.1
M03520:605:000000000-LVNKY:1:1101:10372:18880;size=5	RH.E04EE94198274F7Z0Z_F	96.000	25	1	2.87e-07	42.1
M03520:605:000000000-LVNKY:1:1101:10372:5301;size=5	RH.85A5303CAAF54ADZ0Z_R	100.000	22	0	7.27e-08	44.1
M03520:605:000000000-LVNKY:1:1101:10372:5301;size=5	RH.85A5303CAAF54ADZ0Z_F	100.000	21	0	2.87e-07	42.1
M03520:605:000000000-LVNKY:1:1101:10535:5033;size=5	RH.CA1E204B0C0842DZ0Z_F	100.000	26	0	2.98e-10	52.0
M03520:605:000000000-LVNKY:1:1101:10535:5033;size=5	RH.CA1E204B0C0842DZ0Z_R	100.000	24	0	4.65e-09	48.1
M03520:605:000000000-LVNKY:1:1101:11035:2912;size=5	RH.8B25A056ABC1444Z0Z_R	100.000	24	0	4.65e-09	48.1
M03520:605:000000000-LVNKY:1:1101:11035:2912;size=5	RH.8B25A056ABC1444Z0Z_F	100.000	22	0	7.27e-08	44.1
M03520:605:000000000-LVNKY:1:1101:11037:6356;size=5	RH.E04EE94198274F7Z0Z_F	100.000	25	0	1.18e-09	50.1
M03520:605:000000000-LVNKY:1:1101:11037:6356;size=5	RH.E04EE94198274F7Z0Z_R	95.833	24	1	1.13e-06	40.1
M03520:605:000000000-LVNKY:1:1101:11480:12341;size=5	RH.DDB83AFF97C94C6Z0Z_R	100.000	25	0	1.18e-09	50.1
M03520:605:000000000-LVNKY:1:1101:11480:12341;size=5	RH.DDB83AFF97C94C6Z0Z_F	100.000	24	0	4.65e-09	48.1
M03520:605:000000000-LVNKY:1:1101:11717:25313;size=5	RH.B5A2E3C1CC8E44AZ0Z_F	100.000	23	0	1.84e-08	46.1
M03520:605:000000000-LVNKY:1:1101:11717:25313;size=5	RH.B5A2E3C1CC8E44AZ0Z_R	100.000	22	0	7.27e-08	44.1
M03520:605:000000000-LVNKY:1:1101:12125:25173;size=5	RH.8B25A056ABC1444Z0Z_F	100.000	22	0	7.27e-08	44.1
M03520:605:000000000-LVNKY:1:1101:12125:25173;size=5	RH.8B25A056ABC1444Z0Z_R	95.833	24	1	1.13e-06	40.1
M03520:605:000000000-LVNKY:1:1101:12204:9263;size=5	RH.CA1E204B0C0842DZ0Z_F	100.000	26	0	2.98e-10	52.0
M03520:605:000000000-LVNKY:1:1101:12204:9263;size=5	RH.E04EE94198274F7Z0Z_F	100.000	25	0	1.18e-09	50.1
M03520:605:000000000-LVNKY:1:1101:12204:9263;size=5	RH.CA1E204B0C0842DZ0Z_R	100.000	24	0	4.65e-09	48.1
M03520:605:000000000-LVNKY:1:1101:12310:28707;size=5	RH.DDB83AFF97C94C6Z0Z_R	100.000	25	0	1.18e-09	50.1
M03520:605:000000000-LVNKY:1:1101:12310:28707;size=5	RH.DDB83AFF97C94C6Z0Z_F	100.000	24	0	4.65e-09	48.1
M03520:605:000000000-LVNKY:1:1101:12373:10530;size=5	RH.7CE39E25906745AZ0Z_R	100.000	26	0	2.98e-10	52.0
M03520:605:000000000-LVNKY:1:1101:12373:10530;size=5	RH.7CE39E25906745AZ0Z_F	100.000	25	0	1.18e-09	50.1
M03520:605:000000000-LVNKY:1:1101:12696:7811;size=5	RH.CA1E204B0C0842DZ0Z_F	100.000	26	0	2.98e-10	52.0
M03520:605:000000000-LVNKY:1:1101:12696:7811;size=5	RH.CA1E204B0C0842DZ0Z_R	100.000	22	0	7.27e-08	44.1
M03520:605:000000000-LVNKY:1:1101:12913:15118;size=5	RH.DDB83AFF97C94C6Z0Z_R	100.000	25	0	1.18e-09	50.1
M03520:605:000000000-LVNKY:1:1101:12913:15118;size=5	RH.8B25A056ABC1444Z0Z_F	100.000	22	0	7.27e-08	44.1
M03520:605:000000000-LVNKY:1:1101:12960:13611;size=5	RH.B9EF730EBE6C436Z0Z_R	100.000	25	0	1.18e-09	50.1
M03520:605:000000000-LVNKY:1:1101:12960:13611;size=5	RH.B9EF730EBE6C436Z0Z_F	100.000	23	0	1.84e-08	46.1
M03520:605:000000000-LVNKY:1:1101:13061:15440;size=5	RH.E4C34C29ADFB490Z0Z_R	100.000	23	0	1.84e-08	46.1
M03520:605:000000000-LVNKY:1:1101:13061:15440;size=5	RH.E4C34C29ADFB490Z0Z_F	100.000	22	0	7.27e-08	44.1
M03520:605:000000000-LVNKY:1:1101:13089:11999;size=5	RH.85A5303CAAF54ADZ0Z_R	100.000	22	0	7.27e-08	44.1
M03520:605:000000000-LVNKY:1:1101:13119:26915;size=5	RH.0550AF0F57084ADZ0Z_F	100.000	24	0	4.65e-09	48.1
M03520:605:000000000-LVNKY:1:1101:13119:26915;size=5	RH.0550AF0F57084ADZ0Z_R	100.000	22	0	7.27e-08	44.1
M03520:605:000000000-LVNKY:1:1101:13323:17068;size=5	RH.1CC74B91718A42FZ0Z_R	100.000	25	0	1.18e-09	50.1
M03520:605:000000000-LVNKY:1:1101:13323:17068;size=5	RH.1CC74B91718A42FZ0Z_F	100.000	24	0	4.65e-09	48.1
M03520:605:000000000-LVNKY:1:1101:13996:8385;size=5	RH.1CC74B91718A42FZ0Z_F	100.000	24	0	4.65e-09	48.1
M03520:605:000000000-LVNKY:1:1101:13996:8385;size=5	RH.1CC74B91718A42FZ0Z_R	96.000	25	1	2.87e-07	42.1
M03520:605:000000000-LVNKY:1:1101:14296:18827;size=5	RH.2A8AD21024974C0Z0Z_F	100.000	26	0	2.98e-10	52.0
M03520:605:000000000-LVNKY:1:1101:14296:18827;size=5	RH.2A8AD21024974C0Z0Z_R	100.000	25	0	1.18e-09	50.1
M03520:605:000000000-LVNKY:1:1101:14590:9717;size=5	RH.8B25A056ABC1444Z0Z_F	100.000	25	0	1.18e-09	50.1
M03520:605:000000000-LVNKY:1:1101:14590:9717;size=5	RH.8B25A056ABC1444Z0Z_R	95.833	24	1	1.13e-06	40.1
M03520:605:000000000-LVNKY:1:1101:14660:8913;size=5	RH.0096A141894D447Z0Z_F	100.000	24	0	4.65e-09	48.1
M03520:605:000000000-LVNKY:1:1101:14660:8913;size=5	RH.0096A141894D447Z0Z_R	100.000	21	0	2.87e-07	42.1
M03520:605:000000000-LVNKY:1:1101:14993:16804;size=5	RH.7CE39E25906745AZ0Z_R	100.000	26	0	2.98e-10	52.0
M03520:605:000000000-LVNKY:1:1101:14993:16804;size=5	RH.7CE39E25906745AZ0Z_F	100.000	25	0	1.18e-09	50.1
M03520:605:000000000-LVNKY:1:1101:15223:6927;size=5	RH.CA1E204B0C0842DZ0Z_R	100.000	24	0	4.65e-09	48.1
M03520:605:000000000-LVNKY:1:1101:15223:6927;size=5	RH.CA1E204B0C0842DZ0Z_F	96.154	26	1	7.27e-08	44.1
M03520:605:000000000-LVNKY:1:1101:15976:9937;size=5	RH.0BD19D1A26A74EBZ0Z_F	100.000	25	0	1.18e-09	50.1
M03520:605:000000000-LVNKY:1:1101:15976:9937;size=5	RH.0BD19D1A26A74EBZ0Z_R	100.000	24	0	4.65e-09	48.1
M03520:605:000000000-LVNKY:1:1101:15980:22364;size=5	RH.2A8AD21024974C0Z0Z_F	100.000	26	0	2.98e-10	52.0
M03520:605:000000000-LVNKY:1:1101:15980:22364;size=5	RH.2A8AD21024974C0Z0Z_R	100.000	25	0	1.18e-09	50.1
M03520:605:000000000-LVNKY:1:1101:16459:21471;size=5	RH.27578A9A85FA4A3Z0Z_R	100.000	22	0	7.27e-08	44.1
M03520:605:000000000-LVNKY:1:1101:16459:21471;size=5	RH.27578A9A85FA4A3Z0Z_F	95.833	24	1	1.13e-06	40.1
M03520:605:000000000-LVNKY:1:1101:16661:8148;size=5	RH.E04EE94198274F7Z0Z_F	100.000	25	0	1.18e-09	50.1
M03520:605:000000000-LVNKY:1:1101:16661:8148;size=5	RH.E04EE94198274F7Z0Z_R	95.833	24	1	1.13e-06	40.1
M03520:605:000000000-LVNKY:1:1101:16985:17356;size=5	RH.0550AF0F57084ADZ0Z_F	100.000	24	0	4.65e-09	48.1
M03520:605:000000000-LVNKY:1:1101:16985:17356;size=5	RH.0550AF0F57084ADZ0Z_R	100.000	22	0	7.27e-08	44.1
M03520:605:000000000-LVNKY:1:1101:17222:14472;size=5	RH.DDB83AFF97C94C6Z0Z_F	100.000	24	0	4.65e-09	48.1
M03520:605:000000000-LVNKY:1:1101:17222:14472;size=5	RH.DDB83AFF97C94C6Z0Z_R	100.000	24	0	4.65e-09	48.1
M03520:605:000000000-LVNKY:1:1101:17647:16125;size=5	RH.7CE39E25906745AZ0Z_R	100.000	26	0	2.98e-10	52.0
M03520:605:000000000-LVNKY:1:1101:17647:16125;size=5	RH.7CE39E25906745AZ0Z_F	100.000	25	0	1.18e-09	50.1
M03520:605:000000000-LVNKY:1:1101:17986:19711;size=5	RH.E4A8B94D0D174D9Z0Z_F	100.000	24	0	4.65e-09	48.1
M03520:605:000000000-LVNKY:1:1101:17986:19711;size=5	RH.E4A8B94D0D174D9Z0Z_R	100.000	24	0	4.65e-09	48.1
M03520:605:000000000-LVNKY:1:1101:18166:9114;size=5	RH.78B83B8D6A224B1Z0Z_R	100.000	23	0	1.84e-08	46.1
M03520:605:000000000-LVNKY:1:1101:18166:9114;size=5	RH.78B83B8D6A224B1Z0Z_F	100.000	22	0	7.27e-08	44.1
M03520:605:000000000-LVNKY:1:1101:18306:3844;size=5	RH.0096A141894D447Z0Z_F	100.000	24	0	4.65e-09	48.1
M03520:605:000000000-LVNKY:1:1101:18562:14674;size=5	RH.0550AF0F57084ADZ0Z_F	100.000	24	0	4.65e-09	48.1
M03520:605:000000000-LVNKY:1:1101:18562:14674;size=5	RH.0550AF0F57084ADZ0Z_R	100.000	22	0	7.27e-08	44.1
M03520:605:000000000-LVNKY:1:1101:18649:22439;size=5	RH.7CE39E25906745AZ0Z_R	100.000	26	0	2.98e-10	52.0
M03520:605:000000000-LVNKY:1:1101:18649:22439;size=5	RH.7CE39E25906745AZ0Z_F	100.000	25	0	1.18e-09	50.1
M03520:605:000000000-LVNKY:1:1101:18707:5609;size=5	RH.51338FA06EDB4F0Z0Z_R	100.000	25	0	1.18e-09	50.1
M03520:605:000000000-LVNKY:1:1101:18707:5609;size=5	RH.51338FA06EDB4F0Z0Z_F	96.000	25	1	2.87e-07	42.1
M03520:605:000000000-LVNKY:1:1101:19318:7440;size=5	RH.DDB83AFF97C94C6Z0Z_R	100.000	25	0	1.18e-09	50.1
M03520:605:000000000-LVNKY:1:1101:19318:7440;size=5	RH.8B25A056ABC1444Z0Z_F	100.000	22	0	7.27e-08	44.1
M03520:605:000000000-LVNKY:1:1101:19897:14484;size=5	RH.2A8AD21024974C0Z0Z_F	100.000	26	0	2.98e-10	52.0
M03520:605:000000000-LVNKY:1:1101:19897:14484;size=5	RH.2A8AD21024974C0Z0Z_R	100.000	25	0	1.18e-09	50.1
M03520:605:000000000-LVNKY:1:1101:20172:10487;size=5	RH.6572108A164E48EZ0Z_R	100.000	25	0	1.18e-09	50.1
M03520:605:000000000-LVNKY:1:1101:20172:10487;size=5	RH.6572108A164E48EZ0Z_F	100.000	24	0	4.65e-09	48.1
M03520:605:000000000-LVNKY:1:1101:20278:9803;size=5	RH.8B25A056ABC1444Z0Z_F	100.000	25	0	1.18e-09	50.1
M03520:605:000000000-LVNKY:1:1101:20278:9803;size=5	RH.8B25A056ABC1444Z0Z_R	100.000	24	0	4.65e-09	48.1
M03520:605:000000000-LVNKY:1:1101:20527:8762;size=5	RH.2AFFFBA0E81C482Z0Z_R	100.000	23	0	1.84e-08	46.1
M03520:605:000000000-LVNKY:1:1101:20527:8762;size=5	RH.2AFFFBA0E81C482Z0Z_F	100.000	23	0	1.84e-08	46.1
M03520:605:000000000-LVNKY:1:1101:20580:18689;size=5	RH.DDB83AFF97C94C6Z0Z_F	100.000	24	0	4.65e-09	48.1
M03520:605:000000000-LVNKY:1:1101:20580:18689;size=5	RH.DDB83AFF97C94C6Z0Z_R	100.000	22	0	7.27e-08	44.1
M03520:605:000000000-LVNKY:1:1101:20772:24773;size=5	RH.2A8AD21024974C0Z0Z_F	100.000	26	0	2.98e-10	52.0
M03520:605:000000000-LVNKY:1:1101:20772:24773;size=5	RH.2A8AD21024974C0Z0Z_R	100.000	25	0	1.18e-09	50.1
M03520:605:000000000-LVNKY:1:1101:20950:20776;size=5	RH.27578A9A85FA4A3Z0Z_F	100.000	24	0	4.65e-09	48.1
M03520:605:000000000-LVNKY:1:1101:20950:20776;size=5	RH.27578A9A85FA4A3Z0Z_R	100.000	22	0	7.27e-08	44.1
M03520:605:000000000-LVNKY:1:1101:21119:12928;size=5	RH.51338FA06EDB4F0Z0Z_F	100.000	25	0	1.18e-09	50.1
M03520:605:000000000-LVNKY:1:1101:21119:12928;size=5	RH.51338FA06EDB4F0Z0Z_R	100.000	25	0	1.18e-09	50.1
M03520:605:000000000-LVNKY:1:1101:21133:8169;size=5	RH.27578A9A85FA4A3Z0Z_F	100.000	24	0	4.65e-09	48.1
M03520:605:000000000-LVNKY:1:1101:21133:8169;size=5	RH.27578A9A85FA4A3Z0Z_R	100.000	22	0	7.27e-08	44.1
M03520:605:000000000-LVNKY:1:1101:21267:6911;size=5	RH.0096A141894D447Z0Z_F	100.000	24	0	4.65e-09	48.1
M03520:605:000000000-LVNKY:1:1101:21379:6249;size=5	RH.0096A141894D447Z0Z_R	100.000	22	0	7.27e-08	44.1
M03520:605:000000000-LVNKY:1:1101:21379:6249;size=5	RH.0096A141894D447Z0Z_F	100.000	21	0	2.87e-07	42.1
M03520:605:000000000-LVNKY:1:1101:21979:19045;size=5	RH.1CC74B91718A42FZ0Z_R	100.000	25	0	1.18e-09	50.1
M03520:605:000000000-LVNKY:1:1101:21979:19045;size=5	RH.1CC74B91718A42FZ0Z_F	100.000	24	0	4.65e-09	48.1
M03520:605:000000000-LVNKY:1:1101:22111:11876;size=5	RH.B9EF730EBE6C436Z0Z_R	100.000	25	0	1.18e-09	50.1
M03520:605:000000000-LVNKY:1:1101:22111:11876;size=5	RH.B9EF730EBE6C436Z0Z_F	100.000	23	0	1.84e-08	46.1
M03520:605:000000000-LVNKY:1:1101:22234:12245;size=5	RH.2091F326F74640CZ0Z_F	100.000	24	0	4.65e-09	48.1
M03520:605:000000000-LVNKY:1:1101:22234:12245;size=5	RH.2091F326F74640CZ0Z_R	100.000	20	0	1.13e-06	40.1
M03520:605:000000000-LVNKY:1:1101:22279:14763;size=5	RH.3F0C3BDDC55E465Z0Z_F	100.000	30	0	1.22e-12	60.0
M03520:605:000000000-LVNKY:1:1101:22279:14763;size=5	RH.3F0C3BDDC55E465Z0Z_R	93.103	29	2	2.87e-07	42.1
M03520:605:000000000-LVNKY:1:1101:22348:21314;size=5	RH.B9EF730EBE6C436Z0Z_R	100.000	25	0	1.18e-09	50.1
M03520:605:000000000-LVNKY:1:1101:22348:21314;size=5	RH.B9EF730EBE6C436Z0Z_F	100.000	25	0	1.18e-09	50.1
M03520:605:000000000-LVNKY:1:1101:22516:11217;size=5	RH.0096A141894D447Z0Z_F	100.000	24	0	4.65e-09	48.1
M03520:605:000000000-LVNKY:1:1101:22516:11217;size=5	RH.0096A141894D447Z0Z_R	100.000	21	0	2.87e-07	42.1
M03520:605:000000000-LVNKY:1:1101:22874:5688;size=5	RH.0BD19D1A26A74EBZ0Z_F	100.000	25	0	1.18e-09	50.1
M03520:605:000000000-LVNKY:1:1101:22874:5688;size=5	RH.0BD19D1A26A74EBZ0Z_R	100.000	24	0	4.65e-09	48.1
M03520:605:000000000-LVNKY:1:1101:23111:19688;size=5	RH.0BD19D1A26A74EBZ0Z_F	100.000	25	0	1.18e-09	50.1
M03520:605:000000000-LVNKY:1:1101:23111:19688;size=5	RH.0BD19D1A26A74EBZ0Z_R	100.000	24	0	4.65e-09	48.1
M03520:605:000000000-LVNKY:1:1101:2328:19183;size=5	RH.2A8AD21024974C0Z0Z_F	100.000	26	0	2.98e-10	52.0
M03520:605:000000000-LVNKY:1:1101:2328:19183;size=5	RH.2A8AD21024974C0Z0Z_R	100.000	24	0	4.65e-09	48.1
M03520:605:000000000-LVNKY:1:1101:23314:16588;size=5	RH.0BD19D1A26A74EBZ0Z_F	100.000	25	0	1.18e-09	50.1
M03520:605:000000000-LVNKY:1:1101:23314:16588;size=5	RH.0BD19D1A26A74EBZ0Z_R	100.000	24	0	4.65e-09	48.1
M03520:605:000000000-LVNKY:1:1101:23409:11476;size=5	RH.85A5303CAAF54ADZ0Z_R	100.000	22	0	7.27e-08	44.1
M03520:605:000000000-LVNKY:1:1101:23409:11476;size=5	RH.85A5303CAAF54ADZ0Z_F	100.000	21	0	2.87e-07	42.1
M03520:605:000000000-LVNKY:1:1101:23704:17532;size=5	RH.E04EE94198274F7Z0Z_F	100.000	25	0	1.18e-09	50.1
M03520:605:000000000-LVNKY:1:1101:23704:17532;size=5	RH.E04EE94198274F7Z0Z_R	95.833	24	1	1.13e-06	40.1
M03520:605:000000000-LVNKY:1:1101:24685:10964;size=5	RH.0550AF0F57084ADZ0Z_F	100.000	24	0	4.65e-09	48.1
M03520:605:000000000-LVNKY:1:1101:24947:10854;size=5	RH.7CE39E25906745AZ0Z_R	100.000	26	0	2.98e-10	52.0
M03520:605:000000000-LVNKY:1:1101:24947:10854;size=5	RH.7CE39E25906745AZ0Z_F	100.000	25	0	1.18e-09	50.1
M03520:605:000000000-LVNKY:1:1101:25035:23368;size=5	RH.0550AF0F57084ADZ0Z_F	100.000	24	0	4.65e-09	48.1
M03520:605:000000000-LVNKY:1:1101:25035:23368;size=5	RH.0550AF0F57084ADZ0Z_R	100.000	22	0	7.27e-08	44.1
M03520:605:000000000-LVNKY:1:1101:25048:9674;size=5	RH.8B25A056ABC1444Z0Z_R	100.000	24	0	4.65e-09	48.1
M03520:605:000000000-LVNKY:1:1101:25048:9674;size=5	RH.8B25A056ABC1444Z0Z_F	100.000	22	0	7.27e-08	44.1
M03520:605:000000000-LVNKY:1:1101:25407:15295;size=5	RH.0096A141894D447Z0Z_F	100.000	24	0	4.65e-09	48.1
M03520:605:000000000-LVNKY:1:1101:25407:15295;size=5	RH.0096A141894D447Z0Z_R	100.000	21	0	2.87e-07	42.1
M03520:605:000000000-LVNKY:1:1101:25551:20720;size=5	RH.DDB83AFF97C94C6Z0Z_R	100.000	25	0	1.18e-09	50.1
M03520:605:000000000-LVNKY:1:1101:25551:20720;size=5	RH.DDB83AFF97C94C6Z0Z_F	100.000	24	0	4.65e-09	48.1
M03520:605:000000000-LVNKY:1:1101:25667:6163;size=5	RH.69CEA0AC39F4445Z0Z_R	100.000	23	0	1.84e-08	46.1
M03520:605:000000000-LVNKY:1:1101:25667:6163;size=5	RH.69CEA0AC39F4445Z0Z_F	100.000	22	0	7.27e-08	44.1
M03520:605:000000000-LVNKY:1:1101:2638:12047;size=5	RH.69CEA0AC39F4445Z0Z_R	100.000	23	0	1.84e-08	46.1
M03520:605:000000000-LVNKY:1:1101:2638:12047;size=5	RH.3B2B2BB86AB94D3Z0Z_F	100.000	21	0	2.87e-07	42.1
M03520:605:000000000-LVNKY:1:1101:2638:12047;size=5	RH.64613722763148BZ0Z_R	100.000	19	0	4.48e-06	38.2
M03520:605:000000000-LVNKY:1:1101:26608:10326;size=5	RH.DDB83AFF97C94C6Z0Z_R	100.000	25	0	1.18e-09	50.1
M03520:605:000000000-LVNKY:1:1101:26882:8677;size=5	RH.185D4E36BBF74FEZ0Z_F	100.000	27	0	7.54e-11	54.0
M03520:605:000000000-LVNKY:1:1101:26882:8677;size=5	RH.185D4E36BBF74FEZ0Z_R	100.000	26	0	2.98e-10	52.0
M03520:605:000000000-LVNKY:1:1101:27554:18531;size=5	RH.E04EE94198274F7Z0Z_F	100.000	25	0	1.18e-09	50.1
M03520:605:000000000-LVNKY:1:1101:27554:18531;size=5	RH.CA1E204B0C0842DZ0Z_R	100.000	24	0	4.65e-09	48.1
M03520:605:000000000-LVNKY:1:1101:27554:18531;size=5	RH.CA1E204B0C0842DZ0Z_F	100.000	22	0	7.27e-08	44.1
M03520:605:000000000-LVNKY:1:1101:28110:11134;size=5	RH.0096A141894D447Z0Z_F	100.000	24	0	4.65e-09	48.1
M03520:605:000000000-LVNKY:1:1101:4646:17294;size=5	RH.DE543226C201437Z0Z_R	100.000	20	0	1.13e-06	40.1
M03520:605:000000000-LVNKY:1:1101:4646:17294;size=5	RH.51338FA06EDB4F0Z0Z_R	95.652	23	1	4.48e-06	38.2
M03520:605:000000000-LVNKY:1:1101:4862:9343;size=5	RH.7CE39E25906745AZ0Z_R	100.000	26	0	2.98e-10	52.0
M03520:605:000000000-LVNKY:1:1101:4862:9343;size=5	RH.7CE39E25906745AZ0Z_F	100.000	25	0	1.18e-09	50.1
M03520:605:000000000-LVNKY:1:1101:4934:15162;size=5	RH.2A8AD21024974C0Z0Z_F	100.000	26	0	2.98e-10	52.0
M03520:605:000000000-LVNKY:1:1101:4934:15162;size=5	RH.2A8AD21024974C0Z0Z_R	100.000	25	0	1.18e-09	50.1
M03520:605:000000000-LVNKY:1:1101:5167:16503;size=5	RH.7CE39E25906745AZ0Z_R	100.000	26	0	2.98e-10	52.0
M03520:605:000000000-LVNKY:1:1101:5167:16503;size=5	RH.7CE39E25906745AZ0Z_F	100.000	25	0	1.18e-09	50.1
M03520:605:000000000-LVNKY:1:1101:5570:15699;size=5	RH.27578A9A85FA4A3Z0Z_F	100.000	24	0	4.65e-09	48.1
M03520:605:000000000-LVNKY:1:1101:5570:15699;size=5	RH.27578A9A85FA4A3Z0Z_R	100.000	22	0	7.27e-08	44.1
M03520:605:000000000-LVNKY:1:1101:6752:6077;size=5	RH.E04EE94198274F7Z0Z_F	96.000	25	1	2.87e-07	42.1
M03520:605:000000000-LVNKY:1:1101:6752:6077;size=5	RH.E04EE94198274F7Z0Z_R	95.833	24	1	1.13e-06	40.1
M03520:605:000000000-LVNKY:1:1101:7453:15759;size=5	RH.7CE39E25906745AZ0Z_R	100.000	26	0	2.98e-10	52.0
M03520:605:000000000-LVNKY:1:1101:7453:15759;size=5	RH.7CE39E25906745AZ0Z_F	100.000	25	0	1.18e-09	50.1
M03520:605:000000000-LVNKY:1:1101:7805:7363;size=5	RH.27578A9A85FA4A3Z0Z_F	100.000	24	0	4.65e-09	48.1
M03520:605:000000000-LVNKY:1:1101:7805:7363;size=5	RH.27578A9A85FA4A3Z0Z_R	100.000	22	0	7.27e-08	44.1
M03520:605:000000000-LVNKY:1:1101:8387:13501;size=5	RH.2091F326F74640CZ0Z_R	100.000	22	0	7.27e-08	44.1
M03520:605:000000000-LVNKY:1:1101:8387:13501;size=5	RH.2091F326F74640CZ0Z_F	100.000	21	0	2.87e-07	42.1
M03520:605:000000000-LVNKY:1:1101:9062:15191;size=5	RH.27578A9A85FA4A3Z0Z_F	100.000	24	0	4.65e-09	48.1
M03520:605:000000000-LVNKY:1:1101:9062:15191;size=5	RH.27578A9A85FA4A3Z0Z_R	100.000	22	0	7.27e-08	44.1
M03520:605:000000000-LVNKY:1:1101:9069:7522;size=5	RH.27578A9A85FA4A3Z0Z_F	100.000	24	0	4.65e-09	48.1
M03520:605:000000000-LVNKY:1:1101:9069:7522;size=5	RH.27578A9A85FA4A3Z0Z_R	100.000	22	0	7.27e-08	44.1
M03520:605:000000000-LVNKY:1:1101:9188:18723;size=5	RH.DDB83AFF97C94C6Z0Z_R	100.000	25	0	1.18e-09	50.1
M03520:605:000000000-LVNKY:1:1101:9188:18723;size=5	RH.8B25A056ABC1444Z0Z_F	100.000	22	0	7.27e-08	44.1
M03520:605:000000000-LVNKY:1:1101:9439:11522;size=5	RH.8B25A056ABC1444Z0Z_F	100.000	25	0	1.18e-09	50.1
M03520:605:000000000-LVNKY:1:1101:9439:11522;size=5	RH.8B25A056ABC1444Z0Z_R	100.000	24	0	4.65e-09	48.1
M03520:605:000000000-LVNKY:1:1101:9808:16608;size=5	RH.0096A141894D447Z0Z_F	100.000	24	0	4.65e-09	48.1
M03520:605:000000000-LVNKY:1:1101:9808:16608;size=5	RH.0096A141894D447Z0Z_R	100.000	21	0	2.87e-07	42.1
M03520:605:000000000-LVNKY:1:1102:10184:22789;size=5	RH.B5A2E3C1CC8E44AZ0Z_F	100.000	23	0	1.84e-08	46.1
M03520:605:000000000-LVNKY:1:1102:10184:22789;size=5	RH.B5A2E3C1CC8E44AZ0Z_R	100.000	22	0	7.27e-08	44.1
M03520:605:000000000-LVNKY:1:1102:10449:24120;size=5	RH.DDB83AFF97C94C6Z0Z_R	100.000	25	0	1.18e-09	50.1
M03520:605:000000000-LVNKY:1:1102:10449:24120;size=5	RH.DDB83AFF97C94C6Z0Z_F	100.000	24	0	4.65e-09	48.1
M03520:605:000000000-LVNKY:1:1102:10744:2861;size=5	RH.27578A9A85FA4A3Z0Z_F	100.000	23	0	1.84e-08	46.1
M03520:605:000000000-LVNKY:1:1102:10744:2861;size=5	RH.27578A9A85FA4A3Z0Z_R	100.000	22	0	7.27e-08	44.1
M03520:605:000000000-LVNKY:1:1102:10794:9723;size=5	RH.185D4E36BBF74FEZ0Z_R	100.000	26	0	2.98e-10	52.0
M03520:605:000000000-LVNKY:1:1102:10794:9723;size=5	RH.185D4E36BBF74FEZ0Z_F	96.296	27	1	1.84e-08	46.1
M03520:605:000000000-LVNKY:1:1102:10901:27342;size=5	RH.DDB83AFF97C94C6Z0Z_R	100.000	25	0	1.18e-09	50.1
M03520:605:000000000-LVNKY:1:1102:10901:27342;size=5	RH.8B25A056ABC1444Z0Z_F	100.000	22	0	7.27e-08	44.1
M03520:605:000000000-LVNKY:1:1102:11208:6071;size=5	RH.0BD19D1A26A74EBZ0Z_R	100.000	24	0	4.65e-09	48.1
M03520:605:000000000-LVNKY:1:1102:11365:10649;size=5	RH.DDB83AFF97C94C6Z0Z_R	100.000	25	0	1.18e-09	50.1
M03520:605:000000000-LVNKY:1:1102:11365:10649;size=5	RH.DDB83AFF97C94C6Z0Z_F	100.000	24	0	4.65e-09	48.1
M03520:605:000000000-LVNKY:1:1102:11847:13465;size=5	RH.51338FA06EDB4F0Z0Z_F	100.000	25	0	1.18e-09	50.1
M03520:605:000000000-LVNKY:1:1102:11847:13465;size=5	RH.51338FA06EDB4F0Z0Z_R	100.000	25	0	1.18e-09	50.1
M03520:605:000000000-LVNKY:1:1102:12001:8649;size=5	RH.DDB83AFF97C94C6Z0Z_R	100.000	25	0	1.18e-09	50.1
M03520:605:000000000-LVNKY:1:1102:12177:8035;size=5	RH.2AFFFBA0E81C482Z0Z_R	100.000	23	0	1.84e-08	46.1
M03520:605:000000000-LVNKY:1:1102:12177:8035;size=5	RH.2AFFFBA0E81C482Z0Z_F	100.000	23	0	1.84e-08	46.1
M03520:605:000000000-LVNKY:1:1102:12303:5232;size=5	RH.CA1E204B0C0842DZ0Z_F	100.000	26	0	2.98e-10	52.0
M03520:605:000000000-LVNKY:1:1102:12303:5232;size=5	RH.CA1E204B0C0842DZ0Z_R	100.000	24	0	4.65e-09	48.1
M03520:605:000000000-LVNKY:1:1102:12758:11262;size=5	RH.2AFFFBA0E81C482Z0Z_F	100.000	23	0	1.84e-08	46.1
M03520:605:000000000-LVNKY:1:1102:12758:11262;size=5	RH.2AFFFBA0E81C482Z0Z_R	100.000	23	0	1.84e-08	46.1
M03520:605:000000000-LVNKY:1:1102:12977:11291;size=5	RH.DDB83AFF97C94C6Z0Z_R	100.000	25	0	1.18e-09	50.1
M03520:605:000000000-LVNKY:1:1102:12977:11291;size=5	RH.DDB83AFF97C94C6Z0Z_F	100.000	24	0	4.65e-09	48.1
M03520:605:000000000-LVNKY:1:1102:13018:27805;size=5	RH.7CE39E25906745AZ0Z_R	100.000	26	0	2.98e-10	52.0
M03520:605:000000000-LVNKY:1:1102:13018:27805;size=5	RH.7CE39E25906745AZ0Z_F	100.000	25	0	1.18e-09	50.1
M03520:605:000000000-LVNKY:1:1102:13233:22046;size=5	RH.0096A141894D447Z0Z_F	100.000	24	0	4.65e-09	48.1
M03520:605:000000000-LVNKY:1:1102:13381:22543;size=5	RH.7CE39E25906745AZ0Z_R	100.000	26	0	2.98e-10	52.0
M03520:605:000000000-LVNKY:1:1102:13383:17224;size=5	RH.0096A141894D447Z0Z_R	100.000	22	0	7.27e-08	44.1
M03520:605:000000000-LVNKY:1:1102:13407:8179;size=5	RH.2A8AD21024974C0Z0Z_R	100.000	25	0	1.18e-09	50.1
M03520:605:000000000-LVNKY:1:1102:13407:8179;size=5	RH.2A8AD21024974C0Z0Z_F	96.154	26	1	7.27e-08	44.1
M03520:605:000000000-LVNKY:1:1102:13650:11028;size=5	RH.85A5303CAAF54ADZ0Z_R	100.000	22	0	7.27e-08	44.1
M03520:605:000000000-LVNKY:1:1102:13944:2555;size=5	RH.1CC74B91718A42FZ0Z_R	100.000	25	0	1.18e-09	50.1
M03520:605:000000000-LVNKY:1:1102:13944:2555;size=5	RH.1CC74B91718A42FZ0Z_F	100.000	20	0	1.13e-06	40.1
M03520:605:000000000-LVNKY:1:1102:14152:18267;size=5	RH.3F0C3BDDC55E465Z0Z_F	100.000	30	0	1.22e-12	60.0
M03520:605:000000000-LVNKY:1:1102:14152:18267;size=5	RH.3F0C3BDDC55E465Z0Z_R	96.552	29	1	1.18e-09	50.1
M03520:605:000000000-LVNKY:1:1102:14434:24269;size=5	RH.B9EF730EBE6C436Z0Z_R	100.000	25	0	1.18e-09	50.1
M03520:605:000000000-LVNKY:1:1102:14434:24269;size=5	RH.B9EF730EBE6C436Z0Z_F	100.000	25	0	1.18e-09	50.1
M03520:605:000000000-LVNKY:1:1102:14437:1396;size=5	RH.0550AF0F57084ADZ0Z_F	100.000	24	0	4.65e-09	48.1
M03520:605:000000000-LVNKY:1:1102:14437:1396;size=5	RH.0550AF0F57084ADZ0Z_R	100.000	19	0	4.48e-06	38.2
M03520:605:000000000-LVNKY:1:1102:14536:13269;size=5	RH.8B25A056ABC1444Z0Z_F	100.000	25	0	1.18e-09	50.1
M03520:605:000000000-LVNKY:1:1102:14536:13269;size=5	RH.8B25A056ABC1444Z0Z_R	100.000	24	0	4.65e-09	48.1
M03520:605:000000000-LVNKY:1:1102:14689:23440;size=5	RH.7CE39E25906745AZ0Z_R	100.000	26	0	2.98e-10	52.0
M03520:605:000000000-LVNKY:1:1102:14689:23440;size=5	RH.7CE39E25906745AZ0Z_F	100.000	25	0	1.18e-09	50.1
M03520:605:000000000-LVNKY:1:1102:14779:18009;size=5	RH.27578A9A85FA4A3Z0Z_F	100.000	23	0	1.84e-08	46.1
M03520:605:000000000-LVNKY:1:1102:14779:18009;size=5	RH.27578A9A85FA4A3Z0Z_R	100.000	22	0	7.27e-08	44.1
M03520:605:000000000-LVNKY:1:1102:14948:13276;size=5	RH.DDB83AFF97C94C6Z0Z_F	100.000	24	0	4.65e-09	48.1
M03520:605:000000000-LVNKY:1:1102:14948:13276;size=5	RH.DDB83AFF97C94C6Z0Z_R	96.000	25	1	2.87e-07	42.1
M03520:605:000000000-LVNKY:1:1102:15154:24765;size=5	RH.7CE39E25906745AZ0Z_F	100.000	25	0	1.18e-09	50.1
M03520:605:000000000-LVNKY:1:1102:15154:24765;size=5	RH.7CE39E25906745AZ0Z_R	96.154	26	1	7.27e-08	44.1
M03520:605:000000000-LVNKY:1:1102:15497:9089;size=5	RH.DDB83AFF97C94C6Z0Z_R	100.000	25	0	1.18e-09	50.1
M03520:605:000000000-LVNKY:1:1102:15497:9089;size=5	RH.DDB83AFF97C94C6Z0Z_F	100.000	24	0	4.65e-09	48.1
M03520:605:000000000-LVNKY:1:1102:15543:6774;size=5	RH.0096A141894D447Z0Z_F	100.000	24	0	4.65e-09	48.1
M03520:605:000000000-LVNKY:1:1102:15543:6774;size=5	RH.0096A141894D447Z0Z_R	100.000	21	0	2.87e-07	42.1
M03520:605:000000000-LVNKY:1:1102:16085:21524;size=5	RH.7CE39E25906745AZ0Z_R	100.000	26	0	2.98e-10	52.0
M03520:605:000000000-LVNKY:1:1102:16085:21524;size=5	RH.7CE39E25906745AZ0Z_F	100.000	25	0	1.18e-09	50.1
M03520:605:000000000-LVNKY:1:1102:16241:14432;size=5	RH.27578A9A85FA4A3Z0Z_R	100.000	22	0	7.27e-08	44.1
M03520:605:000000000-LVNKY:1:1102:16241:14432;size=5	RH.27578A9A85FA4A3Z0Z_F	95.833	24	1	1.13e-06	40.1
M03520:605:000000000-LVNKY:1:1102:16329:13774;size=5	RH.2A8AD21024974C0Z0Z_F	100.000	26	0	2.98e-10	52.0
M03520:605:000000000-LVNKY:1:1102:16429:8111;size=5	RH.DDB83AFF97C94C6Z0Z_R	100.000	25	0	1.18e-09	50.1
M03520:605:000000000-LVNKY:1:1102:16429:8111;size=5	RH.DDB83AFF97C94C6Z0Z_F	100.000	24	0	4.65e-09	48.1
M03520:605:000000000-LVNKY:1:1102:16699:27636;size=5	RH.2091F326F74640CZ0Z_F	100.000	22	0	7.27e-08	44.1
M03520:605:000000000-LVNKY:1:1102:17366:16637;size=5	RH.CA1E204B0C0842DZ0Z_F	100.000	26	0	2.98e-10	52.0
M03520:605:000000000-LVNKY:1:1102:17366:16637;size=5	RH.CA1E204B0C0842DZ0Z_R	100.000	24	0	4.65e-09	48.1
M03520:605:000000000-LVNKY:1:1102:17540:7644;size=5	RH.0096A141894D447Z0Z_R	100.000	25	0	1.18e-09	50.1
M03520:605:000000000-LVNKY:1:1102:17954:13383;size=5	RH.DE543226C201437Z0Z_R	100.000	20	0	1.13e-06	40.1
M03520:605:000000000-LVNKY:1:1102:17954:13383;size=5	RH.51338FA06EDB4F0Z0Z_R	95.652	23	1	4.48e-06	38.2
M03520:605:000000000-LVNKY:1:1102:18188:21762;size=5	RH.0BD19D1A26A74EBZ0Z_F	100.000	25	0	1.18e-09	50.1
M03520:605:000000000-LVNKY:1:1102:18188:21762;size=5	RH.0BD19D1A26A74EBZ0Z_R	100.000	24	0	4.65e-09	48.1
M03520:605:000000000-LVNKY:1:1102:18739:17296;size=5	RH.1CC74B91718A42FZ0Z_R	100.000	25	0	1.18e-09	50.1
M03520:605:000000000-LVNKY:1:1102:18739:17296;size=5	RH.1CC74B91718A42FZ0Z_F	100.000	24	0	4.65e-09	48.1
M03520:605:000000000-LVNKY:1:1102:18970:14320;size=5	RH.1CC74B91718A42FZ0Z_R	100.000	25	0	1.18e-09	50.1
M03520:605:000000000-LVNKY:1:1102:19175:12215;size=5	RH.2AFFFBA0E81C482Z0Z_F	100.000	23	0	1.84e-08	46.1
M03520:605:000000000-LVNKY:1:1102:19175:12215;size=5	RH.2AFFFBA0E81C482Z0Z_R	100.000	23	0	1.84e-08	46.1
M03520:605:000000000-LVNKY:1:1102:19813:13244;size=5	RH.0550AF0F57084ADZ0Z_F	100.000	24	0	4.65e-09	48.1
M03520:605:000000000-LVNKY:1:1102:19838:11620;size=5	RH.DDB83AFF97C94C6Z0Z_R	100.000	25	0	1.18e-09	50.1
M03520:605:000000000-LVNKY:1:1102:19838:11620;size=5	RH.DDB83AFF97C94C6Z0Z_F	100.000	24	0	4.65e-09	48.1
M03520:605:000000000-LVNKY:1:1102:19979:25016;size=5	RH.DDB83AFF97C94C6Z0Z_R	100.000	25	0	1.18e-09	50.1
M03520:605:000000000-LVNKY:1:1102:19979:25016;size=5	RH.DDB83AFF97C94C6Z0Z_F	100.000	24	0	4.65e-09	48.1
M03520:605:000000000-LVNKY:1:1102:20109:24207;size=5	RH.8B25A056ABC1444Z0Z_F	100.000	25	0	1.18e-09	50.1
M03520:605:000000000-LVNKY:1:1102:20109:24207;size=5	RH.8B25A056ABC1444Z0Z_R	100.000	24	0	4.65e-09	48.1
M03520:605:000000000-LVNKY:1:1102:20212:19939;size=5	RH.0096A141894D447Z0Z_F	100.000	24	0	4.65e-09	48.1
M03520:605:000000000-LVNKY:1:1102:20212:19939;size=5	RH.0096A141894D447Z0Z_R	100.000	21	0	2.87e-07	42.1
M03520:605:000000000-LVNKY:1:1102:20895:15755;size=5	RH.B9EF730EBE6C436Z0Z_R	100.000	25	0	1.18e-09	50.1
M03520:605:000000000-LVNKY:1:1102:20895:15755;size=5	RH.B9EF730EBE6C436Z0Z_F	100.000	25	0	1.18e-09	50.1
M03520:605:000000000-LVNKY:1:1102:2199:17737;size=5	RH.DDB83AFF97C94C6Z0Z_R	100.000	25	0	1.18e-09	50.1
M03520:605:000000000-LVNKY:1:1102:2199:17737;size=5	RH.DDB83AFF97C94C6Z0Z_F	100.000	24	0	4.65e-09	48.1
M03520:605:000000000-LVNKY:1:1102:23324:26831;size=5	RH.0096A141894D447Z0Z_R	100.000	22	0	7.27e-08	44.1
M03520:605:000000000-LVNKY:1:1102:24056:18193;size=5	RH.8B25A056ABC1444Z0Z_F	100.000	25	0	1.18e-09	50.1
M03520:605:000000000-LVNKY:1:1102:24056:18193;size=5	RH.8B25A056ABC1444Z0Z_R	100.000	24	0	4.65e-09	48.1
M03520:605:000000000-LVNKY:1:1102:24292:17128;size=5	RH.DDB83AFF97C94C6Z0Z_R	100.000	25	0	1.18e-09	50.1
M03520:605:000000000-LVNKY:1:1102:24292:17128;size=5	RH.DDB83AFF97C94C6Z0Z_F	100.000	21	0	2.87e-07	42.1
M03520:605:000000000-LVNKY:1:1102:24475:15105;size=5	RH.B9EF730EBE6C436Z0Z_F	100.000	25	0	1.18e-09	50.1
M03520:605:000000000-LVNKY:1:1102:24492:8407;size=5	RH.27578A9A85FA4A3Z0Z_F	100.000	24	0	4.65e-09	48.1
M03520:605:000000000-LVNKY:1:1102:24492:8407;size=5	RH.27578A9A85FA4A3Z0Z_R	100.000	22	0	7.27e-08	44.1
M03520:605:000000000-LVNKY:1:1102:24839:17197;size=5	RH.0096A141894D447Z0Z_F	100.000	24	0	4.65e-09	48.1
M03520:605:000000000-LVNKY:1:1102:24993:9858;size=5	RH.0BD19D1A26A74EBZ0Z_F	100.000	25	0	1.18e-09	50.1
M03520:605:000000000-LVNKY:1:1102:24993:9858;size=5	RH.0BD19D1A26A74EBZ0Z_R	100.000	24	0	4.65e-09	48.1
M03520:605:000000000-LVNKY:1:1102:24998:23226;size=5	RH.0096A141894D447Z0Z_F	100.000	24	0	4.65e-09	48.1
M03520:605:000000000-LVNKY:1:1102:24998:23226;size=5	RH.0096A141894D447Z0Z_R	100.000	21	0	2.87e-07	42.1
M03520:605:000000000-LVNKY:1:1102:25512:21728;size=5	RH.51338FA06EDB4F0Z0Z_F	100.000	25	0	1.18e-09	50.1
M03520:605:000000000-LVNKY:1:1102:25512:21728;size=5	RH.51338FA06EDB4F0Z0Z_R	100.000	25	0	1.18e-09	50.1
M03520:605:000000000-LVNKY:1:1102:25755:7839;size=5	RH.E04EE94198274F7Z0Z_F	100.000	25	0	1.18e-09	50.1
M03520:605:000000000-LVNKY:1:1102:25755:7839;size=5	RH.E04EE94198274F7Z0Z_R	95.833	24	1	1.13e-06	40.1
M03520:605:000000000-LVNKY:1:1102:26208:19090;size=5	RH.DE543226C201437Z0Z_R	100.000	20	0	1.13e-06	40.1
M03520:605:000000000-LVNKY:1:1102:26208:19090;size=5	RH.51338FA06EDB4F0Z0Z_R	95.652	23	1	4.48e-06	38.2
M03520:605:000000000-LVNKY:1:1102:2634:20059;size=5	RH.7CE39E25906745AZ0Z_R	100.000	26	0	2.98e-10	52.0
M03520:605:000000000-LVNKY:1:1102:2634:20059;size=5	RH.7CE39E25906745AZ0Z_F	100.000	25	0	1.18e-09	50.1
M03520:605:000000000-LVNKY:1:1102:26400:8318;size=5	RH.7CE39E25906745AZ0Z_R	100.000	26	0	2.98e-10	52.0
M03520:605:000000000-LVNKY:1:1102:26400:8318;size=5	RH.7CE39E25906745AZ0Z_F	100.000	25	0	1.18e-09	50.1
M03520:605:000000000-LVNKY:1:1102:27356:18359;size=5	RH.0BD19D1A26A74EBZ0Z_F	100.000	25	0	1.18e-09	50.1
M03520:605:000000000-LVNKY:1:1102:27356:18359;size=5	RH.0BD19D1A26A74EBZ0Z_R	95.833	24	1	1.13e-06	40.1
M03520:605:000000000-LVNKY:1:1102:28329:19166;size=5	RH.85A5303CAAF54ADZ0Z_R	100.000	22	0	7.27e-08	44.1
M03520:605:000000000-LVNKY:1:1102:28329:19166;size=5	RH.85A5303CAAF54ADZ0Z_F	100.000	21	0	2.87e-07	42.1
M03520:605:000000000-LVNKY:1:1102:28335:14054;size=5	RH.2A8AD21024974C0Z0Z_F	100.000	26	0	2.98e-10	52.0
M03520:605:000000000-LVNKY:1:1102:28956:17017;size=5	RH.85A5303CAAF54ADZ0Z_F	100.000	21	0	2.87e-07	42.1
M03520:605:000000000-LVNKY:1:1102:29014:18757;size=5	RH.DDB83AFF97C94C6Z0Z_R	100.000	25	0	1.18e-09	50.1
M03520:605:000000000-LVNKY:1:1102:29014:18757;size=5	RH.DDB83AFF97C94C6Z0Z_F	100.000	24	0	4.65e-09	48.1
M03520:605:000000000-LVNKY:1:1102:3018:20334;size=5	RH.1CC74B91718A42FZ0Z_R	100.000	25	0	1.18e-09	50.1
M03520:605:000000000-LVNKY:1:1102:3018:20334;size=5	RH.1CC74B91718A42FZ0Z_F	100.000	24	0	4.65e-09	48.1
M03520:605:000000000-LVNKY:1:1102:3350:12595;size=5	RH.E04EE94198274F7Z0Z_F	100.000	23	0	1.84e-08	46.1
M03520:605:000000000-LVNKY:1:1102:3350:12595;size=5	RH.E04EE94198274F7Z0Z_R	95.833	24	1	1.13e-06	40.1
M03520:605:000000000-LVNKY:1:1102:3433:11870;size=5	RH.B9EF730EBE6C436Z0Z_R	100.000	25	0	1.18e-09	50.1
M03520:605:000000000-LVNKY:1:1102:3433:11870;size=5	RH.B9EF730EBE6C436Z0Z_F	100.000	25	0	1.18e-09	50.1
M03520:605:000000000-LVNKY:1:1102:5068:17488;size=5	RH.2A8AD21024974C0Z0Z_R	100.000	25	0	1.18e-09	50.1
M03520:605:000000000-LVNKY:1:1102:5068:17488;size=5	RH.2A8AD21024974C0Z0Z_F	96.154	26	1	7.27e-08	44.1
M03520:605:000000000-LVNKY:1:1102:5524:17335;size=5	RH.DDB83AFF97C94C6Z0Z_R	100.000	25	0	1.18e-09	50.1
M03520:605:000000000-LVNKY:1:1102:5524:17335;size=5	RH.8B25A056ABC1444Z0Z_F	100.000	22	0	7.27e-08	44.1
M03520:605:000000000-LVNKY:1:1102:5896:22051;size=5	RH.6572108A164E48EZ0Z_R	100.000	25	0	1.18e-09	50.1
M03520:605:000000000-LVNKY:1:1102:5896:22051;size=5	RH.6572108A164E48EZ0Z_F	100.000	24	0	4.65e-09	48.1
M03520:605:000000000-LVNKY:1:1102:6130:22843;size=5	RH.7CE39E25906745AZ0Z_R	100.000	26	0	2.98e-10	52.0
M03520:605:000000000-LVNKY:1:1102:6130:22843;size=5	RH.7CE39E25906745AZ0Z_F	100.000	25	0	1.18e-09	50.1
M03520:605:000000000-LVNKY:1:1102:6995:20173;size=5	RH.27578A9A85FA4A3Z0Z_F	100.000	24	0	4.65e-09	48.1
M03520:605:000000000-LVNKY:1:1102:6995:20173;size=5	RH.27578A9A85FA4A3Z0Z_R	100.000	22	0	7.27e-08	44.1
M03520:605:000000000-LVNKY:1:1102:7764:24449;size=5	RH.7CE39E25906745AZ0Z_R	100.000	26	0	2.98e-10	52.0
M03520:605:000000000-LVNKY:1:1102:7764:24449;size=5	RH.7CE39E25906745AZ0Z_F	100.000	25	0	1.18e-09	50.1
M03520:605:000000000-LVNKY:1:1102:8562:6497;size=5	RH.8B25A056ABC1444Z0Z_R	100.000	24	0	4.65e-09	48.1
M03520:605:000000000-LVNKY:1:1102:8562:6497;size=5	RH.8B25A056ABC1444Z0Z_F	100.000	22	0	7.27e-08	44.1
M03520:605:000000000-LVNKY:1:1102:9363:7951;size=5	RH.1CC74B91718A42FZ0Z_R	100.000	25	0	1.18e-09	50.1
M03520:605:000000000-LVNKY:1:1102:9363:7951;size=5	RH.1CC74B91718A42FZ0Z_F	100.000	24	0	4.65e-09	48.1
M03520:605:000000000-LVNKY:1:1102:9517:8009;size=5	RH.2AFFFBA0E81C482Z0Z_R	100.000	23	0	1.84e-08	46.1
M03520:605:000000000-LVNKY:1:1102:9517:8009;size=5	RH.2AFFFBA0E81C482Z0Z_F	100.000	23	0	1.84e-08	46.1
M03520:605:000000000-LVNKY:1:1102:9825:18881;size=5	RH.69CEA0AC39F4445Z0Z_R	100.000	23	0	1.84e-08	46.1
M03520:605:000000000-LVNKY:1:1102:9825:18881;size=5	RH.69CEA0AC39F4445Z0Z_F	95.833	24	1	1.13e-06	40.1
M03520:605:000000000-LVNKY:1:1102:9997:10894;size=5	RH.B9EF730EBE6C436Z0Z_R	100.000	25	0	1.18e-09	50.1
M03520:605:000000000-LVNKY:1:1102:9997:10894;size=5	RH.B9EF730EBE6C436Z0Z_F	100.000	25	0	1.18e-09	50.1
M03520:605:000000000-LVNKY:1:1103:10149:4608;size=5	RH.7CE39E25906745AZ0Z_R	100.000	26	0	2.98e-10	52.0
M03520:605:000000000-LVNKY:1:1103:10149:4608;size=5	RH.7CE39E25906745AZ0Z_F	100.000	25	0	1.18e-09	50.1
M03520:605:000000000-LVNKY:1:1103:10305:11684;size=5	RH.2A8AD21024974C0Z0Z_F	100.000	26	0	2.98e-10	52.0
M03520:605:000000000-LVNKY:1:1103:10305:11684;size=5	RH.2A8AD21024974C0Z0Z_R	100.000	25	0	1.18e-09	50.1
M03520:605:000000000-LVNKY:1:1103:10315:10526;size=5	RH.E04EE94198274F7Z0Z_F	100.000	25	0	1.18e-09	50.1
M03520:605:000000000-LVNKY:1:1103:10770:16307;size=5	RH.2A8AD21024974C0Z0Z_F	100.000	26	0	2.98e-10	52.0
M03520:605:000000000-LVNKY:1:1103:10770:16307;size=5	RH.2A8AD21024974C0Z0Z_R	100.000	25	0	1.18e-09	50.1
M03520:605:000000000-LVNKY:1:1103:10897:22233;size=5	RH.0BD19D1A26A74EBZ0Z_F	100.000	25	0	1.18e-09	50.1
M03520:605:000000000-LVNKY:1:1103:10897:22233;size=5	RH.0BD19D1A26A74EBZ0Z_R	95.833	24	1	1.13e-06	40.1
M03520:605:000000000-LVNKY:1:1103:11086:2364;size=5	RH.0BD19D1A26A74EBZ0Z_F	100.000	25	0	1.18e-09	50.1
M03520:605:000000000-LVNKY:1:1103:11086:2364;size=5	RH.0BD19D1A26A74EBZ0Z_R	100.000	24	0	4.65e-09	48.1
M03520:605:000000000-LVNKY:1:1103:11819:3897;size=5	RH.B9EF730EBE6C436Z0Z_R	100.000	25	0	1.18e-09	50.1
M03520:605:000000000-LVNKY:1:1103:11819:3897;size=5	RH.B9EF730EBE6C436Z0Z_F	100.000	25	0	1.18e-09	50.1
M03520:605:000000000-LVNKY:1:1103:11951:17836;size=5	RH.0BD19D1A26A74EBZ0Z_F	100.000	25	0	1.18e-09	50.1
M03520:605:000000000-LVNKY:1:1103:11951:17836;size=5	RH.0BD19D1A26A74EBZ0Z_R	100.000	24	0	4.65e-09	48.1
M03520:605:000000000-LVNKY:1:1103:12611:22712;size=5	RH.27578A9A85FA4A3Z0Z_F	100.000	24	0	4.65e-09	48.1
M03520:605:000000000-LVNKY:1:1103:12611:22712;size=5	RH.27578A9A85FA4A3Z0Z_R	100.000	22	0	7.27e-08	44.1
M03520:605:000000000-LVNKY:1:1103:13793:2476;size=5	RH.DDB83AFF97C94C6Z0Z_F	100.000	24	0	4.65e-09	48.1
M03520:605:000000000-LVNKY:1:1103:13793:2476;size=5	RH.DDB83AFF97C94C6Z0Z_R	96.000	25	1	2.87e-07	42.1
M03520:605:000000000-LVNKY:1:1103:14282:18149;size=5	RH.51338FA06EDB4F0Z0Z_R	100.000	25	0	1.18e-09	50.1
M03520:605:000000000-LVNKY:1:1103:14282:18149;size=5	RH.51338FA06EDB4F0Z0Z_F	100.000	25	0	1.18e-09	50.1
M03520:605:000000000-LVNKY:1:1103:14509:7949;size=5	RH.0BD19D1A26A74EBZ0Z_F	100.000	25	0	1.18e-09	50.1
M03520:605:000000000-LVNKY:1:1103:14509:7949;size=5	RH.0BD19D1A26A74EBZ0Z_R	100.000	22	0	7.27e-08	44.1
M03520:605:000000000-LVNKY:1:1103:14863:20838;size=5	RH.1CC74B91718A42FZ0Z_R	100.000	25	0	1.18e-09	50.1
M03520:605:000000000-LVNKY:1:1103:14863:20838;size=5	RH.1CC74B91718A42FZ0Z_F	95.833	24	1	1.13e-06	40.1
M03520:605:000000000-LVNKY:1:1103:15518:14980;size=5	RH.51338FA06EDB4F0Z0Z_R	95.652	23	1	4.48e-06	38.2
M03520:605:000000000-LVNKY:1:1103:15581:5558;size=5	RH.2A8AD21024974C0Z0Z_F	100.000	26	0	2.98e-10	52.0
M03520:605:000000000-LVNKY:1:1103:15581:5558;size=5	RH.2A8AD21024974C0Z0Z_R	96.000	25	1	2.87e-07	42.1
M03520:605:000000000-LVNKY:1:1103:15865:22793;size=5	RH.27578A9A85FA4A3Z0Z_F	100.000	24	0	4.65e-09	48.1
M03520:605:000000000-LVNKY:1:1103:15865:22793;size=5	RH.27578A9A85FA4A3Z0Z_R	100.000	21	0	2.87e-07	42.1
M03520:605:000000000-LVNKY:1:1103:16050:2068;size=5	RH.0550AF0F57084ADZ0Z_F	100.000	24	0	4.65e-09	48.1
M03520:605:000000000-LVNKY:1:1103:16050:2068;size=5	RH.0550AF0F57084ADZ0Z_R	100.000	22	0	7.27e-08	44.1
M03520:605:000000000-LVNKY:1:1103:16101:12479;size=5	RH.7CE39E25906745AZ0Z_R	100.000	26	0	2.98e-10	52.0
M03520:605:000000000-LVNKY:1:1103:16130:17429;size=5	RH.B9EF730EBE6C436Z0Z_R	100.000	25	0	1.18e-09	50.1
M03520:605:000000000-LVNKY:1:1103:16130:17429;size=5	RH.B9EF730EBE6C436Z0Z_F	100.000	25	0	1.18e-09	50.1
M03520:605:000000000-LVNKY:1:1103:17295:5892;size=5	RH.CA1E204B0C0842DZ0Z_F	100.000	26	0	2.98e-10	52.0
M03520:605:000000000-LVNKY:1:1103:17295:5892;size=5	RH.CA1E204B0C0842DZ0Z_R	100.000	24	0	4.65e-09	48.1
M03520:605:000000000-LVNKY:1:1103:17455:19797;size=5	RH.1CC74B91718A42FZ0Z_R	100.000	25	0	1.18e-09	50.1
M03520:605:000000000-LVNKY:1:1103:17455:19797;size=5	RH.1CC74B91718A42FZ0Z_F	100.000	24	0	4.65e-09	48.1
M03520:605:000000000-LVNKY:1:1103:17885:7867;size=5	RH.0096A141894D447Z0Z_F	100.000	22	0	7.27e-08	44.1
M03520:605:000000000-LVNKY:1:1103:17885:7867;size=5	RH.0096A141894D447Z0Z_R	100.000	21	0	2.87e-07	42.1
M03520:605:000000000-LVNKY:1:1103:18227:5431;size=5	RH.7CE39E25906745AZ0Z_R	100.000	26	0	2.98e-10	52.0
M03520:605:000000000-LVNKY:1:1103:18227:5431;size=5	RH.7CE39E25906745AZ0Z_F	100.000	25	0	1.18e-09	50.1
M03520:605:000000000-LVNKY:1:1103:18865:8554;size=5	RH.E04EE94198274F7Z0Z_F	100.000	25	0	1.18e-09	50.1
M03520:605:000000000-LVNKY:1:1103:18865:8554;size=5	RH.E04EE94198274F7Z0Z_R	95.833	24	1	1.13e-06	40.1
M03520:605:000000000-LVNKY:1:1103:18936:7792;size=5	RH.7CE39E25906745AZ0Z_R	100.000	26	0	2.98e-10	52.0
M03520:605:000000000-LVNKY:1:1103:18936:7792;size=5	RH.7CE39E25906745AZ0Z_F	100.000	25	0	1.18e-09	50.1
M03520:605:000000000-LVNKY:1:1103:19200:17555;size=5	RH.51338FA06EDB4F0Z0Z_R	100.000	25	0	1.18e-09	50.1
M03520:605:000000000-LVNKY:1:1103:19200:17555;size=5	RH.51338FA06EDB4F0Z0Z_F	100.000	25	0	1.18e-09	50.1
M03520:605:000000000-LVNKY:1:1103:19209:27900;size=5	RH.0096A141894D447Z0Z_F	100.000	24	0	4.65e-09	48.1
M03520:605:000000000-LVNKY:1:1103:20201:3143;size=5	RH.0096A141894D447Z0Z_F	100.000	24	0	4.65e-09	48.1
M03520:605:000000000-LVNKY:1:1103:20201:3143;size=5	RH.0096A141894D447Z0Z_R	100.000	19	0	4.48e-06	38.2
M03520:605:000000000-LVNKY:1:1103:20664:3689;size=5	RH.0550AF0F57084ADZ0Z_F	100.000	24	0	4.65e-09	48.1
M03520:605:000000000-LVNKY:1:1103:20664:3689;size=5	RH.0550AF0F57084ADZ0Z_R	100.000	22	0	7.27e-08	44.1
M03520:605:000000000-LVNKY:1:1103:20757:27645;size=5	RH.DDB83AFF97C94C6Z0Z_R	100.000	25	0	1.18e-09	50.1
M03520:605:000000000-LVNKY:1:1103:20757:27645;size=5	RH.DDB83AFF97C94C6Z0Z_F	100.000	24	0	4.65e-09	48.1
M03520:605:000000000-LVNKY:1:1103:20846:9229;size=5	RH.B9EF730EBE6C436Z0Z_R	100.000	25	0	1.18e-09	50.1
M03520:605:000000000-LVNKY:1:1103:20846:9229;size=5	RH.B9EF730EBE6C436Z0Z_F	100.000	25	0	1.18e-09	50.1
M03520:605:000000000-LVNKY:1:1103:21110:6257;size=5	RH.51338FA06EDB4F0Z0Z_F	100.000	25	0	1.18e-09	50.1
M03520:605:000000000-LVNKY:1:1103:21110:6257;size=5	RH.51338FA06EDB4F0Z0Z_R	100.000	25	0	1.18e-09	50.1
M03520:605:000000000-LVNKY:1:1103:21168:18040;size=5	RH.7CE39E25906745AZ0Z_R	100.000	26	0	2.98e-10	52.0
M03520:605:000000000-LVNKY:1:1103:21168:18040;size=5	RH.7CE39E25906745AZ0Z_F	100.000	25	0	1.18e-09	50.1
M03520:605:000000000-LVNKY:1:1103:21359:25327;size=5	RH.51338FA06EDB4F0Z0Z_F	100.000	25	0	1.18e-09	50.1
M03520:605:000000000-LVNKY:1:1103:21391:9186;size=5	RH.CBC073037557482Z0Z_F	100.000	23	0	1.84e-08	46.1
M03520:605:000000000-LVNKY:1:1103:21391:9186;size=5	RH.CBC073037557482Z0Z_R	100.000	22	0	7.27e-08	44.1
M03520:605:000000000-LVNKY:1:1103:2140:12705;size=5	RH.0BD19D1A26A74EBZ0Z_F	100.000	25	0	1.18e-09	50.1
M03520:605:000000000-LVNKY:1:1103:2140:12705;size=5	RH.0BD19D1A26A74EBZ0Z_R	100.000	24	0	4.65e-09	48.1
M03520:605:000000000-LVNKY:1:1103:21905:20559;size=5	RH.8B25A056ABC1444Z0Z_R	100.000	24	0	4.65e-09	48.1
M03520:605:000000000-LVNKY:1:1103:21905:20559;size=5	RH.8B25A056ABC1444Z0Z_F	100.000	22	0	7.27e-08	44.1
M03520:605:000000000-LVNKY:1:1103:22243:8832;size=5	RH.8B25A056ABC1444Z0Z_R	100.000	24	0	4.65e-09	48.1
M03520:605:000000000-LVNKY:1:1103:22243:8832;size=5	RH.8B25A056ABC1444Z0Z_F	100.000	22	0	7.27e-08	44.1
M03520:605:000000000-LVNKY:1:1103:23238:17023;size=5	RH.1CC74B91718A42FZ0Z_F	100.000	24	0	4.65e-09	48.1
M03520:605:000000000-LVNKY:1:1103:23238:17023;size=5	RH.1CC74B91718A42FZ0Z_R	96.000	25	1	2.87e-07	42.1
M03520:605:000000000-LVNKY:1:1103:23605:23567;size=5	RH.27578A9A85FA4A3Z0Z_F	100.000	24	0	4.65e-09	48.1
M03520:605:000000000-LVNKY:1:1103:23605:23567;size=5	RH.27578A9A85FA4A3Z0Z_R	100.000	22	0	7.27e-08	44.1
M03520:605:000000000-LVNKY:1:1103:23635:15041;size=5	RH.185D4E36BBF74FEZ0Z_F	100.000	27	0	7.54e-11	54.0
M03520:605:000000000-LVNKY:1:1103:23869:6816;size=5	RH.0096A141894D447Z0Z_F	100.000	24	0	4.65e-09	48.1
M03520:605:000000000-LVNKY:1:1103:23869:6816;size=5	RH.0096A141894D447Z0Z_R	100.000	21	0	2.87e-07	42.1
M03520:605:000000000-LVNKY:1:1103:23943:5567;size=5	RH.0BD19D1A26A74EBZ0Z_F	100.000	25	0	1.18e-09	50.1
M03520:605:000000000-LVNKY:1:1103:23943:5567;size=5	RH.0BD19D1A26A74EBZ0Z_R	100.000	24	0	4.65e-09	48.1
M03520:605:000000000-LVNKY:1:1103:24587:24774;size=5	RH.7CE39E25906745AZ0Z_R	100.000	26	0	2.98e-10	52.0
M03520:605:000000000-LVNKY:1:1103:24587:24774;size=5	RH.7CE39E25906745AZ0Z_F	100.000	25	0	1.18e-09	50.1
M03520:605:000000000-LVNKY:1:1103:24670:17489;size=5	RH.2A8AD21024974C0Z0Z_R	100.000	25	0	1.18e-09	50.1
M03520:605:000000000-LVNKY:1:1103:24670:17489;size=5	RH.2A8AD21024974C0Z0Z_F	100.000	21	0	2.87e-07	42.1
M03520:605:000000000-LVNKY:1:1103:24740:23174;size=5	RH.DDB83AFF97C94C6Z0Z_F	100.000	24	0	4.65e-09	48.1
M03520:605:000000000-LVNKY:1:1103:24740:23174;size=5	RH.DDB83AFF97C94C6Z0Z_R	96.000	25	1	2.87e-07	42.1
M03520:605:000000000-LVNKY:1:1103:24874:12149;size=5	RH.7CE39E25906745AZ0Z_F	100.000	25	0	1.18e-09	50.1
M03520:605:000000000-LVNKY:1:1103:24874:12149;size=5	RH.7CE39E25906745AZ0Z_R	96.154	26	1	7.27e-08	44.1
M03520:605:000000000-LVNKY:1:1103:25970:15561;size=5	RH.E04EE94198274F7Z0Z_F	100.000	25	0	1.18e-09	50.1
M03520:605:000000000-LVNKY:1:1103:25970:15561;size=5	RH.E04EE94198274F7Z0Z_R	95.833	24	1	1.13e-06	40.1
M03520:605:000000000-LVNKY:1:1103:26113:18791;size=5	RH.E04EE94198274F7Z0Z_R	95.833	24	1	1.13e-06	40.1
M03520:605:000000000-LVNKY:1:1103:26390:21346;size=5	RH.85A5303CAAF54ADZ0Z_R	100.000	22	0	7.27e-08	44.1
M03520:605:000000000-LVNKY:1:1103:26390:21346;size=5	RH.85A5303CAAF54ADZ0Z_F	100.000	21	0	2.87e-07	42.1
M03520:605:000000000-LVNKY:1:1103:26659:22165;size=5	RH.B9EF730EBE6C436Z0Z_R	100.000	25	0	1.18e-09	50.1
M03520:605:000000000-LVNKY:1:1103:26659:22165;size=5	RH.B9EF730EBE6C436Z0Z_F	100.000	25	0	1.18e-09	50.1
M03520:605:000000000-LVNKY:1:1103:27167:18193;size=5	RH.51338FA06EDB4F0Z0Z_F	100.000	23	0	1.84e-08	46.1
M03520:605:000000000-LVNKY:1:1103:27167:18193;size=5	RH.51338FA06EDB4F0Z0Z_R	96.000	25	1	2.87e-07	42.1
M03520:605:000000000-LVNKY:1:1103:27255:14305;size=5	RH.DDB83AFF97C94C6Z0Z_R	100.000	25	0	1.18e-09	50.1
M03520:605:000000000-LVNKY:1:1103:27255:14305;size=5	RH.DDB83AFF97C94C6Z0Z_F	100.000	24	0	4.65e-09	48.1
M03520:605:000000000-LVNKY:1:1103:27490:13225;size=5	RH.7CE39E25906745AZ0Z_R	100.000	26	0	2.98e-10	52.0
M03520:605:000000000-LVNKY:1:1103:27490:13225;size=5	RH.7CE39E25906745AZ0Z_F	100.000	25	0	1.18e-09	50.1
M03520:605:000000000-LVNKY:1:1103:27839:15795;size=5	RH.2A8AD21024974C0Z0Z_F	100.000	26	0	2.98e-10	52.0
M03520:605:000000000-LVNKY:1:1103:27839:15795;size=5	RH.2A8AD21024974C0Z0Z_R	100.000	25	0	1.18e-09	50.1
M03520:605:000000000-LVNKY:1:1103:27921:9454;size=5	RH.0096A141894D447Z0Z_F	100.000	24	0	4.65e-09	48.1
M03520:605:000000000-LVNKY:1:1103:27921:9454;size=5	RH.0096A141894D447Z0Z_R	100.000	21	0	2.87e-07	42.1
M03520:605:000000000-LVNKY:1:1103:28275:17580;size=5	RH.B9EF730EBE6C436Z0Z_R	100.000	25	0	1.18e-09	50.1
M03520:605:000000000-LVNKY:1:1103:28275:17580;size=5	RH.B9EF730EBE6C436Z0Z_F	100.000	25	0	1.18e-09	50.1
M03520:605:000000000-LVNKY:1:1103:28457:19375;size=5	RH.7CE39E25906745AZ0Z_R	100.000	26	0	2.98e-10	52.0
M03520:605:000000000-LVNKY:1:1103:28457:19375;size=5	RH.7CE39E25906745AZ0Z_F	96.000	25	1	2.87e-07	42.1
M03520:605:000000000-LVNKY:1:1103:3650:14769;size=5	RH.DDB83AFF97C94C6Z0Z_R	100.000	25	0	1.18e-09	50.1
M03520:605:000000000-LVNKY:1:1103:3650:14769;size=5	RH.DDB83AFF97C94C6Z0Z_F	100.000	22	0	7.27e-08	44.1
M03520:605:000000000-LVNKY:1:1103:4189:10620;size=5	RH.2A8AD21024974C0Z0Z_F	100.000	26	0	2.98e-10	52.0
M03520:605:000000000-LVNKY:1:1103:4189:10620;size=5	RH.2A8AD21024974C0Z0Z_R	100.000	25	0	1.18e-09	50.1
M03520:605:000000000-LVNKY:1:1103:4313:8047;size=5	RH.DDB83AFF97C94C6Z0Z_F	100.000	24	0	4.65e-09	48.1
M03520:605:000000000-LVNKY:1:1103:4576:17692;size=5	RH.DDB83AFF97C94C6Z0Z_R	100.000	25	0	1.18e-09	50.1
M03520:605:000000000-LVNKY:1:1103:4576:17692;size=5	RH.DDB83AFF97C94C6Z0Z_F	100.000	24	0	4.65e-09	48.1
M03520:605:000000000-LVNKY:1:1103:5285:14331;size=5	RH.CA1E204B0C0842DZ0Z_F	100.000	25	0	1.18e-09	50.1
M03520:605:000000000-LVNKY:1:1103:5285:14331;size=5	RH.CA1E204B0C0842DZ0Z_R	100.000	24	0	4.65e-09	48.1
M03520:605:000000000-LVNKY:1:1103:5553:15125;size=5	RH.27578A9A85FA4A3Z0Z_R	100.000	22	0	7.27e-08	44.1
M03520:605:000000000-LVNKY:1:1103:5553:15125;size=5	RH.27578A9A85FA4A3Z0Z_F	95.833	24	1	1.13e-06	40.1
M03520:605:000000000-LVNKY:1:1103:6504:24759;size=5	RH.7CE39E25906745AZ0Z_R	100.000	26	0	2.98e-10	52.0
M03520:605:000000000-LVNKY:1:1103:6504:24759;size=5	RH.7CE39E25906745AZ0Z_F	100.000	24	0	4.65e-09	48.1
M03520:605:000000000-LVNKY:1:1103:7068:5884;size=5	RH.7CE39E25906745AZ0Z_R	100.000	26	0	2.98e-10	52.0
M03520:605:000000000-LVNKY:1:1103:7068:5884;size=5	RH.7CE39E25906745AZ0Z_F	100.000	20	0	1.13e-06	40.1
M03520:605:000000000-LVNKY:1:1103:7710:17567;size=5	RH.E04EE94198274F7Z0Z_F	96.000	25	1	2.87e-07	42.1
M03520:605:000000000-LVNKY:1:1103:7710:17567;size=5	RH.E04EE94198274F7Z0Z_R	95.833	24	1	1.13e-06	40.1
M03520:605:000000000-LVNKY:1:1103:8099:22781;size=5	RH.DDB83AFF97C94C6Z0Z_R	100.000	25	0	1.18e-09	50.1
M03520:605:000000000-LVNKY:1:1103:8099:22781;size=5	RH.DDB83AFF97C94C6Z0Z_F	100.000	24	0	4.65e-09	48.1
M03520:605:000000000-LVNKY:1:1103:8284:25054;size=5	RH.27578A9A85FA4A3Z0Z_F	100.000	24	0	4.65e-09	48.1
M03520:605:000000000-LVNKY:1:1103:8284:25054;size=5	RH.27578A9A85FA4A3Z0Z_R	100.000	22	0	7.27e-08	44.1
M03520:605:000000000-LVNKY:1:1103:8709:27412;size=5	RH.7CE39E25906745AZ0Z_R	100.000	26	0	2.98e-10	52.0
M03520:605:000000000-LVNKY:1:1103:8709:27412;size=5	RH.7CE39E25906745AZ0Z_F	96.000	25	1	2.87e-07	42.1
M03520:605:000000000-LVNKY:1:1103:8811:25142;size=5	RH.DDB83AFF97C94C6Z0Z_R	100.000	25	0	1.18e-09	50.1
M03520:605:000000000-LVNKY:1:1103:8811:25142;size=5	RH.DDB83AFF97C94C6Z0Z_F	100.000	24	0	4.65e-09	48.1
M03520:605:000000000-LVNKY:1:1103:9361:8958;size=5	RH.DDB83AFF97C94C6Z0Z_R	100.000	25	0	1.18e-09	50.1
M03520:605:000000000-LVNKY:1:1103:9361:8958;size=5	RH.DDB83AFF97C94C6Z0Z_F	95.833	24	1	1.13e-06	40.1
M03520:605:000000000-LVNKY:1:1103:9500:22324;size=5	RH.CA1E204B0C0842DZ0Z_F	100.000	26	0	2.98e-10	52.0
M03520:605:000000000-LVNKY:1:1103:9500:22324;size=5	RH.E04EE94198274F7Z0Z_F	100.000	25	0	1.18e-09	50.1
M03520:605:000000000-LVNKY:1:1103:9500:22324;size=5	RH.CA1E204B0C0842DZ0Z_R	100.000	24	0	4.65e-09	48.1
M03520:605:000000000-LVNKY:1:1103:9594:18428;size=5	RH.CA1E204B0C0842DZ0Z_F	100.000	26	0	2.98e-10	52.0
M03520:605:000000000-LVNKY:1:1103:9594:18428;size=5	RH.CA1E204B0C0842DZ0Z_R	100.000	21	0	2.87e-07	42.1
M03520:605:000000000-LVNKY:1:1103:9594:18428;size=5	RH.E04EE94198274F7Z0Z_F	96.000	25	1	2.87e-07	42.1
M03520:605:000000000-LVNKY:1:1103:9886:18183;size=5	RH.27578A9A85FA4A3Z0Z_F	100.000	24	0	4.65e-09	48.1
M03520:605:000000000-LVNKY:1:1103:9886:18183;size=5	RH.27578A9A85FA4A3Z0Z_R	100.000	22	0	7.27e-08	44.1
M03520:605:000000000-LVNKY:1:1104:10001:4643;size=5	RH.E04EE94198274F7Z0Z_F	100.000	25	0	1.18e-09	50.1
M03520:605:000000000-LVNKY:1:1104:10001:4643;size=5	RH.E04EE94198274F7Z0Z_R	95.833	24	1	1.13e-06	40.1
M03520:605:000000000-LVNKY:1:1104:10016:21501;size=5	RH.CF953F27F5674E1Z0Z_F	100.000	26	0	2.98e-10	52.0
M03520:605:000000000-LVNKY:1:1104:10016:21501;size=5	RH.CF953F27F5674E1Z0Z_R	100.000	25	0	1.18e-09	50.1
M03520:605:000000000-LVNKY:1:1104:10021:7486;size=5	RH.27578A9A85FA4A3Z0Z_R	100.000	22	0	7.27e-08	44.1
M03520:605:000000000-LVNKY:1:1104:10021:7486;size=5	RH.27578A9A85FA4A3Z0Z_F	95.833	24	1	1.13e-06	40.1
M03520:605:000000000-LVNKY:1:1104:11263:8801;size=5	RH.7CE39E25906745AZ0Z_R	100.000	26	0	2.98e-10	52.0
M03520:605:000000000-LVNKY:1:1104:11263:8801;size=5	RH.7CE39E25906745AZ0Z_F	100.000	22	0	7.27e-08	44.1
M03520:605:000000000-LVNKY:1:1104:11547:11324;size=5	RH.27578A9A85FA4A3Z0Z_F	100.000	24	0	4.65e-09	48.1
M03520:605:000000000-LVNKY:1:1104:11547:11324;size=5	RH.27578A9A85FA4A3Z0Z_R	100.000	22	0	7.27e-08	44.1
M03520:605:000000000-LVNKY:1:1104:11631:24717;size=5	RH.0BD19D1A26A74EBZ0Z_F	100.000	25	0	1.18e-09	50.1
M03520:605:000000000-LVNKY:1:1104:11631:24717;size=5	RH.0BD19D1A26A74EBZ0Z_R	100.000	23	0	1.84e-08	46.1
M03520:605:000000000-LVNKY:1:1104:12037:22615;size=5	RH.DDB83AFF97C94C6Z0Z_R	100.000	25	0	1.18e-09	50.1
M03520:605:000000000-LVNKY:1:1104:12037:22615;size=5	RH.DDB83AFF97C94C6Z0Z_F	100.000	24	0	4.65e-09	48.1
M03520:605:000000000-LVNKY:1:1104:12702:26030;size=5	RH.B9EF730EBE6C436Z0Z_F	100.000	25	0	1.18e-09	50.1
M03520:605:000000000-LVNKY:1:1104:12702:26030;size=5	RH.B9EF730EBE6C436Z0Z_R	96.000	25	1	2.87e-07	42.1
M03520:605:000000000-LVNKY:1:1104:12733:5184;size=5	RH.DE543226C201437Z0Z_R	100.000	20	0	1.13e-06	40.1
M03520:605:000000000-LVNKY:1:1104:12733:5184;size=5	RH.51338FA06EDB4F0Z0Z_R	95.652	23	1	4.48e-06	38.2
M03520:605:000000000-LVNKY:1:1104:12804:16638;size=5	RH.B9EF730EBE6C436Z0Z_R	100.000	25	0	1.18e-09	50.1
M03520:605:000000000-LVNKY:1:1104:12804:16638;size=5	RH.3B2B2BB86AB94D3Z0Z_F	100.000	21	0	2.87e-07	42.1
M03520:605:000000000-LVNKY:1:1104:12804:16638;size=5	RH.64613722763148BZ0Z_R	100.000	19	0	4.48e-06	38.2
M03520:605:000000000-LVNKY:1:1104:12921:23603;size=5	RH.185D4E36BBF74FEZ0Z_F	100.000	27	0	7.54e-11	54.0
M03520:605:000000000-LVNKY:1:1104:12921:23603;size=5	RH.185D4E36BBF74FEZ0Z_R	100.000	22	0	7.27e-08	44.1
M03520:605:000000000-LVNKY:1:1104:13030:23029;size=5	RH.CA1E204B0C0842DZ0Z_F	100.000	26	0	2.98e-10	52.0
M03520:605:000000000-LVNKY:1:1104:13030:23029;size=5	RH.CA1E204B0C0842DZ0Z_R	100.000	24	0	4.65e-09	48.1
M03520:605:000000000-LVNKY:1:1104:14728:19775;size=5	RH.E04EE94198274F7Z0Z_F	100.000	25	0	1.18e-09	50.1
M03520:605:000000000-LVNKY:1:1104:14728:19775;size=5	RH.E04EE94198274F7Z0Z_R	95.833	24	1	1.13e-06	40.1
M03520:605:000000000-LVNKY:1:1104:14818:7265;size=5	RH.27578A9A85FA4A3Z0Z_F	100.000	24	0	4.65e-09	48.1
M03520:605:000000000-LVNKY:1:1104:15729:4256;size=5	RH.2AFFFBA0E81C482Z0Z_R	100.000	23	0	1.84e-08	46.1
M03520:605:000000000-LVNKY:1:1104:15729:4256;size=5	RH.2AFFFBA0E81C482Z0Z_F	100.000	23	0	1.84e-08	46.1
M03520:605:000000000-LVNKY:1:1104:15787:13918;size=5	RH.0550AF0F57084ADZ0Z_F	100.000	24	0	4.65e-09	48.1
M03520:605:000000000-LVNKY:1:1104:15787:13918;size=5	RH.0550AF0F57084ADZ0Z_R	100.000	22	0	7.27e-08	44.1
M03520:605:000000000-LVNKY:1:1104:15819:11684;size=5	RH.CA1E204B0C0842DZ0Z_R	100.000	24	0	4.65e-09	48.1
M03520:605:000000000-LVNKY:1:1104:15819:11684;size=5	RH.CA1E204B0C0842DZ0Z_F	96.154	26	1	7.27e-08	44.1
M03520:605:000000000-LVNKY:1:1104:15824:27842;size=5	RH.7CE39E25906745AZ0Z_R	100.000	26	0	2.98e-10	52.0
M03520:605:000000000-LVNKY:1:1104:15824:27842;size=5	RH.7CE39E25906745AZ0Z_F	100.000	25	0	1.18e-09	50.1
M03520:605:000000000-LVNKY:1:1104:16062:23297;size=5	RH.1CC74B91718A42FZ0Z_R	100.000	25	0	1.18e-09	50.1
M03520:605:000000000-LVNKY:1:1104:16062:23297;size=5	RH.1CC74B91718A42FZ0Z_F	100.000	22	0	7.27e-08	44.1
M03520:605:000000000-LVNKY:1:1104:16197:10809;size=5	RH.DDB83AFF97C94C6Z0Z_F	100.000	24	0	4.65e-09	48.1
M03520:605:000000000-LVNKY:1:1104:16197:10809;size=5	RH.DDB83AFF97C94C6Z0Z_R	96.000	25	1	2.87e-07	42.1
M03520:605:000000000-LVNKY:1:1104:16515:27808;size=5	RH.7CE39E25906745AZ0Z_R	100.000	26	0	2.98e-10	52.0
M03520:605:000000000-LVNKY:1:1104:16515:27808;size=5	RH.7CE39E25906745AZ0Z_F	100.000	25	0	1.18e-09	50.1
M03520:605:000000000-LVNKY:1:1104:16841:25543;size=5	RH.0550AF0F57084ADZ0Z_F	100.000	24	0	4.65e-09	48.1
M03520:605:000000000-LVNKY:1:1104:16841:25543;size=5	RH.0550AF0F57084ADZ0Z_R	100.000	22	0	7.27e-08	44.1
M03520:605:000000000-LVNKY:1:1104:16932:15153;size=5	RH.2A8AD21024974C0Z0Z_R	100.000	25	0	1.18e-09	50.1
M03520:605:000000000-LVNKY:1:1104:16932:15153;size=5	RH.2A8AD21024974C0Z0Z_F	96.154	26	1	7.27e-08	44.1
M03520:605:000000000-LVNKY:1:1104:18383:10218;size=5	RH.2A8AD21024974C0Z0Z_R	100.000	25	0	1.18e-09	50.1
M03520:605:000000000-LVNKY:1:1104:18630:20106;size=5	RH.2A8AD21024974C0Z0Z_F	100.000	26	0	2.98e-10	52.0
M03520:605:000000000-LVNKY:1:1104:18630:20106;size=5	RH.2A8AD21024974C0Z0Z_R	100.000	25	0	1.18e-09	50.1
M03520:605:000000000-LVNKY:1:1104:18956:13185;size=5	RH.7CE39E25906745AZ0Z_R	100.000	26	0	2.98e-10	52.0
M03520:605:000000000-LVNKY:1:1104:18956:13185;size=5	RH.7CE39E25906745AZ0Z_F	96.000	25	1	2.87e-07	42.1
M03520:605:000000000-LVNKY:1:1104:19168:28260;size=5	RH.B9EF730EBE6C436Z0Z_R	100.000	25	0	1.18e-09	50.1
M03520:605:000000000-LVNKY:1:1104:19168:28260;size=5	RH.B9EF730EBE6C436Z0Z_F	100.000	25	0	1.18e-09	50.1
M03520:605:000000000-LVNKY:1:1104:19340:8253;size=5	RH.0096A141894D447Z0Z_F	100.000	24	0	4.65e-09	48.1
M03520:605:000000000-LVNKY:1:1104:20257:22605;size=5	RH.B9EF730EBE6C436Z0Z_R	100.000	25	0	1.18e-09	50.1
M03520:605:000000000-LVNKY:1:1104:20257:22605;size=5	RH.B9EF730EBE6C436Z0Z_F	100.000	25	0	1.18e-09	50.1
M03520:605:000000000-LVNKY:1:1104:20507:22508;size=5	RH.85A5303CAAF54ADZ0Z_R	100.000	22	0	7.27e-08	44.1
M03520:605:000000000-LVNKY:1:1104:20507:22508;size=5	RH.85A5303CAAF54ADZ0Z_F	100.000	21	0	2.87e-07	42.1
M03520:605:000000000-LVNKY:1:1104:20570:10615;size=5	RH.B9EF730EBE6C436Z0Z_F	100.000	25	0	1.18e-09	50.1
M03520:605:000000000-LVNKY:1:1104:20570:10615;size=5	RH.B9EF730EBE6C436Z0Z_R	100.000	25	0	1.18e-09	50.1
M03520:605:000000000-LVNKY:1:1104:20759:14624;size=5	RH.CA1E204B0C0842DZ0Z_F	100.000	26	0	2.98e-10	52.0
M03520:605:000000000-LVNKY:1:1104:20759:14624;size=5	RH.CA1E204B0C0842DZ0Z_R	100.000	24	0	4.65e-09	48.1
M03520:605:000000000-LVNKY:1:1104:21259:18802;size=5	RH.DDB83AFF97C94C6Z0Z_R	100.000	25	0	1.18e-09	50.1
M03520:605:000000000-LVNKY:1:1104:21259:18802;size=5	RH.DDB83AFF97C94C6Z0Z_F	100.000	24	0	4.65e-09	48.1
M03520:605:000000000-LVNKY:1:1104:21515:9731;size=5	RH.69CEA0AC39F4445Z0Z_F	100.000	24	0	4.65e-09	48.1
M03520:605:000000000-LVNKY:1:1104:21515:9731;size=5	RH.69CEA0AC39F4445Z0Z_R	95.652	23	1	4.48e-06	38.2
M03520:605:000000000-LVNKY:1:1104:23803:8774;size=5	RH.8B25A056ABC1444Z0Z_R	100.000	24	0	4.65e-09	48.1
M03520:605:000000000-LVNKY:1:1104:23803:8774;size=5	RH.8B25A056ABC1444Z0Z_F	100.000	22	0	7.27e-08	44.1
M03520:605:000000000-LVNKY:1:1104:23868:12090;size=5	RH.0BD19D1A26A74EBZ0Z_F	100.000	25	0	1.18e-09	50.1
M03520:605:000000000-LVNKY:1:1104:23868:12090;size=5	RH.0BD19D1A26A74EBZ0Z_R	100.000	24	0	4.65e-09	48.1
M03520:605:000000000-LVNKY:1:1104:24146:11695;size=5	RH.69CEA0AC39F4445Z0Z_R	100.000	23	0	1.84e-08	46.1
M03520:605:000000000-LVNKY:1:1104:24146:11695;size=5	RH.69CEA0AC39F4445Z0Z_F	95.833	24	1	1.13e-06	40.1
M03520:605:000000000-LVNKY:1:1104:2438:14107;size=5	RH.1CC74B91718A42FZ0Z_R	100.000	25	0	1.18e-09	50.1
M03520:605:000000000-LVNKY:1:1104:2438:14107;size=5	RH.1CC74B91718A42FZ0Z_F	100.000	24	0	4.65e-09	48.1
M03520:605:000000000-LVNKY:1:1104:24458:22820;size=5	RH.B9EF730EBE6C436Z0Z_R	100.000	25	0	1.18e-09	50.1
M03520:605:000000000-LVNKY:1:1104:24458:22820;size=5	RH.B9EF730EBE6C436Z0Z_F	100.000	25	0	1.18e-09	50.1
M03520:605:000000000-LVNKY:1:1104:26873:23159;size=5	RH.0096A141894D447Z0Z_F	100.000	24	0	4.65e-09	48.1
M03520:605:000000000-LVNKY:1:1104:27322:10988;size=5	RH.7CE39E25906745AZ0Z_R	100.000	26	0	2.98e-10	52.0
M03520:605:000000000-LVNKY:1:1104:27322:10988;size=5	RH.7CE39E25906745AZ0Z_F	100.000	20	0	1.13e-06	40.1
M03520:605:000000000-LVNKY:1:1104:27379:9242;size=5	RH.69CEA0AC39F4445Z0Z_F	100.000	24	0	4.65e-09	48.1
M03520:605:000000000-LVNKY:1:1104:27379:9242;size=5	RH.69CEA0AC39F4445Z0Z_R	100.000	23	0	1.84e-08	46.1
M03520:605:000000000-LVNKY:1:1104:6307:12562;size=5	RH.1CC74B91718A42FZ0Z_R	100.000	25	0	1.18e-09	50.1
M03520:605:000000000-LVNKY:1:1104:6307:12562;size=5	RH.1CC74B91718A42FZ0Z_F	100.000	24	0	4.65e-09	48.1
M03520:605:000000000-LVNKY:1:1104:6667:22804;size=5	RH.CA1E204B0C0842DZ0Z_R	100.000	24	0	4.65e-09	48.1
M03520:605:000000000-LVNKY:1:1104:6667:22804;size=5	RH.CA1E204B0C0842DZ0Z_F	96.154	26	1	7.27e-08	44.1
M03520:605:000000000-LVNKY:1:1104:6837:22867;size=5	RH.85A5303CAAF54ADZ0Z_R	100.000	22	0	7.27e-08	44.1
M03520:605:000000000-LVNKY:1:1104:6837:22867;size=5	RH.85A5303CAAF54ADZ0Z_F	100.000	21	0	2.87e-07	42.1
M03520:605:000000000-LVNKY:1:1104:7752:6487;size=5	RH.63B83F05CDE5404Z0Z_R	100.000	22	0	7.27e-08	44.1
M03520:605:000000000-LVNKY:1:1104:8069:6842;size=5	RH.8B25A056ABC1444Z0Z_F	100.000	25	0	1.18e-09	50.1
M03520:605:000000000-LVNKY:1:1104:8069:6842;size=5	RH.8B25A056ABC1444Z0Z_R	100.000	24	0	4.65e-09	48.1
M03520:605:000000000-LVNKY:1:1104:8480:18938;size=5	RH.CA1E204B0C0842DZ0Z_F	100.000	26	0	2.98e-10	52.0
M03520:605:000000000-LVNKY:1:1104:8480:18938;size=5	RH.CA1E204B0C0842DZ0Z_R	100.000	24	0	4.65e-09	48.1
M03520:605:000000000-LVNKY:1:1104:8708:23523;size=5	RH.27578A9A85FA4A3Z0Z_F	100.000	24	0	4.65e-09	48.1
M03520:605:000000000-LVNKY:1:1104:8708:23523;size=5	RH.27578A9A85FA4A3Z0Z_R	100.000	22	0	7.27e-08	44.1
M03520:605:000000000-LVNKY:1:1104:9072:6528;size=5	RH.1CC74B91718A42FZ0Z_F	100.000	24	0	4.65e-09	48.1
M03520:605:000000000-LVNKY:1:1104:9072:6528;size=5	RH.1CC74B91718A42FZ0Z_R	100.000	21	0	2.87e-07	42.1
M03520:605:000000000-LVNKY:1:1104:9503:9485;size=5	RH.51338FA06EDB4F0Z0Z_F	100.000	25	0	1.18e-09	50.1
M03520:605:000000000-LVNKY:1:1104:9503:9485;size=5	RH.51338FA06EDB4F0Z0Z_R	100.000	21	0	2.87e-07	42.1
M03520:605:000000000-LVNKY:1:1104:9505:21991;size=5	RH.7CE39E25906745AZ0Z_F	100.000	25	0	1.18e-09	50.1
M03520:605:000000000-LVNKY:1:1104:9856:10463;size=5	RH.2A85EAE5DEAD471Z0Z_R	100.000	23	0	1.84e-08	46.1
M03520:605:000000000-LVNKY:1:1105:10404:5696;size=5	RH.DDB83AFF97C94C6Z0Z_F	100.000	24	0	4.65e-09	48.1
M03520:605:000000000-LVNKY:1:1105:10404:5696;size=5	RH.6572108A164E48EZ0Z_F	100.000	24	0	4.65e-09	48.1
M03520:605:000000000-LVNKY:1:1105:10404:5696;size=5	RH.6572108A164E48EZ0Z_R	96.000	25	1	2.87e-07	42.1
M03520:605:000000000-LVNKY:1:1105:11647:18478;size=5	RH.1CC74B91718A42FZ0Z_R	100.000	25	0	1.18e-09	50.1
M03520:605:000000000-LVNKY:1:1105:11647:18478;size=5	RH.1CC74B91718A42FZ0Z_F	100.000	24	0	4.65e-09	48.1
M03520:605:000000000-LVNKY:1:1105:12998:19022;size=5	RH.E04EE94198274F7Z0Z_R	95.833	24	1	1.13e-06	40.1
M03520:605:000000000-LVNKY:1:1105:14647:7036;size=5	RH.CA1E204B0C0842DZ0Z_F	100.000	26	0	2.98e-10	52.0
M03520:605:000000000-LVNKY:1:1105:14647:7036;size=5	RH.CA1E204B0C0842DZ0Z_R	100.000	20	0	1.13e-06	40.1
M03520:605:000000000-LVNKY:1:1105:14729:12296;size=5	RH.27578A9A85FA4A3Z0Z_F	100.000	24	0	4.65e-09	48.1
M03520:605:000000000-LVNKY:1:1105:14729:12296;size=5	RH.27578A9A85FA4A3Z0Z_R	100.000	22	0	7.27e-08	44.1
M03520:605:000000000-LVNKY:1:1105:15127:24338;size=5	RH.0550AF0F57084ADZ0Z_F	100.000	24	0	4.65e-09	48.1
M03520:605:000000000-LVNKY:1:1105:15127:24338;size=5	RH.0550AF0F57084ADZ0Z_R	100.000	22	0	7.27e-08	44.1
M03520:605:000000000-LVNKY:1:1105:16082:3144;size=5	RH.B9EF730EBE6C436Z0Z_R	100.000	25	0	1.18e-09	50.1
M03520:605:000000000-LVNKY:1:1105:16082:3144;size=5	RH.B9EF730EBE6C436Z0Z_F	100.000	25	0	1.18e-09	50.1
M03520:605:000000000-LVNKY:1:1105:16515:23698;size=5	RH.DDB83AFF97C94C6Z0Z_R	100.000	25	0	1.18e-09	50.1
M03520:605:000000000-LVNKY:1:1105:16515:23698;size=5	RH.DDB83AFF97C94C6Z0Z_F	100.000	24	0	4.65e-09	48.1
M03520:605:000000000-LVNKY:1:1105:16569:11307;size=5	RH.B9EF730EBE6C436Z0Z_R	100.000	25	0	1.18e-09	50.1
M03520:605:000000000-LVNKY:1:1105:16569:11307;size=5	RH.B9EF730EBE6C436Z0Z_F	100.000	25	0	1.18e-09	50.1
M03520:605:000000000-LVNKY:1:1105:17090:22562;size=5	RH.2A8AD21024974C0Z0Z_F	100.000	26	0	2.98e-10	52.0
M03520:605:000000000-LVNKY:1:1105:17090:22562;size=5	RH.2A8AD21024974C0Z0Z_R	100.000	25	0	1.18e-09	50.1
M03520:605:000000000-LVNKY:1:1105:17099:6354;size=5	RH.8B25A056ABC1444Z0Z_R	100.000	24	0	4.65e-09	48.1
M03520:605:000000000-LVNKY:1:1105:17099:6354;size=5	RH.8B25A056ABC1444Z0Z_F	100.000	22	0	7.27e-08	44.1
M03520:605:000000000-LVNKY:1:1105:17169:21889;size=5	RH.2AFFFBA0E81C482Z0Z_F	100.000	23	0	1.84e-08	46.1
M03520:605:000000000-LVNKY:1:1105:17169:21889;size=5	RH.2AFFFBA0E81C482Z0Z_R	95.652	23	1	4.48e-06	38.2
M03520:605:000000000-LVNKY:1:1105:18501:16574;size=5	RH.DDB83AFF97C94C6Z0Z_F	100.000	24	0	4.65e-09	48.1
M03520:605:000000000-LVNKY:1:1105:18501:16574;size=5	RH.DDB83AFF97C94C6Z0Z_R	96.000	25	1	2.87e-07	42.1
M03520:605:000000000-LVNKY:1:1105:18565:5218;size=5	RH.2A8AD21024974C0Z0Z_F	100.000	26	0	2.98e-10	52.0
M03520:605:000000000-LVNKY:1:1105:18565:5218;size=5	RH.2A8AD21024974C0Z0Z_R	100.000	25	0	1.18e-09	50.1
M03520:605:000000000-LVNKY:1:1105:18766:22189;size=5	RH.0BD19D1A26A74EBZ0Z_F	100.000	25	0	1.18e-09	50.1
M03520:605:000000000-LVNKY:1:1105:18835:8715;size=5	RH.DDB83AFF97C94C6Z0Z_R	100.000	25	0	1.18e-09	50.1
M03520:605:000000000-LVNKY:1:1105:18835:8715;size=5	RH.DDB83AFF97C94C6Z0Z_F	100.000	24	0	4.65e-09	48.1
M03520:605:000000000-LVNKY:1:1105:19003:16925;size=5	RH.27578A9A85FA4A3Z0Z_F	100.000	24	0	4.65e-09	48.1
M03520:605:000000000-LVNKY:1:1105:19003:16925;size=5	RH.27578A9A85FA4A3Z0Z_R	100.000	22	0	7.27e-08	44.1
M03520:605:000000000-LVNKY:1:1105:19813:26608;size=5	RH.0096A141894D447Z0Z_F	100.000	24	0	4.65e-09	48.1
M03520:605:000000000-LVNKY:1:1105:2076:15092;size=5	RH.6572108A164E48EZ0Z_R	100.000	25	0	1.18e-09	50.1
M03520:605:000000000-LVNKY:1:1105:2076:15092;size=5	RH.6572108A164E48EZ0Z_F	100.000	24	0	4.65e-09	48.1
M03520:605:000000000-LVNKY:1:1105:20929:20343;size=5	RH.1CC74B91718A42FZ0Z_F	100.000	24	0	4.65e-09	48.1
M03520:605:000000000-LVNKY:1:1105:20929:20343;size=5	RH.1CC74B91718A42FZ0Z_R	96.000	25	1	2.87e-07	42.1
M03520:605:000000000-LVNKY:1:1105:20978:7267;size=5	RH.6572108A164E48EZ0Z_R	100.000	25	0	1.18e-09	50.1
M03520:605:000000000-LVNKY:1:1105:20978:7267;size=5	RH.6572108A164E48EZ0Z_F	95.833	24	1	1.13e-06	40.1
M03520:605:000000000-LVNKY:1:1105:21026:16855;size=5	RH.0096A141894D447Z0Z_R	100.000	22	0	7.27e-08	44.1
M03520:605:000000000-LVNKY:1:1105:21026:16855;size=5	RH.0096A141894D447Z0Z_F	100.000	20	0	1.13e-06	40.1
M03520:605:000000000-LVNKY:1:1105:21516:18275;size=5	RH.E04EE94198274F7Z0Z_F	96.000	25	1	2.87e-07	42.1
M03520:605:000000000-LVNKY:1:1105:21516:18275;size=5	RH.E04EE94198274F7Z0Z_R	95.833	24	1	1.13e-06	40.1
M03520:605:000000000-LVNKY:1:1105:22136:23344;size=5	RH.2091F326F74640CZ0Z_F	100.000	24	0	4.65e-09	48.1
M03520:605:000000000-LVNKY:1:1105:22136:23344;size=5	RH.2091F326F74640CZ0Z_R	100.000	22	0	7.27e-08	44.1
M03520:605:000000000-LVNKY:1:1105:22431:20890;size=5	RH.CA1E204B0C0842DZ0Z_F	100.000	26	0	2.98e-10	52.0
M03520:605:000000000-LVNKY:1:1105:22431:20890;size=5	RH.CA1E204B0C0842DZ0Z_R	100.000	24	0	4.65e-09	48.1
M03520:605:000000000-LVNKY:1:1105:25922:22981;size=5	RH.CA1E204B0C0842DZ0Z_F	100.000	26	0	2.98e-10	52.0
M03520:605:000000000-LVNKY:1:1105:25922:22981;size=5	RH.CA1E204B0C0842DZ0Z_R	95.833	24	1	1.13e-06	40.1
M03520:605:000000000-LVNKY:1:1105:25961:6248;size=5	RH.7CE39E25906745AZ0Z_R	100.000	26	0	2.98e-10	52.0
M03520:605:000000000-LVNKY:1:1105:25961:6248;size=5	RH.7CE39E25906745AZ0Z_F	100.000	25	0	1.18e-09	50.1
M03520:605:000000000-LVNKY:1:1105:26173:21622;size=5	RH.CA1E204B0C0842DZ0Z_R	100.000	24	0	4.65e-09	48.1
M03520:605:000000000-LVNKY:1:1105:26173:21622;size=5	RH.CA1E204B0C0842DZ0Z_F	96.154	26	1	7.27e-08	44.1
M03520:605:000000000-LVNKY:1:1105:26265:18647;size=5	RH.8B25A056ABC1444Z0Z_R	100.000	24	0	4.65e-09	48.1
M03520:605:000000000-LVNKY:1:1105:26265:18647;size=5	RH.8B25A056ABC1444Z0Z_F	100.000	23	0	1.84e-08	46.1
M03520:605:000000000-LVNKY:1:1105:26470:11389;size=5	RH.DDB83AFF97C94C6Z0Z_R	100.000	25	0	1.18e-09	50.1
M03520:605:000000000-LVNKY:1:1105:26470:11389;size=5	RH.DDB83AFF97C94C6Z0Z_F	95.833	24	1	1.13e-06	40.1
M03520:605:000000000-LVNKY:1:1105:26482:22082;size=5	RH.B9EF730EBE6C436Z0Z_R	100.000	25	0	1.18e-09	50.1
M03520:605:000000000-LVNKY:1:1105:26482:22082;size=5	RH.B9EF730EBE6C436Z0Z_F	100.000	22	0	7.27e-08	44.1
M03520:605:000000000-LVNKY:1:1105:27253:23247;size=5	RH.DDB83AFF97C94C6Z0Z_R	100.000	25	0	1.18e-09	50.1
M03520:605:000000000-LVNKY:1:1105:27253:23247;size=5	RH.DDB83AFF97C94C6Z0Z_F	100.000	24	0	4.65e-09	48.1
M03520:605:000000000-LVNKY:1:1105:5154:15981;size=5	RH.2A8AD21024974C0Z0Z_R	100.000	25	0	1.18e-09	50.1
M03520:605:000000000-LVNKY:1:1105:5154:15981;size=5	RH.2A8AD21024974C0Z0Z_F	100.000	23	0	1.84e-08	46.1
M03520:605:000000000-LVNKY:1:1105:6229:15636;size=5	RH.7CE39E25906745AZ0Z_R	100.000	26	0	2.98e-10	52.0
M03520:605:000000000-LVNKY:1:1105:6229:15636;size=5	RH.7CE39E25906745AZ0Z_F	100.000	25	0	1.18e-09	50.1
M03520:605:000000000-LVNKY:1:1105:6291:21046;size=5	RH.0096A141894D447Z0Z_F	100.000	24	0	4.65e-09	48.1
M03520:605:000000000-LVNKY:1:1105:6650:18860;size=5	RH.0550AF0F57084ADZ0Z_F	100.000	24	0	4.65e-09	48.1
M03520:605:000000000-LVNKY:1:1105:6650:18860;size=5	RH.0550AF0F57084ADZ0Z_R	100.000	22	0	7.27e-08	44.1
M03520:605:000000000-LVNKY:1:1105:8044:21893;size=5	RH.DDB83AFF97C94C6Z0Z_R	100.000	25	0	1.18e-09	50.1
M03520:605:000000000-LVNKY:1:1105:8044:21893;size=5	RH.8B25A056ABC1444Z0Z_F	100.000	22	0	7.27e-08	44.1
M03520:605:000000000-LVNKY:1:1105:9008:6311;size=5	RH.B9EF730EBE6C436Z0Z_R	100.000	25	0	1.18e-09	50.1
M03520:605:000000000-LVNKY:1:1105:9008:6311;size=5	RH.B9EF730EBE6C436Z0Z_F	100.000	25	0	1.18e-09	50.1
M03520:605:000000000-LVNKY:1:1105:9281:15486;size=5	RH.B9EF730EBE6C436Z0Z_R	100.000	25	0	1.18e-09	50.1
M03520:605:000000000-LVNKY:1:1105:9281:15486;size=5	RH.B9EF730EBE6C436Z0Z_F	96.000	25	1	2.87e-07	42.1
M03520:605:000000000-LVNKY:1:1105:9675:25694;size=5	RH.7CE39E25906745AZ0Z_F	100.000	25	0	1.18e-09	50.1
M03520:605:000000000-LVNKY:1:1105:9675:25694;size=5	RH.7CE39E25906745AZ0Z_R	100.000	21	0	2.87e-07	42.1
M03520:605:000000000-LVNKY:1:1105:9721:25443;size=5	RH.0096A141894D447Z0Z_F	100.000	24	0	4.65e-09	48.1
M03520:605:000000000-LVNKY:1:1105:9721:25443;size=5	RH.0096A141894D447Z0Z_R	100.000	21	0	2.87e-07	42.1
M03520:605:000000000-LVNKY:1:1106:10699:19823;size=5	RH.0BD19D1A26A74EBZ0Z_F	100.000	25	0	1.18e-09	50.1
M03520:605:000000000-LVNKY:1:1106:10699:19823;size=5	RH.0BD19D1A26A74EBZ0Z_R	100.000	24	0	4.65e-09	48.1
M03520:605:000000000-LVNKY:1:1106:10758:27081;size=5	RH.7CE39E25906745AZ0Z_R	100.000	26	0	2.98e-10	52.0
M03520:605:000000000-LVNKY:1:1106:10758:27081;size=5	RH.7CE39E25906745AZ0Z_F	100.000	21	0	2.87e-07	42.1
M03520:605:000000000-LVNKY:1:1106:10799:21575;size=5	RH.1CC74B91718A42FZ0Z_R	100.000	24	0	4.65e-09	48.1
M03520:605:000000000-LVNKY:1:1106:10799:21575;size=5	RH.1CC74B91718A42FZ0Z_F	100.000	24	0	4.65e-09	48.1
M03520:605:000000000-LVNKY:1:1106:10966:13058;size=5	RH.69CEA0AC39F4445Z0Z_R	100.000	23	0	1.84e-08	46.1
M03520:605:000000000-LVNKY:1:1106:10966:13058;size=5	RH.69CEA0AC39F4445Z0Z_F	95.833	24	1	1.13e-06	40.1
M03520:605:000000000-LVNKY:1:1106:11267:23807;size=5	RH.DDB83AFF97C94C6Z0Z_R	100.000	25	0	1.18e-09	50.1
M03520:605:000000000-LVNKY:1:1106:11267:23807;size=5	RH.DDB83AFF97C94C6Z0Z_F	95.833	24	1	1.13e-06	40.1
M03520:605:000000000-LVNKY:1:1106:11574:6806;size=5	RH.0BD19D1A26A74EBZ0Z_F	100.000	25	0	1.18e-09	50.1
M03520:605:000000000-LVNKY:1:1106:11574:6806;size=5	RH.0BD19D1A26A74EBZ0Z_R	100.000	24	0	4.65e-09	48.1
M03520:605:000000000-LVNKY:1:1106:11921:26261;size=5	RH.23246278E0E74E6Z0Z_R	100.000	23	0	1.84e-08	46.1
M03520:605:000000000-LVNKY:1:1106:11921:26261;size=5	RH.23246278E0E74E6Z0Z_F	100.000	20	0	1.13e-06	40.1
M03520:605:000000000-LVNKY:1:1106:12517:10097;size=5	RH.1CC74B91718A42FZ0Z_R	100.000	25	0	1.18e-09	50.1
M03520:605:000000000-LVNKY:1:1106:12517:10097;size=5	RH.1CC74B91718A42FZ0Z_F	95.833	24	1	1.13e-06	40.1
M03520:605:000000000-LVNKY:1:1106:13452:25234;size=5	RH.27578A9A85FA4A3Z0Z_F	100.000	24	0	4.65e-09	48.1
M03520:605:000000000-LVNKY:1:1106:13452:25234;size=5	RH.27578A9A85FA4A3Z0Z_R	100.000	22	0	7.27e-08	44.1
M03520:605:000000000-LVNKY:1:1106:13550:14631;size=5	RH.8B25A056ABC1444Z0Z_R	100.000	24	0	4.65e-09	48.1
M03520:605:000000000-LVNKY:1:1106:13909:24813;size=5	RH.0550AF0F57084ADZ0Z_F	100.000	24	0	4.65e-09	48.1
M03520:605:000000000-LVNKY:1:1106:13909:24813;size=5	RH.0550AF0F57084ADZ0Z_R	100.000	22	0	7.27e-08	44.1
M03520:605:000000000-LVNKY:1:1106:15633:16107;size=5	RH.7CE39E25906745AZ0Z_R	100.000	26	0	2.98e-10	52.0
M03520:605:000000000-LVNKY:1:1106:15633:16107;size=5	RH.7CE39E25906745AZ0Z_F	100.000	25	0	1.18e-09	50.1
M03520:605:000000000-LVNKY:1:1106:15807:20748;size=5	RH.0096A141894D447Z0Z_F	100.000	24	0	4.65e-09	48.1
M03520:605:000000000-LVNKY:1:1106:15807:20748;size=5	RH.0096A141894D447Z0Z_R	100.000	21	0	2.87e-07	42.1
M03520:605:000000000-LVNKY:1:1106:16235:2238;size=5	RH.0096A141894D447Z0Z_F	100.000	24	0	4.65e-09	48.1
M03520:605:000000000-LVNKY:1:1106:16235:2238;size=5	RH.0096A141894D447Z0Z_R	100.000	21	0	2.87e-07	42.1
M03520:605:000000000-LVNKY:1:1106:17694:21288;size=5	RH.E04EE94198274F7Z0Z_F	100.000	25	0	1.18e-09	50.1
M03520:605:000000000-LVNKY:1:1106:17694:21288;size=5	RH.E04EE94198274F7Z0Z_R	95.833	24	1	1.13e-06	40.1
M03520:605:000000000-LVNKY:1:1106:18676:5323;size=5	RH.2A8AD21024974C0Z0Z_F	100.000	26	0	2.98e-10	52.0
M03520:605:000000000-LVNKY:1:1106:18676:5323;size=5	RH.2A8AD21024974C0Z0Z_R	100.000	23	0	1.84e-08	46.1
M03520:605:000000000-LVNKY:1:1106:18966:1822;size=5	RH.DDB83AFF97C94C6Z0Z_R	100.000	25	0	1.18e-09	50.1
M03520:605:000000000-LVNKY:1:1106:18966:1822;size=5	RH.DDB83AFF97C94C6Z0Z_F	100.000	24	0	4.65e-09	48.1
M03520:605:000000000-LVNKY:1:1106:19147:25939;size=5	RH.B9EF730EBE6C436Z0Z_R	100.000	25	0	1.18e-09	50.1
M03520:605:000000000-LVNKY:1:1106:19147:25939;size=5	RH.B9EF730EBE6C436Z0Z_F	100.000	25	0	1.18e-09	50.1
M03520:605:000000000-LVNKY:1:1106:19211:22615;size=5	RH.7CE39E25906745AZ0Z_R	100.000	26	0	2.98e-10	52.0
M03520:605:000000000-LVNKY:1:1106:19211:22615;size=5	RH.7CE39E25906745AZ0Z_F	96.000	25	1	2.87e-07	42.1
M03520:605:000000000-LVNKY:1:1106:19284:22930;size=5	RH.2AFFFBA0E81C482Z0Z_R	100.000	23	0	1.84e-08	46.1
M03520:605:000000000-LVNKY:1:1106:19284:22930;size=5	RH.2AFFFBA0E81C482Z0Z_F	100.000	23	0	1.84e-08	46.1
M03520:605:000000000-LVNKY:1:1106:19406:26579;size=5	RH.CF953F27F5674E1Z0Z_F	100.000	26	0	2.98e-10	52.0
M03520:605:000000000-LVNKY:1:1106:19406:26579;size=5	RH.CF953F27F5674E1Z0Z_R	100.000	25	0	1.18e-09	50.1
M03520:605:000000000-LVNKY:1:1106:1947:13910;size=5	RH.DDB83AFF97C94C6Z0Z_R	100.000	25	0	1.18e-09	50.1
M03520:605:000000000-LVNKY:1:1106:1947:13910;size=5	RH.DDB83AFF97C94C6Z0Z_F	100.000	20	0	1.13e-06	40.1
M03520:605:000000000-LVNKY:1:1106:19895:21674;size=5	RH.2091F326F74640CZ0Z_F	100.000	24	0	4.65e-09	48.1
M03520:605:000000000-LVNKY:1:1106:19895:21674;size=5	RH.2091F326F74640CZ0Z_R	100.000	22	0	7.27e-08	44.1
M03520:605:000000000-LVNKY:1:1106:20764:9392;size=5	RH.DDB83AFF97C94C6Z0Z_R	100.000	25	0	1.18e-09	50.1
M03520:605:000000000-LVNKY:1:1106:20764:9392;size=5	RH.DDB83AFF97C94C6Z0Z_F	100.000	24	0	4.65e-09	48.1
M03520:605:000000000-LVNKY:1:1106:20945:27257;size=5	RH.DDB83AFF97C94C6Z0Z_F	100.000	24	0	4.65e-09	48.1
M03520:605:000000000-LVNKY:1:1106:20945:27257;size=5	RH.6572108A164E48EZ0Z_R	96.000	25	1	2.87e-07	42.1
M03520:605:000000000-LVNKY:1:1106:20945:27257;size=5	RH.F7E3D42951B44CCZ0Z_F	100.000	21	0	2.87e-07	42.1
M03520:605:000000000-LVNKY:1:1106:21401:21458;size=5	RH.0BD19D1A26A74EBZ0Z_F	100.000	25	0	1.18e-09	50.1
M03520:605:000000000-LVNKY:1:1106:21401:21458;size=5	RH.0BD19D1A26A74EBZ0Z_R	100.000	24	0	4.65e-09	48.1
M03520:605:000000000-LVNKY:1:1106:21997:3626;size=5	RH.27578A9A85FA4A3Z0Z_F	100.000	24	0	4.65e-09	48.1
M03520:605:000000000-LVNKY:1:1106:21997:3626;size=5	RH.27578A9A85FA4A3Z0Z_R	100.000	22	0	7.27e-08	44.1
M03520:605:000000000-LVNKY:1:1106:22010:25836;size=5	RH.7CE39E25906745AZ0Z_R	100.000	26	0	2.98e-10	52.0
M03520:605:000000000-LVNKY:1:1106:22010:25836;size=5	RH.7CE39E25906745AZ0Z_F	100.000	25	0	1.18e-09	50.1
M03520:605:000000000-LVNKY:1:1106:24111:9753;size=5	RH.CA1E204B0C0842DZ0Z_F	100.000	26	0	2.98e-10	52.0
M03520:605:000000000-LVNKY:1:1106:24111:9753;size=5	RH.CA1E204B0C0842DZ0Z_R	100.000	24	0	4.65e-09	48.1
M03520:605:000000000-LVNKY:1:1106:24369:5719;size=5	RH.2AFFFBA0E81C482Z0Z_R	100.000	23	0	1.84e-08	46.1
M03520:605:000000000-LVNKY:1:1106:24369:5719;size=5	RH.2AFFFBA0E81C482Z0Z_F	95.652	23	1	4.48e-06	38.2
M03520:605:000000000-LVNKY:1:1106:25162:13954;size=5	RH.0550AF0F57084ADZ0Z_F	100.000	24	0	4.65e-09	48.1
M03520:605:000000000-LVNKY:1:1106:25162:13954;size=5	RH.0550AF0F57084ADZ0Z_R	100.000	22	0	7.27e-08	44.1
M03520:605:000000000-LVNKY:1:1106:26730:7981;size=5	RH.0096A141894D447Z0Z_R	100.000	21	0	2.87e-07	42.1
M03520:605:000000000-LVNKY:1:1106:26730:7981;size=5	RH.0096A141894D447Z0Z_F	95.833	24	1	1.13e-06	40.1
M03520:605:000000000-LVNKY:1:1106:26942:16844;size=5	RH.7CE39E25906745AZ0Z_R	100.000	26	0	2.98e-10	52.0
M03520:605:000000000-LVNKY:1:1106:26942:16844;size=5	RH.7CE39E25906745AZ0Z_F	96.000	25	1	2.87e-07	42.1
M03520:605:000000000-LVNKY:1:1106:3735:10866;size=5	RH.7CE39E25906745AZ0Z_R	100.000	26	0	2.98e-10	52.0
M03520:605:000000000-LVNKY:1:1106:5083:6531;size=5	RH.7CE39E25906745AZ0Z_R	100.000	26	0	2.98e-10	52.0
M03520:605:000000000-LVNKY:1:1106:5083:6531;size=5	RH.7CE39E25906745AZ0Z_F	100.000	25	0	1.18e-09	50.1
M03520:605:000000000-LVNKY:1:1106:6612:11249;size=5	RH.2A8AD21024974C0Z0Z_F	100.000	26	0	2.98e-10	52.0
M03520:605:000000000-LVNKY:1:1106:6612:11249;size=5	RH.2A8AD21024974C0Z0Z_R	100.000	25	0	1.18e-09	50.1
M03520:605:000000000-LVNKY:1:1106:6848:14344;size=5	RH.69CEA0AC39F4445Z0Z_F	100.000	24	0	4.65e-09	48.1
M03520:605:000000000-LVNKY:1:1106:6848:14344;size=5	RH.69CEA0AC39F4445Z0Z_R	95.652	23	1	4.48e-06	38.2
M03520:605:000000000-LVNKY:1:1106:9092:11644;size=5	RH.27578A9A85FA4A3Z0Z_F	100.000	24	0	4.65e-09	48.1
M03520:605:000000000-LVNKY:1:1106:9092:11644;size=5	RH.27578A9A85FA4A3Z0Z_R	100.000	22	0	7.27e-08	44.1
M03520:605:000000000-LVNKY:1:1106:9247:23577;size=5	RH.51338FA06EDB4F0Z0Z_F	100.000	25	0	1.18e-09	50.1
M03520:605:000000000-LVNKY:1:1106:9247:23577;size=5	RH.51338FA06EDB4F0Z0Z_R	100.000	25	0	1.18e-09	50.1
M03520:605:000000000-LVNKY:1:1106:9345:3931;size=5	RH.27578A9A85FA4A3Z0Z_F	100.000	24	0	4.65e-09	48.1
M03520:605:000000000-LVNKY:1:1106:9345:3931;size=5	RH.27578A9A85FA4A3Z0Z_R	100.000	22	0	7.27e-08	44.1
M03520:605:000000000-LVNKY:1:1106:9401:8745;size=5	RH.2AFFFBA0E81C482Z0Z_F	100.000	23	0	1.84e-08	46.1
M03520:605:000000000-LVNKY:1:1106:9401:8745;size=5	RH.19C64E69AB7E463Z0Z_R	100.000	19	0	4.48e-06	38.2
M03520:605:000000000-LVNKY:1:1106:9912:15081;size=5	RH.27578A9A85FA4A3Z0Z_F	100.000	24	0	4.65e-09	48.1
M03520:605:000000000-LVNKY:1:1106:9912:15081;size=5	RH.27578A9A85FA4A3Z0Z_R	100.000	22	0	7.27e-08	44.1
M03520:605:000000000-LVNKY:1:1106:9981:11118;size=5	RH.2A8AD21024974C0Z0Z_F	100.000	26	0	2.98e-10	52.0
M03520:605:000000000-LVNKY:1:1106:9981:11118;size=5	RH.2A8AD21024974C0Z0Z_R	100.000	22	0	7.27e-08	44.1
M03520:605:000000000-LVNKY:1:1106:9987:20705;size=5	RH.E04EE94198274F7Z0Z_F	100.000	25	0	1.18e-09	50.1
M03520:605:000000000-LVNKY:1:1106:9987:20705;size=5	RH.E04EE94198274F7Z0Z_R	95.833	24	1	1.13e-06	40.1
M03520:605:000000000-LVNKY:1:1107:10740:9538;size=5	RH.B9EF730EBE6C436Z0Z_F	100.000	25	0	1.18e-09	50.1
M03520:605:000000000-LVNKY:1:1107:10740:9538;size=5	RH.B9EF730EBE6C436Z0Z_R	96.000	25	1	2.87e-07	42.1
M03520:605:000000000-LVNKY:1:1107:10894:5224;size=5	RH.B9EF730EBE6C436Z0Z_F	100.000	25	0	1.18e-09	50.1
M03520:605:000000000-LVNKY:1:1107:10894:5224;size=5	RH.B9EF730EBE6C436Z0Z_R	96.000	25	1	2.87e-07	42.1
M03520:605:000000000-LVNKY:1:1107:11837:8676;size=5	RH.7CE39E25906745AZ0Z_F	100.000	25	0	1.18e-09	50.1
M03520:605:000000000-LVNKY:1:1107:11837:8676;size=5	RH.7CE39E25906745AZ0Z_R	100.000	23	0	1.84e-08	46.1
M03520:605:000000000-LVNKY:1:1107:11935:6870;size=5	RH.0BD19D1A26A74EBZ0Z_R	100.000	24	0	4.65e-09	48.1
M03520:605:000000000-LVNKY:1:1107:11935:6870;size=5	RH.0BD19D1A26A74EBZ0Z_F	96.000	25	1	2.87e-07	42.1
M03520:605:000000000-LVNKY:1:1107:12274:2046;size=5	RH.DDB83AFF97C94C6Z0Z_R	100.000	25	0	1.18e-09	50.1
M03520:605:000000000-LVNKY:1:1107:12274:2046;size=5	RH.DDB83AFF97C94C6Z0Z_F	100.000	24	0	4.65e-09	48.1
M03520:605:000000000-LVNKY:1:1107:15345:8034;size=5	RH.7CE39E25906745AZ0Z_R	100.000	26	0	2.98e-10	52.0
M03520:605:000000000-LVNKY:1:1107:15345:8034;size=5	RH.7CE39E25906745AZ0Z_F	100.000	25	0	1.18e-09	50.1
M03520:605:000000000-LVNKY:1:1107:15655:4306;size=5	RH.DDB83AFF97C94C6Z0Z_R	100.000	25	0	1.18e-09	50.1
M03520:605:000000000-LVNKY:1:1107:15655:4306;size=5	RH.DDB83AFF97C94C6Z0Z_F	100.000	24	0	4.65e-09	48.1
M03520:605:000000000-LVNKY:1:1107:16451:3648;size=5	RH.DDB83AFF97C94C6Z0Z_R	100.000	25	0	1.18e-09	50.1
M03520:605:000000000-LVNKY:1:1107:16451:3648;size=5	RH.DDB83AFF97C94C6Z0Z_F	100.000	24	0	4.65e-09	48.1
M03520:605:000000000-LVNKY:1:1107:18035:9069;size=5	RH.541A1C9A5856408Z0Z_F	100.000	24	0	4.65e-09	48.1
M03520:605:000000000-LVNKY:1:1107:18902:13921;size=5	RH.0096A141894D447Z0Z_F	100.000	24	0	4.65e-09	48.1
M03520:605:000000000-LVNKY:1:1107:18902:13921;size=5	RH.0096A141894D447Z0Z_R	100.000	20	0	1.13e-06	40.1
M03520:605:000000000-LVNKY:1:1107:19241:14968;size=5	RH.DDB83AFF97C94C6Z0Z_R	100.000	25	0	1.18e-09	50.1
M03520:605:000000000-LVNKY:1:1107:19241:14968;size=5	RH.DDB83AFF97C94C6Z0Z_F	100.000	22	0	7.27e-08	44.1
M03520:605:000000000-LVNKY:1:1107:19724:20595;size=5	RH.CA1E204B0C0842DZ0Z_F	100.000	26	0	2.98e-10	52.0
M03520:605:000000000-LVNKY:1:1107:19724:20595;size=5	RH.E04EE94198274F7Z0Z_F	100.000	25	0	1.18e-09	50.1
M03520:605:000000000-LVNKY:1:1107:19724:20595;size=5	RH.CA1E204B0C0842DZ0Z_R	100.000	24	0	4.65e-09	48.1
M03520:605:000000000-LVNKY:1:1107:19912:5345;size=5	RH.0BD19D1A26A74EBZ0Z_F	100.000	25	0	1.18e-09	50.1
M03520:605:000000000-LVNKY:1:1107:19912:5345;size=5	RH.0BD19D1A26A74EBZ0Z_R	100.000	24	0	4.65e-09	48.1
M03520:605:000000000-LVNKY:1:1107:20230:23863;size=5	RH.4D53736870F247FZ0Z_R	100.000	25	0	1.18e-09	50.1
M03520:605:000000000-LVNKY:1:1107:21496:5304;size=5	RH.B9EF730EBE6C436Z0Z_F	100.000	25	0	1.18e-09	50.1
M03520:605:000000000-LVNKY:1:1107:21496:5304;size=5	RH.B9EF730EBE6C436Z0Z_R	96.000	25	1	2.87e-07	42.1
M03520:605:000000000-LVNKY:1:1107:21939:11116;size=5	RH.69CEA0AC39F4445Z0Z_F	100.000	24	0	4.65e-09	48.1
M03520:605:000000000-LVNKY:1:1107:21939:11116;size=5	RH.69CEA0AC39F4445Z0Z_R	100.000	23	0	1.84e-08	46.1
M03520:605:000000000-LVNKY:1:1107:23008:9796;size=5	RH.7CE39E25906745AZ0Z_R	100.000	26	0	2.98e-10	52.0
M03520:605:000000000-LVNKY:1:1107:23008:9796;size=5	RH.7CE39E25906745AZ0Z_F	100.000	25	0	1.18e-09	50.1
M03520:605:000000000-LVNKY:1:1107:23599:18633;size=5	RH.B9EF730EBE6C436Z0Z_R	100.000	25	0	1.18e-09	50.1
M03520:605:000000000-LVNKY:1:1107:23599:18633;size=5	RH.B9EF730EBE6C436Z0Z_F	100.000	25	0	1.18e-09	50.1
M03520:605:000000000-LVNKY:1:1107:23901:9335;size=5	RH.7CE39E25906745AZ0Z_R	100.000	26	0	2.98e-10	52.0
M03520:605:000000000-LVNKY:1:1107:23901:9335;size=5	RH.7CE39E25906745AZ0Z_F	100.000	23	0	1.84e-08	46.1
M03520:605:000000000-LVNKY:1:1107:25134:7835;size=5	RH.0BD19D1A26A74EBZ0Z_F	100.000	25	0	1.18e-09	50.1
M03520:605:000000000-LVNKY:1:1107:25134:7835;size=5	RH.0BD19D1A26A74EBZ0Z_R	100.000	24	0	4.65e-09	48.1
M03520:605:000000000-LVNKY:1:1107:25586:5793;size=5	RH.B9EF730EBE6C436Z0Z_F	100.000	25	0	1.18e-09	50.1
M03520:605:000000000-LVNKY:1:1107:25586:5793;size=5	RH.B9EF730EBE6C436Z0Z_R	96.000	25	1	2.87e-07	42.1
M03520:605:000000000-LVNKY:1:1107:26905:15170;size=5	RH.7CE39E25906745AZ0Z_R	100.000	26	0	2.98e-10	52.0
M03520:605:000000000-LVNKY:1:1107:26905:15170;size=5	RH.7CE39E25906745AZ0Z_F	100.000	25	0	1.18e-09	50.1
M03520:605:000000000-LVNKY:1:1107:5297:6634;size=5	RH.B9EF730EBE6C436Z0Z_F	100.000	25	0	1.18e-09	50.1
M03520:605:000000000-LVNKY:1:1107:5297:6634;size=5	RH.B9EF730EBE6C436Z0Z_R	96.000	25	1	2.87e-07	42.1
M03520:605:000000000-LVNKY:1:1107:6800:4836;size=5	RH.0BD19D1A26A74EBZ0Z_F	100.000	25	0	1.18e-09	50.1
M03520:605:000000000-LVNKY:1:1107:6800:4836;size=5	RH.0BD19D1A26A74EBZ0Z_R	100.000	24	0	4.65e-09	48.1
M03520:605:000000000-LVNKY:1:1107:7146:13796;size=5	RH.69CEA0AC39F4445Z0Z_F	100.000	24	0	4.65e-09	48.1
M03520:605:000000000-LVNKY:1:1107:7146:13796;size=5	RH.69CEA0AC39F4445Z0Z_R	95.652	23	1	4.48e-06	38.2
M03520:605:000000000-LVNKY:1:1107:8446:8357;size=5	RH.B9EF730EBE6C436Z0Z_F	96.000	25	1	2.87e-07	42.1
M03520:605:000000000-LVNKY:1:1107:8446:8357;size=5	RH.B9EF730EBE6C436Z0Z_R	96.000	25	1	2.87e-07	42.1
M03520:605:000000000-LVNKY:1:1107:8970:6575;size=5	RH.B9EF730EBE6C436Z0Z_F	100.000	25	0	1.18e-09	50.1
M03520:605:000000000-LVNKY:1:1107:8970:6575;size=5	RH.B9EF730EBE6C436Z0Z_R	96.000	25	1	2.87e-07	42.1
M03520:605:000000000-LVNKY:1:1108:10892:14317;size=5	RH.185D4E36BBF74FEZ0Z_F	100.000	27	0	7.54e-11	54.0
M03520:605:000000000-LVNKY:1:1108:10892:14317;size=5	RH.185D4E36BBF74FEZ0Z_R	100.000	26	0	2.98e-10	52.0
M03520:605:000000000-LVNKY:1:1108:11004:10462;size=5	RH.B9EF730EBE6C436Z0Z_R	100.000	25	0	1.18e-09	50.1
M03520:605:000000000-LVNKY:1:1108:11004:10462;size=5	RH.B9EF730EBE6C436Z0Z_F	100.000	25	0	1.18e-09	50.1
M03520:605:000000000-LVNKY:1:1108:11278:21177;size=5	RH.DDB83AFF97C94C6Z0Z_R	100.000	25	0	1.18e-09	50.1
M03520:605:000000000-LVNKY:1:1108:11278:21177;size=5	RH.8B25A056ABC1444Z0Z_F	100.000	22	0	7.27e-08	44.1
M03520:605:000000000-LVNKY:1:1108:11849:14538;size=5	RH.E04EE94198274F7Z0Z_F	96.000	25	1	2.87e-07	42.1
M03520:605:000000000-LVNKY:1:1108:11849:14538;size=5	RH.E04EE94198274F7Z0Z_R	95.833	24	1	1.13e-06	40.1
M03520:605:000000000-LVNKY:1:1108:11947:28536;size=5	RH.2091F326F74640CZ0Z_F	100.000	24	0	4.65e-09	48.1
M03520:605:000000000-LVNKY:1:1108:12732:2618;size=5	RH.CF953F27F5674E1Z0Z_F	100.000	26	0	2.98e-10	52.0
M03520:605:000000000-LVNKY:1:1108:12732:2618;size=5	RH.CF953F27F5674E1Z0Z_R	100.000	25	0	1.18e-09	50.1
M03520:605:000000000-LVNKY:1:1108:13054:15196;size=5	RH.2A8AD21024974C0Z0Z_F	100.000	26	0	2.98e-10	52.0
M03520:605:000000000-LVNKY:1:1108:13054:15196;size=5	RH.2A8AD21024974C0Z0Z_R	100.000	25	0	1.18e-09	50.1
M03520:605:000000000-LVNKY:1:1108:13193:24475;size=5	RH.2AFFFBA0E81C482Z0Z_R	100.000	23	0	1.84e-08	46.1
M03520:605:000000000-LVNKY:1:1108:13193:24475;size=5	RH.2AFFFBA0E81C482Z0Z_F	100.000	23	0	1.84e-08	46.1
M03520:605:000000000-LVNKY:1:1108:13785:27881;size=5	RH.0BD19D1A26A74EBZ0Z_F	100.000	25	0	1.18e-09	50.1
M03520:605:000000000-LVNKY:1:1108:13785:27881;size=5	RH.0BD19D1A26A74EBZ0Z_R	100.000	24	0	4.65e-09	48.1
M03520:605:000000000-LVNKY:1:1108:15522:12600;size=5	RH.0BD19D1A26A74EBZ0Z_F	100.000	25	0	1.18e-09	50.1
M03520:605:000000000-LVNKY:1:1108:15522:12600;size=5	RH.0BD19D1A26A74EBZ0Z_R	100.000	24	0	4.65e-09	48.1
M03520:605:000000000-LVNKY:1:1108:16047:10392;size=5	RH.27578A9A85FA4A3Z0Z_F	100.000	24	0	4.65e-09	48.1
M03520:605:000000000-LVNKY:1:1108:16047:10392;size=5	RH.27578A9A85FA4A3Z0Z_R	100.000	22	0	7.27e-08	44.1
M03520:605:000000000-LVNKY:1:1108:17589:5977;size=5	RH.2AFFFBA0E81C482Z0Z_R	100.000	23	0	1.84e-08	46.1
M03520:605:000000000-LVNKY:1:1108:17589:5977;size=5	RH.2AFFFBA0E81C482Z0Z_F	100.000	23	0	1.84e-08	46.1
M03520:605:000000000-LVNKY:1:1108:17739:9250;size=5	RH.51338FA06EDB4F0Z0Z_F	100.000	25	0	1.18e-09	50.1
M03520:605:000000000-LVNKY:1:1108:17739:9250;size=5	RH.51338FA06EDB4F0Z0Z_R	100.000	25	0	1.18e-09	50.1
M03520:605:000000000-LVNKY:1:1108:17931:6052;size=5	RH.DDB83AFF97C94C6Z0Z_R	100.000	25	0	1.18e-09	50.1
M03520:605:000000000-LVNKY:1:1108:17931:6052;size=5	RH.DDB83AFF97C94C6Z0Z_F	100.000	24	0	4.65e-09	48.1
M03520:605:000000000-LVNKY:1:1108:18337:11331;size=5	RH.8B25A056ABC1444Z0Z_R	100.000	24	0	4.65e-09	48.1
M03520:605:000000000-LVNKY:1:1108:18337:11331;size=5	RH.8B25A056ABC1444Z0Z_F	100.000	22	0	7.27e-08	44.1
M03520:605:000000000-LVNKY:1:1108:20954:15908;size=5	RH.DDB83AFF97C94C6Z0Z_R	100.000	25	0	1.18e-09	50.1
M03520:605:000000000-LVNKY:1:1108:20954:15908;size=5	RH.DDB83AFF97C94C6Z0Z_F	100.000	24	0	4.65e-09	48.1
M03520:605:000000000-LVNKY:1:1108:21018:25321;size=5	RH.2A8AD21024974C0Z0Z_R	100.000	25	0	1.18e-09	50.1
M03520:605:000000000-LVNKY:1:1108:21018:25321;size=5	RH.2A8AD21024974C0Z0Z_F	96.154	26	1	7.27e-08	44.1
M03520:605:000000000-LVNKY:1:1108:22452:18703;size=5	RH.CA1E204B0C0842DZ0Z_R	100.000	24	0	4.65e-09	48.1
M03520:605:000000000-LVNKY:1:1108:22452:18703;size=5	RH.CA1E204B0C0842DZ0Z_F	96.154	26	1	7.27e-08	44.1
M03520:605:000000000-LVNKY:1:1108:22565:10619;size=5	RH.E04EE94198274F7Z0Z_F	96.000	25	1	2.87e-07	42.1
M03520:605:000000000-LVNKY:1:1108:22565:10619;size=5	RH.E04EE94198274F7Z0Z_R	95.833	24	1	1.13e-06	40.1
M03520:605:000000000-LVNKY:1:1108:23212:7279;size=5	RH.0BD19D1A26A74EBZ0Z_F	100.000	25	0	1.18e-09	50.1
M03520:605:000000000-LVNKY:1:1108:23212:7279;size=5	RH.0BD19D1A26A74EBZ0Z_R	100.000	24	0	4.65e-09	48.1
M03520:605:000000000-LVNKY:1:1108:23326:10264;size=5	RH.7CE39E25906745AZ0Z_R	100.000	26	0	2.98e-10	52.0
M03520:605:000000000-LVNKY:1:1108:23326:10264;size=5	RH.7CE39E25906745AZ0Z_F	100.000	25	0	1.18e-09	50.1
M03520:605:000000000-LVNKY:1:1108:23369:16931;size=5	RH.0BD19D1A26A74EBZ0Z_F	100.000	25	0	1.18e-09	50.1
M03520:605:000000000-LVNKY:1:1108:23369:16931;size=5	RH.0BD19D1A26A74EBZ0Z_R	100.000	24	0	4.65e-09	48.1
M03520:605:000000000-LVNKY:1:1108:23937:14635;size=5	RH.2A8AD21024974C0Z0Z_F	100.000	26	0	2.98e-10	52.0
M03520:605:000000000-LVNKY:1:1108:24572:10590;size=5	RH.85A5303CAAF54ADZ0Z_R	100.000	22	0	7.27e-08	44.1
M03520:605:000000000-LVNKY:1:1108:24572:10590;size=5	RH.85A5303CAAF54ADZ0Z_F	100.000	21	0	2.87e-07	42.1
M03520:605:000000000-LVNKY:1:1108:2593:17579;size=5	RH.0BD19D1A26A74EBZ0Z_R	100.000	24	0	4.65e-09	48.1
M03520:605:000000000-LVNKY:1:1108:26097:9455;size=5	RH.2A8AD21024974C0Z0Z_F	100.000	26	0	2.98e-10	52.0
M03520:605:000000000-LVNKY:1:1108:26097:9455;size=5	RH.2A8AD21024974C0Z0Z_R	100.000	25	0	1.18e-09	50.1
M03520:605:000000000-LVNKY:1:1108:26261:18057;size=5	RH.6572108A164E48EZ0Z_R	100.000	25	0	1.18e-09	50.1
M03520:605:000000000-LVNKY:1:1108:26261:18057;size=5	RH.6572108A164E48EZ0Z_F	100.000	24	0	4.65e-09	48.1
M03520:605:000000000-LVNKY:1:1108:27303:12634;size=5	RH.7CE39E25906745AZ0Z_R	100.000	26	0	2.98e-10	52.0
M03520:605:000000000-LVNKY:1:1108:27303:12634;size=5	RH.7CE39E25906745AZ0Z_F	100.000	25	0	1.18e-09	50.1
M03520:605:000000000-LVNKY:1:1108:4311:17791;size=5	RH.E04EE94198274F7Z0Z_F	100.000	25	0	1.18e-09	50.1
M03520:605:000000000-LVNKY:1:1108:4311:17791;size=5	RH.E04EE94198274F7Z0Z_R	95.833	24	1	1.13e-06	40.1
M03520:605:000000000-LVNKY:1:1108:6243:6102;size=5	RH.7CE39E25906745AZ0Z_R	100.000	26	0	2.98e-10	52.0
M03520:605:000000000-LVNKY:1:1108:6243:6102;size=5	RH.7CE39E25906745AZ0Z_F	96.000	25	1	2.87e-07	42.1
M03520:605:000000000-LVNKY:1:1108:8010:5679;size=5	RH.85A5303CAAF54ADZ0Z_R	100.000	22	0	7.27e-08	44.1
M03520:605:000000000-LVNKY:1:1108:8010:5679;size=5	RH.85A5303CAAF54ADZ0Z_F	100.000	21	0	2.87e-07	42.1
M03520:605:000000000-LVNKY:1:1108:8412:14759;size=5	RH.DDB83AFF97C94C6Z0Z_R	100.000	25	0	1.18e-09	50.1
M03520:605:000000000-LVNKY:1:1108:8412:14759;size=5	RH.DDB83AFF97C94C6Z0Z_F	100.000	24	0	4.65e-09	48.1
M03520:605:000000000-LVNKY:1:1108:9760:4928;size=5	RH.DDB83AFF97C94C6Z0Z_R	100.000	25	0	1.18e-09	50.1
M03520:605:000000000-LVNKY:1:1108:9760:4928;size=5	RH.DDB83AFF97C94C6Z0Z_F	100.000	24	0	4.65e-09	48.1
M03520:605:000000000-LVNKY:1:1108:9996:26517;size=5	RH.2AFFFBA0E81C482Z0Z_R	100.000	23	0	1.84e-08	46.1
M03520:605:000000000-LVNKY:1:1108:9996:26517;size=5	RH.2AFFFBA0E81C482Z0Z_F	100.000	23	0	1.84e-08	46.1
M03520:605:000000000-LVNKY:1:1109:10912:12561;size=5	RH.6572108A164E48EZ0Z_R	100.000	25	0	1.18e-09	50.1
M03520:605:000000000-LVNKY:1:1109:10912:12561;size=5	RH.6572108A164E48EZ0Z_F	100.000	21	0	2.87e-07	42.1
M03520:605:000000000-LVNKY:1:1109:11958:2985;size=5	RH.7CE39E25906745AZ0Z_R	100.000	26	0	2.98e-10	52.0
M03520:605:000000000-LVNKY:1:1109:11958:2985;size=5	RH.7CE39E25906745AZ0Z_F	100.000	25	0	1.18e-09	50.1
M03520:605:000000000-LVNKY:1:1109:12045:16878;size=5	RH.6572108A164E48EZ0Z_R	100.000	25	0	1.18e-09	50.1
M03520:605:000000000-LVNKY:1:1109:12045:16878;size=5	RH.6572108A164E48EZ0Z_F	95.833	24	1	1.13e-06	40.1
M03520:605:000000000-LVNKY:1:1109:12128:13694;size=5	RH.2091F326F74640CZ0Z_F	100.000	24	0	4.65e-09	48.1
M03520:605:000000000-LVNKY:1:1109:12128:13694;size=5	RH.2091F326F74640CZ0Z_R	100.000	22	0	7.27e-08	44.1
M03520:605:000000000-LVNKY:1:1109:12311:21124;size=5	RH.2A8AD21024974C0Z0Z_F	100.000	26	0	2.98e-10	52.0
M03520:605:000000000-LVNKY:1:1109:12311:21124;size=5	RH.2A8AD21024974C0Z0Z_R	100.000	25	0	1.18e-09	50.1
M03520:605:000000000-LVNKY:1:1109:14576:15194;size=5	RH.7CE39E25906745AZ0Z_R	100.000	26	0	2.98e-10	52.0
M03520:605:000000000-LVNKY:1:1109:14576:15194;size=5	RH.7CE39E25906745AZ0Z_F	100.000	25	0	1.18e-09	50.1
M03520:605:000000000-LVNKY:1:1109:16098:27461;size=5	RH.8B25A056ABC1444Z0Z_R	100.000	24	0	4.65e-09	48.1
M03520:605:000000000-LVNKY:1:1109:16098:27461;size=5	RH.8B25A056ABC1444Z0Z_F	100.000	22	0	7.27e-08	44.1
M03520:605:000000000-LVNKY:1:1109:16770:3252;size=5	RH.8B25A056ABC1444Z0Z_R	100.000	24	0	4.65e-09	48.1
M03520:605:000000000-LVNKY:1:1109:16770:3252;size=5	RH.8B25A056ABC1444Z0Z_F	100.000	22	0	7.27e-08	44.1
M03520:605:000000000-LVNKY:1:1109:17373:13779;size=5	RH.2A8AD21024974C0Z0Z_F	100.000	26	0	2.98e-10	52.0
M03520:605:000000000-LVNKY:1:1109:17373:13779;size=5	RH.2A8AD21024974C0Z0Z_R	96.000	25	1	2.87e-07	42.1
M03520:605:000000000-LVNKY:1:1109:17606:26660;size=5	RH.27578A9A85FA4A3Z0Z_F	100.000	24	0	4.65e-09	48.1
M03520:605:000000000-LVNKY:1:1109:17606:26660;size=5	RH.27578A9A85FA4A3Z0Z_R	100.000	22	0	7.27e-08	44.1
M03520:605:000000000-LVNKY:1:1109:17978:25398;size=5	RH.CA1E204B0C0842DZ0Z_F	100.000	26	0	2.98e-10	52.0
M03520:605:000000000-LVNKY:1:1109:17978:25398;size=5	RH.E04EE94198274F7Z0Z_F	100.000	25	0	1.18e-09	50.1
M03520:605:000000000-LVNKY:1:1109:17978:25398;size=5	RH.CA1E204B0C0842DZ0Z_R	100.000	24	0	4.65e-09	48.1
M03520:605:000000000-LVNKY:1:1109:18905:4149;size=5	RH.0096A141894D447Z0Z_F	100.000	24	0	4.65e-09	48.1
M03520:605:000000000-LVNKY:1:1109:18905:4149;size=5	RH.0096A141894D447Z0Z_R	100.000	21	0	2.87e-07	42.1
M03520:605:000000000-LVNKY:1:1109:19351:22166;size=5	RH.B9EF730EBE6C436Z0Z_F	100.000	25	0	1.18e-09	50.1
M03520:605:000000000-LVNKY:1:1109:19351:22166;size=5	RH.B9EF730EBE6C436Z0Z_R	100.000	24	0	4.65e-09	48.1
M03520:605:000000000-LVNKY:1:1109:21067:9387;size=5	RH.DDB83AFF97C94C6Z0Z_R	100.000	25	0	1.18e-09	50.1
M03520:605:000000000-LVNKY:1:1109:21067:9387;size=5	RH.DDB83AFF97C94C6Z0Z_F	100.000	24	0	4.65e-09	48.1
M03520:605:000000000-LVNKY:1:1109:21465:11514;size=5	RH.E04EE94198274F7Z0Z_F	100.000	25	0	1.18e-09	50.1
M03520:605:000000000-LVNKY:1:1109:21465:11514;size=5	RH.E04EE94198274F7Z0Z_R	95.833	24	1	1.13e-06	40.1
M03520:605:000000000-LVNKY:1:1109:23674:6337;size=5	RH.85A5303CAAF54ADZ0Z_R	100.000	22	0	7.27e-08	44.1
M03520:605:000000000-LVNKY:1:1109:23674:6337;size=5	RH.85A5303CAAF54ADZ0Z_F	100.000	21	0	2.87e-07	42.1
M03520:605:000000000-LVNKY:1:1109:24427:7364;size=5	RH.0096A141894D447Z0Z_F	100.000	24	0	4.65e-09	48.1
M03520:605:000000000-LVNKY:1:1109:24427:7364;size=5	RH.0096A141894D447Z0Z_R	100.000	21	0	2.87e-07	42.1
M03520:605:000000000-LVNKY:1:1109:24498:14534;size=5	RH.27578A9A85FA4A3Z0Z_F	100.000	24	0	4.65e-09	48.1
M03520:605:000000000-LVNKY:1:1109:24498:14534;size=5	RH.27578A9A85FA4A3Z0Z_R	100.000	22	0	7.27e-08	44.1
M03520:605:000000000-LVNKY:1:1109:28567:17015;size=5	RH.7CE39E25906745AZ0Z_R	100.000	26	0	2.98e-10	52.0
M03520:605:000000000-LVNKY:1:1109:28567:17015;size=5	RH.7CE39E25906745AZ0Z_F	100.000	25	0	1.18e-09	50.1
M03520:605:000000000-LVNKY:1:1109:5226:12287;size=5	RH.27578A9A85FA4A3Z0Z_F	100.000	24	0	4.65e-09	48.1
M03520:605:000000000-LVNKY:1:1109:5226:12287;size=5	RH.27578A9A85FA4A3Z0Z_R	100.000	19	0	4.48e-06	38.2
M03520:605:000000000-LVNKY:1:1109:6425:19604;size=5	RH.DDB83AFF97C94C6Z0Z_R	100.000	25	0	1.18e-09	50.1
M03520:605:000000000-LVNKY:1:1109:6425:19604;size=5	RH.DDB83AFF97C94C6Z0Z_F	100.000	24	0	4.65e-09	48.1
M03520:605:000000000-LVNKY:1:1109:6997:16212;size=5	RH.DDB83AFF97C94C6Z0Z_R	100.000	25	0	1.18e-09	50.1
M03520:605:000000000-LVNKY:1:1109:6997:16212;size=5	RH.DDB83AFF97C94C6Z0Z_F	100.000	24	0	4.65e-09	48.1
M03520:605:000000000-LVNKY:1:1109:7517:8640;size=5	RH.2A8AD21024974C0Z0Z_F	100.000	26	0	2.98e-10	52.0
M03520:605:000000000-LVNKY:1:1109:7517:8640;size=5	RH.2A8AD21024974C0Z0Z_R	100.000	25	0	1.18e-09	50.1
M03520:605:000000000-LVNKY:1:1110:12541:10045;size=5	RH.DDB83AFF97C94C6Z0Z_R	100.000	25	0	1.18e-09	50.1
M03520:605:000000000-LVNKY:1:1110:12541:10045;size=5	RH.DDB83AFF97C94C6Z0Z_F	100.000	24	0	4.65e-09	48.1
M03520:605:000000000-LVNKY:1:1110:14283:19408;size=5	RH.51338FA06EDB4F0Z0Z_R	100.000	25	0	1.18e-09	50.1
M03520:605:000000000-LVNKY:1:1110:14283:19408;size=5	RH.51338FA06EDB4F0Z0Z_F	96.000	25	1	2.87e-07	42.1
M03520:605:000000000-LVNKY:1:1110:14696:1560;size=5	RH.2091F326F74640CZ0Z_F	100.000	24	0	4.65e-09	48.1
M03520:605:000000000-LVNKY:1:1110:14696:1560;size=5	RH.2091F326F74640CZ0Z_R	100.000	22	0	7.27e-08	44.1
M03520:605:000000000-LVNKY:1:1110:15604:10077;size=5	RH.DDB83AFF97C94C6Z0Z_R	100.000	25	0	1.18e-09	50.1
M03520:605:000000000-LVNKY:1:1110:15604:10077;size=5	RH.DDB83AFF97C94C6Z0Z_F	100.000	24	0	4.65e-09	48.1
M03520:605:000000000-LVNKY:1:1110:18124:13973;size=5	RH.DDB83AFF97C94C6Z0Z_F	100.000	24	0	4.65e-09	48.1
M03520:605:000000000-LVNKY:1:1110:18124:13973;size=5	RH.DDB83AFF97C94C6Z0Z_R	96.000	25	1	2.87e-07	42.1
M03520:605:000000000-LVNKY:1:1110:18306:24117;size=5	RH.7CE39E25906745AZ0Z_R	100.000	26	0	2.98e-10	52.0
M03520:605:000000000-LVNKY:1:1110:18306:24117;size=5	RH.7CE39E25906745AZ0Z_F	100.000	23	0	1.84e-08	46.1
M03520:605:000000000-LVNKY:1:1110:18704:21531;size=5	RH.51338FA06EDB4F0Z0Z_R	100.000	25	0	1.18e-09	50.1
M03520:605:000000000-LVNKY:1:1110:18704:21531;size=5	RH.51338FA06EDB4F0Z0Z_F	100.000	25	0	1.18e-09	50.1
M03520:605:000000000-LVNKY:1:1110:19691:3708;size=5	RH.E04EE94198274F7Z0Z_F	100.000	25	0	1.18e-09	50.1
M03520:605:000000000-LVNKY:1:1110:19691:3708;size=5	RH.E04EE94198274F7Z0Z_R	95.833	24	1	1.13e-06	40.1
M03520:605:000000000-LVNKY:1:1110:20771:10412;size=5	RH.0BD19D1A26A74EBZ0Z_F	100.000	25	0	1.18e-09	50.1
M03520:605:000000000-LVNKY:1:1110:20771:10412;size=5	RH.0BD19D1A26A74EBZ0Z_R	100.000	24	0	4.65e-09	48.1
M03520:605:000000000-LVNKY:1:1110:23404:19965;size=5	RH.0096A141894D447Z0Z_R	100.000	22	0	7.27e-08	44.1
M03520:605:000000000-LVNKY:1:1110:23900:12930;size=5	RH.69CEA0AC39F4445Z0Z_F	100.000	24	0	4.65e-09	48.1
M03520:605:000000000-LVNKY:1:1110:23900:12930;size=5	RH.69CEA0AC39F4445Z0Z_R	100.000	23	0	1.84e-08	46.1
M03520:605:000000000-LVNKY:1:1110:25616:8862;size=5	RH.E04EE94198274F7Z0Z_F	100.000	25	0	1.18e-09	50.1
M03520:605:000000000-LVNKY:1:1110:25616:8862;size=5	RH.E04EE94198274F7Z0Z_R	100.000	24	0	4.65e-09	48.1
M03520:605:000000000-LVNKY:1:1110:25991:17075;size=5	RH.0096A141894D447Z0Z_F	100.000	24	0	4.65e-09	48.1
M03520:605:000000000-LVNKY:1:1110:25991:17075;size=5	RH.0096A141894D447Z0Z_R	100.000	21	0	2.87e-07	42.1
M03520:605:000000000-LVNKY:1:1110:27066:22773;size=5	RH.2AFFFBA0E81C482Z0Z_R	100.000	23	0	1.84e-08	46.1
M03520:605:000000000-LVNKY:1:1110:27066:22773;size=5	RH.2AFFFBA0E81C482Z0Z_F	100.000	23	0	1.84e-08	46.1
M03520:605:000000000-LVNKY:1:1110:2744:15163;size=5	RH.E04EE94198274F7Z0Z_F	100.000	25	0	1.18e-09	50.1
M03520:605:000000000-LVNKY:1:1110:27553:19529;size=5	RH.8B25A056ABC1444Z0Z_F	100.000	22	0	7.27e-08	44.1
M03520:605:000000000-LVNKY:1:1110:27553:19529;size=5	RH.8B25A056ABC1444Z0Z_R	95.833	24	1	1.13e-06	40.1
M03520:605:000000000-LVNKY:1:1110:4726:15560;size=5	RH.7CE39E25906745AZ0Z_R	100.000	26	0	2.98e-10	52.0
M03520:605:000000000-LVNKY:1:1110:4726:15560;size=5	RH.7CE39E25906745AZ0Z_F	100.000	25	0	1.18e-09	50.1
M03520:605:000000000-LVNKY:1:1110:6916:19611;size=5	RH.B9EF730EBE6C436Z0Z_R	100.000	25	0	1.18e-09	50.1
M03520:605:000000000-LVNKY:1:1110:6916:19611;size=5	RH.B9EF730EBE6C436Z0Z_F	100.000	25	0	1.18e-09	50.1
M03520:605:000000000-LVNKY:1:1110:7952:14099;size=5	RH.E04EE94198274F7Z0Z_F	100.000	24	0	4.65e-09	48.1
M03520:605:000000000-LVNKY:1:1110:7952:14099;size=5	RH.E04EE94198274F7Z0Z_R	95.833	24	1	1.13e-06	40.1
M03520:605:000000000-LVNKY:1:1110:8404:22278;size=5	RH.0BD19D1A26A74EBZ0Z_F	100.000	25	0	1.18e-09	50.1
M03520:605:000000000-LVNKY:1:1110:8404:22278;size=5	RH.0BD19D1A26A74EBZ0Z_R	100.000	24	0	4.65e-09	48.1
M03520:605:000000000-LVNKY:1:1111:11564:16455;size=5	RH.B9EF730EBE6C436Z0Z_R	100.000	25	0	1.18e-09	50.1
M03520:605:000000000-LVNKY:1:1111:11564:16455;size=5	RH.B9EF730EBE6C436Z0Z_F	100.000	25	0	1.18e-09	50.1
M03520:605:000000000-LVNKY:1:1111:12985:10694;size=5	RH.CA1E204B0C0842DZ0Z_R	100.000	24	0	4.65e-09	48.1
M03520:605:000000000-LVNKY:1:1111:12985:10694;size=5	RH.CA1E204B0C0842DZ0Z_F	100.000	23	0	1.84e-08	46.1
M03520:605:000000000-LVNKY:1:1111:16281:6374;size=5	RH.E04EE94198274F7Z0Z_F	100.000	25	0	1.18e-09	50.1
M03520:605:000000000-LVNKY:1:1111:16281:6374;size=5	RH.E04EE94198274F7Z0Z_R	95.833	24	1	1.13e-06	40.1
M03520:605:000000000-LVNKY:1:1111:16795:17428;size=5	RH.6572108A164E48EZ0Z_F	100.000	24	0	4.65e-09	48.1
M03520:605:000000000-LVNKY:1:1111:19587:12751;size=5	RH.DDB83AFF97C94C6Z0Z_F	100.000	24	0	4.65e-09	48.1
M03520:605:000000000-LVNKY:1:1111:19587:12751;size=5	RH.DDB83AFF97C94C6Z0Z_R	96.000	25	1	2.87e-07	42.1
M03520:605:000000000-LVNKY:1:1111:19805:15627;size=5	RH.DDB83AFF97C94C6Z0Z_R	100.000	25	0	1.18e-09	50.1
M03520:605:000000000-LVNKY:1:1111:19805:15627;size=5	RH.DDB83AFF97C94C6Z0Z_F	100.000	24	0	4.65e-09	48.1
M03520:605:000000000-LVNKY:1:1111:20972:13461;size=5	RH.E04EE94198274F7Z0Z_F	100.000	25	0	1.18e-09	50.1
M03520:605:000000000-LVNKY:1:1111:20972:13461;size=5	RH.E04EE94198274F7Z0Z_R	95.833	24	1	1.13e-06	40.1
M03520:605:000000000-LVNKY:1:1111:21376:20557;size=5	RH.69CEA0AC39F4445Z0Z_F	100.000	24	0	4.65e-09	48.1
M03520:605:000000000-LVNKY:1:1111:21376:20557;size=5	RH.69CEA0AC39F4445Z0Z_R	100.000	23	0	1.84e-08	46.1
M03520:605:000000000-LVNKY:1:1111:21975:15079;size=5	RH.DDB83AFF97C94C6Z0Z_R	100.000	25	0	1.18e-09	50.1
M03520:605:000000000-LVNKY:1:1111:21975:15079;size=5	RH.DDB83AFF97C94C6Z0Z_F	100.000	21	0	2.87e-07	42.1
M03520:605:000000000-LVNKY:1:1111:5222:10985;size=5	RH.69CEA0AC39F4445Z0Z_F	100.000	24	0	4.65e-09	48.1
M03520:605:000000000-LVNKY:1:1111:5222:10985;size=5	RH.69CEA0AC39F4445Z0Z_R	100.000	23	0	1.84e-08	46.1
M03520:605:000000000-LVNKY:1:1111:9449:11987;size=5	RH.0550AF0F57084ADZ0Z_F	100.000	24	0	4.65e-09	48.1
M03520:605:000000000-LVNKY:1:1111:9449:11987;size=5	RH.0550AF0F57084ADZ0Z_R	100.000	20	0	1.13e-06	40.1
M03520:605:000000000-LVNKY:1:1111:9721:8238;size=5	RH.27578A9A85FA4A3Z0Z_R	100.000	22	0	7.27e-08	44.1
M03520:605:000000000-LVNKY:1:1111:9721:8238;size=5	RH.27578A9A85FA4A3Z0Z_F	95.833	24	1	1.13e-06	40.1
M03520:605:000000000-LVNKY:1:1112:10076:17695;size=5	RH.E04EE94198274F7Z0Z_F	100.000	25	0	1.18e-09	50.1
M03520:605:000000000-LVNKY:1:1112:15759:22192;size=5	RH.51338FA06EDB4F0Z0Z_F	100.000	25	0	1.18e-09	50.1
M03520:605:000000000-LVNKY:1:1112:15759:22192;size=5	RH.51338FA06EDB4F0Z0Z_R	100.000	25	0	1.18e-09	50.1
M03520:605:000000000-LVNKY:1:1112:16821:10320;size=5	RH.2AFFFBA0E81C482Z0Z_F	100.000	23	0	1.84e-08	46.1
M03520:605:000000000-LVNKY:1:1112:16821:10320;size=5	RH.2AFFFBA0E81C482Z0Z_R	100.000	21	0	2.87e-07	42.1
M03520:605:000000000-LVNKY:1:1112:16853:17840;size=5	RH.85A5303CAAF54ADZ0Z_F	100.000	21	0	2.87e-07	42.1
M03520:605:000000000-LVNKY:1:1112:17208:3031;size=5	RH.0096A141894D447Z0Z_R	100.000	22	0	7.27e-08	44.1
M03520:605:000000000-LVNKY:1:1112:17208:3031;size=5	RH.0096A141894D447Z0Z_F	100.000	22	0	7.27e-08	44.1
M03520:605:000000000-LVNKY:1:1112:1915:17153;size=5	RH.2AFFFBA0E81C482Z0Z_F	100.000	23	0	1.84e-08	46.1
M03520:605:000000000-LVNKY:1:1112:1915:17153;size=5	RH.2AFFFBA0E81C482Z0Z_R	95.652	23	1	4.48e-06	38.2
M03520:605:000000000-LVNKY:1:1112:20306:13403;size=5	RH.0096A141894D447Z0Z_F	100.000	24	0	4.65e-09	48.1
M03520:605:000000000-LVNKY:1:1112:20306:13403;size=5	RH.0096A141894D447Z0Z_R	100.000	21	0	2.87e-07	42.1
M03520:605:000000000-LVNKY:1:1112:21655:3898;size=5	RH.51338FA06EDB4F0Z0Z_F	100.000	25	0	1.18e-09	50.1
M03520:605:000000000-LVNKY:1:1112:21655:3898;size=5	RH.51338FA06EDB4F0Z0Z_R	100.000	25	0	1.18e-09	50.1
M03520:605:000000000-LVNKY:1:1112:24602:14358;size=5	RH.0096A141894D447Z0Z_R	100.000	21	0	2.87e-07	42.1
M03520:605:000000000-LVNKY:1:1112:24602:14358;size=5	RH.0096A141894D447Z0Z_F	95.833	24	1	1.13e-06	40.1
M03520:605:000000000-LVNKY:1:1112:26761:13674;size=5	RH.2A8AD21024974C0Z0Z_F	100.000	26	0	2.98e-10	52.0
M03520:605:000000000-LVNKY:1:1112:29467:16644;size=5	RH.DE543226C201437Z0Z_R	100.000	20	0	1.13e-06	40.1
M03520:605:000000000-LVNKY:1:1112:29467:16644;size=5	RH.51338FA06EDB4F0Z0Z_R	95.652	23	1	4.48e-06	38.2
M03520:605:000000000-LVNKY:1:1112:2973:11862;size=5	RH.69CEA0AC39F4445Z0Z_F	100.000	24	0	4.65e-09	48.1
M03520:605:000000000-LVNKY:1:1112:2973:11862;size=5	RH.69CEA0AC39F4445Z0Z_R	100.000	23	0	1.84e-08	46.1
M03520:605:000000000-LVNKY:1:1112:5770:18937;size=5	RH.6572108A164E48EZ0Z_R	100.000	25	0	1.18e-09	50.1
M03520:605:000000000-LVNKY:1:1112:5770:18937;size=5	RH.F7E3D42951B44CCZ0Z_F	100.000	21	0	2.87e-07	42.1
M03520:605:000000000-LVNKY:1:1112:6640:24424;size=5	RH.B9EF730EBE6C436Z0Z_F	100.000	25	0	1.18e-09	50.1
M03520:605:000000000-LVNKY:1:1112:9620:11753;size=5	RH.0BD19D1A26A74EBZ0Z_F	100.000	25	0	1.18e-09	50.1
M03520:605:000000000-LVNKY:1:1112:9620:11753;size=5	RH.0BD19D1A26A74EBZ0Z_R	100.000	24	0	4.65e-09	48.1
M03520:605:000000000-LVNKY:1:1113:18742:21786;size=5	RH.DDB83AFF97C94C6Z0Z_R	100.000	24	0	4.65e-09	48.1
M03520:605:000000000-LVNKY:1:1113:18742:21786;size=5	RH.DDB83AFF97C94C6Z0Z_F	100.000	24	0	4.65e-09	48.1
M03520:605:000000000-LVNKY:1:1113:20079:15655;size=5	RH.7CE39E25906745AZ0Z_R	100.000	26	0	2.98e-10	52.0
M03520:605:000000000-LVNKY:1:1113:20079:15655;size=5	RH.7CE39E25906745AZ0Z_F	100.000	25	0	1.18e-09	50.1
M03520:605:000000000-LVNKY:1:1113:21304:23338;size=5	RH.DDB83AFF97C94C6Z0Z_R	100.000	25	0	1.18e-09	50.1
M03520:605:000000000-LVNKY:1:1113:21304:23338;size=5	RH.DDB83AFF97C94C6Z0Z_F	95.833	24	1	1.13e-06	40.1
M03520:605:000000000-LVNKY:1:1113:22343:22145;size=5	RH.2A8AD21024974C0Z0Z_R	100.000	25	0	1.18e-09	50.1
M03520:605:000000000-LVNKY:1:1113:22343:22145;size=5	RH.2A8AD21024974C0Z0Z_F	100.000	22	0	7.27e-08	44.1
M03520:605:000000000-LVNKY:1:1113:23243:13693;size=5	RH.0096A141894D447Z0Z_F	100.000	24	0	4.65e-09	48.1
M03520:605:000000000-LVNKY:1:1113:23243:13693;size=5	RH.0096A141894D447Z0Z_R	100.000	21	0	2.87e-07	42.1
M03520:605:000000000-LVNKY:1:1113:25418:15481;size=5	RH.E04EE94198274F7Z0Z_F	100.000	25	0	1.18e-09	50.1
M03520:605:000000000-LVNKY:1:1113:25418:15481;size=5	RH.E04EE94198274F7Z0Z_R	95.833	24	1	1.13e-06	40.1
M03520:605:000000000-LVNKY:1:1113:27179:16689;size=5	RH.85A5303CAAF54ADZ0Z_R	100.000	22	0	7.27e-08	44.1
M03520:605:000000000-LVNKY:1:1113:27179:16689;size=5	RH.85A5303CAAF54ADZ0Z_F	100.000	19	0	4.48e-06	38.2
M03520:605:000000000-LVNKY:1:1114:10724:6961;size=5	RH.CF953F27F5674E1Z0Z_F	100.000	26	0	2.98e-10	52.0
M03520:605:000000000-LVNKY:1:1114:10724:6961;size=5	RH.CF953F27F5674E1Z0Z_R	100.000	25	0	1.18e-09	50.1
M03520:605:000000000-LVNKY:1:1114:12047:2620;size=5	RH.B9EF730EBE6C436Z0Z_R	100.000	25	0	1.18e-09	50.1
M03520:605:000000000-LVNKY:1:1114:12047:2620;size=5	RH.B9EF730EBE6C436Z0Z_F	100.000	25	0	1.18e-09	50.1
M03520:605:000000000-LVNKY:1:1114:13827:2522;size=5	RH.DE543226C201437Z0Z_R	100.000	20	0	1.13e-06	40.1
M03520:605:000000000-LVNKY:1:1114:13827:2522;size=5	RH.51338FA06EDB4F0Z0Z_R	95.652	23	1	4.48e-06	38.2
M03520:605:000000000-LVNKY:1:1114:22570:15109;size=5	RH.0BD19D1A26A74EBZ0Z_F	100.000	25	0	1.18e-09	50.1
M03520:605:000000000-LVNKY:1:1114:22570:15109;size=5	RH.0BD19D1A26A74EBZ0Z_R	100.000	24	0	4.65e-09	48.1
M03520:605:000000000-LVNKY:1:1114:22588:25542;size=5	RH.7CE39E25906745AZ0Z_F	100.000	25	0	1.18e-09	50.1
M03520:605:000000000-LVNKY:1:1114:22588:25542;size=5	RH.7CE39E25906745AZ0Z_R	96.154	26	1	7.27e-08	44.1
M03520:605:000000000-LVNKY:1:1114:23785:26322;size=5	RH.0BD19D1A26A74EBZ0Z_F	100.000	25	0	1.18e-09	50.1
M03520:605:000000000-LVNKY:1:1114:23785:26322;size=5	RH.0BD19D1A26A74EBZ0Z_R	100.000	24	0	4.65e-09	48.1
M03520:605:000000000-LVNKY:1:1114:26815:17970;size=5	RH.0096A141894D447Z0Z_F	100.000	24	0	4.65e-09	48.1
M03520:605:000000000-LVNKY:1:1114:6862:11483;size=5	RH.8B25A056ABC1444Z0Z_F	100.000	22	0	7.27e-08	44.1
M03520:605:000000000-LVNKY:1:1114:6862:11483;size=5	RH.8B25A056ABC1444Z0Z_R	95.833	24	1	1.13e-06	40.1
M03520:605:000000000-LVNKY:1:1114:7711:25759;size=5	RH.51338FA06EDB4F0Z0Z_F	100.000	25	0	1.18e-09	50.1
M03520:605:000000000-LVNKY:1:1114:7711:25759;size=5	RH.51338FA06EDB4F0Z0Z_R	100.000	25	0	1.18e-09	50.1
M03520:605:000000000-LVNKY:1:1114:9512:5248;size=5	RH.2A8AD21024974C0Z0Z_R	100.000	25	0	1.18e-09	50.1
M03520:605:000000000-LVNKY:1:1114:9512:5248;size=5	RH.2A8AD21024974C0Z0Z_F	100.000	25	0	1.18e-09	50.1
M03520:605:000000000-LVNKY:1:2101:10087:2737;size=5	RH.DDB83AFF97C94C6Z0Z_R	100.000	25	0	1.18e-09	50.1
M03520:605:000000000-LVNKY:1:2101:10087:2737;size=5	RH.DDB83AFF97C94C6Z0Z_F	100.000	24	0	4.65e-09	48.1
M03520:605:000000000-LVNKY:1:2101:13889:1908;size=5	RH.2A8AD21024974C0Z0Z_F	100.000	26	0	2.98e-10	52.0
M03520:605:000000000-LVNKY:1:2101:13889:1908;size=5	RH.2A8AD21024974C0Z0Z_R	100.000	25	0	1.18e-09	50.1
M03520:605:000000000-LVNKY:1:2101:14418:3703;size=5	RH.6572108A164E48EZ0Z_R	100.000	25	0	1.18e-09	50.1
M03520:605:000000000-LVNKY:1:2101:14418:3703;size=5	RH.6572108A164E48EZ0Z_F	95.833	24	1	1.13e-06	40.1
M03520:605:000000000-LVNKY:1:2101:17937:14555;size=5	RH.DDB83AFF97C94C6Z0Z_R	100.000	25	0	1.18e-09	50.1
M03520:605:000000000-LVNKY:1:2101:17937:14555;size=5	RH.DDB83AFF97C94C6Z0Z_F	100.000	24	0	4.65e-09	48.1
M03520:605:000000000-LVNKY:1:2101:24058:23380;size=5	RH.DDB83AFF97C94C6Z0Z_R	100.000	25	0	1.18e-09	50.1
M03520:605:000000000-LVNKY:1:2101:24058:23380;size=5	RH.DDB83AFF97C94C6Z0Z_F	100.000	24	0	4.65e-09	48.1
M03520:605:000000000-LVNKY:1:2101:26304:19969;size=5	RH.0BD19D1A26A74EBZ0Z_F	100.000	25	0	1.18e-09	50.1
M03520:605:000000000-LVNKY:1:2101:26304:19969;size=5	RH.0BD19D1A26A74EBZ0Z_R	100.000	24	0	4.65e-09	48.1
M03520:605:000000000-LVNKY:1:2102:12105:6943;size=5	RH.DDB83AFF97C94C6Z0Z_R	100.000	25	0	1.18e-09	50.1
M03520:605:000000000-LVNKY:1:2102:12105:6943;size=5	RH.DDB83AFF97C94C6Z0Z_F	100.000	24	0	4.65e-09	48.1
M03520:605:000000000-LVNKY:1:2102:12371:16429;size=5	RH.CA1E204B0C0842DZ0Z_F	100.000	26	0	2.98e-10	52.0
M03520:605:000000000-LVNKY:1:2102:12371:16429;size=5	RH.CA1E204B0C0842DZ0Z_R	100.000	24	0	4.65e-09	48.1
M03520:605:000000000-LVNKY:1:2103:27195:23081;size=5	RH.0096A141894D447Z0Z_F	100.000	24	0	4.65e-09	48.1
M03520:605:000000000-LVNKY:1:2103:27195:23081;size=5	RH.0096A141894D447Z0Z_R	100.000	21	0	2.87e-07	42.1
M03520:605:000000000-LVNKY:1:2103:5379:8936;size=5	RH.185D4E36BBF74FEZ0Z_F	100.000	27	0	7.54e-11	54.0
M03520:605:000000000-LVNKY:1:2103:5379:8936;size=5	RH.185D4E36BBF74FEZ0Z_R	100.000	26	0	2.98e-10	52.0
M03520:605:000000000-LVNKY:1:2104:13288:22880;size=5	RH.CF953F27F5674E1Z0Z_R	100.000	25	0	1.18e-09	50.1
M03520:605:000000000-LVNKY:1:2104:13288:22880;size=5	RH.CF953F27F5674E1Z0Z_F	96.154	26	1	7.27e-08	44.1
M03520:605:000000000-LVNKY:1:2104:17420:18359;size=5	RH.2AFFFBA0E81C482Z0Z_R	100.000	23	0	1.84e-08	46.1
M03520:605:000000000-LVNKY:1:2104:17420:18359;size=5	RH.2AFFFBA0E81C482Z0Z_F	100.000	22	0	7.27e-08	44.1
M03520:605:000000000-LVNKY:1:2104:24689:18848;size=5	RH.B9EF730EBE6C436Z0Z_R	100.000	25	0	1.18e-09	50.1
M03520:605:000000000-LVNKY:1:2104:24689:18848;size=5	RH.B9EF730EBE6C436Z0Z_F	100.000	25	0	1.18e-09	50.1
M03520:605:000000000-LVNKY:1:2104:26027:15046;size=5	RH.E04EE94198274F7Z0Z_F	100.000	25	0	1.18e-09	50.1
M03520:605:000000000-LVNKY:1:2104:26027:15046;size=5	RH.E04EE94198274F7Z0Z_R	95.833	24	1	1.13e-06	40.1
M03520:605:000000000-LVNKY:1:2105:14264:16117;size=5	RH.2AFFFBA0E81C482Z0Z_R	100.000	23	0	1.84e-08	46.1
M03520:605:000000000-LVNKY:1:2105:14264:16117;size=5	RH.2AFFFBA0E81C482Z0Z_F	100.000	23	0	1.84e-08	46.1
M03520:605:000000000-LVNKY:1:2106:7338:23782;size=5	RH.B9EF730EBE6C436Z0Z_R	100.000	25	0	1.18e-09	50.1
M03520:605:000000000-LVNKY:1:2106:7338:23782;size=5	RH.B9EF730EBE6C436Z0Z_F	100.000	25	0	1.18e-09	50.1
M03520:605:000000000-LVNKY:1:2109:10087:5422;size=5	RH.0096A141894D447Z0Z_F	100.000	24	0	4.65e-09	48.1
M03520:605:000000000-LVNKY:1:2109:10087:5422;size=5	RH.0096A141894D447Z0Z_R	100.000	21	0	2.87e-07	42.1
